cell_id,lat,lng,south,west,north,east,emirate,name,name_source,adults,adults_worker,women_worldpop
r1c229,26.03917,56.08833,26.02917,56.07833,26.04917,56.09833,Ras Al Khaimah,Al Jeer,osm_place,2662,0,894
r1c230,26.03917,56.10833,26.02917,56.09833,26.04917,56.11833,Ras Al Khaimah,Qaf'a,osm_place,3650,0,1226
r1c231,26.03917,56.12833,26.02917,56.11833,26.04917,56.13833,Ras Al Khaimah,Ghubbat Khawrah,osm_place,1515,0,509
r1c232,26.03917,56.14833,26.02917,56.13833,26.04917,56.15833,Ras Al Khaimah,Ghubbat Khawrah,osm_place,505,0,170
r2c229,26.01917,56.08833,26.00917,56.07833,26.02917,56.09833,Ras Al Khaimah,Sha'am,osm_place,4209,164,1413
r2c230,26.01917,56.10833,26.00917,56.09833,26.02917,56.11833,Ras Al Khaimah,Rumayla,osm_place,1152,0,387
r2c231,26.01917,56.12833,26.00917,56.11833,26.02917,56.13833,Ras Al Khaimah,Ḩārat ‘Awālī,osm_place,1236,0,415
r3c228,25.99917,56.06833,25.98917,56.05833,26.00917,56.07833,Ras Al Khaimah,Ghalilah,osm_place,1059,0,356
r3c229,25.99917,56.08833,25.98917,56.07833,26.00917,56.09833,Ras Al Khaimah,Ghalilah,osm_admin_8,2014,0,676
r4c227,25.97917,56.04833,25.96917,56.03833,25.98917,56.05833,Ras Al Khaimah,Khor Khwair,osm_place,993,780,333
r4c228,25.97917,56.06833,25.96917,56.05833,25.98917,56.07833,Ras Al Khaimah,Ghalilah,osm_admin_8,5073,3282,1703
r4c229,25.97917,56.08833,25.96917,56.07833,25.98917,56.09833,Ras Al Khaimah,Ghalilah,osm_admin_8,1857,0,623
r4c230,25.97917,56.10833,25.96917,56.09833,25.98917,56.11833,Ras Al Khaimah,Wasideh,osm_place,726,0,244
r4c231,25.97917,56.12833,25.96917,56.11833,25.98917,56.13833,Ras Al Khaimah,Wasideh,osm_place,888,0,298
r5c227,25.95917,56.04833,25.94917,56.03833,25.96917,56.05833,Ras Al Khaimah,Ghalilah,osm_admin_8,1824,399,612
r5c228,25.95917,56.06833,25.94917,56.05833,25.96917,56.07833,Ras Al Khaimah,Ghalilah,osm_admin_8,4623,2256,1552
r5c230,25.95917,56.10833,25.94917,56.09833,25.96917,56.11833,Ras Al Khaimah,Halhal,osm_place,728,0,245
r6c227,25.93917,56.04833,25.92917,56.03833,25.94917,56.05833,Ras Al Khaimah,Ghalilah,osm_admin_8,1532,440,514
r6c228,25.93917,56.06833,25.92917,56.05833,25.94917,56.07833,Ras Al Khaimah,Ghalilah,osm_admin_8,2361,247,793
r7c227,25.91917,56.04833,25.90917,56.03833,25.92917,56.05833,Ras Al Khaimah,Ghalilah,osm_admin_8,1233,0,414
r7c228,25.91917,56.06833,25.90917,56.05833,25.92917,56.07833,Ras Al Khaimah,Ghalilah,osm_admin_8,1291,0,433
r8c227,25.89917,56.04833,25.88917,56.03833,25.90917,56.05833,Ras Al Khaimah,Dhaya,osm_place,1745,0,586
r8c228,25.89917,56.06833,25.88917,56.05833,25.90917,56.07833,Ras Al Khaimah,Kabdah,osm_place,1650,0,554
r9c225,25.87917,56.00833,25.86917,55.99833,25.88917,56.01833,Ras Al Khaimah,Rams,osm_place,2603,0,874
r9c226,25.87917,56.02833,25.86917,56.01833,25.88917,56.03833,Ras Al Khaimah,Rams,osm_place,5322,4,1787
r9c227,25.87917,56.04833,25.86917,56.03833,25.88917,56.05833,Ras Al Khaimah,Dhaya,osm_place,5208,0,1749
r9c228,25.87917,56.06833,25.86917,56.05833,25.88917,56.07833,Ras Al Khaimah,Dhaya,osm_place,531,0,178
r10c225,25.85917,56.00833,25.84917,55.99833,25.86917,56.01833,Ras Al Khaimah,Shabiat Rashed,osm_place,4853,0,1629
r10c226,25.85917,56.02833,25.84917,56.01833,25.86917,56.03833,Ras Al Khaimah,Rams,osm_place,2149,188,721
r11c224,25.83917,55.98833,25.82917,55.97833,25.84917,55.99833,Ras Al Khaimah,Al Mataf,osm_admin_8,2975,0,999
r11c225,25.83917,56.00833,25.82917,55.99833,25.84917,56.01833,Ras Al Khaimah,Shabiat Rashed,osm_admin_8,6962,0,2337
r11c226,25.83917,56.02833,25.82917,56.01833,25.84917,56.03833,Ras Al Khaimah,Shabiat Rashed,osm_place,1477,150,496
r12c223,25.81917,55.96833,25.80917,55.95833,25.82917,55.97833,Ras Al Khaimah,Al Mairid,osm_admin_8,3588,7,1205
r12c224,25.81917,55.98833,25.80917,55.97833,25.82917,55.99833,Ras Al Khaimah,Al Joulan,osm_admin_8,6446,0,2164
r12c225,25.81917,56.00833,25.80917,55.99833,25.82917,56.01833,Ras Al Khaimah,Shimal,osm_admin_8,5131,0,1723
r12c226,25.81917,56.02833,25.80917,56.01833,25.82917,56.03833,Ras Al Khaimah,Shimal,osm_admin_8,3504,0,1176
r12c227,25.81917,56.04833,25.80917,56.03833,25.82917,56.05833,Ras Al Khaimah,Shimal,osm_place,841,0,282
r12c228,25.81917,56.06833,25.80917,56.05833,25.82917,56.07833,Ras Al Khaimah,Ras Al Khaimah,emirate,502,0,169
r13c222,25.79917,55.94833,25.78917,55.93833,25.80917,55.95833,Ras Al Khaimah,RAK City,osm_admin_8,3439,307,1155
r13c223,25.79917,55.96833,25.78917,55.95833,25.80917,55.97833,Ras Al Khaimah,Dafan Al Nakheel,osm_admin_8,6472,34,2173
r13c224,25.79917,55.98833,25.78917,55.97833,25.80917,55.99833,Ras Al Khaimah,Saih Al Hudiabah,osm_admin_8,6434,17,2160
r13c225,25.79917,56.00833,25.78917,55.99833,25.80917,56.01833,Ras Al Khaimah,Seih Al Ghubb,osm_admin_8,5897,0,1980
r13c226,25.79917,56.02833,25.78917,56.01833,25.80917,56.03833,Ras Al Khaimah,Shimal,osm_admin_8,4270,0,1434
r13c227,25.79917,56.04833,25.78917,56.03833,25.80917,56.05833,Ras Al Khaimah,Al Feriya,osm_place,1231,0,413
r14c221,25.77917,55.92833,25.76917,55.91833,25.78917,55.93833,Ras Al Khaimah,Dahan,osm_admin_8,3574,0,1200
r14c222,25.77917,55.94833,25.76917,55.93833,25.78917,55.95833,Ras Al Khaimah,Al Gurum Resort,osm_admin_8,1580,0,530
r14c223,25.77917,55.96833,25.76917,55.95833,25.78917,55.97833,Ras Al Khaimah,Al Gurum Resort,osm_admin_8,5824,0,1955
r14c224,25.77917,55.98833,25.76917,55.97833,25.78917,55.99833,Ras Al Khaimah,Seih Al Uraibi,osm_admin_8,6425,46,2157
r14c225,25.77917,56.00833,25.76917,55.99833,25.78917,56.01833,Ras Al Khaimah,Seih Al Uraibi,osm_admin_8,6492,44,2179
r14c226,25.77917,56.02833,25.76917,56.01833,25.78917,56.03833,Ras Al Khaimah,Liwa Badr,osm_admin_8,4228,295,1419
r14c227,25.77917,56.04833,25.76917,56.03833,25.78917,56.05833,Ras Al Khaimah,Al Feriya,osm_place,734,0,246
r15c220,25.75917,55.90833,25.74917,55.89833,25.76917,55.91833,Ras Al Khaimah,Al Nadiyah,osm_place,2793,33,938
r15c221,25.75917,55.92833,25.74917,55.91833,25.76917,55.93833,Ras Al Khaimah,Al Dhait North,osm_admin_8,6965,83,2338
r15c222,25.75917,55.94833,25.74917,55.93833,25.76917,55.95833,Ras Al Khaimah,Khazam,osm_admin_8,3847,0,1291
r15c223,25.75917,55.96833,25.74917,55.95833,25.76917,55.97833,Ras Al Khaimah,Al Tharfah,osm_admin_8,6347,108,2131
r15c224,25.75917,55.98833,25.74917,55.97833,25.76917,55.99833,Ras Al Khaimah,Al Qusaidat,osm_admin_8,5526,0,1855
r15c225,25.75917,56.00833,25.74917,55.99833,25.76917,56.01833,Ras Al Khaimah,Al Burairat,osm_admin_8,2941,125,987
r15c226,25.75917,56.02833,25.74917,56.01833,25.76917,56.03833,Ras Al Khaimah,Al Burairat,osm_place,1084,0,364
r16c219,25.73917,55.88833,25.72917,55.87833,25.74917,55.89833,Ras Al Khaimah,Al Dhait South,osm_admin_8,2611,0,877
r16c220,25.73917,55.90833,25.72917,55.89833,25.74917,55.91833,Ras Al Khaimah,Al Dhait South,osm_admin_8,7392,0,2482
r16c221,25.73917,55.92833,25.72917,55.91833,25.74917,55.93833,Ras Al Khaimah,Al Dhait South,osm_admin_8,6995,11,2348
r16c222,25.73917,55.94833,25.72917,55.93833,25.74917,55.95833,Ras Al Khaimah,Al Dhait North,osm_admin_8,5121,0,1719
r16c223,25.73917,55.96833,25.72917,55.95833,25.74917,55.97833,Ras Al Khaimah,Al Kharran,osm_admin_8,1853,0,622
r16c224,25.73917,55.98833,25.72917,55.97833,25.74917,55.99833,Ras Al Khaimah,Al Qusaidat,osm_admin_8,3267,0,1097
r16c225,25.73917,56.00833,25.72917,55.99833,25.74917,56.01833,Ras Al Khaimah,Al Qusaidat,osm_admin_8,897,0,301
r16c226,25.73917,56.02833,25.72917,56.01833,25.74917,56.03833,Ras Al Khaimah,Ribiyyah,osm_place,840,0,282
r17c214,25.71917,55.78833,25.70917,55.77833,25.72917,55.79833,Ras Al Khaimah,Al jazeera heritage village,osm_place,511,0,172
r17c215,25.71917,55.80833,25.70917,55.79833,25.72917,55.81833,Ras Al Khaimah,Al Jazeera Al Hamra,osm_place,1881,261,631
r17c216,25.71917,55.82833,25.70917,55.81833,25.72917,55.83833,Ras Al Khaimah,Mina Al arab,osm_admin_8,2076,0,697
r17c217,25.71917,55.84833,25.70917,55.83833,25.72917,55.85833,Ras Al Khaimah,Al Rafaah,osm_admin_8,3674,0,1233
r17c218,25.71917,55.86833,25.70917,55.85833,25.72917,55.87833,Ras Al Khaimah,Al Ragibah,osm_admin_8,1853,0,622
r17c219,25.71917,55.88833,25.70917,55.87833,25.72917,55.89833,Ras Al Khaimah,Al Ragibah,osm_admin_8,1942,0,652
r17c220,25.71917,55.90833,25.70917,55.89833,25.72917,55.91833,Ras Al Khaimah,Al Dhait South,osm_admin_8,6511,0,2186
r17c221,25.71917,55.92833,25.70917,55.91833,25.72917,55.93833,Ras Al Khaimah,Al Dhait South,osm_admin_8,4903,0,1646
r17c222,25.71917,55.94833,25.70917,55.93833,25.72917,55.95833,Ras Al Khaimah,Al Dhait South,osm_admin_8,4021,0,1350
r17c223,25.71917,55.96833,25.70917,55.95833,25.72917,55.97833,Ras Al Khaimah,Al Kharran,osm_admin_8,5649,0,1896
r17c224,25.71917,55.98833,25.70917,55.97833,25.72917,55.99833,Ras Al Khaimah,Al Kharran,osm_place,3331,0,1118
r17c225,25.71917,56.00833,25.70917,55.99833,25.72917,56.01833,Ras Al Khaimah,Al Heel,osm_place,1740,0,584
r17c226,25.71917,56.02833,25.70917,56.01833,25.72917,56.03833,Ras Al Khaimah,Al Heel,osm_place,798,0,268
r18c214,25.69917,55.78833,25.68917,55.77833,25.70917,55.79833,Ras Al Khaimah,Al Jazirah Al Hamra,osm_admin_8,3428,7,1151
r18c215,25.69917,55.80833,25.68917,55.79833,25.70917,55.81833,Ras Al Khaimah,Al Jazirah Al Hamra,osm_admin_8,4036,489,1355
r18c216,25.69917,55.82833,25.68917,55.81833,25.70917,55.83833,Ras Al Khaimah,Al Jazirah Al Hamra,osm_admin_8,4830,0,1621
r18c217,25.69917,55.84833,25.68917,55.83833,25.70917,55.85833,Ras Al Khaimah,Al Rafaah,osm_admin_8,2485,0,834
r18c218,25.69917,55.86833,25.68917,55.85833,25.70917,55.87833,Ras Al Khaimah,Al Rafaah,osm_admin_8,800,0,269
r18c219,25.69917,55.88833,25.68917,55.87833,25.70917,55.89833,Ras Al Khaimah,Al Ragibah,osm_admin_8,2637,0,885
r18c220,25.69917,55.90833,25.68917,55.89833,25.70917,55.91833,Ras Al Khaimah,Al Ragibah,osm_admin_8,3576,0,1201
r18c221,25.69917,55.92833,25.68917,55.91833,25.70917,55.93833,Ras Al Khaimah,Al Dhait South,osm_admin_8,1296,0,435
r18c222,25.69917,55.94833,25.68917,55.93833,25.70917,55.95833,Ras Al Khaimah,Digdaga,osm_admin_8,3141,0,1054
r18c223,25.69917,55.96833,25.68917,55.95833,25.70917,55.97833,Ras Al Khaimah,Al Fahlain,osm_admin_8,5064,0,1700
r18c224,25.69917,55.98833,25.68917,55.97833,25.70917,55.99833,Ras Al Khaimah,Al Fahlain,osm_admin_8,3640,0,1222
r18c225,25.69917,56.00833,25.68917,55.99833,25.70917,56.01833,Ras Al Khaimah,Al Heel,osm_place,621,0,208
r18c226,25.69917,56.02833,25.68917,56.01833,25.70917,56.03833,Ras Al Khaimah,Al Midhnab Bani Sa'ad,osm_place,868,0,292
r19c213,25.67917,55.76833,25.66917,55.75833,25.68917,55.77833,Ras Al Khaimah,Al Hamra Industrial Area,osm_admin_8,1483,138,498
r19c214,25.67917,55.78833,25.66917,55.77833,25.68917,55.79833,Ras Al Khaimah,Al Hamra Free Zone,osm_admin_8,5681,4465,1907
r19c215,25.67917,55.80833,25.66917,55.79833,25.68917,55.81833,Ras Al Khaimah,Al Hamra Free Zone,osm_admin_8,3747,3190,1258
r19c217,25.67917,55.84833,25.66917,55.83833,25.68917,55.85833,Ras Al Khaimah,Al Jazirah Al Hamra,osm_admin_8,1356,0,455
r19c218,25.67917,55.86833,25.66917,55.85833,25.68917,55.87833,Ras Al Khaimah,Al Rafaah,osm_admin_8,1205,0,405
r19c219,25.67917,55.88833,25.66917,55.87833,25.68917,55.89833,Ras Al Khaimah,Al Ragibah,osm_admin_8,1141,0,383
r19c220,25.67917,55.90833,25.66917,55.89833,25.68917,55.91833,Ras Al Khaimah,Digdaga,osm_admin_8,1426,0,479
r19c221,25.67917,55.92833,25.66917,55.91833,25.68917,55.93833,Ras Al Khaimah,Digdaga,osm_admin_8,2083,0,699
r19c222,25.67917,55.94833,25.66917,55.93833,25.68917,55.95833,Ras Al Khaimah,Digdaga,osm_admin_8,1905,0,640
r19c223,25.67917,55.96833,25.66917,55.95833,25.68917,55.97833,Ras Al Khaimah,Al Fahlain,osm_admin_8,5209,0,1749
r19c224,25.67917,55.98833,25.66917,55.97833,25.68917,55.99833,Ras Al Khaimah,Al Fahlain,osm_admin_8,2309,0,775
r19c225,25.67917,56.00833,25.66917,55.99833,25.68917,56.01833,Ras Al Khaimah,Al Fahlain,osm_admin_8,2380,0,799
r19c226,25.67917,56.02833,25.66917,56.01833,25.68917,56.03833,Ras Al Khaimah,Al Midhnab Bani Sa'ad,osm_place,685,0,230
r20c212,25.65917,55.74833,25.64917,55.73833,25.66917,55.75833,Ras Al Khaimah,Al Marjan Island,osm_place,701,7,235
r20c213,25.65917,55.76833,25.64917,55.75833,25.66917,55.77833,Ras Al Khaimah,Al Hamra Industrial Area,osm_admin_8,1282,476,431
r20c214,25.65917,55.78833,25.64917,55.77833,25.66917,55.79833,Ras Al Khaimah,Al Hamra Industrial Area,osm_admin_8,5946,5311,1996
r20c215,25.65917,55.80833,25.64917,55.79833,25.66917,55.81833,Ras Al Khaimah,Al Jazirah Al Hamra,osm_admin_8,2155,1631,723
r20c218,25.65917,55.86833,25.64917,55.85833,25.66917,55.87833,Ras Al Khaimah,Al Ragibah,osm_admin_8,573,0,192
r20c219,25.65917,55.88833,25.64917,55.87833,25.66917,55.89833,Ras Al Khaimah,Al Ragibah,osm_admin_8,1594,0,535
r20c220,25.65917,55.90833,25.64917,55.89833,25.66917,55.91833,Ras Al Khaimah,Digdaga,osm_admin_8,575,0,193
r20c221,25.65917,55.92833,25.64917,55.91833,25.66917,55.93833,Ras Al Khaimah,Digdaga,osm_admin_8,1100,0,369
r20c222,25.65917,55.94833,25.64917,55.93833,25.66917,55.95833,Ras Al Khaimah,Digdaga,osm_admin_8,1337,0,449
r20c223,25.65917,55.96833,25.64917,55.95833,25.66917,55.97833,Ras Al Khaimah,Khatt,osm_admin_8,3047,0,1023
r20c224,25.65917,55.98833,25.64917,55.97833,25.66917,55.99833,Ras Al Khaimah,Al Fahlain,osm_admin_8,1250,0,420
r20c225,25.65917,56.00833,25.64917,55.99833,25.66917,56.01833,Ras Al Khaimah,Al Fahlain,osm_admin_8,1288,0,432
r21c214,25.63917,55.78833,25.62917,55.77833,25.64917,55.79833,Ras Al Khaimah,Al Hamra Industrial Area,osm_place,866,341,291
r21c219,25.63917,55.88833,25.62917,55.87833,25.64917,55.89833,Ras Al Khaimah,Digdaga,osm_admin_8,945,0,317
r21c220,25.63917,55.90833,25.62917,55.89833,25.64917,55.91833,Ras Al Khaimah,Digdaga,osm_admin_8,819,0,275
r21c221,25.63917,55.92833,25.62917,55.91833,25.64917,55.93833,Ras Al Khaimah,Digdaga,osm_admin_8,1279,0,430
r21c222,25.63917,55.94833,25.62917,55.93833,25.64917,55.95833,Ras Al Khaimah,Digdaga,osm_admin_8,1173,0,394
r21c223,25.63917,55.96833,25.62917,55.95833,25.64917,55.97833,Ras Al Khaimah,Khatt,osm_admin_8,1067,0,358
r21c224,25.63917,55.98833,25.62917,55.97833,25.64917,55.99833,Ras Al Khaimah,Khatt,osm_admin_8,517,0,174
r21c225,25.63917,56.00833,25.62917,55.99833,25.64917,56.01833,Ras Al Khaimah,Khatt,osm_admin_8,3049,0,1024
r21c226,25.63917,56.02833,25.62917,56.01833,25.64917,56.03833,Ras Al Khaimah,Wad Wid,osm_place,698,0,234
r22c210,25.61917,55.70833,25.60917,55.69833,25.62917,55.71833,Umm Al Quwain,Al Rafaah,osm_admin_8,1898,24,637
r22c217,25.61917,55.84833,25.60917,55.83833,25.62917,55.85833,Ras Al Khaimah,Al Hamraniyah,osm_admin_8,639,0,214
r22c219,25.61917,55.88833,25.60917,55.87833,25.62917,55.89833,Ras Al Khaimah,Al Hamraniyah,osm_admin_8,1002,0,336
r22c220,25.61917,55.90833,25.60917,55.89833,25.62917,55.91833,Ras Al Khaimah,Digdaga,osm_admin_8,1557,0,523
r22c221,25.61917,55.92833,25.60917,55.91833,25.62917,55.93833,Ras Al Khaimah,Digdaga,osm_admin_8,680,0,228
r22c222,25.61917,55.94833,25.60917,55.93833,25.62917,55.95833,Ras Al Khaimah,Digdaga,osm_admin_8,1820,0,611
r22c223,25.61917,55.96833,25.60917,55.95833,25.62917,55.97833,Ras Al Khaimah,Khatt,osm_admin_8,1251,0,420
r22c224,25.61917,55.98833,25.60917,55.97833,25.62917,55.99833,Ras Al Khaimah,Khatt,osm_place,959,0,322
r22c225,25.61917,56.00833,25.60917,55.99833,25.62917,56.01833,Ras Al Khaimah,Khatt,osm_admin_8,4386,0,1473
r22c238,25.61917,56.26833,25.60917,56.25833,25.62917,56.27833,Sharjah,Dibba Al Hisn,osm_admin_8,14590,0,4898
r22c239,25.61917,56.28833,25.60917,56.27833,25.62917,56.29833,Fujairah,Sambraid,osm_place,924,0,310
r23c221,25.59917,55.92833,25.58917,55.91833,25.60917,55.93833,Ras Al Khaimah,Al Hamraniyah,osm_admin_8,725,0,243
r23c222,25.59917,55.94833,25.58917,55.93833,25.60917,55.95833,Ras Al Khaimah,Al Hamraniyah,osm_admin_8,892,0,299
r23c223,25.59917,55.96833,25.58917,55.95833,25.60917,55.97833,Ras Al Khaimah,Digdaga,osm_admin_8,1140,0,383
r23c224,25.59917,55.98833,25.58917,55.97833,25.60917,55.99833,Ras Al Khaimah,Himer Al ‘Alam,osm_place,1412,0,474
r23c225,25.59917,56.00833,25.58917,55.99833,25.60917,56.01833,Ras Al Khaimah,Himer Al ‘Alam,osm_place,1515,0,509
r23c236,25.59917,56.22833,25.58917,56.21833,25.60917,56.23833,Fujairah,Wam,osm_place,1921,0,645
r23c237,25.59917,56.24833,25.58917,56.23833,25.60917,56.25833,Fujairah,Al Kazan,osm_place,2502,0,840
r23c238,25.59917,56.26833,25.58917,56.25833,25.60917,56.27833,Fujairah,Al Murabah,osm_place,8380,171,2813
r23c239,25.59917,56.28833,25.58917,56.27833,25.60917,56.29833,Fujairah,Dibba Al Fujairah,osm_place,4502,104,1511
r23c240,25.59917,56.30833,25.58917,56.29833,25.60917,56.31833,Fujairah,Al Ghurfa,osm_place,6323,1200,2123
r23c241,25.59917,56.32833,25.58917,56.31833,25.60917,56.33833,Fujairah,Rol Diba,osm_place,2062,0,692
r23c242,25.59917,56.34833,25.58917,56.33833,25.60917,56.35833,Fujairah,Al Fiqait,osm_place,1115,0,374
r24c202,25.57917,55.54833,25.56917,55.53833,25.58917,55.55833,Umm Al Quwain,Al Haweah,osm_place,1231,0,413
r24c203,25.57917,55.56833,25.56917,55.55833,25.58917,55.57833,Umm Al Quwain,Al Rowdah,osm_place,3957,31,1328
r24c221,25.57917,55.92833,25.56917,55.91833,25.58917,55.93833,Ras Al Khaimah,Al Hamraniyah,osm_admin_8,572,0,192
r24c222,25.57917,55.94833,25.56917,55.93833,25.58917,55.95833,Ras Al Khaimah,Al Hamraniyah,osm_admin_8,1844,0,619
r24c223,25.57917,55.96833,25.56917,55.95833,25.58917,55.97833,Ras Al Khaimah,Al Hamraniyah,osm_admin_8,1752,24,588
r24c224,25.57917,55.98833,25.56917,55.97833,25.58917,55.99833,Fujairah,Himer Al ‘Alam,osm_place,825,0,277
r24c228,25.57917,56.06833,25.56917,56.05833,25.58917,56.07833,Fujairah,Tawiyean,osm_place,577,0,194
r24c236,25.57917,56.22833,25.56917,56.21833,25.58917,56.23833,Fujairah,Wam,osm_place,1507,0,506
r24c237,25.57917,56.24833,25.56917,56.23833,25.58917,56.25833,Fujairah,Al Kazan,osm_place,4399,0,1477
r24c238,25.57917,56.26833,25.56917,56.25833,25.58917,56.27833,Fujairah,Al Rifa,osm_place,3509,0,1178
r25c202,25.55917,55.54833,25.54917,55.53833,25.56917,55.55833,Umm Al Quwain,Al Raas,osm_admin_8,6450,78,2165
r25c203,25.55917,55.56833,25.54917,55.55833,25.56917,55.57833,Umm Al Quwain,Al Khor,osm_place,2024,0,680
r25c208,25.55917,55.66833,25.54917,55.65833,25.56917,55.67833,Umm Al Quwain,Umm Al Quwain Airport,osm_admin_8,1346,53,452
r25c209,25.55917,55.68833,25.54917,55.67833,25.56917,55.69833,Umm Al Quwain,Umm Al Thuoob,osm_admin_8,1776,0,596
r25c210,25.55917,55.70833,25.54917,55.69833,25.56917,55.71833,Umm Al Quwain,Umm Al Thuoob,osm_admin_8,1632,0,548
r25c221,25.55917,55.92833,25.54917,55.91833,25.56917,55.93833,Ras Al Khaimah,Al Hamraniyah,osm_admin_8,1473,0,495
r25c222,25.55917,55.94833,25.54917,55.93833,25.56917,55.95833,Ras Al Khaimah,Al Hamraniyah,osm_admin_8,2325,0,781
r25c223,25.55917,55.96833,25.54917,55.95833,25.56917,55.97833,Ras Al Khaimah,Al Hamraniyah,osm_admin_8,2528,253,849
r25c224,25.55917,55.98833,25.54917,55.97833,25.56917,55.99833,Fujairah,Fujairah,emirate,2162,806,726
r25c228,25.55917,56.06833,25.54917,56.05833,25.56917,56.07833,Fujairah,Tawiyean,osm_place,1285,0,431
r25c229,25.55917,56.08833,25.54917,56.07833,25.56917,56.09833,Fujairah,Tawiyean,osm_place,1247,0,419
r25c234,25.55917,56.18833,25.54917,56.17833,25.56917,56.19833,Fujairah,Zahir As Safwah,osm_place,1099,0,369
r25c235,25.55917,56.20833,25.54917,56.19833,25.56917,56.21833,Fujairah,Ghub,osm_place,2039,0,685
r25c236,25.55917,56.22833,25.54917,56.21833,25.56917,56.23833,Fujairah,Ghub,osm_place,1163,804,390
r25c242,25.55917,56.34833,25.54917,56.33833,25.56917,56.35833,Fujairah,Rul Dadna,osm_place,2014,0,676
r26c201,25.53917,55.52833,25.52917,55.51833,25.54917,55.53833,Umm Al Quwain,Al Haditha,osm_place,1918,0,644
r26c202,25.53917,55.54833,25.52917,55.53833,25.54917,55.55833,Umm Al Quwain,Al Hamrah,osm_admin_8,8501,0,2854
r26c203,25.53917,55.56833,25.52917,55.55833,25.54917,55.57833,Umm Al Quwain,Al Aahad,osm_place,773,0,259
r26c208,25.53917,55.66833,25.52917,55.65833,25.54917,55.67833,Umm Al Quwain,Umm Al Thuoob,osm_admin_8,2504,68,841
r26c209,25.53917,55.68833,25.52917,55.67833,25.54917,55.69833,Umm Al Quwain,Umm Al Thuoob,osm_admin_8,1914,82,642
r26c210,25.53917,55.70833,25.52917,55.69833,25.54917,55.71833,Umm Al Quwain,Emirates Modern Industrial,osm_admin_8,903,0,303
r26c211,25.53917,55.72833,25.52917,55.71833,25.54917,55.73833,Umm Al Quwain,Emirates Modern Industrial,osm_admin_8,1274,0,428
r26c223,25.53917,55.96833,25.52917,55.95833,25.54917,55.97833,Ras Al Khaimah,Ras Al Khaimah,emirate,565,0,190
r26c224,25.53917,55.98833,25.52917,55.97833,25.54917,55.99833,Fujairah,Fujairah,emirate,689,0,231
r26c226,25.53917,56.02833,25.52917,56.01833,25.54917,56.03833,Fujairah,Fujairah,emirate,662,0,222
r26c228,25.53917,56.06833,25.52917,56.05833,25.54917,56.07833,Fujairah,Riyamah,osm_place,916,0,307
r26c236,25.53917,56.22833,25.52917,56.21833,25.54917,56.23833,Fujairah,Fujairah,emirate,668,78,224
r26c241,25.53917,56.32833,25.52917,56.31833,25.54917,56.33833,Fujairah,Al Raheeb,osm_place,1194,0,401
r26c242,25.53917,56.34833,25.52917,56.33833,25.54917,56.35833,Fujairah,Al Raheeb,osm_place,3892,0,1307
r26c243,25.53917,56.36833,25.52917,56.35833,25.54917,56.37833,Fujairah,Rul Dadna,osm_place,627,0,211
r27c202,25.51917,55.54833,25.50917,55.53833,25.52917,55.55833,Umm Al Quwain,Green Belt,osm_admin_8,3130,245,1051
r27c203,25.51917,55.56833,25.50917,55.55833,25.52917,55.57833,Umm Al Quwain,Latin,osm_admin_8,2148,0,721
r27c204,25.51917,55.58833,25.50917,55.57833,25.52917,55.59833,Umm Al Quwain,Al Ramlah,osm_admin_8,3537,0,1187
r27c220,25.51917,55.90833,25.50917,55.89833,25.52917,55.91833,Ras Al Khaimah,Al Sa'adi,osm_place,770,0,259
r27c225,25.51917,56.00833,25.50917,55.99833,25.52917,56.01833,Fujairah,Fujairah,emirate,1600,0,537
r27c228,25.51917,56.06833,25.50917,56.05833,25.52917,56.07833,Fujairah,Jerief,osm_place,1496,0,502
r27c229,25.51917,56.08833,25.50917,56.07833,25.52917,56.09833,Fujairah,Jerief,osm_place,706,0,237
r27c230,25.51917,56.10833,25.50917,56.09833,25.52917,56.11833,Fujairah,Mu'taridah,osm_place,541,0,182
r27c234,25.51917,56.18833,25.50917,56.17833,25.52917,56.19833,Fujairah,Al Busserah,osm_place,732,0,246
r27c241,25.51917,56.32833,25.50917,56.31833,25.52917,56.33833,Fujairah,Zikt,osm_place,1790,33,601
r27c242,25.51917,56.34833,25.50917,56.33833,25.52917,56.35833,Fujairah,Al Raheeb,osm_place,4003,0,1344
r27c243,25.51917,56.36833,25.50917,56.35833,25.52917,56.37833,Fujairah,Al Aqqah,osm_place,1950,0,655
r28c201,25.49917,55.52833,25.48917,55.51833,25.50917,55.53833,Sharjah,Al Hamriya,osm_admin_8,1368,345,459
r28c202,25.49917,55.54833,25.48917,55.53833,25.50917,55.55833,Umm Al Quwain,Industrial Area,osm_admin_8,4338,377,1456
r28c203,25.49917,55.56833,25.48917,55.55833,25.50917,55.57833,Umm Al Quwain,Industrial Area,osm_admin_8,5291,130,1776
r28c204,25.49917,55.58833,25.48917,55.57833,25.50917,55.59833,Umm Al Quwain,Al Salmah,osm_admin_8,7459,11,2504
r28c205,25.49917,55.60833,25.48917,55.59833,25.50917,55.61833,Umm Al Quwain,Al Salmah,osm_admin_8,2334,0,784
r28c226,25.49917,56.02833,25.48917,56.01833,25.50917,56.03833,Fujairah,Saram,osm_place,801,0,269
r28c227,25.49917,56.04833,25.48917,56.03833,25.50917,56.05833,Fujairah,Saram,osm_place,896,0,301
r28c228,25.49917,56.06833,25.48917,56.05833,25.50917,56.07833,Fujairah,Jerief,osm_place,883,0,296
r28c242,25.49917,56.34833,25.48917,56.33833,25.50917,56.35833,Fujairah,Al Aqqah,osm_place,748,0,251
r28c243,25.49917,56.36833,25.48917,56.35833,25.50917,56.37833,Fujairah,Al Aqqah,osm_place,1310,0,440
r29c199,25.47917,55.48833,25.46917,55.47833,25.48917,55.49833,Sharjah,Al Hamriya,osm_admin_8,5158,227,1732
r29c200,25.47917,55.50833,25.46917,55.49833,25.48917,55.51833,Sharjah,Al Hamriya,osm_admin_8,10575,2022,3550
r29c201,25.47917,55.52833,25.46917,55.51833,25.48917,55.53833,Sharjah,Al Ramlah,osm_admin_8,8823,0,2962
r29c202,25.47917,55.54833,25.46917,55.53833,25.48917,55.55833,Sharjah,Al Ramlah,osm_admin_8,2976,74,999
r29c203,25.47917,55.56833,25.46917,55.55833,25.48917,55.57833,Umm Al Quwain,Al Abraq,osm_admin_8,1347,155,452
r29c204,25.47917,55.58833,25.46917,55.57833,25.48917,55.59833,Umm Al Quwain,Shanteer,osm_admin_8,3640,0,1222
r29c205,25.47917,55.60833,25.46917,55.59833,25.48917,55.61833,Umm Al Quwain,Shanteer,osm_admin_8,5034,0,1690
r29c206,25.47917,55.62833,25.46917,55.61833,25.48917,55.63833,Umm Al Quwain,Shanteer,osm_admin_8,780,0,262
r29c223,25.47917,55.96833,25.46917,55.95833,25.48917,55.97833,Ras Al Khaimah,Umm Urage,osm_place,707,0,237
r29c224,25.47917,55.98833,25.46917,55.97833,25.48917,55.99833,Ras Al Khaimah,Adhan,osm_place,1649,0,554
r29c225,25.47917,56.00833,25.46917,55.99833,25.48917,56.01833,Fujairah,Adhan,osm_place,1693,0,568
r29c228,25.47917,56.06833,25.46917,56.05833,25.48917,56.07833,Ras Al Khaimah,Kub,osm_place,573,0,192
r29c229,25.47917,56.08833,25.46917,56.07833,25.48917,56.09833,Ras Al Khaimah,Kub,osm_place,913,0,306
r29c233,25.47917,56.16833,25.46917,56.15833,25.48917,56.17833,Fujairah,Al Halah,osm_place,763,0,256
r29c234,25.47917,56.18833,25.46917,56.17833,25.48917,56.19833,Fujairah,Al Halah,osm_place,2480,0,832
r29c242,25.47917,56.34833,25.46917,56.33833,25.48917,56.35833,Fujairah,Sharm,osm_place,859,0,288
r30c198,25.45917,55.46833,25.44917,55.45833,25.46917,55.47833,Sharjah,Al Zawarah,osm_place,704,81,236
r30c199,25.45917,55.48833,25.44917,55.47833,25.46917,55.49833,Sharjah,Al Hamriya,osm_admin_8,21372,2887,7175
r30c200,25.45917,55.50833,25.44917,55.49833,25.46917,55.51833,Sharjah,Al Hamriya,osm_admin_8,15774,1826,5296
r30c201,25.45917,55.52833,25.44917,55.51833,25.46917,55.53833,Sharjah,Al Ramlah,osm_admin_8,2794,366,938
r30c202,25.45917,55.54833,25.44917,55.53833,25.46917,55.55833,Sharjah,Al Ramlah,osm_admin_8,3471,1262,1165
r30c203,25.45917,55.56833,25.44917,55.55833,25.46917,55.57833,Sharjah,Al Ramlah,osm_admin_8,1868,217,627
r30c204,25.45917,55.58833,25.44917,55.57833,25.46917,55.59833,Sharjah,Al Ramlah,osm_admin_8,1108,0,372
r30c210,25.45917,55.70833,25.44917,55.69833,25.46917,55.71833,Umm Al Quwain,Umm Al Quwain,emirate,778,0,261
r30c223,25.45917,55.96833,25.44917,55.95833,25.46917,55.97833,Ras Al Khaimah,Adhan,osm_place,724,0,243
r30c224,25.45917,55.98833,25.44917,55.97833,25.46917,55.99833,Ras Al Khaimah,Adhan,osm_place,2731,0,917
r30c225,25.45917,56.00833,25.44917,55.99833,25.46917,56.01833,Ras Al Khaimah,Adhan,osm_place,3218,0,1080
r30c226,25.45917,56.02833,25.44917,56.01833,25.46917,56.03833,Ras Al Khaimah,Ras Al Khaimah,emirate,1028,0,345
r30c227,25.45917,56.04833,25.44917,56.03833,25.46917,56.05833,Ras Al Khaimah,Ayim,osm_place,592,0,199
r30c234,25.45917,56.18833,25.44917,56.17833,25.46917,56.19833,Fujairah,Abadilah,osm_place,1532,0,514
r31c198,25.43917,55.46833,25.42917,55.45833,25.44917,55.47833,Ajman,Al Zawarah,osm_admin_8,2587,0,868
r31c199,25.43917,55.48833,25.42917,55.47833,25.44917,55.49833,Ajman,Al Zawarah,osm_admin_8,8727,869,2930
r31c200,25.43917,55.50833,25.42917,55.49833,25.44917,55.51833,Ajman,Al Jerf,osm_admin_8,11705,131,3930
r31c201,25.43917,55.52833,25.42917,55.51833,25.44917,55.53833,Ajman,Al Jerf,osm_admin_8,12907,308,4333
r31c202,25.43917,55.54833,25.42917,55.53833,25.44917,55.55833,Ajman,Al Jerf,osm_admin_8,18016,3359,6048
r31c203,25.43917,55.56833,25.42917,55.55833,25.44917,55.57833,Sharjah,Al Ramlah,osm_admin_8,13420,1954,4505
r31c204,25.43917,55.58833,25.42917,55.57833,25.44917,55.59833,Sharjah,Al Ramlah,osm_admin_8,4563,583,1532
r31c205,25.43917,55.60833,25.42917,55.59833,25.44917,55.61833,Sharjah,Investment Center,osm_admin_8,1943,0,652
r31c206,25.43917,55.62833,25.42917,55.61833,25.44917,55.63833,Umm Al Quwain,Al Surrah,osm_place,943,0,316
r31c208,25.43917,55.66833,25.42917,55.65833,25.44917,55.67833,Umm Al Quwain,Mohadhub,osm_place,663,0,222
r31c210,25.43917,55.70833,25.42917,55.69833,25.44917,55.71833,Umm Al Quwain,Al Lebsa,osm_place,1247,0,419
r31c211,25.43917,55.72833,25.42917,55.71833,25.44917,55.73833,Umm Al Quwain,Al Lebsa,osm_place,1042,0,350
r31c224,25.43917,55.98833,25.42917,55.97833,25.44917,55.99833,Ras Al Khaimah,Adhan,osm_place,877,0,294
r31c227,25.43917,56.04833,25.42917,56.03833,25.44917,56.05833,Ras Al Khaimah,Ayim,osm_place,1097,76,368
r31c228,25.43917,56.06833,25.42917,56.05833,25.44917,56.07833,Ras Al Khaimah,Ayim,osm_place,1230,0,413
r31c231,25.43917,56.12833,25.42917,56.11833,25.44917,56.13833,Fujairah,Sidr,osm_place,1121,0,376
r31c241,25.43917,56.32833,25.42917,56.31833,25.44917,56.33833,Fujairah,Al Badīyah,osm_place,666,0,224
r31c242,25.43917,56.34833,25.42917,56.33833,25.44917,56.35833,Fujairah,Al Badīyah,osm_place,5541,0,1860
r32c196,25.41917,55.42833,25.40917,55.41833,25.42917,55.43833,Ajman,Al Nakhil,osm_place,1270,0,426
r32c197,25.41917,55.44833,25.40917,55.43833,25.42917,55.45833,Ajman,Al Bustan,osm_admin_8,11900,1862,3995
r32c198,25.41917,55.46833,25.40917,55.45833,25.42917,55.47833,Ajman,Meshairef,osm_admin_8,14170,928,4757
r32c199,25.41917,55.48833,25.40917,55.47833,25.42917,55.49833,Ajman,Al Zawarah,osm_admin_8,12792,0,4295
r32c200,25.41917,55.50833,25.40917,55.49833,25.42917,55.51833,Ajman,Al Jerf,osm_admin_8,21302,0,7152
r32c201,25.41917,55.52833,25.40917,55.51833,25.42917,55.53833,Ajman,Hamidiya,osm_admin_8,19022,0,6386
r32c202,25.41917,55.54833,25.40917,55.53833,25.42917,55.55833,Ajman,Al Jerf,osm_admin_8,9272,0,3113
r32c203,25.41917,55.56833,25.40917,55.55833,25.42917,55.57833,Ajman,Ragayeb,osm_admin_8,3888,34,1305
r32c204,25.41917,55.58833,25.40917,55.57833,25.42917,55.59833,Ajman,Ragayeb,osm_admin_8,2878,0,966
r32c205,25.41917,55.60833,25.40917,55.59833,25.42917,55.61833,Ajman,Al Helio,osm_admin_8,4525,0,1519
r32c206,25.41917,55.62833,25.40917,55.61833,25.42917,55.63833,Sharjah,Investment Center,osm_admin_8,1892,0,635
r32c207,25.41917,55.64833,25.40917,55.63833,25.42917,55.65833,Sharjah,Sharjah,osm_admin_8,1183,0,397
r32c208,25.41917,55.66833,25.40917,55.65833,25.42917,55.67833,Sharjah,Sharjah,osm_admin_8,1971,0,662
r32c209,25.41917,55.68833,25.40917,55.67833,25.42917,55.69833,Umm Al Quwain,Mohadhub,osm_place,1932,0,648
r32c210,25.41917,55.70833,25.40917,55.69833,25.42917,55.71833,Umm Al Quwain,Al Lebsa,osm_place,2975,0,999
r32c211,25.41917,55.72833,25.40917,55.71833,25.42917,55.73833,Umm Al Quwain,Al Lebsa,osm_place,3053,0,1025
r32c212,25.41917,55.74833,25.40917,55.73833,25.42917,55.75833,Umm Al Quwain,Al Lebsa,osm_place,777,0,261
r32c224,25.41917,55.98833,25.40917,55.97833,25.42917,55.99833,Ras Al Khaimah,Ras Al Khaimah,emirate,1439,161,483
r32c225,25.41917,56.00833,25.40917,55.99833,25.42917,56.01833,Ras Al Khaimah,Ras Al Khaimah,emirate,1457,119,489
r32c226,25.41917,56.02833,25.40917,56.01833,25.42917,56.03833,Ras Al Khaimah,Ras Al Khaimah,emirate,1429,0,480
r32c227,25.41917,56.04833,25.40917,56.03833,25.42917,56.05833,Ras Al Khaimah,Al Ghail,osm_place,1054,35,354
r32c232,25.41917,56.14833,25.40917,56.13833,25.42917,56.15833,Fujairah,Yalah,osm_place,945,0,317
r32c233,25.41917,56.16833,25.40917,56.15833,25.42917,56.17833,Fujairah,Yalah,osm_place,902,0,303
r32c234,25.41917,56.18833,25.40917,56.17833,25.42917,56.19833,Fujairah,Al Ghūnah,osm_place,672,0,226
r32c241,25.41917,56.32833,25.40917,56.31833,25.42917,56.33833,Fujairah,Al Badīyah,osm_place,1044,0,350
r32c242,25.41917,56.34833,25.40917,56.33833,25.42917,56.35833,Fujairah,Zubarah,osm_place,4385,145,1472
r32c243,25.41917,56.36833,25.40917,56.35833,25.42917,56.37833,Sharjah,Zubarah,osm_place,895,0,301
r33c196,25.39917,55.42833,25.38917,55.41833,25.40917,55.43833,Ajman,Al Rumailah,osm_admin_8,14126,0,4743
r33c197,25.39917,55.44833,25.38917,55.43833,25.40917,55.45833,Ajman,Al Rashidiya,osm_admin_8,17903,801,6010
r33c198,25.39917,55.46833,25.38917,55.45833,25.40917,55.47833,Ajman,Meshairef,osm_admin_8,17197,2812,5774
r33c199,25.39917,55.48833,25.38917,55.47833,25.40917,55.49833,Ajman,Al Jerf,osm_admin_8,19727,215,6623
r33c200,25.39917,55.50833,25.38917,55.49833,25.40917,55.51833,Ajman,Hamidiya,osm_admin_8,20662,0,6937
r33c201,25.39917,55.52833,25.38917,55.51833,25.40917,55.53833,Ajman,Hamidiya,osm_admin_8,16769,0,5630
r33c202,25.39917,55.54833,25.38917,55.53833,25.40917,55.55833,Ajman,Hamidiya,osm_admin_8,15878,0,5331
r33c203,25.39917,55.56833,25.38917,55.55833,25.40917,55.57833,Ajman,Ragayeb,osm_admin_8,5247,0,1761
r33c204,25.39917,55.58833,25.38917,55.57833,25.40917,55.59833,Ajman,Al Helio,osm_admin_8,4223,0,1418
r33c205,25.39917,55.60833,25.38917,55.59833,25.40917,55.61833,Ajman,Al Helio,osm_admin_8,5788,25,1943
r33c206,25.39917,55.62833,25.38917,55.61833,25.40917,55.63833,Sharjah,Sharjah,osm_admin_8,6299,0,2115
r33c207,25.39917,55.64833,25.38917,55.63833,25.40917,55.65833,Sharjah,Sharjah,osm_admin_8,1362,0,457
r33c216,25.39917,55.82833,25.38917,55.81833,25.40917,55.83833,Umm Al Quwain,Al Rashidiya,osm_place,576,0,193
r33c217,25.39917,55.84833,25.38917,55.83833,25.40917,55.85833,Umm Al Quwain,Al Rashidiya,osm_place,594,0,199
r33c223,25.39917,55.96833,25.38917,55.95833,25.40917,55.97833,Ras Al Khaimah,Ras Al Khaimah,emirate,1574,1165,528
r33c224,25.39917,55.98833,25.38917,55.97833,25.40917,55.99833,Ras Al Khaimah,Ras Al Khaimah,emirate,2646,2325,888
r33c227,25.39917,56.04833,25.38917,56.03833,25.40917,56.05833,Ras Al Khaimah,Al Ghail,osm_place,1843,0,619
r33c228,25.39917,56.06833,25.38917,56.05833,25.40917,56.07833,Fujairah,Al Ghail,osm_place,1558,0,523
r33c232,25.39917,56.14833,25.38917,56.13833,25.40917,56.15833,Fujairah,Asimah,osm_place,1738,0,583
r33c233,25.39917,56.16833,25.38917,56.15833,25.40917,56.17833,Fujairah,Al Tayyibah,osm_place,3324,0,1116
r33c241,25.39917,56.32833,25.38917,56.31833,25.40917,56.33833,Fujairah,Lulayyah,osm_place,4467,0,1500
r33c242,25.39917,56.34833,25.38917,56.33833,25.40917,56.35833,Sharjah,Khor Fakkan,osm_admin_8,17904,134,6011
r33c243,25.39917,56.36833,25.38917,56.35833,25.40917,56.37833,Sharjah,Lulayyah,osm_place,6036,0,2026
r34c194,25.37917,55.38833,25.36917,55.37833,25.38917,55.39833,Sharjah,Al Seef,osm_place,5227,0,1755
r34c195,25.37917,55.40833,25.36917,55.39833,25.38917,55.41833,Sharjah,Sharjah,osm_admin_8,19600,153,6580
r34c196,25.37917,55.42833,25.36917,55.41833,25.38917,55.43833,Sharjah,Sharjah,osm_admin_8,23863,0,8011
r34c197,25.37917,55.44833,25.36917,55.43833,25.38917,55.45833,Sharjah,Sharjah,osm_admin_8,22861,120,7675
r34c198,25.37917,55.46833,25.36917,55.45833,25.38917,55.47833,Ajman,New Industrial,osm_admin_8,22743,895,7635
r34c199,25.37917,55.48833,25.36917,55.47833,25.38917,55.49833,Ajman,New Industrial,osm_admin_8,22094,0,7418
r34c200,25.37917,55.50833,25.36917,55.49833,25.38917,55.51833,Ajman,Al Muwaihat,osm_admin_8,15136,0,5082
r34c201,25.37917,55.52833,25.36917,55.51833,25.38917,55.53833,Ajman,Muntazy,osm_admin_8,6204,0,2083
r34c202,25.37917,55.54833,25.36917,55.53833,25.38917,55.55833,Ajman,Muntazy,osm_admin_8,5175,0,1738
r34c203,25.37917,55.56833,25.36917,55.55833,25.38917,55.57833,Ajman,Yasmeen,osm_admin_8,2071,0,695
r34c204,25.37917,55.58833,25.36917,55.57833,25.38917,55.59833,Ajman,Al Helio,osm_admin_8,7495,0,2516
r34c205,25.37917,55.60833,25.36917,55.59833,25.38917,55.61833,Sharjah,Sharjah,osm_admin_8,8054,0,2704
r34c206,25.37917,55.62833,25.36917,55.61833,25.38917,55.63833,Sharjah,Sharjah,osm_admin_8,7291,0,2448
r34c207,25.37917,55.64833,25.36917,55.63833,25.38917,55.65833,Sharjah,Sharjah,osm_admin_8,4383,0,1471
r34c208,25.37917,55.66833,25.36917,55.65833,25.38917,55.67833,Sharjah,Sharjah,osm_admin_8,1963,0,659
r34c209,25.37917,55.68833,25.36917,55.67833,25.38917,55.69833,Sharjah,Sharjah,osm_admin_8,972,18,326
r34c214,25.37917,55.78833,25.36917,55.77833,25.38917,55.79833,Sharjah,Al Batayih,osm_admin_8,596,0,200
r34c217,25.37917,55.84833,25.36917,55.83833,25.38917,55.85833,Umm Al Quwain,Al Rashidiya,osm_place,1172,0,393
r34c223,25.37917,55.96833,25.36917,55.95833,25.38917,55.97833,Ras Al Khaimah,Suhе̄lah,osm_place,1198,761,402
r34c224,25.37917,55.98833,25.36917,55.97833,25.38917,55.99833,Sharjah,Al Dhaid,osm_admin_8,870,531,292
r34c233,25.37917,56.16833,25.36917,56.15833,25.38917,56.17833,Fujairah,Al Khalabiya,osm_place,2181,0,732
r34c240,25.37917,56.30833,25.36917,56.29833,25.38917,56.31833,Sharjah,Khor Fakkan,osm_admin_8,630,0,212
r34c241,25.37917,56.32833,25.36917,56.31833,25.38917,56.33833,Sharjah,Khor Fakkan,osm_admin_8,2853,0,958
r34c242,25.37917,56.34833,25.36917,56.33833,25.38917,56.35833,Sharjah,Khor Fakkan,osm_admin_8,8755,0,2939
r34c243,25.37917,56.36833,25.36917,56.35833,25.38917,56.37833,Sharjah,Lulayyah,osm_place,547,0,184
r35c193,25.35917,55.36833,25.34917,55.35833,25.36917,55.37833,Sharjah,Sharjah,osm_admin_8,6703,2451,2250
r35c194,25.35917,55.38833,25.34917,55.37833,25.36917,55.39833,Sharjah,Sharjah,osm_admin_8,21007,0,7053
r35c195,25.35917,55.40833,25.34917,55.39833,25.36917,55.41833,Sharjah,Sharjah,osm_admin_8,23979,0,8050
r35c196,25.35917,55.42833,25.34917,55.41833,25.36917,55.43833,Sharjah,Sharjah,osm_admin_8,22621,0,7595
r35c197,25.35917,55.44833,25.34917,55.43833,25.36917,55.45833,Sharjah,Wasit,osm_admin_8,24955,174,8378
r35c198,25.35917,55.46833,25.34917,55.45833,25.36917,55.47833,Sharjah,Wasit,osm_admin_8,19833,0,6658
r35c199,25.35917,55.48833,25.34917,55.47833,25.36917,55.49833,Sharjah,Sharjah International Airport,osm_admin_8,10419,9,3498
r35c200,25.35917,55.50833,25.34917,55.49833,25.36917,55.51833,Ajman,Muntazy,osm_admin_8,7924,0,2660
r35c201,25.35917,55.52833,25.34917,55.51833,25.36917,55.53833,Sharjah,Sharjah International Airport,osm_admin_8,4081,0,1370
r35c202,25.35917,55.54833,25.34917,55.53833,25.36917,55.55833,Sharjah,Sharjah International Airport,osm_admin_8,7094,0,2382
r35c203,25.35917,55.56833,25.34917,55.55833,25.36917,55.57833,Sharjah,Sharjah,osm_admin_8,12170,0,4086
r35c204,25.35917,55.58833,25.34917,55.57833,25.36917,55.59833,Sharjah,Sharjah,osm_admin_8,14063,0,4721
r35c205,25.35917,55.60833,25.34917,55.59833,25.36917,55.61833,Sharjah,Sharjah,osm_admin_8,9064,3,3043
r35c206,25.35917,55.62833,25.34917,55.61833,25.36917,55.63833,Sharjah,Sharjah,osm_admin_8,9225,7160,3097
r35c207,25.35917,55.64833,25.34917,55.63833,25.36917,55.65833,Sharjah,Sharjah,osm_admin_8,3888,373,1305
r35c208,25.35917,55.66833,25.34917,55.65833,25.36917,55.67833,Sharjah,Sharjah,osm_admin_8,1382,36,464
r35c217,25.35917,55.84833,25.34917,55.83833,25.36917,55.85833,Umm Al Quwain,Falaj Al-Mu'alla,osm_place,3461,0,1162
r35c218,25.35917,55.86833,25.34917,55.85833,25.36917,55.87833,Umm Al Quwain,Falaj Al-Mu'alla,osm_place,2207,0,741
r35c219,25.35917,55.88833,25.34917,55.87833,25.36917,55.89833,Ras Al Khaimah,Ras Al Khaimah,emirate,507,0,170
r35c222,25.35917,55.94833,25.34917,55.93833,25.36917,55.95833,Sharjah,Al Dhaid,osm_admin_8,1223,0,410
r35c223,25.35917,55.96833,25.34917,55.95833,25.36917,55.97833,Sharjah,Al Dhaid,osm_admin_8,2463,101,827
r35c224,25.35917,55.98833,25.34917,55.97833,25.36917,55.99833,Sharjah,Al Dhaid,osm_admin_8,734,0,246
r35c226,25.35917,56.02833,25.34917,56.01833,25.36917,56.03833,Ras Al Khaimah,Al Haniyah,osm_place,946,0,318
r35c241,25.35917,56.32833,25.34917,56.31833,25.36917,56.33833,Sharjah,Khor Fakkan,osm_admin_8,1063,0,357
r35c242,25.35917,56.34833,25.34917,56.33833,25.36917,56.35833,Sharjah,Khor Fakkan,osm_admin_8,14662,0,4923
r35c243,25.35917,56.36833,25.34917,56.35833,25.36917,56.37833,Sharjah,Al Khaledya,osm_place,1920,1653,645
r36c193,25.33917,55.36833,25.32917,55.35833,25.34917,55.37833,Sharjah,Sharjah,osm_admin_8,18639,0,6258
r36c194,25.33917,55.38833,25.32917,55.37833,25.34917,55.39833,Sharjah,Sharjah,osm_admin_8,17555,164,5894
r36c195,25.33917,55.40833,25.32917,55.39833,25.34917,55.41833,Sharjah,Sharjah,osm_admin_8,20067,7393,6737
r36c196,25.33917,55.42833,25.32917,55.41833,25.34917,55.43833,Sharjah,Sharjah,osm_admin_8,21416,2269,7190
r36c197,25.33917,55.44833,25.32917,55.43833,25.34917,55.45833,Sharjah,Sharjah,osm_admin_8,22102,0,7420
r36c198,25.33917,55.46833,25.32917,55.45833,25.34917,55.47833,Sharjah,Wasit,osm_admin_8,18437,954,6190
r36c199,25.33917,55.48833,25.32917,55.47833,25.34917,55.49833,Sharjah,Sharjah International Airport,osm_admin_8,13171,9247,4422
r36c200,25.33917,55.50833,25.32917,55.49833,25.34917,55.51833,Sharjah,Sharjah International Airport,osm_admin_8,2680,177,900
r36c201,25.33917,55.52833,25.32917,55.51833,25.34917,55.53833,Sharjah,Sharjah International Airport,osm_admin_8,2463,0,827
r36c202,25.33917,55.54833,25.32917,55.53833,25.34917,55.55833,Sharjah,Sharjah,osm_admin_8,4337,0,1456
r36c203,25.33917,55.56833,25.32917,55.55833,25.34917,55.57833,Sharjah,Sharjah,osm_admin_8,6911,0,2320
r36c204,25.33917,55.58833,25.32917,55.57833,25.34917,55.59833,Sharjah,Sharjah,osm_admin_8,14602,0,4902
r36c205,25.33917,55.60833,25.32917,55.59833,25.34917,55.61833,Sharjah,Sharjah,osm_admin_8,11901,500,3996
r36c206,25.33917,55.62833,25.32917,55.61833,25.34917,55.63833,Sharjah,Sharjah,osm_admin_8,13052,10077,4382
r36c207,25.33917,55.64833,25.32917,55.63833,25.34917,55.65833,Sharjah,Sharjah,osm_admin_8,6820,4159,2290
r36c208,25.33917,55.66833,25.32917,55.65833,25.34917,55.67833,Sharjah,Sharjah,osm_admin_8,2315,942,777
r36c211,25.33917,55.72833,25.32917,55.71833,25.34917,55.73833,Sharjah,Al Batayih,osm_admin_8,1053,0,354
r36c212,25.33917,55.74833,25.32917,55.73833,25.34917,55.75833,Sharjah,Al Batayih,osm_admin_8,1438,0,483
r36c217,25.33917,55.84833,25.32917,55.83833,25.34917,55.85833,Umm Al Quwain,Falaj Al-Mu'alla,osm_place,1775,24,596
r36c218,25.33917,55.86833,25.32917,55.85833,25.34917,55.87833,Umm Al Quwain,Falaj Al-Mu'alla,osm_place,1121,0,376
r36c220,25.33917,55.90833,25.32917,55.89833,25.34917,55.91833,Sharjah,Al Dhaid,osm_admin_8,2350,0,789
r36c221,25.33917,55.92833,25.32917,55.91833,25.34917,55.93833,Sharjah,Al Dhaid,osm_admin_8,844,0,283
r36c222,25.33917,55.94833,25.32917,55.93833,25.34917,55.95833,Sharjah,Al Dhaid,osm_admin_8,1303,0,437
r36c223,25.33917,55.96833,25.32917,55.95833,25.34917,55.97833,Ajman,Naseem,osm_place,2413,0,810
r36c224,25.33917,55.98833,25.32917,55.97833,25.34917,55.99833,Ajman,Naseem,osm_place,2475,0,831
r36c225,25.33917,56.00833,25.32917,55.99833,25.34917,56.01833,Ajman,Manama,osm_place,5818,0,1953
r36c226,25.33917,56.02833,25.32917,56.01833,25.34917,56.03833,Ajman,Al Haniyah,osm_place,6241,0,2095
r36c233,25.33917,56.16833,25.32917,56.15833,25.34917,56.17833,Fujairah,Fujairah,emirate,1591,0,534
r36c241,25.33917,56.32833,25.32917,56.31833,25.34917,56.33833,Sharjah,Khor Fakkan,osm_admin_8,2579,0,866
r36c242,25.33917,56.34833,25.32917,56.33833,25.34917,56.35833,Sharjah,Khor Fakkan,osm_admin_8,22017,160,7392
r36c243,25.33917,56.36833,25.32917,56.35833,25.34917,56.37833,Sharjah,Khor Fakkan,osm_admin_8,3511,547,1179
r37c192,25.31917,55.34833,25.30917,55.33833,25.32917,55.35833,Dubai,Al Mamzar,osm_admin_10,5078,0,1705
r37c193,25.31917,55.36833,25.30917,55.35833,25.32917,55.37833,Sharjah,Al Khan,osm_place,12680,0,4257
r37c194,25.31917,55.38833,25.30917,55.37833,25.32917,55.39833,Sharjah,Sharjah,osm_admin_8,15567,5424,5226
r37c195,25.31917,55.40833,25.30917,55.39833,25.32917,55.41833,Sharjah,Sharjah,osm_admin_8,8560,7931,2874
r37c196,25.31917,55.42833,25.30917,55.41833,25.32917,55.43833,Sharjah,Sharjah,osm_admin_8,14030,12279,4710
r37c197,25.31917,55.44833,25.30917,55.43833,25.32917,55.45833,Sharjah,Sharjah,osm_admin_8,19397,4296,6512
r37c198,25.31917,55.46833,25.30917,55.45833,25.32917,55.47833,Sharjah,Sharjah,osm_admin_8,14272,0,4791
r37c199,25.31917,55.48833,25.30917,55.47833,25.32917,55.49833,Sharjah,Sharjah,osm_admin_8,12209,2375,4099
r37c200,25.31917,55.50833,25.30917,55.49833,25.32917,55.51833,Sharjah,Sharjah,osm_admin_8,15300,1842,5137
r37c201,25.31917,55.52833,25.30917,55.51833,25.32917,55.53833,Sharjah,Sharjah International Airport,osm_admin_8,9082,0,3049
r37c202,25.31917,55.54833,25.30917,55.53833,25.32917,55.55833,Sharjah,Sharjah,osm_admin_8,3507,8,1177
r37c203,25.31917,55.56833,25.30917,55.55833,25.32917,55.57833,Sharjah,Sharjah,osm_admin_8,3820,0,1282
r37c204,25.31917,55.58833,25.30917,55.57833,25.32917,55.59833,Sharjah,Sharjah,osm_admin_8,3205,165,1076
r37c205,25.31917,55.60833,25.30917,55.59833,25.32917,55.61833,Sharjah,Sharjah,osm_admin_8,8470,0,2844
r37c206,25.31917,55.62833,25.30917,55.61833,25.32917,55.63833,Sharjah,Sharjah,osm_admin_8,18901,27,6346
r37c207,25.31917,55.64833,25.30917,55.63833,25.32917,55.65833,Sharjah,Sharjah,osm_admin_8,13646,2265,4581
r37c208,25.31917,55.66833,25.30917,55.65833,25.32917,55.67833,Sharjah,Sharjah,osm_admin_8,3271,1945,1098
r37c211,25.31917,55.72833,25.30917,55.71833,25.32917,55.73833,Sharjah,Al Batayih,osm_admin_8,1428,0,479
r37c212,25.31917,55.74833,25.30917,55.73833,25.32917,55.75833,Sharjah,Al Batayih,osm_admin_8,2387,0,801
r37c213,25.31917,55.76833,25.30917,55.75833,25.32917,55.77833,Sharjah,Al Batayih,osm_admin_8,1160,0,390
r37c217,25.31917,55.84833,25.30917,55.83833,25.32917,55.85833,Umm Al Quwain,Al Hosn2,osm_place,590,0,198
r37c218,25.31917,55.86833,25.30917,55.85833,25.32917,55.87833,Sharjah,Al Dhaid,osm_admin_8,4045,0,1358
r37c219,25.31917,55.88833,25.30917,55.87833,25.32917,55.89833,Sharjah,Al Dhaid,osm_admin_8,2380,0,799
r37c220,25.31917,55.90833,25.30917,55.89833,25.32917,55.91833,Sharjah,Al Dhaid,osm_admin_8,3203,0,1075
r37c221,25.31917,55.92833,25.30917,55.91833,25.32917,55.93833,Sharjah,Al Dhaid,osm_admin_8,3170,0,1064
r37c222,25.31917,55.94833,25.30917,55.93833,25.32917,55.95833,Sharjah,Al Dhaid,osm_admin_8,734,0,246
r37c223,25.31917,55.96833,25.30917,55.95833,25.32917,55.97833,Sharjah,Al Dhaid,osm_admin_8,2365,15,794
r37c224,25.31917,55.98833,25.30917,55.97833,25.32917,55.99833,Ajman,Naseem,osm_place,5356,31,1798
r37c225,25.31917,56.00833,25.30917,55.99833,25.32917,56.01833,Ajman,Manama,osm_place,9291,0,3119
r37c226,25.31917,56.02833,25.30917,56.01833,25.32917,56.03833,Ras Al Khaimah,Thoban,osm_place,4554,32,1529
r37c231,25.31917,56.12833,25.30917,56.11833,25.32917,56.13833,Fujairah,Marbad,osm_place,1913,0,642
r37c233,25.31917,56.16833,25.30917,56.15833,25.32917,56.17833,Fujairah,Masafi,osm_place,2947,0,989
r37c241,25.31917,56.32833,25.30917,56.31833,25.32917,56.33833,Sharjah,Khor Fakkan,osm_admin_8,4505,0,1512
r37c242,25.31917,56.34833,25.30917,56.33833,25.32917,56.35833,Sharjah,Khor Fakkan,osm_admin_8,8478,0,2846
r37c243,25.31917,56.36833,25.30917,56.35833,25.32917,56.37833,Fujairah,Al Musalla,osm_place,1671,479,561
r38c189,25.29917,55.28833,25.28917,55.27833,25.30917,55.29833,Dubai,Palm Deira,osm_admin_10,586,0,197
r38c190,25.29917,55.30833,25.28917,55.29833,25.30917,55.31833,Dubai,Palm Deira,osm_admin_10,4039,55,1356
r38c191,25.29917,55.32833,25.28917,55.31833,25.30917,55.33833,Dubai,Al Hamriya Port,osm_place,7891,469,2649
r38c192,25.29917,55.34833,25.28917,55.33833,25.30917,55.35833,Dubai,Al Mamzar,osm_admin_10,12723,0,4271
r38c193,25.29917,55.36833,25.28917,55.35833,25.30917,55.37833,Sharjah,Sharjah,osm_admin_8,19559,0,6566
r38c194,25.29917,55.38833,25.28917,55.37833,25.30917,55.39833,Dubai,Al Qusais Industrial Area,osm_admin_10,19496,2389,6545
r38c195,25.29917,55.40833,25.28917,55.39833,25.30917,55.41833,Sharjah,Sharjah,osm_admin_8,12830,7586,4307
r38c196,25.29917,55.42833,25.28917,55.41833,25.30917,55.43833,Sharjah,Sharjah,osm_admin_8,11150,10036,3743
r38c197,25.29917,55.44833,25.28917,55.43833,25.30917,55.45833,Sharjah,Sharjah,osm_admin_8,19621,2096,6587
r38c198,25.29917,55.46833,25.28917,55.45833,25.30917,55.47833,Sharjah,Sharjah,osm_admin_8,9640,83,3236
r38c199,25.29917,55.48833,25.28917,55.47833,25.30917,55.49833,Sharjah,Sharjah,osm_admin_8,18053,0,6061
r38c200,25.29917,55.50833,25.28917,55.49833,25.30917,55.51833,Sharjah,Sharjah,osm_admin_8,20825,0,6991
r38c201,25.29917,55.52833,25.28917,55.51833,25.30917,55.53833,Sharjah,Sharjah,osm_admin_8,21013,0,7055
r38c202,25.29917,55.54833,25.28917,55.53833,25.30917,55.55833,Sharjah,Sharjah,osm_admin_8,10216,0,3430
r38c203,25.29917,55.56833,25.28917,55.55833,25.30917,55.57833,Sharjah,Sharjah,osm_admin_8,5733,0,1925
r38c204,25.29917,55.58833,25.28917,55.57833,25.30917,55.59833,Sharjah,Sharjah,osm_admin_8,8320,0,2793
r38c205,25.29917,55.60833,25.28917,55.59833,25.30917,55.61833,Sharjah,Sharjah,osm_admin_8,9153,1187,3073
r38c206,25.29917,55.62833,25.28917,55.61833,25.30917,55.63833,Sharjah,Sharjah,osm_admin_8,15945,673,5353
r38c207,25.29917,55.64833,25.28917,55.63833,25.30917,55.65833,Sharjah,Sharjah,osm_admin_8,4439,0,1490
r38c208,25.29917,55.66833,25.28917,55.65833,25.30917,55.67833,Sharjah,Sharjah,osm_admin_8,677,0,227
r38c215,25.29917,55.80833,25.28917,55.79833,25.30917,55.81833,Sharjah,Al Batayih,osm_admin_8,924,0,310
r38c217,25.29917,55.84833,25.28917,55.83833,25.30917,55.85833,Sharjah,Al Dhaid,osm_admin_8,3296,0,1106
r38c218,25.29917,55.86833,25.28917,55.85833,25.30917,55.87833,Sharjah,Al Dhaid,osm_admin_8,11637,0,3907
r38c219,25.29917,55.88833,25.28917,55.87833,25.30917,55.89833,Sharjah,Al Dhaid,osm_admin_8,13698,305,4599
r38c220,25.29917,55.90833,25.28917,55.89833,25.30917,55.91833,Sharjah,Al Dhaid,osm_admin_8,5740,0,1927
r38c221,25.29917,55.92833,25.28917,55.91833,25.30917,55.93833,Sharjah,Al Dhaid,osm_admin_8,6100,0,2048
r38c222,25.29917,55.94833,25.28917,55.93833,25.30917,55.95833,Sharjah,Al Dhaid,osm_admin_8,2570,0,863
r38c223,25.29917,55.96833,25.28917,55.95833,25.30917,55.97833,Sharjah,Al Dhaid,osm_admin_8,2184,0,733
r38c224,25.29917,55.98833,25.28917,55.97833,25.30917,55.99833,Sharjah,Al Dhaid,osm_admin_8,4645,0,1559
r38c225,25.29917,56.00833,25.28917,55.99833,25.30917,56.01833,Fujairah,Thoban,osm_place,3567,1182,1198
r38c226,25.29917,56.02833,25.28917,56.01833,25.30917,56.03833,Fujairah,Thoban,osm_place,3068,181,1030
r38c227,25.29917,56.04833,25.28917,56.03833,25.30917,56.05833,Fujairah,Thoban,osm_place,794,5,266
r38c228,25.29917,56.06833,25.28917,56.05833,25.30917,56.07833,Fujairah,Fujairah,emirate,658,62,221
r38c230,25.29917,56.10833,25.28917,56.09833,25.30917,56.11833,Fujairah,Fujairah,emirate,851,14,286
r38c231,25.29917,56.12833,25.28917,56.11833,25.30917,56.13833,Fujairah,Marbad,osm_place,852,0,286
r38c232,25.29917,56.14833,25.28917,56.13833,25.30917,56.15833,Fujairah,Masafi,osm_place,1569,0,527
r38c233,25.29917,56.16833,25.28917,56.15833,25.30917,56.17833,Fujairah,Al Ghamarah,osm_place,3739,0,1255
r38c242,25.29917,56.34833,25.28917,56.33833,25.30917,56.35833,Fujairah,Al Qitaylah,osm_place,2950,0,990
r38c243,25.29917,56.36833,25.28917,56.35833,25.30917,56.37833,Fujairah,Al oqeer,osm_place,4986,990,1674
r39c188,25.27917,55.26833,25.26917,55.25833,25.28917,55.27833,Dubai,Al Shindagha,osm_place,1132,0,380
r39c189,25.27917,55.28833,25.26917,55.27833,25.28917,55.29833,Dubai,Al Ras,osm_place,4870,0,1635
r39c190,25.27917,55.30833,25.26917,55.29833,25.28917,55.31833,Dubai,Corniche Deira,osm_admin_10,15806,35,5306
r39c191,25.27917,55.32833,25.26917,55.31833,25.28917,55.33833,Dubai,Hor Al Anz,osm_admin_10,22510,0,7557
r39c192,25.27917,55.34833,25.26917,55.33833,25.28917,55.35833,Dubai,Hor Al Anz,osm_admin_10,20392,0,6846
r39c193,25.27917,55.36833,25.26917,55.35833,25.28917,55.37833,Dubai,Al Qusais,osm_admin_10,19744,0,6628
r39c194,25.27917,55.38833,25.26917,55.37833,25.28917,55.39833,Dubai,Al Qusais Industrial Area,osm_admin_10,18392,160,6175
r39c195,25.27917,55.40833,25.26917,55.39833,25.28917,55.41833,Dubai,Muhaisnah,osm_admin_10,17784,1199,5970
r39c196,25.27917,55.42833,25.26917,55.41833,25.28917,55.43833,Dubai,Muhaisnah,osm_admin_10,10439,3147,3505
r39c197,25.27917,55.44833,25.26917,55.43833,25.28917,55.45833,Sharjah,Sharjah,osm_admin_8,13142,5189,4412
r39c198,25.27917,55.46833,25.26917,55.45833,25.28917,55.47833,Sharjah,Sharjah,osm_admin_8,9571,2020,3213
r39c199,25.27917,55.48833,25.26917,55.47833,25.28917,55.49833,Sharjah,Sharjah,osm_admin_8,19557,274,6566
r39c200,25.27917,55.50833,25.26917,55.49833,25.28917,55.51833,Sharjah,Sharjah,osm_admin_8,22310,0,7490
r39c201,25.27917,55.52833,25.26917,55.51833,25.28917,55.53833,Sharjah,Sharjah,osm_admin_8,7266,0,2439
r39c202,25.27917,55.54833,25.26917,55.53833,25.28917,55.55833,Sharjah,Sharjah,osm_admin_8,2213,0,743
r39c203,25.27917,55.56833,25.26917,55.55833,25.28917,55.57833,Sharjah,Sharjah,osm_admin_8,3579,0,1202
r39c204,25.27917,55.58833,25.26917,55.57833,25.28917,55.59833,Sharjah,Sharjah,osm_admin_8,1121,0,376
r39c205,25.27917,55.60833,25.26917,55.59833,25.28917,55.61833,Sharjah,Sharjah,osm_admin_8,775,0,260
r39c206,25.27917,55.62833,25.26917,55.61833,25.28917,55.63833,Sharjah,Sharjah,osm_admin_8,2093,0,703
r39c207,25.27917,55.64833,25.26917,55.63833,25.28917,55.65833,Sharjah,Sharjah,osm_admin_8,1233,0,414
r39c209,25.27917,55.68833,25.26917,55.67833,25.28917,55.69833,Sharjah,Al Batayih,osm_admin_8,1324,0,445
r39c211,25.27917,55.72833,25.26917,55.71833,25.28917,55.73833,Sharjah,Al Batayih,osm_admin_8,1988,0,668
r39c212,25.27917,55.74833,25.26917,55.73833,25.28917,55.75833,Sharjah,Al Batayih,osm_admin_8,2267,0,761
r39c214,25.27917,55.78833,25.26917,55.77833,25.28917,55.79833,Sharjah,Al Batayih,osm_admin_8,3835,0,1288
r39c217,25.27917,55.84833,25.26917,55.83833,25.28917,55.85833,Sharjah,Al Dhaid,osm_admin_8,2090,0,702
r39c218,25.27917,55.86833,25.26917,55.85833,25.28917,55.87833,Sharjah,Al Dhaid,osm_admin_8,13895,146,4665
r39c219,25.27917,55.88833,25.26917,55.87833,25.28917,55.89833,Sharjah,Al Dhaid,osm_admin_8,14701,558,4935
r39c220,25.27917,55.90833,25.26917,55.89833,25.28917,55.91833,Sharjah,Al Dhaid,osm_admin_8,5625,0,1889
r39c221,25.27917,55.92833,25.26917,55.91833,25.28917,55.93833,Sharjah,Al Dhaid,osm_admin_8,7713,0,2589
r39c222,25.27917,55.94833,25.26917,55.93833,25.28917,55.95833,Sharjah,Al Dhaid,osm_admin_8,7353,0,2468
r39c223,25.27917,55.96833,25.26917,55.95833,25.28917,55.97833,Sharjah,Al Dhaid,osm_admin_8,5974,0,2006
r39c224,25.27917,55.98833,25.26917,55.97833,25.28917,55.99833,Sharjah,Al Dhaid,osm_admin_8,5710,0,1917
r39c225,25.27917,56.00833,25.26917,55.99833,25.28917,56.01833,Fujairah,Fujairah,emirate,3206,115,1076
r39c226,25.27917,56.02833,25.26917,56.01833,25.28917,56.03833,Fujairah,Thoban,osm_place,1420,85,477
r39c227,25.27917,56.04833,25.26917,56.03833,25.28917,56.05833,Fujairah,Fujairah,emirate,824,0,277
r39c230,25.27917,56.10833,25.26917,56.09833,25.28917,56.11833,Fujairah,Fujairah,emirate,587,12,197
r39c233,25.27917,56.16833,25.26917,56.15833,25.28917,56.17833,Fujairah,Ghadf,osm_place,935,0,314
r39c234,25.27917,56.18833,25.26917,56.17833,25.28917,56.19833,Fujairah,Daftah,osm_place,629,0,211
r39c239,25.27917,56.28833,25.26917,56.27833,25.28917,56.29833,Sharjah,Nahwa,osm_place,544,0,183
r39c242,25.27917,56.34833,25.26917,56.33833,25.28917,56.35833,Fujairah,Mirbah,osm_place,4270,0,1433
r39c243,25.27917,56.36833,25.26917,56.35833,25.28917,56.37833,Fujairah,Mirbah,osm_place,5698,0,1913
r40c187,25.25917,55.24833,25.24917,55.23833,25.26917,55.25833,Dubai,Dubai Maritime City,osm_place,569,0,191
r40c188,25.25917,55.26833,25.24917,55.25833,25.26917,55.27833,Dubai,Dubai Maritime City,osm_place,6661,1191,2236
r40c189,25.25917,55.28833,25.24917,55.27833,25.26917,55.29833,Dubai,Al Raffa,osm_admin_10,18177,0,6103
r40c190,25.25917,55.30833,25.24917,55.29833,25.26917,55.31833,Dubai,Umm Hurair 1,osm_admin_10,18290,0,6141
r40c191,25.25917,55.32833,25.24917,55.31833,25.26917,55.33833,Dubai,Port Saeed,osm_admin_10,19794,0,6645
r40c192,25.25917,55.34833,25.24917,55.33833,25.26917,55.35833,Dubai,Dubai International Airport,osm_admin_10,15248,268,5119
r40c193,25.25917,55.36833,25.24917,55.35833,25.26917,55.37833,Dubai,Dubai International Airport,osm_admin_10,13503,37,4533
r40c194,25.25917,55.38833,25.24917,55.37833,25.26917,55.39833,Dubai,Al Twar,osm_admin_10,18679,0,6271
r40c195,25.25917,55.40833,25.24917,55.39833,25.26917,55.41833,Dubai,Muhaisnah,osm_admin_10,16748,996,5623
r40c196,25.25917,55.42833,25.24917,55.41833,25.26917,55.43833,Dubai,Muhaisnah,osm_admin_10,17940,0,6023
r40c197,25.25917,55.44833,25.24917,55.43833,25.26917,55.45833,Dubai,Oud Al Muteena,osm_admin_10,19685,0,6609
r40c198,25.25917,55.46833,25.24917,55.45833,25.26917,55.47833,Dubai,Oud Al Muteena,osm_admin_10,17434,66,5853
r40c199,25.25917,55.48833,25.24917,55.47833,25.26917,55.49833,Dubai,Al Khawaneej 1,osm_place,14746,1897,4951
r40c200,25.25917,55.50833,25.24917,55.49833,25.26917,55.51833,Sharjah,Sharjah,osm_admin_8,12859,2339,4317
r40c201,25.25917,55.52833,25.24917,55.51833,25.26917,55.53833,Sharjah,Sharjah,osm_admin_8,5179,1302,1739
r40c202,25.25917,55.54833,25.24917,55.53833,25.26917,55.55833,Sharjah,Sharjah,osm_admin_8,2558,332,859
r40c203,25.25917,55.56833,25.24917,55.55833,25.26917,55.57833,Sharjah,Sharjah,osm_admin_8,4539,22,1524
r40c204,25.25917,55.58833,25.24917,55.57833,25.26917,55.59833,Sharjah,Sharjah,osm_admin_8,2091,0,702
r40c205,25.25917,55.60833,25.24917,55.59833,25.26917,55.61833,Sharjah,Sharjah,osm_admin_8,2808,0,943
r40c206,25.25917,55.62833,25.24917,55.61833,25.26917,55.63833,Sharjah,Sharjah,osm_admin_8,1130,0,379
r40c207,25.25917,55.64833,25.24917,55.63833,25.26917,55.65833,Sharjah,Sharjah,osm_admin_8,810,0,272
r40c211,25.25917,55.72833,25.24917,55.71833,25.26917,55.73833,Sharjah,Al Batayih,osm_admin_8,502,0,169
r40c214,25.25917,55.78833,25.24917,55.77833,25.26917,55.79833,Sharjah,Al Batayih,osm_admin_8,536,0,180
r40c216,25.25917,55.82833,25.24917,55.81833,25.26917,55.83833,Sharjah,Al Batayih,osm_admin_8,754,0,253
r40c217,25.25917,55.84833,25.24917,55.83833,25.26917,55.85833,Sharjah,Al Dhaid,osm_admin_8,1527,0,513
r40c218,25.25917,55.86833,25.24917,55.85833,25.26917,55.87833,Sharjah,Al Dhaid,osm_admin_8,4111,0,1380
r40c219,25.25917,55.88833,25.24917,55.87833,25.26917,55.89833,Sharjah,Al Dhaid,osm_admin_8,8849,0,2971
r40c220,25.25917,55.90833,25.24917,55.89833,25.26917,55.91833,Sharjah,Al Dhaid,osm_admin_8,3638,0,1221
r40c221,25.25917,55.92833,25.24917,55.91833,25.26917,55.93833,Sharjah,Al Dhaid,osm_admin_8,992,0,333
r40c222,25.25917,55.94833,25.24917,55.93833,25.26917,55.95833,Sharjah,Al Dhaid,osm_admin_8,900,0,302
r40c223,25.25917,55.96833,25.24917,55.95833,25.26917,55.97833,Sharjah,Al Dhaid,osm_admin_8,1265,0,425
r40c224,25.25917,55.98833,25.24917,55.97833,25.26917,55.99833,Sharjah,Al Dhaid,osm_admin_8,1098,0,369
r40c226,25.25917,56.02833,25.24917,56.01833,25.26917,56.03833,Fujairah,Fujairah,emirate,674,0,226
r40c227,25.25917,56.04833,25.24917,56.03833,25.26917,56.05833,Fujairah,Fujairah,emirate,592,0,199
r40c228,25.25917,56.06833,25.24917,56.05833,25.26917,56.07833,Fujairah,Siji,osm_place,1224,7,411
r40c229,25.25917,56.08833,25.24917,56.07833,25.26917,56.09833,Fujairah,Shawīyah,osm_place,1113,16,374
r40c230,25.25917,56.10833,25.24917,56.09833,25.26917,56.11833,Fujairah,Shawīyah,osm_place,784,55,263
r40c233,25.25917,56.16833,25.24917,56.15833,25.26917,56.17833,Fujairah,Daftah,osm_place,1210,0,406
r40c242,25.25917,56.34833,25.24917,56.33833,25.26917,56.35833,Fujairah,Sha'biyyāt Qirat,osm_place,2847,30,956
r40c243,25.25917,56.36833,25.24917,56.35833,25.26917,56.37833,Fujairah,Qurayyah,osm_place,3081,0,1034
r41c187,25.23917,55.24833,25.22917,55.23833,25.24917,55.25833,Dubai,Jumeirah,osm_admin_10,1248,0,419
r41c188,25.23917,55.26833,25.22917,55.25833,25.24917,55.27833,Dubai,Jumeirah,osm_admin_10,17225,1086,5783
r41c189,25.23917,55.28833,25.22917,55.27833,25.24917,55.29833,Dubai,Al Jafiliya,osm_admin_10,20778,273,6976
r41c190,25.23917,55.30833,25.22917,55.29833,25.24917,55.31833,Dubai,Oud Metha,osm_admin_10,20791,0,6980
r41c191,25.23917,55.32833,25.22917,55.31833,25.24917,55.33833,Dubai,Umm Hurair 2,osm_place,12429,0,4173
r41c192,25.23917,55.34833,25.22917,55.33833,25.24917,55.35833,Dubai,Al Garhoud,osm_admin_10,17001,0,5708
r41c193,25.23917,55.36833,25.22917,55.35833,25.24917,55.37833,Dubai,Umm Ramool,osm_admin_10,17239,139,5787
r41c194,25.23917,55.38833,25.22917,55.37833,25.24917,55.39833,Dubai,Dubai International Airport,osm_admin_10,12587,65,4226
r41c195,25.23917,55.40833,25.22917,55.39833,25.24917,55.41833,Dubai,Muhaisnah,osm_admin_10,15832,253,5315
r41c196,25.23917,55.42833,25.22917,55.41833,25.24917,55.43833,Dubai,Al Mizhar,osm_admin_10,17191,0,5771
r41c197,25.23917,55.44833,25.22917,55.43833,25.24917,55.45833,Dubai,Al Mizhar,osm_admin_10,17203,0,5776
r41c198,25.23917,55.46833,25.22917,55.45833,25.24917,55.47833,Dubai,Al Mizhar 2,osm_place,14649,0,4918
r41c199,25.23917,55.48833,25.22917,55.47833,25.24917,55.49833,Dubai,Al Khawaneej 1,osm_place,14861,0,4989
r41c200,25.23917,55.50833,25.22917,55.49833,25.24917,55.51833,Dubai,Al-Khawaneej,osm_place,11004,0,3694
r41c201,25.23917,55.52833,25.22917,55.51833,25.24917,55.53833,Dubai,Al Khawaneej 2,osm_place,6816,628,2288
r41c202,25.23917,55.54833,25.22917,55.53833,25.24917,55.55833,Dubai,Al Ttay,osm_place,5910,2161,1984
r41c203,25.23917,55.56833,25.22917,55.55833,25.24917,55.57833,Sharjah,Sharjah,osm_admin_8,2132,435,716
r41c204,25.23917,55.58833,25.22917,55.57833,25.24917,55.59833,Sharjah,Sharjah,osm_admin_8,4737,0,1590
r41c205,25.23917,55.60833,25.22917,55.59833,25.24917,55.61833,Sharjah,Sharjah,osm_admin_8,9111,0,3059
r41c206,25.23917,55.62833,25.22917,55.61833,25.24917,55.63833,Sharjah,Sharjah,osm_admin_8,5524,0,1854
r41c207,25.23917,55.64833,25.22917,55.63833,25.24917,55.65833,Sharjah,Sharjah,osm_admin_8,1778,0,597
r41c209,25.23917,55.68833,25.22917,55.67833,25.24917,55.69833,Sharjah,Al Batayih,osm_admin_8,566,0,190
r41c215,25.23917,55.80833,25.22917,55.79833,25.24917,55.81833,Sharjah,Al Batayih,osm_admin_8,1100,0,369
r41c216,25.23917,55.82833,25.22917,55.81833,25.24917,55.83833,Sharjah,Al Batayih,osm_admin_8,1236,0,415
r41c218,25.23917,55.86833,25.22917,55.85833,25.24917,55.87833,Sharjah,Al Dhaid,osm_admin_8,701,0,236
r41c219,25.23917,55.88833,25.22917,55.87833,25.24917,55.89833,Sharjah,Al Dhaid,osm_admin_8,2340,0,786
r41c220,25.23917,55.90833,25.22917,55.89833,25.24917,55.91833,Sharjah,Al Dhaid,osm_admin_8,6258,0,2101
r41c221,25.23917,55.92833,25.22917,55.91833,25.24917,55.93833,Sharjah,Al Dhaid,osm_admin_8,3823,0,1283
r41c222,25.23917,55.94833,25.22917,55.93833,25.24917,55.95833,Sharjah,Al Dhaid,osm_admin_8,964,0,324
r41c224,25.23917,55.98833,25.22917,55.97833,25.24917,55.99833,Sharjah,Al Dhaid,osm_admin_8,2172,0,729
r41c225,25.23917,56.00833,25.22917,55.99833,25.24917,56.01833,Fujairah,Fujairah,emirate,699,43,235
r41c228,25.23917,56.06833,25.22917,56.05833,25.24917,56.07833,Fujairah,Siji,osm_place,1816,0,610
r41c229,25.23917,56.08833,25.22917,56.07833,25.24917,56.09833,Fujairah,Siji,osm_place,987,38,331
r41c230,25.23917,56.10833,25.22917,56.09833,25.24917,56.11833,Fujairah,Fujairah,emirate,701,73,235
r41c242,25.23917,56.34833,25.22917,56.33833,25.24917,56.35833,Fujairah,Theeb,osm_place,5070,0,1702
r41c243,25.23917,56.36833,25.22917,56.35833,25.24917,56.37833,Fujairah,Qurayyah,osm_place,789,0,265
r42c186,25.21917,55.22833,25.20917,55.21833,25.22917,55.23833,Dubai,Jumeirah,osm_admin_10,595,0,200
r42c187,25.21917,55.24833,25.20917,55.23833,25.22917,55.25833,Dubai,Jumeirah 1,osm_place,8844,0,2969
r42c188,25.21917,55.26833,25.20917,55.25833,25.22917,55.27833,Dubai,Al Satwa,osm_admin_10,22449,41,7537
r42c189,25.21917,55.28833,25.20917,55.27833,25.22917,55.29833,Dubai,Zabeel,osm_admin_10,16284,94,5467
r42c190,25.21917,55.30833,25.20917,55.29833,25.22917,55.31833,Dubai,Zabeel,osm_admin_10,13661,0,4586
r42c191,25.21917,55.32833,25.20917,55.31833,25.22917,55.33833,Dubai,Al Jaddaf,osm_admin_10,15948,1784,5354
r42c192,25.21917,55.34833,25.20917,55.33833,25.22917,55.35833,Dubai,The Island District,osm_place,8158,233,2739
r42c193,25.21917,55.36833,25.20917,55.35833,25.22917,55.37833,Dubai,Al Kheeran,osm_place,14369,0,4824
r42c194,25.21917,55.38833,25.20917,55.37833,25.22917,55.39833,Dubai,Al Rashidiya,osm_admin_10,19103,0,6413
r42c195,25.21917,55.40833,25.20917,55.39833,25.22917,55.41833,Dubai,Mirdif,osm_admin_10,14287,349,4797
r42c196,25.21917,55.42833,25.20917,55.41833,25.22917,55.43833,Dubai,Mirdif,osm_admin_10,15245,0,5118
r42c197,25.21917,55.44833,25.20917,55.43833,25.22917,55.45833,Dubai,Mushrif,osm_admin_10,3830,0,1286
r42c198,25.21917,55.46833,25.20917,55.45833,25.22917,55.47833,Dubai,Wadi Al Amardi,osm_admin_10,8691,0,2918
r42c199,25.21917,55.48833,25.20917,55.47833,25.22917,55.49833,Dubai,Wadi Al Amardi,osm_admin_10,9768,0,3280
r42c200,25.21917,55.50833,25.20917,55.49833,25.22917,55.51833,Dubai,Al Khawaneej 2,osm_place,11102,0,3727
r42c201,25.21917,55.52833,25.20917,55.51833,25.22917,55.53833,Dubai,Al Khawaneej 2,osm_place,6426,0,2157
r42c202,25.21917,55.54833,25.20917,55.53833,25.22917,55.55833,Dubai,Aleyas,osm_admin_10,4255,35,1429
r42c203,25.21917,55.56833,25.20917,55.55833,25.22917,55.57833,Dubai,Al Awir,osm_admin_10,4447,0,1493
r42c204,25.21917,55.58833,25.20917,55.57833,25.22917,55.59833,Dubai,Al Awir 1,osm_place,933,0,313
r42c205,25.21917,55.60833,25.20917,55.59833,25.22917,55.61833,Sharjah,Sharjah,osm_admin_8,2544,0,854
r42c206,25.21917,55.62833,25.20917,55.61833,25.22917,55.63833,Sharjah,Sharjah,osm_admin_8,6209,0,2085
r42c207,25.21917,55.64833,25.20917,55.63833,25.22917,55.65833,Sharjah,Al Batayih,osm_admin_8,3379,0,1134
r42c208,25.21917,55.66833,25.20917,55.65833,25.22917,55.67833,Sharjah,Al Batayih,osm_admin_8,1486,0,499
r42c211,25.21917,55.72833,25.20917,55.71833,25.22917,55.73833,Sharjah,Al Batayih,osm_admin_8,1627,0,546
r42c212,25.21917,55.74833,25.20917,55.73833,25.22917,55.75833,Sharjah,Al Batayih,osm_admin_8,722,0,243
r42c215,25.21917,55.80833,25.20917,55.79833,25.22917,55.81833,Sharjah,Al Batayih,osm_admin_8,895,0,300
r42c219,25.21917,55.88833,25.20917,55.87833,25.22917,55.89833,Sharjah,Al Dhaid,osm_admin_8,3913,0,1314
r42c220,25.21917,55.90833,25.20917,55.89833,25.22917,55.91833,Sharjah,Al Dhaid,osm_admin_8,4275,0,1435
r42c221,25.21917,55.92833,25.20917,55.91833,25.22917,55.93833,Sharjah,Al Dhaid,osm_admin_8,4289,0,1440
r42c222,25.21917,55.94833,25.20917,55.93833,25.22917,55.95833,Sharjah,Al Dhaid,osm_admin_8,1103,77,370
r42c224,25.21917,55.98833,25.20917,55.97833,25.22917,55.99833,Sharjah,Al Dhaid,osm_admin_8,772,0,259
r42c226,25.21917,56.02833,25.20917,56.01833,25.22917,56.03833,Fujairah,Fujairah,emirate,517,40,174
r42c235,25.21917,56.20833,25.20917,56.19833,25.22917,56.21833,Fujairah,Ghura,osm_place,1140,5,383
r42c241,25.21917,56.32833,25.20917,56.31833,25.22917,56.33833,Fujairah,Safad Al Qrayyah,osm_place,511,0,172
r42c242,25.21917,56.34833,25.20917,56.33833,25.22917,56.35833,Fujairah,Safad Al Qrayyah,osm_place,2407,1515,808
r43c186,25.19917,55.22833,25.18917,55.21833,25.20917,55.23833,Dubai,Jumeirah Island 2,osm_place,3625,0,1217
r43c187,25.19917,55.24833,25.18917,55.23833,25.20917,55.25833,Dubai,Jumeirah,osm_admin_10,21272,0,7142
r43c188,25.19917,55.26833,25.18917,55.25833,25.20917,55.27833,Dubai,Downtown Dubai,osm_admin_10,18764,63,6300
r43c189,25.19917,55.28833,25.18917,55.27833,25.20917,55.29833,Dubai,Zabeel,osm_admin_10,14568,18,4891
r43c190,25.19917,55.30833,25.18917,55.29833,25.20917,55.31833,Dubai,Zabeel,osm_admin_10,1887,0,634
r43c191,25.19917,55.32833,25.18917,55.31833,25.20917,55.33833,Dubai,Al Jaddaf,osm_admin_10,585,68,196
r43c192,25.19917,55.34833,25.18917,55.33833,25.20917,55.35833,Dubai,The Island District,osm_place,3260,0,1094
r43c193,25.19917,55.36833,25.18917,55.35833,25.20917,55.37833,Dubai,Al Kheeran 1,osm_place,6691,180,2246
r43c194,25.19917,55.38833,25.18917,55.37833,25.20917,55.39833,Dubai,Nadd Al Hamar,osm_admin_10,15652,0,5255
r43c195,25.19917,55.40833,25.18917,55.39833,25.20917,55.41833,Dubai,Al Warqa,osm_admin_10,16204,0,5440
r43c196,25.19917,55.42833,25.18917,55.41833,25.20917,55.43833,Dubai,Al Warqa,osm_admin_10,14683,0,4930
r43c197,25.19917,55.44833,25.18917,55.43833,25.20917,55.45833,Dubai,Mushrif,osm_admin_10,6878,0,2309
r43c198,25.19917,55.46833,25.18917,55.45833,25.20917,55.47833,Dubai,Wadi Al Amardi,osm_admin_10,2773,0,931
r43c199,25.19917,55.48833,25.18917,55.47833,25.20917,55.49833,Dubai,Wadi Al Amardi,osm_admin_10,4495,0,1509
r43c200,25.19917,55.50833,25.18917,55.49833,25.20917,55.51833,Dubai,Wadi Al Amardi,osm_admin_10,5487,0,1842
r43c201,25.19917,55.52833,25.18917,55.51833,25.20917,55.53833,Dubai,Aleyas,osm_admin_10,7146,0,2399
r43c202,25.19917,55.54833,25.18917,55.53833,25.20917,55.55833,Dubai,Al Awir,osm_admin_10,2587,0,869
r43c203,25.19917,55.56833,25.18917,55.55833,25.20917,55.57833,Dubai,Al Awir,osm_admin_10,2149,0,721
r43c204,25.19917,55.58833,25.18917,55.57833,25.20917,55.59833,Dubai,Al Awir,osm_admin_10,3423,0,1149
r43c205,25.19917,55.60833,25.18917,55.59833,25.20917,55.61833,Dubai,Dubai,emirate,3673,0,1233
r43c206,25.19917,55.62833,25.18917,55.61833,25.20917,55.63833,Dubai,Qatah,osm_place,1209,0,406
r43c207,25.19917,55.64833,25.18917,55.63833,25.20917,55.65833,Sharjah,Al Batayih,osm_admin_8,1084,0,364
r43c208,25.19917,55.66833,25.18917,55.65833,25.20917,55.67833,Sharjah,Al Batayih,osm_admin_8,949,0,319
r43c211,25.19917,55.72833,25.18917,55.71833,25.20917,55.73833,Sharjah,Al Batayih,osm_admin_8,1859,0,624
r43c212,25.19917,55.74833,25.18917,55.73833,25.20917,55.75833,Sharjah,Al Batayih,osm_admin_8,1069,0,359
r43c215,25.19917,55.80833,25.18917,55.79833,25.20917,55.81833,Sharjah,Al Batayih,osm_admin_8,3320,0,1115
r43c216,25.19917,55.82833,25.18917,55.81833,25.20917,55.83833,Sharjah,Al Batayih,osm_admin_8,4158,0,1396
r43c220,25.19917,55.90833,25.18917,55.89833,25.20917,55.91833,Sharjah,Al Dhaid,osm_admin_8,2625,0,881
r43c221,25.19917,55.92833,25.18917,55.91833,25.20917,55.93833,Sharjah,Al Dhaid,osm_admin_8,4750,0,1595
r43c222,25.19917,55.94833,25.18917,55.93833,25.20917,55.95833,Sharjah,Al Dhaid,osm_admin_8,3893,1926,1307
r43c223,25.19917,55.96833,25.18917,55.95833,25.20917,55.97833,Sharjah,Al Dhaid,osm_admin_8,750,577,252
r43c225,25.19917,56.00833,25.18917,55.99833,25.20917,56.01833,Ras Al Khaimah,Kadrah,osm_place,1121,0,376
r43c236,25.19917,56.22833,25.18917,56.21833,25.20917,56.23833,Fujairah,Al Bithnah,osm_place,1084,0,364
r43c242,25.19917,56.34833,25.18917,56.33833,25.20917,56.35833,Fujairah,Ishwais,osm_place,4225,3134,1419
r43c243,25.19917,56.36833,25.18917,56.35833,25.20917,56.37833,Fujairah,Fujairah,emirate,551,551,185
r44c185,25.17917,55.20833,25.16917,55.19833,25.18917,55.21833,Dubai,Umm Suqeim 1,osm_place,1381,0,464
r44c186,25.17917,55.22833,25.16917,55.21833,25.18917,55.23833,Dubai,Jumeirah,osm_admin_10,19081,0,6406
r44c187,25.17917,55.24833,25.16917,55.23833,25.18917,55.25833,Dubai,Al Safa,osm_admin_10,17761,212,5963
r44c188,25.17917,55.26833,25.16917,55.25833,25.18917,55.27833,Dubai,Business Bay,osm_admin_8,13905,0,4668
r44c189,25.17917,55.28833,25.16917,55.27833,25.18917,55.29833,Dubai,MBR- Al Merkad,osm_admin_10,9600,17,3223
r44c190,25.17917,55.30833,25.16917,55.29833,25.18917,55.31833,Dubai,MBR- Al Merkad,osm_admin_10,7576,123,2544
r44c191,25.17917,55.32833,25.16917,55.31833,25.18917,55.33833,Dubai,Bukadra,osm_admin_10,8000,0,2686
r44c192,25.17917,55.34833,25.16917,55.33833,25.18917,55.35833,Dubai,Ras Al Khor Industrial 1,osm_place,18522,37,6218
r44c193,25.17917,55.36833,25.16917,55.35833,25.18917,55.37833,Dubai,Ras Al Khor Industrial Area,osm_place,16973,1447,5698
r44c194,25.17917,55.38833,25.16917,55.37833,25.18917,55.39833,Dubai,Ras Al Khor Industrial 3,osm_place,12786,1190,4293
r44c195,25.17917,55.40833,25.16917,55.39833,25.18917,55.41833,Dubai,Al Warqa,osm_admin_10,14163,0,4755
r44c196,25.17917,55.42833,25.16917,55.41833,25.18917,55.43833,Dubai,Al Warqa,osm_admin_10,15203,0,5104
r44c197,25.17917,55.44833,25.16917,55.43833,25.18917,55.45833,Dubai,Al Warqa,osm_admin_10,9046,0,3037
r44c199,25.17917,55.48833,25.16917,55.47833,25.18917,55.49833,Dubai,Wadi Al Amardi,osm_admin_10,1884,0,633
r44c201,25.17917,55.52833,25.16917,55.51833,25.18917,55.53833,Dubai,Al Awir,osm_admin_10,3077,0,1033
r44c202,25.17917,55.54833,25.16917,55.53833,25.18917,55.55833,Dubai,Al Awir,osm_admin_10,10079,25,3384
r44c203,25.17917,55.56833,25.16917,55.55833,25.18917,55.57833,Dubai,Al Awir,osm_admin_10,6830,0,2293
r44c204,25.17917,55.58833,25.16917,55.57833,25.18917,55.59833,Dubai,Al Awir,osm_admin_10,2930,0,984
r44c205,25.17917,55.60833,25.16917,55.59833,25.18917,55.61833,Dubai,Al Awir 2,osm_place,1104,0,371
r44c206,25.17917,55.62833,25.16917,55.61833,25.18917,55.63833,Dubai,Dubai,emirate,827,0,278
r44c208,25.17917,55.66833,25.16917,55.65833,25.18917,55.67833,Sharjah,Al Batayih,osm_admin_8,1910,0,641
r44c209,25.17917,55.68833,25.16917,55.67833,25.18917,55.69833,Sharjah,Al Batayih,osm_admin_8,1539,0,517
r44c215,25.17917,55.80833,25.16917,55.79833,25.18917,55.81833,Sharjah,Al Batayih,osm_admin_8,3468,0,1164
r44c216,25.17917,55.82833,25.16917,55.81833,25.18917,55.83833,Sharjah,Al Batayih,osm_admin_8,2757,0,926
r44c218,25.17917,55.86833,25.16917,55.85833,25.18917,55.87833,Sharjah,Milehah,osm_admin_8,1159,0,389
r44c219,25.17917,55.88833,25.16917,55.87833,25.18917,55.89833,Sharjah,Milehah,osm_admin_8,639,0,214
r44c220,25.17917,55.90833,25.16917,55.89833,25.18917,55.91833,Sharjah,Milehah,osm_admin_8,921,0,309
r44c221,25.17917,55.92833,25.16917,55.91833,25.18917,55.93833,Sharjah,Milehah,osm_admin_8,3321,0,1115
r44c222,25.17917,55.94833,25.16917,55.93833,25.18917,55.95833,Sharjah,Al Dhaid,osm_admin_8,1084,0,364
r44c223,25.17917,55.96833,25.16917,55.95833,25.18917,55.97833,Sharjah,Al Dhaid,osm_admin_8,1101,0,370
r44c225,25.17917,56.00833,25.16917,55.99833,25.18917,56.01833,Ras Al Khaimah,Kadrah,osm_place,562,0,189
r44c229,25.17917,56.08833,25.16917,56.07833,25.18917,56.09833,Ras Al Khaimah,Esfini,osm_place,794,0,267
r44c230,25.17917,56.10833,25.16917,56.09833,25.18917,56.11833,Ras Al Khaimah,Rima,osm_place,661,0,222
r44c236,25.17917,56.22833,25.16917,56.21833,25.18917,56.23833,Fujairah,Al Bithnah,osm_place,673,0,226
r44c241,25.17917,56.32833,25.16917,56.31833,25.18917,56.33833,Fujairah,Ishwais,osm_place,1370,0,460
r44c242,25.17917,56.34833,25.16917,56.33833,25.18917,56.35833,Fujairah,Ishwais,osm_place,5633,3799,1891
r44c243,25.17917,56.36833,25.16917,56.35833,25.18917,56.37833,Fujairah,Ishwais,osm_place,570,515,191
r45c68,25.15917,52.86833,25.14917,52.85833,25.16917,52.87833,Abu Dhabi,Das Island,osm_admin_8,1101,0,370
r45c184,25.15917,55.18833,25.14917,55.17833,25.16917,55.19833,Dubai,Umm Suqeim 2,osm_place,551,0,185
r45c185,25.15917,55.20833,25.14917,55.19833,25.16917,55.21833,Dubai,Umm Suqeim,osm_admin_10,14836,0,4981
r45c186,25.15917,55.22833,25.14917,55.21833,25.16917,55.23833,Dubai,Al Safa,osm_admin_10,16469,2124,5529
r45c187,25.15917,55.24833,25.14917,55.23833,25.16917,55.25833,Dubai,Al Quoz Community,osm_admin_10,19216,2962,6451
r45c188,25.15917,55.26833,25.14917,55.25833,25.16917,55.27833,Dubai,Al Quoz Community,osm_admin_10,18998,0,6378
r45c189,25.15917,55.28833,25.14917,55.27833,25.16917,55.29833,Dubai,MBR- Al Merkad,osm_admin_10,8000,0,2686
r45c190,25.15917,55.30833,25.14917,55.29833,25.16917,55.31833,Dubai,Nad Al Sheba,osm_admin_10,8799,66,2954
r45c191,25.15917,55.32833,25.14917,55.31833,25.16917,55.33833,Dubai,Nad Al Sheba,osm_admin_10,12861,0,4318
r45c192,25.15917,55.34833,25.14917,55.33833,25.16917,55.35833,Dubai,Nad Al Sheba,osm_admin_10,14259,0,4787
r45c193,25.15917,55.36833,25.14917,55.35833,25.16917,55.37833,Dubai,Nad Al Sheba,osm_admin_10,9208,0,3092
r45c194,25.15917,55.38833,25.14917,55.37833,25.16917,55.39833,Dubai,Nad Al Sheba,osm_admin_10,12797,1810,4296
r45c195,25.15917,55.40833,25.14917,55.39833,25.16917,55.41833,Dubai,Warsan,osm_admin_10,15950,0,5355
r45c196,25.15917,55.42833,25.14917,55.41833,25.16917,55.43833,Dubai,Warsan,osm_admin_10,11630,4291,3904
r45c197,25.15917,55.44833,25.14917,55.43833,25.16917,55.45833,Dubai,Warsan,osm_admin_10,7196,764,2416
r45c198,25.15917,55.46833,25.14917,55.45833,25.16917,55.47833,Dubai,Warsan,osm_admin_10,7118,0,2390
r45c199,25.15917,55.48833,25.14917,55.47833,25.16917,55.49833,Dubai,Warsan,osm_admin_10,3576,565,1201
r45c200,25.15917,55.50833,25.14917,55.49833,25.16917,55.51833,Dubai,Dubai,emirate,7080,0,2377
r45c201,25.15917,55.52833,25.14917,55.51833,25.16917,55.53833,Dubai,Al Awir,osm_admin_10,8307,0,2789
r45c202,25.15917,55.54833,25.14917,55.53833,25.16917,55.55833,Dubai,Al Awir,osm_admin_10,5456,0,1832
r45c203,25.15917,55.56833,25.14917,55.55833,25.16917,55.57833,Dubai,Al Awir,osm_admin_10,2060,0,692
r45c206,25.15917,55.62833,25.14917,55.61833,25.16917,55.63833,Dubai,Dubai,emirate,1503,5,504
r45c207,25.15917,55.64833,25.14917,55.63833,25.16917,55.65833,Sharjah,Al Batayih,osm_admin_8,633,0,212
r45c208,25.15917,55.66833,25.14917,55.65833,25.16917,55.67833,Sharjah,Al Batayih,osm_admin_8,601,0,202
r45c218,25.15917,55.86833,25.14917,55.85833,25.16917,55.87833,Sharjah,Milehah,osm_admin_8,1444,0,485
r45c219,25.15917,55.88833,25.14917,55.87833,25.16917,55.89833,Sharjah,Milehah,osm_admin_8,2268,257,761
r45c222,25.15917,55.94833,25.14917,55.93833,25.16917,55.95833,Sharjah,Milehah,osm_admin_8,994,0,334
r45c223,25.15917,55.96833,25.14917,55.95833,25.16917,55.97833,Sharjah,Milehah,osm_admin_8,1624,0,545
r45c226,25.15917,56.02833,25.14917,56.01833,25.16917,56.03833,Ras Al Khaimah,Ras Al Khaimah,emirate,642,14,215
r45c230,25.15917,56.10833,25.14917,56.09833,25.16917,56.11833,Ras Al Khaimah,Rima,osm_place,668,0,224
r45c231,25.15917,56.12833,25.14917,56.11833,25.16917,56.13833,Ras Al Khaimah,Mamduh,osm_place,979,0,329
r45c237,25.15917,56.24833,25.14917,56.23833,25.16917,56.25833,Fujairah,Al Ghizaimri,osm_place,1985,5,666
r45c238,25.15917,56.26833,25.14917,56.25833,25.16917,56.27833,Fujairah,Yabsa,osm_place,957,55,321
r45c241,25.15917,56.32833,25.14917,56.31833,25.16917,56.33833,Fujairah,Sakamkam,osm_place,2503,0,840
r45c242,25.15917,56.34833,25.14917,56.33833,25.16917,56.35833,Fujairah,Al Sharia 1,osm_place,5682,270,1908
r46c68,25.13917,52.86833,25.12917,52.85833,25.14917,52.87833,Abu Dhabi,Das Island,osm_admin_8,615,0,206
r46c181,25.13917,55.12833,25.12917,55.11833,25.14917,55.13833,Dubai,Nakhlat Jumeira,osm_place,2987,0,1003
r46c182,25.13917,55.14833,25.12917,55.13833,25.14917,55.15833,Dubai,Nakhlat Jumeira,osm_place,1976,0,663
r46c184,25.13917,55.18833,25.12917,55.17833,25.14917,55.19833,Dubai,Umm Suqeim,osm_admin_10,11728,0,3938
r46c185,25.13917,55.20833,25.12917,55.19833,25.14917,55.21833,Dubai,Al Manara,osm_admin_10,10941,898,3673
r46c186,25.13917,55.22833,25.12917,55.21833,25.14917,55.23833,Dubai,Al Quoz Community,osm_admin_10,7664,7115,2573
r46c187,25.13917,55.24833,25.12917,55.23833,25.14917,55.25833,Dubai,Al Quoz Community,osm_admin_10,14124,7825,4742
r46c188,25.13917,55.26833,25.12917,55.25833,25.14917,55.27833,Dubai,Hadaeq Sheikh Mohammed Bin Rashid,osm_admin_10,5872,376,1971
r46c189,25.13917,55.28833,25.12917,55.27833,25.14917,55.29833,Dubai,Hadaeq Sheikh Mohammed Bin Rashid,osm_admin_10,7371,0,2475
r46c190,25.13917,55.30833,25.12917,55.29833,25.14917,55.31833,Dubai,Al Barari,osm_admin_10,7100,0,2384
r46c191,25.13917,55.32833,25.12917,55.31833,25.14917,55.33833,Dubai,Al Barari,osm_admin_10,7313,0,2455
r46c192,25.13917,55.34833,25.12917,55.33833,25.14917,55.35833,Dubai,Wadi Al Safa 3,osm_admin_10,7048,0,2366
r46c193,25.13917,55.36833,25.12917,55.35833,25.14917,55.37833,Dubai,Nad Al Sheba,osm_admin_10,16048,0,5388
r46c194,25.13917,55.38833,25.12917,55.37833,25.14917,55.39833,Dubai,Warsan 4,osm_admin_10,7861,1467,2639
r46c195,25.13917,55.40833,25.12917,55.39833,25.14917,55.41833,Dubai,Warsan 4,osm_admin_10,4242,0,1424
r46c196,25.13917,55.42833,25.12917,55.41833,25.14917,55.43833,Dubai,Al Ruwayyah 1,osm_admin_10,3639,706,1222
r46c197,25.13917,55.44833,25.12917,55.43833,25.14917,55.45833,Dubai,Warsan,osm_admin_10,1888,257,634
r46c198,25.13917,55.46833,25.12917,55.45833,25.14917,55.47833,Dubai,Warsan 3,osm_place,869,0,292
r46c199,25.13917,55.48833,25.12917,55.47833,25.14917,55.49833,Dubai,Warsan 3,osm_place,1824,0,612
r46c200,25.13917,55.50833,25.12917,55.49833,25.14917,55.51833,Dubai,Dubai,emirate,1566,0,526
r46c201,25.13917,55.52833,25.12917,55.51833,25.14917,55.53833,Dubai,Dubai,emirate,3602,0,1209
r46c207,25.13917,55.64833,25.12917,55.63833,25.14917,55.65833,Sharjah,Al Batayih,osm_admin_8,578,0,194
r46c212,25.13917,55.74833,25.12917,55.73833,25.14917,55.75833,Sharjah,Al Batayih,osm_admin_8,1711,0,575
r46c217,25.13917,55.84833,25.12917,55.83833,25.14917,55.85833,Sharjah,Milehah,osm_admin_8,874,0,293
r46c218,25.13917,55.86833,25.12917,55.85833,25.14917,55.87833,Sharjah,Milehah,osm_admin_8,2731,0,917
r46c219,25.13917,55.88833,25.12917,55.87833,25.14917,55.89833,Sharjah,Milehah,osm_admin_8,7070,64,2374
r46c220,25.13917,55.90833,25.12917,55.89833,25.14917,55.91833,Sharjah,Milehah,osm_admin_8,1181,0,397
r46c225,25.13917,56.00833,25.12917,55.99833,25.14917,56.01833,Ras Al Khaimah,Ras Al Khaimah,emirate,559,0,188
r46c236,25.13917,56.22833,25.12917,56.21833,25.14917,56.23833,Fujairah,Madouk,osm_place,850,0,285
r46c237,25.13917,56.24833,25.12917,56.23833,25.14917,56.25833,Fujairah,Al Farfar,osm_place,2500,0,839
r46c238,25.13917,56.26833,25.12917,56.25833,25.14917,56.27833,Fujairah,Al Farfar,osm_place,1191,50,400
r46c239,25.13917,56.28833,25.12917,56.27833,25.14917,56.29833,Fujairah,Haleefath,osm_place,1664,22,559
r46c240,25.13917,56.30833,25.12917,56.29833,25.14917,56.31833,Fujairah,Haleefath,osm_place,1404,0,471
r46c241,25.13917,56.32833,25.12917,56.31833,25.14917,56.33833,Fujairah,Madhab,osm_place,5404,0,1814
r46c242,25.13917,56.34833,25.12917,56.33833,25.14917,56.35833,Fujairah,Al Faseel,osm_place,7563,0,2539
r47c180,25.11917,55.10833,25.10917,55.09833,25.12917,55.11833,Dubai,Nakhlat Jumeira,osm_place,2362,0,793
r47c181,25.11917,55.12833,25.10917,55.11833,25.12917,55.13833,Dubai,Nakhlat Jumeira,osm_place,6676,0,2241
r47c182,25.11917,55.14833,25.10917,55.13833,25.12917,55.15833,Dubai,Nakhlat Jumeira,osm_place,5281,0,1773
r47c183,25.11917,55.16833,25.10917,55.15833,25.12917,55.17833,Dubai,Sufouh Gardens,osm_place,6317,0,2121
r47c184,25.11917,55.18833,25.10917,55.17833,25.12917,55.19833,Dubai,Al Sufouh 1,osm_place,17230,439,5785
r47c185,25.11917,55.20833,25.10917,55.19833,25.12917,55.21833,Dubai,Al Quoz Community,osm_admin_10,15703,4661,5272
r47c186,25.11917,55.22833,25.10917,55.21833,25.12917,55.23833,Dubai,Al Quoz Community,osm_admin_10,7863,7355,2640
r47c187,25.11917,55.24833,25.10917,55.23833,25.12917,55.25833,Dubai,Hadaeq Sheikh Mohammed Bin Rashid,osm_admin_10,7021,3280,2357
r47c188,25.11917,55.26833,25.10917,55.25833,25.12917,55.27833,Dubai,Hadaeq Sheikh Mohammed Bin Rashid,osm_admin_10,4651,45,1561
r47c189,25.11917,55.28833,25.10917,55.27833,25.12917,55.29833,Dubai,Wadi Al Safa 3,osm_admin_10,5936,0,1993
r47c190,25.11917,55.30833,25.10917,55.29833,25.12917,55.31833,Dubai,Wadi Al Safa 3,osm_admin_10,1550,0,520
r47c191,25.11917,55.32833,25.10917,55.31833,25.12917,55.33833,Dubai,Wadi Al Safa 3,osm_admin_10,2246,0,754
r47c192,25.11917,55.34833,25.10917,55.33833,25.12917,55.35833,Dubai,Wadi Al Safa 3,osm_admin_10,8883,38,2982
r47c193,25.11917,55.36833,25.10917,55.35833,25.12917,55.37833,Dubai,International City,osm_admin_10,12370,57,4153
r47c194,25.11917,55.38833,25.10917,55.37833,25.12917,55.39833,Dubai,International City,osm_admin_10,13815,804,4638
r47c195,25.11917,55.40833,25.10917,55.39833,25.12917,55.41833,Dubai,Al Ruwayyah 2,osm_admin_10,6190,26,2078
r47c196,25.11917,55.42833,25.10917,55.41833,25.12917,55.43833,Dubai,Al Ruwayyah 1,osm_admin_10,1979,0,664
r47c200,25.11917,55.50833,25.10917,55.49833,25.12917,55.51833,Dubai,Mereiyeel,osm_place,828,0,278
r47c201,25.11917,55.52833,25.10917,55.51833,25.12917,55.53833,Dubai,Dubai,emirate,1275,0,428
r47c204,25.11917,55.58833,25.10917,55.57833,25.12917,55.59833,Dubai,Enkhali,osm_place,791,0,266
r47c207,25.11917,55.64833,25.10917,55.63833,25.12917,55.65833,Sharjah,Al Batayih,osm_admin_8,889,0,298
r47c208,25.11917,55.66833,25.10917,55.65833,25.12917,55.67833,Sharjah,Al Batayih,osm_admin_8,516,0,173
r47c217,25.11917,55.84833,25.10917,55.83833,25.12917,55.85833,Sharjah,Milehah,osm_admin_8,559,0,188
r47c218,25.11917,55.86833,25.10917,55.85833,25.12917,55.87833,Sharjah,Milehah,osm_admin_8,2602,0,873
r47c219,25.11917,55.88833,25.10917,55.87833,25.12917,55.89833,Sharjah,Milehah,osm_admin_8,2549,0,856
r47c223,25.11917,55.96833,25.10917,55.95833,25.12917,55.97833,Sharjah,Milehah,osm_admin_8,1798,0,604
r47c226,25.11917,56.02833,25.10917,56.01833,25.12917,56.03833,Ras Al Khaimah,Shawka,osm_place,685,27,230
r47c238,25.11917,56.26833,25.10917,56.25833,25.12917,56.27833,Fujairah,Fujairah,emirate,2194,17,737
r47c239,25.11917,56.28833,25.10917,56.27833,25.12917,56.29833,Fujairah,Haleefath,osm_place,2781,377,934
r47c240,25.11917,56.30833,25.10917,56.29833,25.12917,56.31833,Fujairah,Haleefath,osm_place,2405,0,807
r47c241,25.11917,56.32833,25.10917,56.31833,25.12917,56.33833,Fujairah,Town Center,osm_place,6859,175,2303
r47c242,25.11917,56.34833,25.10917,56.33833,25.12917,56.35833,Fujairah,Al Gurfaa,osm_place,7778,11,2611
r48c180,25.09917,55.10833,25.08917,55.09833,25.10917,55.11833,Dubai,Dubai,emirate,711,42,239
r48c181,25.09917,55.12833,25.08917,55.11833,25.10917,55.13833,Dubai,Nakhlat Jumeira,osm_place,2189,0,735
r48c182,25.09917,55.14833,25.08917,55.13833,25.10917,55.15833,Dubai,Dubai Media City,osm_place,9725,67,3265
r48c183,25.09917,55.16833,25.08917,55.15833,25.10917,55.17833,Dubai,Dubai Knowledge Park,osm_place,18958,0,6365
r48c184,25.09917,55.18833,25.08917,55.17833,25.10917,55.19833,Dubai,Al Barsha 3,osm_place,19514,0,6552
r48c185,25.09917,55.20833,25.08917,55.19833,25.10917,55.21833,Dubai,Al Barsha,osm_place,21221,0,7124
r48c186,25.09917,55.22833,25.08917,55.21833,25.10917,55.23833,Dubai,Al Barsha South 1,osm_place,14925,821,5011
r48c187,25.09917,55.24833,25.08917,55.23833,25.10917,55.25833,Dubai,Hadaeq Sheikh Mohammed Bin Rashid,osm_admin_10,8308,0,2789
r48c188,25.09917,55.26833,25.08917,55.25833,25.10917,55.27833,Dubai,Hadaeq Sheikh Mohammed Bin Rashid,osm_admin_10,917,0,308
r48c189,25.09917,55.28833,25.08917,55.27833,25.10917,55.29833,Dubai,Hadaeq Sheikh Mohammed Bin Rashid,osm_admin_10,2766,0,929
r48c190,25.09917,55.30833,25.08917,55.29833,25.10917,55.31833,Dubai,Wadi Al Safa 3,osm_admin_10,9080,0,3048
r48c191,25.09917,55.32833,25.08917,55.31833,25.10917,55.33833,Dubai,Wadi Al Safa 3,osm_admin_10,4168,0,1399
r48c192,25.09917,55.34833,25.08917,55.33833,25.10917,55.35833,Dubai,Wadi Al Safa 2,osm_admin_10,4741,0,1592
r48c193,25.09917,55.36833,25.08917,55.35833,25.10917,55.37833,Dubai,Wadi Al Safa 2,osm_admin_10,8389,0,2816
r48c194,25.09917,55.38833,25.08917,55.37833,25.10917,55.39833,Dubai,Al Ruwayyah 2,osm_admin_10,8200,548,2753
r48c195,25.09917,55.40833,25.08917,55.39833,25.10917,55.41833,Dubai,Al Ruwayyah 2,osm_admin_10,3432,0,1152
r48c201,25.09917,55.52833,25.08917,55.51833,25.10917,55.53833,Dubai,Mereiyeel,osm_place,985,9,331
r48c203,25.09917,55.56833,25.08917,55.55833,25.10917,55.57833,Dubai,Enkhali,osm_place,1141,0,383
r48c207,25.09917,55.64833,25.08917,55.63833,25.10917,55.65833,Dubai,Dubai,emirate,984,0,330
r48c208,25.09917,55.66833,25.08917,55.65833,25.10917,55.67833,Sharjah,Al Batayih,osm_admin_8,526,0,177
r48c217,25.09917,55.84833,25.08917,55.83833,25.10917,55.85833,Sharjah,Milehah,osm_admin_8,834,0,280
r48c218,25.09917,55.86833,25.08917,55.85833,25.10917,55.87833,Sharjah,Milehah,osm_admin_8,2308,0,775
r48c222,25.09917,55.94833,25.08917,55.93833,25.10917,55.95833,Sharjah,Milehah,osm_admin_8,549,0,184
r48c225,25.09917,56.00833,25.08917,55.99833,25.10917,56.01833,Ras Al Khaimah,Shawka,osm_place,823,13,276
r48c226,25.09917,56.02833,25.08917,56.01833,25.10917,56.03833,Ras Al Khaimah,Shawka,osm_place,1388,48,466
r48c237,25.09917,56.24833,25.08917,56.23833,25.10917,56.25833,Fujairah,Al Hayl,osm_place,651,0,219
r48c238,25.09917,56.26833,25.08917,56.25833,25.10917,56.27833,Fujairah,Al Hayl,osm_place,3820,1248,1282
r48c239,25.09917,56.28833,25.08917,56.27833,25.10917,56.29833,Fujairah,Fujairah,emirate,3229,2642,1084
r48c240,25.09917,56.30833,25.08917,56.29833,25.10917,56.31833,Fujairah,Seh Al Rahi,osm_place,686,19,230
r48c241,25.09917,56.32833,25.08917,56.31833,25.10917,56.33833,Sharjah,Kalba,osm_admin_8,2597,0,872
r48c242,25.09917,56.34833,25.08917,56.33833,25.10917,56.35833,Sharjah,Kalba,osm_admin_8,9666,0,3245
r49c181,25.07917,55.12833,25.06917,55.11833,25.08917,55.13833,Dubai,Dubai Marina,osm_place,5552,141,1864
r49c182,25.07917,55.14833,25.06917,55.13833,25.08917,55.15833,Dubai,JLT cluster Q,osm_place,17038,107,5720
r49c183,25.07917,55.16833,25.06917,55.15833,25.08917,55.17833,Dubai,Al Thanyah 3,osm_place,14413,0,4839
r49c184,25.07917,55.18833,25.06917,55.17833,25.08917,55.19833,Dubai,Al Thanyah 2,osm_place,6693,0,2247
r49c185,25.07917,55.20833,25.06917,55.19833,25.08917,55.21833,Dubai,Al Barsha 3,osm_place,11145,0,3742
r49c186,25.07917,55.22833,25.06917,55.21833,25.08917,55.23833,Dubai,Al Barsha South,osm_place,18109,0,6080
r49c187,25.07917,55.24833,25.06917,55.23833,25.08917,55.25833,Dubai,Sidra 1,osm_place,9153,0,3073
r49c188,25.07917,55.26833,25.06917,55.25833,25.08917,55.27833,Dubai,Hadaeq Sheikh Mohammed Bin Rashid,osm_admin_10,659,0,221
r49c189,25.07917,55.28833,25.06917,55.27833,25.08917,55.29833,Dubai,Hadaeq Sheikh Mohammed Bin Rashid,osm_admin_10,2253,0,756
r49c190,25.07917,55.30833,25.06917,55.29833,25.08917,55.31833,Dubai,Wadi Al Safa 3,osm_admin_10,5092,0,1709
r49c191,25.07917,55.32833,25.06917,55.31833,25.08917,55.33833,Dubai,City of Arabia,osm_admin_10,3303,43,1109
r49c192,25.07917,55.34833,25.06917,55.33833,25.08917,55.35833,Dubai,Wadi Al Safa 5,osm_admin_10,6307,0,2117
r49c193,25.07917,55.36833,25.06917,55.35833,25.08917,55.37833,Dubai,Wadi Al Safa 5,osm_admin_10,5560,144,1867
r49c194,25.07917,55.38833,25.06917,55.37833,25.08917,55.39833,Dubai,Umm Nahad 1/Madinat Hind 1,osm_admin_10,4220,0,1417
r49c195,25.07917,55.40833,25.06917,55.39833,25.08917,55.41833,Dubai,Umm Al Daman,osm_admin_10,5468,205,1836
r49c197,25.07917,55.44833,25.06917,55.43833,25.08917,55.45833,Dubai,Umm Al Daman,osm_place,803,212,269
r49c201,25.07917,55.52833,25.06917,55.51833,25.08917,55.53833,Dubai,Mereiyeel,osm_place,1233,0,414
r49c202,25.07917,55.54833,25.06917,55.53833,25.08917,55.55833,Dubai,Dubai,emirate,1066,0,358
r49c203,25.07917,55.56833,25.06917,55.55833,25.08917,55.57833,Dubai,Dubai,emirate,776,0,261
r49c205,25.07917,55.60833,25.06917,55.59833,25.08917,55.61833,Dubai,Dubai,emirate,598,0,201
r49c206,25.07917,55.62833,25.06917,55.61833,25.08917,55.63833,Dubai,Al Meryal,osm_place,2474,0,831
r49c207,25.07917,55.64833,25.06917,55.63833,25.08917,55.65833,Dubai,Al Meryal,osm_place,2459,0,825
r49c218,25.07917,55.86833,25.06917,55.85833,25.08917,55.87833,Sharjah,Milehah,osm_admin_8,524,0,176
r49c222,25.07917,55.94833,25.06917,55.93833,25.08917,55.95833,Sharjah,Milehah,osm_admin_8,1047,0,351
r49c225,25.07917,56.00833,25.06917,55.99833,25.08917,56.01833,Ras Al Khaimah,Shawka,osm_place,510,0,171
r49c226,25.07917,56.02833,25.06917,56.01833,25.08917,56.03833,Ras Al Khaimah,Shawka,osm_place,626,0,210
r49c238,25.07917,56.26833,25.06917,56.25833,25.08917,56.27833,Fujairah,Al Hayl,osm_place,628,0,211
r49c239,25.07917,56.28833,25.06917,56.27833,25.08917,56.29833,Fujairah,Fujairah,emirate,3927,3320,1318
r49c240,25.07917,56.30833,25.06917,56.29833,25.08917,56.31833,Fujairah,Tarif Kalba,osm_place,2847,383,956
r49c241,25.07917,56.32833,25.06917,56.31833,25.08917,56.33833,Sharjah,Kalba,osm_admin_8,8426,0,2829
r49c242,25.07917,56.34833,25.06917,56.33833,25.08917,56.35833,Sharjah,Kalba,osm_admin_8,13198,0,4431
r49c243,25.07917,56.36833,25.06917,56.35833,25.08917,56.37833,Sharjah,Al Bhaies,osm_place,1682,0,565
r50c180,25.05917,55.10833,25.04917,55.09833,25.06917,55.11833,Dubai,Jabal Ali 2,osm_place,4538,3858,1524
r50c181,25.05917,55.12833,25.04917,55.11833,25.06917,55.13833,Dubai,Jabal Ali 2,osm_place,13391,4121,4496
r50c182,25.05917,55.14833,25.04917,55.13833,25.06917,55.15833,Dubai,Jumeirah Islands,osm_admin_8,16548,0,5556
r50c183,25.05917,55.16833,25.04917,55.15833,25.06917,55.17833,Dubai,The Meadows,osm_admin_8,16513,0,5544
r50c184,25.05917,55.18833,25.04917,55.17833,25.06917,55.19833,Dubai,The Springs,osm_admin_10,14203,0,4768
r50c185,25.05917,55.20833,25.04917,55.19833,25.06917,55.21833,Dubai,Al Barsha South 4,osm_place,18669,0,6268
r50c186,25.05917,55.22833,25.04917,55.21833,25.06917,55.23833,Dubai,Al Barsha South 3,osm_admin_10,11285,23,3789
r50c187,25.05917,55.24833,25.04917,55.23833,25.06917,55.25833,Dubai,Al Barsha South 3,osm_admin_10,9967,0,3346
r50c188,25.05917,55.26833,25.04917,55.25833,25.06917,55.27833,Dubai,Hadaeq Sheikh Mohammed Bin Rashid,osm_admin_10,7637,0,2564
r50c189,25.05917,55.28833,25.04917,55.27833,25.06917,55.29833,Dubai,Wadi Al Safa 6,osm_admin_10,7258,0,2437
r50c190,25.05917,55.30833,25.04917,55.29833,25.06917,55.31833,Dubai,Wadi Al Safa 5,osm_admin_10,4556,0,1530
r50c195,25.05917,55.40833,25.04917,55.39833,25.06917,55.41833,Dubai,Umm Nahad 1/Madinat Hind 1,osm_admin_10,1154,116,388
r50c196,25.05917,55.42833,25.04917,55.41833,25.06917,55.43833,Dubai,Umm Al Daman,osm_admin_10,1038,0,348
r50c203,25.05917,55.56833,25.04917,55.55833,25.06917,55.57833,Dubai,Dubai,emirate,1369,0,460
r50c204,25.05917,55.58833,25.04917,55.57833,25.06917,55.59833,Dubai,Lahbab,osm_place,4552,0,1528
r50c205,25.05917,55.60833,25.04917,55.59833,25.06917,55.61833,Dubai,Lehbab 1,osm_place,3033,0,1018
r50c206,25.05917,55.62833,25.04917,55.61833,25.06917,55.63833,Dubai,Al Meryal,osm_place,1542,0,518
r50c207,25.05917,55.64833,25.04917,55.63833,25.06917,55.65833,Dubai,Al Meryal,osm_place,1063,0,357
r50c209,25.05917,55.68833,25.04917,55.67833,25.06917,55.69833,Sharjah,Al Madam,osm_admin_8,1019,0,342
r50c210,25.05917,55.70833,25.04917,55.69833,25.06917,55.71833,Sharjah,Al Madam,osm_admin_8,1713,0,575
r50c214,25.05917,55.78833,25.04917,55.77833,25.06917,55.79833,Sharjah,Al Madam,osm_admin_8,570,0,191
r50c215,25.05917,55.80833,25.04917,55.79833,25.06917,55.81833,Sharjah,Milehah,osm_admin_8,580,0,195
r50c240,25.05917,56.30833,25.04917,56.29833,25.06917,56.31833,Fujairah,Ihfarah,osm_place,634,0,213
r50c241,25.05917,56.32833,25.04917,56.31833,25.06917,56.33833,Sharjah,Kalba,osm_admin_8,7547,0,2534
r50c242,25.05917,56.34833,25.04917,56.33833,25.06917,56.35833,Sharjah,Kalba,osm_admin_8,19027,1746,6388
r50c243,25.05917,56.36833,25.04917,56.35833,25.06917,56.37833,Sharjah,Hitteen,osm_place,3741,0,1256
r51c179,25.03917,55.08833,25.02917,55.07833,25.04917,55.09833,Dubai,Jabal Ali 3,osm_place,3304,1736,1109
r51c180,25.03917,55.10833,25.02917,55.09833,25.04917,55.11833,Dubai,Jabal Ali 3,osm_place,13136,2556,4410
r51c181,25.03917,55.12833,25.02917,55.11833,25.04917,55.13833,Dubai,The Gardens,osm_place,16105,1412,5407
r51c182,25.03917,55.14833,25.02917,55.13833,25.04917,55.15833,Dubai,Al Furjan,osm_place,12863,0,4318
r51c183,25.03917,55.16833,25.02917,55.15833,25.04917,55.17833,Dubai,Jumeirah Park,osm_admin_8,14564,0,4890
r51c184,25.03917,55.18833,25.02917,55.17833,25.04917,55.19833,Dubai,Dubai Production City,osm_admin_8,14707,0,4937
r51c185,25.03917,55.20833,25.02917,55.19833,25.04917,55.21833,Dubai,Victory Heights Villages,osm_place,15680,0,5264
r51c186,25.03917,55.22833,25.02917,55.21833,25.04917,55.23833,Dubai,Al Hebiah 4,osm_place,14123,67,4741
r51c187,25.03917,55.24833,25.02917,55.23833,25.04917,55.25833,Dubai,Al Hebiah 2,osm_admin_10,13185,25,4427
r51c188,25.03917,55.26833,25.02917,55.25833,25.04917,55.27833,Dubai,Wadi Al Safa 7,osm_admin_10,14151,0,4751
r51c189,25.03917,55.28833,25.02917,55.27833,25.04917,55.29833,Dubai,Wadi Al Safa 7,osm_admin_10,7319,60,2457
r51c190,25.03917,55.30833,25.02917,55.29833,25.04917,55.31833,Dubai,Al Yalayis 1,osm_admin_10,504,0,169
r51c191,25.03917,55.32833,25.02917,55.31833,25.04917,55.33833,Dubai,Madinat Hind 2,osm_place,709,0,238
r51c195,25.03917,55.40833,25.02917,55.39833,25.04917,55.41833,Dubai,Umm Nahad 3/Madinat Hind 3,osm_admin_10,927,0,311
r51c196,25.03917,55.42833,25.02917,55.41833,25.04917,55.43833,Dubai,Umm Nahad 3/Madinat Hind 3,osm_admin_10,3274,0,1099
r51c197,25.03917,55.44833,25.02917,55.43833,25.04917,55.45833,Dubai,Le Hemaira,osm_admin_10,1040,0,349
r51c203,25.03917,55.56833,25.02917,55.55833,25.04917,55.57833,Dubai,Lehbab 2,osm_place,1764,0,592
r51c204,25.03917,55.58833,25.02917,55.57833,25.04917,55.59833,Dubai,Lahbab,osm_place,4576,0,1536
r51c205,25.03917,55.60833,25.02917,55.59833,25.04917,55.61833,Dubai,Lehbab 1,osm_place,1435,0,482
r51c206,25.03917,55.62833,25.02917,55.61833,25.04917,55.63833,Dubai,Lehbab 1,osm_place,582,0,195
r51c207,25.03917,55.64833,25.02917,55.63833,25.04917,55.65833,Dubai,Nazwah,osm_admin_10,1194,0,401
r51c209,25.03917,55.68833,25.02917,55.67833,25.04917,55.69833,Sharjah,Al Madam,osm_admin_8,1177,0,395
r51c215,25.03917,55.80833,25.02917,55.79833,25.04917,55.81833,Sharjah,Al Madam,osm_admin_8,906,0,304
r51c216,25.03917,55.82833,25.02917,55.81833,25.04917,55.83833,Sharjah,Al Madam,osm_admin_8,1033,0,347
r51c217,25.03917,55.84833,25.02917,55.83833,25.04917,55.85833,Sharjah,Al Madam,osm_admin_8,1481,0,497
r51c240,25.03917,56.30833,25.02917,56.29833,25.04917,56.31833,Fujairah,Ihfarah,osm_place,2288,389,768
r51c241,25.03917,56.32833,25.02917,56.31833,25.04917,56.33833,Sharjah,Kalba,osm_admin_8,6221,129,2089
r51c242,25.03917,56.34833,25.02917,56.33833,25.04917,56.35833,Sharjah,Kalba,osm_admin_8,20903,0,7018
r51c243,25.03917,56.36833,25.02917,56.35833,25.04917,56.37833,Sharjah,Khawr Kalba,osm_place,7428,0,2494
r52c177,25.01917,55.04833,25.00917,55.03833,25.02917,55.05833,Dubai,Dubai,emirate,5525,4417,1855
r52c178,25.01917,55.06833,25.00917,55.05833,25.02917,55.07833,Dubai,Dubai,emirate,11377,9691,3819
r52c179,25.01917,55.08833,25.00917,55.07833,25.02917,55.09833,Dubai,Jabal Ali 3,osm_place,12345,9797,4145
r52c180,25.01917,55.10833,25.00917,55.09833,25.02917,55.11833,Dubai,Gardenia Townhomes,osm_place,6388,2678,2145
r52c181,25.01917,55.12833,25.00917,55.11833,25.02917,55.13833,Dubai,Jabal Ali 1,osm_place,6434,3551,2160
r52c182,25.01917,55.14833,25.00917,55.13833,25.02917,55.15833,Dubai,Al Furjan,osm_place,9767,944,3279
r52c183,25.01917,55.16833,25.00917,55.15833,25.02917,55.17833,Dubai,Me'aisem 1,osm_place,5698,122,1913
r52c184,25.01917,55.18833,25.00917,55.17833,25.02917,55.19833,Dubai,Me'aisem 1,osm_place,8865,0,2976
r52c185,25.01917,55.20833,25.00917,55.19833,25.02917,55.21833,Dubai,Jumeirah Golf Estates,osm_admin_10,7412,0,2488
r52c186,25.01917,55.22833,25.00917,55.21833,25.02917,55.23833,Dubai,Al Hebiah 4,osm_place,920,0,309
r52c187,25.01917,55.24833,25.00917,55.23833,25.02917,55.25833,Dubai,Al Hebiah 3,osm_place,5459,7,1833
r52c188,25.01917,55.26833,25.00917,55.25833,25.02917,55.27833,Dubai,Mudon,osm_place,11102,38,3727
r52c189,25.01917,55.28833,25.00917,55.27833,25.02917,55.29833,Dubai,Al Yalayis 1,osm_admin_10,4874,99,1636
r52c190,25.01917,55.30833,25.00917,55.29833,25.02917,55.31833,Dubai,Al Yalayis 1,osm_admin_10,3399,74,1141
r52c192,25.01917,55.34833,25.00917,55.33833,25.02917,55.35833,Dubai,Madinat Hind 4,osm_place,3841,14,1289
r52c193,25.01917,55.36833,25.00917,55.35833,25.02917,55.37833,Dubai,Madinat Hind 4,osm_place,3339,48,1121
r52c194,25.01917,55.38833,25.00917,55.37833,25.02917,55.39833,Dubai,Madinat Hind 4,osm_place,1149,65,386
r52c195,25.01917,55.40833,25.00917,55.39833,25.02917,55.41833,Dubai,Umm Nahad 3/Madinat Hind 3,osm_admin_10,626,0,210
r52c196,25.01917,55.42833,25.00917,55.41833,25.02917,55.43833,Dubai,Umm Nahad 3/Madinat Hind 3,osm_admin_10,881,0,296
r52c197,25.01917,55.44833,25.00917,55.43833,25.02917,55.45833,Dubai,Al Yufrah 1,osm_place,973,0,327
r52c201,25.01917,55.52833,25.00917,55.51833,25.02917,55.53833,Dubai,Lehbab 2,osm_place,659,0,221
r52c202,25.01917,55.54833,25.00917,55.53833,25.02917,55.55833,Dubai,Umm Al Mo'meneen,osm_admin_10,884,131,297
r52c203,25.01917,55.56833,25.00917,55.55833,25.02917,55.57833,Dubai,Lehbab 2,osm_place,1012,0,340
r52c204,25.01917,55.58833,25.00917,55.57833,25.02917,55.59833,Dubai,Lahbab,osm_place,933,0,313
r52c205,25.01917,55.60833,25.00917,55.59833,25.02917,55.61833,Dubai,Lehbab 1,osm_place,555,118,186
r52c206,25.01917,55.62833,25.00917,55.61833,25.02917,55.63833,Dubai,Nazwah,osm_admin_10,871,84,292
r52c208,25.01917,55.66833,25.00917,55.65833,25.02917,55.67833,Sharjah,Al Madam,osm_admin_8,1979,0,664
r52c215,25.01917,55.80833,25.00917,55.79833,25.02917,55.81833,Sharjah,Al Madam,osm_admin_8,4331,0,1454
r52c216,25.01917,55.82833,25.00917,55.81833,25.02917,55.83833,Sharjah,Al Madam,osm_admin_8,4687,0,1574
r52c217,25.01917,55.84833,25.00917,55.83833,25.02917,55.85833,Sharjah,Al Madam,osm_admin_8,1925,0,646
r52c218,25.01917,55.86833,25.00917,55.85833,25.02917,55.87833,Sharjah,Al Madam,osm_admin_8,1008,0,339
r52c219,25.01917,55.88833,25.00917,55.87833,25.02917,55.89833,Sharjah,Al Madam,osm_admin_8,1964,0,659
r52c220,25.01917,55.90833,25.00917,55.89833,25.02917,55.91833,Sharjah,Al Madam,osm_admin_8,1756,0,590
r52c222,25.01917,55.94833,25.00917,55.93833,25.02917,55.95833,Sharjah,Milehah,osm_admin_8,657,0,220
r52c240,25.01917,56.30833,25.00917,56.29833,25.02917,56.31833,Fujairah,Ihfarah,osm_place,850,307,285
r52c241,25.01917,56.32833,25.00917,56.31833,25.02917,56.33833,Sharjah,Kalba,osm_admin_8,15163,107,5091
r52c242,25.01917,56.34833,25.00917,56.33833,25.02917,56.35833,Sharjah,Kalba,osm_admin_8,15842,0,5319
r52c243,25.01917,56.36833,25.00917,56.35833,25.02917,56.37833,Sharjah,Kalba,osm_admin_8,2548,0,855
r53c176,24.99917,55.02833,24.98917,55.01833,25.00917,55.03833,Dubai,The Palm Jebel Ali Waterhomes - Show Village,osm_place,746,0,250
r53c177,24.99917,55.04833,24.98917,55.03833,25.00917,55.05833,Dubai,Jebel Ali Port,osm_place,6838,6354,2296
r53c178,24.99917,55.06833,24.98917,55.05833,25.00917,55.07833,Dubai,Jebel Ali Port,osm_place,9780,9657,3283
r53c179,24.99917,55.08833,24.98917,55.07833,25.00917,55.09833,Dubai,Jebel Ali North Free Zone,osm_admin_8,12571,11342,4220
r53c180,24.99917,55.10833,24.98917,55.09833,25.00917,55.11833,Dubai,Jabal Ali Industrial 1,osm_place,18751,18751,6295
r53c181,24.99917,55.12833,24.98917,55.11833,25.00917,55.13833,Dubai,Jebel Ali Industrial Area,osm_place,18208,18208,6113
r53c182,24.99917,55.14833,24.98917,55.13833,25.00917,55.15833,Dubai,Dubai Investment Park 1,osm_place,12379,4236,4156
r53c183,24.99917,55.16833,24.98917,55.15833,25.00917,55.17833,Dubai,Dubai Investment Park 1,osm_place,13505,30,4534
r53c184,24.99917,55.18833,24.98917,55.17833,25.00917,55.19833,Dubai,Me'aisem 1,osm_place,5378,21,1806
r53c185,24.99917,55.20833,24.98917,55.19833,25.00917,55.21833,Dubai,Me'aisem 2,osm_admin_10,1730,0,581
r53c187,24.99917,55.24833,24.98917,55.23833,25.00917,55.25833,Dubai,Al Hebiah 5,osm_admin_10,6828,0,2292
r53c188,24.99917,55.26833,24.98917,55.25833,25.00917,55.27833,Dubai,Al Yalayis 2,osm_admin_10,2081,0,698
r53c189,24.99917,55.28833,24.98917,55.27833,25.00917,55.29833,Dubai,Al Yalayis 2,osm_admin_10,3589,37,1205
r53c190,24.99917,55.30833,24.98917,55.29833,25.00917,55.31833,Dubai,Al Yalayis 1,osm_admin_10,4845,0,1626
r53c192,24.99917,55.34833,24.98917,55.33833,25.00917,55.35833,Dubai,Madinat Hind 4,osm_place,528,0,177
r53c193,24.99917,55.36833,24.98917,55.35833,25.00917,55.37833,Dubai,Madinat Hind 4,osm_place,2226,0,747
r53c194,24.99917,55.38833,24.98917,55.37833,25.00917,55.39833,Dubai,Madinat Hind 4,osm_place,4888,0,1641
r53c195,24.99917,55.40833,24.98917,55.39833,25.00917,55.41833,Dubai,Al Yufrah 1,osm_place,1175,0,394
r53c198,24.99917,55.46833,24.98917,55.45833,25.00917,55.47833,Dubai,Al Marmoom,osm_admin_10,1509,0,507
r53c203,24.99917,55.56833,24.98917,55.55833,25.00917,55.57833,Dubai,Dubai,emirate,824,0,277
r53c207,24.99917,55.64833,24.98917,55.63833,25.00917,55.65833,Dubai,Margham,osm_admin_10,841,0,282
r53c208,24.99917,55.66833,24.98917,55.65833,25.00917,55.67833,Sharjah,Al Madam,osm_admin_8,2060,102,692
r53c212,24.99917,55.74833,24.98917,55.73833,25.00917,55.75833,Sharjah,Al Madam,osm_admin_8,532,0,179
r53c213,24.99917,55.76833,24.98917,55.75833,25.00917,55.77833,Sharjah,Al Madam,osm_admin_8,3208,0,1077
r53c214,24.99917,55.78833,24.98917,55.77833,25.00917,55.79833,Sharjah,Al Madam,osm_admin_8,3833,32,1287
r53c215,24.99917,55.80833,24.98917,55.79833,25.00917,55.81833,Sharjah,Al Madam,osm_admin_8,4022,309,1350
r53c216,24.99917,55.82833,24.98917,55.81833,25.00917,55.83833,Sharjah,Al Madam,osm_admin_8,2664,0,894
r53c217,24.99917,55.84833,24.98917,55.83833,25.00917,55.85833,Sharjah,Al Madam,osm_admin_8,922,0,309
r53c218,24.99917,55.86833,24.98917,55.85833,25.00917,55.87833,Sharjah,Al Madam,osm_admin_8,806,0,271
r53c219,24.99917,55.88833,24.98917,55.87833,25.00917,55.89833,Sharjah,Al Madam,osm_admin_8,1300,0,436
r53c220,24.99917,55.90833,24.98917,55.89833,25.00917,55.91833,Sharjah,Al Madam,osm_admin_8,2984,0,1002
r53c221,24.99917,55.92833,24.98917,55.91833,25.00917,55.93833,Sharjah,Al Madam,osm_admin_8,4379,0,1470
r53c222,24.99917,55.94833,24.98917,55.93833,25.00917,55.95833,Sharjah,Al Madam,osm_admin_8,671,0,225
r53c235,24.99917,56.20833,24.98917,56.19833,25.00917,56.21833,Sharjah,Kalba,osm_admin_8,862,0,289
r53c241,24.99917,56.32833,24.98917,56.31833,25.00917,56.33833,Sharjah,Kalba,osm_admin_8,6354,28,2133
r53c242,24.99917,56.34833,24.98917,56.33833,25.00917,56.35833,Sharjah,Kalba,osm_admin_8,2289,0,768
r54c174,24.97917,54.98833,24.96917,54.97833,24.98917,54.99833,Dubai,Nakhlat Jabal Ali,osm_admin_10,956,0,321
r54c175,24.97917,55.00833,24.96917,54.99833,24.98917,55.01833,Dubai,Hessyan 1,osm_admin_10,945,0,317
r54c176,24.97917,55.02833,24.96917,55.01833,24.98917,55.03833,Dubai,The Palm Jebel Ali Waterhomes - Show Village,osm_place,4188,170,1406
r54c177,24.97917,55.04833,24.96917,55.03833,24.98917,55.05833,Dubai,Jebel Ali North Free Zone,osm_admin_8,10478,9710,3518
r54c178,24.97917,55.06833,24.96917,55.05833,24.98917,55.07833,Dubai,Jebel Ali North Free Zone,osm_admin_8,8933,8856,2999
r54c179,24.97917,55.08833,24.96917,55.07833,24.98917,55.09833,Dubai,Jebel Ali North Free Zone,osm_admin_8,11907,8803,3997
r54c180,24.97917,55.10833,24.96917,55.09833,24.98917,55.11833,Dubai,Jabal Ali Industrial 2,osm_admin_10,13433,12110,4510
r54c181,24.97917,55.12833,24.96917,55.11833,24.98917,55.13833,Dubai,Jabal Ali Industrial 1,osm_place,16519,15493,5546
r54c182,24.97917,55.14833,24.96917,55.13833,24.98917,55.15833,Dubai,Dubai Investment Park 1,osm_place,12900,1988,4331
r54c183,24.97917,55.16833,24.96917,55.15833,24.98917,55.17833,Dubai,Dubai Investment Park 1,osm_place,16840,19,5654
r54c184,24.97917,55.18833,24.96917,55.17833,24.98917,55.19833,Dubai,Dubai Investments Park,osm_place,15582,335,5231
r54c185,24.97917,55.20833,24.96917,55.19833,24.98917,55.21833,Dubai,Dubai Investment Park 2,osm_place,13093,802,4396
r54c193,24.97917,55.36833,24.96917,55.35833,24.98917,55.37833,Dubai,Al Yalayis 3,osm_place,1023,0,343
r54c194,24.97917,55.38833,24.96917,55.37833,24.98917,55.39833,Dubai,Al Yufrah 4,osm_admin_10,1714,0,575
r54c195,24.97917,55.40833,24.96917,55.39833,24.98917,55.41833,Dubai,Al Yufrah 4,osm_admin_10,801,0,269
r54c196,24.97917,55.42833,24.96917,55.41833,24.98917,55.43833,Dubai,Al Marmoom,osm_admin_10,2429,340,815
r54c197,24.97917,55.44833,24.96917,55.43833,24.98917,55.45833,Dubai,Al Marmoom,osm_admin_10,1681,366,564
r54c199,24.97917,55.48833,24.96917,55.47833,24.98917,55.49833,Dubai,Umm Al Mo'meneen,osm_admin_10,1872,490,629
r54c200,24.97917,55.50833,24.96917,55.49833,24.98917,55.51833,Dubai,Umm Al Mo'meneen,osm_admin_10,1290,353,433
r54c213,24.97917,55.76833,24.96917,55.75833,24.98917,55.77833,Sharjah,Al Madam,osm_admin_8,6251,0,2099
r54c214,24.97917,55.78833,24.96917,55.77833,24.98917,55.79833,Sharjah,Al Madam,osm_admin_8,6523,150,2190
r54c215,24.97917,55.80833,24.96917,55.79833,24.98917,55.81833,Sharjah,Al Madam,osm_admin_8,3325,0,1116
r54c216,24.97917,55.82833,24.96917,55.81833,24.98917,55.83833,Sharjah,Al Madam,osm_admin_8,2331,0,783
r54c217,24.97917,55.84833,24.96917,55.83833,24.98917,55.85833,Sharjah,Al Madam,osm_admin_8,1431,0,481
r54c221,24.97917,55.92833,24.96917,55.91833,24.98917,55.93833,Sharjah,Filli,osm_place,680,0,228
r54c231,24.97917,56.12833,24.96917,56.11833,24.98917,56.13833,Ras Al Khaimah,Ras Al Khaimah,emirate,580,0,195
r54c235,24.97917,56.20833,24.96917,56.19833,24.98917,56.21833,Sharjah,Kalba,osm_admin_8,753,0,253
r54c236,24.97917,56.22833,24.96917,56.21833,24.98917,56.23833,Sharjah,Kalba,osm_admin_8,675,0,227
r54c238,24.97917,56.26833,24.96917,56.25833,24.98917,56.27833,Sharjah,Kalba,osm_admin_8,1086,0,365
r54c242,24.97917,56.34833,24.96917,56.33833,24.98917,56.35833,Sharjah,Kalba,osm_admin_8,599,0,201
r54c243,24.97917,56.36833,24.96917,56.35833,24.98917,56.37833,Sharjah,Kalba,osm_admin_8,1355,0,455
r55c175,24.95917,55.00833,24.94917,54.99833,24.96917,55.01833,Dubai,Hessyan 1,osm_admin_10,3759,259,1262
r55c176,24.95917,55.02833,24.94917,55.01833,24.96917,55.03833,Dubai,Hessyan 1,osm_admin_10,3433,1491,1153
r55c177,24.95917,55.04833,24.94917,55.03833,24.96917,55.05833,Dubai,Hessyan 1,osm_admin_10,8431,5634,2831
r55c178,24.95917,55.06833,24.94917,55.05833,24.96917,55.07833,Dubai,Jebel Ali North Free Zone,osm_admin_8,14180,12885,4761
r55c179,24.95917,55.08833,24.94917,55.07833,24.96917,55.09833,Dubai,Jabal Ali Industrial 2,osm_admin_10,15064,13339,5057
r55c180,24.95917,55.10833,24.94917,55.09833,24.96917,55.11833,Dubai,Jabal Ali Industrial 2,osm_admin_10,10225,9226,3433
r55c181,24.95917,55.12833,24.94917,55.11833,24.96917,55.13833,Dubai,Jabal Ali Industrial 2,osm_admin_10,10076,8567,3383
r55c182,24.95917,55.14833,24.94917,55.13833,24.96917,55.15833,Dubai,Dubai,emirate,4317,0,1449
r55c183,24.95917,55.16833,24.94917,55.15833,24.96917,55.17833,Dubai,Dubai,emirate,5431,685,1823
r55c184,24.95917,55.18833,24.94917,55.17833,24.96917,55.19833,Dubai,Dubai Investments Park,osm_place,5086,549,1708
r55c185,24.95917,55.20833,24.94917,55.19833,24.96917,55.21833,Dubai,Dubai Investment Park 2,osm_place,4010,2723,1346
r55c186,24.95917,55.22833,24.94917,55.21833,24.96917,55.23833,Dubai,Dubai Investment Park 2,osm_place,1479,0,497
r55c187,24.95917,55.24833,24.94917,55.23833,24.96917,55.25833,Dubai,Al Yalayis 5,osm_admin_10,980,0,329
r55c188,24.95917,55.26833,24.94917,55.25833,24.96917,55.27833,Dubai,Al Yalayis 5,osm_admin_10,721,0,242
r55c189,24.95917,55.28833,24.94917,55.27833,24.96917,55.29833,Dubai,Al Yalayis 5,osm_admin_10,1317,0,442
r55c194,24.95917,55.38833,24.94917,55.37833,24.96917,55.39833,Dubai,Al Yufrah 4,osm_admin_10,829,41,278
r55c195,24.95917,55.40833,24.94917,55.39833,24.96917,55.41833,Dubai,Al Marmoom,osm_admin_10,1628,54,546
r55c196,24.95917,55.42833,24.94917,55.41833,24.96917,55.43833,Dubai,Al Lesaily,osm_admin_10,718,85,241
r55c197,24.95917,55.44833,24.94917,55.43833,24.96917,55.45833,Dubai,Al Marmoom,osm_admin_10,2321,185,779
r55c198,24.95917,55.46833,24.94917,55.45833,24.96917,55.47833,Dubai,Al Marmoom,osm_admin_10,5183,247,1740
r55c199,24.95917,55.48833,24.94917,55.47833,24.96917,55.49833,Dubai,Al Lesaily,osm_admin_10,9066,521,3044
r55c200,24.95917,55.50833,24.94917,55.49833,24.96917,55.51833,Dubai,Margham,osm_admin_10,3369,1087,1131
r55c210,24.95917,55.70833,24.94917,55.69833,24.96917,55.71833,Sharjah,Al Madam,osm_admin_8,1095,0,368
r55c212,24.95917,55.74833,24.94917,55.73833,24.96917,55.75833,Sharjah,Al Madam,osm_admin_8,601,0,202
r55c213,24.95917,55.76833,24.94917,55.75833,24.96917,55.77833,Sharjah,Al Madam,osm_admin_8,2876,0,965
r55c214,24.95917,55.78833,24.94917,55.77833,24.96917,55.79833,Sharjah,Al Madam,osm_admin_8,4074,0,1368
r55c215,24.95917,55.80833,24.94917,55.79833,24.96917,55.81833,Sharjah,Al Madam,osm_admin_8,1545,0,519
r55c216,24.95917,55.82833,24.94917,55.81833,24.96917,55.83833,Sharjah,Al Madam,osm_admin_8,801,0,269
r55c232,24.95917,56.14833,24.94917,56.13833,24.96917,56.15833,Ras Al Khaimah,Munay,osm_place,1667,0,560
r55c235,24.95917,56.20833,24.94917,56.19833,24.96917,56.21833,Sharjah,Kalba,osm_admin_8,3135,0,1052
r55c238,24.95917,56.26833,24.94917,56.25833,24.96917,56.27833,Sharjah,Kalba,osm_admin_8,987,38,331
r56c173,24.93917,54.96833,24.92917,54.95833,24.94917,54.97833,Dubai,Hessyan 2,osm_admin_10,1414,32,475
r56c174,24.93917,54.98833,24.92917,54.97833,24.94917,54.99833,Dubai,Hessyan 2,osm_admin_10,659,78,221
r56c176,24.93917,55.02833,24.92917,55.01833,24.94917,55.03833,Dubai,Hessyan 1,osm_admin_10,686,259,230
r56c177,24.93917,55.04833,24.92917,55.03833,24.94917,55.05833,Dubai,Jabal Ali Industrial 3,osm_admin_10,8735,835,2932
r56c178,24.93917,55.06833,24.92917,55.05833,24.94917,55.07833,Dubai,Jabal Ali Industrial 3,osm_admin_10,12130,3910,4072
r56c179,24.93917,55.08833,24.92917,55.07833,24.94917,55.09833,Dubai,Jabal Ali Industrial 2,osm_admin_10,8767,8224,2943
r56c180,24.93917,55.10833,24.92917,55.09833,24.94917,55.11833,Dubai,Jabal Ali Industrial 2,osm_admin_10,11869,11341,3985
r56c181,24.93917,55.12833,24.92917,55.11833,24.94917,55.13833,Dubai,Jabal Ali Industrial 2,osm_place,2057,1417,691
r56c182,24.93917,55.14833,24.92917,55.13833,24.94917,55.15833,Dubai,Dubai,emirate,1469,0,493
r56c183,24.93917,55.16833,24.92917,55.15833,24.94917,55.17833,Dubai,Dubai South,osm_place,540,73,181
r56c184,24.93917,55.18833,24.92917,55.17833,24.94917,55.19833,Dubai,Dubai,emirate,1685,41,566
r56c185,24.93917,55.20833,24.92917,55.19833,24.94917,55.21833,Dubai,Dubai,emirate,2001,119,672
r56c186,24.93917,55.22833,24.92917,55.21833,24.94917,55.23833,Dubai,Dubai,emirate,2863,59,961
r56c187,24.93917,55.24833,24.92917,55.23833,24.94917,55.25833,Dubai,Al Selal/Madinat Latifa,osm_admin_10,554,0,186
r56c188,24.93917,55.26833,24.92917,55.25833,24.94917,55.27833,Dubai,Al Selal/Madinat Latifa,osm_admin_10,1886,0,633
r56c192,24.93917,55.34833,24.92917,55.33833,24.94917,55.35833,Dubai,Saih Al Salam,osm_admin_10,1186,244,398
r56c193,24.93917,55.36833,24.92917,55.35833,24.94917,55.37833,Dubai,Saih Al Salam,osm_admin_10,966,35,324
r56c194,24.93917,55.38833,24.92917,55.37833,24.94917,55.39833,Dubai,Al Lesaily,osm_admin_10,1819,0,611
r56c195,24.93917,55.40833,24.92917,55.39833,24.94917,55.41833,Dubai,Al Lesaily,osm_admin_10,1936,0,650
r56c197,24.93917,55.44833,24.92917,55.43833,24.94917,55.45833,Dubai,Al Lesaily,osm_admin_10,932,0,313
r56c198,24.93917,55.46833,24.92917,55.45833,24.94917,55.47833,Dubai,Al Lesaily,osm_admin_10,6337,0,2128
r56c199,24.93917,55.48833,24.92917,55.47833,24.94917,55.49833,Dubai,Al Lesaily,osm_admin_10,6216,0,2087
r56c200,24.93917,55.50833,24.92917,55.49833,24.94917,55.51833,Dubai,Al Lesaily,osm_admin_10,5646,20,1895
r56c212,24.93917,55.74833,24.92917,55.73833,24.94917,55.75833,Sharjah,Al Madam,osm_admin_8,1330,0,447
r56c213,24.93917,55.76833,24.92917,55.75833,24.94917,55.77833,Sharjah,Al Madam,osm_admin_8,1937,0,650
r56c214,24.93917,55.78833,24.92917,55.77833,24.94917,55.79833,Sharjah,Al Madam,osm_admin_8,2957,0,993
r56c232,24.93917,56.14833,24.92917,56.13833,24.94917,56.15833,Ras Al Khaimah,Munay,osm_place,1556,0,522
r56c233,24.93917,56.16833,24.92917,56.15833,24.94917,56.17833,Ras Al Khaimah,Sikhе̄bar,osm_place,601,0,202
r56c235,24.93917,56.20833,24.92917,56.19833,24.94917,56.21833,Sharjah,Kalba,osm_admin_8,4084,0,1371
r57c170,24.91917,54.90833,24.90917,54.89833,24.92917,54.91833,Dubai,Al Wajeha Al Bahriya,osm_admin_10,799,455,268
r57c173,24.91917,54.96833,24.90917,54.95833,24.92917,54.97833,Dubai,Hessyan 2,osm_admin_10,1561,18,524
r57c174,24.91917,54.98833,24.90917,54.97833,24.92917,54.99833,Dubai,Saih Shuaib 1,osm_admin_10,1102,11,370
r57c175,24.91917,55.00833,24.90917,54.99833,24.92917,55.01833,Dubai,Saih Shuaib 1,osm_admin_10,5369,17,1802
r57c176,24.91917,55.02833,24.90917,55.01833,24.92917,55.03833,Dubai,Jabal Ali Industrial 3,osm_admin_10,1261,865,423
r57c177,24.91917,55.04833,24.90917,55.03833,24.92917,55.05833,Dubai,Jabal Ali Industrial 3,osm_admin_10,1964,497,659
r57c178,24.91917,55.06833,24.90917,55.05833,24.92917,55.07833,Dubai,Jabal Ali Industrial 3,osm_admin_10,7034,2396,2362
r57c179,24.91917,55.08833,24.90917,55.07833,24.92917,55.09833,Dubai,Jabal Ali Industrial 3,osm_admin_10,1784,404,599
r57c180,24.91917,55.10833,24.90917,55.09833,24.92917,55.11833,Dubai,Dubai,emirate,5916,2353,1986
r57c181,24.91917,55.12833,24.90917,55.11833,24.92917,55.13833,Dubai,Madinat Al Mataar,osm_place,3268,825,1097
r57c182,24.91917,55.14833,24.90917,55.13833,24.92917,55.15833,Dubai,Dubai South,osm_place,915,0,307
r57c183,24.91917,55.16833,24.90917,55.15833,24.92917,55.17833,Dubai,Dubai South,osm_place,553,0,186
r57c186,24.91917,55.22833,24.90917,55.21833,24.92917,55.23833,Dubai,Al Selal/Madinat Latifa,osm_admin_10,2099,0,705
r57c187,24.91917,55.24833,24.90917,55.23833,24.92917,55.25833,Dubai,Al Selal/Madinat Latifa,osm_admin_10,2042,0,686
r57c193,24.91917,55.36833,24.90917,55.35833,24.92917,55.37833,Dubai,Saih Al Salam,osm_admin_10,703,0,236
r57c196,24.91917,55.42833,24.90917,55.41833,24.92917,55.43833,Dubai,Al Lesaily,osm_admin_10,2033,0,682
r57c197,24.91917,55.44833,24.90917,55.43833,24.92917,55.45833,Dubai,Al Lesaily,osm_admin_10,1767,0,593
r57c198,24.91917,55.46833,24.90917,55.45833,24.92917,55.47833,Dubai,Al Lesaily,osm_admin_10,4011,0,1347
r57c199,24.91917,55.48833,24.90917,55.47833,24.92917,55.49833,Dubai,Al Lesaily,osm_admin_10,2834,0,951
r57c200,24.91917,55.50833,24.90917,55.49833,24.92917,55.51833,Dubai,Al Lesaily,osm_admin_10,4128,0,1386
r57c201,24.91917,55.52833,24.90917,55.51833,24.92917,55.53833,Dubai,Margham,osm_admin_10,1671,0,561
r57c203,24.91917,55.56833,24.90917,55.55833,24.92917,55.57833,Dubai,Margham,osm_admin_10,1160,0,390
r57c206,24.91917,55.62833,24.90917,55.61833,24.92917,55.63833,Dubai,Margham,osm_admin_10,951,0,319
r57c211,24.91917,55.72833,24.90917,55.71833,24.92917,55.73833,Sharjah,Al Madam,osm_admin_8,1686,0,566
r57c212,24.91917,55.74833,24.90917,55.73833,24.92917,55.75833,Sharjah,Al Madam,osm_admin_8,1780,0,597
r57c213,24.91917,55.76833,24.90917,55.75833,24.92917,55.77833,Sharjah,Al Madam,osm_admin_8,5340,0,1793
r57c229,24.91917,56.08833,24.90917,56.07833,24.92917,56.09833,Ras Al Khaimah,Al Qor,osm_place,612,0,205
r57c230,24.91917,56.10833,24.90917,56.09833,24.92917,56.11833,Ras Al Khaimah,Sha'biyyat Milāḩ,osm_place,517,0,174
r57c231,24.91917,56.12833,24.90917,56.11833,24.92917,56.13833,Ras Al Khaimah,Sha'biyyat Milāḩ,osm_place,564,0,189
r57c233,24.91917,56.16833,24.90917,56.15833,24.92917,56.17833,Ras Al Khaimah,Sikhе̄bar,osm_place,891,0,299
r58c78,24.89917,53.06833,24.88917,53.05833,24.90917,53.07833,Abu Dhabi,Zirku Island,osm_admin_8,3029,663,1017
r58c168,24.89917,54.86833,24.88917,54.85833,24.90917,54.87833,Abu Dhabi,Ghantout,osm_admin_8,761,0,256
r58c171,24.89917,54.92833,24.88917,54.91833,24.90917,54.93833,Abu Dhabi,Ghantout,osm_admin_8,947,112,318
r58c173,24.89917,54.96833,24.88917,54.95833,24.90917,54.97833,Dubai,Saih Shuaib 1,osm_admin_10,901,3,303
r58c174,24.89917,54.98833,24.88917,54.97833,24.90917,54.99833,Dubai,Saih Shuaib 1,osm_admin_10,842,0,283
r58c178,24.89917,55.06833,24.88917,55.05833,24.90917,55.07833,Dubai,Jabal Ali Industrial 3,osm_admin_10,2712,2365,910
r58c180,24.89917,55.10833,24.88917,55.09833,24.90917,55.11833,Dubai,Dubai,emirate,7240,1868,2431
r58c181,24.89917,55.12833,24.88917,55.11833,24.90917,55.13833,Dubai,Madinat Al Mataar,osm_place,3964,90,1331
r58c182,24.89917,55.14833,24.88917,55.13833,24.90917,55.15833,Dubai,Madinat Al Mataar,osm_place,2527,17,848
r58c185,24.89917,55.20833,24.88917,55.19833,24.90917,55.21833,Dubai,Dubai,emirate,577,0,194
r58c191,24.89917,55.32833,24.88917,55.31833,24.90917,55.33833,Dubai,Al Selal/Madinat Latifa,osm_admin_10,1698,0,570
r58c192,24.89917,55.34833,24.88917,55.33833,24.90917,55.35833,Dubai,Saih Al Salam,osm_admin_10,1213,0,407
r58c193,24.89917,55.36833,24.88917,55.35833,24.90917,55.37833,Dubai,Saih Al Salam,osm_admin_10,1238,0,416
r58c195,24.89917,55.40833,24.88917,55.39833,24.90917,55.41833,Dubai,Al Lesaily,osm_admin_10,624,0,210
r58c196,24.89917,55.42833,24.88917,55.41833,24.90917,55.43833,Dubai,Al Lesaily,osm_admin_10,738,0,248
r58c197,24.89917,55.44833,24.88917,55.43833,24.90917,55.45833,Dubai,Al Lesaily,osm_admin_10,1533,0,515
r58c200,24.89917,55.50833,24.88917,55.49833,24.90917,55.51833,Dubai,Grayteesah,osm_admin_10,1483,0,498
r58c201,24.89917,55.52833,24.88917,55.51833,24.90917,55.53833,Dubai,Grayteesah,osm_admin_10,1565,0,526
r58c205,24.89917,55.60833,24.88917,55.59833,24.90917,55.61833,Dubai,Margham,osm_admin_10,1481,0,497
r58c206,24.89917,55.62833,24.88917,55.61833,24.90917,55.63833,Dubai,Margham,osm_place,978,0,328
r58c213,24.89917,55.76833,24.88917,55.75833,24.90917,55.77833,Sharjah,Al Madam,osm_admin_8,733,0,246
r58c214,24.89917,55.78833,24.88917,55.77833,24.90917,55.79833,Sharjah,Al Madam,osm_admin_8,1129,0,379
r58c215,24.89917,55.80833,24.88917,55.79833,24.90917,55.81833,Sharjah,Al Madam,osm_admin_8,1298,423,436
r58c229,24.89917,56.08833,24.88917,56.07833,24.90917,56.09833,Ras Al Khaimah,Al Qor,osm_place,971,0,326
r58c233,24.89917,56.16833,24.88917,56.15833,24.90917,56.17833,Ras Al Khaimah,Huwaylat,osm_place,773,0,260
r59c78,24.87917,53.06833,24.86917,53.05833,24.88917,53.07833,Abu Dhabi,Zirku Island,osm_admin_8,4954,1910,1663
r59c79,24.87917,53.08833,24.86917,53.07833,24.88917,53.09833,Abu Dhabi,Zirku Island,osm_admin_8,2216,364,744
r59c167,24.87917,54.84833,24.86917,54.83833,24.88917,54.85833,Abu Dhabi,Ghadeer Al Tayr,osm_admin_8,715,0,240
r59c168,24.87917,54.86833,24.86917,54.85833,24.88917,54.87833,Abu Dhabi,Ghantout,osm_admin_8,597,0,200
r59c169,24.87917,54.88833,24.86917,54.87833,24.88917,54.89833,Abu Dhabi,Ghantout,osm_admin_8,621,0,208
r59c170,24.87917,54.90833,24.86917,54.89833,24.88917,54.91833,Abu Dhabi,Ghantout,osm_admin_8,721,0,242
r59c176,24.87917,55.02833,24.86917,55.01833,24.88917,55.03833,Dubai,Saih Shuaib 1,osm_admin_10,586,448,197
r59c177,24.87917,55.04833,24.86917,55.03833,24.88917,55.05833,Dubai,Saih Shuaib 2,osm_place,1174,1083,394
r59c178,24.87917,55.06833,24.86917,55.05833,24.88917,55.07833,Dubai,Saih Shuaib 2,osm_place,1335,1335,448
r59c181,24.87917,55.12833,24.86917,55.11833,24.88917,55.13833,Dubai,Urbana II,osm_place,5952,619,1998
r59c182,24.87917,55.14833,24.86917,55.13833,24.88917,55.15833,Dubai,Urbana II,osm_place,7412,149,2488
r59c183,24.87917,55.16833,24.86917,55.15833,24.88917,55.17833,Dubai,Urbana III,osm_place,4385,0,1472
r59c184,24.87917,55.18833,24.86917,55.17833,24.88917,55.19833,Dubai,Dubai,emirate,1022,16,343
r59c195,24.87917,55.40833,24.86917,55.39833,24.88917,55.41833,Dubai,Saih Al Salam,osm_admin_10,1950,0,655
r59c201,24.87917,55.52833,24.86917,55.51833,24.88917,55.53833,Dubai,Grayteesah,osm_admin_10,504,0,169
r59c202,24.87917,55.54833,24.86917,55.53833,24.88917,55.55833,Dubai,Grayteesah,osm_admin_10,2897,0,973
r59c203,24.87917,55.56833,24.86917,55.55833,24.88917,55.57833,Dubai,Margham,osm_admin_10,579,0,194
r59c214,24.87917,55.78833,24.86917,55.77833,24.88917,55.79833,Sharjah,Al Madam,osm_admin_8,1052,0,353
r59c224,24.87917,55.98833,24.86917,55.97833,24.88917,55.99833,Ajman,Al Subaygha,osm_place,1931,0,648
r59c233,24.87917,56.16833,24.86917,56.15833,24.88917,56.17833,Ras Al Khaimah,Huwaylat,osm_place,1325,0,445
r59c235,24.87917,56.20833,24.86917,56.19833,24.88917,56.21833,Ras Al Khaimah,Fashrah,osm_place,579,0,194
r60c79,24.85917,53.08833,24.84917,53.07833,24.86917,53.09833,Abu Dhabi,Abu Dhabi,emirate,598,249,201
r60c169,24.85917,54.88833,24.84917,54.87833,24.86917,54.89833,Abu Dhabi,Ghadeer Al Tayr,osm_admin_8,1223,0,410
r60c170,24.85917,54.90833,24.84917,54.89833,24.86917,54.91833,Abu Dhabi,Al Layyan,osm_admin_8,1276,0,429
r60c177,24.85917,55.04833,24.84917,55.03833,24.86917,55.05833,Dubai,Saih Shuaib 2,osm_place,4882,4882,1639
r60c178,24.85917,55.06833,24.84917,55.05833,24.86917,55.07833,Dubai,Saih Shuaib 2,osm_place,9540,9540,3203
r60c179,24.85917,55.08833,24.84917,55.07833,24.86917,55.09833,Dubai,Saih Shuaib 3,osm_place,2393,2393,803
r60c182,24.85917,55.14833,24.84917,55.13833,24.86917,55.15833,Dubai,Urbana III,osm_place,3245,0,1089
r60c183,24.85917,55.16833,24.84917,55.15833,24.86917,55.17833,Dubai,Urbana III,osm_place,753,14,253
r60c192,24.85917,55.34833,24.84917,55.33833,24.86917,55.35833,Dubai,Saih Al Salam,osm_admin_10,814,0,273
r60c193,24.85917,55.36833,24.84917,55.35833,24.86917,55.37833,Dubai,Saih Al Salam,osm_admin_10,2666,0,895
r60c194,24.85917,55.38833,24.84917,55.37833,24.86917,55.39833,Dubai,Saih Al Salam,osm_admin_10,2640,0,886
r60c201,24.85917,55.52833,24.84917,55.51833,24.86917,55.53833,Dubai,Grayteesah,osm_admin_10,529,0,178
r60c202,24.85917,55.54833,24.84917,55.53833,24.86917,55.55833,Dubai,Grayteesah,osm_admin_10,2028,0,681
r60c203,24.85917,55.56833,24.84917,55.55833,24.86917,55.57833,Dubai,Umm Eselay,osm_admin_10,586,0,197
r60c204,24.85917,55.58833,24.84917,55.57833,24.86917,55.59833,Dubai,Umm Eselay,osm_admin_10,503,0,169
r60c225,24.85917,56.00833,24.84917,55.99833,24.86917,56.01833,Ajman,Al Subaygha,osm_place,3729,0,1252
r60c226,24.85917,56.02833,24.84917,56.01833,24.86917,56.03833,Ajman,Ajman,emirate,1992,0,669
r60c227,24.85917,56.04833,24.84917,56.03833,24.86917,56.05833,Ajman,Ajman,emirate,761,0,256
r61c163,24.83917,54.76833,24.82917,54.75833,24.84917,54.77833,Abu Dhabi,Ghanadhah,osm_admin_8,586,0,197
r61c169,24.83917,54.88833,24.82917,54.87833,24.84917,54.89833,Abu Dhabi,Ghadeer Al Tayr,osm_admin_8,637,0,214
r61c176,24.83917,55.02833,24.82917,55.01833,24.84917,55.03833,Abu Dhabi,Al Layyan,osm_admin_8,2751,194,924
r61c177,24.83917,55.04833,24.82917,55.03833,24.84917,55.05833,Dubai,Dubai Industrial City,osm_place,956,514,321
r61c178,24.83917,55.06833,24.82917,55.05833,24.84917,55.07833,Dubai,Dubai Industrial City,osm_place,10461,10461,3512
r61c179,24.83917,55.08833,24.82917,55.07833,24.84917,55.09833,Dubai,Saih Shuaib 3,osm_place,6327,6327,2124
r61c203,24.83917,55.56833,24.82917,55.55833,24.84917,55.57833,Dubai,Grayteesah,osm_admin_10,1048,0,352
r61c205,24.83917,55.60833,24.82917,55.59833,24.84917,55.61833,Dubai,Umm Eselay,osm_place,571,0,192
r61c206,24.83917,55.62833,24.82917,55.61833,24.84917,55.63833,Dubai,Umm Eselay,osm_place,636,0,214
r61c225,24.83917,56.00833,24.82917,55.99833,24.84917,56.01833,Ajman,Mudayrah,osm_place,602,0,202
r61c226,24.83917,56.02833,24.82917,56.01833,24.84917,56.03833,Ajman,Mudayrah,osm_place,9362,0,3143
r61c227,24.83917,56.04833,24.82917,56.03833,24.84917,56.05833,Ajman,Mudayrah,osm_place,7222,0,2425
r61c228,24.83917,56.06833,24.82917,56.05833,24.84917,56.07833,Ajman,Al Warqa,osm_place,2370,101,796
r61c229,24.83917,56.08833,24.82917,56.07833,24.84917,56.09833,Dubai,Al Warqa,osm_place,3433,140,1153
r61c230,24.83917,56.10833,24.82917,56.09833,24.84917,56.11833,Dubai,Shariyah,osm_place,2658,0,893
r62c157,24.81917,54.64833,24.80917,54.63833,24.82917,54.65833,Abu Dhabi,Al Ma'mourah,osm_admin_8,872,868,293
r62c165,24.81917,54.80833,24.80917,54.79833,24.82917,54.81833,Abu Dhabi,Al Smeeh,osm_admin_8,594,0,199
r62c178,24.81917,55.06833,24.80917,55.05833,24.82917,55.07833,Dubai,Dubai Industrial City,osm_place,2572,2572,864
r62c179,24.81917,55.08833,24.80917,55.07833,24.82917,55.09833,Dubai,Saih Shuaib 4,osm_place,9811,9811,3294
r62c180,24.81917,55.10833,24.80917,55.09833,24.82917,55.11833,Dubai,Saih Shuaib 4,osm_place,3485,3462,1170
r62c185,24.81917,55.20833,24.80917,55.19833,24.82917,55.21833,Dubai,Mugatrah,osm_place,694,0,233
r62c186,24.81917,55.22833,24.80917,55.21833,24.82917,55.23833,Dubai,Mugatrah,osm_place,1586,0,533
r62c187,24.81917,55.24833,24.80917,55.23833,24.82917,55.25833,Dubai,Dubai,emirate,2244,0,753
r62c188,24.81917,55.26833,24.80917,55.25833,24.82917,55.27833,Dubai,Dubai,emirate,514,0,172
r62c203,24.81917,55.56833,24.80917,55.55833,24.82917,55.57833,Dubai,Marqab,osm_place,1485,0,499
r62c204,24.81917,55.58833,24.80917,55.57833,24.82917,55.59833,Dubai,Marqab,osm_place,2689,0,903
r62c205,24.81917,55.60833,24.80917,55.59833,24.82917,55.61833,Dubai,Margab,osm_place,519,0,174
r62c212,24.81917,55.74833,24.80917,55.73833,24.82917,55.75833,Sharjah,Al Madam,osm_admin_8,1057,0,355
r62c213,24.81917,55.76833,24.80917,55.75833,24.82917,55.77833,Sharjah,Al Madam,osm_admin_8,1718,0,577
r62c214,24.81917,55.78833,24.80917,55.77833,24.82917,55.79833,Sharjah,Al Madam,osm_admin_8,1634,0,549
r62c226,24.81917,56.02833,24.80917,56.01833,24.82917,56.03833,Ajman,As Sanadil,osm_place,3097,0,1040
r62c227,24.81917,56.04833,24.80917,56.03833,24.82917,56.05833,Ajman,Mudayrah,osm_place,4454,0,1495
r62c228,24.81917,56.06833,24.80917,56.05833,24.82917,56.07833,Ajman,Al Warqa,osm_place,4974,0,1670
r62c229,24.81917,56.08833,24.80917,56.07833,24.82917,56.09833,Ajman,Al Warqa,osm_place,7094,0,2381
r62c230,24.81917,56.10833,24.80917,56.09833,24.82917,56.11833,Dubai,Shariyah,osm_place,5815,0,1952
r62c231,24.81917,56.12833,24.80917,56.11833,24.82917,56.13833,Dubai,Sufayri,osm_place,7444,0,2499
r62c232,24.81917,56.14833,24.80917,56.13833,24.82917,56.15833,Dubai,Sufayri,osm_place,3463,20,1163
r62c233,24.81917,56.16833,24.80917,56.15833,24.82917,56.17833,Dubai,Suhaylah,osm_place,1615,0,542
r62c234,24.81917,56.18833,24.80917,56.17833,24.82917,56.19833,Dubai,Suhaylah,osm_place,958,0,321
r63c157,24.79917,54.64833,24.78917,54.63833,24.80917,54.65833,Abu Dhabi,Al Ma'mourah,osm_admin_8,1053,1051,353
r63c160,24.79917,54.70833,24.78917,54.69833,24.80917,54.71833,Abu Dhabi,Al Ma'mourah,osm_admin_8,3131,3017,1051
r63c161,24.79917,54.72833,24.78917,54.71833,24.80917,54.73833,Abu Dhabi,Ghanadhah,osm_admin_8,2622,2257,880
r63c168,24.79917,54.86833,24.78917,54.85833,24.80917,54.87833,Abu Dhabi,Al Layyan,osm_admin_8,941,0,316
r63c179,24.79917,55.08833,24.78917,55.07833,24.80917,55.09833,Dubai,Al Layan 1,osm_admin_10,845,814,284
r63c185,24.79917,55.20833,24.78917,55.19833,24.80917,55.21833,Dubai,Mugatrah,osm_place,560,0,188
r63c214,24.79917,55.78833,24.78917,55.77833,24.80917,55.79833,Sharjah,Al Madam,osm_admin_8,680,0,228
r63c215,24.79917,55.80833,24.78917,55.79833,24.80917,55.81833,Sharjah,Al Madam,osm_admin_8,627,0,211
r63c227,24.79917,56.04833,24.78917,56.03833,24.80917,56.05833,Ajman,As Sanadil,osm_place,593,0,199
r63c230,24.79917,56.10833,24.78917,56.09833,24.80917,56.11833,Dubai,Hayl,osm_place,6460,34,2169
r63c231,24.79917,56.12833,24.78917,56.11833,24.80917,56.13833,Dubai,Hatta,osm_place,12380,0,4156
r63c232,24.79917,56.14833,24.78917,56.13833,24.80917,56.15833,Dubai,Qimah,osm_place,1511,0,507
r63c233,24.79917,56.16833,24.78917,56.15833,24.80917,56.17833,Dubai,Suhaylah,osm_place,551,0,185
r63c234,24.79917,56.18833,24.78917,56.17833,24.80917,56.19833,Dubai,Suhaylah,osm_place,748,0,251
r64c159,24.77917,54.68833,24.76917,54.67833,24.78917,54.69833,Abu Dhabi,Al Taweelah,osm_admin_8,1249,1008,419
r64c160,24.77917,54.70833,24.76917,54.69833,24.78917,54.71833,Abu Dhabi,Al Ma'mourah,osm_admin_8,3045,2799,1022
r64c161,24.77917,54.72833,24.76917,54.71833,24.78917,54.73833,Abu Dhabi,Al Ma'mourah,osm_admin_8,3297,2828,1107
r64c162,24.77917,54.74833,24.76917,54.73833,24.78917,54.75833,Abu Dhabi,Ghanadhah,osm_admin_8,639,461,215
r64c215,24.77917,55.80833,24.76917,55.79833,24.78917,55.81833,Abu Dhabi,Al Shiwayb,osm_admin_8,744,0,250
r64c230,24.77917,56.10833,24.76917,56.09833,24.78917,56.11833,Dubai,Hayl,osm_place,720,36,242
r64c231,24.77917,56.12833,24.76917,56.11833,24.78917,56.13833,Dubai,Qimah,osm_place,789,0,265
r64c232,24.77917,56.14833,24.76917,56.13833,24.78917,56.15833,Dubai,Qimah,osm_place,2921,56,981
r64c233,24.77917,56.16833,24.76917,56.15833,24.78917,56.17833,Dubai,Al Fay,osm_place,781,0,262
r65c158,24.75917,54.66833,24.74917,54.65833,24.76917,54.67833,Abu Dhabi,Al Taweelah,osm_admin_8,616,260,207
r65c159,24.75917,54.68833,24.74917,54.67833,24.76917,54.69833,Abu Dhabi,Al Taweelah,osm_admin_8,6390,5802,2145
r65c160,24.75917,54.70833,24.74917,54.69833,24.76917,54.71833,Abu Dhabi,Al Ma'mourah,osm_admin_8,587,59,197
r65c162,24.75917,54.74833,24.74917,54.73833,24.76917,54.75833,Abu Dhabi,Al Ma'mourah,osm_admin_8,802,251,269
r65c173,24.75917,54.96833,24.74917,54.95833,24.76917,54.97833,Abu Dhabi,Al Layyan,osm_admin_8,601,52,202
r65c193,24.75917,55.36833,24.74917,55.35833,24.76917,55.37833,Dubai,Dubai,emirate,1203,1144,404
r65c194,24.75917,55.38833,24.74917,55.37833,24.76917,55.39833,Dubai,Dubai,emirate,503,329,169
r66c159,24.73917,54.68833,24.72917,54.67833,24.74917,54.69833,Abu Dhabi,Al Taweelah,osm_admin_8,1047,0,351
r66c161,24.73917,54.72833,24.72917,54.71833,24.74917,54.73833,Abu Dhabi,Al Ma'mourah,osm_admin_8,1109,265,372
r66c162,24.73917,54.74833,24.72917,54.73833,24.74917,54.75833,Abu Dhabi,Al Ma'mourah,osm_admin_8,2123,101,713
r66c213,24.73917,55.76833,24.72917,55.75833,24.74917,55.77833,Abu Dhabi,Al Shiwayb,osm_admin_8,1041,0,350
r66c214,24.73917,55.78833,24.72917,55.77833,24.74917,55.79833,Abu Dhabi,Al Shiwayb,osm_admin_8,4006,0,1345
r66c215,24.73917,55.80833,24.72917,55.79833,24.74917,55.81833,Abu Dhabi,Al Shiwayb,osm_admin_8,1490,0,500
r67c161,24.71917,54.72833,24.70917,54.71833,24.72917,54.73833,Abu Dhabi,Al Ma'mourah,osm_admin_8,1860,1053,625
r67c162,24.71917,54.74833,24.70917,54.73833,24.72917,54.75833,Abu Dhabi,Al Ma'mourah,osm_admin_8,1573,724,528
r67c165,24.71917,54.80833,24.70917,54.79833,24.72917,54.81833,Abu Dhabi,Khalifa Industrial,osm_admin_8,1957,0,657
r67c166,24.71917,54.82833,24.70917,54.81833,24.72917,54.83833,Abu Dhabi,Khalifa Industrial,osm_admin_8,651,0,219
r67c168,24.71917,54.86833,24.70917,54.85833,24.72917,54.87833,Abu Dhabi,Khalifa Industrial,osm_admin_8,1083,4,364
r67c205,24.71917,55.60833,24.70917,55.59833,24.72917,55.61833,Dubai,Al Faqa',osm_place,1081,0,363
r67c206,24.71917,55.62833,24.70917,55.61833,24.72917,55.63833,Abu Dhabi,Al Faqa',osm_admin_8,4019,0,1349
r67c213,24.71917,55.76833,24.70917,55.75833,24.72917,55.77833,Abu Dhabi,Al Shiwayb,osm_admin_8,665,0,223
r68c157,24.69917,54.64833,24.68917,54.63833,24.70917,54.65833,Abu Dhabi,Al Sader,osm_admin_8,559,0,188
r68c158,24.69917,54.66833,24.68917,54.65833,24.70917,54.67833,Abu Dhabi,Al Sader,osm_admin_8,3537,126,1188
r68c161,24.69917,54.72833,24.68917,54.71833,24.70917,54.73833,Abu Dhabi,Al Taweelah,osm_admin_8,732,223,246
r68c162,24.69917,54.74833,24.68917,54.73833,24.70917,54.75833,Abu Dhabi,Al Samhah,osm_admin_8,2457,471,825
r68c163,24.69917,54.76833,24.68917,54.75833,24.70917,54.77833,Abu Dhabi,Al Samhah,osm_admin_8,2345,0,787
r68c164,24.69917,54.78833,24.68917,54.77833,24.70917,54.79833,Abu Dhabi,Al Samhah,osm_admin_8,2009,0,674
r68c165,24.69917,54.80833,24.68917,54.79833,24.70917,54.81833,Abu Dhabi,Khalifa Industrial,osm_admin_8,1115,0,374
r68c204,24.69917,55.58833,24.68917,55.57833,24.70917,55.59833,Abu Dhabi,Al Faqa',osm_admin_8,793,13,266
r68c205,24.69917,55.60833,24.68917,55.59833,24.70917,55.61833,Abu Dhabi,Al Faqa',osm_admin_8,1537,32,516
r68c206,24.69917,55.62833,24.68917,55.61833,24.70917,55.63833,Abu Dhabi,Al Faqa',osm_admin_8,2215,10,744
r69c158,24.67917,54.66833,24.66917,54.65833,24.68917,54.67833,Abu Dhabi,Al Sader,osm_admin_8,1177,0,395
r69c159,24.67917,54.68833,24.66917,54.67833,24.68917,54.69833,Abu Dhabi,Al Sader,osm_admin_8,1617,0,543
r69c161,24.67917,54.72833,24.66917,54.71833,24.68917,54.73833,Abu Dhabi,Al Samhah,osm_admin_8,1393,448,468
r69c162,24.67917,54.74833,24.66917,54.73833,24.68917,54.75833,Abu Dhabi,Al Samhah,osm_admin_8,5501,307,1847
r69c163,24.67917,54.76833,24.66917,54.75833,24.68917,54.77833,Abu Dhabi,Al Samhah,osm_admin_8,6132,0,2059
r69c164,24.67917,54.78833,24.66917,54.77833,24.68917,54.79833,Abu Dhabi,Khalifa Industrial,osm_admin_8,1431,0,481
r69c166,24.67917,54.82833,24.66917,54.81833,24.68917,54.83833,Abu Dhabi,Khalifa Industrial,osm_admin_8,824,12,277
r69c167,24.67917,54.84833,24.66917,54.83833,24.68917,54.85833,Abu Dhabi,Khalifa Industrial,osm_admin_8,545,0,183
r69c183,24.67917,55.16833,24.66917,55.15833,24.68917,55.17833,Abu Dhabi,Al 'Ajban,osm_admin_8,1372,710,461
r69c184,24.67917,55.18833,24.66917,55.17833,24.68917,55.19833,Dubai,Dubai,emirate,726,0,244
r69c205,24.67917,55.60833,24.66917,55.59833,24.68917,55.61833,Abu Dhabi,Al Faqa',osm_admin_8,1260,9,423
r69c206,24.67917,55.62833,24.66917,55.61833,24.68917,55.63833,Abu Dhabi,Al Faqa',osm_admin_8,757,0,254
r70c158,24.65917,54.66833,24.64917,54.65833,24.66917,54.67833,Abu Dhabi,Al Shelaylah Island,osm_admin_8,558,0,187
r70c159,24.65917,54.68833,24.64917,54.67833,24.66917,54.69833,Abu Dhabi,Al Sader,osm_admin_8,2713,0,911
r70c160,24.65917,54.70833,24.64917,54.69833,24.66917,54.71833,Abu Dhabi,Al Sader,osm_admin_8,862,0,289
r70c161,24.65917,54.72833,24.64917,54.71833,24.66917,54.73833,Abu Dhabi,Al Samhah,osm_admin_8,3747,0,1258
r70c162,24.65917,54.74833,24.64917,54.73833,24.66917,54.75833,Abu Dhabi,Al Samhah,osm_admin_8,3107,38,1043
r70c163,24.65917,54.76833,24.64917,54.75833,24.66917,54.77833,Abu Dhabi,Al Samhah,osm_admin_8,5387,33,1809
r70c164,24.65917,54.78833,24.64917,54.77833,24.66917,54.79833,Abu Dhabi,Khalifa Industrial,osm_admin_8,591,4,199
r70c165,24.65917,54.80833,24.64917,54.79833,24.66917,54.81833,Abu Dhabi,Khalifa Industrial,osm_admin_8,1020,0,343
r70c208,24.65917,55.66833,24.64917,55.65833,24.66917,55.67833,Abu Dhabi,Al Faqa',osm_admin_8,1155,0,388
r70c209,24.65917,55.68833,24.64917,55.67833,24.66917,55.69833,Abu Dhabi,Al Hiyar,osm_admin_8,720,30,242
r71c157,24.63917,54.64833,24.62917,54.63833,24.64917,54.65833,Abu Dhabi,Al Shelaylah Island,osm_admin_8,768,0,258
r71c158,24.63917,54.66833,24.62917,54.65833,24.64917,54.67833,Abu Dhabi,Al Sader,osm_admin_8,4685,0,1573
r71c159,24.63917,54.68833,24.62917,54.67833,24.64917,54.69833,Abu Dhabi,Al Sader,osm_admin_8,2181,0,732
r71c160,24.63917,54.70833,24.62917,54.69833,24.64917,54.71833,Abu Dhabi,Al Samhah,osm_admin_8,3851,0,1293
r71c161,24.63917,54.72833,24.62917,54.71833,24.64917,54.73833,Abu Dhabi,Al Samhah,osm_admin_8,5534,0,1858
r71c163,24.63917,54.76833,24.62917,54.75833,24.64917,54.77833,Abu Dhabi,Muwaylih,osm_admin_8,912,0,306
r71c165,24.63917,54.80833,24.62917,54.79833,24.64917,54.81833,Abu Dhabi,Khalifa Industrial,osm_admin_8,1474,1,495
r71c166,24.63917,54.82833,24.62917,54.81833,24.64917,54.83833,Abu Dhabi,Khalifa Industrial,osm_admin_8,861,0,289
r71c181,24.63917,55.12833,24.62917,55.11833,24.64917,55.13833,Abu Dhabi,Khalifa Industrial,osm_admin_8,661,0,222
r71c207,24.63917,55.64833,24.62917,55.63833,24.64917,55.65833,Abu Dhabi,Al Faqa',osm_admin_8,504,0,169
r71c208,24.63917,55.66833,24.62917,55.65833,24.64917,55.67833,Abu Dhabi,Al Hiyar,osm_admin_8,1036,0,348
r71c209,24.63917,55.68833,24.62917,55.67833,24.64917,55.69833,Abu Dhabi,Al Hiyar,osm_admin_8,1303,0,438
r71c210,24.63917,55.70833,24.62917,55.69833,24.64917,55.71833,Abu Dhabi,Al Hiyar,osm_admin_8,866,0,291
r71c211,24.63917,55.72833,24.62917,55.71833,24.64917,55.73833,Abu Dhabi,Al Hiyar,osm_admin_8,636,0,214
r72c157,24.61917,54.64833,24.60917,54.63833,24.62917,54.65833,Abu Dhabi,Al Sader,osm_admin_8,2099,0,705
r72c159,24.61917,54.68833,24.60917,54.67833,24.62917,54.69833,Abu Dhabi,Al Rahbah,osm_admin_8,1621,0,544
r72c160,24.61917,54.70833,24.60917,54.69833,24.62917,54.71833,Abu Dhabi,Al Rahbah,osm_admin_8,4753,0,1596
r72c161,24.61917,54.72833,24.60917,54.71833,24.62917,54.73833,Abu Dhabi,Muwaylih,osm_admin_8,1078,0,362
r72c163,24.61917,54.76833,24.60917,54.75833,24.62917,54.77833,Abu Dhabi,Muwaylih,osm_admin_8,693,8,233
r72c164,24.61917,54.78833,24.60917,54.77833,24.62917,54.79833,Abu Dhabi,Muwaylih,osm_admin_8,1188,0,399
r72c165,24.61917,54.80833,24.60917,54.79833,24.62917,54.81833,Abu Dhabi,Muwaylih,osm_admin_8,3301,0,1108
r72c166,24.61917,54.82833,24.60917,54.81833,24.62917,54.83833,Abu Dhabi,Muwaylih,osm_admin_8,2868,0,963
r72c167,24.61917,54.84833,24.60917,54.83833,24.62917,54.85833,Abu Dhabi,Muwaylih,osm_admin_8,1863,0,625
r72c168,24.61917,54.86833,24.60917,54.85833,24.62917,54.87833,Abu Dhabi,Muwaylih,osm_admin_8,966,0,324
r72c176,24.61917,55.02833,24.60917,55.01833,24.62917,55.03833,Abu Dhabi,Khalifa Industrial,osm_admin_8,665,0,223
r72c208,24.61917,55.66833,24.60917,55.65833,24.62917,55.67833,Abu Dhabi,Al Hiyar,osm_admin_8,540,0,181
r72c209,24.61917,55.68833,24.60917,55.67833,24.62917,55.69833,Abu Dhabi,Al Hiyar,osm_admin_8,738,0,248
r72c211,24.61917,55.72833,24.60917,55.71833,24.62917,55.73833,Abu Dhabi,Al Hiyar,osm_admin_8,530,0,178
r72c212,24.61917,55.74833,24.60917,55.73833,24.62917,55.75833,Abu Dhabi,Al Hiyar,osm_admin_8,780,0,262
r72c213,24.61917,55.76833,24.60917,55.75833,24.62917,55.77833,Abu Dhabi,Al Hiyar,osm_admin_8,985,0,331
r73c157,24.59917,54.64833,24.58917,54.63833,24.60917,54.65833,Abu Dhabi,Al Sader,osm_admin_8,1684,0,565
r73c158,24.59917,54.66833,24.58917,54.65833,24.60917,54.67833,Abu Dhabi,Al Bahyah,osm_admin_8,925,0,311
r73c159,24.59917,54.68833,24.58917,54.67833,24.60917,54.69833,Abu Dhabi,Al Rahbah,osm_admin_8,4647,0,1560
r73c160,24.59917,54.70833,24.58917,54.69833,24.60917,54.71833,Abu Dhabi,Abu Mreikhah,osm_admin_8,3690,0,1239
r73c163,24.59917,54.76833,24.58917,54.75833,24.60917,54.77833,Abu Dhabi,Zayed Military City,osm_admin_8,685,0,230
r73c164,24.59917,54.78833,24.58917,54.77833,24.60917,54.79833,Abu Dhabi,Zayed Military City,osm_admin_8,794,0,266
r73c165,24.59917,54.80833,24.58917,54.79833,24.60917,54.81833,Abu Dhabi,Zayed Military City,osm_admin_8,1179,0,396
r73c166,24.59917,54.82833,24.58917,54.81833,24.60917,54.83833,Abu Dhabi,Zayed Military City,osm_admin_8,2160,0,725
r73c167,24.59917,54.84833,24.58917,54.83833,24.60917,54.85833,Abu Dhabi,Zayed Military City,osm_admin_8,842,4,283
r73c168,24.59917,54.86833,24.58917,54.85833,24.60917,54.87833,Abu Dhabi,Zayed Military City,osm_admin_8,860,0,289
r73c175,24.59917,55.00833,24.58917,54.99833,24.60917,55.01833,Abu Dhabi,Zayed Military City,osm_admin_8,826,593,277
r73c177,24.59917,55.04833,24.58917,55.03833,24.60917,55.05833,Abu Dhabi,Zayed Military City,osm_admin_8,541,0,182
r73c195,24.59917,55.40833,24.58917,55.39833,24.60917,55.41833,Abu Dhabi,Al 'Ajban,osm_admin_8,770,404,258
r73c196,24.59917,55.42833,24.58917,55.41833,24.60917,55.43833,Abu Dhabi,Al 'Ajban,osm_admin_8,522,0,175
r73c197,24.59917,55.44833,24.58917,55.43833,24.60917,55.45833,Abu Dhabi,Al 'Ajban,osm_admin_8,646,0,217
r73c211,24.59917,55.72833,24.58917,55.71833,24.60917,55.73833,Abu Dhabi,Al Hiyar,osm_admin_8,1587,0,533
r73c212,24.59917,55.74833,24.58917,55.73833,24.60917,55.75833,Abu Dhabi,Al Hiyar,osm_admin_8,4947,0,1661
r73c213,24.59917,55.76833,24.58917,55.75833,24.60917,55.77833,Abu Dhabi,Al Hiyar,osm_admin_8,1875,0,629
r73c214,24.59917,55.78833,24.58917,55.77833,24.60917,55.79833,Abu Dhabi,Al Hiyar,osm_admin_8,791,0,265
r74c148,24.57917,54.46833,24.56917,54.45833,24.58917,54.47833,Abu Dhabi,Al Saadiyat Island,osm_admin_8,600,0,201
r74c157,24.57917,54.64833,24.56917,54.63833,24.58917,54.65833,Abu Dhabi,Al Sader,osm_admin_8,2911,0,977
r74c158,24.57917,54.66833,24.56917,54.65833,24.58917,54.67833,Abu Dhabi,Al Bahyah,osm_admin_8,3061,0,1028
r74c159,24.57917,54.68833,24.56917,54.67833,24.58917,54.69833,Abu Dhabi,Al Rahbah,osm_admin_8,7919,0,2659
r74c160,24.57917,54.70833,24.56917,54.69833,24.58917,54.71833,Abu Dhabi,Abu Mreikhah,osm_admin_8,1221,0,410
r74c164,24.57917,54.78833,24.56917,54.77833,24.58917,54.79833,Abu Dhabi,Zayed Military City,osm_admin_8,686,12,230
r74c169,24.57917,54.88833,24.56917,54.87833,24.58917,54.89833,Abu Dhabi,Zayed Military City,osm_admin_8,1140,414,383
r74c194,24.57917,55.38833,24.56917,55.37833,24.58917,55.39833,Abu Dhabi,Al 'Ajban,osm_admin_8,538,0,181
r74c195,24.57917,55.40833,24.56917,55.39833,24.58917,55.41833,Abu Dhabi,Al 'Ajban,osm_admin_8,1251,0,420
r74c211,24.57917,55.72833,24.56917,55.71833,24.58917,55.73833,Abu Dhabi,Al Hiyar,osm_admin_8,1700,0,571
r74c212,24.57917,55.74833,24.56917,55.73833,24.58917,55.75833,Abu Dhabi,Al Hiyar,osm_admin_8,3291,0,1105
r74c213,24.57917,55.76833,24.56917,55.75833,24.58917,55.77833,Abu Dhabi,Al Hiyar,osm_admin_8,522,0,175
r75c147,24.55917,54.44833,24.54917,54.43833,24.56917,54.45833,Abu Dhabi,Al Saadiyat Island,osm_admin_8,2703,0,907
r75c156,24.55917,54.62833,24.54917,54.61833,24.56917,54.63833,Abu Dhabi,Ujaij,osm_admin_8,1996,0,670
r75c157,24.55917,54.64833,24.54917,54.63833,24.56917,54.65833,Abu Dhabi,Al Bahyah,osm_admin_8,4190,0,1407
r75c158,24.55917,54.66833,24.54917,54.65833,24.56917,54.67833,Abu Dhabi,Al Bahyah,osm_admin_8,3930,0,1319
r75c159,24.55917,54.68833,24.54917,54.67833,24.56917,54.69833,Abu Dhabi,Al Bahyah,osm_admin_8,7730,59,2595
r75c162,24.55917,54.74833,24.54917,54.73833,24.56917,54.75833,Abu Dhabi,Zayed Military City,osm_admin_8,1120,0,376
r75c163,24.55917,54.76833,24.54917,54.75833,24.56917,54.77833,Abu Dhabi,Zayed Military City,osm_admin_8,2975,0,999
r75c164,24.55917,54.78833,24.54917,54.77833,24.56917,54.79833,Abu Dhabi,Zayed Military City,osm_admin_8,4891,28,1642
r75c165,24.55917,54.80833,24.54917,54.79833,24.56917,54.81833,Abu Dhabi,Zayed Military City,osm_admin_8,1343,0,451
r75c166,24.55917,54.82833,24.54917,54.81833,24.56917,54.83833,Abu Dhabi,Zayed Military City,osm_admin_8,1505,0,505
r75c167,24.55917,54.84833,24.54917,54.83833,24.56917,54.85833,Abu Dhabi,Zayed Military City,osm_admin_8,2749,20,923
r75c168,24.55917,54.86833,24.54917,54.85833,24.56917,54.87833,Abu Dhabi,Zayed Military City,osm_admin_8,2640,32,886
r75c169,24.55917,54.88833,24.54917,54.87833,24.56917,54.89833,Abu Dhabi,Zayed Military City,osm_admin_8,2213,558,743
r75c184,24.55917,55.18833,24.54917,55.17833,24.56917,55.19833,Abu Dhabi,Niqa Al Dheeb,osm_admin_8,776,0,260
r75c185,24.55917,55.20833,24.54917,55.19833,24.56917,55.21833,Abu Dhabi,Al 'Ajban,osm_admin_8,546,0,183
r75c190,24.55917,55.30833,24.54917,55.29833,24.56917,55.31833,Abu Dhabi,Al 'Ajban,osm_admin_8,609,0,204
r75c192,24.55917,55.34833,24.54917,55.33833,24.56917,55.35833,Abu Dhabi,Al 'Ajban,osm_admin_8,831,0,279
r75c193,24.55917,55.36833,24.54917,55.35833,24.56917,55.37833,Abu Dhabi,Al 'Ajban,osm_admin_8,896,0,301
r75c194,24.55917,55.38833,24.54917,55.37833,24.56917,55.39833,Abu Dhabi,Al 'Ajban,osm_admin_8,571,0,192
r75c200,24.55917,55.50833,24.54917,55.49833,24.56917,55.51833,Abu Dhabi,Nahil,osm_admin_8,902,0,303
r75c205,24.55917,55.60833,24.54917,55.59833,24.56917,55.61833,Abu Dhabi,Al Hiyar,osm_admin_8,609,0,204
r75c206,24.55917,55.62833,24.54917,55.61833,24.56917,55.63833,Abu Dhabi,Al Hiyar,osm_admin_8,656,0,220
r75c208,24.55917,55.66833,24.54917,55.65833,24.56917,55.67833,Abu Dhabi,Al Hiyar,osm_admin_8,599,0,201
r75c209,24.55917,55.68833,24.54917,55.67833,24.56917,55.69833,Abu Dhabi,Al Hiyar,osm_admin_8,1001,0,336
r75c210,24.55917,55.70833,24.54917,55.69833,24.56917,55.71833,Abu Dhabi,Al Hiyar,osm_admin_8,704,0,236
r75c211,24.55917,55.72833,24.54917,55.71833,24.56917,55.73833,Abu Dhabi,Al Hiyar,osm_admin_8,581,0,195
r75c212,24.55917,55.74833,24.54917,55.73833,24.56917,55.75833,Abu Dhabi,Al Hiyar,osm_admin_8,1050,0,353
r76c143,24.53917,54.36833,24.52917,54.35833,24.54917,54.37833,Abu Dhabi,Zayed Port,osm_admin_8,1399,1250,470
r76c144,24.53917,54.38833,24.52917,54.37833,24.54917,54.39833,Abu Dhabi,Zayed Port,osm_admin_8,1184,971,398
r76c145,24.53917,54.40833,24.52917,54.39833,24.54917,54.41833,Abu Dhabi,Al Saadiyat Island,osm_admin_8,2139,0,718
r76c146,24.53917,54.42833,24.52917,54.41833,24.54917,54.43833,Abu Dhabi,Al Saadiyat Island,osm_admin_8,5203,96,1747
r76c147,24.53917,54.44833,24.52917,54.43833,24.54917,54.45833,Abu Dhabi,Al Saadiyat Island,osm_admin_8,2071,0,695
r76c156,24.53917,54.62833,24.52917,54.61833,24.54917,54.63833,Abu Dhabi,Al Bahyah,osm_admin_8,4840,0,1625
r76c157,24.53917,54.64833,24.52917,54.63833,24.54917,54.65833,Abu Dhabi,Al Bahyah,osm_admin_8,2537,0,852
r76c158,24.53917,54.66833,24.52917,54.65833,24.54917,54.67833,Abu Dhabi,Al Bahyah,osm_admin_8,7158,0,2403
r76c159,24.53917,54.68833,24.52917,54.67833,24.54917,54.69833,Abu Dhabi,Al Shahamah,osm_admin_8,7162,0,2404
r76c160,24.53917,54.70833,24.52917,54.69833,24.54917,54.71833,Abu Dhabi,Rawdat Al Reef,osm_admin_8,1187,0,399
r76c162,24.53917,54.74833,24.52917,54.73833,24.54917,54.75833,Abu Dhabi,Zayed Military City,osm_admin_8,1188,0,399
r76c163,24.53917,54.76833,24.52917,54.75833,24.54917,54.77833,Abu Dhabi,Zayed Military City,osm_admin_8,3760,0,1262
r76c164,24.53917,54.78833,24.52917,54.77833,24.54917,54.79833,Abu Dhabi,Zayed Military City,osm_admin_8,4273,0,1435
r76c166,24.53917,54.82833,24.52917,54.81833,24.54917,54.83833,Abu Dhabi,Zayed Military City,osm_admin_8,2318,0,778
r76c167,24.53917,54.84833,24.52917,54.83833,24.54917,54.85833,Abu Dhabi,Zayed Military City,osm_admin_8,3227,0,1083
r76c168,24.53917,54.86833,24.52917,54.85833,24.54917,54.87833,Abu Dhabi,Zayed Military City,osm_admin_8,1213,0,407
r76c170,24.53917,54.90833,24.52917,54.89833,24.54917,54.91833,Abu Dhabi,Zayed Military City,osm_admin_8,1456,0,489
r76c171,24.53917,54.92833,24.52917,54.91833,24.54917,54.93833,Abu Dhabi,Zayed Military City,osm_admin_8,528,0,177
r76c174,24.53917,54.98833,24.52917,54.97833,24.54917,54.99833,Abu Dhabi,Zayed Military City,osm_admin_8,978,0,328
r76c186,24.53917,55.22833,24.52917,55.21833,24.54917,55.23833,Abu Dhabi,Niqa Al Dheeb,osm_admin_8,728,0,244
r76c188,24.53917,55.26833,24.52917,55.25833,24.54917,55.27833,Abu Dhabi,Al 'Ajban,osm_admin_8,808,0,271
r76c189,24.53917,55.28833,24.52917,55.27833,24.54917,55.29833,Abu Dhabi,Al 'Ajban,osm_admin_8,593,0,199
r76c202,24.53917,55.54833,24.52917,55.53833,24.54917,55.55833,Abu Dhabi,Nahil,osm_admin_8,805,0,270
r76c203,24.53917,55.56833,24.52917,55.55833,24.54917,55.57833,Abu Dhabi,Nahil,osm_admin_8,1004,0,337
r76c204,24.53917,55.58833,24.52917,55.57833,24.54917,55.59833,Abu Dhabi,Al Hiyar,osm_admin_8,860,43,289
r76c205,24.53917,55.60833,24.52917,55.59833,24.54917,55.61833,Abu Dhabi,Al Hiyar,osm_admin_8,1421,0,477
r76c206,24.53917,55.62833,24.52917,55.61833,24.54917,55.63833,Abu Dhabi,Al Hiyar,osm_admin_8,1358,0,456
r76c207,24.53917,55.64833,24.52917,55.63833,24.54917,55.65833,Abu Dhabi,Al Hiyar,osm_admin_8,2151,0,722
r76c208,24.53917,55.66833,24.52917,55.65833,24.54917,55.67833,Abu Dhabi,Al Hiyar,osm_admin_8,1447,0,486
r76c209,24.53917,55.68833,24.52917,55.67833,24.54917,55.69833,Abu Dhabi,Al Hiyar,osm_admin_8,706,0,237
r76c212,24.53917,55.74833,24.52917,55.73833,24.54917,55.75833,Abu Dhabi,Al Hiyar,osm_admin_8,952,0,319
r77c143,24.51917,54.36833,24.50917,54.35833,24.52917,54.37833,Abu Dhabi,Zayed Port,osm_admin_8,6989,600,2347
r77c144,24.51917,54.38833,24.50917,54.37833,24.52917,54.39833,Abu Dhabi,Zayed Port,osm_admin_8,6554,2947,2200
r77c145,24.51917,54.40833,24.50917,54.39833,24.52917,54.41833,Abu Dhabi,Al Saadiyat Island,osm_admin_8,930,0,312
r77c146,24.51917,54.42833,24.50917,54.41833,24.52917,54.43833,Abu Dhabi,Al Saadiyat Island,osm_admin_8,1968,0,661
r77c147,24.51917,54.44833,24.50917,54.43833,24.52917,54.45833,Abu Dhabi,Al Saadiyat Island,osm_admin_8,2069,59,695
r77c157,24.51917,54.64833,24.50917,54.63833,24.52917,54.65833,Abu Dhabi,Al Bahyah,osm_admin_8,2663,0,894
r77c158,24.51917,54.66833,24.50917,54.65833,24.52917,54.67833,Abu Dhabi,Al Bahyah,osm_admin_8,6612,0,2220
r77c159,24.51917,54.68833,24.50917,54.67833,24.52917,54.69833,Abu Dhabi,Al Shahamah,osm_admin_8,4390,0,1474
r77c164,24.51917,54.78833,24.50917,54.77833,24.52917,54.79833,Abu Dhabi,Zayed Military City,osm_admin_8,1655,0,556
r77c165,24.51917,54.80833,24.50917,54.79833,24.52917,54.81833,Abu Dhabi,Zayed Military City,osm_admin_8,603,0,203
r77c167,24.51917,54.84833,24.50917,54.83833,24.52917,54.85833,Abu Dhabi,Zayed Military City,osm_admin_8,2475,0,831
r77c169,24.51917,54.88833,24.50917,54.87833,24.52917,54.89833,Abu Dhabi,Zayed Military City,osm_admin_8,1416,0,475
r77c170,24.51917,54.90833,24.50917,54.89833,24.52917,54.91833,Abu Dhabi,Zayed Military City,osm_admin_8,2690,24,903
r77c173,24.51917,54.96833,24.50917,54.95833,24.52917,54.97833,Abu Dhabi,Zayed Military City,osm_admin_8,3139,100,1054
r77c174,24.51917,54.98833,24.50917,54.97833,24.52917,54.99833,Abu Dhabi,Zayed Military City,osm_admin_8,1821,0,611
r77c175,24.51917,55.00833,24.50917,54.99833,24.52917,55.01833,Abu Dhabi,Zayed Military City,osm_admin_8,688,0,231
r77c187,24.51917,55.24833,24.50917,55.23833,24.52917,55.25833,Abu Dhabi,Niqa Al Dheeb,osm_admin_8,838,0,281
r77c198,24.51917,55.46833,24.50917,55.45833,24.52917,55.47833,Abu Dhabi,Nahil,osm_admin_8,822,0,276
r77c199,24.51917,55.48833,24.50917,55.47833,24.52917,55.49833,Abu Dhabi,Nahil,osm_admin_8,2717,0,912
r77c200,24.51917,55.50833,24.50917,55.49833,24.52917,55.51833,Abu Dhabi,Nahil,osm_admin_8,2657,0,892
r77c201,24.51917,55.52833,24.50917,55.51833,24.52917,55.53833,Abu Dhabi,Nahil,osm_admin_8,2124,0,713
r77c202,24.51917,55.54833,24.50917,55.53833,24.52917,55.55833,Abu Dhabi,Nahil,osm_admin_8,2330,0,782
r77c203,24.51917,55.56833,24.50917,55.55833,24.52917,55.57833,Abu Dhabi,Al Hiyar,osm_admin_8,607,53,204
r77c204,24.51917,55.58833,24.50917,55.57833,24.52917,55.59833,Abu Dhabi,Al Hiyar,osm_admin_8,590,111,198
r77c205,24.51917,55.60833,24.50917,55.59833,24.52917,55.61833,Abu Dhabi,Al Hiyar,osm_admin_8,501,0,168
r77c206,24.51917,55.62833,24.50917,55.61833,24.52917,55.63833,Abu Dhabi,Al Hiyar,osm_admin_8,958,0,322
r77c207,24.51917,55.64833,24.50917,55.63833,24.52917,55.65833,Abu Dhabi,Al Hiyar,osm_admin_8,863,0,290
r77c212,24.51917,55.74833,24.50917,55.73833,24.52917,55.75833,Abu Dhabi,Al Hiyar,osm_admin_8,794,0,267
r77c213,24.51917,55.76833,24.50917,55.75833,24.52917,55.77833,Abu Dhabi,Al Hiyar,osm_admin_8,683,0,229
r78c39,24.49917,52.28833,24.48917,52.27833,24.50917,52.29833,Abu Dhabi,Delma,osm_admin_8,706,0,237
r78c40,24.49917,52.30833,24.48917,52.29833,24.50917,52.31833,Abu Dhabi,Delma,osm_admin_8,892,0,299
r78c41,24.49917,52.32833,24.48917,52.31833,24.50917,52.33833,Abu Dhabi,Delma,osm_admin_8,3091,0,1038
r78c142,24.49917,54.34833,24.48917,54.33833,24.50917,54.35833,Abu Dhabi,Al Lulu Island,osm_admin_8,1418,0,476
r78c143,24.49917,54.36833,24.48917,54.35833,24.50917,54.37833,Abu Dhabi,Al Danah,osm_admin_8,9271,0,3113
r78c144,24.49917,54.38833,24.48917,54.37833,24.50917,54.39833,Abu Dhabi,Al Maryah Island,osm_admin_8,7833,69,2630
r78c145,24.49917,54.40833,24.48917,54.39833,24.50917,54.41833,Abu Dhabi,Al Reem Island,osm_admin_8,5506,23,1849
r78c153,24.49917,54.56833,24.48917,54.55833,24.50917,54.57833,Abu Dhabi,Fahid Island,osm_admin_8,738,9,248
r78c154,24.49917,54.58833,24.48917,54.57833,24.50917,54.59833,Abu Dhabi,Yas Island,osm_admin_8,4617,2,1550
r78c155,24.49917,54.60833,24.48917,54.59833,24.50917,54.61833,Abu Dhabi,Yas Island,osm_admin_8,5561,0,1867
r78c156,24.49917,54.62833,24.48917,54.61833,24.50917,54.63833,Abu Dhabi,Yas Island,osm_admin_8,4540,1,1524
r78c157,24.49917,54.64833,24.48917,54.63833,24.50917,54.65833,Abu Dhabi,Al Bahyah,osm_admin_8,1108,0,372
r78c158,24.49917,54.66833,24.48917,54.65833,24.50917,54.67833,Abu Dhabi,Al Shahamah,osm_admin_8,869,0,292
r78c164,24.49917,54.78833,24.48917,54.77833,24.50917,54.79833,Abu Dhabi,Zayed Military City,osm_admin_8,543,0,182
r78c165,24.49917,54.80833,24.48917,54.79833,24.50917,54.81833,Abu Dhabi,Zayed Military City,osm_admin_8,564,0,189
r78c167,24.49917,54.84833,24.48917,54.83833,24.50917,54.85833,Abu Dhabi,Zayed Military City,osm_admin_8,717,5,241
r78c168,24.49917,54.86833,24.48917,54.85833,24.50917,54.87833,Abu Dhabi,Zayed Military City,osm_admin_8,1145,0,384
r78c169,24.49917,54.88833,24.48917,54.87833,24.50917,54.89833,Abu Dhabi,Zayed Military City,osm_admin_8,2670,0,896
r78c170,24.49917,54.90833,24.48917,54.89833,24.50917,54.91833,Abu Dhabi,Zayed Military City,osm_admin_8,4587,38,1540
r78c171,24.49917,54.92833,24.48917,54.91833,24.50917,54.93833,Abu Dhabi,Zayed Military City,osm_admin_8,3733,0,1253
r78c172,24.49917,54.94833,24.48917,54.93833,24.50917,54.95833,Abu Dhabi,Zayed Military City,osm_admin_8,688,0,231
r78c173,24.49917,54.96833,24.48917,54.95833,24.50917,54.97833,Abu Dhabi,Zayed Military City,osm_admin_8,1101,29,370
r78c174,24.49917,54.98833,24.48917,54.97833,24.50917,54.99833,Abu Dhabi,Zayed Military City,osm_admin_8,680,0,228
r78c189,24.49917,55.28833,24.48917,55.27833,24.50917,55.29833,Abu Dhabi,Niqa Al Dheeb,osm_admin_8,1028,0,345
r78c190,24.49917,55.30833,24.48917,55.29833,24.50917,55.31833,Abu Dhabi,Al 'Ajban,osm_admin_8,507,0,170
r78c193,24.49917,55.36833,24.48917,55.35833,24.50917,55.37833,Abu Dhabi,Al 'Ajban,osm_admin_8,1108,0,372
r78c198,24.49917,55.46833,24.48917,55.45833,24.50917,55.47833,Abu Dhabi,Nahil,osm_admin_8,1231,0,413
r78c199,24.49917,55.48833,24.48917,55.47833,24.50917,55.49833,Abu Dhabi,Nahil,osm_admin_8,1272,0,427
r78c213,24.49917,55.76833,24.48917,55.75833,24.50917,55.77833,Abu Dhabi,Al Hiyar,osm_admin_8,665,0,223
r79c40,24.47917,52.30833,24.46917,52.29833,24.48917,52.31833,Abu Dhabi,Delma,osm_admin_8,4726,28,1587
r79c41,24.47917,52.32833,24.46917,52.31833,24.48917,52.33833,Abu Dhabi,Delma,osm_admin_8,1780,646,598
r79c140,24.47917,54.30833,24.46917,54.29833,24.48917,54.31833,Abu Dhabi,Al Kasir,osm_place,1044,0,350
r79c141,24.47917,54.32833,24.46917,54.31833,24.48917,54.33833,Abu Dhabi,Al Kasir,osm_admin_8,2742,46,921
r79c142,24.47917,54.34833,24.46917,54.33833,24.48917,54.35833,Abu Dhabi,Al Hisn,osm_admin_8,8721,0,2928
r79c143,24.47917,54.36833,24.46917,54.35833,24.48917,54.37833,Abu Dhabi,Al Danah,osm_admin_8,12972,0,4355
r79c144,24.47917,54.38833,24.46917,54.37833,24.48917,54.39833,Abu Dhabi,Qasr Al Bahr,osm_admin_8,8882,0,2982
r79c145,24.47917,54.40833,24.46917,54.39833,24.48917,54.41833,Abu Dhabi,Al Reem Island,osm_admin_8,5941,0,1995
r79c146,24.47917,54.42833,24.46917,54.41833,24.48917,54.43833,Abu Dhabi,Um Yifeenah Island,osm_admin_8,1363,0,458
r79c147,24.47917,54.44833,24.46917,54.43833,24.48917,54.45833,Abu Dhabi,Um Yifeenah Island,osm_admin_8,585,0,196
r79c155,24.47917,54.60833,24.46917,54.59833,24.48917,54.61833,Abu Dhabi,Yas Island,osm_admin_8,6217,0,2087
r79c156,24.47917,54.62833,24.46917,54.61833,24.48917,54.63833,Abu Dhabi,Al Rahah,osm_admin_8,1732,0,581
r79c157,24.47917,54.64833,24.46917,54.63833,24.48917,54.65833,Abu Dhabi,Al Reef,osm_admin_8,870,0,292
r79c158,24.47917,54.66833,24.46917,54.65833,24.48917,54.67833,Abu Dhabi,Al Shahamah,osm_admin_8,1681,0,564
r79c159,24.47917,54.68833,24.46917,54.67833,24.48917,54.69833,Abu Dhabi,Rawdat Al Reef,osm_admin_8,1178,0,395
r79c160,24.47917,54.70833,24.46917,54.69833,24.48917,54.71833,Abu Dhabi,Rawdat Al Reef,osm_admin_8,1266,0,425
r79c167,24.47917,54.84833,24.46917,54.83833,24.48917,54.85833,Abu Dhabi,Zayed Military City,osm_admin_8,1828,0,614
r79c173,24.47917,54.96833,24.46917,54.95833,24.48917,54.97833,Abu Dhabi,Zayed Military City,osm_admin_8,624,0,210
r79c186,24.47917,55.22833,24.46917,55.21833,24.48917,55.23833,Abu Dhabi,Niqa Al Dheeb,osm_admin_8,591,0,198
r79c187,24.47917,55.24833,24.46917,55.23833,24.48917,55.25833,Abu Dhabi,Niqa Al Dheeb,osm_admin_8,827,0,278
r79c188,24.47917,55.26833,24.46917,55.25833,24.48917,55.27833,Abu Dhabi,Niqa Al Dheeb,osm_admin_8,1544,0,518
r79c189,24.47917,55.28833,24.46917,55.27833,24.48917,55.29833,Abu Dhabi,Niqa Al Dheeb,osm_admin_8,2062,123,692
r79c190,24.47917,55.30833,24.46917,55.29833,24.48917,55.31833,Abu Dhabi,Niqa Al Dheeb,osm_admin_8,2267,0,761
r79c192,24.47917,55.34833,24.46917,55.33833,24.48917,55.35833,Abu Dhabi,Al 'Ajban,osm_admin_8,1343,0,451
r79c193,24.47917,55.36833,24.46917,55.35833,24.48917,55.37833,Abu Dhabi,Sweihan,osm_admin_8,1657,0,556
r79c194,24.47917,55.38833,24.46917,55.37833,24.48917,55.39833,Abu Dhabi,Sweihan,osm_admin_8,1137,0,382
r79c195,24.47917,55.40833,24.46917,55.39833,24.48917,55.41833,Abu Dhabi,Sweihan,osm_admin_8,937,0,315
r79c196,24.47917,55.42833,24.46917,55.41833,24.48917,55.43833,Abu Dhabi,Sweihan,osm_admin_8,537,24,180
r79c213,24.47917,55.76833,24.46917,55.75833,24.48917,55.77833,Abu Dhabi,Masakin,osm_admin_8,1335,0,448
r79c214,24.47917,55.78833,24.46917,55.77833,24.48917,55.79833,Abu Dhabi,Masakin,osm_admin_8,930,0,312
r80c40,24.45917,52.30833,24.44917,52.29833,24.46917,52.31833,Abu Dhabi,Delma,osm_admin_8,1856,0,623
r80c140,24.45917,54.30833,24.44917,54.29833,24.46917,54.31833,Abu Dhabi,Al Ras Al Akhdar,osm_admin_8,4473,0,1502
r80c141,24.45917,54.32833,24.44917,54.31833,24.46917,54.33833,Abu Dhabi,Al Bateen,osm_admin_8,8070,0,2709
r80c142,24.45917,54.34833,24.44917,54.33833,24.46917,54.35833,Abu Dhabi,Al Bateen,osm_admin_8,12370,0,4153
r80c143,24.45917,54.36833,24.44917,54.35833,24.46917,54.37833,Abu Dhabi,Al Manhal,osm_admin_8,12403,0,4164
r80c144,24.45917,54.38833,24.44917,54.37833,24.46917,54.39833,Abu Dhabi,Al Nahyan,osm_admin_8,12181,0,4089
r80c145,24.45917,54.40833,24.44917,54.39833,24.46917,54.41833,Abu Dhabi,Qasr Al Bahr,osm_admin_8,4090,0,1373
r80c150,24.45917,54.50833,24.44917,54.49833,24.46917,54.51833,Abu Dhabi,Sas Al Nakhl,osm_admin_8,710,4,238
r80c154,24.45917,54.58833,24.44917,54.57833,24.46917,54.59833,Abu Dhabi,Abu Al Habl Island,osm_admin_8,853,11,286
r80c155,24.45917,54.60833,24.44917,54.59833,24.46917,54.61833,Abu Dhabi,Yas Island,osm_admin_8,4704,0,1579
r80c156,24.45917,54.62833,24.44917,54.61833,24.46917,54.63833,Abu Dhabi,Al Matar,osm_admin_8,2844,0,955
r80c157,24.45917,54.64833,24.44917,54.63833,24.46917,54.65833,Abu Dhabi,Al Matar,osm_admin_8,1983,0,666
r80c158,24.45917,54.66833,24.44917,54.65833,24.46917,54.67833,Abu Dhabi,Al Reef,osm_admin_8,4433,0,1488
r80c159,24.45917,54.68833,24.44917,54.67833,24.46917,54.69833,Abu Dhabi,Al Falah,osm_admin_8,1361,16,457
r80c160,24.45917,54.70833,24.44917,54.69833,24.46917,54.71833,Abu Dhabi,Al Falah,osm_admin_8,4115,0,1382
r80c161,24.45917,54.72833,24.44917,54.71833,24.46917,54.73833,Abu Dhabi,Al Falah,osm_admin_8,6973,0,2341
r80c162,24.45917,54.74833,24.44917,54.73833,24.46917,54.75833,Abu Dhabi,Zayed Military City,osm_admin_8,3471,217,1165
r80c166,24.45917,54.82833,24.44917,54.81833,24.46917,54.83833,Abu Dhabi,Zayed Military City,osm_admin_8,2213,0,743
r80c191,24.45917,55.32833,24.44917,55.31833,24.46917,55.33833,Abu Dhabi,Ramlat Sweihan,osm_admin_8,3328,0,1117
r80c192,24.45917,55.34833,24.44917,55.33833,24.46917,55.35833,Abu Dhabi,Sweihan,osm_admin_8,3024,29,1015
r80c193,24.45917,55.36833,24.44917,55.35833,24.46917,55.37833,Abu Dhabi,Sweihan,osm_admin_8,590,0,198
r80c213,24.45917,55.76833,24.44917,55.75833,24.46917,55.77833,Abu Dhabi,Masakin,osm_admin_8,756,0,254
r80c214,24.45917,55.78833,24.44917,55.77833,24.46917,55.79833,Abu Dhabi,Masakin,osm_admin_8,805,0,270
r81c142,24.43917,54.34833,24.42917,54.33833,24.44917,54.35833,Abu Dhabi,Al Hidayriyyat,osm_admin_8,2652,0,890
r81c143,24.43917,54.36833,24.42917,54.35833,24.44917,54.37833,Abu Dhabi,Al Bateen,osm_admin_8,10072,0,3382
r81c144,24.43917,54.38833,24.42917,54.37833,24.44917,54.39833,Abu Dhabi,Al Mushrif,osm_admin_8,11577,0,3887
r81c145,24.43917,54.40833,24.42917,54.39833,24.44917,54.41833,Abu Dhabi,Hadbat Al Za'faranah,osm_admin_8,12775,0,4289
r81c146,24.43917,54.42833,24.42917,54.41833,24.44917,54.43833,Abu Dhabi,Al Sa'adah,osm_admin_8,10462,0,3512
r81c147,24.43917,54.44833,24.42917,54.43833,24.44917,54.45833,Abu Dhabi,Al Muntazah,osm_admin_8,7356,0,2470
r81c148,24.43917,54.46833,24.42917,54.45833,24.44917,54.47833,Abu Dhabi,Al Kheeran,osm_admin_8,3375,0,1133
r81c149,24.43917,54.48833,24.42917,54.47833,24.44917,54.49833,Abu Dhabi,Sas Al Nakhl,osm_admin_8,4186,3741,1405
r81c150,24.43917,54.50833,24.42917,54.49833,24.44917,54.51833,Abu Dhabi,Sas Al Nakhl,osm_admin_8,4621,71,1552
r81c151,24.43917,54.52833,24.42917,54.51833,24.44917,54.53833,Abu Dhabi,Sas Al Nakhl,osm_admin_8,4274,0,1435
r81c152,24.43917,54.54833,24.42917,54.53833,24.44917,54.55833,Abu Dhabi,Al Sammaliyyah Island,osm_admin_8,972,0,326
r81c153,24.43917,54.56833,24.42917,54.55833,24.44917,54.57833,Abu Dhabi,Al Rahah,osm_admin_8,4914,0,1650
r81c154,24.43917,54.58833,24.42917,54.57833,24.44917,54.59833,Abu Dhabi,Khalifa City,osm_admin_8,9088,0,3051
r81c155,24.43917,54.60833,24.42917,54.59833,24.44917,54.61833,Abu Dhabi,Khalifa City,osm_admin_8,6282,0,2109
r81c156,24.43917,54.62833,24.42917,54.61833,24.44917,54.63833,Abu Dhabi,Al Matar,osm_admin_8,5678,1090,1906
r81c157,24.43917,54.64833,24.42917,54.63833,24.44917,54.65833,Abu Dhabi,Al Matar,osm_admin_8,2326,44,781
r81c158,24.43917,54.66833,24.42917,54.65833,24.44917,54.67833,Abu Dhabi,Al Matar,osm_admin_8,1122,0,377
r81c159,24.43917,54.68833,24.42917,54.67833,24.44917,54.69833,Abu Dhabi,Al Falah,osm_admin_8,778,0,261
r81c160,24.43917,54.70833,24.42917,54.69833,24.44917,54.71833,Abu Dhabi,Al Falah,osm_admin_8,3250,0,1091
r81c161,24.43917,54.72833,24.42917,54.71833,24.44917,54.73833,Abu Dhabi,Al Falah,osm_admin_8,9304,0,3124
r81c162,24.43917,54.74833,24.42917,54.73833,24.44917,54.75833,Abu Dhabi,Zayed Military City,osm_admin_8,5609,0,1883
r81c166,24.43917,54.82833,24.42917,54.81833,24.44917,54.83833,Abu Dhabi,Zayed Military City,osm_admin_8,1504,0,505
r81c175,24.43917,55.00833,24.42917,54.99833,24.44917,55.01833,Abu Dhabi,Zayed Military City,osm_admin_8,558,0,187
r81c177,24.43917,55.04833,24.42917,55.03833,24.44917,55.05833,Abu Dhabi,Niqa Al Dheeb,osm_admin_8,608,0,204
r81c188,24.43917,55.26833,24.42917,55.25833,24.44917,55.27833,Abu Dhabi,Ramlat Sweihan,osm_admin_8,526,0,177
r81c192,24.43917,55.34833,24.42917,55.33833,24.44917,55.35833,Abu Dhabi,Ramlat Sweihan,osm_admin_8,768,305,258
r81c214,24.43917,55.78833,24.42917,55.77833,24.44917,55.79833,Abu Dhabi,Masakin,osm_admin_8,1365,0,458
r81c215,24.43917,55.80833,24.42917,55.79833,24.44917,55.81833,Abu Dhabi,Masakin,osm_admin_8,570,0,191
r82c144,24.41917,54.38833,24.40917,54.37833,24.42917,54.39833,Abu Dhabi,Al Qurm,osm_admin_8,1646,0,553
r82c145,24.41917,54.40833,24.40917,54.39833,24.42917,54.41833,Abu Dhabi,Al Qurm,osm_admin_8,4428,0,1487
r82c146,24.41917,54.42833,24.40917,54.41833,24.42917,54.43833,Abu Dhabi,Al Muzoun,osm_admin_8,9165,18,3077
r82c147,24.41917,54.44833,24.40917,54.43833,24.42917,54.45833,Abu Dhabi,Al Rawdah,osm_admin_8,9761,71,3277
r82c148,24.41917,54.46833,24.40917,54.45833,24.42917,54.47833,Abu Dhabi,Al Muntazah,osm_admin_8,8939,81,3001
r82c149,24.41917,54.48833,24.40917,54.47833,24.42917,54.49833,Abu Dhabi,Rabdan,osm_admin_8,7320,397,2458
r82c150,24.41917,54.50833,24.40917,54.49833,24.42917,54.51833,Abu Dhabi,Sas Al Nakhl,osm_admin_8,7247,118,2433
r82c151,24.41917,54.52833,24.40917,54.51833,24.42917,54.53833,Abu Dhabi,Khalifa City,osm_admin_8,4806,175,1613
r82c152,24.41917,54.54833,24.40917,54.53833,24.42917,54.55833,Abu Dhabi,Khalifa City,osm_admin_8,10610,0,3562
r82c153,24.41917,54.56833,24.40917,54.55833,24.42917,54.57833,Abu Dhabi,Khalifa City,osm_admin_8,11821,0,3969
r82c154,24.41917,54.58833,24.40917,54.57833,24.42917,54.59833,Abu Dhabi,Khalifa City,osm_admin_8,11694,0,3926
r82c155,24.41917,54.60833,24.40917,54.59833,24.42917,54.61833,Abu Dhabi,Khalifa City,osm_admin_8,6413,0,2153
r82c156,24.41917,54.62833,24.40917,54.61833,24.42917,54.63833,Abu Dhabi,Khalifa City,osm_admin_8,1332,113,447
r82c157,24.41917,54.64833,24.40917,54.63833,24.42917,54.65833,Abu Dhabi,Al Matar,osm_admin_8,4445,0,1492
r82c158,24.41917,54.66833,24.40917,54.65833,24.42917,54.67833,Abu Dhabi,Al Matar,osm_admin_8,799,0,268
r82c160,24.41917,54.70833,24.40917,54.69833,24.42917,54.71833,Abu Dhabi,Al Falah,osm_admin_8,2593,11,871
r82c161,24.41917,54.72833,24.40917,54.71833,24.42917,54.73833,Abu Dhabi,Al Falah,osm_admin_8,8010,37,2689
r82c162,24.41917,54.74833,24.40917,54.73833,24.42917,54.75833,Abu Dhabi,Al Falah,osm_admin_8,7702,45,2586
r82c163,24.41917,54.76833,24.40917,54.75833,24.42917,54.77833,Abu Dhabi,Al Mi'rad,osm_admin_8,821,12,276
r82c166,24.41917,54.82833,24.40917,54.81833,24.42917,54.83833,Abu Dhabi,Al Mi'rad,osm_admin_8,865,0,290
r82c168,24.41917,54.86833,24.40917,54.85833,24.42917,54.87833,Abu Dhabi,Al 'Adlah,osm_admin_8,1875,0,630
r82c211,24.41917,55.72833,24.40917,55.71833,24.42917,55.73833,Abu Dhabi,Masakin,osm_admin_8,1313,0,441
r82c214,24.41917,55.78833,24.40917,55.77833,24.42917,55.79833,Abu Dhabi,Masakin,osm_admin_8,1958,0,657
r82c215,24.41917,55.80833,24.40917,55.79833,24.42917,55.81833,Abu Dhabi,Masakin,osm_admin_8,523,0,176
r83c147,24.39917,54.44833,24.38917,54.43833,24.40917,54.45833,Abu Dhabi,Al Muzoun,osm_admin_8,1541,0,517
r83c148,24.39917,54.46833,24.38917,54.45833,24.40917,54.47833,Abu Dhabi,Al Muzoun,osm_admin_8,3927,28,1318
r83c149,24.39917,54.48833,24.38917,54.47833,24.40917,54.49833,Abu Dhabi,Rabdan,osm_admin_8,7060,68,2370
r83c150,24.39917,54.50833,24.38917,54.49833,24.40917,54.51833,Abu Dhabi,Rabdan,osm_admin_8,9138,0,3068
r83c151,24.39917,54.52833,24.38917,54.51833,24.40917,54.53833,Abu Dhabi,Rabdan,osm_admin_8,5200,259,1746
r83c152,24.39917,54.54833,24.38917,54.53833,24.40917,54.55833,Abu Dhabi,Khalifa City,osm_admin_8,6242,38,2096
r83c153,24.39917,54.56833,24.38917,54.55833,24.40917,54.57833,Abu Dhabi,Khalifa City,osm_admin_8,6679,51,2242
r83c154,24.39917,54.58833,24.38917,54.57833,24.40917,54.59833,Abu Dhabi,Zayed City,osm_admin_8,5849,42,1964
r83c155,24.39917,54.60833,24.38917,54.59833,24.40917,54.61833,Abu Dhabi,Zayed City,osm_admin_8,1553,29,521
r83c157,24.39917,54.64833,24.38917,54.63833,24.40917,54.65833,Abu Dhabi,Zayed City,osm_admin_8,3978,8,1336
r83c158,24.39917,54.66833,24.38917,54.65833,24.40917,54.67833,Abu Dhabi,Al Shamkhah,osm_admin_8,1321,20,444
r83c159,24.39917,54.68833,24.38917,54.67833,24.40917,54.69833,Abu Dhabi,Al Shamkhah,osm_admin_8,5019,0,1685
r83c160,24.39917,54.70833,24.38917,54.69833,24.40917,54.71833,Abu Dhabi,Al Shamkhah,osm_admin_8,7375,0,2476
r83c161,24.39917,54.72833,24.38917,54.71833,24.40917,54.73833,Abu Dhabi,Al Shamkhah,osm_admin_8,10296,0,3456
r83c162,24.39917,54.74833,24.38917,54.73833,24.40917,54.75833,Abu Dhabi,Al Shamkhah,osm_admin_8,6069,0,2038
r83c163,24.39917,54.76833,24.38917,54.75833,24.40917,54.77833,Abu Dhabi,Al Mi'rad,osm_admin_8,624,0,210
r83c164,24.39917,54.78833,24.38917,54.77833,24.40917,54.79833,Abu Dhabi,Al Mi'rad,osm_admin_8,1037,0,348
r83c165,24.39917,54.80833,24.38917,54.79833,24.40917,54.81833,Abu Dhabi,Al Mi'rad,osm_admin_8,577,0,194
r83c167,24.39917,54.84833,24.38917,54.83833,24.40917,54.85833,Abu Dhabi,Al 'Adlah,osm_admin_8,662,0,222
r83c211,24.39917,55.72833,24.38917,55.71833,24.40917,55.73833,Abu Dhabi,Masakin,osm_admin_8,1694,0,569
r83c213,24.39917,55.76833,24.38917,55.75833,24.40917,55.77833,Abu Dhabi,Masakin,osm_admin_8,521,0,175
r83c214,24.39917,55.78833,24.38917,55.77833,24.40917,55.79833,Abu Dhabi,Masakin,osm_admin_8,3094,0,1039
r83c215,24.39917,55.80833,24.38917,55.79833,24.40917,55.81833,Abu Dhabi,Masakin,osm_admin_8,1761,0,591
r83c216,24.39917,55.82833,24.38917,55.81833,24.40917,55.83833,Abu Dhabi,Al Fou'ah,osm_admin_8,1818,0,610
r84c148,24.37917,54.46833,24.36917,54.45833,24.38917,54.47833,Abu Dhabi,Musaffah,osm_admin_8,3359,3302,1128
r84c149,24.37917,54.48833,24.36917,54.47833,24.38917,54.49833,Abu Dhabi,Musaffah,osm_admin_8,5185,5169,1741
r84c150,24.37917,54.50833,24.36917,54.49833,24.38917,54.51833,Abu Dhabi,Musaffah,osm_admin_8,5413,5391,1817
r84c151,24.37917,54.52833,24.36917,54.51833,24.38917,54.53833,Abu Dhabi,Mohamed Bin Zayed City,osm_admin_8,7028,1645,2359
r84c152,24.37917,54.54833,24.36917,54.53833,24.38917,54.55833,Abu Dhabi,Mohamed Bin Zayed City,osm_admin_8,3617,0,1214
r84c153,24.37917,54.56833,24.36917,54.55833,24.38917,54.57833,Abu Dhabi,Zayed City,osm_admin_8,531,0,178
r84c155,24.37917,54.60833,24.36917,54.59833,24.38917,54.61833,Abu Dhabi,Zayed City,osm_admin_8,554,0,186
r84c156,24.37917,54.62833,24.36917,54.61833,24.38917,54.63833,Abu Dhabi,Zayed City,osm_admin_8,3301,0,1108
r84c157,24.37917,54.64833,24.36917,54.63833,24.38917,54.65833,Abu Dhabi,Shakhbout City,osm_admin_8,8090,0,2716
r84c158,24.37917,54.66833,24.36917,54.65833,24.38917,54.67833,Abu Dhabi,Al Shawamekh,osm_admin_8,3895,0,1308
r84c159,24.37917,54.68833,24.36917,54.67833,24.38917,54.69833,Abu Dhabi,Al Shamkhah,osm_admin_8,6844,251,2298
r84c160,24.37917,54.70833,24.36917,54.69833,24.38917,54.71833,Abu Dhabi,Al Shamkhah,osm_admin_8,10857,0,3645
r84c161,24.37917,54.72833,24.36917,54.71833,24.38917,54.73833,Abu Dhabi,Al Shamkhah,osm_admin_8,7406,0,2486
r84c162,24.37917,54.74833,24.36917,54.73833,24.38917,54.75833,Abu Dhabi,Madinat Al Riyad,osm_admin_8,2660,0,893
r84c163,24.37917,54.76833,24.36917,54.75833,24.38917,54.77833,Abu Dhabi,Al Mi'rad,osm_admin_8,1569,0,527
r84c211,24.37917,55.72833,24.36917,55.71833,24.38917,55.73833,Abu Dhabi,Bad' Bint Sa'oud,osm_admin_8,1034,0,347
r84c213,24.37917,55.76833,24.36917,55.75833,24.38917,55.77833,Abu Dhabi,Masakin,osm_admin_8,737,0,247
r84c215,24.37917,55.80833,24.36917,55.79833,24.38917,55.81833,Abu Dhabi,Al Fou'ah,osm_admin_8,1772,0,595
r85c148,24.35917,54.46833,24.34917,54.45833,24.36917,54.47833,Abu Dhabi,Musaffah,osm_admin_8,6677,6649,2242
r85c149,24.35917,54.48833,24.34917,54.47833,24.36917,54.49833,Abu Dhabi,Musaffah,osm_admin_8,7457,7457,2504
r85c150,24.35917,54.50833,24.34917,54.49833,24.36917,54.51833,Abu Dhabi,Musaffah,osm_admin_8,7291,7291,2448
r85c151,24.35917,54.52833,24.34917,54.51833,24.36917,54.53833,Abu Dhabi,Mohamed Bin Zayed City,osm_admin_8,4183,2323,1404
r85c152,24.35917,54.54833,24.34917,54.53833,24.36917,54.55833,Abu Dhabi,Mohamed Bin Zayed City,osm_admin_8,9594,0,3221
r85c153,24.35917,54.56833,24.34917,54.55833,24.36917,54.57833,Abu Dhabi,Zayed City,osm_admin_8,4611,0,1548
r85c154,24.35917,54.58833,24.34917,54.57833,24.36917,54.59833,Abu Dhabi,Zayed City,osm_admin_8,1702,0,571
r85c155,24.35917,54.60833,24.34917,54.59833,24.36917,54.61833,Abu Dhabi,Zayed City,osm_admin_8,2636,0,885
r85c156,24.35917,54.62833,24.34917,54.61833,24.36917,54.63833,Abu Dhabi,Shakhbout City,osm_admin_8,8029,0,2696
r85c157,24.35917,54.64833,24.34917,54.63833,24.36917,54.65833,Abu Dhabi,Shakhbout City,osm_admin_8,6370,0,2139
r85c158,24.35917,54.66833,24.34917,54.65833,24.36917,54.67833,Abu Dhabi,Al Shawamekh,osm_admin_8,3350,0,1125
r85c159,24.35917,54.68833,24.34917,54.67833,24.36917,54.69833,Abu Dhabi,Al Shamkhah,osm_admin_8,5630,0,1890
r85c160,24.35917,54.70833,24.34917,54.69833,24.36917,54.71833,Abu Dhabi,Al Shamkhah,osm_admin_8,7550,0,2535
r85c161,24.35917,54.72833,24.34917,54.71833,24.36917,54.73833,Abu Dhabi,Madinat Al Riyad,osm_admin_8,2207,0,741
r85c162,24.35917,54.74833,24.34917,54.73833,24.36917,54.75833,Abu Dhabi,Madinat Al Riyad,osm_admin_8,1217,0,409
r85c163,24.35917,54.76833,24.34917,54.75833,24.36917,54.77833,Abu Dhabi,Madinat Al Riyad,osm_admin_8,2263,0,760
r85c164,24.35917,54.78833,24.34917,54.77833,24.36917,54.79833,Abu Dhabi,Al Mi'rad,osm_admin_8,868,0,291
r85c210,24.35917,55.70833,24.34917,55.69833,24.36917,55.71833,Abu Dhabi,Bad' Bint Sa'oud,osm_admin_8,528,0,177
r85c211,24.35917,55.72833,24.34917,55.71833,24.36917,55.73833,Abu Dhabi,Bad' Bint Sa'oud,osm_admin_8,1856,0,623
r85c212,24.35917,55.74833,24.34917,55.73833,24.36917,55.75833,Abu Dhabi,Bad' Bint Sa'oud,osm_admin_8,729,0,245
r85c213,24.35917,55.76833,24.34917,55.75833,24.36917,55.77833,Abu Dhabi,Al Nabbagh,osm_admin_8,513,0,172
r85c214,24.35917,55.78833,24.34917,55.77833,24.36917,55.79833,Abu Dhabi,Al Fou'ah,osm_admin_8,4414,0,1482
r85c215,24.35917,55.80833,24.34917,55.79833,24.36917,55.81833,Abu Dhabi,Al Fou'ah,osm_admin_8,2770,0,930
r86c148,24.33917,54.46833,24.32917,54.45833,24.34917,54.47833,Abu Dhabi,Musaffah,osm_admin_8,7468,7464,2507
r86c149,24.33917,54.48833,24.32917,54.47833,24.34917,54.49833,Abu Dhabi,Abu Dhabi Industrial City,osm_admin_8,7393,7393,2482
r86c150,24.33917,54.50833,24.32917,54.49833,24.34917,54.51833,Abu Dhabi,Musaffah,osm_admin_8,6375,6375,2140
r86c151,24.33917,54.52833,24.32917,54.51833,24.34917,54.53833,Abu Dhabi,Mohamed Bin Zayed City,osm_admin_8,7475,1923,2510
r86c152,24.33917,54.54833,24.32917,54.53833,24.34917,54.55833,Abu Dhabi,Mohamed Bin Zayed City,osm_admin_8,9019,0,3028
r86c153,24.33917,54.56833,24.32917,54.55833,24.34917,54.57833,Abu Dhabi,Mohamed Bin Zayed City,osm_admin_8,7029,0,2360
r86c154,24.33917,54.58833,24.32917,54.57833,24.34917,54.59833,Abu Dhabi,Zayed City,osm_admin_8,4828,0,1621
r86c155,24.33917,54.60833,24.32917,54.59833,24.34917,54.61833,Abu Dhabi,Shakhbout City,osm_admin_8,3681,89,1236
r86c156,24.33917,54.62833,24.32917,54.61833,24.34917,54.63833,Abu Dhabi,Shakhbout City,osm_admin_8,6321,0,2122
r86c157,24.33917,54.64833,24.32917,54.63833,24.34917,54.65833,Abu Dhabi,Al Shawamekh,osm_admin_8,5965,0,2002
r86c159,24.33917,54.68833,24.32917,54.67833,24.34917,54.69833,Abu Dhabi,Al Shawamekh,osm_admin_8,1719,0,577
r86c160,24.33917,54.70833,24.32917,54.69833,24.34917,54.71833,Abu Dhabi,Al Nahdah,osm_admin_8,1328,0,446
r86c161,24.33917,54.72833,24.32917,54.71833,24.34917,54.73833,Abu Dhabi,Al Nahdah,osm_admin_8,858,0,288
r86c162,24.33917,54.74833,24.32917,54.73833,24.34917,54.75833,Abu Dhabi,Madinat Al Riyad,osm_admin_8,2309,0,775
r86c163,24.33917,54.76833,24.32917,54.75833,24.34917,54.77833,Abu Dhabi,Madinat Al Riyad,osm_admin_8,1535,0,515
r86c164,24.33917,54.78833,24.32917,54.77833,24.34917,54.79833,Abu Dhabi,Madinat Al Riyad,osm_admin_8,1650,0,554
r86c165,24.33917,54.80833,24.32917,54.79833,24.34917,54.81833,Abu Dhabi,Al Haffar,osm_admin_8,1092,1037,367
r86c208,24.33917,55.66833,24.32917,55.65833,24.34917,55.67833,Abu Dhabi,Bad' Bint Sa'oud,osm_admin_8,535,0,179
r86c211,24.33917,55.72833,24.32917,55.71833,24.34917,55.73833,Abu Dhabi,Al Nabbagh,osm_admin_8,1254,0,421
r86c212,24.33917,55.74833,24.32917,55.73833,24.34917,55.75833,Abu Dhabi,Al Nabbagh,osm_admin_8,809,0,272
r86c214,24.33917,55.78833,24.32917,55.77833,24.34917,55.79833,Abu Dhabi,Al Fou'ah,osm_admin_8,7985,0,2681
r86c215,24.33917,55.80833,24.32917,55.79833,24.34917,55.81833,Abu Dhabi,Al Fou'ah,osm_admin_8,4837,0,1624
r86c216,24.33917,55.82833,24.32917,55.81833,24.34917,55.83833,Abu Dhabi,Al Fou'ah,osm_admin_8,575,0,193
r87c147,24.31917,54.44833,24.30917,54.43833,24.32917,54.45833,Abu Dhabi,Abu Dhabi Industrial City,osm_admin_8,1578,1577,530
r87c148,24.31917,54.46833,24.30917,54.45833,24.32917,54.47833,Abu Dhabi,Abu Dhabi Industrial City,osm_admin_8,5735,5677,1925
r87c149,24.31917,54.48833,24.30917,54.47833,24.32917,54.49833,Abu Dhabi,Abu Dhabi Industrial City,osm_admin_8,6061,5481,2035
r87c150,24.31917,54.50833,24.30917,54.49833,24.32917,54.51833,Abu Dhabi,Abu Dhabi Industrial City,osm_admin_8,6503,5566,2183
r87c151,24.31917,54.52833,24.30917,54.51833,24.32917,54.53833,Abu Dhabi,Mohamed Bin Zayed City,osm_admin_8,6448,1404,2165
r87c152,24.31917,54.54833,24.30917,54.53833,24.32917,54.55833,Abu Dhabi,Mohamed Bin Zayed City,osm_admin_8,10019,0,3364
r87c153,24.31917,54.56833,24.30917,54.55833,24.32917,54.57833,Abu Dhabi,Mohamed Bin Zayed City,osm_admin_8,10343,0,3472
r87c154,24.31917,54.58833,24.30917,54.57833,24.32917,54.59833,Abu Dhabi,Mohamed Bin Zayed City,osm_admin_8,3199,0,1074
r87c155,24.31917,54.60833,24.30917,54.59833,24.32917,54.61833,Abu Dhabi,Shakhbout City,osm_admin_8,5930,0,1991
r87c156,24.31917,54.62833,24.30917,54.61833,24.32917,54.63833,Abu Dhabi,Bani Yas,osm_admin_8,10794,0,3624
r87c157,24.31917,54.64833,24.30917,54.63833,24.32917,54.65833,Abu Dhabi,Al Shawamekh,osm_admin_8,6768,0,2272
r87c158,24.31917,54.66833,24.30917,54.65833,24.32917,54.67833,Abu Dhabi,Al Shawamekh,osm_admin_8,1709,0,574
r87c159,24.31917,54.68833,24.30917,54.67833,24.32917,54.69833,Abu Dhabi,Al Nahdah,osm_admin_8,1623,0,545
r87c161,24.31917,54.72833,24.30917,54.71833,24.32917,54.73833,Abu Dhabi,Madinat Al Riyad,osm_admin_8,668,0,224
r87c162,24.31917,54.74833,24.30917,54.73833,24.32917,54.75833,Abu Dhabi,Madinat Al Riyad,osm_admin_8,827,0,278
r87c163,24.31917,54.76833,24.30917,54.75833,24.32917,54.77833,Abu Dhabi,Al Haffar,osm_admin_8,1069,0,359
r87c164,24.31917,54.78833,24.30917,54.77833,24.32917,54.79833,Abu Dhabi,Al Haffar,osm_admin_8,1329,0,446
r87c168,24.31917,54.86833,24.30917,54.85833,24.32917,54.87833,Abu Dhabi,Al 'Asheesh,osm_admin_8,1339,1313,450
r87c169,24.31917,54.88833,24.30917,54.87833,24.32917,54.89833,Abu Dhabi,Al 'Asheesh,osm_admin_8,2402,2260,806
r87c207,24.31917,55.64833,24.30917,55.63833,24.32917,55.65833,Abu Dhabi,Al Ain International Airport,osm_admin_8,826,0,277
r87c208,24.31917,55.66833,24.30917,55.65833,24.32917,55.67833,Abu Dhabi,Al Nabbagh,osm_admin_8,691,0,232
r87c209,24.31917,55.68833,24.30917,55.67833,24.32917,55.69833,Abu Dhabi,Al Nabbagh,osm_admin_8,520,0,175
r87c210,24.31917,55.70833,24.30917,55.69833,24.32917,55.71833,Abu Dhabi,Al Nabbagh,osm_admin_8,593,0,199
r87c212,24.31917,55.74833,24.30917,55.73833,24.32917,55.75833,Abu Dhabi,Al Nabbagh,osm_admin_8,2007,0,674
r87c214,24.31917,55.78833,24.30917,55.77833,24.32917,55.79833,Abu Dhabi,Hili,osm_admin_8,2838,0,953
r87c215,24.31917,55.80833,24.30917,55.79833,24.32917,55.81833,Abu Dhabi,Hili,osm_admin_8,3397,0,1140
r88c147,24.29917,54.44833,24.28917,54.43833,24.30917,54.45833,Abu Dhabi,Abu Dhabi Industrial City,osm_admin_8,1407,854,472
r88c148,24.29917,54.46833,24.28917,54.45833,24.30917,54.47833,Abu Dhabi,Abu Dhabi Industrial City,osm_admin_8,3910,1792,1313
r88c149,24.29917,54.48833,24.28917,54.47833,24.30917,54.49833,Abu Dhabi,Abu Dhabi Industrial City,osm_admin_8,4793,1909,1609
r88c150,24.29917,54.50833,24.28917,54.49833,24.30917,54.51833,Abu Dhabi,Abu Dhabi Industrial City,osm_admin_8,3416,2070,1147
r88c151,24.29917,54.52833,24.28917,54.51833,24.30917,54.53833,Abu Dhabi,Abu Dhabi Industrial City,osm_admin_8,747,0,251
r88c152,24.29917,54.54833,24.28917,54.53833,24.30917,54.55833,Abu Dhabi,Mohamed Bin Zayed City,osm_admin_8,4657,0,1564
r88c153,24.29917,54.56833,24.28917,54.55833,24.30917,54.57833,Abu Dhabi,Mohamed Bin Zayed City,osm_admin_8,6942,0,2331
r88c154,24.29917,54.58833,24.28917,54.57833,24.30917,54.59833,Abu Dhabi,Jarn Yafour,osm_admin_8,4609,70,1547
r88c155,24.29917,54.60833,24.28917,54.59833,24.30917,54.61833,Abu Dhabi,Jarn Yafour,osm_admin_8,4175,0,1402
r88c156,24.29917,54.62833,24.28917,54.61833,24.30917,54.63833,Abu Dhabi,Bani Yas,osm_admin_8,10042,0,3371
r88c157,24.29917,54.64833,24.28917,54.63833,24.30917,54.65833,Abu Dhabi,Bani Yas,osm_admin_8,12367,0,4152
r88c158,24.29917,54.66833,24.28917,54.65833,24.30917,54.67833,Abu Dhabi,Al Nahdah,osm_admin_8,3829,0,1286
r88c167,24.29917,54.84833,24.28917,54.83833,24.30917,54.85833,Abu Dhabi,Al 'Asheesh,osm_admin_8,619,488,208
r88c168,24.29917,54.86833,24.28917,54.85833,24.30917,54.87833,Abu Dhabi,Al Fayah,osm_admin_8,1200,986,403
r88c195,24.29917,55.40833,24.28917,55.39833,24.30917,55.41833,Abu Dhabi,Al Sad,osm_admin_8,725,0,243
r88c196,24.29917,55.42833,24.28917,55.41833,24.30917,55.43833,Abu Dhabi,Sweihan,osm_admin_8,984,0,330
r88c199,24.29917,55.48833,24.28917,55.47833,24.30917,55.49833,Abu Dhabi,Sweihan,osm_admin_8,766,0,257
r88c200,24.29917,55.50833,24.28917,55.49833,24.30917,55.51833,Abu Dhabi,Sweihan,osm_admin_8,733,0,246
r88c201,24.29917,55.52833,24.28917,55.51833,24.30917,55.53833,Abu Dhabi,Al Aamerah,osm_admin_8,550,0,185
r88c209,24.29917,55.68833,24.28917,55.67833,24.30917,55.69833,Abu Dhabi,Al Nabbagh,osm_admin_8,520,0,175
r88c210,24.29917,55.70833,24.28917,55.69833,24.30917,55.71833,Abu Dhabi,Al Nabbagh,osm_admin_8,724,0,243
r88c212,24.29917,55.74833,24.28917,55.73833,24.30917,55.75833,Abu Dhabi,Al Mas'oudi,osm_admin_8,3967,0,1332
r88c213,24.29917,55.76833,24.28917,55.75833,24.30917,55.77833,Abu Dhabi,Hili,osm_admin_8,6244,0,2096
r88c214,24.29917,55.78833,24.28917,55.77833,24.30917,55.79833,Abu Dhabi,Hili,osm_admin_8,4675,0,1570
r88c215,24.29917,55.80833,24.28917,55.79833,24.30917,55.81833,Abu Dhabi,خضراء السيح,osm_place,1347,0,452
r89c147,24.27917,54.44833,24.26917,54.43833,24.28917,54.45833,Abu Dhabi,Abu Dhabi Industrial City,osm_admin_8,1184,567,397
r89c148,24.27917,54.46833,24.26917,54.45833,24.28917,54.47833,Abu Dhabi,Abu Dhabi Industrial City,osm_admin_8,2978,1010,1000
r89c149,24.27917,54.48833,24.26917,54.47833,24.28917,54.49833,Abu Dhabi,Abu Dhabi Industrial City,osm_admin_8,2982,499,1001
r89c150,24.27917,54.50833,24.26917,54.49833,24.28917,54.51833,Abu Dhabi,Abu Dhabi Industrial City,osm_admin_8,1343,0,451
r89c152,24.27917,54.54833,24.26917,54.53833,24.28917,54.55833,Abu Dhabi,Al Bihouth,osm_admin_8,2516,0,845
r89c153,24.27917,54.56833,24.26917,54.55833,24.28917,54.57833,Abu Dhabi,Jarn Yafour,osm_admin_8,5702,0,1914
r89c154,24.27917,54.58833,24.26917,54.57833,24.28917,54.59833,Abu Dhabi,Jarn Yafour,osm_admin_8,8426,573,2829
r89c155,24.27917,54.60833,24.26917,54.59833,24.28917,54.61833,Abu Dhabi,Jarn Yafour,osm_admin_8,5810,0,1951
r89c156,24.27917,54.62833,24.26917,54.61833,24.28917,54.63833,Abu Dhabi,Jarn Yafour,osm_admin_8,1482,0,497
r89c157,24.27917,54.64833,24.26917,54.63833,24.28917,54.65833,Abu Dhabi,Al Wathbah,osm_admin_8,7946,0,2668
r89c158,24.27917,54.66833,24.26917,54.65833,24.28917,54.67833,Abu Dhabi,Al Nahdah,osm_admin_8,5277,0,1772
r89c159,24.27917,54.68833,24.26917,54.67833,24.28917,54.69833,Abu Dhabi,Al Nahdah,osm_admin_8,2584,0,867
r89c166,24.27917,54.82833,24.26917,54.81833,24.28917,54.83833,Abu Dhabi,Al Haffar,osm_admin_8,815,271,274
r89c195,24.27917,55.40833,24.26917,55.39833,24.28917,55.41833,Abu Dhabi,Al Sad,osm_admin_8,573,0,192
r89c196,24.27917,55.42833,24.26917,55.41833,24.28917,55.43833,Abu Dhabi,Al Sad,osm_admin_8,1152,0,387
r89c205,24.27917,55.60833,24.26917,55.59833,24.28917,55.61833,Abu Dhabi,Al Ain International Airport,osm_admin_8,1295,0,435
r89c206,24.27917,55.62833,24.26917,55.61833,24.28917,55.63833,Abu Dhabi,Al Ain International Airport,osm_admin_8,1394,43,468
r89c208,24.27917,55.66833,24.26917,55.65833,24.28917,55.67833,Abu Dhabi,Al Nabbagh,osm_admin_8,946,657,318
r89c210,24.27917,55.70833,24.26917,55.69833,24.28917,55.71833,Abu Dhabi,Al Nabbagh,osm_admin_8,1323,0,444
r89c211,24.27917,55.72833,24.26917,55.71833,24.28917,55.73833,Abu Dhabi,Al Nabbagh,osm_admin_8,5439,0,1826
r89c212,24.27917,55.74833,24.26917,55.73833,24.28917,55.75833,Abu Dhabi,Al Mas'oudi,osm_admin_8,7470,0,2508
r89c213,24.27917,55.76833,24.26917,55.75833,24.28917,55.77833,Abu Dhabi,Hili,osm_admin_8,8538,0,2867
r89c214,24.27917,55.78833,24.26917,55.77833,24.28917,55.79833,Abu Dhabi,Hili,osm_admin_8,3088,0,1037
r90c133,24.25917,54.16833,24.24917,54.15833,24.26917,54.17833,Abu Dhabi,Al Nouf,osm_admin_8,1125,0,378
r90c147,24.25917,54.44833,24.24917,54.43833,24.26917,54.45833,Abu Dhabi,Abu Dhabi Industrial City,osm_admin_8,577,26,194
r90c148,24.25917,54.46833,24.24917,54.45833,24.26917,54.47833,Abu Dhabi,Abu Dhabi Industrial City,osm_admin_8,623,8,209
r90c150,24.25917,54.50833,24.24917,54.49833,24.26917,54.51833,Abu Dhabi,Al Bihouth,osm_admin_8,744,0,250
r90c151,24.25917,54.52833,24.24917,54.51833,24.26917,54.53833,Abu Dhabi,Al Bihouth,osm_admin_8,812,0,273
r90c152,24.25917,54.54833,24.24917,54.53833,24.26917,54.55833,Abu Dhabi,Al Bihouth,osm_admin_8,4138,0,1389
r90c153,24.25917,54.56833,24.24917,54.55833,24.26917,54.57833,Abu Dhabi,Al Bihouth,osm_admin_8,3257,0,1094
r90c154,24.25917,54.58833,24.24917,54.57833,24.26917,54.59833,Abu Dhabi,Jarn Yafour,osm_admin_8,1811,0,608
r90c155,24.25917,54.60833,24.24917,54.59833,24.26917,54.61833,Abu Dhabi,Jarn Yafour,osm_admin_8,1885,0,633
r90c156,24.25917,54.62833,24.24917,54.61833,24.26917,54.63833,Abu Dhabi,Jarn Yafour,osm_admin_8,5803,6,1948
r90c157,24.25917,54.64833,24.24917,54.63833,24.26917,54.65833,Abu Dhabi,Al Wathbah,osm_admin_8,1185,0,398
r90c158,24.25917,54.66833,24.24917,54.65833,24.26917,54.67833,Abu Dhabi,Al Wathbah,osm_admin_8,3109,0,1044
r90c159,24.25917,54.68833,24.24917,54.67833,24.26917,54.69833,Abu Dhabi,Al Wathbah,osm_admin_8,1869,0,628
r90c160,24.25917,54.70833,24.24917,54.69833,24.26917,54.71833,Abu Dhabi,Al Nahdah,osm_admin_8,3775,0,1267
r90c161,24.25917,54.72833,24.24917,54.71833,24.26917,54.73833,Abu Dhabi,Al Nahdah,osm_admin_8,1395,0,468
r90c194,24.25917,55.38833,24.24917,55.37833,24.26917,55.39833,Abu Dhabi,Al Sad,osm_admin_8,539,0,181
r90c202,24.25917,55.54833,24.24917,55.53833,24.26917,55.55833,Abu Dhabi,Al Aamerah,osm_admin_8,678,0,227
r90c203,24.25917,55.56833,24.24917,55.55833,24.26917,55.57833,Abu Dhabi,Al Aamerah,osm_admin_8,2770,0,930
r90c204,24.25917,55.58833,24.24917,55.57833,24.26917,55.59833,Abu Dhabi,Al Aamerah,osm_admin_8,651,0,219
r90c205,24.25917,55.60833,24.24917,55.59833,24.26917,55.61833,Abu Dhabi,Al Ain International Airport,osm_admin_8,1557,0,523
r90c206,24.25917,55.62833,24.24917,55.61833,24.26917,55.63833,Abu Dhabi,Al Ain International Airport,osm_admin_8,1989,42,668
r90c208,24.25917,55.66833,24.24917,55.65833,24.26917,55.67833,Abu Dhabi,Al Dahma,osm_admin_8,909,0,305
r90c209,24.25917,55.68833,24.24917,55.67833,24.26917,55.69833,Abu Dhabi,Al Tiwayya,osm_admin_8,4102,0,1377
r90c210,24.25917,55.70833,24.24917,55.69833,24.26917,55.71833,Abu Dhabi,Al Tiwayya,osm_admin_8,9332,0,3133
r90c211,24.25917,55.72833,24.24917,55.71833,24.26917,55.73833,Abu Dhabi,Al Jimi,osm_admin_8,9385,0,3151
r90c212,24.25917,55.74833,24.24917,55.73833,24.26917,55.75833,Abu Dhabi,Al Jimi,osm_admin_8,8072,0,2710
r90c213,24.25917,55.76833,24.24917,55.75833,24.26917,55.77833,Abu Dhabi,Harat al Qaramitah,osm_place,2177,0,731
r91c149,24.23917,54.48833,24.22917,54.47833,24.24917,54.49833,Abu Dhabi,Al Bihouth,osm_admin_8,1451,0,487
r91c153,24.23917,54.56833,24.22917,54.55833,24.24917,54.57833,Abu Dhabi,Al Bihouth,osm_admin_8,1177,0,395
r91c154,24.23917,54.58833,24.22917,54.57833,24.24917,54.59833,Abu Dhabi,Al Bihouth,osm_admin_8,1281,0,430
r91c156,24.23917,54.62833,24.22917,54.61833,24.24917,54.63833,Abu Dhabi,Al Wathbah,osm_admin_8,1553,0,521
r91c157,24.23917,54.64833,24.22917,54.63833,24.24917,54.65833,Abu Dhabi,Al Wathbah,osm_admin_8,960,0,322
r91c159,24.23917,54.68833,24.22917,54.67833,24.24917,54.69833,Abu Dhabi,Al Wathbah,osm_admin_8,1774,0,596
r91c160,24.23917,54.70833,24.22917,54.69833,24.24917,54.71833,Abu Dhabi,Al Wathbah,osm_admin_8,2074,0,696
r91c161,24.23917,54.72833,24.22917,54.71833,24.24917,54.73833,Abu Dhabi,Al Wathbah,osm_admin_8,2792,0,937
r91c162,24.23917,54.74833,24.22917,54.73833,24.24917,54.75833,Abu Dhabi,Al Nahdah,osm_admin_8,1847,0,620
r91c191,24.23917,55.32833,24.22917,55.31833,24.24917,55.33833,Abu Dhabi,Rimah,osm_admin_8,831,0,279
r91c198,24.23917,55.46833,24.22917,55.45833,24.24917,55.47833,Abu Dhabi,Al Sad,osm_admin_8,532,0,179
r91c201,24.23917,55.52833,24.22917,55.51833,24.24917,55.53833,Abu Dhabi,Al Aamerah,osm_admin_8,1017,0,341
r91c202,24.23917,55.54833,24.22917,55.53833,24.24917,55.55833,Abu Dhabi,Al Aamerah,osm_admin_8,5930,0,1991
r91c203,24.23917,55.56833,24.22917,55.55833,24.24917,55.57833,Abu Dhabi,Al Aamerah,osm_admin_8,6020,0,2021
r91c204,24.23917,55.58833,24.22917,55.57833,24.24917,55.59833,Abu Dhabi,Al Aamerah,osm_admin_8,581,0,195
r91c205,24.23917,55.60833,24.22917,55.59833,24.24917,55.61833,Abu Dhabi,Al Ain International Airport,osm_admin_8,1225,0,411
r91c206,24.23917,55.62833,24.22917,55.61833,24.24917,55.63833,Abu Dhabi,Al Ain International Airport,osm_admin_8,753,0,253
r91c208,24.23917,55.66833,24.22917,55.65833,24.24917,55.67833,Abu Dhabi,Al Dahma,osm_admin_8,4753,0,1596
r91c209,24.23917,55.68833,24.22917,55.67833,24.24917,55.69833,Abu Dhabi,Al Tiwayya,osm_admin_8,9564,0,3211
r91c210,24.23917,55.70833,24.22917,55.69833,24.24917,55.71833,Abu Dhabi,Al Khibeesi,osm_admin_8,9172,0,3079
r91c211,24.23917,55.72833,24.22917,55.71833,24.24917,55.73833,Abu Dhabi,Al Jimi,osm_admin_8,9115,0,3060
r91c212,24.23917,55.74833,24.22917,55.73833,24.24917,55.75833,Abu Dhabi,Al Jimi,osm_admin_8,7720,692,2592
r91c213,24.23917,55.76833,24.22917,55.75833,24.24917,55.77833,Abu Dhabi,Hamasa,osm_place,1794,0,602
r92c132,24.21917,54.14833,24.20917,54.13833,24.22917,54.15833,Abu Dhabi,Al Nouf,osm_admin_8,1039,587,349
r92c149,24.21917,54.48833,24.20917,54.47833,24.22917,54.49833,Abu Dhabi,Al Bihouth,osm_admin_8,856,0,287
r92c153,24.21917,54.56833,24.20917,54.55833,24.22917,54.57833,Abu Dhabi,Al Bihouth,osm_admin_8,627,0,211
r92c155,24.21917,54.60833,24.20917,54.59833,24.22917,54.61833,Abu Dhabi,Al Wathbah,osm_admin_8,516,0,173
r92c156,24.21917,54.62833,24.20917,54.61833,24.22917,54.63833,Abu Dhabi,Al Wathbah,osm_admin_8,3358,0,1127
r92c157,24.21917,54.64833,24.20917,54.63833,24.22917,54.65833,Abu Dhabi,Al Wathbah,osm_admin_8,4652,0,1562
r92c158,24.21917,54.66833,24.20917,54.65833,24.22917,54.67833,Abu Dhabi,Al Wathbah,osm_admin_8,4320,0,1450
r92c159,24.21917,54.68833,24.20917,54.67833,24.22917,54.69833,Abu Dhabi,Al Wathbah,osm_admin_8,1461,0,491
r92c160,24.21917,54.70833,24.20917,54.69833,24.22917,54.71833,Abu Dhabi,Al Wathbah,osm_admin_8,834,0,280
r92c162,24.21917,54.74833,24.20917,54.73833,24.22917,54.75833,Abu Dhabi,Al Wathbah,osm_admin_8,936,0,314
r92c163,24.21917,54.76833,24.20917,54.75833,24.22917,54.77833,Abu Dhabi,Al Wathbah,osm_admin_8,951,0,319
r92c164,24.21917,54.78833,24.20917,54.77833,24.22917,54.79833,Abu Dhabi,Al Wathbah,osm_admin_8,702,0,236
r92c165,24.21917,54.80833,24.20917,54.79833,24.22917,54.81833,Abu Dhabi,Al Wathbah,osm_admin_8,518,0,174
r92c167,24.21917,54.84833,24.20917,54.83833,24.22917,54.85833,Abu Dhabi,Al Haffar,osm_admin_8,638,0,214
r92c168,24.21917,54.86833,24.20917,54.85833,24.22917,54.87833,Abu Dhabi,Al Haffar,osm_admin_8,689,0,231
r92c170,24.21917,54.90833,24.20917,54.89833,24.22917,54.91833,Abu Dhabi,Al Haffar,osm_admin_8,1478,0,496
r92c171,24.21917,54.92833,24.20917,54.91833,24.22917,54.93833,Abu Dhabi,Al Haffar,osm_admin_8,544,0,183
r92c174,24.21917,54.98833,24.20917,54.97833,24.22917,54.99833,Abu Dhabi,Dihan,osm_admin_8,532,0,179
r92c175,24.21917,55.00833,24.20917,54.99833,24.22917,55.01833,Abu Dhabi,Dihan,osm_admin_8,663,0,223
r92c176,24.21917,55.02833,24.20917,55.01833,24.22917,55.03833,Abu Dhabi,Dihan,osm_admin_8,667,0,224
r92c177,24.21917,55.04833,24.20917,55.03833,24.22917,55.05833,Abu Dhabi,Dihan,osm_admin_8,582,0,195
r92c194,24.21917,55.38833,24.20917,55.37833,24.22917,55.39833,Abu Dhabi,Abu Samrah,osm_admin_8,766,0,257
r92c196,24.21917,55.42833,24.20917,55.41833,24.22917,55.43833,Abu Dhabi,Al Sad,osm_admin_8,559,0,188
r92c197,24.21917,55.44833,24.20917,55.43833,24.22917,55.45833,Abu Dhabi,Al Sad,osm_admin_8,1562,0,524
r92c198,24.21917,55.46833,24.20917,55.45833,24.22917,55.47833,Abu Dhabi,Al Sad,osm_admin_8,2470,0,829
r92c199,24.21917,55.48833,24.20917,55.47833,24.22917,55.49833,Abu Dhabi,Al Sad,osm_admin_8,998,0,335
r92c200,24.21917,55.50833,24.20917,55.49833,24.22917,55.51833,Abu Dhabi,Al Aamerah,osm_admin_8,1596,0,536
r92c201,24.21917,55.52833,24.20917,55.51833,24.22917,55.53833,Abu Dhabi,Al Aamerah,osm_admin_8,5129,0,1722
r92c202,24.21917,55.54833,24.20917,55.53833,24.22917,55.55833,Abu Dhabi,Al Aamerah,osm_admin_8,6717,0,2255
r92c203,24.21917,55.56833,24.20917,55.55833,24.22917,55.57833,Abu Dhabi,Al Aamerah,osm_admin_8,1528,0,513
r92c204,24.21917,55.58833,24.20917,55.57833,24.22917,55.59833,Abu Dhabi,Al Salamat,osm_admin_8,6241,0,2095
r92c205,24.21917,55.60833,24.20917,55.59833,24.22917,55.61833,Abu Dhabi,Al Salamat,osm_admin_8,974,0,327
r92c206,24.21917,55.62833,24.20917,55.61833,24.22917,55.63833,Abu Dhabi,Al Dahma,osm_admin_8,2009,0,675
r92c207,24.21917,55.64833,24.20917,55.63833,24.22917,55.65833,Abu Dhabi,Al Markhaniyyah,osm_admin_8,5929,0,1991
r92c208,24.21917,55.66833,24.20917,55.65833,24.22917,55.67833,Abu Dhabi,Al Markhaniyyah,osm_admin_8,7808,0,2621
r92c209,24.21917,55.68833,24.20917,55.67833,24.22917,55.69833,Abu Dhabi,Al Khibeesi,osm_admin_8,8586,0,2883
r92c210,24.21917,55.70833,24.20917,55.69833,24.22917,55.71833,Abu Dhabi,Al Muwaij'i,osm_admin_8,8516,0,2859
r92c211,24.21917,55.72833,24.20917,55.71833,24.22917,55.73833,Abu Dhabi,Al Muwaij'i,osm_admin_8,9239,0,3102
r92c212,24.21917,55.74833,24.20917,55.73833,24.22917,55.75833,Abu Dhabi,Al Jahili,osm_admin_8,9867,0,3313
r92c213,24.21917,55.76833,24.20917,55.75833,24.22917,55.77833,Abu Dhabi,Central District,osm_admin_8,8358,0,2806
r92c214,24.21917,55.78833,24.20917,55.77833,24.22917,55.79833,Abu Dhabi,Central District,osm_admin_8,8225,0,2761
r92c215,24.21917,55.80833,24.20917,55.79833,24.22917,55.81833,Abu Dhabi,الغريفة,osm_place,796,0,267
r92c222,24.21917,55.94833,24.20917,55.93833,24.22917,55.95833,Abu Dhabi,Khatm Al Shiklah,osm_admin_8,1116,0,375
r93c113,24.19917,53.76833,24.18917,53.75833,24.20917,53.77833,Abu Dhabi,Abu Al Abyad Island,osm_admin_8,1029,0,345
r93c148,24.19917,54.46833,24.18917,54.45833,24.20917,54.47833,Abu Dhabi,Al Bihouth,osm_admin_8,813,792,273
r93c155,24.19917,54.60833,24.18917,54.59833,24.20917,54.61833,Abu Dhabi,Al Wathbah,osm_admin_8,1165,0,391
r93c156,24.19917,54.62833,24.18917,54.61833,24.20917,54.63833,Abu Dhabi,Al Wathbah,osm_admin_8,1197,0,402
r93c157,24.19917,54.64833,24.18917,54.63833,24.20917,54.65833,Abu Dhabi,Al Wathbah,osm_admin_8,1313,0,441
r93c158,24.19917,54.66833,24.18917,54.65833,24.20917,54.67833,Abu Dhabi,Al Wathbah,osm_admin_8,1288,0,433
r93c159,24.19917,54.68833,24.18917,54.67833,24.20917,54.69833,Abu Dhabi,Al Wathbah,osm_admin_8,1675,0,562
r93c160,24.19917,54.70833,24.18917,54.69833,24.20917,54.71833,Abu Dhabi,Al Wathbah,osm_admin_8,508,0,170
r93c164,24.19917,54.78833,24.18917,54.77833,24.20917,54.79833,Abu Dhabi,Al Wathbah,osm_admin_8,803,7,270
r93c165,24.19917,54.80833,24.18917,54.79833,24.20917,54.81833,Abu Dhabi,Al Wathbah,osm_admin_8,918,0,308
r93c166,24.19917,54.82833,24.18917,54.81833,24.20917,54.83833,Abu Dhabi,Al Wathbah,osm_admin_8,904,0,304
r93c167,24.19917,54.84833,24.18917,54.83833,24.20917,54.85833,Abu Dhabi,Al Wathbah,osm_admin_8,1268,0,426
r93c168,24.19917,54.86833,24.18917,54.85833,24.20917,54.87833,Abu Dhabi,Dhaharat Al Teeb,osm_admin_8,3426,0,1150
r93c169,24.19917,54.88833,24.18917,54.87833,24.20917,54.89833,Abu Dhabi,Dhaharat Al Teeb,osm_admin_8,3873,0,1300
r93c170,24.19917,54.90833,24.18917,54.89833,24.20917,54.91833,Abu Dhabi,Al Khatm,osm_admin_8,2003,0,672
r93c171,24.19917,54.92833,24.18917,54.91833,24.20917,54.93833,Abu Dhabi,Dihan,osm_admin_8,1248,0,419
r93c173,24.19917,54.96833,24.18917,54.95833,24.20917,54.97833,Abu Dhabi,Dihan,osm_admin_8,1159,0,389
r93c174,24.19917,54.98833,24.18917,54.97833,24.20917,54.99833,Abu Dhabi,Dihan,osm_admin_8,2641,0,887
r93c175,24.19917,55.00833,24.18917,54.99833,24.20917,55.01833,Abu Dhabi,Dihan,osm_admin_8,3419,0,1148
r93c176,24.19917,55.02833,24.18917,55.01833,24.20917,55.03833,Abu Dhabi,Dihan,osm_admin_8,2605,0,874
r93c177,24.19917,55.04833,24.18917,55.03833,24.20917,55.05833,Abu Dhabi,Dihan,osm_admin_8,1424,0,478
r93c178,24.19917,55.06833,24.18917,55.05833,24.20917,55.07833,Abu Dhabi,Dihan,osm_admin_8,746,0,251
r93c189,24.19917,55.28833,24.18917,55.27833,24.20917,55.29833,Abu Dhabi,Rimah,osm_admin_8,518,0,174
r93c191,24.19917,55.32833,24.18917,55.31833,24.20917,55.33833,Abu Dhabi,Rimah,osm_admin_8,2751,0,924
r93c192,24.19917,55.34833,24.18917,55.33833,24.20917,55.35833,Abu Dhabi,Rimah,osm_admin_8,2356,0,791
r93c193,24.19917,55.36833,24.18917,55.35833,24.20917,55.37833,Abu Dhabi,Abu Samrah,osm_admin_8,1795,0,602
r93c194,24.19917,55.38833,24.18917,55.37833,24.20917,55.39833,Abu Dhabi,Abu Samrah,osm_admin_8,2278,0,765
r93c195,24.19917,55.40833,24.18917,55.39833,24.20917,55.41833,Abu Dhabi,Abu Samrah,osm_admin_8,1363,0,458
r93c196,24.19917,55.42833,24.18917,55.41833,24.20917,55.43833,Abu Dhabi,Al Sad,osm_admin_8,1634,0,548
r93c198,24.19917,55.46833,24.18917,55.45833,24.20917,55.47833,Abu Dhabi,Al Sad,osm_admin_8,769,0,258
r93c200,24.19917,55.50833,24.18917,55.49833,24.20917,55.51833,Abu Dhabi,Al Sad,osm_admin_8,1530,0,514
r93c201,24.19917,55.52833,24.18917,55.51833,24.20917,55.53833,Abu Dhabi,Al Sad,osm_admin_8,4747,0,1594
r93c202,24.19917,55.54833,24.18917,55.53833,24.20917,55.55833,Abu Dhabi,Al Aamerah,osm_admin_8,1584,0,532
r93c203,24.19917,55.56833,24.18917,55.55833,24.20917,55.57833,Abu Dhabi,Al Salamat,osm_admin_8,1366,16,459
r93c204,24.19917,55.58833,24.18917,55.57833,24.20917,55.59833,Abu Dhabi,Al Bateen,osm_admin_8,3262,0,1095
r93c205,24.19917,55.60833,24.18917,55.59833,24.20917,55.61833,Abu Dhabi,Al Bateen,osm_admin_8,5413,0,1817
r93c206,24.19917,55.62833,24.18917,55.61833,24.20917,55.63833,Abu Dhabi,Al Bateen,osm_admin_8,6825,0,2291
r93c207,24.19917,55.64833,24.18917,55.63833,24.20917,55.65833,Abu Dhabi,Al Maqam,osm_admin_8,7747,49,2601
r93c208,24.19917,55.66833,24.18917,55.65833,24.20917,55.67833,Abu Dhabi,'Asharij,osm_admin_8,7456,0,2503
r93c209,24.19917,55.68833,24.18917,55.67833,24.20917,55.69833,Abu Dhabi,'Asharij,osm_admin_8,6019,0,2021
r93c210,24.19917,55.70833,24.18917,55.69833,24.20917,55.71833,Abu Dhabi,Al Muwaij'i,osm_admin_8,6648,77,2232
r93c211,24.19917,55.72833,24.18917,55.71833,24.20917,55.73833,Abu Dhabi,Falaj Hazza',osm_admin_8,8823,203,2962
r93c212,24.19917,55.74833,24.18917,55.73833,24.20917,55.75833,Abu Dhabi,Industrial Area,osm_admin_8,9201,0,3089
r93c213,24.19917,55.76833,24.18917,55.75833,24.20917,55.77833,Abu Dhabi,Industrial Area,osm_admin_8,9298,16,3122
r93c214,24.19917,55.78833,24.18917,55.77833,24.20917,55.79833,Abu Dhabi,Al Sarouj,osm_admin_8,8839,0,2968
r93c215,24.19917,55.80833,24.18917,55.79833,24.20917,55.81833,Abu Dhabi,Al Sarouj,osm_admin_8,7578,0,2544
r93c216,24.19917,55.82833,24.18917,55.81833,24.20917,55.83833,Abu Dhabi,Al Shuwaymah,osm_admin_8,2225,15,747
r93c217,24.19917,55.84833,24.18917,55.83833,24.20917,55.85833,Abu Dhabi,Al Shuwaymah,osm_admin_8,2075,260,696
r93c218,24.19917,55.86833,24.18917,55.85833,24.20917,55.87833,Abu Dhabi,Khatm Al Shiklah,osm_admin_8,1981,0,665
r94c24,24.17917,51.98833,24.16917,51.97833,24.18917,51.99833,Abu Dhabi,Lower Yasat Island,osm_admin_8,671,0,225
r94c53,24.17917,52.56833,24.16917,52.55833,24.18917,52.57833,Abu Dhabi,Al Dhannah City,osm_admin_8,1798,194,604
r94c54,24.17917,52.58833,24.16917,52.57833,24.18917,52.59833,Abu Dhabi,Al Dhannah City,osm_admin_8,852,0,286
r94c55,24.17917,52.60833,24.16917,52.59833,24.18917,52.61833,Abu Dhabi,Al Dhannah City,osm_admin_8,1194,770,401
r94c56,24.17917,52.62833,24.16917,52.61833,24.18917,52.63833,Abu Dhabi,Al Dhannah City,osm_admin_8,1622,10,545
r94c155,24.17917,54.60833,24.16917,54.59833,24.18917,54.61833,Abu Dhabi,Al Wathbah,osm_admin_8,1142,487,383
r94c156,24.17917,54.62833,24.16917,54.61833,24.18917,54.63833,Abu Dhabi,Al Wathbah,osm_admin_8,715,0,240
r94c157,24.17917,54.64833,24.16917,54.63833,24.18917,54.65833,Abu Dhabi,Al Wathbah,osm_admin_8,1350,0,453
r94c158,24.17917,54.66833,24.16917,54.65833,24.18917,54.67833,Abu Dhabi,Al Wathbah,osm_admin_8,1298,0,436
r94c159,24.17917,54.68833,24.16917,54.67833,24.18917,54.69833,Abu Dhabi,Al Wathbah,osm_admin_8,1170,0,393
r94c160,24.17917,54.70833,24.16917,54.69833,24.18917,54.71833,Abu Dhabi,Al Wathbah,osm_admin_8,1143,0,384
r94c161,24.17917,54.72833,24.16917,54.71833,24.18917,54.73833,Abu Dhabi,Al Wathbah,osm_admin_8,834,0,280
r94c163,24.17917,54.76833,24.16917,54.75833,24.18917,54.77833,Abu Dhabi,Al Wathbah,osm_admin_8,727,0,244
r94c168,24.17917,54.86833,24.16917,54.85833,24.18917,54.87833,Abu Dhabi,Mshayrif,osm_admin_8,584,0,196
r94c174,24.17917,54.98833,24.16917,54.97833,24.18917,54.99833,Abu Dhabi,Al Khatm,osm_admin_8,1929,0,648
r94c175,24.17917,55.00833,24.16917,54.99833,24.18917,55.01833,Abu Dhabi,Al Khatm,osm_admin_8,2194,0,737
r94c176,24.17917,55.02833,24.16917,55.01833,24.18917,55.03833,Abu Dhabi,Al Khatm,osm_admin_8,1699,0,571
r94c177,24.17917,55.04833,24.16917,55.03833,24.18917,55.05833,Abu Dhabi,Al Khaznah,osm_admin_8,1264,0,424
r94c178,24.17917,55.06833,24.16917,55.05833,24.18917,55.07833,Abu Dhabi,Al Khaznah,osm_admin_8,1934,0,649
r94c179,24.17917,55.08833,24.16917,55.07833,24.18917,55.09833,Abu Dhabi,Al Khaznah,osm_admin_8,1944,0,653
r94c180,24.17917,55.10833,24.16917,55.09833,24.18917,55.11833,Abu Dhabi,Al Khaznah,osm_admin_8,2164,0,727
r94c181,24.17917,55.12833,24.16917,55.11833,24.18917,55.13833,Abu Dhabi,Al Khaznah,osm_admin_8,1537,0,516
r94c182,24.17917,55.14833,24.16917,55.13833,24.18917,55.15833,Abu Dhabi,Al Khaznah,osm_admin_8,853,0,286
r94c190,24.17917,55.30833,24.16917,55.29833,24.18917,55.31833,Abu Dhabi,Rimah,osm_admin_8,1532,0,514
r94c191,24.17917,55.32833,24.16917,55.31833,24.18917,55.33833,Abu Dhabi,Rimah,osm_admin_8,2736,0,919
r94c192,24.17917,55.34833,24.16917,55.33833,24.18917,55.35833,Abu Dhabi,Rimah,osm_admin_8,1250,0,420
r94c193,24.17917,55.36833,24.16917,55.35833,24.18917,55.37833,Abu Dhabi,Rimah,osm_admin_8,583,0,196
r94c198,24.17917,55.46833,24.16917,55.45833,24.18917,55.47833,Abu Dhabi,Al Sad,osm_admin_8,674,3,226
r94c200,24.17917,55.50833,24.16917,55.49833,24.18917,55.51833,Abu Dhabi,Al Aamerah,osm_admin_8,712,0,239
r94c201,24.17917,55.52833,24.16917,55.51833,24.18917,55.53833,Abu Dhabi,Al Salamat,osm_admin_8,1318,0,442
r94c202,24.17917,55.54833,24.16917,55.53833,24.18917,55.55833,Abu Dhabi,Al Salamat,osm_admin_8,612,0,205
r94c204,24.17917,55.58833,24.16917,55.57833,24.18917,55.59833,Abu Dhabi,Ghireebah,osm_admin_8,510,0,171
r94c205,24.17917,55.60833,24.16917,55.59833,24.18917,55.61833,Abu Dhabi,Al Maqam,osm_admin_8,4585,0,1539
r94c206,24.17917,55.62833,24.16917,55.61833,24.18917,55.63833,Abu Dhabi,Al Maqam,osm_admin_8,4996,0,1677
r94c207,24.17917,55.64833,24.16917,55.63833,24.18917,55.65833,Abu Dhabi,Al Maqam,osm_admin_8,5812,219,1951
r94c208,24.17917,55.66833,24.16917,55.65833,24.18917,55.67833,Abu Dhabi,Al 'Iqabiyyah,osm_admin_8,6290,59,2112
r94c209,24.17917,55.68833,24.16917,55.67833,24.18917,55.69833,Abu Dhabi,Al 'Iqabiyyah,osm_admin_8,4185,275,1405
r94c210,24.17917,55.70833,24.16917,55.69833,24.18917,55.71833,Abu Dhabi,Falaj Hazza',osm_admin_8,7961,260,2673
r94c211,24.17917,55.72833,24.16917,55.71833,24.18917,55.73833,Abu Dhabi,Falaj Hazza',osm_admin_8,6795,16,2281
r94c212,24.17917,55.74833,24.16917,55.73833,24.18917,55.75833,Abu Dhabi,Shiab Al Ashkhar,osm_admin_8,6494,11,2180
r94c213,24.17917,55.76833,24.16917,55.75833,24.18917,55.77833,Abu Dhabi,Industrial Area,osm_admin_8,5654,0,1898
r94c214,24.17917,55.78833,24.16917,55.77833,24.18917,55.79833,Abu Dhabi,Al Ruwaydat,osm_admin_8,3609,0,1212
r94c215,24.17917,55.80833,24.16917,55.79833,24.18917,55.81833,Abu Dhabi,Al Aflaj,osm_admin_8,4276,0,1436
r94c216,24.17917,55.82833,24.16917,55.81833,24.18917,55.83833,Abu Dhabi,Al Shuwaymah,osm_admin_8,3697,0,1241
r94c217,24.17917,55.84833,24.16917,55.83833,24.18917,55.85833,Abu Dhabi,Al Shuwaymah,osm_admin_8,1070,0,359
r94c219,24.17917,55.88833,24.16917,55.87833,24.18917,55.89833,Abu Dhabi,Malaqit,osm_admin_8,675,0,227
r94c220,24.17917,55.90833,24.16917,55.89833,24.18917,55.91833,Abu Dhabi,Malaqit,osm_admin_8,1062,0,357
r94c221,24.17917,55.92833,24.16917,55.91833,24.18917,55.93833,Abu Dhabi,Malaqit,osm_admin_8,1127,0,378
r95c53,24.15917,52.56833,24.14917,52.55833,24.16917,52.57833,Abu Dhabi,Al Dhannah City,osm_admin_8,3315,3315,1113
r95c54,24.15917,52.58833,24.14917,52.57833,24.16917,52.59833,Abu Dhabi,Al Dhannah City,osm_admin_8,908,494,305
r95c55,24.15917,52.60833,24.14917,52.59833,24.16917,52.61833,Abu Dhabi,Al Dhannah City,osm_admin_8,824,329,277
r95c56,24.15917,52.62833,24.14917,52.61833,24.16917,52.63833,Abu Dhabi,Al Dhannah City,osm_admin_8,692,26,232
r95c57,24.15917,52.64833,24.14917,52.63833,24.16917,52.65833,Abu Dhabi,Al Ruways Industrial City,osm_admin_8,580,0,195
r95c146,24.15917,54.42833,24.14917,54.41833,24.16917,54.43833,Abu Dhabi,Al Bihouth,osm_admin_8,1793,55,602
r95c171,24.15917,54.92833,24.14917,54.91833,24.16917,54.93833,Abu Dhabi,Mshayrif,osm_admin_8,539,0,181
r95c176,24.15917,55.02833,24.14917,55.01833,24.16917,55.03833,Abu Dhabi,Al Khatm,osm_admin_8,507,0,170
r95c177,24.15917,55.04833,24.14917,55.03833,24.16917,55.05833,Abu Dhabi,Al Khaznah,osm_admin_8,621,0,208
r95c179,24.15917,55.08833,24.14917,55.07833,24.16917,55.09833,Abu Dhabi,Al Khaznah,osm_admin_8,1088,0,365
r95c180,24.15917,55.10833,24.14917,55.09833,24.16917,55.11833,Abu Dhabi,Al Khaznah,osm_admin_8,2212,0,743
r95c181,24.15917,55.12833,24.14917,55.11833,24.16917,55.13833,Abu Dhabi,Al Khaznah,osm_admin_8,2150,0,722
r95c182,24.15917,55.14833,24.14917,55.13833,24.16917,55.15833,Abu Dhabi,Al Khaznah,osm_admin_8,753,0,253
r95c191,24.15917,55.32833,24.14917,55.31833,24.16917,55.33833,Abu Dhabi,Rimah,osm_admin_8,579,0,195
r95c192,24.15917,55.34833,24.14917,55.33833,24.16917,55.35833,Abu Dhabi,Rimah,osm_admin_8,1310,0,440
r95c193,24.15917,55.36833,24.14917,55.35833,24.16917,55.37833,Abu Dhabi,Rimah,osm_admin_8,1150,0,386
r95c194,24.15917,55.38833,24.14917,55.37833,24.16917,55.39833,Abu Dhabi,Rimah,osm_admin_8,1125,0,378
r95c195,24.15917,55.40833,24.14917,55.39833,24.16917,55.41833,Abu Dhabi,Rimah,osm_admin_8,669,0,225
r95c198,24.15917,55.46833,24.14917,55.45833,24.16917,55.47833,Abu Dhabi,Rimah,osm_admin_8,503,0,169
r95c199,24.15917,55.48833,24.14917,55.47833,24.16917,55.49833,Abu Dhabi,Al Salamat,osm_admin_8,710,0,238
r95c202,24.15917,55.54833,24.14917,55.53833,24.16917,55.55833,Abu Dhabi,Al Salamat,osm_admin_8,1129,0,379
r95c204,24.15917,55.58833,24.14917,55.57833,24.16917,55.59833,Abu Dhabi,Ghireebah,osm_admin_8,1212,0,407
r95c206,24.15917,55.62833,24.14917,55.61833,24.16917,55.63833,Abu Dhabi,Ghireebah,osm_admin_8,1753,6,588
r95c207,24.15917,55.64833,24.14917,55.63833,24.16917,55.65833,Abu Dhabi,Ghnaymah,osm_admin_8,5023,8,1686
r95c208,24.15917,55.66833,24.14917,55.65833,24.16917,55.67833,Abu Dhabi,Al Rawdah Al Sharqiyah,osm_admin_8,7029,0,2360
r95c209,24.15917,55.68833,24.14917,55.67833,24.16917,55.69833,Abu Dhabi,Zakhir,osm_admin_8,7108,0,2386
r95c210,24.15917,55.70833,24.14917,55.69833,24.16917,55.71833,Abu Dhabi,Zakhir,osm_admin_8,8752,0,2938
r95c211,24.15917,55.72833,24.14917,55.71833,24.16917,55.73833,Abu Dhabi,Shiab Al Ashkhar,osm_admin_8,4037,0,1355
r95c212,24.15917,55.74833,24.14917,55.73833,24.16917,55.75833,Abu Dhabi,Shiab Al Ashkhar,osm_admin_8,2216,0,744
r95c213,24.15917,55.76833,24.14917,55.75833,24.16917,55.77833,Abu Dhabi,Industrial Area,osm_admin_8,1015,0,341
r95c214,24.15917,55.78833,24.14917,55.77833,24.16917,55.79833,Abu Dhabi,Al Ruwaydat,osm_admin_8,4638,0,1557
r95c215,24.15917,55.80833,24.14917,55.79833,24.16917,55.81833,Abu Dhabi,Al Khirayr,osm_admin_8,3880,1095,1303
r95c216,24.15917,55.82833,24.14917,55.81833,24.16917,55.83833,Abu Dhabi,Al Khirayr,osm_admin_8,2924,1533,982
r95c217,24.15917,55.84833,24.14917,55.83833,24.16917,55.85833,Abu Dhabi,Al Aflaj,osm_admin_8,1810,246,608
r95c220,24.15917,55.90833,24.14917,55.89833,24.16917,55.91833,Abu Dhabi,Malaqit,osm_admin_8,1663,0,558
r95c221,24.15917,55.92833,24.14917,55.91833,24.16917,55.93833,Abu Dhabi,Sa',osm_admin_8,2990,0,1004
r95c222,24.15917,55.94833,24.14917,55.93833,24.16917,55.95833,Abu Dhabi,Sa',osm_admin_8,927,0,311
r96c6,24.13917,51.62833,24.12917,51.61833,24.14917,51.63833,Abu Dhabi,Al Ghuweifat,osm_admin_8,790,0,265
r96c59,24.13917,52.68833,24.12917,52.67833,24.14917,52.69833,Abu Dhabi,Al Ruways Industrial City,osm_admin_8,3574,3548,1200
r96c60,24.13917,52.70833,24.12917,52.69833,24.14917,52.71833,Abu Dhabi,Al Ruways Industrial City,osm_admin_8,2750,2745,923
r96c61,24.13917,52.72833,24.12917,52.71833,24.14917,52.73833,Abu Dhabi,Al Ruways Industrial City,osm_admin_8,5312,5309,1783
r96c62,24.13917,52.74833,24.12917,52.73833,24.14917,52.75833,Abu Dhabi,Al Ruways Industrial City,osm_admin_8,3161,3133,1061
r96c139,24.13917,54.28833,24.12917,54.27833,24.14917,54.29833,Abu Dhabi,Al Shinayin,osm_admin_8,648,568,218
r96c190,24.13917,55.30833,24.12917,55.29833,24.14917,55.31833,Abu Dhabi,Rimah,osm_admin_8,535,0,180
r96c191,24.13917,55.32833,24.12917,55.31833,24.14917,55.33833,Abu Dhabi,Rimah,osm_admin_8,888,12,298
r96c194,24.13917,55.38833,24.12917,55.37833,24.14917,55.39833,Abu Dhabi,Rimah,osm_admin_8,567,0,190
r96c195,24.13917,55.40833,24.12917,55.39833,24.14917,55.41833,Abu Dhabi,Rimah,osm_admin_8,640,13,215
r96c197,24.13917,55.44833,24.12917,55.43833,24.14917,55.45833,Abu Dhabi,Rimah,osm_admin_8,1269,7,426
r96c198,24.13917,55.46833,24.12917,55.45833,24.14917,55.47833,Abu Dhabi,Rimah,osm_admin_8,844,0,283
r96c199,24.13917,55.48833,24.12917,55.47833,24.14917,55.49833,Abu Dhabi,Al Rawdah,osm_admin_8,1466,0,492
r96c200,24.13917,55.50833,24.12917,55.49833,24.14917,55.51833,Abu Dhabi,Al Rawdah,osm_admin_8,1341,9,450
r96c202,24.13917,55.54833,24.12917,55.53833,24.14917,55.55833,Abu Dhabi,Ghireebah,osm_admin_8,3387,0,1137
r96c206,24.13917,55.62833,24.12917,55.61833,24.14917,55.63833,Abu Dhabi,Al Rawdah Al Sharqiyah,osm_admin_8,5451,0,1830
r96c207,24.13917,55.64833,24.12917,55.63833,24.14917,55.65833,Abu Dhabi,Al Rawdah Al Sharqiyah,osm_admin_8,4643,0,1559
r96c208,24.13917,55.66833,24.12917,55.65833,24.14917,55.67833,Abu Dhabi,Zakhir,osm_admin_8,786,0,264
r96c209,24.13917,55.68833,24.12917,55.67833,24.14917,55.69833,Abu Dhabi,Zakhir,osm_admin_8,8464,0,2842
r96c210,24.13917,55.70833,24.12917,55.69833,24.14917,55.71833,Abu Dhabi,Zakhir,osm_admin_8,9038,0,3034
r96c211,24.13917,55.72833,24.12917,55.71833,24.14917,55.73833,Abu Dhabi,Shiab Al Ashkhar,osm_admin_8,5239,0,1759
r96c212,24.13917,55.74833,24.12917,55.73833,24.14917,55.75833,Abu Dhabi,Industrial Area,osm_admin_8,775,0,260
r96c214,24.13917,55.78833,24.12917,55.77833,24.14917,55.79833,Abu Dhabi,Al Ruwaydat,osm_admin_8,3304,0,1109
r96c215,24.13917,55.80833,24.12917,55.79833,24.14917,55.81833,Abu Dhabi,Al Ruwaydat,osm_admin_8,1033,512,347
r96c216,24.13917,55.82833,24.12917,55.81833,24.14917,55.83833,Abu Dhabi,Al Khirayr,osm_admin_8,2945,2264,989
r96c217,24.13917,55.84833,24.12917,55.83833,24.14917,55.85833,Abu Dhabi,Al Khirayr,osm_admin_8,1236,729,415
r96c218,24.13917,55.86833,24.12917,55.85833,24.14917,55.87833,Abu Dhabi,Al Khirayr,osm_admin_8,564,0,189
r96c220,24.13917,55.90833,24.12917,55.89833,24.14917,55.91833,Abu Dhabi,Malaqit,osm_admin_8,1070,0,359
r96c221,24.13917,55.92833,24.12917,55.91833,24.14917,55.93833,Abu Dhabi,Malaqit,osm_admin_8,1339,0,450
r96c222,24.13917,55.94833,24.12917,55.93833,24.14917,55.95833,Abu Dhabi,Sa',osm_admin_8,1375,0,462
r97c5,24.11917,51.60833,24.10917,51.59833,24.12917,51.61833,Abu Dhabi,Al Ghuweifat,osm_admin_8,909,0,305
r97c6,24.11917,51.62833,24.10917,51.61833,24.12917,51.63833,Abu Dhabi,Al Ghuweifat,osm_admin_8,1264,0,424
r97c57,24.11917,52.64833,24.10917,52.63833,24.12917,52.65833,Abu Dhabi,Al Ruways Industrial City,osm_admin_8,3645,3523,1224
r97c58,24.11917,52.66833,24.10917,52.65833,24.12917,52.67833,Abu Dhabi,Al Ruways Industrial City,osm_admin_8,5355,5350,1798
r97c59,24.11917,52.68833,24.10917,52.67833,24.12917,52.69833,Abu Dhabi,Al Ruways Industrial City,osm_admin_8,6222,6028,2089
r97c60,24.11917,52.70833,24.10917,52.69833,24.12917,52.71833,Abu Dhabi,Al Ruways Industrial City,osm_admin_8,4595,4538,1543
r97c61,24.11917,52.72833,24.10917,52.71833,24.12917,52.73833,Abu Dhabi,Al Ruways Industrial City,osm_admin_8,7803,7803,2620
r97c62,24.11917,52.74833,24.10917,52.73833,24.12917,52.75833,Abu Dhabi,Al Ruways Industrial City,osm_admin_8,5362,5362,1800
r97c63,24.11917,52.76833,24.10917,52.75833,24.12917,52.77833,Abu Dhabi,Al Ruways Industrial City,osm_admin_8,3988,3983,1339
r97c96,24.11917,53.42833,24.10917,53.41833,24.12917,53.43833,Abu Dhabi,Al Marfa,osm_admin_8,1737,887,583
r97c97,24.11917,53.44833,24.10917,53.43833,24.12917,53.45833,Abu Dhabi,Al Marfa,osm_admin_8,3191,2389,1071
r97c179,24.11917,55.08833,24.10917,55.07833,24.12917,55.09833,Abu Dhabi,Mshayrif,osm_admin_8,733,0,246
r97c186,24.11917,55.22833,24.10917,55.21833,24.12917,55.23833,Abu Dhabi,Rimah,osm_admin_8,579,0,194
r97c187,24.11917,55.24833,24.10917,55.23833,24.12917,55.25833,Abu Dhabi,Rimah,osm_admin_8,779,0,262
r97c188,24.11917,55.26833,24.10917,55.25833,24.12917,55.27833,Abu Dhabi,Rimah,osm_admin_8,836,0,281
r97c189,24.11917,55.28833,24.10917,55.27833,24.12917,55.29833,Abu Dhabi,Rimah,osm_admin_8,687,0,231
r97c190,24.11917,55.30833,24.10917,55.29833,24.12917,55.31833,Abu Dhabi,Rimah,osm_admin_8,738,8,248
r97c194,24.11917,55.38833,24.10917,55.37833,24.12917,55.39833,Abu Dhabi,Rimah,osm_admin_8,1001,0,336
r97c204,24.11917,55.58833,24.10917,55.57833,24.12917,55.59833,Abu Dhabi,Ghnaymah,osm_admin_8,703,0,236
r97c205,24.11917,55.60833,24.10917,55.59833,24.12917,55.61833,Abu Dhabi,Al Qisees,osm_admin_8,1670,0,560
r97c208,24.11917,55.66833,24.10917,55.65833,24.12917,55.67833,Abu Dhabi,Zakhir,osm_admin_8,2317,0,778
r97c209,24.11917,55.68833,24.10917,55.67833,24.12917,55.69833,Abu Dhabi,Zakhir,osm_admin_8,6580,0,2209
r97c210,24.11917,55.70833,24.10917,55.69833,24.12917,55.71833,Abu Dhabi,Ni'mah,osm_admin_8,8891,0,2985
r97c211,24.11917,55.72833,24.10917,55.71833,24.12917,55.73833,Abu Dhabi,Shi'bat Al Wutah,osm_admin_8,3017,0,1013
r97c212,24.11917,55.74833,24.10917,55.73833,24.12917,55.75833,Abu Dhabi,Mbazzarah Al Khadra,osm_admin_8,3283,0,1102
r97c216,24.11917,55.82833,24.10917,55.81833,24.12917,55.83833,Abu Dhabi,Al Khirayr,osm_admin_8,2343,120,787
r97c217,24.11917,55.84833,24.10917,55.83833,24.12917,55.85833,Abu Dhabi,Al Khirayr,osm_admin_8,1856,0,623
r97c218,24.11917,55.86833,24.10917,55.85833,24.12917,55.87833,Abu Dhabi,Al Khirayr,osm_admin_8,578,0,194
r97c220,24.11917,55.90833,24.10917,55.89833,24.12917,55.91833,Abu Dhabi,Um Ghafah,osm_admin_8,546,0,183
r97c221,24.11917,55.92833,24.10917,55.91833,24.12917,55.93833,Abu Dhabi,Um Ghafah,osm_admin_8,555,0,186
r97c222,24.11917,55.94833,24.10917,55.93833,24.12917,55.95833,Abu Dhabi,Sa',osm_admin_8,1113,0,374
r97c223,24.11917,55.96833,24.10917,55.95833,24.12917,55.97833,Abu Dhabi,Sa',osm_admin_8,2167,0,728
r98c11,24.09917,51.72833,24.08917,51.71833,24.10917,51.73833,Abu Dhabi,Al Sila',osm_admin_8,661,0,222
r98c13,24.09917,51.76833,24.08917,51.75833,24.10917,51.77833,Abu Dhabi,Al Sila',osm_admin_8,748,0,251
r98c56,24.09917,52.62833,24.08917,52.61833,24.10917,52.63833,Abu Dhabi,Al Ruways Industrial City,osm_admin_8,903,0,303
r98c57,24.09917,52.64833,24.08917,52.63833,24.10917,52.65833,Abu Dhabi,Al Ruways Industrial City,osm_admin_8,3543,0,1190
r98c58,24.09917,52.66833,24.08917,52.65833,24.10917,52.67833,Abu Dhabi,Al Ruways Industrial City,osm_admin_8,2199,1698,738
r98c59,24.09917,52.68833,24.08917,52.67833,24.10917,52.69833,Abu Dhabi,Al Ruways Industrial City,osm_admin_8,3238,2390,1087
r98c61,24.09917,52.72833,24.08917,52.71833,24.10917,52.73833,Abu Dhabi,Al Ruways Industrial City,osm_admin_8,2132,794,716
r98c62,24.09917,52.74833,24.08917,52.73833,24.10917,52.75833,Abu Dhabi,Al Ruways Industrial City,osm_admin_8,3379,1868,1135
r98c63,24.09917,52.76833,24.08917,52.75833,24.10917,52.77833,Abu Dhabi,Al Ruways Industrial City,osm_admin_8,1447,1105,486
r98c72,24.09917,52.94833,24.08917,52.93833,24.10917,52.95833,Abu Dhabi,Baynounah,osm_admin_8,1633,0,548
r98c91,24.09917,53.32833,24.08917,53.31833,24.10917,53.33833,Abu Dhabi,Al Harmiyyah,osm_admin_8,859,0,288
r98c92,24.09917,53.34833,24.08917,53.33833,24.10917,53.35833,Abu Dhabi,Al Harmiyyah,osm_admin_8,703,0,236
r98c93,24.09917,53.36833,24.08917,53.35833,24.10917,53.37833,Abu Dhabi,Al Harmiyyah,osm_admin_8,538,0,180
r98c94,24.09917,53.38833,24.08917,53.37833,24.10917,53.39833,Abu Dhabi,Al Harmiyyah,osm_admin_8,730,0,245
r98c96,24.09917,53.42833,24.08917,53.41833,24.10917,53.43833,Abu Dhabi,Al Marfa,osm_admin_8,1272,631,427
r98c98,24.09917,53.46833,24.08917,53.45833,24.10917,53.47833,Abu Dhabi,Al Marfa,osm_admin_8,740,0,249
r98c99,24.09917,53.48833,24.08917,53.47833,24.10917,53.49833,Abu Dhabi,Al Marfa,osm_admin_8,3958,0,1329
r98c100,24.09917,53.50833,24.08917,53.49833,24.10917,53.51833,Abu Dhabi,Al Marfa,osm_admin_8,808,0,271
r98c181,24.09917,55.12833,24.08917,55.11833,24.10917,55.13833,Abu Dhabi,Al Khaznah,osm_admin_8,614,0,206
r98c187,24.09917,55.24833,24.08917,55.23833,24.10917,55.25833,Abu Dhabi,Rimah,osm_admin_8,809,0,272
r98c188,24.09917,55.26833,24.08917,55.25833,24.10917,55.27833,Abu Dhabi,Rimah,osm_admin_8,780,0,262
r98c189,24.09917,55.28833,24.08917,55.27833,24.10917,55.29833,Abu Dhabi,Rimah,osm_admin_8,744,0,250
r98c190,24.09917,55.30833,24.08917,55.29833,24.10917,55.31833,Abu Dhabi,Rimah,osm_admin_8,792,0,266
r98c191,24.09917,55.32833,24.08917,55.31833,24.10917,55.33833,Abu Dhabi,Rimah,osm_admin_8,731,0,245
r98c193,24.09917,55.36833,24.08917,55.35833,24.10917,55.37833,Abu Dhabi,Rimah,osm_admin_8,795,0,267
r98c194,24.09917,55.38833,24.08917,55.37833,24.10917,55.39833,Abu Dhabi,Rimah,osm_admin_8,944,0,317
r98c195,24.09917,55.40833,24.08917,55.39833,24.10917,55.41833,Abu Dhabi,Rimah,osm_admin_8,865,2,290
r98c200,24.09917,55.50833,24.08917,55.49833,24.10917,55.51833,Abu Dhabi,Al Rawdah,osm_admin_8,817,0,274
r98c205,24.09917,55.60833,24.08917,55.59833,24.10917,55.61833,Abu Dhabi,Al Qisees,osm_admin_8,671,0,225
r98c209,24.09917,55.68833,24.08917,55.67833,24.10917,55.69833,Abu Dhabi,Zakhir,osm_admin_8,3135,0,1052
r98c210,24.09917,55.70833,24.08917,55.69833,24.10917,55.71833,Abu Dhabi,Ain Al Faydah,osm_admin_8,7318,0,2457
r98c211,24.09917,55.72833,24.08917,55.71833,24.10917,55.73833,Abu Dhabi,Mbazzarah Al Khadra,osm_admin_8,3923,0,1317
r98c212,24.09917,55.74833,24.08917,55.73833,24.10917,55.75833,Abu Dhabi,Mbazzarah Al Khadra,osm_admin_8,3132,0,1051
r98c213,24.09917,55.76833,24.08917,55.75833,24.10917,55.77833,Abu Dhabi,Jabal Hafeet,osm_admin_8,767,0,258
r98c214,24.09917,55.78833,24.08917,55.77833,24.10917,55.79833,Abu Dhabi,Jabal Hafeet,osm_admin_8,574,0,193
r98c216,24.09917,55.82833,24.08917,55.81833,24.10917,55.83833,Abu Dhabi,Al Dhahir,osm_admin_8,4713,0,1582
r98c217,24.09917,55.84833,24.08917,55.83833,24.10917,55.85833,Abu Dhabi,Al Dhahir,osm_admin_8,7334,0,2462
r98c218,24.09917,55.86833,24.08917,55.85833,24.10917,55.87833,Abu Dhabi,Al Dhahir,osm_admin_8,1798,0,604
r98c219,24.09917,55.88833,24.08917,55.87833,24.10917,55.89833,Abu Dhabi,Um Ghafah,osm_admin_8,2859,0,960
r98c220,24.09917,55.90833,24.08917,55.89833,24.10917,55.91833,Abu Dhabi,Um Ghafah,osm_admin_8,6599,0,2215
r98c221,24.09917,55.92833,24.08917,55.91833,24.10917,55.93833,Abu Dhabi,Um Ghafah,osm_admin_8,4347,0,1459
r98c222,24.09917,55.94833,24.08917,55.93833,24.10917,55.95833,Abu Dhabi,Sa',osm_admin_8,1212,0,407
r98c223,24.09917,55.96833,24.08917,55.95833,24.10917,55.97833,Abu Dhabi,Sa',osm_admin_8,1608,0,540
r98c224,24.09917,55.98833,24.08917,55.97833,24.10917,55.99833,Abu Dhabi,Sa',osm_admin_8,722,0,242
r99c12,24.07917,51.74833,24.06917,51.73833,24.08917,51.75833,Abu Dhabi,Al Sila',osm_admin_8,2435,0,818
r99c13,24.07917,51.76833,24.06917,51.75833,24.08917,51.77833,Abu Dhabi,Al Sila',osm_admin_8,3470,12,1165
r99c56,24.07917,52.62833,24.06917,52.61833,24.08917,52.63833,Abu Dhabi,Al Ruways Industrial City,osm_admin_8,836,0,281
r99c57,24.07917,52.64833,24.06917,52.63833,24.08917,52.65833,Abu Dhabi,Al Ruways Industrial City,osm_admin_8,10261,0,3445
r99c58,24.07917,52.66833,24.06917,52.65833,24.08917,52.67833,Abu Dhabi,Al Ruways Industrial City,osm_admin_8,7907,0,2654
r99c59,24.07917,52.68833,24.06917,52.67833,24.08917,52.69833,Abu Dhabi,Al Ruways Industrial City,osm_admin_8,2785,0,935
r99c62,24.07917,52.74833,24.06917,52.73833,24.08917,52.75833,Abu Dhabi,Al Ruways Industrial City,osm_admin_8,2912,0,978
r99c63,24.07917,52.76833,24.06917,52.75833,24.08917,52.77833,Abu Dhabi,Al Ruways Industrial City,osm_admin_8,900,188,302
r99c98,24.07917,53.46833,24.06917,53.45833,24.08917,53.47833,Abu Dhabi,Al Marfa,osm_admin_8,2706,0,909
r99c99,24.07917,53.48833,24.06917,53.47833,24.08917,53.49833,Abu Dhabi,Al Marfa,osm_admin_8,1596,0,536
r99c100,24.07917,53.50833,24.06917,53.49833,24.08917,53.51833,Abu Dhabi,Al Marfa,osm_admin_8,1522,0,511
r99c102,24.07917,53.54833,24.06917,53.53833,24.08917,53.55833,Abu Dhabi,Al Marfa,osm_admin_8,605,0,203
r99c205,24.07917,55.60833,24.06917,55.59833,24.08917,55.61833,Abu Dhabi,Al Madeenah As Sina'iyah 3 Street,osm_admin_8,602,0,202
r99c206,24.07917,55.62833,24.06917,55.61833,24.08917,55.63833,Abu Dhabi,Al Madeenah As Sina'iyah 3 Street,osm_admin_8,887,389,298
r99c207,24.07917,55.64833,24.06917,55.63833,24.08917,55.65833,Abu Dhabi,Zakhir,osm_admin_8,2215,1486,744
r99c208,24.07917,55.66833,24.06917,55.65833,24.08917,55.67833,Abu Dhabi,Ain Al Faydah,osm_admin_8,2561,625,860
r99c209,24.07917,55.68833,24.06917,55.67833,24.08917,55.69833,Abu Dhabi,Ain Al Faydah,osm_admin_8,1063,0,357
r99c210,24.07917,55.70833,24.06917,55.69833,24.08917,55.71833,Abu Dhabi,Ain Al Faydah,osm_admin_8,1307,0,439
r99c211,24.07917,55.72833,24.06917,55.71833,24.08917,55.73833,Abu Dhabi,Mbazzarah Al Khadra,osm_admin_8,5204,0,1747
r99c212,24.07917,55.74833,24.06917,55.73833,24.08917,55.75833,Abu Dhabi,Jabal Hafeet,osm_admin_8,2377,0,798
r99c213,24.07917,55.76833,24.06917,55.75833,24.08917,55.77833,Abu Dhabi,Jabal Hafeet,osm_admin_8,537,26,180
r99c216,24.07917,55.82833,24.06917,55.81833,24.08917,55.83833,Abu Dhabi,Jabal Hafeet,osm_admin_8,3079,0,1034
r99c217,24.07917,55.84833,24.06917,55.83833,24.08917,55.85833,Abu Dhabi,Al Dhahir,osm_admin_8,8415,0,2825
r99c218,24.07917,55.86833,24.06917,55.85833,24.08917,55.87833,Abu Dhabi,Al Dhahir,osm_admin_8,6555,0,2201
r99c220,24.07917,55.90833,24.06917,55.89833,24.08917,55.91833,Abu Dhabi,Um Ghafah,osm_admin_8,1983,0,666
r99c221,24.07917,55.92833,24.06917,55.91833,24.08917,55.93833,Abu Dhabi,Um Ghafah,osm_admin_8,2433,0,817
r99c222,24.07917,55.94833,24.06917,55.93833,24.08917,55.95833,Abu Dhabi,Um Ghafah,osm_admin_8,1142,0,383
r99c225,24.07917,56.00833,24.06917,55.99833,24.08917,56.01833,Abu Dhabi,Sa',osm_admin_8,643,0,216
r100c12,24.05917,51.74833,24.04917,51.73833,24.06917,51.75833,Abu Dhabi,Al Sila',osm_admin_8,3352,0,1125
r100c13,24.05917,51.76833,24.04917,51.75833,24.06917,51.77833,Abu Dhabi,Al Sila',osm_admin_8,2897,462,973
r100c47,24.05917,52.44833,24.04917,52.43833,24.06917,52.45833,Abu Dhabi,Al Hamra,osm_admin_8,1980,0,665
r100c57,24.05917,52.64833,24.04917,52.63833,24.06917,52.65833,Abu Dhabi,Al Ruways Industrial City,osm_admin_8,2273,0,763
r100c58,24.05917,52.66833,24.04917,52.65833,24.06917,52.67833,Abu Dhabi,Al Ruways Industrial City,osm_admin_8,1748,0,587
r100c62,24.05917,52.74833,24.04917,52.73833,24.06917,52.75833,Abu Dhabi,Al Ruways Industrial City,osm_admin_8,1493,0,501
r100c63,24.05917,52.76833,24.04917,52.75833,24.06917,52.77833,Abu Dhabi,Al Ruways Industrial City,osm_admin_8,588,74,198
r100c91,24.05917,53.32833,24.04917,53.31833,24.06917,53.33833,Abu Dhabi,Al Hadwaniyyah,osm_admin_8,1127,617,378
r100c94,24.05917,53.38833,24.04917,53.37833,24.06917,53.39833,Abu Dhabi,Al Hadwaniyyah,osm_admin_8,685,0,230
r100c95,24.05917,53.40833,24.04917,53.39833,24.06917,53.41833,Abu Dhabi,Al Hadwaniyyah,osm_admin_8,674,0,226
r100c96,24.05917,53.42833,24.04917,53.41833,24.06917,53.43833,Abu Dhabi,Al Hadwaniyyah,osm_admin_8,881,120,296
r100c97,24.05917,53.44833,24.04917,53.43833,24.06917,53.45833,Abu Dhabi,Al Marfa,osm_admin_8,2278,510,765
r100c98,24.05917,53.46833,24.04917,53.45833,24.06917,53.47833,Abu Dhabi,Al Marfa,osm_admin_8,3370,289,1131
r100c113,24.05917,53.76833,24.04917,53.75833,24.06917,53.77833,Abu Dhabi,Tarif,osm_admin_8,663,0,222
r100c141,24.05917,54.32833,24.04917,54.31833,24.06917,54.33833,Abu Dhabi,Al Shinayin,osm_admin_8,1146,362,385
r100c201,24.05917,55.52833,24.04917,55.51833,24.06917,55.53833,Abu Dhabi,Al Rawdah,osm_admin_8,563,0,189
r100c202,24.05917,55.54833,24.04917,55.53833,24.06917,55.55833,Abu Dhabi,Al Rawdah,osm_admin_8,1337,0,449
r100c203,24.05917,55.56833,24.04917,55.55833,24.06917,55.57833,Abu Dhabi,Al Rawdah,osm_admin_8,645,0,217
r100c206,24.05917,55.62833,24.04917,55.61833,24.06917,55.63833,Abu Dhabi,Al Madeenah As Sina'iyah 3 Street,osm_admin_8,4398,2978,1476
r100c207,24.05917,55.64833,24.04917,55.63833,24.06917,55.65833,Abu Dhabi,Al Madeenah As Sina'iyah 3 Street,osm_admin_8,1623,171,545
r100c211,24.05917,55.72833,24.04917,55.71833,24.06917,55.73833,Abu Dhabi,Mbazzarah Al Khadra,osm_admin_8,2269,0,762
r100c212,24.05917,55.74833,24.04917,55.73833,24.06917,55.75833,Abu Dhabi,Mbazzarah Al Khadra,osm_admin_8,1845,0,619
r100c216,24.05917,55.82833,24.04917,55.81833,24.06917,55.83833,Abu Dhabi,Jabal Hafeet,osm_admin_8,737,0,248
r100c217,24.05917,55.84833,24.04917,55.83833,24.06917,55.85833,Abu Dhabi,Mazyad,osm_admin_8,6863,0,2304
r100c218,24.05917,55.86833,24.04917,55.85833,24.06917,55.87833,Abu Dhabi,Mazyad,osm_admin_8,1201,0,403
r100c219,24.05917,55.88833,24.04917,55.87833,24.06917,55.89833,Abu Dhabi,Mazyad,osm_admin_8,741,0,249
r100c222,24.05917,55.94833,24.04917,55.93833,24.06917,55.95833,Abu Dhabi,Um Ghafah,osm_admin_8,742,0,249
r101c13,24.03917,51.76833,24.02917,51.75833,24.04917,51.77833,Abu Dhabi,Al Sila',osm_admin_8,1322,60,444
r101c45,24.03917,52.40833,24.02917,52.39833,24.04917,52.41833,Abu Dhabi,Al Hamra,osm_admin_8,1415,0,475
r101c47,24.03917,52.44833,24.02917,52.43833,24.04917,52.45833,Abu Dhabi,Al Hamra,osm_admin_8,589,0,198
r101c62,24.03917,52.74833,24.02917,52.73833,24.04917,52.75833,Abu Dhabi,Ghiyathi,osm_admin_8,3698,0,1241
r101c63,24.03917,52.76833,24.02917,52.75833,24.04917,52.77833,Abu Dhabi,Ghiyathi,osm_admin_8,2623,0,881
r101c98,24.03917,53.46833,24.02917,53.45833,24.04917,53.47833,Abu Dhabi,Al Taf Al Gharbi,osm_admin_8,815,63,274
r101c198,24.03917,55.46833,24.02917,55.45833,24.04917,55.47833,Abu Dhabi,Rimah,osm_admin_8,827,0,278
r101c203,24.03917,55.56833,24.02917,55.55833,24.04917,55.57833,Abu Dhabi,Al Madeenah As Sina'iyah 3 Street,osm_admin_8,1208,1159,406
r101c204,24.03917,55.58833,24.02917,55.57833,24.04917,55.59833,Abu Dhabi,Al Madeenah As Sina'iyah 3 Street,osm_admin_8,2084,1470,700
r101c205,24.03917,55.60833,24.02917,55.59833,24.04917,55.61833,Abu Dhabi,Al Madeenah As Sina'iyah 3 Street,osm_admin_8,2153,518,723
r101c206,24.03917,55.62833,24.02917,55.61833,24.04917,55.63833,Abu Dhabi,Al Dhahrah,osm_admin_8,1233,0,414
r101c207,24.03917,55.64833,24.02917,55.63833,24.04917,55.65833,Abu Dhabi,Al Dhahrah,osm_admin_8,966,0,324
r101c208,24.03917,55.66833,24.02917,55.65833,24.04917,55.67833,Abu Dhabi,Ain Al Faydah,osm_admin_8,814,0,273
r101c209,24.03917,55.68833,24.02917,55.67833,24.04917,55.69833,Abu Dhabi,Abu Dhabi,emirate,778,0,261
r101c217,24.03917,55.84833,24.02917,55.83833,24.04917,55.85833,Abu Dhabi,Mazyad,osm_admin_8,6992,0,2347
r101c218,24.03917,55.86833,24.02917,55.85833,24.04917,55.87833,Abu Dhabi,Mazyad,osm_admin_8,1666,0,559
r101c219,24.03917,55.88833,24.02917,55.87833,24.04917,55.89833,Abu Dhabi,Mazyad,osm_place,512,0,172
r102c13,24.01917,51.76833,24.00917,51.75833,24.02917,51.77833,Abu Dhabi,Al Sila',osm_admin_8,1467,0,492
r102c62,24.01917,52.74833,24.00917,52.73833,24.02917,52.75833,Abu Dhabi,Ghiyathi,osm_admin_8,1280,0,430
r102c63,24.01917,52.76833,24.00917,52.75833,24.02917,52.77833,Abu Dhabi,Ghiyathi,osm_admin_8,1707,0,573
r102c64,24.01917,52.78833,24.00917,52.77833,24.02917,52.79833,Abu Dhabi,Ghiyathi,osm_admin_8,529,0,178
r102c200,24.01917,55.50833,24.00917,55.49833,24.02917,55.51833,Abu Dhabi,Al Madeenah As Sina'iyah 3 Street,osm_admin_8,885,674,297
r102c201,24.01917,55.52833,24.00917,55.51833,24.02917,55.53833,Abu Dhabi,Al Madeenah As Sina'iyah 3 Street,osm_admin_8,573,531,192
r102c202,24.01917,55.54833,24.00917,55.53833,24.02917,55.55833,Abu Dhabi,Al Madeenah As Sina'iyah 3 Street,osm_admin_8,650,93,218
r102c203,24.01917,55.56833,24.00917,55.55833,24.02917,55.57833,Abu Dhabi,Al Dhahrah,osm_admin_8,993,405,333
r102c204,24.01917,55.58833,24.00917,55.57833,24.02917,55.59833,Abu Dhabi,Al Dhahrah,osm_admin_8,542,63,182
r102c205,24.01917,55.60833,24.00917,55.59833,24.02917,55.61833,Abu Dhabi,Al Dhahrah,osm_admin_8,754,0,253
r102c206,24.01917,55.62833,24.00917,55.61833,24.02917,55.63833,Abu Dhabi,Al Dhahrah,osm_admin_8,1012,0,340
r102c207,24.01917,55.64833,24.00917,55.63833,24.02917,55.65833,Abu Dhabi,Abu Dhabi,emirate,671,0,225
r102c216,24.01917,55.82833,24.00917,55.81833,24.02917,55.83833,Abu Dhabi,Jabal Hafeet,osm_admin_8,583,0,196
r102c217,24.01917,55.84833,24.00917,55.83833,24.02917,55.85833,Abu Dhabi,Abu Dhabi,emirate,1243,0,417
r103c111,23.99917,53.72833,23.98917,53.71833,24.00917,53.73833,Abu Dhabi,Al Taf Al Gharbi,osm_admin_8,1650,266,554
r103c112,23.99917,53.74833,23.98917,53.73833,24.00917,53.75833,Abu Dhabi,Tarif,osm_admin_8,857,204,288
r103c196,23.99917,55.42833,23.98917,55.41833,24.00917,55.43833,Abu Dhabi,Al Madeenah As Sina'iyah 3 Street,osm_admin_8,1273,838,427
r103c197,23.99917,55.44833,23.98917,55.43833,24.00917,55.45833,Abu Dhabi,Al Madeenah As Sina'iyah 3 Street,osm_admin_8,1062,836,356
r103c202,23.99917,55.54833,23.98917,55.53833,24.00917,55.55833,Abu Dhabi,Al Dhahrah,osm_admin_8,633,0,213
r103c203,23.99917,55.56833,23.98917,55.55833,24.00917,55.57833,Abu Dhabi,Al Dhahrah,osm_admin_8,2087,0,701
r103c204,23.99917,55.58833,23.98917,55.57833,24.00917,55.59833,Abu Dhabi,Al Dhahrah,osm_admin_8,871,0,292
r104c37,23.97917,52.24833,23.96917,52.23833,23.98917,52.25833,Abu Dhabi,Barakah,osm_admin_8,814,0,273
r104c38,23.97917,52.26833,23.96917,52.25833,23.98917,52.27833,Abu Dhabi,Barakah,osm_admin_8,1379,121,463
r104c201,23.97917,55.52833,23.96917,55.51833,23.98917,55.53833,Abu Dhabi,Al Dhahrah,osm_admin_8,905,0,304
r104c202,23.97917,55.54833,23.96917,55.53833,23.98917,55.55833,Abu Dhabi,Al Dhahrah,osm_admin_8,520,0,175
r105c36,23.95917,52.22833,23.94917,52.21833,23.96917,52.23833,Abu Dhabi,Barakah,osm_admin_8,2147,0,721
r105c37,23.95917,52.24833,23.94917,52.23833,23.96917,52.25833,Abu Dhabi,Sabkhat Matti,osm_admin_8,884,0,297
r105c64,23.95917,52.78833,23.94917,52.77833,23.96917,52.79833,Abu Dhabi,Ghiyathi,osm_admin_8,585,0,196
r105c198,23.95917,55.46833,23.94917,55.45833,23.96917,55.47833,Abu Dhabi,Al Dhahrah,osm_admin_8,652,0,219
r105c199,23.95917,55.48833,23.94917,55.47833,23.96917,55.49833,Abu Dhabi,Al Dhahrah,osm_admin_8,687,0,231
r106c63,23.93917,52.76833,23.92917,52.75833,23.94917,52.77833,Abu Dhabi,Ghiyathi,osm_admin_8,506,0,170
r106c64,23.93917,52.78833,23.92917,52.77833,23.94917,52.79833,Abu Dhabi,Ghiyathi,osm_admin_8,520,0,174
r106c196,23.93917,55.42833,23.92917,55.41833,23.94917,55.43833,Abu Dhabi,Bu Kirayyah,osm_admin_8,709,0,238
r107c64,23.91917,52.78833,23.90917,52.77833,23.92917,52.79833,Abu Dhabi,Ghiyathi,osm_admin_8,1453,0,488
r107c65,23.91917,52.80833,23.90917,52.79833,23.92917,52.81833,Abu Dhabi,Ghiyathi,osm_admin_8,1186,0,398
r107c110,23.91917,53.70833,23.90917,53.69833,23.92917,53.71833,Abu Dhabi,Habshan,osm_admin_8,4454,4110,1495
r107c111,23.91917,53.72833,23.90917,53.71833,23.92917,53.73833,Abu Dhabi,Habshan,osm_admin_8,1636,1313,549
r107c193,23.91917,55.36833,23.90917,55.35833,23.92917,55.37833,Abu Dhabi,Bu Kirayyah,osm_admin_8,712,0,239
r107c194,23.91917,55.38833,23.90917,55.37833,23.92917,55.39833,Abu Dhabi,Bu Kirayyah,osm_admin_8,666,0,224
r107c195,23.91917,55.40833,23.90917,55.39833,23.92917,55.41833,Abu Dhabi,Bu Kirayyah,osm_admin_8,561,0,188
r107c196,23.91917,55.42833,23.90917,55.41833,23.92917,55.43833,Abu Dhabi,Bu Kirayyah,osm_admin_8,505,0,170
r108c64,23.89917,52.78833,23.88917,52.77833,23.90917,52.79833,Abu Dhabi,Ghiyathi,osm_admin_8,1983,0,666
r108c65,23.89917,52.80833,23.88917,52.79833,23.90917,52.81833,Abu Dhabi,Ghiyathi,osm_admin_8,1722,0,578
r108c110,23.89917,53.70833,23.88917,53.69833,23.90917,53.71833,Abu Dhabi,Habshan,osm_admin_8,1470,1070,494
r108c111,23.89917,53.72833,23.88917,53.71833,23.90917,53.73833,Abu Dhabi,Habshan,osm_admin_8,561,20,188
r108c193,23.89917,55.36833,23.88917,55.35833,23.90917,55.37833,Abu Dhabi,Bu Kirayyah,osm_admin_8,599,0,201
r108c194,23.89917,55.38833,23.88917,55.37833,23.90917,55.39833,Abu Dhabi,Bu Kirayyah,osm_admin_8,720,0,242
r108c195,23.89917,55.40833,23.88917,55.39833,23.90917,55.41833,Abu Dhabi,Bu Kirayyah,osm_admin_8,884,0,297
r109c64,23.87917,52.78833,23.86917,52.77833,23.88917,52.79833,Abu Dhabi,Ghiyathi,osm_admin_8,922,0,309
r109c65,23.87917,52.80833,23.86917,52.79833,23.88917,52.81833,Abu Dhabi,Ghiyathi,osm_admin_8,1326,0,445
r109c116,23.87917,53.82833,23.86917,53.81833,23.88917,53.83833,Abu Dhabi,Habshan,osm_admin_8,1365,0,458
r109c117,23.87917,53.84833,23.86917,53.83833,23.88917,53.85833,Abu Dhabi,Habshan,osm_admin_8,564,0,189
r109c194,23.87917,55.38833,23.86917,55.37833,23.88917,55.39833,Abu Dhabi,Bu Kirayyah,osm_admin_8,767,68,257
r109c195,23.87917,55.40833,23.86917,55.39833,23.88917,55.41833,Abu Dhabi,Al 'Arad,osm_admin_8,1356,0,455
r110c64,23.85917,52.78833,23.84917,52.77833,23.86917,52.79833,Abu Dhabi,Ghiyathi,osm_admin_8,754,0,253
r110c65,23.85917,52.80833,23.84917,52.79833,23.86917,52.81833,Abu Dhabi,Ghiyathi,osm_admin_8,2390,0,802
r110c106,23.85917,53.62833,23.84917,53.61833,23.86917,53.63833,Abu Dhabi,Habshan,osm_admin_8,1718,226,577
r110c107,23.85917,53.64833,23.84917,53.63833,23.86917,53.65833,Abu Dhabi,Habshan,osm_admin_8,2127,998,714
r110c200,23.85917,55.50833,23.84917,55.49833,23.86917,55.51833,Abu Dhabi,Al 'Arad,osm_admin_8,719,0,241
r110c201,23.85917,55.52833,23.84917,55.51833,23.86917,55.53833,Abu Dhabi,Al 'Arad,osm_admin_8,1207,0,405
r111c65,23.83917,52.80833,23.82917,52.79833,23.84917,52.81833,Abu Dhabi,Ghiyathi,osm_admin_8,5185,0,1741
r111c66,23.83917,52.82833,23.82917,52.81833,23.84917,52.83833,Abu Dhabi,Ghiyathi,osm_admin_8,693,0,233
r111c105,23.83917,53.60833,23.82917,53.59833,23.84917,53.61833,Abu Dhabi,Habshan,osm_admin_8,1553,651,521
r111c106,23.83917,53.62833,23.82917,53.61833,23.84917,53.63833,Abu Dhabi,Habshan,osm_admin_8,1966,566,660
r111c107,23.83917,53.64833,23.82917,53.63833,23.84917,53.65833,Abu Dhabi,Habshan,osm_admin_8,6924,5375,2324
r111c108,23.83917,53.66833,23.82917,53.65833,23.84917,53.67833,Abu Dhabi,Habshan,osm_admin_8,674,334,226
r111c197,23.83917,55.44833,23.82917,55.43833,23.84917,55.45833,Abu Dhabi,Al 'Arad,osm_admin_8,611,0,205
r111c198,23.83917,55.46833,23.82917,55.45833,23.84917,55.47833,Abu Dhabi,Al 'Arad,osm_admin_8,877,0,294
r111c200,23.83917,55.50833,23.82917,55.49833,23.84917,55.51833,Abu Dhabi,Al 'Arad,osm_admin_8,661,0,222
r111c201,23.83917,55.52833,23.82917,55.51833,23.84917,55.53833,Abu Dhabi,Al 'Arad,osm_admin_8,765,0,257
r112c65,23.81917,52.80833,23.80917,52.79833,23.82917,52.81833,Abu Dhabi,Ghiyathi,osm_admin_8,2684,0,901
r112c66,23.81917,52.82833,23.80917,52.81833,23.82917,52.83833,Abu Dhabi,Ghiyathi,osm_admin_8,1094,0,367
r112c105,23.81917,53.60833,23.80917,53.59833,23.82917,53.61833,Abu Dhabi,Habshan,osm_admin_8,815,106,273
r112c106,23.81917,53.62833,23.80917,53.61833,23.82917,53.63833,Abu Dhabi,Habshan,osm_admin_8,1591,1082,534
r112c198,23.81917,55.46833,23.80917,55.45833,23.82917,55.47833,Abu Dhabi,Al 'Arad,osm_admin_8,523,0,175
r112c200,23.81917,55.50833,23.80917,55.49833,23.82917,55.51833,Abu Dhabi,Al 'Arad,osm_admin_8,692,0,232
r112c201,23.81917,55.52833,23.80917,55.51833,23.82917,55.53833,Abu Dhabi,Al 'Arad,osm_admin_8,699,0,235
r113c54,23.79917,52.58833,23.78917,52.57833,23.80917,52.59833,Abu Dhabi,Bad' Al Mutaw'ah,osm_admin_8,659,0,221
r114c53,23.77917,52.56833,23.76917,52.55833,23.78917,52.57833,Abu Dhabi,Bad' Al Mutaw'ah,osm_admin_8,1775,0,596
r114c102,23.77917,53.54833,23.76917,53.53833,23.78917,53.55833,Abu Dhabi,Habshan,osm_admin_8,792,207,266
r114c103,23.77917,53.56833,23.76917,53.55833,23.78917,53.57833,Abu Dhabi,Habshan,osm_admin_8,1045,59,351
r114c114,23.77917,53.78833,23.76917,53.77833,23.78917,53.79833,Abu Dhabi,Bilji'an,osm_admin_8,578,383,194
r115c102,23.75917,53.54833,23.74917,53.53833,23.76917,53.55833,Abu Dhabi,Habshan,osm_admin_8,1502,0,504
r116c69,23.73917,52.88833,23.72917,52.87833,23.74917,52.89833,Abu Dhabi,Ghiyathi,osm_admin_8,645,0,217
r116c100,23.73917,53.50833,23.72917,53.49833,23.74917,53.51833,Abu Dhabi,Habshan,osm_admin_8,1735,272,582
r116c101,23.73917,53.52833,23.72917,53.51833,23.74917,53.53833,Abu Dhabi,Habshan,osm_admin_8,3538,0,1188
r117c68,23.71917,52.86833,23.70917,52.85833,23.72917,52.87833,Abu Dhabi,Yaw Al Nadhrah,osm_admin_8,1261,0,423
r117c100,23.71917,53.50833,23.70917,53.49833,23.72917,53.51833,Abu Dhabi,Habshan,osm_admin_8,1337,463,449
r118c70,23.69917,52.90833,23.68917,52.89833,23.70917,52.91833,Abu Dhabi,Ghiyathi,osm_admin_8,613,0,206
r118c109,23.69917,53.68833,23.68917,53.67833,23.70917,53.69833,Abu Dhabi,Zayed City,osm_admin_8,1130,90,379
r119c106,23.67917,53.62833,23.66917,53.61833,23.68917,53.63833,Abu Dhabi,Habshan,osm_admin_8,534,0,179
r119c109,23.67917,53.68833,23.66917,53.67833,23.68917,53.69833,Abu Dhabi,Zayed City,osm_admin_8,2037,0,684
r119c110,23.67917,53.70833,23.66917,53.69833,23.68917,53.71833,Abu Dhabi,Zayed City,osm_admin_8,2522,0,847
r119c111,23.67917,53.72833,23.66917,53.71833,23.68917,53.73833,Abu Dhabi,Zayed City,osm_admin_8,710,0,239
r119c112,23.67917,53.74833,23.66917,53.73833,23.68917,53.75833,Abu Dhabi,Zayed City,osm_admin_8,925,0,311
r120c105,23.65917,53.60833,23.64917,53.59833,23.66917,53.61833,Abu Dhabi,Zayed City,osm_admin_8,695,0,233
r120c106,23.65917,53.62833,23.64917,53.61833,23.66917,53.63833,Abu Dhabi,Zayed City,osm_admin_8,3073,29,1032
r120c107,23.65917,53.64833,23.64917,53.63833,23.66917,53.65833,Abu Dhabi,Zayed City,osm_admin_8,2005,0,673
r120c108,23.65917,53.66833,23.64917,53.65833,23.66917,53.67833,Abu Dhabi,Zayed City,osm_admin_8,2864,0,962
r120c109,23.65917,53.68833,23.64917,53.67833,23.66917,53.69833,Abu Dhabi,Zayed City,osm_admin_8,5140,0,1726
r120c110,23.65917,53.70833,23.64917,53.69833,23.66917,53.71833,Abu Dhabi,Zayed City,osm_admin_8,6820,0,2290
r120c111,23.65917,53.72833,23.64917,53.71833,23.66917,53.73833,Abu Dhabi,Zayed City,osm_admin_8,6859,0,2303
r120c112,23.65917,53.74833,23.64917,53.73833,23.66917,53.75833,Abu Dhabi,Zayed City,osm_admin_8,2378,0,798
r120c114,23.65917,53.78833,23.64917,53.77833,23.66917,53.79833,Abu Dhabi,Al Bday'ah,osm_admin_8,570,32,191
r120c115,23.65917,53.80833,23.64917,53.79833,23.66917,53.81833,Abu Dhabi,Al Bday'ah,osm_admin_8,1354,0,455
r120c117,23.65917,53.84833,23.64917,53.83833,23.66917,53.85833,Abu Dhabi,Al Bday'ah,osm_admin_8,553,0,185
r120c142,23.65917,54.34833,23.64917,54.33833,23.66917,54.35833,Abu Dhabi,Al Zarraf,osm_admin_8,540,198,181
r120c203,23.65917,55.56833,23.64917,55.55833,23.66917,55.57833,Abu Dhabi,Al Wiqan,osm_admin_8,802,0,269
r121c106,23.63917,53.62833,23.62917,53.61833,23.64917,53.63833,Abu Dhabi,Zayed City,osm_admin_8,1622,43,545
r121c107,23.63917,53.64833,23.62917,53.63833,23.64917,53.65833,Abu Dhabi,Zayed City,osm_admin_8,702,0,236
r121c108,23.63917,53.66833,23.62917,53.65833,23.64917,53.67833,Abu Dhabi,Zayed City,osm_admin_8,1109,0,372
r121c109,23.63917,53.68833,23.62917,53.67833,23.64917,53.69833,Abu Dhabi,Zayed City,osm_admin_8,4225,0,1418
r121c110,23.63917,53.70833,23.62917,53.69833,23.64917,53.71833,Abu Dhabi,Zayed City,osm_admin_8,8553,0,2872
r121c111,23.63917,53.72833,23.62917,53.71833,23.64917,53.73833,Abu Dhabi,Zayed City,osm_admin_8,3234,0,1086
r121c112,23.63917,53.74833,23.62917,53.73833,23.64917,53.75833,Abu Dhabi,Zayed City,osm_admin_8,670,0,225
r121c115,23.63917,53.80833,23.62917,53.79833,23.64917,53.81833,Abu Dhabi,Al Bday'ah,osm_admin_8,829,0,278
r121c116,23.63917,53.82833,23.62917,53.81833,23.64917,53.83833,Abu Dhabi,Al Bday'ah,osm_admin_8,550,0,185
r121c201,23.63917,55.52833,23.62917,55.51833,23.64917,55.53833,Abu Dhabi,Al Wiqan,osm_admin_8,633,0,213
r121c202,23.63917,55.54833,23.62917,55.53833,23.64917,55.55833,Abu Dhabi,Al Wiqan,osm_admin_8,2331,0,783
r121c203,23.63917,55.56833,23.62917,55.55833,23.64917,55.57833,Abu Dhabi,Al Wiqan,osm_admin_8,2030,0,682
r122c109,23.61917,53.68833,23.60917,53.67833,23.62917,53.69833,Abu Dhabi,Zayed City,osm_admin_8,1158,0,389
r122c110,23.61917,53.70833,23.60917,53.69833,23.62917,53.71833,Abu Dhabi,Zayed City,osm_admin_8,5682,0,1908
r122c111,23.61917,53.72833,23.60917,53.71833,23.62917,53.73833,Abu Dhabi,Zayed City,osm_admin_8,1235,0,415
r122c200,23.61917,55.50833,23.60917,55.49833,23.62917,55.51833,Abu Dhabi,Al Wiqan,osm_admin_8,685,0,230
r122c201,23.61917,55.52833,23.60917,55.51833,23.62917,55.53833,Abu Dhabi,Al Wiqan,osm_admin_8,680,0,228
r122c202,23.61917,55.54833,23.60917,55.53833,23.62917,55.55833,Abu Dhabi,Al Wiqan,osm_admin_8,810,0,272
r122c203,23.61917,55.56833,23.60917,55.55833,23.62917,55.57833,Abu Dhabi,Abu Dhabi,emirate,765,0,257
r123c94,23.59917,53.38833,23.58917,53.37833,23.60917,53.39833,Abu Dhabi,Bu Hasa,osm_admin_8,519,0,174
r123c110,23.59917,53.70833,23.58917,53.69833,23.60917,53.71833,Abu Dhabi,Zayed City,osm_admin_8,2304,0,773
r123c201,23.59917,55.52833,23.58917,55.51833,23.60917,55.53833,Abu Dhabi,Al Wiqan,osm_admin_8,714,0,240
r123c202,23.59917,55.54833,23.58917,55.53833,23.60917,55.55833,Abu Dhabi,Al Wiqan,osm_admin_8,546,0,183
r124c110,23.57917,53.70833,23.56917,53.69833,23.58917,53.71833,Abu Dhabi,Zayed City,osm_admin_8,1618,0,543
r124c111,23.57917,53.72833,23.56917,53.71833,23.58917,53.73833,Abu Dhabi,Zayed City,osm_admin_8,2026,0,680
r124c198,23.57917,55.46833,23.56917,55.45833,23.58917,55.47833,Abu Dhabi,Al Wiqan,osm_admin_8,676,0,227
r124c201,23.57917,55.52833,23.56917,55.51833,23.58917,55.53833,Abu Dhabi,Al Wiqan,osm_admin_8,894,0,300
r125c90,23.55917,53.30833,23.54917,53.29833,23.56917,53.31833,Abu Dhabi,Bu Hasa,osm_admin_8,1221,90,410
r125c110,23.55917,53.70833,23.54917,53.69833,23.56917,53.71833,Abu Dhabi,Zayed City,osm_admin_8,1121,0,376
r125c111,23.55917,53.72833,23.54917,53.71833,23.56917,53.73833,Abu Dhabi,Zayed City,osm_admin_8,838,0,281
r125c112,23.55917,53.74833,23.54917,53.73833,23.56917,53.75833,Abu Dhabi,Zayed City,osm_admin_8,1442,0,484
r125c113,23.55917,53.76833,23.54917,53.75833,23.56917,53.77833,Abu Dhabi,Zayed City,osm_admin_8,1252,0,420
r126c89,23.53917,53.28833,23.52917,53.27833,23.54917,53.29833,Abu Dhabi,Bu Hasa,osm_admin_8,1153,377,387
r126c90,23.53917,53.30833,23.52917,53.29833,23.54917,53.31833,Abu Dhabi,Bu Hasa,osm_admin_8,1108,321,372
r126c112,23.53917,53.74833,23.52917,53.73833,23.54917,53.75833,Abu Dhabi,Zayed City,osm_admin_8,663,0,222
r126c113,23.53917,53.76833,23.52917,53.75833,23.54917,53.77833,Abu Dhabi,Zayed City,osm_admin_8,1438,0,483
r128c197,23.49917,55.44833,23.48917,55.43833,23.50917,55.45833,Abu Dhabi,Al Qou',osm_admin_8,831,0,279
r129c197,23.47917,55.44833,23.46917,55.43833,23.48917,55.45833,Abu Dhabi,Al Qou',osm_admin_8,554,0,186
r130c195,23.45917,55.40833,23.44917,55.39833,23.46917,55.41833,Abu Dhabi,Al Qou',osm_admin_8,668,0,224
r130c196,23.45917,55.42833,23.44917,55.41833,23.46917,55.43833,Abu Dhabi,Al Qou',osm_admin_8,960,0,322
r131c196,23.43917,55.42833,23.42917,55.41833,23.44917,55.43833,Abu Dhabi,Al Qou',osm_admin_8,1456,0,489
r132c195,23.41917,55.40833,23.40917,55.39833,23.42917,55.41833,Abu Dhabi,Al Qou',osm_admin_8,2229,0,748
r132c196,23.41917,55.42833,23.40917,55.41833,23.42917,55.43833,Abu Dhabi,Al Qou',osm_admin_8,3878,0,1302
r133c194,23.39917,55.38833,23.38917,55.37833,23.40917,55.39833,Abu Dhabi,Al Qou',osm_admin_8,620,0,208
r133c195,23.39917,55.40833,23.38917,55.39833,23.40917,55.41833,Abu Dhabi,Al Qou',osm_admin_8,2722,0,914
r133c196,23.39917,55.42833,23.38917,55.41833,23.40917,55.43833,Abu Dhabi,Al Qou',osm_admin_8,1734,0,582
r137c114,23.31917,53.78833,23.30917,53.77833,23.32917,53.79833,Abu Dhabi,Al 'Azeezah,osm_admin_8,754,0,253
r137c133,23.31917,54.16833,23.30917,54.15833,23.32917,54.17833,Abu Dhabi,Al 'Azeezah,osm_admin_8,633,633,213
r138c114,23.29917,53.78833,23.28917,53.77833,23.30917,53.79833,Abu Dhabi,Al 'Azeezah,osm_admin_8,795,0,267
r138c136,23.29917,54.22833,23.28917,54.21833,23.30917,54.23833,Abu Dhabi,Al 'Azeezah,osm_admin_8,726,726,244
r139c114,23.27917,53.78833,23.26917,53.77833,23.28917,53.79833,Abu Dhabi,Al 'Azeezah,osm_admin_8,995,0,334
r139c136,23.27917,54.22833,23.26917,54.21833,23.28917,54.23833,Abu Dhabi,Al 'Azeezah,osm_admin_8,910,910,306
r139c137,23.27917,54.24833,23.26917,54.23833,23.28917,54.25833,Abu Dhabi,Al 'Azeezah,osm_admin_8,977,977,328
r140c114,23.25917,53.78833,23.24917,53.77833,23.26917,53.79833,Abu Dhabi,Al 'Azeezah,osm_admin_8,1056,0,355
r140c140,23.25917,54.30833,23.24917,54.29833,23.26917,54.31833,Abu Dhabi,Al 'Azeezah,osm_admin_8,801,0,269
r141c114,23.23917,53.78833,23.22917,53.77833,23.24917,53.79833,Abu Dhabi,Al 'Azeezah,osm_admin_8,958,0,322
r142c114,23.21917,53.78833,23.20917,53.77833,23.22917,53.79833,Abu Dhabi,Al 'Azeezah,osm_admin_8,935,0,314
r143c114,23.19917,53.78833,23.18917,53.77833,23.20917,53.79833,Abu Dhabi,Mzeerʻah,osm_admin_8,1022,0,343
r143c115,23.19917,53.80833,23.18917,53.79833,23.20917,53.81833,Abu Dhabi,Mzeerʻah,osm_admin_8,559,0,188
r144c114,23.17917,53.78833,23.16917,53.77833,23.18917,53.79833,Abu Dhabi,Mzeerʻah,osm_admin_8,852,0,286
r144c115,23.17917,53.80833,23.16917,53.79833,23.18917,53.81833,Abu Dhabi,Mzeerʻah,osm_admin_8,525,0,176
r145c109,23.15917,53.68833,23.14917,53.67833,23.16917,53.69833,Abu Dhabi,Western Mahadir,osm_admin_8,956,0,321
r145c111,23.15917,53.72833,23.14917,53.71833,23.16917,53.73833,Abu Dhabi,Mzeerʻah,osm_admin_8,826,0,277
r145c112,23.15917,53.74833,23.14917,53.73833,23.16917,53.75833,Abu Dhabi,Mzeerʻah,osm_admin_8,1348,0,453
r145c113,23.15917,53.76833,23.14917,53.75833,23.16917,53.77833,Abu Dhabi,Mzeerʻah,osm_admin_8,1424,0,478
r145c114,23.15917,53.78833,23.14917,53.77833,23.16917,53.79833,Abu Dhabi,Mzeerʻah,osm_admin_8,1318,0,443
r145c115,23.15917,53.80833,23.14917,53.79833,23.16917,53.81833,Abu Dhabi,Mzeerʻah,osm_admin_8,806,0,271
r146c108,23.13917,53.66833,23.12917,53.65833,23.14917,53.67833,Abu Dhabi,Western Mahadir,osm_admin_8,677,0,227
r146c109,23.13917,53.68833,23.12917,53.67833,23.14917,53.69833,Abu Dhabi,Western Mahadir,osm_admin_8,926,0,311
r146c110,23.13917,53.70833,23.12917,53.69833,23.14917,53.71833,Abu Dhabi,Mzeerʻah,osm_admin_8,1083,0,363
r146c111,23.13917,53.72833,23.12917,53.71833,23.14917,53.73833,Abu Dhabi,Mzeerʻah,osm_admin_8,1223,0,411
r146c112,23.13917,53.74833,23.12917,53.73833,23.14917,53.75833,Abu Dhabi,Mzeerʻah,osm_admin_8,1519,0,510
r146c113,23.13917,53.76833,23.12917,53.75833,23.14917,53.77833,Abu Dhabi,Mzeerʻah,osm_admin_8,1896,0,636
r146c114,23.13917,53.78833,23.12917,53.77833,23.14917,53.79833,Abu Dhabi,Mzeerʻah,osm_admin_8,3347,0,1124
r146c115,23.13917,53.80833,23.12917,53.79833,23.14917,53.81833,Abu Dhabi,Mzeerʻah,osm_admin_8,2352,0,790
r146c116,23.13917,53.82833,23.12917,53.81833,23.14917,53.83833,Abu Dhabi,Mzeerʻah,osm_admin_8,1310,0,440
r146c118,23.13917,53.86833,23.12917,53.85833,23.14917,53.87833,Abu Dhabi,Mzeerʻah,osm_admin_8,820,0,275
r146c119,23.13917,53.88833,23.12917,53.87833,23.14917,53.89833,Abu Dhabi,Eastern Mahadir,osm_admin_8,1445,0,485
r146c120,23.13917,53.90833,23.12917,53.89833,23.14917,53.91833,Abu Dhabi,Eastern Mahadir,osm_admin_8,1331,0,447
r146c121,23.13917,53.92833,23.12917,53.91833,23.14917,53.93833,Abu Dhabi,Eastern Mahadir,osm_admin_8,507,0,170
r146c123,23.13917,53.96833,23.12917,53.95833,23.14917,53.97833,Abu Dhabi,Eastern Mahadir,osm_admin_8,600,0,201
r147c104,23.11917,53.58833,23.10917,53.57833,23.12917,53.59833,Abu Dhabi,Western Mahadir,osm_admin_8,566,0,190
r147c105,23.11917,53.60833,23.10917,53.59833,23.12917,53.61833,Abu Dhabi,Western Mahadir,osm_admin_8,1169,0,392
r147c106,23.11917,53.62833,23.10917,53.61833,23.12917,53.63833,Abu Dhabi,Western Mahadir,osm_admin_8,572,0,192
r147c108,23.11917,53.66833,23.10917,53.65833,23.12917,53.67833,Abu Dhabi,Western Mahadir,osm_admin_8,1109,0,372
r147c109,23.11917,53.68833,23.10917,53.67833,23.12917,53.69833,Abu Dhabi,Mzeerʻah,osm_admin_8,740,0,249
r147c111,23.11917,53.72833,23.10917,53.71833,23.12917,53.73833,Abu Dhabi,Mzeerʻah,osm_admin_8,1143,0,384
r147c112,23.11917,53.74833,23.10917,53.73833,23.12917,53.75833,Abu Dhabi,Mzeerʻah,osm_admin_8,1580,0,530
r147c113,23.11917,53.76833,23.10917,53.75833,23.12917,53.77833,Abu Dhabi,Mzeerʻah,osm_admin_8,1321,0,443
r147c114,23.11917,53.78833,23.10917,53.77833,23.12917,53.79833,Abu Dhabi,Mzeerʻah,osm_admin_8,1414,0,475
r147c115,23.11917,53.80833,23.10917,53.79833,23.12917,53.81833,Abu Dhabi,Mzeerʻah,osm_admin_8,1409,0,473
r147c116,23.11917,53.82833,23.10917,53.81833,23.12917,53.83833,Abu Dhabi,Mzeerʻah,osm_admin_8,717,0,241
r147c118,23.11917,53.86833,23.10917,53.85833,23.12917,53.87833,Abu Dhabi,Mzeerʻah,osm_admin_8,896,0,301
r147c119,23.11917,53.88833,23.10917,53.87833,23.12917,53.89833,Abu Dhabi,Mzeerʻah,osm_admin_8,532,0,179
r147c121,23.11917,53.92833,23.10917,53.91833,23.12917,53.93833,Abu Dhabi,Eastern Mahadir,osm_admin_8,1625,0,546
r147c122,23.11917,53.94833,23.10917,53.93833,23.12917,53.95833,Abu Dhabi,Eastern Mahadir,osm_admin_8,1058,0,355
r147c123,23.11917,53.96833,23.10917,53.95833,23.12917,53.97833,Abu Dhabi,Eastern Mahadir,osm_admin_8,1219,0,409
r147c124,23.11917,53.98833,23.10917,53.97833,23.12917,53.99833,Abu Dhabi,Eastern Mahadir,osm_admin_8,1184,0,398
r147c125,23.11917,54.00833,23.10917,53.99833,23.12917,54.01833,Abu Dhabi,Eastern Mahadir,osm_admin_8,522,0,175
r147c126,23.11917,54.02833,23.10917,54.01833,23.12917,54.03833,Abu Dhabi,Eastern Mahadir,osm_admin_8,570,0,191
r148c103,23.09917,53.56833,23.08917,53.55833,23.10917,53.57833,Abu Dhabi,Western Mahadir,osm_admin_8,679,0,228
r148c104,23.09917,53.58833,23.08917,53.57833,23.10917,53.59833,Abu Dhabi,Western Mahadir,osm_admin_8,831,0,279
r148c105,23.09917,53.60833,23.08917,53.59833,23.10917,53.61833,Abu Dhabi,Western Mahadir,osm_admin_8,615,0,207
r148c111,23.09917,53.72833,23.08917,53.71833,23.10917,53.73833,Abu Dhabi,Mzeerʻah,osm_admin_8,995,0,334
r148c113,23.09917,53.76833,23.08917,53.75833,23.10917,53.77833,Abu Dhabi,Mzeerʻah,osm_admin_8,733,0,246
r148c114,23.09917,53.78833,23.08917,53.77833,23.10917,53.79833,Abu Dhabi,Mzeerʻah,osm_admin_8,678,0,228
r148c125,23.09917,54.00833,23.08917,53.99833,23.10917,54.01833,Abu Dhabi,Eastern Mahadir,osm_admin_8,786,0,264
r148c126,23.09917,54.02833,23.08917,54.01833,23.10917,54.03833,Abu Dhabi,Eastern Mahadir,osm_admin_8,828,0,278
r149c102,23.07917,53.54833,23.06917,53.53833,23.08917,53.55833,Abu Dhabi,Western Mahadir,osm_admin_8,515,0,173
r149c113,23.07917,53.76833,23.06917,53.75833,23.08917,53.77833,Abu Dhabi,Mzeerʻah,osm_admin_8,553,0,186
r149c125,23.07917,54.00833,23.06917,53.99833,23.08917,54.01833,Abu Dhabi,Eastern Mahadir,osm_admin_8,816,0,274
r149c126,23.07917,54.02833,23.06917,54.01833,23.08917,54.03833,Abu Dhabi,Eastern Mahadir,osm_admin_8,541,0,182
r149c127,23.07917,54.04833,23.06917,54.03833,23.08917,54.05833,Abu Dhabi,Eastern Mahadir,osm_admin_8,1100,0,369
r150c128,23.05917,54.06833,23.04917,54.05833,23.06917,54.07833,Abu Dhabi,Eastern Mahadir,osm_admin_8,1518,0,510
r150c129,23.05917,54.08833,23.04917,54.07833,23.06917,54.09833,Abu Dhabi,Eastern Mahadir,osm_admin_8,1096,0,368
r150c130,23.05917,54.10833,23.04917,54.09833,23.06917,54.11833,Abu Dhabi,Eastern Mahadir,osm_admin_8,716,0,240
r151c97,23.03917,53.44833,23.02917,53.43833,23.04917,53.45833,Abu Dhabi,Western Mahadir,osm_admin_8,679,0,228
r151c131,23.03917,54.12833,23.02917,54.11833,23.04917,54.13833,Abu Dhabi,Eastern Mahadir,osm_admin_8,754,0,253
r151c132,23.03917,54.14833,23.02917,54.13833,23.04917,54.15833,Abu Dhabi,Eastern Mahadir,osm_admin_8,685,0,230
r152c97,23.01917,53.44833,23.00917,53.43833,23.02917,53.45833,Abu Dhabi,Western Mahadir,osm_admin_8,688,0,231
r152c132,23.01917,54.14833,23.00917,54.13833,23.02917,54.15833,Abu Dhabi,Eastern Mahadir,osm_admin_8,646,0,217
r153c135,22.99917,54.20833,22.98917,54.19833,23.00917,54.21833,Abu Dhabi,Hameem,osm_admin_8,1320,0,443
r153c136,22.99917,54.22833,22.98917,54.21833,23.00917,54.23833,Abu Dhabi,Hameem,osm_admin_8,579,0,194
r154c95,22.97917,53.40833,22.96917,53.39833,22.98917,53.41833,Abu Dhabi,Western Mahadir,osm_admin_8,707,0,237
r154c136,22.97917,54.22833,22.96917,54.21833,22.98917,54.23833,Abu Dhabi,Hameem,osm_admin_8,832,15,279
r155c129,22.95917,54.08833,22.94917,54.07833,22.96917,54.09833,Abu Dhabi,Eastern Mahadir,osm_admin_8,704,0,236
r155c131,22.95917,54.12833,22.94917,54.11833,22.96917,54.13833,Abu Dhabi,Eastern Mahadir,osm_admin_8,930,0,312
r155c132,22.95917,54.14833,22.94917,54.13833,22.96917,54.15833,Abu Dhabi,Bateen Liwa,osm_admin_8,639,36,215
r155c139,22.95917,54.28833,22.94917,54.27833,22.96917,54.29833,Abu Dhabi,Hameem,osm_admin_8,720,0,242
r155c140,22.95917,54.30833,22.94917,54.29833,22.96917,54.31833,Abu Dhabi,Hameem,osm_admin_8,605,0,203
r157c122,22.91917,53.94833,22.90917,53.93833,22.92917,53.95833,Abu Dhabi,Bateen Liwa,osm_admin_8,1061,1014,356
r157c123,22.91917,53.96833,22.90917,53.95833,22.92917,53.97833,Abu Dhabi,Bateen Liwa,osm_admin_8,1123,1048,377
r157c124,22.91917,53.98833,22.90917,53.97833,22.92917,53.99833,Abu Dhabi,Bateen Liwa,osm_admin_8,1042,775,350
