place_id,name,address,lat,lng,rating,review_count,status,primary_type,price_level,price_low_aed,price_high_aed,is_bedashing,branch_id,excluded_reason,fetched_at
ChIJIaUwYk6_ij4RVhW-aC-0sdk,صالون توب سفن للحلاقة الرجالية,2RQV+H7W - Unnamed Road - Mazyad - Mazyad 1 - Abu Dhabi - United Arab Emirates,24.038989299999997,55.843203800000005,5,7,OPERATIONAL,hair_salon,,,,False,,men-only,2026-10-09
ChIJ_XJ1RTe_ij4RK9d7ChGx9o8,صالون السماء الصافية,الشيخ زايد بن سلطان - Mazyad - Mazyad 2 - Abu Dhabi - United Arab Emirates,24.033808399999998,55.845307999999996,,,OPERATIONAL,hair_salon,,,,False,,,2026-10-09
ChIJeUFwy4u_ij4R_fzKtaGYTmo,صالون شباب مزيد,2RRV+8H2 - Mazyad - Mazyad 2 - Abu Dhabi - United Arab Emirates,24.0407616,55.8438867,3.7,3,OPERATIONAL,barber_shop,,,,False,,men-only,2026-10-09
ChIJG351xHe_ij4RUEhlQScx2II,BEST CUT GENTS SALON,Municipality - Zayed Bin Sultan St - Mazyad - Mazyad 2 - Abu Dhabi - United Arab Emirates,24.0334981,55.845394899999995,,,OPERATIONAL,barber_shop,,,,False,,men-only,2026-10-09
ChIJ56Udzr7VQj4RaP2kuQce7hs,Pretty Tip Ladies Beauty Salon- Ruwais,Al Dhannah City - Abu Dhabi - United Arab Emirates,24.0664922,52.6496218,4.1,87,OPERATIONAL,beauty_salon,,,,False,,,2026-10-09
ChIJ96gN7FvVQj4RNLRdKpLBjMo,Zino Hairdressing Salon صالون زينو للحلاقة الرجالية,Al Dhannah City - Abu Dhabi - United Arab Emirates,24.0664934,52.6496159,5,4,OPERATIONAL,hair_salon,,,,False,,men-only,2026-10-09
ChIJNcc6QLvVQj4RHGXP3AJiC2I,The Nails Hub Ladies Salon,الصناعية - مدينة الرويس - أبو ظبي - United Arab Emirates,24.068250499999998,52.6552035,4.3,23,OPERATIONAL,beauty_salon,,,,False,,,2026-10-09
ChIJ96l_dADVQj4Rr2_Xo6CZ1D4,KIDYA Kids salon صالون حلاق اطفال,3J8X+JVH - Central Park - Abu Dhabi - United Arab Emirates,24.0665643,52.6497366,5,4,OPERATIONAL,hair_salon,,,,False,,men-only,2026-10-09
ChIJB91qJSjVQj4RR1ldfUqRTYg,Al dhannah gents saloon,Al Dhannah City - Abu Dhabi - United Arab Emirates,24.0681807,52.6551112,4,2,OPERATIONAL,beauty_salon,,,,False,,men-only,2026-10-09
ChIJlzMPKgArXT4RXHHgw7dXSog,Sadak Gents saloon- L.L.C - S.P.C,Al Ruwais Industrial City - Abu Dhabi - United Arab Emirates,24.0665071,52.6495257,4.7,3,OPERATIONAL,beauty_salon,,,,False,,men-only,2026-10-09
ChIJ1_K1xPK_ij4R4HLI6nKCnoU,Natavia Beauty Lounge - ناتافيا بيوتي لونج,25 - مزيد - مزيد 4 - أبو ظبي - United Arab Emirates,24.0608482,55.8441771,4.2,23,OPERATIONAL,beauty_salon,moderate,1,200,False,,,2026-10-09
ChIJMaQ949XVQj4RGSG4owlntxU,GENTS SALON SIDNEY 2000,Unnamed Road - Al Dhannah City - Abu Dhabi - United Arab Emirates,24.0841457,52.645701499999994,3.9,43,OPERATIONAL,barber_shop,,,,False,,men-only,2026-10-09
ChIJx7v4QiDVQj4RVuLhNWqm0Rs,Karim Mohamed Gents Salon,City - Al Dhannah City - Abu Dhabi - United Arab Emirates,24.0882895,52.649236699999996,4.5,44,OPERATIONAL,beauty_salon,,,,False,,men-only,2026-10-09
ChIJuTcwCCYrXT4RmkK0CGII5oY,Premium one salon,3JCW+HF4 - Al Dhannah City - Abu Dhabi - United Arab Emirates,24.071385199999998,52.6461945,3.3,22,OPERATIONAL,beauty_salon,,,,False,,,2026-10-09
ChIJD9kdvukrXT4RSnchKao3X1I,White Moon Gents Salon,Target 6 - near Recreation center - Al Ruwais Industrial City - Abu Dhabi - United Arab Emirates,24.0918948,52.640840999999995,4.8,5,OPERATIONAL,barber_shop,,,,False,,men-only,2026-10-09
ChIJ4zbYeGjVQj4RZfGR9wbKnCA,Salon sawa for men's,Ruwais housing complex - Al Dhannah City - Abu Dhabi - United Arab Emirates,24.088616899999998,52.648677299999996,5,1,OPERATIONAL,hair_salon,,,,False,,men-only,2026-10-09
ChIJAx0qJKXVQj4Rc0RxFjcDhxQ,Honolulu home service salon,Al Dhannah City - Abu Dhabi - United Arab Emirates,24.0789755,52.6540484,,,OPERATIONAL,beauty_salon,,,,False,,,2026-10-09
ChIJawBLKADVQj4Rk13k5g-w2UQ,DHANNAH barber,3JQX+8M9 - Al Dhannah City - Abu Dhabi - United Arab Emirates,24.088295100000003,52.649237299999996,,,OPERATIONAL,barber_shop,,,,False,,men-only,2026-10-09
ChIJ9xKvSwDVQj4ROV5F02q1fAk,Press on nails Nail artist,3JGV+XQP - Ruwais - Abu Dhabi - United Arab Emirates,24.0774609,52.644464299999996,,,OPERATIONAL,nail_salon,,,,False,,,2026-10-09
ChIJB1yg690rQz4RFARV2Kou8e8,Pink sand beauty lounge salon,FC 01. Female Health Club - Al Dhannah City - Abu Dhabi - United Arab Emirates,24.0834858,52.6464529,,,OPERATIONAL,beauty_salon,,,,False,,,2026-10-09
ChIJ05NESYnVQj4RwMkFqHGLnJI,Tips and Toes - Al Dhannah Mall,Al Dhannah Mall - Al Ruwais Industrial City - Ruwais City - Abu Dhabi - United Arab Emirates,24.0752755,52.6718076,4.5,115,OPERATIONAL,beauty_salon,,,,False,,,2026-10-09
ChIJ-88jQ8fVQj4RAepyNVQgxMQ,صالون سيزرس داون تاون,3MFG+28R - Al Dhannah City - Abu Dhabi - United Arab Emirates,24.0723213,52.6760054,1.8,4,CLOSED_TEMPORARILY,barber_shop,,,,False,,not-operational,2026-10-09
ChIJL97bn-fVQj4RmGK3Ry7uByE,Pink Sand Beauty Lounge,Thammam - Abu Dhabi - United Arab Emirates,24.0751106,52.666539199999995,5,4,OPERATIONAL,beauty_salon,,,,False,,,2026-10-09
ChIJuZFcnvW7ij4R_Zp8p37vf5w,صالون برينس للرجال,Ain Al Faydah - Ain Al Fayda 2 - Abu Dhabi - United Arab Emirates,24.0907558,55.7209611,2.9,16,OPERATIONAL,hair_salon,,,,False,,men-only,2026-10-09
ChIJVQTckMC7ij4RKTjNDqnL2D8,L'Oriental Ladies Salon & Spa,E95 - عين الفايضة - عين الفايضة 2 - أبو ظبي - United Arab Emirates,24.089389,55.7216534,4,12,OPERATIONAL,beauty_salon,,,,False,,,2026-10-09
ChIJCywcrLS2ij4R2bN7awnZ4Ss,Arabella Class Spa - Al Ain Branch,Al Ain - Al Dhahir - Dhaher 1 - Abu Dhabi - United Arab Emirates,24.086939299999997,55.8426252,4.2,216,OPERATIONAL,beauty_salon,,,,False,,,2026-10-09
ChIJW9naKADBij4Ra41MSjVV9yE,صالون حمامة بيوتي,4 Qarn Manzalah St - Al Dhahir - Dhaher 2 - Abu Dhabi - United Arab Emirates,24.084611799999998,55.828871,4.1,78,OPERATIONAL,beauty_salon,very_expensive,100,700,False,,,2026-10-09
ChIJcfI9SU-_ij4RSe9wju6wtwc,After Rain Spa,Al Dhahir - Dhaher 2 - Abu Dhabi - United Arab Emirates,24.0843165,55.8291668,4.6,151,OPERATIONAL,beauty_salon,moderate,100,300,False,,,2026-10-09
ChIJL7PCPUe_ij4Rzc7vcYb8AhU,كينج ريفر سبا الظاهر,Al Dhahir - Dhaher 2 - Abu Dhabi - United Arab Emirates,24.0847895,55.8292335,4.7,18,OPERATIONAL,hair_salon,,,,False,,,2026-10-09
ChIJYZF2E0G_ij4RkmiCeZvkboQ,صالون قمر العین (الظاہر،قدیم),1 - الظاهر - الظاهر 1 - أبو ظبي - United Arab Emirates,24.084963,55.83343,4.6,7,OPERATIONAL,barber_shop,,,,False,,men-only,2026-10-09
ChIJlaruIqO_ij4RKRfEPrahsSs,Do Touche Beauty Salon,Block C Shop 7 - الظاهر - الظاهر 2 - أبو ظبي - United Arab Emirates,24.0844912,55.8290945,4.2,32,OPERATIONAL,beauty_salon,,,,False,,,2026-10-09
ChIJC3kC1Tu_ij4RS1uHSNLql9Y,STAR BARBER SHOPصالون النجمة الحلاقة,Um Ghaffa St / Souq - 3RPM+7F8 - الظاهر - الظاهر 3 - أبو ظبي - United Arab Emirates,24.085652,55.8336908,5,2,OPERATIONAL,barber_shop,,,,False,,men-only,2026-10-09
ChIJxceabAC_ij4REmVf-8z5Y_0,صالون قمر زاخر للرجال,56 Ar Riqayyib St - Al Dhahir - Dhaher 1 - Abu Dhabi - United Arab Emirates,24.0783167,55.8349409,5,1,OPERATIONAL,hair_salon,,,,False,,men-only,2026-10-09
ChIJo9JzYwC_ij4RxZYk_JhZtJE,Hayyak Gent's Saloon L.L.C,3RPH+8R5 - Al Dhahir - Dhaher 4 - Abu Dhabi - United Arab Emirates,24.0857622,55.829601600000004,3.9,14,OPERATIONAL,hair_salon,,,,False,,men-only,2026-10-09
ChIJMak5FwC_ij4ROwoViy3MxRA,صالون ديزني فرع الظاهر,37 Um Ghafah Rd - Al Dhahir - Dhaher 1 - Abu Dhabi - United Arab Emirates,24.086627399999998,55.8392352,2.3,3,OPERATIONAL,hair_salon,,,,False,,,2026-10-09
ChIJN-_eu7W_ij4RMEPlKuKyEU8,KANAAN GENTS SALOON,3RMH+QM3 Al Ain - الظاهر - الظاهر 2 - أبو ظبي - United Arab Emirates,24.0844375,55.8291875,5,16,OPERATIONAL,barber_shop,moderate,20,100,False,,men-only,2026-10-09
ChIJkdySVNvBij4RzbV5dbuVEiQ,Class Cleopatra Salon,Al Dhahir - Dhaher 9 - Abu Dhabi - United Arab Emirates,24.0912699,55.86687870000001,4.7,143,OPERATIONAL,beauty_salon,moderate,100,300,False,,,2026-10-09
ChIJtwSa52XBij4RpElMigsbD48,صالون ريم الظاهر,3VR8+8QG - الظَّاهِرشعبية - Al Dhahir - Dhaher 9 - Abu Dhabi - United Arab Emirates,24.0908214,55.8669594,3.7,11,OPERATIONAL,beauty_salon,,,,False,,,2026-10-09
ChIJZV-IxALBij4RxwkwTtZOZyo,صالون ڤلڤت لاب,12 Yaw Muwafjah St - Al Dhahir - Dhaher 9 - Abu Dhabi - United Arab Emirates,24.091510099999997,55.866430699999995,4.8,53,OPERATIONAL,beauty_salon,,,,False,,,2026-10-09
ChIJq37wKgDBij4Rnl7zYQ3C69s,صالون اليت كت للرجال,3VM8+829 - Al Dhahir - Dhaher 9 - Abu Dhabi - United Arab Emirates,24.0832933,55.865104599999995,5,1,OPERATIONAL,barber_shop,,,,False,,men-only,2026-10-09
ChIJsYyGDznBij4RQP3fO-LwunU,صالون خط الممتاز للرجال,3VGF+73H - Al Dhahir - Dhaher 9 - Abu Dhabi - United Arab Emirates,24.075687499999997,55.8726875,1,1,OPERATIONAL,barber_shop,,,,False,,men-only,2026-10-09
ChIJ79QnBgDBij4RN9NTl4dNLY8,صالون ماي كورنر للسيدات,3VFC+WX5 - Al Dhahir - Dhaher 9 - Abu Dhabi - United Arab Emirates,24.0747289,55.872466300000006,4,1,OPERATIONAL,beauty_salon,,,,False,,,2026-10-09
ChIJBdPUhq7VQj4RVKRhlmCmHog,Ilayas salon,City - 3MP3+WG3 - مدينة الظنة - أبو ظبي - United Arab Emirates,24.0872681,52.6537976,3.1,7,OPERATIONAL,beauty_salon,,,,False,,,2026-10-09
ChIJs0d_ruS6ij4RH9AT-2gLd_s,Tips and Toes Makani Zakher Shopping Center,Al Ain - Ni'mah - Neima 2 - Abu Dhabi - United Arab Emirates,24.110172199999997,55.7026824,4.1,171,OPERATIONAL,beauty_salon,moderate,1,100,False,,,2026-10-09
ChIJ9xKBVeO6ij4RCMfIJNfZM2M,"Ushi Nail Spa – Makani Mall, Al Ain",Al Ain - Ni'mah - Neima 2 - Abu Dhabi - United Arab Emirates,24.1099012,55.70209440000001,4.6,584,OPERATIONAL,nail_salon,moderate,150,300,False,,,2026-10-09
ChIJUUENGfu6ij4RP4ueR3STu4k,AL KOUS GENTS SALON br.4 صالون الكوس للرجال,Ni'mah - Neima 1 - Abu Dhabi - United Arab Emirates,24.1125803,55.703938799999996,3.2,22,OPERATIONAL,hair_salon,,,,False,,men-only,2026-10-09
ChIJZ7LnIuW7ij4ROj05yQ0Rwgc,اطفال,67 شارع الفصول - نعمة - مكاني مول - Zakhir - Neima 2 - Abu Dhabi - United Arab Emirates,24.1109173,55.701595,5,2,OPERATIONAL,barber_shop,,,,False,,men-only,2026-10-09
ChIJ9cPxanC7ij4R7Wq70YT7Pa0,Salon AL - JAMAL (2.0) - صالون,near Makhani Mall - Zakhir - Neima - 2 - Abu Dhabi - United Arab Emirates,24.1098257,55.6990957,3.4,9,OPERATIONAL,barber_shop,,,,False,,men-only,2026-10-09
ChIJiezMTwC7ij4RQMVp45KGFrU,صالون سباركيز للاطفال,4P62+985 Makani Zakher - Ni'mah - Neima 2 - Abu Dhabi - United Arab Emirates,24.110878099999997,55.7008556,4,2,OPERATIONAL,barber_shop,,,,False,,men-only,2026-10-09
ChIJ4xHghKG7ij4Rcr_9mexcd_M,ZAHRAT ALWAHA SALOON,Road 77 Neima - Ni'mah - Neima 1 - Abu Dhabi - United Arab Emirates,24.107833799999998,55.7080815,5,2,OPERATIONAL,hair_salon,,,,False,,,2026-10-09
ChIJBQd5owW7ij4R7MD_SPpDyG8,Finish Line Saloon,4P55+472 - Ni'mah - Neima 1 - Abu Dhabi - United Arab Emirates,24.107753199999998,55.708132799999994,3.2,5,OPERATIONAL,hair_salon,,,,False,,,2026-10-09
ChIJgaGAci27ij4R5Bdql5h_Itc,دورو صالون,Makani Zakher - Ni'mah - Neima 2 - Abu Dhabi - United Arab Emirates,24.109945399999997,55.7019223,,,OPERATIONAL,beauty_salon,,,,False,,,2026-10-09
ChIJsyl59fi7ij4RAu4j7IsvmxA,ميكب ارتيست,Al Ain - Ni'mah - Neima 1 - Abu Dhabi - United Arab Emirates,24.1101685,55.7034421,5,5,OPERATIONAL,beauty_salon,,,,False,,,2026-10-09
ChIJnRimfAC7ij4R7PMBY7LDX-4,عين الفايضة,3PV3+7QW - Ain Al Faydah - Ain Al Fayda - Abu Dhabi - United Arab Emirates,24.0932386,55.704462799999995,,,OPERATIONAL,barber_shop,,,,False,,men-only,2026-10-09
ChIJE2L1OwC7ij4RVjeitjbXI7I,SHABAB AL BANAFSAJ BARBER SHOP,4P9G+8WC - Shi'bat Al Wutah - Shiebat Al Watah 2 - Abu Dhabi - United Arab Emirates,24.1179469,55.7274782,3.4,5,OPERATIONAL,barber_shop,,,,False,,men-only,2026-10-09
ChIJ2flcycG5ij4RdaGSm0FU0EA,Glow & blow beauty spa,Al Ain - Al Dhahir - Dhaher 3 - Abu Dhabi - United Arab Emirates,24.110635,55.8312299,4.3,114,OPERATIONAL,beauty_salon,moderate,100,400,False,,,2026-10-09
ChIJY4Z5hoK5ij4Ro7P_fckOoJI,صالون F3 للرجال,4R6J+8PP العين، - Al Dhahir - Dhaher 3 - Abu Dhabi - United Arab Emirates,24.1109685,55.831997599999994,3.5,35,OPERATIONAL,barber_shop,,,,False,,men-only,2026-10-09
ChIJHUafpg-5ij4Rw-WAQy_W_Dg,حلاق البرفسور,14 Qarn Al Harf St - Al Dhahir - Dhaher 3 - Abu Dhabi - United Arab Emirates,24.099895,55.8411665,,,OPERATIONAL,barber_shop,,,,False,,men-only,2026-10-09
ChIJOTQqNgC5ij4RIz5y2TgOOCE,Professor Gents Saloon,3RXR+VCQ - 43rd St - Al Dhahir - Dhaher 3 - Abu Dhabi - United Arab Emirates,24.099701,55.841101900000005,5,1,OPERATIONAL,barber_shop,,,,False,,men-only,2026-10-09
ChIJoWGAq77Bij4RmknGO8f-pqo,صالون جنسيس,17 شارع المويجعة - Um Ghafah - Shabiat Umm Ghaffa - Abu Dhabi - United Arab Emirates,24.0985162,55.8912535,5,1,OPERATIONAL,beauty_salon,,,,False,,,2026-10-09
ChIJ_wiSbQDBij4RefKHhGkpUJg,صالون الخليج,3WX2+47G - Um Ghafah - Shabiat Umm Ghaffa - Abu Dhabi - United Arab Emirates,24.097805700000002,55.9007018,4.3,3,CLOSED_TEMPORARILY,barber_shop,,,,False,,not-operational,2026-10-09
ChIJaSRgfmbBij4RO0q8w165pUk,Umm Ghafa,30 Al Almas St - Um Ghafah - Um Ghaffa 2 - Abu Dhabi - United Arab Emirates,24.0937894,55.913712700000005,5,4,OPERATIONAL,hair_salon,,,,False,,,2026-10-09
ChIJTeJkKlDBij4RhXuENSbK34g,Al Heeba Beauty Saloon,3WV7+JMR - Um Ghafah - Um Ghaffa 2 - Abu Dhabi - United Arab Emirates,24.094106099999998,55.9141518,5,4,OPERATIONAL,beauty_salon,,,,False,,,2026-10-09
ChIJjw5pexXBij4Rtlh6qV5B5jA,صالون كولينير للرجال - Colinir Male Saloon,3WV6+XH2 - Um Ghafah - Um Ghaffa 2 - Abu Dhabi - United Arab Emirates,24.0948915,55.9113993,5,15,OPERATIONAL,hair_salon,,,,False,,men-only,2026-10-09
ChIJI2-ZVADBij4RyUe-tOwWZ8U,ميكب ارتست خدمات منزلية,3WW9+QX4 - Um Ghafah - Um Ghaffa 2 - Abu Dhabi - United Arab Emirates,24.0968873,55.919941099999996,,,OPERATIONAL,beauty_salon,,,,False,,,2026-10-09
ChIJd4F1QOe7ij4RE7cQnREVzpo,Al Shaker Gents Saloon - صالون الشاكر للرجال,Zakher Ghafat nayar 28 - زاخر - غفات نيار 28 - أبو ظبي - United Arab Emirates,24.138799799999997,55.688537000000004,4,6,OPERATIONAL,hair_salon,,,,False,,men-only,2026-10-09
ChIJnQ0VMFS7ij4R8Q6r6koTFq8,Waha Zakhir Gents Saloon,Zakhir - Gafat Al Nayyar - Abu Dhabi - United Arab Emirates,24.137541,55.692676199999994,3,2,OPERATIONAL,barber_shop,,,,False,,men-only,2026-10-09
ChIJQZ1XF3m7ij4Rr2Ws6j8Kifo,Shamal Al Jazeera Gents Saloon,4MQR+2W5 - Zakhir - Gafat Al Nayyar - Abu Dhabi - United Arab Emirates,24.137585899999998,55.692281099999995,3,2,OPERATIONAL,hair_salon,,,,False,,men-only,2026-10-09
ChIJU4jFJAC7ij4Rs7hi_nJ97ZU,Bilal hair dresser,4MHH+5P4 - Zakhir - Gafat Al Nayyar - Abu Dhabi - United Arab Emirates,24.127896,55.6793158,,,OPERATIONAL,barber_shop,,,,False,,men-only,2026-10-09
ChIJZ_kDeAC7ij4RiXIYXz8UlZM,Faizan saloon,4MHH+5P7 - Zakhir - Gafat Al Nayyar - Abu Dhabi - United Arab Emirates,24.127903,55.679311399999996,,,OPERATIONAL,hair_salon,,,,False,,,2026-10-09
ChIJZYTEU-67ij4RgIQQKXuCIHs,Littles lounge kids salon صالون ليتيلز لاونج للأطفال,Abdulla Hadaa Al Sheraifi St - Zakhir - Gafat Al Nayyar - Abu Dhabi - United Arab Emirates,24.1271202,55.6998483,4.6,34,OPERATIONAL,barber_shop,,,,False,,men-only,2026-10-09
ChIJg6SGTgC7ij4Rvl2l2-RXhM8,𝗦𝗶𝗺𝗽𝗹𝗲 𝗦𝗵𝗶𝗻𝗲 𝗟𝗮𝗱𝘆𝘀 𝗕𝗲𝗮𝘂𝘁𝘆 𝗦𝗮𝗹𝗼𝗻,4PMC+8Q8 - Al ʹAdeeba St - Shi'bat Al Wutah - Shiebat Al Watah 1 - Abu Dhabi - United Arab Emirates,24.1332955,55.721955099999995,4.5,68,OPERATIONAL,beauty_salon,,,,False,,,2026-10-09
ChIJKVXfEui7ij4RZo7yjif_PP8,صالون جيتا Bunu Bride Beauty Center,Ni'mah - Neima 1 - Abu Dhabi - United Arab Emirates,24.1264821,55.7134029,4.1,37,OPERATIONAL,beauty_salon,,,,False,,,2026-10-09
ChIJe68yrfK7ij4RQK6ppNfR-TI,Lavo Nails,Al Ain - Shi'bat Al Wutah - Shiebat Al Watah 2 - Abu Dhabi - United Arab Emirates,24.119758599999997,55.727235099999994,4,43,OPERATIONAL,beauty_salon,moderate,100,400,False,,,2026-10-09
ChIJRZKmhW67ij4RHlKz6bWF8bo,Atlantes Spa / أتلانتس سبا للسيدات,Zakhir - Al Grayyeh - Abu Dhabi - United Arab Emirates,24.1378012,55.7073187,3.9,35,OPERATIONAL,beauty_salon,,,,False,,,2026-10-09
ChIJFxI6Aqe7ij4Reh5T8u1F3ig,"Salon AL JAMAL , Neima",Abu Dhabi - Ni'mah - Neima 1 - Abu Dhabi - United Arab Emirates,24.1247433,55.713608799999996,3.8,22,OPERATIONAL,barber_shop,inexpensive,20,40,False,,men-only,2026-10-09
ChIJGUsxxty7ij4RIIlFm_CYrH4,صالون ورود العرب للرجال,Al Ain - Zakhir - Al Grayyeh - Abu Dhabi - United Arab Emirates,24.1413784,55.7115941,4.7,21,OPERATIONAL,barber_shop,,,,False,,men-only,2026-10-09
ChIJFQm-2TG7ij4Rz5AA6aZNrbQ,Dua ladies salon,Neima - Neima 1 - Abu Dhabi - United Arab Emirates,24.124252,55.7114396,5,1,OPERATIONAL,beauty_salon,,,,False,,,2026-10-09
ChIJiXgtPAi7ij4RJN9jZy2Pl0I,"SALON | صالون - FAMILIES MODERN BARBERSHOP, Since 1986",Ni'mah - Neima 1 - Abu Dhabi - United Arab Emirates,24.1261857,55.7135161,3.1,11,OPERATIONAL,barber_shop,,,,False,,men-only,2026-10-09
ChIJSfjSIGq7ij4RnJuMR9P6kGg,صالون السفينة,4PP6+MJ3 - Zakhir - Al Grayyeh - Abu Dhabi - United Arab Emirates,24.136644,55.711544499999995,3.8,16,OPERATIONAL,hair_salon,,,,False,,,2026-10-09
ChIJlfklSo-6ij4RHqEQBeF-PBU,صالون سي بريز للرجال,4PP4+VWX - Zakhir - Al Grayyeh - Abu Dhabi - United Arab Emirates,24.1372341,55.7073682,3.8,5,OPERATIONAL,barber_shop,,,,False,,men-only,2026-10-09
ChIJ7XvVr9K7ij4Rxu2eZXbJ8Vw,صالون القلعة الشامخة للحلاقة,grayya al amiri building - Zakhir - Al Grayyeh - Abu Dhabi - United Arab Emirates,24.1373195,55.7073663,4.7,7,OPERATIONAL,hair_salon,,,,False,,men-only,2026-10-09
ChIJw6p-aNm7ij4RjXFmsJ420IY,Al TAREEQ AL MUMYAZ GENTS SALOON,E95 - Ni'mah - Neima 1 - Abu Dhabi - United Arab Emirates,24.1253082,55.713320499999995,3.8,5,OPERATIONAL,hair_salon,,,,False,,men-only,2026-10-09
ChIJGbUDcla6ij4R_t_b2cLzJDQ,Al Mozayan Gents Hairdressing Sloon,4P78+G2X - 138th St - Ni'mah - Neima 1 - Abu Dhabi - United Arab Emirates,24.1138509,55.7151156,3,2,OPERATIONAL,beauty_salon,,,,False,,men-only,2026-10-09
ChIJi78Io8e7ij4Rtdy0AeJdgkI,Five Star Salon,Neima - نعمة - نعمة 1 - أبو ظبي - United Arab Emirates,24.117165999999997,55.709525500000005,4.3,3,OPERATIONAL,hair_salon,,,,False,,,2026-10-09
ChIJu3Hwjnq7ij4RBtEE4lQ0sV0,"SALON | صالون - FAMILIES MODERN BARBERSHOP, Since 1986 - Branch 1",Shop No. 4 - 4th St - near Life Pharmacy & ADNOC Service Station - Shiab Al Ashkhar - Hai Zayed Mosque - Abu Dhabi - United Arab Emirates,24.134836,55.7233712,4.9,8,OPERATIONAL,barber_shop,,,,False,,men-only,2026-10-09
ChIJ3VqHIh27ij4RaHNVs1IqtRI,Bunu Bride Beauty Center-Branch-1,Shiab Al Ashkhar - Hai Zayed Mosque - Abu Dhabi - United Arab Emirates,24.135109,55.7235401,3.8,4,OPERATIONAL,beauty_salon,,,,False,,,2026-10-09
ChIJwYqbG1G7ij4RVZFxjKueudA,Black hair gents salon,Dimyat Al Qoum St - Ni'mah - Neima 1 - Abu Dhabi - United Arab Emirates,24.1253468,55.713308999999995,4.2,12,OPERATIONAL,barber_shop,,,,False,,men-only,2026-10-09
ChIJ92oXIAC7ij4RExyU5cVuz1E,صالون نيفو للحلاقة الرجالية ذ.ذ.م - NIVO MEN SALON L.L.C,Ni'mah - Neima 1 - Abu Dhabi - United Arab Emirates,24.117093099999998,55.7095985,5,5,OPERATIONAL,hair_salon,,,,False,,men-only,2026-10-09
ChIJT40F49Sxij4RQ-TqfKKhzuE,صالون وسبا نوسيكا للسيدات,Al - شارع أبوظبي - العين - العقابية - الخالدية - أبو ظبي - United Arab Emirates,24.1571361,55.6738938,4,54,OPERATIONAL,beauty_salon,,,,False,,,2026-10-09
ChIJe1q1FACvij4RbqxxXV4gDPI,Mscharming salon,35 Abdulrahman Al Awzaʹi St - Al Rawdah Al Sharqiyah - Al Ifaz - Abu Dhabi - United Arab Emirates,24.1616762,55.6581945,4.4,7,OPERATIONAL,beauty_salon,,,,False,,,2026-10-09
ChIJDSS2q4Cwij4RvG_Tnf01jt8,صالون مهرة العين للسيدات,Shiab Al Ashkhar - Hai Zayed Mosque - Abu Dhabi - United Arab Emirates,24.1542213,55.7136402,3.5,116,OPERATIONAL,beauty_salon,expensive,1,600,False,,,2026-10-09
ChIJW23Ta5Sxij4RZw2mVtWj55U,للنساء - صالون جي اس - JS Salon,Al Ain - Zakhir - Ramlat Zakher - Abu Dhabi - United Arab Emirates,24.1655522,55.700232400000004,4.5,64,OPERATIONAL,beauty_salon,,,,False,,,2026-10-09
ChIJqzKEHdOxij4RBlhAUSlRyYQ,Nismo Gents Saloon صالون نيسمو للرجال,Al Anfas St - Zakhir - Ramlat Zakher - Abu Dhabi - United Arab Emirates,24.153515,55.694613999999994,4.3,11,OPERATIONAL,hair_salon,,,,False,,men-only,2026-10-09
ChIJG3y9uOixij4RrjnpYKLaOfA,‏ صالون رملة زاخر رجال,Zakhir - Ramlat Zakher - Abu Dhabi - United Arab Emirates,24.162190499999998,55.6935278,4.2,17,OPERATIONAL,barber_shop,,,,False,,men-only,2026-10-09
ChIJkcORU66xij4R5XULIuF29mE,Oro.beauty center,Al - Shiab Al Ashkhar - Hai Zayed Mosque - Abu Dhabi - United Arab Emirates,24.1522826,55.713698,3.4,22,OPERATIONAL,beauty_salon,,,,False,,,2026-10-09
ChIJVwZvWP-xij4RUCwBQ5nYhgs,صالون عامر منير للرجال,Unnamed Road - 5M2W+5QG - Zakhir - Al Swuaifi - Abu Dhabi - United Arab Emirates,24.1504367,55.6969594,2,3,OPERATIONAL,barber_shop,,,,False,,men-only,2026-10-09
ChIJOWloVwCxij4Rx7wld6mBoQA,محل حلاقة فى العين,1 Al Anfas St - Zakhir - Ramlat Zakher - Abu Dhabi - United Arab Emirates,24.1535577,55.694688299999996,5,4,OPERATIONAL,hair_salon,,,,False,,men-only,2026-10-09
ChIJtec-F-Wxij4Rt6BTCnNZOMw,صالون السويداء للحلاقة,4MXR+4RP - Nahyan The First St - Zakhir - Ramlat Zakher - Abu Dhabi - United Arab Emirates,24.147827,55.692090699999994,3.7,3,OPERATIONAL,beauty_salon,,,,False,,men-only,2026-10-09
ChIJgSVEMZuxij4RZWngLi7zKcM,La Bella Signora Salon Beauty,5P37+MFJ - Shiab Al Ashkhar - Hai Zayed Mosque - Abu Dhabi - United Arab Emirates,24.1533831,55.7139562,3,2,OPERATIONAL,nail_salon,,,,False,,,2026-10-09
ChIJ1TUE7Aqwij4RPXC8H5aMaxM,صالون المميز للرجال,4MVQ+VQF - Zakhir - Ramlat Zakher - Abu Dhabi - United Arab Emirates,24.144679,55.6894126,4.8,6,OPERATIONAL,barber_shop,,,,False,,men-only,2026-10-09
ChIJF_TK_Caxij4Rixhm8yEwZAA,Salon Al kafila,3 Al Anfas St - Zakhir - Ramlat Zakher - Abu Dhabi - United Arab Emirates,24.153441299999997,55.6946996,3,4,OPERATIONAL,barber_shop,,,,False,,men-only,2026-10-09
ChIJ8bZSskGxij4RIFuSLfFgUjQ,Al Qaffela Mens barber Shop,9 Al Anfas St - Zakhir - Ramlat Zakher - Abu Dhabi - United Arab Emirates,24.1531849,55.6950929,3,2,OPERATIONAL,barber_shop,,,,False,,men-only,2026-10-09
ChIJ1S26NwCxij4Rv5RPPVp48Mg,Evolved Gents Salon,15 Al Anfas St - Zakhir - Ramlat Zakher - Abu Dhabi - United Arab Emirates,24.152732099999998,55.695309099999996,4,5,OPERATIONAL,barber_shop,,,,False,,men-only,2026-10-09
ChIJk1wuqQmxij4RLPRtQLqYd74,صالون قمر العین للرجال (زاخر،الصویفی),الصویفی - Zakhir St - near at emirates top car wash - Zakhir - Al Swuaifi - Abu Dhabi - United Arab Emirates,24.1503423,55.6972276,,,OPERATIONAL,barber_shop,,,,False,,men-only,2026-10-09
ChIJ_X46CTGxij4RMnoOzA907sw,Rouge Beauty Salon Al Ain,Nahyan the first street - falaj Hazza - Jafeer jedeed - Abu Dhabi - United Arab Emirates,24.1810369,55.732102499999996,3.6,23,OPERATIONAL,beauty_salon,,,,False,,,2026-10-09
ChIJ6d_oa8iJjSUR15P3HQcrfCw,Class Cleopatra Salon,Falaj Hazza' - Jefeer Jedeed - Abu Dhabi - United Arab Emirates,24.181879199999997,55.7325436,4.8,184,OPERATIONAL,beauty_salon,moderate,1,300,False,,,2026-10-09
ChIJ5S3N62uxij4RD6UOMWguC2U,مقص الزين للرجال,5QP3+7GW - Nahyan The First St - Industrial Area - Al Ajayyiz - Abu Dhabi - United Arab Emirates,24.1857482,55.753819699999994,4.8,49,OPERATIONAL,barber_shop,,,,False,,men-only,2026-10-09
ChIJK20APwC3ij4Rr9QerdoAoVg,صالون 1999 للرجال,5QH7+FR7 - Industrial Area - Leetag - Abu Dhabi - United Arab Emirates,24.178661299999998,55.7645534,4.5,42,OPERATIONAL,hair_salon,moderate,1,250,False,,men-only,2026-10-09
ChIJe312ZDKxij4RyI6Xy_M19PA,LAYALI AL FARAH LADIES SALON,Falaj Hazza' - Jefeer Jedeed - Abu Dhabi - United Arab Emirates,24.181904,55.7324255,4.1,15,OPERATIONAL,beauty_salon,,,,False,,,2026-10-09
ChIJK4Vz0ruxij4RrRV-AO23pyw,حلاق الصقور Falcons barber shop,Al Beewar 3 St - Industrial Area - Al Ajayyiz - Abu Dhabi - United Arab Emirates,24.1839056,55.7511678,5,15,OPERATIONAL,hair_salon,,,,False,,men-only,2026-10-09
ChIJGbP1Dt-xij4ReO46JKGjBW0,Sugar Touch Ladies Salon,Ash Shaheen St - Falaj Hazza' - Jefeer Jedeed - Abu Dhabi - United Arab Emirates,24.1815844,55.7327824,4.6,10,OPERATIONAL,beauty_salon,,,,False,,,2026-10-09
ChIJN-JTaQ6xij4RXhquuKhwiFU,SANVIKZ KIDS SALOON,Al Ain - Falaj Hazza' - Jefeer Jedeed - Abu Dhabi - United Arab Emirates,24.1819973,55.732533999999994,4.6,5,OPERATIONAL,hair_salon,,,,False,,,2026-10-09
ChIJsVjA0SKxij4Rlnt8On31QcU,صالون قمر للرجال QAMAR BARBERSHOP,شارع البيوار - Industrial Area - Al Ajayyiz - Abu Dhabi - United Arab Emirates,24.1847428,55.753457100000006,5,1,OPERATIONAL,barber_shop,,,,False,,men-only,2026-10-09
ChIJwYtvg8uwij4Rti1QYZc4dVE,صالون وسط المدينه Wast Almadina saloon,Unnamed Road - 5QP3+3WC - Industrial Area - Al Ajayyiz - Abu Dhabi - United Arab Emirates,24.1851852,55.754758599999995,3.8,32,OPERATIONAL,barber_shop,,,,False,,men-only,2026-10-09
ChIJERXyTkCxij4Ri9bWQWbnAtw,صالون روج للتجميل,130th St - Falaj Hazza' - Jefeer Jedeed - Abu Dhabi - United Arab Emirates,24.1818696,55.732467299999996,4,7,OPERATIONAL,beauty_salon,,,,False,,,2026-10-09
ChIJ9UWqfQC3ij4RUsATXiV0vws,صالون يوسف ناصر للرجال,5QJ5+V69 - Industrial Area - Leetag - Abu Dhabi - United Arab Emirates,24.1821651,55.7581066,5,2,OPERATIONAL,barber_shop,,,,False,,men-only,2026-10-09
ChIJWUEaf-23ij4RinR43kn6mJY,Edgy Cut Gent's Salon,Building 5 - Shop 3 As Siham 7 St - Industrial Area - Leetag - Abu Dhabi - United Arab Emirates,24.1876146,55.7585712,4.9,8,OPERATIONAL,hair_salon,,,,False,,men-only,2026-10-09
ChIJS_meLDW3ij4RRRSEejDCjSc,Sonic hair cutting saloon,5QM5+C5P - Industrial Area - Leetag - Abu Dhabi - United Arab Emirates,24.183591699999997,55.757939400000005,3.5,2,OPERATIONAL,hair_salon,,,,False,,,2026-10-09
ChIJeyu9DQCxij4RRQTCN56h_E8,salon maqas alwaley,5QM3+HGM - Industrial Area - Al Ajayyiz - Abu Dhabi - United Arab Emirates,24.1837398,55.7539245,,,OPERATIONAL,barber_shop,,,,False,,men-only,2026-10-09
ChIJWUpAvbu3ij4RemWMkvy7fAQ,SMILE MAN SALOON BRANCH 1,39 Al Mu'iddat 5 St - Industrial Area - Al Aras - Abu Dhabi - United Arab Emirates,24.177455199999997,55.7650307,4.9,11,OPERATIONAL,hair_salon,,,,False,,men-only,2026-10-09
ChIJORd6aUCxij4RhvLHeeEWRKc,صالون دي ام اتش للرجال DMH,Unnamed Road - Industrial Area - Al Ajayyiz - Abu Dhabi - United Arab Emirates,24.185653799999997,55.754373799999996,,,OPERATIONAL,hair_salon,,,,False,,men-only,2026-10-09
ChIJNyYgm6O3ij4R4FRjhlRcyLE,Paragon gents salon.صالون براجون للرجال,street - Industrial Area - num/1Al - Abu Dhabi - United Arab Emirates,24.178815,55.7645318,5,8,OPERATIONAL,hair_salon,,,,False,,men-only,2026-10-09
ChIJK8uF552xij4RD-ZWkBvF9Ck,صالون وادي الملوك للرجال,5PJM+M2P - 130th St - Falaj Hazza' - Jefeer Jedeed - Abu Dhabi - United Arab Emirates,24.1817073,55.7325713,5,1,OPERATIONAL,beauty_salon,,,,False,,men-only,2026-10-09
ChIJUe5gLASxij4RCjL27QYIP7M,Noor Al Sharaq barber Shop,5QP5+W2X - Nahyan The First St - Industrial Area - Leetag - Abu Dhabi - United Arab Emirates,24.187374199999997,55.7575967,5,2,OPERATIONAL,beauty_salon,,,,False,,men-only,2026-10-09
ChIJg5wBw7m3ij4RavgnMJr2oxg,صالون دبل ثري للرجال,At Tuma-neenah 4 St - دوار الحراج - شارع الطُّمَأنِينة 6 - مقابل كازابيلا كوفي والدربي كوفي - المنطقة الصناعية - العراس - أبو ظبي - United Arab Emirates,24.178534,55.766473600000005,4.9,635,OPERATIONAL,hair_salon,,,,False,,men-only,2026-10-09
ChIJt0FnGa23ij4Roj-n6w-dVnE,صالون برنس للرجال,Unnamed Road - Industrial Area - Al Aras - Abu Dhabi - United Arab Emirates,24.1783532,55.7659636,4.6,22,OPERATIONAL,hair_salon,,,,False,,men-only,2026-10-09
ChIJr4TZbQC3ij4Ry3LR7H3R7sM,نكست يو للحلاقة الرجالية,7 Al Mu'iddat 3 St - Industrial Area - Al Aras - Abu Dhabi - United Arab Emirates,24.178661899999998,55.7658546,3.9,16,OPERATIONAL,barber_shop,,,,False,,men-only,2026-10-09
ChIJu2F8efC3ij4Rnrg2iPAXbFE,Saloon Shabab Darina for Male - صالون شباب درينا للرجال,5QH8+86R - Industrial Area - Al Aras - Abu Dhabi - United Arab Emirates,24.1783528,55.7655037,4.7,10,OPERATIONAL,hair_salon,,,,False,,men-only,2026-10-09
ChIJd_e64623ij4R1mQBmGkOFl4,صالون قصتنا للرجال,Industrial Area - Al Aras - Abu Dhabi - United Arab Emirates,24.178070899999998,55.765523099999996,5,9,OPERATIONAL,barber_shop,,,,False,,men-only,2026-10-09
ChIJwTqxQ8m3ij4RBp7ZA4BYNQs,صالون ریحان,5QM7+3H8 - Unnamed Road - Industrial Area - Al Safrah - Abu Dhabi - United Arab Emirates,24.182640799999998,55.7639797,5,1,OPERATIONAL,hair_salon,,,,False,,,2026-10-09
ChIJxUBmqGe3ij4RjQb80qNaZxg,SMART LAB MEN SALON,العين - 34 Al Bees 5 St - Industrial Area - Al Safrah - Abu Dhabi - United Arab Emirates,24.181326499999997,55.7650546,4.8,4,OPERATIONAL,hair_salon,,,,False,,men-only,2026-10-09
ChIJtYzCQbK3ij4Rb2HReBv0l2k,صالون 96 للرجال,As Subh 9 St - Industrial Area - Al Aras - Abu Dhabi - United Arab Emirates,24.178064600000003,55.766668599999996,5,2,OPERATIONAL,hair_salon,,,,False,,men-only,2026-10-09
ChIJMX7BWRm3ij4RftIBsJvpfmg,صالون تيربو للرجال,5QG8+FHH - Industrial Area - Al Aras - Abu Dhabi - United Arab Emirates,24.1761944,55.7664896,5,1,OPERATIONAL,hair_salon,,,,False,,men-only,2026-10-09
ChIJkSweWUa3ij4R5jnuauc5j8E,صالون الربشه,العين - الصناعية - دوار الحراج - بجانب سوبر ماركت مكرمه - مقابل مغسلة تولم - Industrial Area - Al Aras - Abu Dhabi - United Arab Emirates,24.176114600000002,55.7648081,4,3,OPERATIONAL,hair_salon,,,,False,,,2026-10-09
ChIJ-wVlCwC3ij4RZ5ZXx5jsPgI,صالون ميلانو للحلاقة,As Subh 4 St - Industrial Area - Al Aras - Abu Dhabi - United Arab Emirates,24.176782499999998,55.767572599999994,,,OPERATIONAL,barber_shop,,,,False,,men-only,2026-10-09
ChIJa5afpii3ij4R78-1POiUmHY,lll,شارع الوكالات 9 - Industrial Area - Al Aras - Abu Dhabi - United Arab Emirates,24.1767386,55.7666775,4.7,26,OPERATIONAL,hair_salon,,,,False,,,2026-10-09
ChIJB1nNjzO3ij4RhQta29lcB8c,صالون قلقيلية للرجال و الاطفال,دوار الحراج - As Subh 9 St - Industrial Area - Al Aras - Abu Dhabi - United Arab Emirates,24.1768273,55.7666775,,,OPERATIONAL,hair_salon,,,,False,,men-only,2026-10-09
ChIJEY4ILgC3ij4RYocTOmXgl-I,حلاق رجالي,28 Al Mu'iddat 5 St - Industrial Area - Al Aras - Abu Dhabi - United Arab Emirates,24.1785866,55.764561199999996,5,1,OPERATIONAL,barber_shop,,,,False,,men-only,2026-10-09
ChIJ2RdKfku3ij4RaGPKXUOQJA4,BRIHANT GENTS SALOON LLC,Al Bees 2 St - near bin harmal masjid - Industrial Area - Al Safrah - Abu Dhabi - United Arab Emirates,24.182652599999997,55.7639917,5,1,OPERATIONAL,hair_salon,,,,False,,men-only,2026-10-09
ChIJYwCscDK4ij4RLjHaOXAf7yg,Radiance Beauty Center - Bawadi Mall,"Zayed Bin Sultan Street (Street # 137) - Souq Al Qaws Bawadi Mall,Al Ain - Al Noud - Wadi Al Ain 1 - Abu Dhabi - United Arab Emirates",24.1624461,55.8056505,4.3,121,OPERATIONAL,beauty_salon,,,,False,,,2026-10-09
ChIJp1HA9OS5ij4R9GfInDJitiM,Benefit Cosmetics Boutique & BrowBar Lounge,Bawadi Mall - Meyzad Road - Al Noud - Wadi Al Ain 1 - Abu Dhabi - United Arab Emirates,24.160237000000002,55.807462,4.9,975,OPERATIONAL,beauty_salon,,,,False,,,2026-10-09
ChIJCyRCFw25ij4RNGRnqT-X7d4,Black and White Gents Salon,An Nama-a 3 St - Al Noud - Wadi Al Ain 1 - Abu Dhabi - United Arab Emirates,24.162485399999998,55.8057179,5,20,OPERATIONAL,hair_salon,,,,False,,men-only,2026-10-09
ChIJ6WYRpQO5ij4R9GOQr26WLug,City Cut Salon,19 An Nama-a 3 St - Al Noud - Wadi Al Ain 1 - Abu Dhabi - United Arab Emirates,24.1600039,55.8069825,2.9,8,OPERATIONAL,barber_shop,,,,False,,men-only,2026-10-09
ChIJr4m2LMm5ij4Rr_9O-KENbbE,Hurit Al Bahar Henna Salon,5R74+654 - Al Noud - Wadi Al Ain 1 - Abu Dhabi - United Arab Emirates,24.162941399999998,55.8054536,3.7,3,OPERATIONAL,beauty_salon,,,,False,,,2026-10-09
ChIJDTXZnC24ij4RcS-lMwQVR3M,Shakespear saloon,Unnamed Road - 5R74+46V - النُّود - وادي العين 1 - أبو ظبي - United Arab Emirates,24.1628707,55.8055375,4.3,4,OPERATIONAL,nail_salon,,,,False,,,2026-10-09
ChIJR6pg8b65ij4Rc2UE94Pjpu0,صالون عبدالله احمد,5R75+3WW - النُّود - وادي العين 1 - أبو ظبي - United Arab Emirates,24.162745899999997,55.809825399999994,,,OPERATIONAL,hair_salon,,,,False,,,2026-10-09
ChIJf0hDVvG5ij4R-3TkDdEOB9w,Gujranwala salon,1 Al Nama Street 2 - Al Noud - Wadi Al Ain 1 - Abu Dhabi - United Arab Emirates,24.1624119,55.8160514,4.8,5,OPERATIONAL,hair_salon,,,,False,,,2026-10-09
ChIJXQ6OLDK4ij4R_SRF_TWuVTI,Benefit Cosmetics Brow Bar,Sephora Bawadi Mall - Meyzad Road - Al Noud - Wadi Al Ain 1 - Abu Dhabi - United Arab Emirates,24.161051,55.807009,5,1,OPERATIONAL,beauty_salon,,,,False,,,2026-10-09
ChIJXWqKk3ixij4RMwvu8dUKO9s,SOLO Beauty Center مركز سولو للتجميل,Khalid Bin Sultan St - Al Mu'tarid - Al Ghail - Abu Dhabi - United Arab Emirates,24.205357400000004,55.7419168,4.3,359,OPERATIONAL,beauty_salon,,,,False,,,2026-10-09
ChIJKYRkPLG3ij4ResFU6w9CLQg,صالون كيوي Kiwi Salon,Al Ain - Al Mu'tarid - Al Ghail - Abu Dhabi - United Arab Emirates,24.205811300000004,55.739893900000006,4.6,203,OPERATIONAL,beauty_salon,moderate,1,300,False,,,2026-10-09
ChIJIVxKcxSxij4RmmEG3Ws025M,Hevar Beauty Salon | مركز هيفار للتجميل,Al Mu'tarid - Al Ghail - Abu Dhabi - United Arab Emirates,24.207355999999997,55.7377575,4.3,62,OPERATIONAL,beauty_salon,expensive,100,500,False,,,2026-10-09
ChIJodo1MACxij4RUDlmajOn_LM,Perna Beauty Center- صالون بيرنا للسيدات,6P4Q+V98 - Al Mu'tarid - Al Ghail - Abu Dhabi - United Arab Emirates,24.2071875,55.738437499999996,4.4,57,OPERATIONAL,beauty_salon,,,,False,,,2026-10-09
ChIJef4lftuxij4Rfi7yz9mf2n8,رينبوس صالون السيدات,Falaj Hazza' - Al Mnaizlah - Abu Dhabi - United Arab Emirates,24.2013653,55.7373708,4.1,48,OPERATIONAL,beauty_salon,moderate,1,300,False,,,2026-10-09
ChIJT0wjtIaxij4RwYFBNm-PToI,Anna Lashes Al Ain,17 Al 'Udoud St - Al Mu'tarid - Al Ghail - Abu Dhabi - United Arab Emirates,24.2068232,55.7445987,5,2,OPERATIONAL,beauty_salon,,,,False,,,2026-10-09
ChIJpy8hMgCxij4RXYPtqHWrUDg,صالون ينال ستايل,6P4M+C4C - Al Minayzlah St - Falaj Hazza' - Al Mnaizfah - Abu Dhabi - United Arab Emirates,24.2060542,55.732767800000005,4.8,19,OPERATIONAL,hair_salon,,,,False,,,2026-10-09
ChIJ8-ChZQCxij4RH4RdrcS1s5g,Rouge and Henna Beauty salon and SPA,دوار الغيل - Al Mu'tarid - Al Ghail - Abu Dhabi - United Arab Emirates,24.207341,55.737880200000006,4.7,115,OPERATIONAL,beauty_salon,expensive,1,500,False,,,2026-10-09
ChIJTRqhNACxij4Rxymyy5_qv4o,صالون الهيبة الدمشقية للحلاقة والعناية بالرجال,بجانب حديقة - شارع - Al Jahili - Al Ghail - Abu Dhabi - United Arab Emirates,24.2071373,55.7462283,3.7,6,OPERATIONAL,hair_salon,,,,False,,men-only,2026-10-09
ChIJv6Aa7h-xij4RoyIA_R9SrRs,Salon Sayon,6P5F+3X2 - Zayed The First St - Al Muwaij'i - Al Ruwaikah - Abu Dhabi - United Arab Emirates,24.207642099999997,55.724894299999995,4.3,11,OPERATIONAL,barber_shop,,,,False,,men-only,2026-10-09
ChIJ0WnwuQ6xij4RmUmcRVyrPbw,Magic Barbershop,6P49+RV5 - Al Muwaij'i - Al Ruwaikah - Abu Dhabi - United Arab Emirates,24.2070075,55.7197338,3.2,13,OPERATIONAL,barber_shop,,,,False,,men-only,2026-10-09
ChIJ8Q0hQ6qvij4Rb95eqS263ys,ALKHAT ALMOSTGEEM صالون الخط المستقيم,Ras as simayrah st - Falaj Hazza' - Al Mnaizlah - Abu Dhabi - United Arab Emirates,24.2024957,55.7432886,4.1,7,OPERATIONAL,barber_shop,,,,False,,men-only,2026-10-09
ChIJ04PtEHavij4RTamEEQiGwq8,Straight line saloon,54 Al hasham st - Falaj Hazza' - Al Mnaizlah - Abu Dhabi - United Arab Emirates,24.201392199999997,55.737231400000006,4.2,5,OPERATIONAL,hair_salon,,,,False,,,2026-10-09
ChIJMzaN1SKxij4RKCscwi0Qcfw,صالون سكاي بلو للرجال,6P4Q+W8Q - Al Mu'tarid - Al Ghail - Abu Dhabi - United Arab Emirates,24.207342699999998,55.7383446,1,1,OPERATIONAL,hair_salon,,,,False,,men-only,2026-10-09
ChIJ-Xb39lixij4Rn--xswo-2xc,Imagine Gents Saloon,Falaj Hazza' - Al Mnaizlah - Abu Dhabi - United Arab Emirates,24.201401399999998,55.7372522,5,3,OPERATIONAL,hair_salon,,,,False,,men-only,2026-10-09
ChIJ8XAraaaxij4RUUoR2y7Qtx0,Saloon Hamis for ladies,56 Barqa An Nisil St - Falaj Hazza' - Al Mnaizlah - Abu Dhabi - United Arab Emirates,24.1997102,55.7367626,,,OPERATIONAL,beauty_salon,,,,False,,,2026-10-09
ChIJazuCJgCxij4RxqJ748CcFgg,FALAJ HAZZA BARBER SHOP,6P2P+HHF - Falaj Hazza' - Al Mnaizlah - Abu Dhabi - United Arab Emirates,24.201437499999997,55.736421899999996,3.3,4,OPERATIONAL,barber_shop,,,,False,,men-only,2026-10-09
ChIJ8cBnmJKxij4RzrqPlMRDco0,مركز سيسيليا للتجميل,Etisalat Khalid Bin Sultan St - Al Muwaij'i - Al Ruwaikah - Abu Dhabi - United Arab Emirates,24.202430699999997,55.7190976,5,1,OPERATIONAL,beauty_salon,,,,False,,,2026-10-09
ChIJ5RJyqJCxij4RktZ9KF0z9pU,Pakki Barber Shop,64 Ras As Simayrah St - Falaj Hazza' - Al Mnaizlah - Abu Dhabi - United Arab Emirates,24.202506699999997,55.7432885,,,OPERATIONAL,barber_shop,,,,False,,men-only,2026-10-09
ChIJx1IHM9Cxij4RtuycP8xNkI8,صالون زهرة العين للحلاقة الرجالية Zahrat al ain barbershop,Etisalat - Khalid Bin Sultan St - Al Muwaij'i - Al Mnaizfah - Abu Dhabi - United Arab Emirates,24.2060952,55.732839899999995,2.8,5,OPERATIONAL,hair_salon,,,,False,,men-only,2026-10-09
ChIJLQE6j0a3ij4RvKNZoRZj2PA,ᴘᴀᴋ ᴋᴀʙᴜʟ ɢᴇɴᴛs sᴀʟᴏᴏɴ,Bin Hamooda GMC showroom - Industrial Area - Al Safrah - Abu Dhabi - United Arab Emirates,24.1929467,55.763238099999995,4.8,21,OPERATIONAL,beauty_salon,moderate,1,100,False,,,2026-10-09
ChIJz1T1F822ij4RB6vGCirs0no,Harmony Beauty Center Salon&Spa,118th St - Al Jahili - Hai Al Qalaa - Abu Dhabi - United Arab Emirates,24.2142624,55.7593763,4.5,65,OPERATIONAL,beauty_salon,,,,False,,,2026-10-09
ChIJ2YeyBiq3ij4Rg59bYqN9Ank,Euroasian Hair and Beauty Salon,Al Ain - Industrial Area - Al Naglah - Abu Dhabi - United Arab Emirates,24.2031429,55.7629502,4.5,138,OPERATIONAL,beauty_salon,,,,False,,,2026-10-09
ChIJkwCM_7u3ij4RfivXguxDyoM,صالون قمة الجمال الرجال,5QQ5+5J6 - Nahyan The First St - Industrial Area - Leetag - Abu Dhabi - United Arab Emirates,24.1879025,55.7590247,4,7,OPERATIONAL,hair_salon,,,,False,,men-only,2026-10-09
ChIJE8A-NEexij4RNxA5ezYcVeo,Layali lebanon,60 Al Wafa St - Al Jahili - Hai Al Qalaa - Abu Dhabi - United Arab Emirates,24.2139965,55.759289599999995,3.4,21,OPERATIONAL,beauty_salon,,,,False,,,2026-10-09
ChIJAYM6F--3ij4R_W-VgvbSY-g,Saloon salem mohammed alsageer,5QQ5+VM3 - Industrial Area - Batha Al Hayer - Abu Dhabi - United Arab Emirates,24.189630299999997,55.7591742,4.8,22,OPERATIONAL,barber_shop,,,,False,,men-only,2026-10-09
ChIJvfrHAwC3ij4RUywaxYXc0CI,صالون ستايل بوكس للرجال,116 Al Diqqah 5 St - Industrial Area - Al Safrah - Abu Dhabi - United Arab Emirates,24.1860645,55.7650958,4.8,47,OPERATIONAL,barber_shop,,,,False,,men-only,2026-10-09
ChIJv-2Z1RSxij4R8w47hRytG-k,Snaiya Al ain,57 Ad Diman 3 St - near Abdullah Pharmacy - Industrial Area - Batha Al Hayer - Abu Dhabi - United Arab Emirates,24.1903619,55.756571799999996,4.5,2,OPERATIONAL,barber_shop,,,,False,,men-only,2026-10-09
ChIJ-SFSMACxij4R17lzBcAAJSI,حلاق سوبر كت,5QV3+3CP - Industrial Area - Batha Al Hayer - Abu Dhabi - United Arab Emirates,24.1927143,55.7535892,5,1,OPERATIONAL,barber_shop,,,,False,,men-only,2026-10-09
ChIJKewXR3q3ij4R-0wPeIEhZ-o,NOOR Albateen Gents Salon - Industrial Area Al Ain : صالون نور البطين للرجال- المنطقة الصناعية العين,85 Al Diqqah 5 St - Industrial Area - Al Safrah - Abu Dhabi - United Arab Emirates,24.189012899999998,55.7648619,5,1,OPERATIONAL,barber_shop,,,,False,,men-only,2026-10-09
ChIJH3JMOAC3ij4Rv1fPqkpearY,Daffodils Mens Saloon,6Q37+C52 - Industrial Area - Al Naglah - Abu Dhabi - United Arab Emirates,24.2034693,55.7629192,4.3,7,OPERATIONAL,barber_shop,,,,False,,men-only,2026-10-09
ChIJ_____0u3ij4R507fvmSLE6k,Saleckot Gents Saloon,street 2 - Industrial Area - Batha Al Hayer - Abu Dhabi - United Arab Emirates,24.193812500000003,55.7575625,4.9,9,OPERATIONAL,beauty_salon,,,,False,,men-only,2026-10-09
ChIJIXCoIgC3ij4Reh5ADSX6vgg,Salon Men’s station - صالون مينز ستيشن للرجال,Al Lujayn 4 St - Industrial Area - Al Naglah - Abu Dhabi - United Arab Emirates,24.2020724,55.7651074,4.8,68,OPERATIONAL,hair_salon,moderate,1,150,False,,men-only,2026-10-09
ChIJ2W0X5v-3ij4RFdCZaQlBxIs,Point cut saloon,6Q28+5V3 - 8th St - Industrial Area - Al Naglah - Abu Dhabi - United Arab Emirates,24.200377200000002,55.76718710000001,4.7,7,OPERATIONAL,barber_shop,,,,False,,men-only,2026-10-09
ChIJDcUqOIuxij4RkSPlkxxlHTA,صالون مودرن للرجال,5QX4+6J7 - Industrial Area - Shiebat Al Salam - Abu Dhabi - United Arab Emirates,24.19803,55.7565351,4.4,13,OPERATIONAL,barber_shop,,,,False,,men-only,2026-10-09
ChIJ10B_2SS3ij4RRNX3SYZVIGw,Best Nice gent's salon,5QV5+8HW - Unnamed Road - Industrial Area - Batha Al Hayer - Abu Dhabi - United Arab Emirates,24.193356200000004,55.7589489,,,OPERATIONAL,hair_salon,,,,False,,men-only,2026-10-09
ChIJWYQZ12uxij4RbnQIh6nfpQw,SOBIA LADIES BEAUTY SALON L.L.C,Jahili Al Mutared Thameen Street - المطاوعة - حي المطاوعة - أبو ظبي - United Arab Emirates,24.205755099999998,55.7534632,4.5,13,OPERATIONAL,beauty_salon,,,,False,,,2026-10-09
ChIJW_21KQC3ij4RMswrmVsT_Dg,Kabul Peshawer salon صالون كابول بيشاور,العين - 19 Ash Shallal 8 St - Industrial Area - Al Safrah - Abu Dhabi - United Arab Emirates,24.1919334,55.7635757,4.9,10,OPERATIONAL,hair_salon,,,,False,,,2026-10-09
ChIJry-LdACxij4RD8YiUG42EtA,صالون نسيم الربيع للرجال,41 شارع المُنشئات 4 - Industrial Area - Batha Al Hayer - Abu Dhabi - United Arab Emirates,24.190565199999998,55.7574992,,,OPERATIONAL,barber_shop,,,,False,,men-only,2026-10-09
ChIJyYMCi8-3ij4RzRGSxaPZ10c,shamail henna artist,Al Sarouj - Al Harmoozi - Abu Dhabi - United Arab Emirates,24.205212,55.7763029,,,OPERATIONAL,beauty_salon,,,,False,,,2026-10-09
ChIJ43PXArW3ij4RYgk4l-vJND0,DASH Beauty Lounge,99 Al Maragh St - Al Sarouj - Hai Al Wadi - Abu Dhabi - United Arab Emirates,24.188633199999998,55.799248899999995,3.8,32,OPERATIONAL,beauty_salon,,,,False,,,2026-10-09
ChIJhdRh-SS3ij4RWEGDtF1U1iw,The White House Beauty Center,10th - Villa 66 شارع زُوَّان - وسط المدينة - النيادات - أبو ظبي - United Arab Emirates,24.212033299999998,55.7861754,4.5,15,OPERATIONAL,beauty_salon,,,,False,,,2026-10-09
ChIJUzUGdh63ij4R-HVKxqDh2Vw,Paris New saloon,Al Sarouj - District - Abu Dhabi - United Arab Emirates,24.207536599999997,55.785574499999996,4.5,15,OPERATIONAL,hair_salon,,,,False,,,2026-10-09
ChIJJ9JFBri3ij4RgLAEDho3wR4,Therapy Bodycare Lounge,Shabhat Plaza - 99 Al Maragh St - Al Sarouj - Hai Al Wadi - Abu Dhabi - United Arab Emirates,24.188634200000003,55.799171599999994,5,4,OPERATIONAL,beauty_salon,,,,False,,,2026-10-09
ChIJPQGMUPK3ij4RGjIiyDqsVgQ,صالون امجاد الوطن,6Q3V+WHC - الصاروج - المشل - أبو ظبي - United Arab Emirates,24.2048004,55.7939061,4.4,10,OPERATIONAL,barber_shop,,,,False,,men-only,2026-10-09
ChIJU-0AU3S3ij4RZhJnzQvIhfU,نايس ستايل للحلاقه,99 Al Maragh St - Al Sarouj - Hai Al Wadi - Abu Dhabi - United Arab Emirates,24.188780299999998,55.7993634,4,3,OPERATIONAL,barber_shop,,,,False,,men-only,2026-10-09
ChIJj-6eFwC3ij4RKnDsg-zGhHM,30 Saloon_صالون حلاقه,6R53+8WV - Central District - Al Talaa - Abu Dhabi - United Arab Emirates,24.208355899999997,55.8047938,4.9,45,OPERATIONAL,hair_salon,,,,False,,men-only,2026-10-09
ChIJuY4YQgC3ij4R81hV7rCcBKA,صالون المنهج,16 Niqa Al Maʹashi St - Al Sarouj - Al Mashall - Abu Dhabi - United Arab Emirates,24.1975221,55.7979643,4,2,OPERATIONAL,barber_shop,,,,False,,men-only,2026-10-09
ChIJiTqkbR63ij4R-irfNZE1EOI,Rashad Saloon,6Q4M+XWW - Khalid Bin Sultan Street (Hilton Road) - Al Sarouj - District - Abu Dhabi - United Arab Emirates,24.207486,55.784821,,,OPERATIONAL,hair_salon,,,,False,,,2026-10-09
ChIJ42JOKQC3ij4RfplvGylfyGs,NJM AL RIMAL GENTS SALOON,43 شارع القمرى - Al Sarouj - Al Mashall - Abu Dhabi - United Arab Emirates,24.1976053,55.7970171,5,1,OPERATIONAL,barber_shop,,,,False,,men-only,2026-10-09
ChIJ-85bawC3ij4RNDpbLXmUBZw,City center,5RX2+7PR - Al Sarouj - Al Shabhat - Abu Dhabi - United Arab Emirates,24.1982371,55.8017774,4.5,2,OPERATIONAL,barber_shop,,,,False,,men-only,2026-10-09
ChIJIdbJY6Orij4RLauLzQeStq8,صالون اطفال ليتل كدز,Bin Anees al amirah Building - Street 51 Al Waha Al Amirah - Al Aamerah - Al Waha Al Aamerah - Abu Dhabi - United Arab Emirates,24.224256,55.5527308,4.2,118,OPERATIONAL,hair_salon,,,,False,,,2026-10-09
ChIJdWxdAMirij4RfYMcrX0oCLI,OCEAN BEAUTY CENTER- Alyahar,Al Aamerah - Al Waha Al Aamerah - Abu Dhabi - United Arab Emirates,24.2217868,55.546720099999995,4.8,353,OPERATIONAL,beauty_salon,moderate,1,200,False,,,2026-10-09
ChIJBTsfZaOrij4RLWgcGF0WdAY,صالون سونا اليحر sona salon,Al Aamerah - Al Waha Al Aamerah - Abu Dhabi - United Arab Emirates,24.224369499999998,55.5529857,2.7,43,OPERATIONAL,beauty_salon,,,,False,,,2026-10-09
ChIJXcRycq6rij4RXLLD_tPsaLk,RAW Beauty Salon L.L.C,Al Ain Rd - Al Aamerah - Al Waha Al Aamerah - Abu Dhabi - United Arab Emirates,24.221921299999998,55.546723099999994,4.1,146,OPERATIONAL,beauty_salon,,,,False,,,2026-10-09
ChIJSe2ZH1irij4R3b-ju9B9jEM,Calma SPA | كالما سبا,Al Ain Rd - Al Aamerah - Al Waha Al Aamerah - Abu Dhabi - United Arab Emirates,24.2245064,55.5518368,4.6,60,OPERATIONAL,beauty_salon,moderate,1,300,False,,,2026-10-09
ChIJvQv1ptGrij4R-UT44SnvJ8I,Class Cleopatra Salon,Al Ain Rd - Al Aamerah - Al Waha Al Aamerah - Abu Dhabi - United Arab Emirates,24.226465299999997,55.557183699999996,4.9,512,OPERATIONAL,beauty_salon,expensive,100,500,False,,,2026-10-09
ChIJa2LlS7Grij4RzC192Tf8-h0,صالون الاخلاص النسائي,8 Nazwa St - Al Aamerah - Al Waha Al Aamerah - Abu Dhabi - United Arab Emirates,24.224272,55.552481799999995,3.5,12,OPERATIONAL,beauty_salon,,,,False,,,2026-10-09
ChIJLSoUyY2rij4RRDLBM0DgZHk,صالون بيل فلور للتجميل,اليحر الشمالي - 6HF2+RM5 - Al Aamerah - Al Waha Al Aamerah - Abu Dhabi - United Arab Emirates,24.224523299999998,55.551748599999996,4.4,47,OPERATIONAL,beauty_salon,expensive,1,600,False,,,2026-10-09
ChIJ_2g8q5Krij4RT0GHhjNKa2Q,Soft beauty - صالون,6GCW+J56 - Unnamed Road - Al Aamerah - Al Waha Al Aamerah - Abu Dhabi - United Arab Emirates,24.2245585,55.5517106,4.1,18,OPERATIONAL,beauty_salon,,,,False,,,2026-10-09
ChIJ32BduMerij4RVe1lRl02D5M,HOME OF QUEEN BEAUTY CENTER,Al Ain Rd - Al Aamerah - Al Rifaa - Abu Dhabi - United Arab Emirates,24.228812899999998,55.5608334,3.2,17,OPERATIONAL,beauty_salon,,,,False,,,2026-10-09
ChIJOVy3PMarij4RWWHzpQHYXME,صالون فجر السليمات للرجال,Al Aamerah - Al Waha Al Aamerah - Abu Dhabi - United Arab Emirates,24.222200599999997,55.5473578,3,12,OPERATIONAL,barber_shop,,,,False,,men-only,2026-10-09
ChIJwRxUuLKrij4R9lk-zofNVGE,Glow & Grace salon صالون جلو اند غريس,Hisn Al Ghayl St - Al Aamerah - Al Waha Al Aamerah - Abu Dhabi - United Arab Emirates,24.224860399999997,55.5525716,4.7,16,OPERATIONAL,beauty_salon,,,,False,,,2026-10-09
ChIJYUoTGwCrij4RmxAt8U9KOx0,Salon_Anarous (صالون اناروز ),13 Hisn Al Ghayl St - Al Aamerah - Al Waha Al Aamerah - Abu Dhabi - United Arab Emirates,24.2241139,55.551944999999996,3.7,3,OPERATIONAL,beauty_salon,,,,False,,,2026-10-09
ChIJhYQ9C5mrij4RH-3Y0yi96kg,حلاق قمر الیحر,Unnamed Rd - Al Aamerah - Al Waha Al Aamerah - Abu Dhabi - United Arab Emirates,24.222631099999997,55.5493721,4.1,15,OPERATIONAL,hair_salon,,,,False,,men-only,2026-10-09
ChIJW3lViT-rij4RBh3Rb4MjbmM,صالون ليتل هير للأطفال little Hair Kids Salon,Hisn Al Ghayl St - Al Aamerah - Al Waha Al Aamerah - Abu Dhabi - United Arab Emirates,24.2245052,55.5526321,4.9,17,OPERATIONAL,hair_salon,,,,False,,,2026-10-09
ChIJo2O5X6Wrij4Ro0oVnj2M40U,صالون الطيف الذهبي للرجال,6GCW+RRV - Al Aamerah - Al Waha Al Aamerah - Abu Dhabi - United Arab Emirates,24.2221078,55.5470505,3.7,3,OPERATIONAL,barber_shop,,,,False,,men-only,2026-10-09
ChIJ87oNO1arij4R931BObDRzhw,صالون الحوراء لتجميل السيدات,Unnamed Road - Al Aamerah - Al Waha Al Aamerah - Abu Dhabi - United Arab Emirates,24.224544899999998,55.551781299999995,4.2,13,OPERATIONAL,beauty_salon,,,,False,,,2026-10-09
ChIJwbrCNFCrij4Rsh5duW10TuY,صالون زوينة للسيدات - خدمة المنازل,18 شارع طَوِي جَحَر - Al Aamerah - Al Rifaa - Abu Dhabi - United Arab Emirates,24.226377199999998,55.5611768,4.2,11,OPERATIONAL,beauty_salon,,,,False,,,2026-10-09
ChIJfTXji0Orij4R6tfTCEQIWek,فرموشة للتجميل,6HG4+HVV - 89th St - Al Aamerah - Al Waha Al Aamerah - Abu Dhabi - United Arab Emirates,24.2264838,55.557164,4.1,12,OPERATIONAL,beauty_salon,,,,False,,,2026-10-09
ChIJHTM5Pmirij4RE7woCl_Nr14,الحلاق رماديBarber Ramadi,6GFX+3R4 - Al Aamerah - Al Waha Al Aamerah - Abu Dhabi - United Arab Emirates,24.2226318,55.5495807,3.3,3,OPERATIONAL,barber_shop,,,,False,,men-only,2026-10-09
ChIJdRNUhNOtij4RV5ZTHiJWYUE,SMART QUALITY GENTS HAIRDRESSING سمارته كوالتي الحلاقت الرخيت,27 شارع الروايا - Al Salamat - Al Salamat 1 - Abu Dhabi - United Arab Emirates,24.211878900000002,55.5861917,5,4,OPERATIONAL,beauty_salon,,,,False,,men-only,2026-10-09
ChIJh1Q8ioStij4RMmrE6lF0VB0,Seeh Sullam Salon,Al Salamat - Al Salamat 1 - Abu Dhabi - United Arab Emirates,24.211465099999998,55.5861759,5,1,OPERATIONAL,barber_shop,,,,False,,men-only,2026-10-09
ChIJA1hqHQCtij4Rg3VXhTel5qQ,Mall of Al ain,9 شارع الحشا - Al Salamat - Al Salamat 1 - Abu Dhabi - United Arab Emirates,24.2139764,55.587101399999995,,,OPERATIONAL,nail_salon,,,,False,,,2026-10-09
ChIJ34CaaACtij4R5q99hBnibtg,Al salamat,6H6P+JGM - Al Salamat - Al Salamat 1 - Abu Dhabi - United Arab Emirates,24.211591199999997,55.586300099999995,,,OPERATIONAL,beauty_salon,,,,False,,,2026-10-09
ChIJKd8e7BW3ij4R1k01bqxDmKE,HALO Beauty,"Hai Qasaidah, 6 street, Al Ain back side KFC - Khalifa binz zayed street - وسط المدينة - حي قصيدة - أبو ظبي - United Arab Emirates",24.2243225,55.7601035,4.8,606,OPERATIONAL,beauty_salon,,,,False,,,2026-10-09
ChIJTQR2LGixij4RcHgrhdYfyjQ,صالون سونا المويجعي sona salon,Al Ain - Al Mu'tarid - Ugdat Al Muwaiji - Abu Dhabi - United Arab Emirates,24.2251847,55.735263599999996,3.6,197,OPERATIONAL,beauty_salon,,,,False,,,2026-10-09
ChIJoUtyIYuxij4RPWUJdrIMnUY,انفينتي بيوتي سنتر infinity beauty center,"Alain, khalifa Bin Zayed Al Awal Street - المعترض - عود الحصاة - أبو ظبي - United Arab Emirates",24.2272718,55.744094999999994,4.7,106,OPERATIONAL,beauty_salon,moderate,100,400,False,,,2026-10-09
ChIJS2haLOm3ij4RdHn1xgk3GLo,Fylla Beauty Lounge Al Ain,Al Tayseer St - Central District - Hai Al Madheef - Abu Dhabi - United Arab Emirates,24.2265598,55.7654864,4.9,1170,OPERATIONAL,beauty_salon,expensive,100,500,False,,,2026-10-09
ChIJz-uNw6axij4RX0vDmGzHhEA,صالون عروس البتول للحناء والتجميل saloon aroos albatul,AlAin - 62 Al 'Anajeej St - Al Mu'tarid - Hai Hazaa Mosque - Abu Dhabi - United Arab Emirates,24.221810899999998,55.7444383,4,62,OPERATIONAL,beauty_salon,,,,False,,,2026-10-09
ChIJW_LGkcy2ij4RSLOZoWF-dbg,Batavia Beauty Center,118th St - Central District - Al Rubainah - Abu Dhabi - United Arab Emirates,24.2173596,55.7598531,4.4,239,OPERATIONAL,beauty_salon,,,,False,,,2026-10-09
ChIJq6qaVEuxij4RWWIh9sKUrhE,مركز حمام الجمال المغربي - Al Jamal Al Maghrebi Hamam & Beauty Salon,Oud Touba - Building No 87 Ali Bin Abi Talib St - Central District - Nad Al Rusas - Abu Dhabi - United Arab Emirates,24.2278877,55.7576173,4.6,227,OPERATIONAL,beauty_salon,moderate,100,300,False,,,2026-10-09
ChIJt8V2Jba3ij4RmMXrTzrGtYc,AFRICAN CARIBBEAN GENTS SALON,Khalifa Bin Zayed St - Central District - Hai Al Qasr - Abu Dhabi - United Arab Emirates,24.221433,55.7580131,4.7,261,OPERATIONAL,hair_salon,moderate,1,100,False,,men-only,2026-10-09
ChIJS-YvDbW2ij4RasrqSqPnGTI,Karkafi Hair Extension Al Ain قرقفي للشعر المستعار (اكستنشن) العين,Sheikh Khalifa Bin Zayed St - near KFC - Central District - Al Mutawaa - Abu Dhabi - United Arab Emirates,24.2247813,55.7600603,4.8,268,OPERATIONAL,hair_care,,,,False,,,2026-10-09
ChIJAedexYixij4RkBJo11kzsHg,Lavella spa and salon,Apartment No. 3 Floor No - 2nd St - Central District - Hai Al Qasr - Abu Dhabi - United Arab Emirates,24.2232954,55.7574147,4.5,114,OPERATIONAL,beauty_salon,moderate,1,200,False,,,2026-10-09
ChIJ67lzQ9S3ij4R3An0QtVOzDQ,Al Farasha Al Dhabia,"Al-Ain - from the back, First parking - Same side as Sedar but from the back - Oud Altouba Street - وسط المدينة - حي الحميرة - أبو ظبي - United Arab Emirates",24.2269085,55.7581273,4.6,100,OPERATIONAL,beauty_salon,,,,False,,,2026-10-09
ChIJjRN9-Fu3ij4R74aJo3SpH8w,Lafaile Spa,"Town center, gold souk - Central District - Hai Al Souq - Abu Dhabi - United Arab Emirates",24.221029899999998,55.7649319,4,142,OPERATIONAL,beauty_salon,,,,False,,,2026-10-09
ChIJz_AZxHqzij4R1pfjNDA1yE4,Lavellebeautylounge,Al Ain - Al Mu'tarid - Harat Mohd Ibn Khalifa - Abu Dhabi - United Arab Emirates,24.222653599999997,55.7454755,4.7,222,OPERATIONAL,beauty_salon,moderate,1,200,False,,,2026-10-09
ChIJkYN0zsu2ij4Rjk4e7FSfYDU,Al Reem Ladies Saloon,Central District - Al Rubainah - Abu Dhabi - United Arab Emirates,24.221099499999998,55.762368699999996,4.3,46,OPERATIONAL,beauty_salon,,,,False,,,2026-10-09
ChIJldRHUzWxij4RVwF96KlfMSo,مركز فرنسا ستايل صالون نسائي France Style Salon,العين مركز المدينة اشارات الساعه بناية - شوكولالا المنطقة المركزية – حي القصر العين - Chocolala Central District - Hai Al Qasr Al Ain - Central District - Hai Al Qasr - Abu Dhabi - United Arab Emirates,24.222471499999997,55.757787799999996,4.2,112,OPERATIONAL,beauty_salon,moderate,1,300,False,,,2026-10-09
ChIJr9Go6Y63ij4Rz2x2lb9RlDA,HAYAT BEAUTY SALON صالون حياة للتجميل,"Near Clock Tower Al Hamoor & Al Kasoor Building 2nd floor, 203, Al Ain Sector hai Qesaidah Road 1 - 9 شارع أبها - وسط المدينة - حي قصيدة - أبو ظبي - United Arab Emirates",24.2217693,55.7596717,4.9,183,OPERATIONAL,beauty_salon,expensive,1,500,False,,,2026-10-09
ChIJlwqCQO5pXj4RcCzZmE-eNeE,Revansh Beauty Salon - ريفانش بيوتي صالون,Oud Al-Tawbah St - Central District - Nad Al Rusas - Abu Dhabi - United Arab Emirates,24.2281868,55.761139799999995,4.6,186,OPERATIONAL,beauty_salon,very_expensive,200,500,False,,,2026-10-09
ChIJZTZ04vSvij4RB3OIiV4alwA,La Meera Beauty Lounge and Spa مركز لاميرا لتجميل السيدات,Al Bateel St - Central District - Hai Al Humaira - Abu Dhabi - United Arab Emirates,24.226755999999998,55.764431599999995,4.5,188,OPERATIONAL,beauty_salon,,,,False,,,2026-10-09
ChIJA7oWOwCxij4RBsuCy_BNTTY,Thai Spa New Branch,128 Zayed Bin Sultan St - Al Mu'tarid - Nad Al Shareea - Abu Dhabi - United Arab Emirates,24.220264699999998,55.741375399999995,4.1,27,OPERATIONAL,beauty_salon,,,,False,,,2026-10-09
ChIJhZ2WJA-3ij4RiewECdncvWU,Mubazzara Family Beauty Lounge & Spa,"6QF6+V4 - 2nd Floor, KFC Building - شارع خليفة بن زايد - وسط المدينة - حي قصيدة - أبو ظبي - United Arab Emirates",24.224653,55.7604012,4.5,218,OPERATIONAL,beauty_salon,,,,False,,,2026-10-09
ChIJkT5wMMO2ij4RN1d6KTp6T14,صالون قمر العين للحلاقة,6Q9G+4HW - Central District - Al Kuwaitat - Abu Dhabi - United Arab Emirates,24.217862999999998,55.7764661,4.3,23,OPERATIONAL,hair_salon,,,,False,,men-only,2026-10-09
ChIJSU-pSsO3ij4R5imXPoi3scU,صالون رنا بلحص,Sheikh Khalifa Bin Zayed St - Central District - Hai Al Madheef - Abu Dhabi - United Arab Emirates,24.2258004,55.7673224,4.7,397,OPERATIONAL,beauty_salon,very_expensive,200,500,False,,,2026-10-09
ChIJSVIAIgCxij4RgYpJcfL6-no,صالون فرحة العمر للسيدات,212 Hessa Bint Mohamed St - Central District - Al Kuwaitat - Abu Dhabi - United Arab Emirates,24.2179935,55.7770048,4.7,15,OPERATIONAL,beauty_salon,,,,False,,,2026-10-09
ChIJMxhIBsi2ij4R0XVg77oPMjE,لابيرلا سبا La Perla Spa,شارع الشيخ خليفة بن زايد - Central District - Hai Al Madheef - Abu Dhabi - United Arab Emirates,24.225189399999998,55.7687904,4.4,131,OPERATIONAL,beauty_salon,,,,False,,,2026-10-09
ChIJF-NTdR-3ij4RBCNWdGuRtHY,Classy Nails Beauty Centre,517 Zayed Bin Sultan St - Central District - Hai Al Salama - Abu Dhabi - United Arab Emirates,24.222725099999998,55.7675735,4.3,87,OPERATIONAL,nail_salon,moderate,50,150,False,,,2026-10-09
ChIJL01KFXy3ij4R-D3D799GFfE,Bianca Medical Center,2nd floor - 105 Othman Bin Affan St - next to Al Ain Mall - Central District - Al Kuwaitat - Abu Dhabi - United Arab Emirates,24.2215472,55.7795266,4.6,91,OPERATIONAL,medical_clinic,,,,False,,not-a-salon,2026-10-09
ChIJLw3FijK3ij4RXG_J3MuT2PA,Hello Hair Men Salon,Ayla Grand Hotel - M Floor - 16 Al Yaqoutah St - Central District - Hai Al Murabbaa - Abu Dhabi - United Arab Emirates,24.224335,55.7828081,4.7,254,OPERATIONAL,barber_shop,moderate,140,160,False,,men-only,2026-10-09
ChIJ7eMGCra2ij4RBGB61P7mdNs,Vero Nail Spa,Mansour Trading Building - Khalifa Street - Central District - Hai Al Humaira - Abu Dhabi - United Arab Emirates,24.225917499999998,55.7632833,4.5,290,OPERATIONAL,nail_salon,,,,False,,,2026-10-09
ChIJuYgMFGC3ij4RaW27OCGfmN4,مركز بريما ڨيرا للرشاقة والتجميل - بريمافيرا - BREMAVERA,المطاوعة، - Central District - Hai Al Salama - Abu Dhabi - United Arab Emirates,24.2239448,55.766397399999995,4.6,95,OPERATIONAL,beauty_salon,,,,False,,,2026-10-09
ChIJLYolfKu3ij4RJZf2Bbg9p58,My Fair Lady سيدتي الجميلة,Central District - Hai Al Souq - Abu Dhabi - United Arab Emirates,24.221788399999998,55.769100699999996,4.5,32,OPERATIONAL,beauty_salon,,,,False,,,2026-10-09
ChIJK1bNBmS3ij4R98kXFGcAJCA,Heart of Beauty Lounge (Salon),20 Al Riyad St - Central District - Hai Qesaidah - Abu Dhabi - United Arab Emirates,24.223327899999997,55.764717499999996,4.7,31,OPERATIONAL,beauty_salon,,,,False,,,2026-10-09
ChIJSY8xPwC3ij4R3QtAoUgyqAE,نسرين ماجيك لتجميل السيدات,14 Al Hadaya St - Central District - Hai Al Salama - Abu Dhabi - United Arab Emirates,24.2241344,55.7660487,4.3,11,OPERATIONAL,beauty_salon,,,,False,,,2026-10-09
ChIJ0xtQu8m2ij4ROvSYRLoBrSA,Lavender Beauty Center Al Ain,6QF8+542 - Central District - Hai Qesaidah - Abu Dhabi - United Arab Emirates,24.222881899999997,55.765264099999996,4.3,41,OPERATIONAL,beauty_salon,,,,False,,,2026-10-09
ChIJdaz7rPW3ij4R73H7Nln_gOc,صالون اديس ابابا للسيدات - فرع العين,6QG7+2Q7 - Sheikh Khalifa Bin Zayed St - Central District - Hai Qesaidah - Abu Dhabi - United Arab Emirates,24.2250251,55.764433,3.3,10,OPERATIONAL,beauty_salon,,,,False,,,2026-10-09
ChIJ9fx5LKO3ij4Ru5Ui8ShUH_4,Nart ladies beauty center Al Ain,"Al Ain, Makani - entrance from Mosque side, Al Ain Mall - g floor - وسط المدينة - الكويتات - أبو ظبي - United Arab Emirates",24.2205379,55.7824632,4.3,217,OPERATIONAL,beauty_salon,expensive,200,400,False,,,2026-10-09
ChIJ91bysCu3ij4R61rRESxGMNA,المركز الليبي للتجميل,العين - 112 Salahuddeen Al Ayyubi St - Central District - Hai Qesaidah - Abu Dhabi - United Arab Emirates,24.224051499999998,55.764933899999996,4.3,15,OPERATIONAL,beauty_salon,,,,False,,,2026-10-09
ChIJxdWBCQC3ij4RmQvWhTo00v4,مركز الوسمي للتجميل فرع الغريفة,"6RM6+424, Al Buraimi, Oman",24.233627400000003,55.8102713,3.6,5,OPERATIONAL,beauty_salon,,,,False,,,2026-10-09
ChIJ0XWTAPS3ij4RBPaUP7Kc_HI,مركز مملكة الصبايا للتجميل,"6RG8+HJ9، Unnamed Road، Al Buraimi, Oman",24.226407,55.8166187,4,1,OPERATIONAL,beauty_salon,,,,False,,,2026-10-09
ChIJv7Erwz63ij4Riup0nggocr0,شباب المدينة,"6RH5+8FP، Unnamed Road، Al Buraimi, Oman",24.228332899999998,55.808712199999995,4.8,4,OPERATIONAL,hair_salon,,,,False,,,2026-10-09
ChIJqTg6ULi3ij4R8_apga65_Iw,Falak Al Buraimi Beauty Saloon (only for ladies),"near lulu supermart, Al Buraimi 512, Oman",24.2266403,55.8234542,4.3,3,OPERATIONAL,beauty_salon,,,,False,,,2026-10-09
ChIJud4MUtq3ij4RjPU9R15jL7s,حلاق,"محافظة البريمي، الغريفة،،، 6RG9+H26, Al Buraimi, Oman",24.2264199,55.8175258,2,1,OPERATIONAL,barber_shop,,,,False,,men-only,2026-10-09
ChIJw6Qo1de3ij4RZa2GThfhax0,Jarnas Saraa,"6RG9+HCH, Al Buraimi, Oman",24.226442499999997,55.818601199999996,5,3,OPERATIONAL,barber_shop,,,,False,,men-only,2026-10-09
ChIJ79cSBQCrij4R-mbCqHe_CZg,محلات تجارية,16 Zahrat Al Bustan St - Al Aamerah - Aown - Abu Dhabi - United Arab Emirates,24.261441700000002,55.5731653,5,2,OPERATIONAL,barber_shop,,,,False,,men-only,2026-10-09
ChIJ4YgQYgCrij4RC_PkCHHLQTg,صالون الطريق المميز للرجال,4 An Nad St - Al Aamerah - Aown - Abu Dhabi - United Arab Emirates,24.262544,55.5733465,,,OPERATIONAL,hair_salon,,,,False,,men-only,2026-10-09
ChIJK3QKUdCzij4R9I0MXh7Lmlo,OCEAN BEAUTY CENTER- Aljimi,Al Ain - Al Jimi - Ugdat Al Ameriya - Abu Dhabi - United Arab Emirates,24.2430225,55.720440499999995,4.4,722,CLOSED_TEMPORARILY,beauty_salon,expensive,1,600,False,,not-operational,2026-10-09
ChIJA1QJIn6zij4RhG1KGqPFxy8,Gloss Up Beauty Lounge,Al Maqasid St - Al Jimi - Al Ameriya - Abu Dhabi - United Arab Emirates,24.248288799999997,55.723898299999995,4,473,OPERATIONAL,beauty_salon,very_expensive,100,600,False,,,2026-10-09
ChIJfb9jbk2zij4Rqt-sJfZTpSY,Native Salon & Lounge,Al Jimi - Al Ameriya - Abu Dhabi - United Arab Emirates,24.2581505,55.7386291,3.2,179,OPERATIONAL,beauty_salon,moderate,100,300,False,,,2026-10-09
ChIJ0z9BSduzij4RJsLs4UPB_iM,Sona Beauty Center,6PWH+6H6 - Al Jimi - Ugdat Al Ameriya - Abu Dhabi - United Arab Emirates,24.245531999999997,55.728891,3.4,282,OPERATIONAL,beauty_salon,,,,False,,,2026-10-09
ChIJiScg9dqzij4Rus0DNYwz1oA,Tips and Toes Jimi,Al Mahir St - Al Jimi - Ugdat Al Ameriya - Abu Dhabi - United Arab Emirates,24.2428189,55.7228603,4.2,689,OPERATIONAL,beauty_salon,expensive,100,500,False,,,2026-10-09
ChIJra5ej8azij4R-23Z_O-dqpk,kanaan gents saloon & spa AlAin - صالون وسبا كنعان للرجال العين,15 شارع خَلاَّب - Al Jimi - Slemi - Abu Dhabi - United Arab Emirates,24.2424337,55.739879699999996,4.2,161,OPERATIONAL,barber_shop,,,,False,,men-only,2026-10-09
ChIJF2LeaqCeS20RPkqCjoqMdho,Cromatix Beauty Lounge,Villa 113 Al Ghizlan St - Alkhabeesi - Al Zaafaran - Abu Dhabi - United Arab Emirates,24.240997399999998,55.718609699999995,4.3,211,OPERATIONAL,beauty_salon,,,,False,,,2026-10-09
ChIJWY1zBMuzij4RBuHOnnh32p8,Zahrat Al Hanan beauty salon,66 Hamdan Bin Zayed the First St - Al Jimi - Al Ameriya - Abu Dhabi - United Arab Emirates,24.257129400000004,55.7394758,3.6,163,OPERATIONAL,beauty_salon,moderate,1,200,False,,,2026-10-09
ChIJEZWd-rmzij4RcDJR6JAOSh0,مركز كير زون للعناية بالرجال,العين مقابل الجيمي مول بجانب - Al Jimi - Ugdat Al Ameriya - Abu Dhabi - United Arab Emirates,24.2437969,55.724625499999995,4.7,232,OPERATIONAL,hair_salon,moderate,50,150,False,,men-only,2026-10-09
ChIJldy7Pfyzij4RtdcZgM_Aw-0,Larosh Beauty & fitness center,Al Ain - Al Jimi - Slemi - Abu Dhabi - United Arab Emirates,24.2459199,55.751331,4.7,871,OPERATIONAL,beauty_salon,moderate,1,300,False,,,2026-10-09
ChIJf3YNWWuzij4RlHMoHL_Zizo,Toucher De Plumes salon | صالون تيشير دي بلومز للسيدات,منطقة الجيمي - مبنى الهلال الاحمر ، الدور الثالث - Hamdan Bin Mohammad St - Al Jimi - Civic Center - Abu Dhabi - United Arab Emirates,24.2409104,55.7278142,4.5,483,OPERATIONAL,beauty_salon,very_expensive,200,500,False,,,2026-10-09
ChIJEb2yvPWzij4RDlQHmy45hyM,Class Cleopatra Salon,Al Jimi - Ugdat Al Ameriya - Abu Dhabi - United Arab Emirates,24.243853899999998,55.7246227,4.8,601,OPERATIONAL,beauty_salon,very_expensive,100,700,False,,,2026-10-09
ChIJUZ4hKwCzij4R1sqYnzGECNY,Bali Nails & lashes ladies beauty center,Al Jimi - Al Mraijeb - Abu Dhabi - United Arab Emirates,24.2591112,55.7371949,4.6,119,OPERATIONAL,nail_salon,,,,False,,,2026-10-09
ChIJbxzxlEWzij4RTBTuWtkKrME,Himi spa - Al Jimi branch,31 Al Thamarah St - Al Jimi - Al Ameriya - Abu Dhabi - United Arab Emirates,24.2583882,55.7370143,4.6,64,OPERATIONAL,beauty_salon,expensive,100,500,False,,,2026-10-09
ChIJTwgmD52zij4RxUO7u81QlEo,مركز مون هاوس سبا للرجال,مدينة العين - الجيمي العامرية - Al Tajir St - Al Jimi - Al Ameriya - Abu Dhabi - United Arab Emirates,24.2581699,55.7390026,3.8,56,OPERATIONAL,hair_salon,moderate,50,150,False,,men-only,2026-10-09
ChIJxRtIFuuzij4RAyPK9TpQSqo,مركز مونتي كارلو سبا ليدي,7P5Q+8P8 - Unnamed Road - Al Jimi - Al Ameriya - Abu Dhabi - United Arab Emirates,24.258284099999997,55.7393429,3.6,39,OPERATIONAL,beauty_salon,,,,False,,,2026-10-09
ChIJGZgfmuSzij4RlS1BqwKz4zo,Lemar SPA Health & Beauty Center,Al Kharis Round - Al Jimi - Slemi - Abu Dhabi - United Arab Emirates,24.2415706,55.748211399999995,4.3,126,OPERATIONAL,beauty_salon,very_expensive,100,600,False,,,2026-10-09
ChIJL_SXKt2zij4RUh5ZO-edAbI,Silkor Al Ain Branch - مركز سيلكور العين,"Hamdan Ibn Zayed Al Awwal Street,4th Str Behind Al Jimi Mall, Al Jimi District - الجيمي - العامرية - أبو ظبي - United Arab Emirates",24.247729099999997,55.7326005,4.7,304,OPERATIONAL,medical_clinic,,,,False,,not-a-salon,2026-10-09
ChIJZ9LEDlSzij4R3Jx7UE0uKoU,Gitano Beauty Salon,Al Tajir St - Al Jimi - Al Ameriya - Abu Dhabi - United Arab Emirates,24.2581529,55.738962699999995,3.8,76,OPERATIONAL,beauty_salon,moderate,100,400,False,,,2026-10-09
ChIJrf7J9kKxij4RPFoNDu6fTqg,Radiance Beauty Center - Al Jimi,"Villa 14 Al Widdad St, Ugdat - Al Jimi - Al Ameriya - Abu Dhabi - United Arab Emirates",24.2463035,55.7289944,4.4,197,OPERATIONAL,beauty_salon,,,,False,,,2026-10-09
ChIJ82r9i_2zij4RbuBWvsheeAk,Taif Beauty Salon Al Ain (Ladies),Near The Media Council - الجيمي - سليمي - أبو ظبي - United Arab Emirates,24.2414843,55.7505854,4.3,388,OPERATIONAL,beauty_salon,moderate,100,400,False,,,2026-10-09
ChIJk89iJMOxij4RguPEr8-FdKk,Taila Salon,6QR2+J55 - Hamdan Bin Mohammad St - Al Jimi - Slemi - Abu Dhabi - United Arab Emirates,24.2415006,55.75048640000001,4,47,OPERATIONAL,beauty_salon,,,,False,,,2026-10-09
ChIJ-2BpuI-xij4RUlwCQY2YX4c,Taif albawadi SPA for gents,24 Al Bahharah St - Al Jimi - Slemi - Abu Dhabi - United Arab Emirates,24.241489599999998,55.7507216,4.3,24,OPERATIONAL,hair_salon,,,,False,,men-only,2026-10-09
ChIJ82r2gqG2ij4Rs5WV3tF_ikM,Four Seasons SPA-Buraimi,"Al Buraimi, Oman",24.243995899999998,55.777407499999995,4,39,OPERATIONAL,beauty_salon,,,,False,,,2026-10-09
ChIJuw5zA6Kxij4R9LnuySnHCag,Zoro Scissor Men Salooon,Al Mu'tarid - Ramlat Aawad Shaheen - Abu Dhabi - United Arab Emirates,24.238183799999998,55.7512328,5,136,OPERATIONAL,hair_salon,moderate,100,300,False,,men-only,2026-10-09
ChIJrXnPgw-3ij4RMzaVBh4zG3Y,صالون قمر السعادة للتجميل,"City center, Al Buraimi 512, Oman",24.2461642,55.777247499999994,5,3,OPERATIONAL,beauty_salon,,,,False,,,2026-10-09
ChIJSSo-vv61ij4RQ8c-HnaFahI,وادي البحائص الجديد للحلاقة,"7Q5C+JQH، البريمي،، Al Buraimi, Oman",24.259317199999998,55.7719321,5,2,OPERATIONAL,barber_shop,,,,False,,men-only,2026-10-09
ChIJgwm_Qvm1ij4RohqgewYIJTk,مركز كعب الغزال للتجميل,"شارع بار هوز عند مجمع ياس القديم، Al Buraimi 512, Oman",24.2591546,55.774250699999996,5,1,OPERATIONAL,beauty_salon,,,,False,,,2026-10-09
ChIJw2N-G6W2ij4RDBrcoBzkSJQ,صالون الشمس الساطعة,"Al Masa, Al Buraimi, Oman",24.23857,55.771378,3.3,8,OPERATIONAL,beauty_salon,,,,False,,,2026-10-09
ChIJdavm7pu1ij4RkGU9HKWVjM8,أغادير للحلاقة,"Near Al Yahar Resturant, Al Buraimi 512, Oman",24.2586917,55.7715235,4.6,5,OPERATIONAL,barber_shop,,,,False,,men-only,2026-10-09
ChIJJaLqVwC1ij4R4mkBmCFMfuU,Al Shab Al Asri Hair Cutting Saloon صالون الشاب العصری للرجال,Sanaya - Liytaq St - Hili - Ndood Jham - Abu Dhabi - United Arab Emirates,24.263473299999998,55.7682431,5,3,OPERATIONAL,hair_salon,,,,False,,men-only,2026-10-09
ChIJ2YPFVwC3ij4RezIuWp-6CjU,نجوم البنفسج للحلاقة,"6QRF+8PH, Al Buraimi, Oman",24.240604,55.774190499999996,,,OPERATIONAL,barber_shop,,,,False,,men-only,2026-10-09
ChIJYRJ_SgC3ij4RC4rdZobxqoE,نوفيرا,"6QM9+9J4, Al Buraimi, Oman",24.2333863,55.769081,3.7,6,OPERATIONAL,beauty_salon,,,,False,,,2026-10-09
ChIJZSG2gjq1ij4RQ660fIF8o0w,Wadi Aljizi Beauty Salon,"7Q5C+JFF, Al Buraimi 512, Oman",24.2590567,55.7711848,,,OPERATIONAL,beauty_salon,,,,False,,,2026-10-09
ChIJPUdjUgC1ij4RSUAad5Kn9pY,مركز تجميل ايراني,"7Q49+HFW, Al Buraimi, Oman",24.2567129,55.767690099999996,,,OPERATIONAL,beauty_salon,,,,False,,,2026-10-09
ChIJEfouYQC3ij4RRvVYCVySox0,ARPON BARBAR SHOP,"6QWC+HW5, Al Buraimi, Oman",24.2463968,55.7724105,5,3,OPERATIONAL,barber_shop,,,,False,,men-only,2026-10-09
ChIJcYSCPQC3ij4RTtSFlWTRdU4,دار دبي حلاق,"6QRF+4C5, Al Buraimi, Oman",24.240263,55.7736106,,,OPERATIONAL,barber_shop,,,,False,,men-only,2026-10-09
ChIJj0Gp-sa1ij4Rc6a3NHqrmXg,Shams Al Khaleej barber shopشمس الخليج للحلاقة,"Near Old, Al Buraimi 512, Oman",24.2583982,55.7708206,5,1,OPERATIONAL,barber_shop,,,,False,,men-only,2026-10-09
ChIJTWjHBQC1ij4RLPOddSeahTQ,Taj al wadi barber shope and spaa,"7Q5C+JQH, Al Buraimi, Oman",24.259316800000004,55.771934699999996,,,OPERATIONAL,beauty_salon,,,,False,,men-only,2026-10-09
ChIJb13Zlimzij4RD-hsK2jCPDI,مركز حسنا 1996 لتجميل السيدات,7P9V+P84 - Al Qattarah - Al Mragha - Abu Dhabi - United Arab Emirates,24.269312499999998,55.743312499999995,4.7,63,OPERATIONAL,beauty_salon,moderate,1,200,False,,,2026-10-09
ChIJkyjnF-mzij4RCnk-kRbdL3s,Ovilia Ladies Salon,11th St - Al Qattarah - Al Mragha - Abu Dhabi - United Arab Emirates,24.2692147,55.7429108,4.3,35,OPERATIONAL,beauty_salon,,,,False,,,2026-10-09
ChIJdbs2Eoyzij4R4V6wmQexm84,OZOAL GENTS SALON صالون اوزول للرجال,Hili - Al Aziriya - Abu Dhabi - United Arab Emirates,24.270293499999998,55.756834899999994,4.5,2,OPERATIONAL,barber_shop,,,,False,,men-only,2026-10-09
ChIJQdfM-5Czij4RgPpmIcFoBbk,Prestige Hareem Beauty Center,7P9V+MC8 Round About - Al Mas'oudi - Al Mragha - Abu Dhabi - United Arab Emirates,24.269161099999998,55.7435918,4.2,37,OPERATIONAL,beauty_salon,,,,False,,,2026-10-09
ChIJJ7JkHgC1ij4RbAyXR65m0To,Zara massage spa,8 Al Ajnan St - Al Qattarah - Al Shuabah - Abu Dhabi - United Arab Emirates,24.2663433,55.7581877,3.5,2,OPERATIONAL,beauty_salon,,,,False,,,2026-10-09
ChIJXQ9MaZWzij4Rl2V761-jDXQ,Men's Wash salon,7P6Q+CRX - مريجب الشارع الرابع - Al Jimi - Al Mraijeb - Abu Dhabi - United Arab Emirates,24.2611223,55.739604799999995,4,2,OPERATIONAL,barber_shop,,,,False,,men-only,2026-10-09
ChIJReX6zPuzij4Rd9z8z7Q-RMk,صالون الشطارة للحلاقة الرجالية,36 Al Zihab St - Al Mas'oudi - Al Mraijeb - Abu Dhabi - United Arab Emirates,24.2655982,55.739736,4.7,3,OPERATIONAL,hair_salon,,,,False,,men-only,2026-10-09
ChIJq-gq5ROzij4R0d8yL2Rsbwo,Al Mazroui Mens and kids saloon,Al Mrijeb - Al Mraijeb - Abu Dhabi - United Arab Emirates,24.2629799,55.7396414,4.8,4,OPERATIONAL,barber_shop,,,,False,,men-only,2026-10-09
ChIJARtgsfWzij4RRfIRPVj7pXQ,Ibrahim Barber Shop,7Q64+557 - Al Qattarah - Hai Al Nad - Abu Dhabi - United Arab Emirates,24.260413399999997,55.755410899999994,,,OPERATIONAL,barber_shop,,,,False,,men-only,2026-10-09
ChIJGZMe4lizij4RsT_1nHhHegI,صالون نجمة الجيمي للرجال,Al Baladiyah St - Al Jimi - Al Mraijeb - Abu Dhabi - United Arab Emirates,24.260645,55.7396507,3.8,4,OPERATIONAL,hair_salon,,,,False,,men-only,2026-10-09
ChIJIWeMoxyzij4R9xy_ol5Uqiw,Massilia Beauty Ladies Center,49 Badʹ Al ʹEeman Street - Al Qattarah - Al Anja - Abu Dhabi - United Arab Emirates,24.2616747,55.754664,5,16,OPERATIONAL,beauty_salon,expensive,100,500,False,,,2026-10-09
ChIJt4jeqwezij4RDjEvkSP-VHo,VELUNE,7PFP+F5F Amjad street - Al Mas'oudi - Manazef - Abu Dhabi - United Arab Emirates,24.273697,55.7354285,,,OPERATIONAL,nail_salon,,,,False,,,2026-10-09
ChIJxyI7iHC1ij4RXGleuEl39sA,Sleek beauty ladies saloon,sanaiya - Al Harmal St - Hili - Ndood Jham - Abu Dhabi - United Arab Emirates,24.267782,55.772878999999996,4.8,36,OPERATIONAL,beauty_salon,,,,False,,,2026-10-09
ChIJ27P0Fmq0ij4R3TrgXwX0cEE,Tips & Toes Hili Mall,Bani Yas St - Hili - Ndood Jham - Abu Dhabi - United Arab Emirates,24.274603499999998,55.7795006,4.3,284,OPERATIONAL,beauty_salon,,,,False,,,2026-10-09
ChIJJX_3D5G1ij4Re7KuQpQuLEQ,The Groom Spa,"سوق الجو، Al Buraimi 512, Oman",24.256902099999998,55.7854964,4.7,88,OPERATIONAL,hair_salon,,,,False,,,2026-10-09
ChIJy8d4fwC1ij4R5DLsOb2s1wQ,صالون شارع النيل,7Q89+VP9 - Ghaleel Al 'Izaybah St - Hili - Ndood Jham - Abu Dhabi - United Arab Emirates,24.2671711,55.769370599999995,4.8,11,OPERATIONAL,hair_salon,,,,False,,,2026-10-09
ChIJ2Rkrnw20ij4R_l8eEXRd2CM,صالون الزعامة,7Q79+M35 - Hili - Ndood Jham - Abu Dhabi - United Arab Emirates,24.264125099999998,55.7677267,4,19,OPERATIONAL,hair_salon,,,,False,,,2026-10-09
ChIJK85efQC1ij4RMGcL9K4Sblc,صالون الهوامير للرجال,15 Ghaleel Al 'Izaybah St - Hili - Ndood Jham - Abu Dhabi - United Arab Emirates,24.266980699999998,55.7685859,4.9,41,OPERATIONAL,hair_salon,,,,False,,men-only,2026-10-09
ChIJIdtaoUa1ij4RL8uUORXatnw,صالون انترست للرجال,7Q99+5X2 - Burq As Silaʹ St - Hili - Ndood Jham - Abu Dhabi - United Arab Emirates,24.267895900000003,55.7699034,5,2,OPERATIONAL,barber_shop,,,,False,,men-only,2026-10-09
ChIJJ5ZscGq0ij4RkJmwLKeoS-8,Royal Smile Kid's Salon,Hili - Ndood Jham - Abu Dhabi - United Arab Emirates,24.273347299999998,55.779470800000006,3.6,25,OPERATIONAL,hair_salon,,,,False,,,2026-10-09
ChIJLeKkUQC1ij4R_tgn49eM8b8,Near Nesto Shopping Mall,8 - 22 At Timar St - Hili - Ndood Jham - Abu Dhabi - United Arab Emirates,24.2654735,55.76738340000001,1,1,OPERATIONAL,beauty_salon,,,,False,,,2026-10-09
ChIJpx4UdmK1ij4RN8oCbp2Vj74,AL TAGWA GENTS TAILORING,Al Lata-if St - Hili - Ndood Jham - Abu Dhabi - United Arab Emirates,24.2674941,55.770257,3.4,10,OPERATIONAL,hair_salon,,,,False,,men-only,2026-10-09
ChIJ_dc3KQC1ij4RnnWZPbgixxo,صالون البديع للحلاقة,7Q89+39R - Hili - Ndood Jham - Abu Dhabi - United Arab Emirates,24.2650374,55.7683631,4.6,5,OPERATIONAL,hair_salon,,,,False,,men-only,2026-10-09
ChIJUe6rwGq1ij4RT3g-a6AR-PM,صالون ريبال للرجال,Hili - Ndood Jham - Abu Dhabi - United Arab Emirates,24.2663431,55.7711658,3.3,3,OPERATIONAL,beauty_salon,,,,False,,men-only,2026-10-09
ChIJ_fZBoxS1ij4RvrwbuBVKmZ4,صالون النيزك للحلاقة,العين صناعية - Hili - Ndood Jham - Abu Dhabi - United Arab Emirates,24.2676694,55.767819499999995,4.3,8,OPERATIONAL,barber_shop,,,,False,,men-only,2026-10-09
ChIJI9LVzsW1ij4RCbKytOiGaOo,K M gents saloon,Hili - Ndood Jham - Abu Dhabi - United Arab Emirates,24.26814,55.7728125,4.7,9,OPERATIONAL,barber_shop,,,,False,,men-only,2026-10-09
ChIJFTPljT-1ij4RLmZm_WjQGeI,صالون ريفيرسو للحلاقه الرجاليه,7Q9C+J3V العين /صناعيه - مقابل سحر الكرك - Hili - Ndood Jham - Abu Dhabi - United Arab Emirates,24.269106299999997,55.770170199999995,4.3,12,OPERATIONAL,beauty_salon,,,,False,,men-only,2026-10-09
ChIJY3GWNgC1ij4RKqzmDdmvcok,liberty_spa_salone,"7Q9Q+G6H, Al Buraimi, Oman",24.2688079,55.788070499999996,3.1,8,OPERATIONAL,nail_salon,,,,False,,,2026-10-09
ChIJewJLH_K1ij4R3nfMoIJpSmw,الحلاق الفاخر. التركى سابقا,"بجوار صيدلية مسقط، دوار جامع السلطان قابوس، Al Buraimi, Oman",24.2586342,55.780276199999996,4.2,18,OPERATIONAL,barber_shop,,,,False,,men-only,2026-10-09
ChIJfx7V7RK0ij4RWMfdnTCSNak,صالون دورينا للرجال,7Q8C+C73 - Hili - Ndood Jham - Abu Dhabi - United Arab Emirates,24.266004199999998,55.7706829,4.8,10,OPERATIONAL,barber_shop,,,,False,,men-only,2026-10-09
ChIJZ1RIAQC1ij4Rcuc8HR6SZqw,صالون لاس فيغاس,7 Lazzaz St - Hili - Ndood Jham - Abu Dhabi - United Arab Emirates,24.266645399999998,55.769652199999996,4.9,8,OPERATIONAL,barber_shop,,,,False,,men-only,2026-10-09
ChIJx7L8BS61ij4RuYFSaov0Z-M,Noor Al Marhab Saloonنور المراحب صالون,70 - 76 Al Lisayli St - Hili - Ndood Jham - Abu Dhabi - United Arab Emirates,24.2676908,55.7680228,5,4,OPERATIONAL,barber_shop,,,,False,,men-only,2026-10-09
ChIJjSHWfT6zij4R_z9L1NqTEbs,AL QAFFELA MENS SALOON ‘BR’ صالون القافله الرجال 'فرع',18 Al Jeerah St - Al Mas'oudi - Manazef - Abu Dhabi - United Arab Emirates,24.2880613,55.736100799999996,4,3,OPERATIONAL,barber_shop,,,,False,,men-only,2026-10-09
ChIJoTxCLXy0ij4RXw3Q2NnPRaI,Al Umla Salon,Unnamed Road - 7QM7+MJV - هيلي - الرميلة - أبو ظبي - United Arab Emirates,24.2842487,55.7640464,4.2,5,OPERATIONAL,beauty_salon,,,,False,,,2026-10-09
ChIJ-4Ifz2G0ij4Rcx_oV5YfY5Q,صالون المصباح,7QQG+MJJ - Hili - Al Misbah - Abu Dhabi - United Arab Emirates,24.2892223,55.7765038,4.1,48,OPERATIONAL,barber_shop,,,,False,,men-only,2026-10-09
ChIJuTPHeoy1ij4R2R4CdUrE9E4,SARAY Beauty Center & Spa.,Hili - Shareat Hili - Abu Dhabi - United Arab Emirates,24.2870591,55.7705171,4.1,37,OPERATIONAL,beauty_salon,,,,False,,,2026-10-09
ChIJTYjtnH20ij4RAav_xvvQCOQ,صالون العملة,7QP8+J9V - Hili - Al Rumailah - Abu Dhabi - United Arab Emirates,24.286621,55.7659307,4,5,OPERATIONAL,hair_salon,,,,False,,,2026-10-09
ChIJ17cqegC1ij4RtHDsSJwQOJo,صالون بن سرحان,7QP9+X39 - Hili - Al Misbah - Abu Dhabi - United Arab Emirates,24.2874016,55.7677396,,,OPERATIONAL,barber_shop,,,,False,,men-only,2026-10-09
ChIJcy04MgC1ij4RlOPTZUipbEM,Zoom saloon,7QRJ+CXP - Hili - Al Misbah - Abu Dhabi - United Arab Emirates,24.291077599999998,55.782455999999996,1,1,OPERATIONAL,barber_shop,,,,False,,men-only,2026-10-09
ChIJZR99iFu1ij4R7z2wsmg0bkw,Naseem al hili,8R73+98W - Hili - Al Reef - Abu Dhabi - United Arab Emirates,24.313497,55.8033431,5,1,OPERATIONAL,hair_salon,,,,False,,,2026-10-09
ChIJQdztVwC1ij4RjoXT5uu0yq0,Hili,35 شارع الزَّرع - Hili - Al Reef - Abu Dhabi - United Arab Emirates,24.3126011,55.8025844,,,OPERATIONAL,barber_shop,,,,False,,men-only,2026-10-09
ChIJ4_imnFJL9T4RQnmFolKPHcg,Durat Alain Saloon,Al Ain - Al Fou'ah - Al Sajaa - Abu Dhabi - United Arab Emirates,24.348665099999998,55.7809983,4,90,OPERATIONAL,beauty_salon,,,,False,,,2026-10-09
ChIJi1HatC9L9T4R99klLgNphn8,The Beauty Lounge For Ladies,Al Fou'ah - Al Sajaa - Abu Dhabi - United Arab Emirates,24.3437119,55.7927858,4.4,326,OPERATIONAL,beauty_salon,,,,False,,,2026-10-09
ChIJO5Ewui9L9T4RbO008waDrWc,Nanu Kids Salon,8QVV+Q5X - Al Fou'ah - Al Sajaa - Abu Dhabi - United Arab Emirates,24.3444894,55.792987399999994,2.5,2,OPERATIONAL,hair_salon,,,,False,,,2026-10-09
ChIJN4BZLQC1ij4RHRtSExtFtls,Alfoah,8RQ3+9J6 - Al Fou'ah - Al Raqiyah - Abu Dhabi - United Arab Emirates,24.3382872,55.803930199999996,3,2,OPERATIONAL,barber_shop,,,,False,,men-only,2026-10-09
ChIJtUs1k8hL9T4RMGCZtCBb0C8,Waha Al Rooh saloon,Alain - Al Fou'ah - Al Laim - Abu Dhabi - United Arab Emirates,24.338712299999997,55.809275799999995,4.8,9,OPERATIONAL,hair_salon,,,,False,,,2026-10-09
ChIJy5DWvSy1ij4RxLxDKoBTkeI,صالون بريتي لاش للنساء,8RQ5+GHC - Al Fou'ah - Al Laim - Abu Dhabi - United Arab Emirates,24.338809899999998,55.808899999999994,4,6,OPERATIONAL,beauty_salon,,,,False,,,2026-10-09
ChIJczyWDAC1ij4RAGfJIXedHu0,Arab one mens salon,5 Khuzaymah Bin Aws St - Al Fou'ah - Al Raqiyah - Abu Dhabi - United Arab Emirates,24.338202,55.8033917,5,5,OPERATIONAL,hair_salon,,,,False,,,2026-10-09
ChIJraZ3YlBL9T4RjYY9zC3Hg00,Ruby Salon - Al Foah Mall Al Ain,Al Fou'ah - Al Sajaa - Abu Dhabi - United Arab Emirates,24.3440457,55.792029199999995,4.4,14,OPERATIONAL,beauty_salon,,,,False,,,2026-10-09
ChIJqZWVQgBL9T4RO-sejx10nMU,al foha .G.M.C.gents saloon,6 شارع المَعَانِي - Al Fou'ah - Al Sajaa - Abu Dhabi - United Arab Emirates,24.343581999999998,55.8016674,3.7,6,OPERATIONAL,barber_shop,,,,False,,men-only,2026-10-09
ChIJEZGF8K61ij4RZQJ1X3sr68Q,Blossom Nails And Beauty Lounge,24 Al 'Amad St - Al Fou'ah - Al Laim - Abu Dhabi - United Arab Emirates,24.3392314,55.8076467,5,6,OPERATIONAL,beauty_salon,,,,False,,,2026-10-09
ChIJz5Q_tyq1ij4RDs-UtNEDlbs,صالون أبو الخير,8RQ3+689 - Al Fou'ah - Al Raqiyah - Abu Dhabi - United Arab Emirates,24.338036799999998,55.803349399999995,5,2,OPERATIONAL,hair_salon,,,,False,,,2026-10-09
ChIJBQXo1vNTXj4RfIVs7TUa2XQ,Al Ajban Gents Saloon,Abu Dhabi - Al Samhah - Rahbah L - Abu Dhabi - United Arab Emirates,24.6262437,54.7140247,3.4,28,OPERATIONAL,barber_shop,,,,False,,men-only,2026-10-09
ChIJ14ZrcjVTXj4Rn9SDuqJccH8,Al Rahba Mountain Gents Salon,9 Ash Shanan St - Al Samhah - Rahbah N - Abu Dhabi - United Arab Emirates,24.6366244,54.7268756,4,5,OPERATIONAL,barber_shop,,,,False,,men-only,2026-10-09
ChIJhUGNSspTXj4RiOO6P3BKeXY,Green Paris Salon & Spa,no Market - 2.5 - near of al azban briz - Al Rahba - Rahbah L - Abu Dhabi - United Arab Emirates,24.6263923,54.7138436,3.5,4,OPERATIONAL,hair_salon,,,,False,,,2026-10-09
ChIJUyGKEPdTXj4RNHhv6O7kFKU,Nazaqat Saloon,JPPG+MPC - Al Samhah - Rahbah N - Abu Dhabi - United Arab Emirates,24.636687,54.7267703,5,2,OPERATIONAL,beauty_salon,,,,False,,,2026-10-09
ChIJTxryJwBTXj4RghgY2OOqZJ4,Al shahama generations salon,JPPH+V53 White Market - 44th St - Al Samhah - Rahbah N - Abu Dhabi - United Arab Emirates,24.637146599999998,54.7279148,5,3,OPERATIONAL,barber_shop,,,,False,,men-only,2026-10-09
ChIJI9np3xpTXj4Rh6CHYzuIc0I,AL Aqaba Gents Salon,JPG7+886 - Al Samhah - Rahbah L - Abu Dhabi - United Arab Emirates,24.625785999999998,54.7132753,4,4,OPERATIONAL,barber_shop,,,,False,,men-only,2026-10-09
ChIJFZMU2tpTXj4RmOBDu1q22n8,Golden razor gents saloon,3 Al Misbah St - Al Samhah - Rahbah N - Abu Dhabi - United Arab Emirates,24.6368251,54.728403099999994,4.8,4,OPERATIONAL,hair_salon,,,,False,,men-only,2026-10-09
ChIJg0g1FgBTXj4Rmoec2de02ag,Marlin Ladies Salon,JPPH+M6W - Al Misbah St - Al Samhah - Rahbah N - Abu Dhabi - United Arab Emirates,24.6367868,54.7280612,5,1,OPERATIONAL,beauty_salon,,,,False,,,2026-10-09
ChIJs_wHQANTXj4RCRquXjajuJ4,Al Ajaweed Gents Salon & Spa,L market - Wadi Hili St - Al Rahba - Rahbah L - Abu Dhabi - United Arab Emirates,24.6264926,54.7136952,,,OPERATIONAL,beauty_salon,,,,False,,men-only,2026-10-09
ChIJ8fJvAQBVXj4RIHzsq6qdkig,SAMHAWI SALOON,MP8R+4FQ - Al Samhah - Al Samhah Farms - Abu Dhabi - United Arab Emirates,24.665346099999997,54.7412261,,,OPERATIONAL,barber_shop,,,,False,,men-only,2026-10-09
ChIJLS6N-09VXj4RbfbzABrqwKA,Fathima's Henna,2 - 98 Wadi Barout St - Al Samhah - Al Samhah Farms - Abu Dhabi - United Arab Emirates,24.665004999999997,54.7407756,5,4,OPERATIONAL,beautician,,,,False,,,2026-10-09
ChIJO6BdHR1VXj4R3fo-iY_pUPI,SARA ROSE LADIES SALOON,18 Tawi Al Niqyan St - Al Samhah - Al Samhah East - Abu Dhabi - United Arab Emirates,24.668022999999998,54.7715952,3.7,35,OPERATIONAL,beauty_salon,moderate,1,200,False,,,2026-10-09
ChIJz7nkWLhUXj4RZ5DPrOZKnVM,صالون ملاك الرحمة السيدات,MQ9C+4JF - Al Samhah - Al Samhah East - Abu Dhabi - United Arab Emirates,24.667823600000002,54.771561999999996,4.3,48,OPERATIONAL,beauty_salon,,,,False,,,2026-10-09
ChIJK893qr1UXj4Rp6kDeZ1ogg4,Ruby Salon - Al Samhah Street Abu Dhabi,Al Samhah St - شارع المنذر بن عمرو - السمحة - السمحة شرق - أبو ظبي - United Arab Emirates,24.6604539,54.765619699999995,3.3,52,OPERATIONAL,beauty_salon,,,,False,,,2026-10-09
ChIJT5mCedlVXj4RJBS1DcJHO_k,صالون الخط الشرقي للرجال - AlKHAT AlSHARQI GENTS SALOON,خلف السمحه للكمبيوتر - Al Samhah - Al Samhah East - Abu Dhabi - United Arab Emirates,24.6666028,54.761367,4.6,25,OPERATIONAL,barber_shop,,,,False,,men-only,2026-10-09
ChIJ2-al9r1VXj4RXtvH_u7tiSM,حلاق المرزوقي للرجال,MQC5+C3R - Al Samhah - Samhah T - Abu Dhabi - United Arab Emirates,24.6711048,54.757647,3.8,4,OPERATIONAL,barber_shop,,,,False,,men-only,2026-10-09
ChIJcRFZaW5VXj4R9kn4QjQxgvQ,صالون سمحاوي المميز للرجال,MQ9C+6H7 - Al Samhah - Al Samhah East - Abu Dhabi - United Arab Emirates,24.668047299999998,54.7714219,3.7,3,OPERATIONAL,barber_shop,,,,False,,men-only,2026-10-09
ChIJE4NdzHpVXj4RoL9Hiy_phuM,صالون شيوخي shuki salon,MQ86+PJV - Al Samhah - Al Samhah East - Abu Dhabi - United Arab Emirates,24.666850999999998,54.761535699999996,3.6,11,OPERATIONAL,hair_salon,,,,False,,,2026-10-09
ChIJgY1Jp-pUXj4RIX1XGzVqiJs,Blue Light Saloon - صالون النور الازرق,MQ97+76Q - Al Samhah - Al Samhah East - Abu Dhabi - United Arab Emirates,24.6682231,54.7631047,4,33,OPERATIONAL,barber_shop,,,,False,,men-only,2026-10-09
ChIJf1W5qu5UXj4R2L-hLOa1jSw,HAYAF GENTS SALON,MQC5+C29 - Al Samhah - Samhah T - Abu Dhabi - United Arab Emirates,24.6710328,54.757618199999996,4.6,13,OPERATIONAL,beauty_salon,,,,False,,men-only,2026-10-09
ChIJi4WTNgBVXj4R_Zo46Ha3hqI,peculiar samhawi gents saloon,107 Wad-ha St - Al Samhah - Al Samhah East - Abu Dhabi - United Arab Emirates,24.6681617,54.7631154,4.5,2,OPERATIONAL,barber_shop,,,,False,,men-only,2026-10-09
ChIJM50kaU5VXj4RMa1Ug8_32Dg,The black wave gents saloon,MQ86+MMC - Al Samhah - Al Samhah East - Abu Dhabi - United Arab Emirates,24.6666951,54.7616328,5,7,OPERATIONAL,barber_shop,,,,False,,men-only,2026-10-09
ChIJuegG0rZVXj4RDFF9Zo1WhtM,Mam & kids beauty salon,MQ68+34H - As Samhah St - Al Samhah - Al Samhah East - Abu Dhabi - United Arab Emirates,24.660192199999997,54.7653708,4.5,2,OPERATIONAL,beauty_salon,,,,False,,,2026-10-09
ChIJ9ezGNABVXj4RGnjVSE8Lftc,Orchid Blue Ladies Salon,18 Tawi Al Niqyan St - Al Samhah - Al Samhah East - Abu Dhabi - United Arab Emirates,24.6679888,54.771561999999996,4.6,20,OPERATIONAL,beauty_salon,,,,False,,,2026-10-09
ChIJYe9mJABVXj4RXUHZNx4_Mic,Al sahel salon,12 شارع الغراف - Al Samhah - Al Samhah East - Abu Dhabi - United Arab Emirates,24.660159099999998,54.765486499999994,,,OPERATIONAL,barber_shop,,,,False,,men-only,2026-10-09
ChIJA2PT-qVVXj4RpZWfaG6SC2k,صالون سونا السمحة sona salon,Qirayn Al Khidrim St - Al Samhah - Al Samhah East - Abu Dhabi - United Arab Emirates,24.671948099999998,54.7730233,3,4,OPERATIONAL,beauty_salon,,,,False,,,2026-10-09
ChIJb93JIBlVXj4ReEJI8IfLCu0,La Beaute Ladies Lounge,256 As Samhah St - Al Samhah - Al Samhah East Old - Abu Dhabi - United Arab Emirates,24.6817952,54.780212199999994,3,52,OPERATIONAL,beauty_salon,,,,False,,,2026-10-09
ChIJuXnKSgdVXj4RPF_tT1uPMqg,Make Up Artist - Mariam,Abu Dhabi - Al Samhah - Al Samhah East Old - Abu Dhabi - United Arab Emirates,24.681381500000004,54.7832405,,,OPERATIONAL,beautician,,,,False,,,2026-10-09
ChIJWdzu666rXz4Rnk6YG21CUc4,H&S HOME,الريف 2 - Al Samhah - Al Samhah East Old - Abu Dhabi - United Arab Emirates,24.6804222,54.7859571,,,OPERATIONAL,hair_salon,,,,False,,,2026-10-09
ChIJ1wXhfNNVXj4Ratll-WibPf0,صالون بلو مستاش,256 - Al Samhah - Al Samhah East Old - Abu Dhabi - United Arab Emirates,24.681642699999998,54.7794755,3.5,2,OPERATIONAL,hair_salon,,,,False,,,2026-10-09
ChIJLc9q-M1UXj4RR5Xg5q8wd_k,Triple Five Gents Saloon,MQJJ+R4R - Al Samhah - Al Samhah East Old - Abu Dhabi - United Arab Emirates,24.682119000000004,54.780257,3.3,4,OPERATIONAL,hair_salon,,,,False,,men-only,2026-10-09
ChIJ44F6D1of9T4RKedghARWuCI,Peony Garden Beauty Center,Q4VG+P38 - Unnamed Road - Hatta - Dubai - United Arab Emirates,24.794277899999997,56.125217,3.8,31,OPERATIONAL,beauty_salon,,,,False,,,2026-10-09
ChIJY7Xpkm0f9T4RIi7x4mNJQt0,صالون هيفاء,"jeema road, al zahara - Q4VG+M45 - حتا - دبي - United Arab Emirates",24.7941447,56.12534970000001,2.8,12,OPERATIONAL,beauty_salon,,,,False,,,2026-10-09
ChIJ09-7QEUZ9T4RBjb501Ma4wg,NWARY Beauty Center,R3CJ+7C3 Sayh Mudayrah - عجمان - United Arab Emirates,24.8204487,56.0811217,4.6,17,OPERATIONAL,hair_salon,,,,False,,,2026-10-09
ChIJw8MjanwZ9T4Rm4ZMJXS-ML0,Al Mohtaram Hair Cutting Saloon,Ajman - United Arab Emirates,24.8211111,56.0765903,3.8,5,OPERATIONAL,hair_salon,,,,False,,,2026-10-09
ChIJe4Z7u5kZ9T4RYchE4lfkaxw,مركز مزنة للتجميل,شارع - Ajman - United Arab Emirates,24.810544,56.106484,4.5,24,OPERATIONAL,beauty_salon,,,,False,,,2026-10-09
ChIJ3WeKIuIZ9T4RfpMqfryxpNI,Rawaa Saloon,"Masfoot, FEWA Office A1 - عجمان - United Arab Emirates",24.8129717,56.1030545,5,1,OPERATIONAL,beauty_salon,,,,False,,,2026-10-09
ChIJ450Kjogf9T4RpkFuR5kewW0,صالون الزهور للرجال,R439+4R5 - Hatta - Dubai - United Arab Emirates,24.8027584,56.119623,4.3,7,OPERATIONAL,barber_shop,,,,False,,men-only,2026-10-09
ChIJYQGFRzYZ9T4RB7Z69snUrAY,صالون الطويلة للحلاقة,Ajman - United Arab Emirates,24.810477799999997,56.1066946,4,1,OPERATIONAL,barber_shop,,,,False,,men-only,2026-10-09
ChIJi96Y3iIb9T4RPXIHQ5OZLwA,Hessa Beauty Center مركز حصة للتجميل,R38W+6R4 - Ajman - United Arab Emirates,24.8155105,56.097079799999996,5,2,OPERATIONAL,beauty_salon,,,,False,,,2026-10-09
ChIJ727u_E4Z9T4Ro2Lz490HMc0,Ayoun mahari beauty salon,R38W+8W5 - Ajman - United Arab Emirates,24.8157718,56.097348499999995,4,2,OPERATIONAL,beauty_salon,,,,False,,,2026-10-09
ChIJowJmoUYZ9T4RuqXiacD5RmQ,صالون البدواوي للحلاقة,Ajman - United Arab Emirates,24.814677399999997,56.098641099999995,5,1,OPERATIONAL,barber_shop,,,,False,,men-only,2026-10-09
ChIJcWRc9kMZ9T4RUyfCaR7I9Nc,نجم مصفوت للحلاقة,Ajman - United Arab Emirates,24.815509499999997,56.097345499999996,,,OPERATIONAL,barber_shop,,,,False,,men-only,2026-10-09
ChIJa279HbEZ9T4RRHWc38lRcxA,أدور بيوتي سبا,R472+8VP مصفوت - Ajman - United Arab Emirates,24.8133125,56.1021875,4,12,OPERATIONAL,beauty_salon,,,,False,,,2026-10-09
ChIJQ6N90dMe9T4R6IdrRDuk_UY,Elegant Home Beauty Salon,R429+PP2 - Hatta - Dubai - United Arab Emirates,24.801753899999998,56.119274399999995,4,1,OPERATIONAL,beauty_salon,,,,False,,,2026-10-09
ChIJ-9ehAM8f9T4Rn-lonHbw0IE,Afsara Beauty Saloon,Hatta - Dubai - United Arab Emirates,24.818445399999998,56.128287699999994,4.7,13,OPERATIONAL,beauty_salon,,,,False,,,2026-10-09
ChIJPZ-gfVkf9T4RYkWv6qoj0ts,صالون سكر بنات,Q4XF+GV3 جمعية النهضة النسائية - Hatta - Dubai - United Arab Emirates,24.7987655,56.1246842,4.1,17,OPERATIONAL,beauty_salon,,,,False,,,2026-10-09
ChIJEwirZnof9T4R9nEmOYSgpFc,Sukkar banat salon,R49H+98H - Dubai-Hatta Rd - Hatta - Dubai - United Arab Emirates,24.818445,56.1283531,5,2,OPERATIONAL,beauty_salon,,,,False,,,2026-10-09
ChIJO4oyWQAb9T4RTKHUA3GRh7A,صالون العوير للحلاقة,R2JQ+497 - Ajman - United Arab Emirates,24.8302992,56.038416999999995,,,OPERATIONAL,barber_shop,,,,False,,men-only,2026-10-09
ChIJ7fBCUGMb9T4RpGIZTpAeoik,مركز يوشي للتجميل,R3J7+W2 - Ajman - United Arab Emirates,24.8323052,56.062573300000004,3.5,29,OPERATIONAL,beauty_salon,,,,False,,,2026-10-09
ChIJqUSbvjka9T4RYB7B3Ou9QKE,Aljawhara Ladies Saloon,muzera - Ajman - United Arab Emirates,24.837038699999997,56.056525099999995,4.6,51,OPERATIONAL,beauty_salon,,,,False,,,2026-10-09
ChIJ17_D0vwb9T4RHQkD2DiqSV0,صالون ربدان للحلاقة,R3H3+J65 - شارع - Ajman - United Arab Emirates,24.828597700000003,56.0529522,4.2,5,OPERATIONAL,barber_shop,,,,False,,men-only,2026-10-09
ChIJm4AAbrIb9T4Rwp5ejkDe3Ho,صالون اللافندر,R3M7+52F - Ajman - United Arab Emirates,24.832948,56.062559,3,2,OPERATIONAL,beauty_salon,,,,False,,,2026-10-09
ChIJRYQHmEEb9T4R4_8A7t5Gt78,Shahab muzira hair cutting salon,R3Q3+QM6 - Ajman - United Arab Emirates,24.839417299999997,56.054133,3.7,3,OPERATIONAL,beauty_salon,,,,False,,,2026-10-09
ChIJT3axewAb9T4R7DE0aku0dR8,Ghaya Beauty,R3F9+RX - Ajman - United Arab Emirates,24.82441,56.069808900000005,5,1,OPERATIONAL,beauty_salon,,,,False,,,2026-10-09
ChIJs0Q1z7cf9T4RHE1LnYxvbKw,جولدن سيزر للحلاقة,شارع غلفا - Ajman - United Arab Emirates,24.830503999999998,56.064191199999996,4,6,OPERATIONAL,barber_shop,,,,False,,men-only,2026-10-09
ChIJhxml6zga9T4R44anUnjXVF8,صالون علي هوال للرجال,Ajman - United Arab Emirates,24.8388615,56.054662799999996,,,OPERATIONAL,barber_shop,,,,False,,men-only,2026-10-09
ChIJDyPZwTEa9T4RXdMMxaUfszg,صالون يثرب للحلاقة,Ajman - United Arab Emirates,24.8328662,56.0626172,,,OPERATIONAL,barber_shop,,,,False,,men-only,2026-10-09
ChIJbYN7lnQb9T4RS8qHk8vGauo,حلاق الصفاء,St 42 - Ajman - United Arab Emirates,24.8352237,56.0592784,3,2,OPERATIONAL,barber_shop,,,,False,,men-only,2026-10-09
ChIJL0Udqzga9T4RbLakFccK6gY,صالون ريبون للسيدات Ribbon Beauty Salon,Masfout 7 - عجمان - United Arab Emirates,24.8395691,56.052999799999995,5,2,OPERATIONAL,beauty_salon,,,,False,,,2026-10-09
ChIJyVbX6TEa9T4RH1pm5dKzwKg,Al Rahaf Artist Beauty Salon (Ladies),R3M7+33G - Ajman - United Arab Emirates,24.8326809,56.062701399999995,1,1,OPERATIONAL,beauty_salon,,,,False,,,2026-10-09
ChIJx65eLwAb9T4RAKv-QXLuP_o,حلاق صالون الضيافه,R3Q3+9R7 - شارع الإمارات العابر - Mezairah - Ajman - United Arab Emirates,24.838419,56.054558500000006,,,OPERATIONAL,barber_shop,,,,False,,men-only,2026-10-09
ChIJhx52UUAb9T4Ro_EcGINFXjY,صالون وحلاق الاحتراف للحلاقه الرجاليه,R2RX+PM9 - E44 - Ajman - United Arab Emirates,24.841783799999998,56.0492407,5,5,OPERATIONAL,hair_salon,,,,False,,men-only,2026-10-09
ChIJwUbWaHsb9T4R6wcUSpb1jkw,N.S Ladies Salon,Hatta - Masfout - دبي - United Arab Emirates,24.8396513,56.071256899999995,5,2,OPERATIONAL,beauty_salon,,,,False,,,2026-10-09
ChIJ2TOABQAb9T4RietK-7q4DDU,Generation hair cutting saloon,4 E44 - Ajman - United Arab Emirates,24.8366889,56.0569447,,,OPERATIONAL,barber_shop,,,,False,,men-only,2026-10-09
ChIJucJiXwAb9T4RMNHVf1OXFXI,الاحتراف صالون حلاقة رجاليه,Ajman - United Arab Emirates,24.841799899999998,56.049184399999994,,,OPERATIONAL,barber_shop,,,,False,,men-only,2026-10-09
ChIJjxgY1xYb9T4RbW5zT3CcKQg,صالون جبل حتا للحلاقة,Dubai-Hatta Rd - Ajman - United Arab Emirates,24.833741,56.102116699999996,,,OPERATIONAL,barber_shop,,,,False,,men-only,2026-10-09
ChIJvXmaKgAf9T4RTb40Yf0U0-c,حلاق شباب حتا,R4CF+7F - Hatta - Dubai - United Arab Emirates,24.8206845,56.1236676,3.7,3,OPERATIONAL,barber_shop,,,,False,,men-only,2026-10-09
ChIJCeEeWOwf9T4RAYViGeIl4WM,Ali obaid Salon,Dubai-Hatta Rd - Hatta - Dubai - United Arab Emirates,24.821526499999997,56.1222658,5,1,OPERATIONAL,hair_salon,,,,False,,,2026-10-09
ChIJ45RT4jV1Xz4Rhdiwh422TfY,South Beauty Centre,South Village EMAAR SOUTH - مدينة المطار - دبي الجنوب - دبي - United Arab Emirates,24.864908399999997,55.143667699999995,3.2,80,OPERATIONAL,beauty_salon,moderate,100,300,False,,,2026-10-09
ChIJlyKcAmN1Xz4RUNr9qTkdY4g,Il Padrino Gentlemen Lounge - Emaar South,Emaar South Retail Center (South Village - مدينة المطار - دبي الجنوب - دبي - United Arab Emirates,24.864688700000002,55.143798999999994,4.3,186,OPERATIONAL,barber_shop,moderate,60,140,False,,men-only,2026-10-09
ChIJk3K_EwB1Xz4RB2JcJg3XkO0,Standing Appointment,Dubai - Madinat Al Mataar - Dubai South - Dubai - United Arab Emirates,24.8573857,55.1535337,5,23,OPERATIONAL,beauty_salon,moderate,100,300,False,,,2026-10-09
ChIJOS57Anwa9T4RnM_2J-zc1Ec,Beauty House Ladies Salon,Sayh Mudayrah - Ajman - United Arab Emirates,24.847531000000004,56.033690899999996,4.2,15,OPERATIONAL,beauty_salon,,,,False,,,2026-10-09
ChIJPcEm0UUb9T4RNQTw8KGAtEk,King’s Saloon صالون الملوک,Dubai - United Arab Emirates,24.846287399999998,56.037173499999994,5,1,OPERATIONAL,hair_salon,,,,False,,,2026-10-09
ChIJ-3ga_fMb9T4RvtFK5A4Z-rE,صالون ريف مزيرع للحلاقہ رجالي,R2WQ+F62 - Ajman - United Arab Emirates,24.8461498,56.038024,4.7,3,OPERATIONAL,barber_shop,,,,False,,men-only,2026-10-09
ChIJCxlwQ-Mb9T4R7QhKU0aZ50Y,Saloon reef muzaira,E44 - Ajman - United Arab Emirates,24.846476799999998,56.037272599999994,,,OPERATIONAL,barber_shop,,,,False,,men-only,2026-10-09
ChIJofz_0Fgb9T4RR6GS7fxhH0A,Habib haircutting saloon,R2WV+2PH - Ajman - United Arab Emirates,24.8450535,56.044373099999994,,,OPERATIONAL,beauty_salon,,,,False,,,2026-10-09
ChIJ0wdjl2ka9T4R6FUWk_xznPE,Moshtaq Hair Cutting Saloon,E44 - Ajman - United Arab Emirates,24.843974799999998,56.045168499999996,3.3,6,OPERATIONAL,barber_shop,,,,False,,men-only,2026-10-09
ChIJXbcJlvdDXz4RD7MRJuXEWqQ,صالون طيف الزينه اللسيلي Taif Alzaina beauty,Saih Al Salam street - D42 - الليسيلي - دبي - United Arab Emirates,24.9356925,55.4763264,4.8,31,OPERATIONAL,beauty_salon,,,,False,,,2026-10-09
ChIJd3oN4iB_Xz4RVHJqJ_dg65c,صالون أسطورة الشبابي للحلاقة الرجالية,Al Lisaili - Al Lesaily - Dubai - United Arab Emirates,24.9366751,55.4780948,5,4,OPERATIONAL,barber_shop,,,,False,,men-only,2026-10-09
ChIJ9V6MecZ_Xz4RYL5zo_E6tgI,Shams Alusaily salon,Al Lesaily - Dubai - United Arab Emirates,24.9342124,55.4780698,4.7,7,OPERATIONAL,beauty_salon,,,,False,,,2026-10-09
ChIJ0bYwXgB_Xz4RJrziSTjr-yM,بيت دلموج,WFPM+R3 - Al Lesaily - Dubai - United Arab Emirates,24.9370773,55.4826341,5,1,OPERATIONAL,barber_shop,,,,False,,men-only,2026-10-09
ChIJI_3IDgB_Xz4RdQ4fXfHH5Lw,صالون بيت الوصل المرموم,WFMG+X28 - Al Lesaily - Dubai - United Arab Emirates,24.934912,55.474992099999994,4,4,OPERATIONAL,beauty_salon,,,,False,,,2026-10-09
ChIJVy7QD1V_Xz4RAcV4HPkPgSk,Al Lisily Dubai,WFPG+9M4 - Al Lesaily - Dubai - United Arab Emirates,24.935879699999997,55.476700699999995,,,OPERATIONAL,hair_salon,,,,False,,,2026-10-09
ChIJwzpD_ol_Xz4RnnvN_YJAey4,Scissors vip mens saloon,Dubai - Al Lesaily - Dubai - United Arab Emirates,24.935902199999997,55.4767034,4.3,3,OPERATIONAL,beauty_salon,,,,False,,,2026-10-09
ChIJDcFNIgB_Xz4RAuS-XPKqbnM,Al isaili,WFMG+X28 - Al Lesaily - Dubai - United Arab Emirates,24.9349166,55.4750679,,,OPERATIONAL,barber_shop,,,,False,,men-only,2026-10-09
ChIJ3z-r00B_Xz4RGYdBHOFx5J8,Rofan Ladies Salon صالون روفان للسيدات,https://maps.app.goo.gl - Al Lesaily - Dubai - United Arab Emirates,24.932713999999997,55.472507699999994,5,6,OPERATIONAL,beauty_salon,,,,False,,,2026-10-09
ChIJ8S-9ZgB_Xz4RcPBHK7l2x8k,Marmor,"Embassy of the United Arab Emirates, Ramna 4 Diplomatic Enclave, Islamabad, Pakistan - الليسيلي - دبي - United Arab Emirates",24.9359357,55.4764204,,,OPERATIONAL,beauty_salon,,,,False,,,2026-10-09
ChIJ4RnMAQB_Xz4RLyYKbwAXZh0,Bait Al Wasl,WFMG+X2G - Al Lesaily - Dubai - United Arab Emirates,24.934930599999998,55.4750716,,,OPERATIONAL,barber_shop,,,,False,,men-only,2026-10-09
ChIJa2SSFAB_Xz4RiR73zVFjrFg,Al Wasl House Saloon,WFMF+GW5 - Al Lesaily - Dubai - United Arab Emirates,24.933761699999998,55.474855999999996,,,OPERATIONAL,barber_shop,,,,False,,men-only,2026-10-09
ChIJj4yu1wF_Xz4RVo52grulAgs,Riposo Beauty Salon,Al Lisaili - Al Lesaily - Dubai - United Arab Emirates,24.9366226,55.4778897,3.7,3,OPERATIONAL,beauty_salon,,,,False,,,2026-10-09
ChIJXUFNMWsPXz4RCfFbJq_Vdhk,Star cut saloon,"Staff Accommodation,DP World - X27X+CG5 Jafza - near jafza Gate No.7 - ميناء جبل علي - منطقة جبل علي الحرة - دبي - United Arab Emirates",24.9635125,55.0488461,5,1,OPERATIONAL,barber_shop,,,,False,,men-only,2026-10-09
ChIJR8Ad9OYNXz4RehyvZDU7uXg,Ouf Hairdressing Saloon,X344+9WW - Mena Jabal Ali - New West Camp - Dubai - United Arab Emirates,24.9559881,55.0573218,5,2,OPERATIONAL,hair_salon,,,,False,,,2026-10-09
ChIJTXRMkeYNXz4R9fNmRKrcS5I,New gents salon Fze,X344+HJW - Mena Jabal Ali - New West Camp - Dubai - United Arab Emirates,24.956492200000003,55.0565883,4,6,OPERATIONAL,beauty_salon,,,,False,,men-only,2026-10-09
ChIJD0vsBQANXz4RpBsVPI6ZC-Y,Al sudeer saloon,X344+PJW West Accommodation - Free Zone Area - New West Camp - Dubai - United Arab Emirates,24.9568744,55.0565752,,,OPERATIONAL,hair_salon,,,,False,,,2026-10-09
ChIJT2cyLgANXz4RVZeISio3oNE,Danish abbas,X349+663 - Mena Jabal Ali - Jebel Ali Freezone - Dubai - United Arab Emirates,24.955613,55.069494999999996,,,OPERATIONAL,beauty_salon,,,,False,,,2026-10-09
ChIJ6YWCIuQNXz4R6ruUm6-WUgw,Happy Valley Gents Saloon,X354+4GJ Happy Valley Gents Saloon - Mina Jebel Ali - New West Camp - Dubai - United Arab Emirates,24.957839099999998,55.0562562,,,OPERATIONAL,barber_shop,,,,False,,men-only,2026-10-09
ChIJSeFn2K8NXz4R4CSd1ai53ag,Barbers Salon,W3WM+R22 - Jabal Ali Industrial Second - Dubai - United Arab Emirates,24.9470098,55.0825008,3.5,2,OPERATIONAL,hair_salon,,,,False,,men-only,2026-10-09
ChIJsXcRPAANXz4RBjwNRo2tdn4,Galaxy Way Salon,Jafza View 19 - Jabal Ali Industrial Second - Dubai - United Arab Emirates,24.9478728,55.082757,2,4,OPERATIONAL,barber_shop,,,,False,,men-only,2026-10-09
ChIJfYc_awANXz4Rvp0bCUiFuEM,Bu Abdullah Barber Shop,W3XJ+7V8 - Jabal Ali Industrial Second - Dubai - United Arab Emirates,24.9481966,55.0823258,,,OPERATIONAL,hair_salon,,,,False,,men-only,2026-10-09
ChIJcbn2GgUNXz4Rmt-pHlI-Sb0,Amori beauty centre,"old airport road, near choueifat school land , shaheen travel agency building - mezzanine floor M, 63049 - Jabal Ali Industrial Second - Abu Dhabi - United Arab Emirates",24.9521377,55.1025663,,,OPERATIONAL,hair_salon,,,,False,,,2026-10-09
ChIJ2yrHk19rXz4RS-xQE-tEHUk,AL RAHI GENTS SALON,Al Lisaili - Al Lesaily - Dubai - United Arab Emirates,24.9510455,55.4963194,4.4,5,OPERATIONAL,hair_salon,,,,False,,men-only,2026-10-09
ChIJ6_xOVgCB9T4RdNY0JSdi7DU,Classy city saloon,XF2W+G5X - Al Lesaily - Dubai - United Arab Emirates,24.9513626,55.495495299999995,5,1,OPERATIONAL,barber_shop,,,,False,,men-only,2026-10-09
ChIJORW3MQB_Xz4RKFohr5QJj38,AL MARMOOM STAR SALON,Al Lisaliy Marmoom - near Al Sahara supermarket - Al Lesaily - Dubai - United Arab Emirates,24.9488423,55.4943482,5,1,OPERATIONAL,barber_shop,,,,False,,men-only,2026-10-09
ChIJKd8OGwCB9T4RyrRBZqQ-Tfo,Al Lisaili Dubai,XG25+H9 - Margham - Dubai - United Arab Emirates,24.951472199999998,55.5083889,1,1,OPERATIONAL,hair_salon,,,,False,,,2026-10-09
ChIJI6B6RidWFkkRM_Q3z8RjVkg,TOPLINE SALON,"Ak mart hypermarket, Dubai Investment Park 1 - مجمع دبي للاستثمار الأول - دبي - United Arab Emirates",24.9775167,55.1558588,4.5,34,OPERATIONAL,barber_shop,,,,False,,men-only,2026-10-09
ChIJ-TPt1QpzXz4R27dKO5NNWTw,Lovely pink beauty saloon,Dubai investment park dip-1 Aiko mall shop No.11 - near the food court - مجمع دبي للاستثمار الأول - دبي - United Arab Emirates,24.9711264,55.171892400000004,4.8,17,OPERATIONAL,beauty_salon,,,,False,,,2026-10-09
ChIJbVPes8FyXz4RCYgUJ0cXMjw,Top Elegance Gents salon,Dubai Investment Park - 1 - Dubai Investment Park First - Dubai - United Arab Emirates,24.976137800000004,55.1580419,4,7,OPERATIONAL,hair_salon,,,,False,,men-only,2026-10-09
ChIJYdADwPpyXz4Rq_bdUl0tqiw,Gents Saloon - Ramla Market,Dubai Investment Park - 1 - Dubai Investment Park First - Dubai - United Arab Emirates,24.971390399999997,55.172066099999995,3.4,11,OPERATIONAL,hair_salon,,,,False,,men-only,2026-10-09
ChIJYXl5Cb9yXz4Rf8sAZQ2EzXA,Excellent Star Gents salon,X5J4+6MM - 44 A St - مجمع دبي للاستثمار الأول - دبي - United Arab Emirates,24.980580099999997,55.15668300000001,4,1,OPERATIONAL,hair_salon,,,,False,,men-only,2026-10-09
ChIJmVHMOAtzXz4Rw6vRj3FbP3M,KING BOLLYWOOD GENTS SALON L.L.C,Dubai Investment Park - 1 - مجمع دبي للاستثمار الأول - دبي - United Arab Emirates,24.9709945,55.172055,4.7,3,OPERATIONAL,barber_shop,,,,False,,men-only,2026-10-09
ChIJfWBoQu5yXz4RIp8NqqzPO9A,Cute & Smart Gents salon,X5G9+6GM - 65th Street - Dubai Investment Park First - Dubai - United Arab Emirates,24.975594599999997,55.168789499999995,2.6,5,OPERATIONAL,hair_salon,,,,False,,men-only,2026-10-09
ChIJk0IQhIJzXz4RAMT7QM01P7E,SKYROCK SALON,Dubai Investment Park - 1 - Alico Mall - مجمع دبي للاستثمار الأول - دبي - United Arab Emirates,24.9791012,55.159592,3.7,3,OPERATIONAL,beauty_salon,,,,False,,,2026-10-09
ChIJpfOXeGxzXz4RLzWKQdVc8XU,RIPPLE SALON,Dubai Investment Park - 1 - مجمع دبي للاستثمار الأول - دبي - United Arab Emirates,24.9751354,55.1657264,4.6,45,OPERATIONAL,beauty_salon,,,,False,,,2026-10-09
ChIJGbe76fpyXz4RtL6IMU6C36k,Excellent Star Gents salon,Dubai Investment Park - 1 - Dubai Investment Park First - Dubai - United Arab Emirates,24.9710142,55.1721935,3.3,6,OPERATIONAL,hair_salon,,,,False,,men-only,2026-10-09
ChIJF07vlkhzXz4RoG7_c686iYA,Ramossa Farooki,X5H5+RM - Dubai Investment Park First - Dubai - United Arab Emirates,24.979571699999997,55.1592199,5,1,OPERATIONAL,beauty_salon,,,,False,,,2026-10-09
ChIJzxoc_SJzXz4RetwxzXOHyA0,AHMAD al Suwaidi Gents Saloon,X5JG+PR2 - Dubai Investment Park First - Dubai - United Arab Emirates,24.9817581,55.177021599999996,4.7,11,OPERATIONAL,barber_shop,,,,False,,men-only,2026-10-09
ChIJC1dF3fpyXz4RwW_ooRhdNHw,Probashi Gents Saloon,X5CC+7RR - 1 - Dubai Investment Park - Dubai - United Arab Emirates,24.9707418,55.1720231,3,2,OPERATIONAL,hair_salon,,,,False,,men-only,2026-10-09
ChIJ8f2Oh1ZzXz4RcSkCJVknZoc,SYDUL ALAM AYUB GENT'S SALON,Dubai - Dubai Investment Park First - Dubai - United Arab Emirates,24.9813451,55.177096899999995,3.9,9,OPERATIONAL,barber_shop,,,,False,,men-only,2026-10-09
ChIJZT43DL9yXz4RAvU9OL33nqI,Look Like. Star Saloon,Dubai Investment Park - 1 - Dubai Investment Park First - Dubai - United Arab Emirates,24.980427,55.1564185,2.6,5,OPERATIONAL,hair_salon,,,,False,,,2026-10-09
ChIJiThCGptzXz4RNBQTjhX2iII,AL WAFY GENTS SALON-BRANCH,1 - beside spring supermarket - Dubai Investment Park First - Dubai - United Arab Emirates,24.972586399999997,55.166936899999996,5,1,OPERATIONAL,barber_shop,,,,False,,men-only,2026-10-09
ChIJC1QgU-VyXz4RL2bD1JkmYRQ,Quality Gents salon,Dubai Investment Park - 1 - Dubai Investment Park First - Dubai - United Arab Emirates,24.9718451,55.1706224,3.9,9,OPERATIONAL,barber_shop,,,,False,,men-only,2026-10-09
ChIJUVMVX1ZzXz4RIy-TN2Sx3h0,Qamr almraj gents salon co,Dubai Investment Park - 1 - مجمع دبي للاستثمار الأول - دبي - United Arab Emirates,24.982804599999998,55.154443099999995,5,2,OPERATIONAL,barber_shop,,,,False,,men-only,2026-10-09
ChIJw3auRWZzXz4RxMuxKVqAy9Q,Bollywood Mens Salon,Dubai Investment Park - 1 - مجمع دبي للاستثمار الأول - دبي - United Arab Emirates,24.971355199999998,55.1717181,3.8,6,CLOSED_TEMPORARILY,hair_salon,,,,False,,not-operational,2026-10-09
ChIJFaSRVgBzXz4RWRdYGbuoFbo,Tailor,Dubai Investment Park - 1 - مجمع دبي للاستثمار الأول - دبي - United Arab Emirates,24.980532099999998,55.156717799999996,,,OPERATIONAL,barber_shop,,,,False,,men-only,2026-10-09
ChIJ5ze4b0BzXz4RJUuytcUYezY,Dar Al Madina,Dubai Investment Park - 2 - مجمع دبي للاستثمار الثاني - دبي - United Arab Emirates,24.989995399999998,55.1984061,4,23,OPERATIONAL,hair_salon,,,,False,,,2026-10-09
ChIJL7tuFwBzXz4RTyDgDqO6hjw,Al Anaqa Al Dhahabia Gents Salon Br DIP 2,"Al Shumookh Labor Camp, Dubai Investment Park - 2 - مجمع دبي للاستثمار الثاني - دبي - United Arab Emirates",24.9780969,55.2018272,4.7,12,OPERATIONAL,hair_salon,,,,False,,men-only,2026-10-09
ChIJW_OefQNzXz4RNgaqsmbzJtQ,Excellent star saloon br,Dubai Investment Park - 2 - مجمع دبي للاستثمار الثاني - دبي - United Arab Emirates,24.9763034,55.20470830000001,4.8,5,OPERATIONAL,hair_salon,,,,False,,,2026-10-09
ChIJK3t17zxzXz4RVfrpbqsjF6k,White Tulip Beauty Salon,Dubai Investment Park - 2 - مجمع دبي للاستثمار الثاني - دبي - United Arab Emirates,24.9898096,55.201473199999995,3.6,99,OPERATIONAL,beauty_salon,,,,False,,,2026-10-09
ChIJhc9Bu0ByXz4RJ5Lr24SibQU,Clairebelle Ladies Salon LLC,"Shop No 103, First Floor,Ritaj Community Center,Dubai Investment Park 2 - Above Al Maya Supermarket - Dubai Investment Park Second - Dunes Village - Dubai - United Arab Emirates",24.986608699999998,55.2028021,4.2,151,OPERATIONAL,beauty_salon,,,,False,,,2026-10-09
ChIJhxE6VABzXz4Rq7zEhJMco6g,The LAN Salon صالون للرجال لولو النجوم,The Town Mall - DIP 2 - Shop 23 Ground Floor - Dubai Investment Park Second - Dubai - United Arab Emirates,24.973630399999998,55.2071031,4.5,65,OPERATIONAL,barber_shop,,,,False,,men-only,2026-10-09
ChIJ0-MB_chzXz4RjsGa6Uid2qo,VIP Saloon,1 - 11 17 Street - Dubai Investment Park Second - Dubai - United Arab Emirates,24.9738486,55.206908399999996,3.7,3,OPERATIONAL,barber_shop,,,,False,,men-only,2026-10-09
ChIJwXePMo1zXz4RyhV9Psp-JXc,AL WAFY GENT SALONLLC,"Shop 24, Mango hyper market, مجمع دبي للإستثمار 2 - مجمع دبي للاستثمار الثاني - دبي - United Arab Emirates",24.9736282,55.2069667,4.4,20,OPERATIONAL,barber_shop,,,,False,,men-only,2026-10-09
ChIJn-ByaehzXz4RnDNK8jFV_6Q,Ashif,Dubai Investment Park - 2 - مجمع دبي للاستثمار الثاني - دبي - United Arab Emirates,24.9743875,55.201939900000006,2,1,OPERATIONAL,beauty_salon,,,,False,,,2026-10-09
ChIJNyPnSYkYqEIRRlh6aDeAi5Y,The Beauty Parlor,Dubai Investment Park Second - Dubai - United Arab Emirates,24.974080299999997,55.2070869,4.7,73,OPERATIONAL,beauty_salon,,,,False,,,2026-10-09
ChIJ_4P9hQ9zXz4RxhK0ncokjF0,Highlight Gents salon,Dubai Investment Park - 2 - مجمع دبي للاستثمار الثاني - دبي - United Arab Emirates,24.989810799999997,55.2016697,2.6,10,OPERATIONAL,hair_salon,,,,False,,men-only,2026-10-09
ChIJe5ShMKxzXz4Ra5vVhQ-Zl7Q,Muhammad Khan gents saloon,X6F3+QX3 - Dubai Investment Park Second - Dubai - United Arab Emirates,24.9743957,55.2049185,3.7,3,OPERATIONAL,barber_shop,,,,False,,men-only,2026-10-09
ChIJB_l2dwpzXz4RVX7CoymUfmA,New shop dip2,X6F2+MPR - Dubai Investment Park Second - Dubai - United Arab Emirates,24.9742407,55.2017757,3.7,3,OPERATIONAL,beauty_salon,,,,False,,,2026-10-09
ChIJ2_CmXwBzXz4RlCQWveMx8BE,Wadi Alsalam gents saloon,Dubai Investment Park Second - Dubai - United Arab Emirates,24.9745311,55.203574499999995,2.3,3,OPERATIONAL,barber_shop,,,,False,,men-only,2026-10-09
ChIJo6uPmklyXz4Rl8A2oQDU2rU,Royal Park gents saloon,Dubai Investment Park - 2 - Dubai Investment Park Second - Dubai - United Arab Emirates,24.976198699999998,55.2017038,3.3,44,OPERATIONAL,barber_shop,,,,False,,men-only,2026-10-09
ChIJTbpEnENyXz4RGawidag6LmY,Better Gents salon,Dubai Investment Park - 2 - Dubai Investment Park Second - Dubai - United Arab Emirates,24.9850262,55.1962069,3,33,OPERATIONAL,hair_salon,,,,False,,men-only,2026-10-09
ChIJqzWwHmNzXz4RLXfjBciG7PU,SCISSORS AND MIRRORS GENTS SALON,Dubai Investment Park Second - Dubai - United Arab Emirates,24.985461599999997,55.1967658,3.3,3,OPERATIONAL,hair_salon,,,,False,,men-only,2026-10-09
ChIJ_5BrJABzXz4RqCAk1JYmw84,Madina Saloon,near BW Staff & labor accommodation - Dubai Investment Park Second - Dubai - United Arab Emirates,24.974850699999998,55.203872999999994,2.8,5,OPERATIONAL,hair_salon,,,,False,,,2026-10-09
ChIJn2nJd99zXz4RAOgFmkHp3Tc,AL WAFY GENTS SALON L.L.C. (BRANCH),Emirates Code Contracting Labour Camp - Dubai Investment Park Second - Dubai - United Arab Emirates,24.988499899999997,55.1963523,4.3,3,OPERATIONAL,barber_shop,,,,False,,men-only,2026-10-09
ChIJsdl7Z1JzXz4RdCZ5UoeKNGs,Al Namoos Salon Branch,Dubai Investment Park - 2 - beside Landmark Restaurant DIP 2 - مجمع دبي للاستثمار الثاني - دبي - United Arab Emirates,24.9750201,55.20512240000001,3,4,OPERATIONAL,beauty_salon,,,,False,,,2026-10-09
ChIJw8qHcQB19T4RemJvvM6thpM,Masafi,XQMM+62Q - Al Husoon - Sharjah - United Arab Emirates,24.9830944,55.7826016,,,OPERATIONAL,hair_salon,,,,False,,,2026-10-09
ChIJk75Bs9l19T4Rk2ZSQrxK7nI,صالون الآرام للتجميل,E55 - المدام - إمارة الشارقةّ - United Arab Emirates,24.9775097,55.7801671,1,3,OPERATIONAL,beauty_salon,,,,False,,,2026-10-09
ChIJ98SQheV19T4RuEPBgGBMqRw,Shams Al madam ladies salon,Sharjah - Al Madam - Sharjah - United Arab Emirates,24.9800331,55.7800015,4.7,15,OPERATIONAL,beauty_salon,,,,False,,,2026-10-09
ChIJb3u3wZR19T4Rtxmx-Tn-6YE,صالون الغافية للحلاقة,XQJJ+GGH - Al Madam - Sharjah - United Arab Emirates,24.9813244,55.7813631,,,OPERATIONAL,hair_salon,,,,False,,men-only,2026-10-09
ChIJ_8klHAB19T4RjYb1S8ebyRg,القمة للعناية الشخصيه بالرجال,XQFG+FV9 - Al Madam - Sharjah - United Arab Emirates,24.973654,55.777229,,,OPERATIONAL,barber_shop,,,,False,,men-only,2026-10-09
ChIJp_1oWYNyXz4RGqOgLr1FlHY,Comb And Scissors Gents Salon,RDK Building Dubai Investment Park 1 - مجمع دبي للاستثمار الأول - قرية المجتمع الخضراء - دبي - United Arab Emirates,24.999062199999997,55.170681,4.7,339,OPERATIONAL,barber_shop,,,,False,,men-only,2026-10-09
ChIJQQ9HfGFtXz4Rcqp-MgnFtYs,Hair Lounge Ladies Salon,DIP1 Green Community Courtyard by Marriot Hotel - مجمع دبي للاستثمار الأول - قرية المجتمع الخضراء - دبي - United Arab Emirates,25.0037589,55.1646955,4.8,365,OPERATIONAL,beauty_salon,,,,False,,,2026-10-09
ChIJnayY5GBtXz4RKym4qjw4Z94,ATILA Ladies Beauty Salon,Dubai Investment Park First - Green Community Village - Dubai - United Arab Emirates,24.9979668,55.175630899999994,4.8,186,OPERATIONAL,beauty_salon,moderate,100,300,False,,,2026-10-09
ChIJy1JfMEtzXz4RsZMQzfZFpy0,MUKTA BEAUTY SALOON (DIP-1),Al Asmawi Building - Shop no- 5 1 - next to Vasanta Bhavan Restaurant - Dubai Investment Park First - Green Community Village - Dubai - United Arab Emirates,24.9985006,55.171788199999995,4.9,63,OPERATIONAL,beauty_salon,,,,False,,,2026-10-09
ChIJ7z75MDBtXz4RtK9ltpvDzFM,LAVITA Gents Salon | Barber Shop - DIP,The Market Mall - Dubai Investment Park First - Green Community Village - Dubai - United Arab Emirates,25.0049331,55.1649884,4.8,243,OPERATIONAL,barber_shop,,,,False,,men-only,2026-10-09
ChIJ3bG8qD1DXz4RJegaGeGeS40,Al Arzaan Gents Salon,Uniestate Mansion Dubai investment park - 1 - مجمع دبي للاستثمار الأول - قرية المجتمع الخضراء - دبي - United Arab Emirates,25.0044409,55.168838300000004,4.1,34,OPERATIONAL,barber_shop,inexpensive,20,60,False,,men-only,2026-10-09
ChIJ9djESYRyXz4RGGw2-BPf3GM,Spring Dale Gents Salon,"Oppo. Carrefour, Dubai Investment Park 1, - Jebel Ali - 90695 - مجمع دبي للاستثمار الأول - قرية المجتمع الخضراء - دبي - United Arab Emirates",24.997131,55.174792999999994,3.6,28,OPERATIONAL,beauty_salon,,,,False,,men-only,2026-10-09
ChIJeQFQusdtXz4RrnQuyjYE6JI,Fine Look Gents Salon,Unnamed Road - Dubai Investment Park First - Green Community Village - Dubai - United Arab Emirates,25.003031999999997,55.167389099999994,4.3,126,OPERATIONAL,barber_shop,,,,False,,men-only,2026-10-09
ChIJFYM39WFtXz4RmuHdt8OHkaU,"N.Bar Nail Spa & Salon Green Community, The Market Mall",The Market - Ground Floor - Dubai Investment Park First - Green Community East - Dubai - United Arab Emirates,25.0046488,55.1650187,4.8,350,OPERATIONAL,nail_salon,,,,False,,,2026-10-09
ChIJ20eohmFtXz4RlmD_xLj39nw,HAIR LOUNGE GENTS SALON,"The Market Mall Gate 2, Green Community, Dubai Investment Park 1 - Millennium Hotel، The Market Mall - Dubai Investment Park First - Green Community Village - Dubai - United Arab Emirates",25.0039993,55.1646752,4.8,336,OPERATIONAL,barber_shop,moderate,80,160,False,,men-only,2026-10-09
ChIJww1hzH9zXz4RA5qObvwwKts,The LAN Salon DIP1 Branch 1-صالون للرجال لولو النجوم (فرع) مجمع دبي للاستثمار-,"Shop no 08, Ground Floor Backside CEO Building, Opposite Carrefour Dubai Investement Park 1 - Nearest Landmark is DIP1 Mosque - مجمع دبي للاستثمار الأول - قرية المجتمع الخضراء - دبي - United Arab Emirates",24.9972994,55.1740752,4.5,56,OPERATIONAL,hair_salon,,,,False,,men-only,2026-10-09
ChIJlwX0CcNzXz4RWmhwwZKyVpc,发舞台美发店DIP分店,2529+7C - Dubai Investment Park First - Green Community Village - Dubai - United Arab Emirates,25.0006582,55.1685387,4.7,3,CLOSED_TEMPORARILY,barber_shop,,,,False,,not-operational,2026-10-09
ChIJU6qE5mpbXz4Rd2R_DW1mf34,Kwinas Beauty Salon (DIP 1),"Dip-1, Bayan Business Center - Ground Floor Shop No-8 - near Med7 pharmacy - Dubai Investment Park First - Green Community Village - Dubai - United Arab Emirates",24.9973927,55.1724168,4.9,181,OPERATIONAL,beauty_salon,,,,False,,,2026-10-09
ChIJ865B1xBzXz4RiOH-t0nGqn0,Saloon,"CEO Building, 3rd floor, Room 314 - Dubai - مجمع دبي للاستثمار الأول - قرية المجتمع الخضراء - دبي - United Arab Emirates",24.9970164,55.1744979,5,3,OPERATIONAL,barber_shop,,,,False,,men-only,2026-10-09
ChIJAeeQOIRyXz4RirpCKt2YzMI,Pearl Boracay Salon,X5XF+2XJ - Unnamed Rd - Dubai Investment Park First - Green Community Village - Dubai - United Arab Emirates,24.9975861,55.174891499999994,2.5,2,OPERATIONAL,beauty_salon,,,,False,,,2026-10-09
ChIJ11Vs8WNtXz4RfNkV0GBBdH8,White Feather Beauty Salon,"G-5, Mayfair Building, Opposite Choithram, Dubai Investment Park - 1 - مجمع دبي للاستثمار الأول - قرية المجتمع الخضراء - دبي - United Arab Emirates",25.007028500000004,55.166366499999995,3.8,68,OPERATIONAL,beauty_salon,,,,False,,,2026-10-09
ChIJzZb1dXdzXz4RM-iZMcXEo_c,Budget Gents salon-DIP,Carrefour Centre - DIP - Ground Level - Dubai Investment Park First - Green Community Village - Dubai - United Arab Emirates,24.9980279,55.1755527,3.6,56,OPERATIONAL,barber_shop,,,,False,,men-only,2026-10-09
ChIJVY3jmoRyXz4RNXucNW735AA,Angelique Ladies salon,X5XF+73J - Dubai Investment Park First - Green Community Village - Dubai - United Arab Emirates,24.998210399999998,55.1726561,3.8,13,OPERATIONAL,beauty_salon,,,,False,,,2026-10-09
ChIJSwsA8-xtXz4R-hn-0S1Da6s,Glamour and Go Ladies Salon,DIP 1 - مجمع دبي للاستثمار الأول - قرية المجتمع الخضراء - دبي - United Arab Emirates,25.002813099999997,55.1673232,4.4,16,OPERATIONAL,beauty_salon,,,,False,,,2026-10-09
ChIJ2YzCa_tzXz4R99BFw5m7-Cg,Moon Spa - Nails Salon,Green Community Village - Dubai - United Arab Emirates Ewan Residences - Building 29 - مجمع دبي للاستثمار الأول - قرية المجتمع الخضراء - دبي - United Arab Emirates,24.995567599999998,55.180307299999996,5,5,OPERATIONAL,nail_salon,,,,False,,,2026-10-09
ChIJDQwaOcBxXz4RiKiPNrhC0B8,Rerotti Hair & Beauty Remraam Al Thammam,Al Thamam Community Center - Al Hebiah Fifth - Remraam - Dubai - United Arab Emirates,25.0054075,55.2491833,4.1,224,OPERATIONAL,beauty_salon,,,,False,,,2026-10-09
ChIJ09XSVOtxXz4RnkSNm1FGWEk,American Wax Center ladies salon LLC,"Ground floor, Damac Mall - Al Hebiah Third - DAMAC Hills - Dubai - United Arab Emirates",25.0168184,55.2474394,4.8,73,OPERATIONAL,beauty_salon,,,,False,,,2026-10-09
ChIJnbgZ0DZxXz4RcCgUSnMXktA,Caractere Beauty Center | Hair Extension - Remraam,Remraam Community - Hessa St - Al Hebiah Fifth - Remraam - Dubai - United Arab Emirates,25.0020591,55.252505199999995,4.6,156,OPERATIONAL,beauty_salon,,,,False,,,2026-10-09
ChIJsyX-iO9xXz4RZJdNp9VkNKI,Caractere Gents Salon | Barber Shop - Remraam,"Caractere REMRAAM barber Shop, Remraam Community - Hessa St - Al Hebiah Fifth - Remraam - Dubai - United Arab Emirates",25.002162799999997,55.252471299999996,4.3,92,OPERATIONAL,barber_shop,,,,False,,men-only,2026-10-09
ChIJU5t7lGdxXz4R-OGTPyptdMY,Salon Nuha hairstyle,2724+PCG - Al Hebiah Fifth - Remraam - Dubai - United Arab Emirates,25.0018237,55.2560934,5,5,OPERATIONAL,beauty_salon,,,,False,,,2026-10-09
ChIJFy58IWNxXz4R7vZRt7pdvL8,"Hair Extension, Botox, Keratin",Golf Promenade 3B - Al Hebiah Third - DAMAC Hills - Dubai - United Arab Emirates,25.013959,55.250651,,,OPERATIONAL,beauty_salon,,,,False,,,2026-10-09
ChIJ65otKACf9T4RNUuz0ppfwXw,Muhammad Mohsin Gents Saloon,Al madam - filli roundabout - near Naseem Al Sharq Flowers - Al Madam - Sharjah - United Arab Emirates,25.0136029,55.8066598,5,2,OPERATIONAL,barber_shop,,,,False,,men-only,2026-10-09
ChIJsax8vy-f9T4RH52_VQqVJL4,Happy brothers,Al Faya - Al nahda - Sharjah - United Arab Emirates,25.0028139,55.7913759,,,OPERATIONAL,hair_salon,,,,False,,,2026-10-09
ChIJcxP_7e_69D4RL7oKiV-Emcg,صالون قصر البحر للحلاقة,285X+9RP - Al Ghail 9 - Sharjah - United Arab Emirates,25.008474399999997,56.3495674,3.6,5,OPERATIONAL,barber_shop,,,,False,,men-only,2026-10-09
ChIJCz7NKN379D4RBzpANT4IMpc,Mr Fashion saloon (وسيم صالون),Wadi May - Fujairah - United Arab Emirates,25.0243134,56.3116097,5,8,OPERATIONAL,beauty_salon,,,,False,,,2026-10-09
ChIJv-aiajD79D4RffkK7fT2DUY,مركز بيوني للتجميل,"25.025514, 56.348571 Al Ghail 7, Sharjah - شارع الوحدة - مقابل جامعة كلباء - حي الغيل - إمارة الشارقةّ - United Arab Emirates",25.0248514,56.3485497,4.3,210,OPERATIONAL,beauty_salon,very_expensive,100,600,False,,,2026-10-09
ChIJ_QkIr1X69D4R7X2SObj8SMQ,Floranca Beauty Centre,Unnamed Road - Hay Al Ghail - Sharjah - United Arab Emirates,25.0204688,56.3409073,4.4,83,OPERATIONAL,beauty_salon,,,,False,,,2026-10-09
ChIJEcjOVAD79D4RECIFHqmBdq0,Remoush Al Jammal Beauty Center,29J2+Q62 - University Area - Sharjah - United Arab Emirates,25.031893699999998,56.3505165,4.5,36,OPERATIONAL,beauty_salon,,,,False,,,2026-10-09
ChIJaZUU4qr79D4RuouvHX1xfTM,Maqas Al Fakhar Salon,28FX+CCH - Rughaylat Rd - Hay Al Ghail - Sharjah - United Arab Emirates,25.0235539,56.3486067,4.7,9,OPERATIONAL,beauty_salon,,,,False,,,2026-10-09
ChIJnXNiBS_79D4Rof9dek5BsGI,Amora salon,29Q2+7FG - Hay Al Saaf - Sharjah - United Arab Emirates,25.0381917,56.3512092,4.3,7,OPERATIONAL,barber_shop,,,,False,,men-only,2026-10-09
ChIJna6GYVf69D4RXIJyBQOR5Rc,Waseem Saloon,kalba oman road - Hay Al Saaf - Sharjah - United Arab Emirates,25.0292555,56.3492445,5,1,OPERATIONAL,beauty_salon,,,,False,,,2026-10-09
ChIJT_V_iGr79D4RwrLnlsnSJNA,AL LAITH AL SAREE HAIRDRESSING SALON,28JX+3X4 - Rughaylat Rd - University Area - Sharjah - United Arab Emirates,25.030297899999997,56.3500216,4.3,3,OPERATIONAL,hair_salon,,,,False,,,2026-10-09
ChIJz8qn65v79D4R8eGvWKpt_LY,Zahrat Al Nada Salon,kalba - شارع الوحدة - حي الساف - الفجيرة - United Arab Emirates,25.038684099999998,56.3513221,3,2,OPERATIONAL,beauty_salon,,,,False,,,2026-10-09
ChIJ1WFVl_z79D4RhWg21WOzyfQ,AL MAQAS AL MUMAYAZ HAIRDRESSING SALOON,114 Al Wahda St - Hay Al Saaf - Sharjah - United Arab Emirates,25.0316966,56.349974499999995,5,3,OPERATIONAL,beauty_salon,,,,False,,,2026-10-09
ChIJt5ecYVf69D4Re4lMdBtPxRQ,وسيم) صالون الايدي الماهرة للحلاقة),28FX+8C4 - Rughaylat Rd - Hay Al Ghail - Sharjah - United Arab Emirates,25.0232705,56.3485818,5,1,OPERATIONAL,beauty_salon,,,,False,,men-only,2026-10-09
ChIJbz0EMAD79D4RJ5jGmfOitQo,‏حلاق,28JX+JWJ - Hay Al Saaf - Sharjah - United Arab Emirates,25.0315802,56.349759399999996,,,OPERATIONAL,beauty_salon,,,,False,,men-only,2026-10-09
ChIJyyVbIwD79D4R06f-6eKyb50,Kalba,114 Al Wahda St - University Area - Kalba - United Arab Emirates,25.0312406,56.3501924,5,1,OPERATIONAL,barber_shop,,,,False,,men-only,2026-10-09
ChIJ81v3cvX79D4RZxT0-UzhZAs,Saloon for man,19 - حي الجامعة - إمارة الشارقةّ - United Arab Emirates,25.031418799999997,56.350229899999995,,,OPERATIONAL,beauty_salon,,,,False,,men-only,2026-10-09
ChIJdZxaWwD79D4RknGtlExysLY,صالون اللمسه الفاخيرة للرجال,29Q2+VR - Al Mafrag - Sharjah - United Arab Emirates,25.039731099999997,56.3521187,,,OPERATIONAL,barber_shop,,,,False,,men-only,2026-10-09
ChIJsceE5bz79D4Rk60B3Q1h-xY,صالون اللمسه الفاخره للرجال,Al Mafrag - Sharjah - United Arab Emirates,25.039695800000004,56.3521108,,,OPERATIONAL,hair_salon,,,,False,,men-only,2026-10-09
ChIJ1fxweg379D4RrWujnJGDI40,صالون كحل,Khor Kalba - Sharjah - United Arab Emirates,25.0359671,56.359641499999995,3.8,60,OPERATIONAL,beauty_salon,,,,False,,,2026-10-09
ChIJz_GHBQD79D4RIJjMF27qThg,صالون سحب للتجميل,29M6+C93 - شارع خُور - Khor Kalba - أبو ظبي - United Arab Emirates,25.033515899999998,56.3609261,4.3,6,OPERATIONAL,beauty_salon,,,,False,,,2026-10-09
ChIJk8tlKar79D4RdJB0gx4aF_A,صالون بنت البلد كلباء,29M6+2G - Khor Kalba - Sharjah - United Arab Emirates,25.0324052,56.362055000000005,4.8,98,OPERATIONAL,beauty_salon,,,,False,,,2026-10-09
ChIJicqsIU379D4RzAfA3JP5lAU,صالون غزال الريم,Khor - Khor Kalba - Sharjah - United Arab Emirates,25.0335783,56.360911699999996,4.7,92,OPERATIONAL,beauty_salon,,,,False,,,2026-10-09
ChIJczbMgzT79D4RJpFKyeTevxA,K7lsalon,29P5+9VJ - Khor Kalba - Sharjah - United Arab Emirates,25.0359676,56.359640999999996,5,2,OPERATIONAL,beauty_salon,,,,False,,,2026-10-09
ChIJC4PLaLT79D4Rezb4EGUKU5M,صالون مقص القلعه للحلاقه,29P6+83M - Khor Kalba - Sharjah - United Arab Emirates,25.0359213,56.360124199999994,5,1,OPERATIONAL,hair_salon,,,,False,,men-only,2026-10-09
ChIJdcH8CWj69D4R_8X5Q4A2bso,صالون دار جوري,Khor Kalba - Sharjah - United Arab Emirates,25.033287299999998,56.3610537,,,OPERATIONAL,barber_shop,,,,False,,men-only,2026-10-09
ChIJK7OOJwD79D4ROssF5FuKt4Y,صالون الاتقان للحلاقة,29P6+552 - Khor Kalba - Sharjah - United Arab Emirates,25.0353158,56.360414399999996,,,OPERATIONAL,hair_salon,,,,False,,men-only,2026-10-09
ChIJIcWKHQD79D4RzK6iUhiNGrc,Fan Al Anaqa,29P5+9VJ - Khor Kalba - Sharjah - United Arab Emirates,25.0360738,56.359517,,,OPERATIONAL,beauty_salon,,,,False,,,2026-10-09
ChIJdbiTLRD59D4R8Ri5bpadxAU,Shams & qamar ladies saloon kalba,كلباء- الدحيات - 386Q+23H - حي طريف - إمارة الشارقةّ - United Arab Emirates,25.0599854,56.337744099999995,3.5,6,OPERATIONAL,beauty_salon,,,,False,,,2026-10-09
ChIJoYuaQAD79D4RhOhaNPhQ71c,Bawadi Kalba Hairdressing Salon,384Q+8P2 - Unnamed Road - Hay Tiraf - Sharjah - United Arab Emirates,25.055662899999998,56.3392002,,,OPERATIONAL,beauty_salon,,,,False,,,2026-10-09
ChIJV_ByagD79D4RPZz86qD9L3E,Saloon Al Naam,385Q+G9F - Al Nadee St - Hay Tiraf - Sharjah - United Arab Emirates,25.0588027,56.3384351,,,OPERATIONAL,hair_salon,,,,False,,,2026-10-09
ChIJoeTeIqn79D4RJLMfG313FqE,Nefertiti salon,Alwahda street - المفرق - إمارة الشارقةّ - United Arab Emirates,25.0451266,56.3532659,4.8,645,OPERATIONAL,hair_salon,,,,False,,,2026-10-09
ChIJVVVVVSX69D4RsBMddCd14Lc,Qasr al henna Kalba,3935+PFR - القادسية - إمارة الشارقةّ - United Arab Emirates,25.0543694,56.358651300000005,4,105,OPERATIONAL,beauty_salon,moderate,1,400,False,,,2026-10-09
ChIJIceT0av79D4R4cdjYXMmNNM,Rayn Beauty Center,Al Qala'a St - Khor Kalba - Sharjah - United Arab Emirates,25.0394567,56.3581885,4.3,14,OPERATIONAL,beauty_salon,,,,False,,,2026-10-09
ChIJjx0ncwb79D4RA2E_huvgtlY,Oros beauty salon,AL - Rughaylat Rd - Al Mafrag - Sharjah - United Arab Emirates,25.0482366,56.3539659,4.3,64,OPERATIONAL,beauty_salon,,,,False,,,2026-10-09
ChIJcXUWXaf79D4RvLXn3NvVWys,Rukn Al jameela ladies saloon,Kalba - Oman raod - شارع الوحدة - حي الساف - إمارة الشارقةّ - United Arab Emirates,25.044513799999997,56.3526561,4.5,25,OPERATIONAL,beauty_salon,,,,False,,,2026-10-09
ChIJPfgDVED69D4RLErO9hGaSX4,صالون الجمال و الاناقة للسيدات,72 S110 - Khor Kalba - Sharjah - United Arab Emirates,25.040539400000004,56.3577019,3.7,19,OPERATIONAL,beauty_salon,,,,False,,,2026-10-09
ChIJj_II2DT79D4RNpLWXI9OL28,صالون ركن اللافندر للسيدات,54 Rughaylat Rd - Hay Mogader - Sharjah - United Arab Emirates,25.0606811,56.3551346,2.8,9,OPERATIONAL,beauty_salon,,,,False,,,2026-10-09
ChIJuTPqMCL79D4RMhnVOJ5ihZI,صالون عالم النجوم للسيدات,Oman Road Al Wahda St - Hay Al Saaf - Sharjah - United Arab Emirates,25.044165399999997,56.352595699999995,4.5,8,OPERATIONAL,beauty_salon,,,,False,,,2026-10-09
ChIJz8y_VkD69D4RE3of3fZOGj8,الصالون الاسباني للحلاقة,Khor Kalba - Sharjah - United Arab Emirates,25.0405969,56.3575126,4,4,OPERATIONAL,barber_shop,,,,False,,men-only,2026-10-09
ChIJZ0pI9iL69D4RGoGU7BJ20X8,Ekleel Beauty Center,Abu Baker Al Rashidiya St - near Al Corniche St - Al Sidra - Fujairah - United Arab Emirates,25.055866599999998,56.3583529,4.6,14,OPERATIONAL,beauty_salon,,,,False,,,2026-10-09
ChIJD15RBun79D4RTpnG2iGKPA4,صالون المراسي للسيدات,29R3+823 - Rughaylat Rd - Al Mafrag - Kalba - United Arab Emirates,25.040764,56.3525602,3.9,7,OPERATIONAL,beauty_salon,,,,False,,,2026-10-09
ChIJgauaE-b79D4RSjkLPUYTYCE,صالون المرايا,29R2+VQH - Hay Al Saaf - Sharjah - United Arab Emirates,25.0421934,56.3519835,4.8,4,OPERATIONAL,barber_shop,,,,False,,men-only,2026-10-09
ChIJcbiN39v79D4Ro42MAJITIJI,صالون ركن فيرونا,29R2+XV6 - Rughaylat Rd - Hay Al Saaf - Sharjah - United Arab Emirates,25.042410099999998,56.352150599999995,4.7,6,OPERATIONAL,barber_shop,,,,False,,men-only,2026-10-09
ChIJFdlzdQD79D4RkOWAfaaZts0,Huda salon,29Q5+V6V - Al Baradi - Sharjah - United Arab Emirates,25.0397338,56.3580397,4.3,3,OPERATIONAL,beauty_salon,,,,False,,,2026-10-09
ChIJ4ygfc0f69D4R6h6JmuE9mMY,Mafraq Salon,29R2+3VQ - Al Mafrag - Sharjah - United Arab Emirates,25.040215999999997,56.3522244,3.5,11,OPERATIONAL,hair_salon,,,,False,,,2026-10-09
ChIJ5UGQjjv69D4RmhYqJQxPtIY,Kalba First Salon,29X3+GM6 - E99 - Al Mafrag - Sharjah - United Arab Emirates,25.0487807,56.354129799999995,4.9,30,OPERATIONAL,barber_shop,inexpensive,20,60,False,,men-only,2026-10-09
ChIJLfsLPFQTXz4RX_4X2fhzqfU,Shakirovna Ladies Beauty Saloon,Marina Promenade - Dubai Marina - Dubai - United Arab Emirates,25.0730947,55.132518399999995,4.5,1430,OPERATIONAL,beauty_salon,expensive,200,400,False,,,2026-10-09
ChIJ1SfNjnlrXz4R0ozB4L5fksE,The Barber House - Best Men’s Barbershop in Dubai Marina,Marinascape Mall - Shop 11A - Marina Promenade - Dubai Marina - Dubai - United Arab Emirates,25.083214299999998,55.1465428,4.9,1272,OPERATIONAL,barber_shop,,,,False,,men-only,2026-10-09
ChIJzbQmWi5rXz4RDRz-3XIcbaY,Paulista Beauty Salon,Marina Royale Tower - 4th Floor Marina Promenade - Dubai Marina - Dubai - United Arab Emirates,25.083181,55.147565,4.8,685,OPERATIONAL,beauty_salon,,,,False,,,2026-10-09
ChIJxwm73mkTXz4R6FK0YeM2Umg,Back Alive Barbershop,"Stella Maris Tower, Floor B1 - دبي مارينا - دبي - United Arab Emirates",25.0699428,55.132489199999995,4.6,189,OPERATIONAL,barber_shop,moderate,140,200,False,,men-only,2026-10-09
ChIJDfWiCfltXz4Rusomg1MTsa4,Nails LAB Salon (JLT Branch),Fortune Tower - Al Thanyah Fifth - Jumeirah Lakes Towers - Dubai - United Arab Emirates,25.068988599999997,55.1387424,4.7,282,OPERATIONAL,beauty_salon,very_expensive,200,600,False,,,2026-10-09
ChIJEQAPcthrXz4R3RTM5SJQyrc,It's Beauty,"mall, MarinaScape - Dubai Marina - Dubai - United Arab Emirates",25.082531499999998,55.1465882,4.9,3223,OPERATIONAL,beauty_salon,very_expensive,200,500,False,,,2026-10-09
ChIJjXtdokFtXz4RL83O2a0D6ZE,Lish Beauty Bar - JLT,Cluster M - Al Thanyah Fifth - Jumeirah Lakes Towers - Dubai - United Arab Emirates,25.0642844,55.1381435,4.9,922,OPERATIONAL,beauty_salon,very_expensive,200,600,False,,,2026-10-09
ChIJZzmYK6MTXz4RgF2mPRGbNd0,Sugar & Wax Beauty Salon - Dubai Marina,Marina Warf 2 - دبي مارينا - دبي - United Arab Emirates,25.0723131,55.132367099999996,4.8,628,OPERATIONAL,beauty_salon,moderate,100,200,False,,,2026-10-09
ChIJm1pVp0BtXz4Rpgo2ztoaZEA,Kozma Curl JLT Branch,JLT Cluster H - Cluster H - Al Thanyah Fifth - Jumeirah Lakes Towers - Dubai - United Arab Emirates,25.0702209,55.1441917,4.8,534,OPERATIONAL,hair_salon,moderate,150,350,False,,,2026-10-09
ChIJM-19L-cVXz4REIhLIFnnVr8,Muse Nail Studio,"Up the stairs at Five Guys - Plaza Level, Rimal 2 - shop P49 The Walk - دبي مارينا - مساكن شاطئ جميرا - دبي - United Arab Emirates",25.0775183,55.1339459,4.9,626,OPERATIONAL,beauty_salon,very_expensive,200,700,False,,,2026-10-09
ChIJU_QK2KoUXz4Ru93PuJFIupY,"En Vogue Beauty Center, JBR",DoubleTree by Hilton Hotel - JBR - Ground Floor - The Walk - دبي مارينا - مساكن شاطئ جميرا - دبي - United Arab Emirates,25.0727411,55.1284475,4.1,491,OPERATIONAL,beauty_salon,,,,False,,,2026-10-09
ChIJ5S0k-lNrXz4RQHWm2twWnbM,We Nails Beauty Salon,Trident Grand Residence - G012 - Dubai Marina - Jumeirah Beach Residence - Dubai - United Arab Emirates,25.0830611,55.140927999999995,4.7,413,OPERATIONAL,beauty_salon,moderate,100,400,False,,,2026-10-09
ChIJx5BOfa5sXz4RXNsRSY2lun4,Essa Beauty,Lake Level - Gold Crest Views 2 - الثنيه الخامسة - JLT Cluster J - دبي - United Arab Emirates,25.066932299999998,55.1412726,4.9,406,OPERATIONAL,beauty_salon,very_expensive,200,500,False,,,2026-10-09
ChIJhdRRgeVrXz4RuC0c19eOEis,The Salon Dubai | Yin Yang Dubai Marina,"Suha Hotel Apartments, PL Floor, Sadaf 3 Behind Movenpick Hotel - Sadaf 3 - شارع الملك سلمان بن عبدالعزيز آل سعود - دبي مارينا - مساكن شاطئ جميرا - دبي - United Arab Emirates",25.0798101,55.1374541,4.7,627,OPERATIONAL,beauty_salon,moderate,100,400,False,,,2026-10-09
ChIJh14LqS0TXz4Rd2oLQjVzf2g,Mirrors Executive Men's Salon - Marina,"Jannah Hotel, Marina - Ground Floor, Shop - 2 Jannah Pl - Dubai Marina - Dubai - United Arab Emirates",25.0694677,55.133254,4.2,320,OPERATIONAL,barber_shop,moderate,80,120,False,,men-only,2026-10-09
ChIJiVOJcq1sXz4RidwAxLInDxE,Chaps and Co - JLT,"Rear of, Goldcrest Executive - Cluster C - Al Thanyah Fifth - Jumeirah Lakes Towers - Dubai - United Arab Emirates",25.0686556,55.139659400000006,4.9,1752,OPERATIONAL,barber_shop,,,,False,,men-only,2026-10-09
ChIJWzSmhLNrXz4RHXehJpUg3E0,"Wide Star Beauty Salon | Dubai Marina Hair, Nails & Lashes | Affordable Quality",Marina Wharf1 - Marina Wharf 1 - دبي مارينا - دبي - United Arab Emirates,25.0726929,55.132780999999994,4.8,370,OPERATIONAL,beauty_salon,moderate,100,300,False,,,2026-10-09
ChIJi-bviuptXz4RKGlEWNSNPnk,James pro barbers - Barber shop,Gold Crest Executive - Cluster C - Al Thanyah Fifth - Jumeirah Lakes Towers - Dubai - United Arab Emirates,25.068598299999998,55.1396723,5,2180,OPERATIONAL,barber_shop,moderate,80,180,False,,men-only,2026-10-09
ChIJPxviM1VrXz4R0KxbSC9YcNc,Chill Serenity,2nd floor Intercontinental - King Salman Bin Abdulaziz Al Saud St - Dubai Marina - Dubai - United Arab Emirates,25.0787065,55.1378257,4.8,289,OPERATIONAL,beauty_salon,,,,False,,,2026-10-09
ChIJq6paeFRrXz4RC_WlZ3B-aeI,Chaps and Co - Dubai Marina,"Ground Floor, Trident Grand Residence - Al Mamsha St - Dubai Marina - Dubai - United Arab Emirates",25.083171600000004,55.141073,4.9,1944,OPERATIONAL,barber_shop,,,,False,,men-only,2026-10-09
ChIJv_FEbKdsXz4RS0OpAt_a7WA,Brow Studio,"Tower, Al Seef Tower 2, JLT Cluster U - Lake Level - Al Thanyah Fifth - Jumeirah Lakes Towers - Dubai - United Arab Emirates",25.08008,55.151826899999996,4.9,1012,OPERATIONAL,beauty_salon,very_expensive,100,600,False,,,2026-10-09
ChIJaTkPbgVtXz4RftBn8N4YECY,Sevan Fadez,Jumeirah Bay X3 - Al Thanyah Fifth - Jumeirah Lakes Towers - Dubai - United Arab Emirates,25.080270000000002,55.1531794,4.9,298,OPERATIONAL,barber_shop,moderate,60,120,False,,men-only,2026-10-09
ChIJM2qkPaZsXz4RMU_zlomoV4g,The Gentlemen's Barber Shop - Dubai,"Jumeirah Business Center 5 - Ground floor , unit 4 - Building Cluster W - Al Thanyah Fifth - Jumeirah Lakes Towers - Dubai - United Arab Emirates",25.0765664,55.1497847,4.9,1238,OPERATIONAL,barber_shop,moderate,80,200,False,,men-only,2026-10-09
ChIJCy_EPG9tXz4R80PflAhihV8,La Beauté,Cluster V - Al Thanyah Fifth - Jumeirah Lakes Towers - Dubai - United Arab Emirates,25.078253000000004,55.151174999999995,4.3,231,OPERATIONAL,beauty_salon,moderate,100,400,False,,,2026-10-09
ChIJwaaXuTNtXz4RjEA_RaTUJhg,Cutting Edge,Al Seef Tower 3 - B102 - Cluster U - Al Thanyah Fifth - Jumeirah Lakes Towers - Dubai - United Arab Emirates,25.0795487,55.1507206,4.1,388,OPERATIONAL,hair_salon,,,,False,,,2026-10-09
ChIJedISKyZtXz4RKOwlWBqc9KY,Barbershop Dubai - حلاق - Barber Republic 💈,Vida The Hills - Emirates Hills - Dubai Vida The Hills Residence - Block C - الثنيه الرابعة - دبي - United Arab Emirates,25.0778683,55.1591928,4.8,145,OPERATIONAL,barber_shop,,,,False,,men-only,2026-10-09
ChIJpf9cxi1tXz4RbtgU9W1DO4I,"Sasha Beauty Salon, Vida Hills",Al Naseem St - Al Thanyah Third - Dubai - United Arab Emirates,25.0797252,55.1569862,4.8,322,OPERATIONAL,beauty_salon,moderate,100,400,False,,,2026-10-09
ChIJ6ZsuhmFtXz4R47TQ90ZHCzE,Pretty WOW,Red Diamond Building S201/202/203 2nd Floor - الثنيه الخامسة - أبراج بحيرات الجميرا - دبي - United Arab Emirates,25.0773388,55.1549938,4,102,OPERATIONAL,beauty_salon,,,,False,,,2026-10-09
ChIJwcoaR6dsXz4RDLheu2Bp538,Glam Street Dubai (Ladies only),"Shop B103, LAKE SHORE TOWER, CLUSTER Y - الثنيه الخامسة - أبراج بحيرات الجميرا - دبي - United Arab Emirates",25.0783083,55.152961600000005,4.9,898,OPERATIONAL,beauty_salon,very_expensive,100,600,False,,,2026-10-09
ChIJs_iAc6BtXz4RnAvJoL57H18,The British Salon,The British Salon - Cluster V - Al Thanyah Fifth - Jumeirah Lakes Towers - Dubai - United Arab Emirates,25.078175299999998,55.1511214,4.9,99,OPERATIONAL,hair_salon,,,,False,,,2026-10-09
ChIJSRBRezxrXz4R8HJR0L4_WXY,Kohibaa Beauty Salon - The Greens & Views,Panorama - Emaar GF-03 - 6th St - Al Thanyah Third - The Views - Dubai - United Arab Emirates,25.088501200000003,55.1725259,4.9,601,OPERATIONAL,beauty_salon,moderate,100,400,False,,,2026-10-09
ChIJFaPiRZhtXz4RzXH5e8LrOEo,Sumi Skin Dubai,"JLT Cluster X1, Lake Level - Sumi Skin - الثنيه الخامسة - أبراج بحيرات الجميرا - دبي - United Arab Emirates",25.080016699999998,55.1521184,4.9,375,OPERATIONAL,beauty_salon,,,,False,,,2026-10-09
ChIJE3G9HKhsXz4RePuUgTtv7EQ,GQ Men’s Hair Lounge - Best Men’s Barbershop in JLT,Fortune Executive Towers - G4 - Cluster T - Al Thanyah Fifth - Jumeirah Lakes Towers - Dubai - United Arab Emirates,25.078944,55.1491058,4.6,591,OPERATIONAL,barber_shop,,,,False,,men-only,2026-10-09
ChIJU9ssk9BtXz4R1W0SPxKuVwQ,Streaks Salon Jumeirah Lakes Towers,shop 3 Cluster V - Al Thanyah Fifth - Jumeirah Lakes Towers - Dubai - United Arab Emirates,25.078175299999998,55.1511214,4.8,130,OPERATIONAL,beauty_salon,moderate,1,300,False,,,2026-10-09
ChIJrTQwIZttXz4RQ18tPmUFlbg,The S,"Green Lakes 2, JLT Cluster S - Al Thanyah Fifth - Jumeirah Lakes Towers - Dubai - United Arab Emirates",25.0789373,55.148534299999994,4.8,331,OPERATIONAL,beauty_salon,moderate,1,300,False,,,2026-10-09
ChIJ4wscyqJtXz4Ru3HZPHSE77I,"Chaps and Co - Reform, The Lakes",Al Thanyah Third - The Lakes - Dubai - United Arab Emirates,25.078976899999997,55.167728999999994,4.9,751,OPERATIONAL,barber_shop,moderate,120,200,False,,men-only,2026-10-09
ChIJzXuUo5tsXz4RzzSoaPXEn5c,The Nail Spa - The Lakes Club,Community Centre - Al Thanyah Third - The Lakes - Dubai - United Arab Emirates,25.078745599999998,55.1673986,4.8,217,OPERATIONAL,nail_salon,,,,False,,,2026-10-09
ChIJOwhDoWFDXz4RmQU9ldvvwWY,Tony El Mendelek Vida Hills,Vida Emirates Hills - Tower B2 Al Thanya 3 - Al Thanyah Third - Dubai - United Arab Emirates,25.078236099999998,55.1584491,3.9,19,OPERATIONAL,hair_salon,,,,False,,,2026-10-09
ChIJ8cfFmiC6f2oRnTWcMfVVOsQ,JM Beauty Salon&Academy,Al Seef Tower 2 - GR-010 Cluster U - Al Thanyah Fifth - Jumeirah Lakes Towers - Dubai - United Arab Emirates,25.0798101,55.151410299999995,5,115,OPERATIONAL,beauty_salon,moderate,100,400,False,,,2026-10-09
ChIJuS_s02VtXz4R7Xt1H7EA498,JK Lab of Beauty,Metro Station - Cluster T - near Sobha Realty - Al Thanyah Fifth - Jumeirah Lakes Towers - Dubai - United Arab Emirates,25.079820899999998,55.1491702,4.7,84,OPERATIONAL,beauty_salon,,,,False,,,2026-10-09
ChIJ5xF3BmZvXz4REOMRurzcLfk,Alina Beauty Space,"Living Legends, Andalusia Court Yard Mall, Shop 26 - وادي الصفا 3 - Legends - دبي - United Arab Emirates",25.0857237,55.3023922,4.5,203,OPERATIONAL,beauty_salon,moderate,100,400,False,,,2026-10-09
ChIJPdYXxPtvXz4RlLjDjn0h96c,RTA 104 Bus stand,Unnamed Road - 38F4+4Q9 - وادي الصفا 4 - دبي - United Arab Emirates,25.0727893,55.3069973,4.7,6,OPERATIONAL,nail_salon,,,,False,,,2026-10-09
ChIJO6eueq4EDowR5Y39_qFmCK0,Beauty Concierge by Aana K,"Wadi Al Safa 4 Cityland Mall, Gate no.8 - وادي الصفا 4 - دبي - United Arab Emirates",25.0682014,55.3016436,5,210,OPERATIONAL,beauty_salon,very_expensive,100,600,False,,,2026-10-09
ChIJdTm36mdvXz4R9nk8XQhTtnw,Hairbond Gents Salon (Al safa mall branch),38P2+5VW - Wadi Al Safa 3 - Legends - Dubai - United Arab Emirates,25.0854207,55.3022724,4.9,60,OPERATIONAL,hair_salon,moderate,50,150,False,,men-only,2026-10-09
ChIJb_zfF1dvXz4RqAGrHkYCFEA,Edge Cuts,"Arabian Ranches, Alreem3 - Villa 7 Street 2 - وادي الصفا 6 - Al Reem 3 - دبي - United Arab Emirates",25.0595577,55.2903266,5,23,CLOSED_TEMPORARILY,barber_shop,,,,False,,not-operational,2026-10-09
ChIJ29sQRQBvXz4RUnDTXeJPFhQ,Surron,376W+678 - Wadi Al Safa 6 - Al Reem 1 - Dubai - United Arab Emirates,25.060552599999998,55.29582310000001,,,OPERATIONAL,barber_shop,,,,False,,men-only,2026-10-09
ChIJrdyGHIxlXz4RMXqOynIPONk,LIBERTY BEAUTY LOUNGE,Saleh Bin Lahej Building - Shop 9 Wadi Al Safa 3 - Majan - Dubai - United Arab Emirates,25.0903118,55.317465,4.9,203,OPERATIONAL,beauty_salon,moderate,100,300,False,,,2026-10-09
ChIJO3x-BcNlXz4RDWj_FHPmVI0,Health Avenue Plus Polyclinic,Wadi Al Safa 3 - Majan - Dubai - United Arab Emirates,25.0901751,55.3155502,4.5,160,OPERATIONAL,medical_clinic,,,,False,,not-a-salon,2026-10-09
ChIJp45pIJFvXz4RhiV98_Ji_GE,HYPE SALON UAE - MAJAN,شارع الخليج - Wadi Al Safa 3 - Majan - Dubai - United Arab Emirates,25.0893764,55.313774099999996,4.7,126,OPERATIONAL,beauty_salon,,,,False,,,2026-10-09
ChIJ_Rz8ffBlXz4RixdA6P0BB6c,VOG Beauty Salon For Ladies | Majan Dubai,Wadi Al Safa 3 - Majan - Dubai - United Arab Emirates,25.0902164,55.3157031,4.8,299,OPERATIONAL,beauty_salon,moderate,100,300,False,,,2026-10-09
ChIJ2cCtcn5vXz4R6Sge05ksYkc,Way Out Beauty Salon,Dubai - Wadi Al Safa 3 - Majan - Dubai - United Arab Emirates,25.087160599999997,55.3129498,4,158,OPERATIONAL,beauty_salon,,,,False,,,2026-10-09
ChIJ781wpxJlXz4ReJSDfyUjkyw,THE HYPE LOUNGE GENTS SALON AND SPA,Majan Street - 38R8+7XR - وادي الصفا 3 - Majan - دبي - United Arab Emirates,25.0905997,55.317656,4.8,118,OPERATIONAL,barber_shop,,,,False,,men-only,2026-10-09
ChIJk9hy0etvXz4RfbLQDjU4dEI,Kamal Wahba Gent’s Salon,Remal Mall - Wadi Al Safa 3 - Majan - Dubai - United Arab Emirates,25.087127,55.3131219,4.8,108,OPERATIONAL,barber_shop,moderate,40,100,False,,men-only,2026-10-09
ChIJWdLKyeplXz4RoXF6ZrJk178,Bedazzled Beauty Salon,Tulip Oasis 8 - Wadi Al Safa 3 - Majan - Dubai - United Arab Emirates,25.087445499999998,55.311442299999996,4.8,228,OPERATIONAL,beauty_salon,moderate,100,400,False,,,2026-10-09
ChIJt3dVeg5vXz4R-2KQd4CmMas,The List Beauty Salón,Wadi Al Safa 3 - Majan - Dubai - United Arab Emirates,25.087668299999997,55.314293899999996,4.6,80,OPERATIONAL,beauty_salon,moderate,1,300,False,,,2026-10-09
ChIJt4AoBn5vXz4Rl7Q_OtgONYs,The White Lily Ladies Salon Majan Dubai,Above Terracotta - Al wadi - sarp 4 - majan area - Al Barari - دبي - United Arab Emirates,25.0876387,55.3141295,4.4,121,OPERATIONAL,beauty_salon,,,,False,,,2026-10-09
ChIJPbP38DJlXz4RfTGiZ3W_Fzs,Tips and Toes - Arabian 3,389F+M96 Souk - D54 - Wadi Al Safa 5 - Arabian Ranches 3 - Dubai - United Arab Emirates,25.069553,55.3235097,4.5,134,OPERATIONAL,beauty_salon,very_expensive,200,500,False,,,2026-10-09
ChIJ06wGBCxvXz4RhzwWYHZGT9o,Zava Gents Salon,Wadi Al Safa 3 - Majan - Dubai - United Arab Emirates,25.089481499999998,55.3138267,4.8,51,OPERATIONAL,barber_shop,,,,False,,men-only,2026-10-09
ChIJC01ZfUNvXz4RUyNFPEqIe8o,Il Padrino Gentlemen Lounge | Arabian Ranches 3,Souk - Wadi Al Safa 5 - Arabian Ranches 3 - Dubai - United Arab Emirates,25.069570199999998,55.3233558,4.8,104,OPERATIONAL,barber_shop,moderate,60,160,False,,men-only,2026-10-09
ChIJkf7erSFlXz4RAIqusGt0i6I,Olive Gents Salon - Majan Branch 2,Palm Tree Residence - Shop No. 10 - Wadi Al Safa 3 - Majan - Dubai - United Arab Emirates,25.0898576,55.3157554,4.7,61,OPERATIONAL,barber_shop,moderate,1,120,False,,men-only,2026-10-09
ChIJGRbY3F1lXz4RULbZs8s6cjk,Blowbar Ladies Salon,Wadi Al Safa 3 - Majan - Dubai - United Arab Emirates,25.090804499999997,55.3170053,4.6,25,OPERATIONAL,beauty_salon,moderate,1,100,False,,,2026-10-09
ChIJMWSJVgDzUoURYiOuBKNTleI,Ainura Beauty Touch,Samaya hotel appartment - Wadi Al Safa 3 - Majan - Dubai - United Arab Emirates,25.0900152,55.3179899,5,12,OPERATIONAL,beauty_salon,,,,False,,,2026-10-09
ChIJY9MZNvhvXz4RDTstUobCoS4,The Glow Tips,Joy 473 - Wadi Al Safa 5 - Arabian Ranches 3 - Dubai - United Arab Emirates,25.0616494,55.318751299999995,5,48,OPERATIONAL,nail_salon,,,,False,,,2026-10-09
ChIJi5o9uCpvXz4R-_C2qqP1mGQ,Lulu Royal Gents Salon - Free Parking,Sulaiman Ahmad Sulaiman Building - Shop no 5 - Wadi Al Safa 3 - Majan - Dubai - United Arab Emirates,25.087590100000003,55.3142583,5,43,OPERATIONAL,barber_shop,inexpensive,20,80,False,,men-only,2026-10-09
ChIJze8iUQBlXz4R_c4OyWx_dWY,Aphrodite Salon,38Q8+P6Q - Wadi Al Safa 3 - Majan - Dubai - United Arab Emirates,25.089341599999997,55.3156056,5,1,OPERATIONAL,hair_salon,,,,False,,,2026-10-09
ChIJY2PJKEdlXz4RXvLNfkJEjIA,The Loft Fifth Avenue Beauty Lounge - Villanova,Villanova Community Mall - Emirates Rd - Wadi Al Safa 5 - Dubai - United Arab Emirates,25.0744538,55.367395599999995,4.8,643,OPERATIONAL,beauty_salon,,,,False,,,2026-10-09
ChIJsb7Sw7llXz4R_6pSaoQxGtM,Shave Cave Gents Salon Villa Nova,"Villanova Community Mall, Emirates Road - E611 - وادي الصفا 5 - دبي - United Arab Emirates",25.074664,55.3672293,4.7,170,OPERATIONAL,barber_shop,moderate,80,140,False,,men-only,2026-10-09
ChIJZQSbn5ZlXz4R3uXEbkTPkTo,The Barbershop The Villa,"Unit No.: 3 The Villa, Spinneys 1 - وادي الصفا 5 - The Villa - دبي - United Arab Emirates",25.081966899999998,55.351503799999996,4.5,40,OPERATIONAL,barber_shop,,,,False,,men-only,2026-10-09
ChIJ9RtwOcplXz4R3ZZlFhxSxlI,Domaine de Zeidan,Street 63 - Wadi Al Safa 5 - Dubai - United Arab Emirates,25.0751752,55.3590779,,,OPERATIONAL,hair_salon,,,,False,,,2026-10-09
ChIJPY1rz75lXz4R5BD8ga6RB4Y,Tips and Toes - Le Meryeme Mall - The Villa,Le Meryeme Mall - Wadi Al Safa 5 - The Villa - Dubai - United Arab Emirates,25.085018899999998,55.3547741,5,1,OPERATIONAL,beauty_salon,,,,False,,,2026-10-09
ChIJD7XUYVNrXz4RajNk2HNh4dE,Rami Jabali Hair Salon,"W Hotel Palm Jumeirah, West Crescent - نخلة جميرا - دبي - United Arab Emirates",25.106956800000003,55.1113513,4.7,841,OPERATIONAL,hair_salon,,,,False,,,2026-10-09
ChIJX_2ydVsVXz4RplfGRTt180s,Pace e Luce Raffles The Palm Dubai,West Cresent Palm - نخلة جميرا - Jumeirah - دبي - United Arab Emirates,25.110411,55.1098814,4.8,16,OPERATIONAL,beauty_salon,,,,False,,,2026-10-09
ChIJzwLbQ2D6OKIRZYI6Y61UWUU,Natural glow ladies Bueaty lounge LLC,Al Fahidi plaza Shop no.60 - نخلة جميرا - دبي - United Arab Emirates,25.104757,55.125004,4.8,63,OPERATIONAL,beauty_salon,,,,False,,,2026-10-09
ChIJP0SSvywTXz4RdfGz23QnH1k,Creation31 Beauty Salon,"Jumeirah Zabeel Saray, G Floor 31 - West - طريق الهلال - نخلة جميرا - دبي - United Arab Emirates",25.098692699999997,55.1228817,4.1,14,CLOSED_TEMPORARILY,beauty_salon,,,,False,,not-operational,2026-10-09
ChIJvTw56ygVXz4RRmDSbtbjocU,One&Only Hair Salon - The Palm,"One&Only West Crescent, Palm Jumeirah - نخلة جميرا - Jumeirah - دبي - United Arab Emirates",25.0993356,55.132798199999996,5,1,OPERATIONAL,hair_salon,,,,False,,,2026-10-09
ChIJBSfpQQAVXz4R72sxf0Rvi1Y,Wissam hairstylist,Dubai - Nakhlat Jumeira - Dubai - United Arab Emirates,25.1114547,55.1095079,5,6,OPERATIONAL,hair_salon,,,,False,,,2026-10-09
ChIJOb4AmPsVXz4R2AQVLCfOiKM,Splash Beauty Salon,"Emirate 6 building, ABCD block, shop no 7&8 - نخلة جميرا - دبي - United Arab Emirates",25.112496099999998,55.127456599999995,,,OPERATIONAL,nail_salon,,,,False,,,2026-10-09
ChIJDTk-v_IVXz4RHStAG3k3W0Q,ghofrane,jhg.loij - Al Safawi - Nakhlat Jumeira - Dubai - United Arab Emirates,25.111657700000002,55.130409799999995,3,1,OPERATIONAL,beautician,,,,False,,,2026-10-09
ChIJS4uv1PZrXz4RrxyMoF1U0ko,Nicolas Beauty Salon,Boutique Villas - Villa 18 - 2 - Al Sufouh 2 - Dubai Media City - Dubai - United Arab Emirates,25.1058865,55.164532799999996,4.8,886,OPERATIONAL,beauty_salon,,,,False,,,2026-10-09
ChIJ4QVHnGdrXz4RJnIthHZTohU,CG Barbershop,"Arjaan by Rotana, Al Sufouh Complex - الصفوح 2 - Dubai Media City - دبي - United Arab Emirates",25.095400299999998,55.153359099999996,5,2647,OPERATIONAL,barber_shop,,,,False,,men-only,2026-10-09
ChIJkVpdJetrXz4R2v9qP9A2AYg,Ivy The Palm Beauty & Bubbles,Marriott Resort - Palm West Beach - Road - نخلة جميرا - دبي - United Arab Emirates,25.106956600000004,55.1456081,4.8,2995,OPERATIONAL,beauty_salon,very_expensive,300,600,False,,,2026-10-09
ChIJY5xG-adrXz4RRGRjUX6IX44,The Galleria Hair Beauty Lounge,Al Sufouh - Al Sufouh 2 - Avani+ Palm View - الصفوح 2 - Dubai Media City - دبي - United Arab Emirates,25.098020899999998,55.157009599999995,4.9,772,OPERATIONAL,beauty_salon,,,,False,,,2026-10-09
ChIJubk9rT1rXz4R6_5l63yy2BY,Bekky Barber Beachfront,Shop 2 Beach Vista 1 Emaar Beachfront - دبي مارينا - دبي هاربر - دبي - United Arab Emirates,25.0980632,55.139739299999995,4.8,308,OPERATIONAL,barber_shop,,,,False,,men-only,2026-10-09
ChIJM2gwg5prXz4RTvuSplmJC8A,Moe's Barbershop,Jumeirah Living Marina Gate - دبي مارينا - دبي - United Arab Emirates,25.087666199999997,55.146865899999995,5,1265,OPERATIONAL,barber_shop,,,,False,,men-only,2026-10-09
ChIJt61bfPRrXz4R--uyPFsQffQ,BROUSE.,64 Al Falak St - Al Sufouh 2 - Dubai Media City - Dubai - United Arab Emirates,25.0942871,55.156109699999995,5,378,OPERATIONAL,beauty_salon,very_expensive,200,500,False,,,2026-10-09
ChIJu-rs299rXz4Rf6H8NIgAEvg,Luxio Nail,Al Marsad St - Shop 8 Exit 33 - الصفوح 2 - Dubai Media City - دبي - United Arab Emirates,25.091713199999997,55.1587101,4.2,148,OPERATIONAL,nail_salon,very_expensive,400,500,False,,,2026-10-09
ChIJz4GoXLxrXz4RS4Hp4z4ZOPI,Mon Poney Ladies Salon,"Cayan Tower, Dubai Marina Ground floor, Unit 003 - برج كيان - دبي مارينا - دبي - United Arab Emirates",25.0869437,55.1452575,4.8,424,OPERATIONAL,beauty_salon,very_expensive,200,600,False,,,2026-10-09
ChIJgRwmRFBrXz4RIMG7CN9g7oU,Fade & Shave Barbers,Shop No 7 - Princess Tower - دبي مارينا - دبي - United Arab Emirates,25.0887682,55.146952399999996,4.9,2554,OPERATIONAL,barber_shop,moderate,80,180,False,,men-only,2026-10-09
ChIJYczZwaNDXz4RVUkLBjBhJ2I,The Nail Spa | Dubai Marina Gate,Marina Gate - Marina Promenade - opp. Spinneys - Dubai Marina - Dubai - United Arab Emirates,25.0865647,55.1480956,4.7,314,OPERATIONAL,nail_salon,moderate,100,400,False,,,2026-10-09
ChIJaXwb3aRrXz4RAzpj7IpzKvg,The Salon Dubai | Golden Mile Galleria,Golden Mile Building 8 - نخلة جميرا - دبي - United Arab Emirates,25.1109306,55.141631700000005,4.8,595,OPERATIONAL,beauty_salon,moderate,100,400,False,,,2026-10-09
ChIJi2h76DhrXz4R-b2FRnFktSE,ELMAX Salon & Spa - Media City Branch,King Salman Bin Abdulaziz Al Saud St - Al Sufouh - Al Sufouh 2 - Arjaan by Rotana - الصفوح 2 - Dubai Media City - دبي - United Arab Emirates,25.0955764,55.153820599999996,4.8,125,OPERATIONAL,beauty_salon,expensive,1,600,False,,,2026-10-09
ChIJn0hk6OVrXz4RlDHlwMNraBc,Sugar,"floor L - Dubai Al Haif Road, Marina Terrace - 1/1 - Dubai Marina - Jumeirah Beach Residence - Dubai - United Arab Emirates",25.084383,55.144739599999994,4.5,257,OPERATIONAL,beauty_salon,moderate,100,300,False,,,2026-10-09
ChIJVaa5b91rXz4R49LpEhPbiJ0,UNIQUE PERSONA Dubai Marina,The Residences at Marina Gate 1 - Dubai Marina - Dubai - United Arab Emirates,25.0862329,55.147256999999996,4.6,199,OPERATIONAL,beauty_salon,,,,False,,,2026-10-09
ChIJL_nVglBrXz4Re74KBLPLBFI,VERSION FRANCAISE,Marriott Harbour Hotel & Suites - Al Sharta St - Dubai Marina - Dubai - United Arab Emirates,25.0875463,55.1459257,4.7,358,OPERATIONAL,hair_salon,,,,False,,,2026-10-09
ChIJHcdw6asTXz4R0tYj2ow-BzQ,FaceRoom,The Residences at Marina - Gate 2 Marina Promenade - Dubai Marina - Dubai - United Arab Emirates,25.0863616,55.147174799999995,4.9,279,OPERATIONAL,beauty_salon,,,,False,,,2026-10-09
ChIJpUi3Rl1rXz4RMCgLMNZGG2s,Julian’s Barber Shop,"Shop No.3, Arenco Tower - الصفوح 2 - Dubai Media City - دبي - United Arab Emirates",25.0919119,55.15852770000001,4.9,460,OPERATIONAL,barber_shop,moderate,120,200,False,,men-only,2026-10-09
ChIJf2h746VrXz4RxivFTcunQoQ,SILQ Dubai,Tamani Hotel Marina - King Salman Bin Abdulaziz Al Saud St - Dubai Marina - Dubai - United Arab Emirates,25.0912752,55.149112499999994,4.8,80,OPERATIONAL,beauty_salon,,,,False,,,2026-10-09
ChIJ7YqfDrxrXz4Rtrax2gyoPw8,Bulls and barbers media city,media one hotel ground floor - Al Falak St - Al Sufouh 2 - Dubai Media City - Dubai - United Arab Emirates,25.089854199999998,55.1524599,5,56,OPERATIONAL,barber_shop,,,,False,,men-only,2026-10-09
ChIJp6EpTHprXz4RGABjzaVtGq8,Mashael Beauty Lounge,Jebel Ali Race Course Rd - Al Thanyah First - Barsha Heights - Dubai - United Arab Emirates,25.095209999999998,55.174186999999996,4.5,368,OPERATIONAL,beauty_salon,moderate,100,300,False,,,2026-10-09
ChIJB1eybbhrXz4RfNr5DkIOkvQ,Urban Glam - Barsha Heights,"ground floor, Art heights building - shop # 7 - Al Thanyah First - Barsha Heights - Dubai - United Arab Emirates",25.0988513,55.1768786,3.4,484,OPERATIONAL,beauty_salon,moderate,100,300,False,,,2026-10-09
ChIJpfLIdP1rXz4R_R7xnlyKBJk,Mirrors Beauty Lounge - Barsha Heights,New API Building - Ground Floor - beside Fahad Tower 1 - Al Thanyah First - Barsha Heights - Dubai - United Arab Emirates,25.0971673,55.1774048,4.2,722,OPERATIONAL,beauty_salon,expensive,100,500,False,,,2026-10-09
ChIJ0-w-wVxrXz4RYc37MlYKCbE,Its Beauty Ladies Salon – Internet City,The One Tower - floor 10 - office 1003 Sheikh Zayed Rd - Al Thanyah First - Barsha Heights - Dubai - United Arab Emirates,25.1016403,55.1737684,4.8,2870,OPERATIONAL,beauty_salon,very_expensive,200,500,False,,,2026-10-09
ChIJkz0IbwBrXz4RIwqLuYA0bD4,Unique You Al Barsha,"887 Sheikh Zayed St - floor, Pinnacle - 113, 1st - Sheikh Zayed Rd - Al Barsha First - Al Barsha - Dubai - United Arab Emirates",25.109664,55.184180399999995,4.6,641,OPERATIONAL,nail_salon,moderate,100,300,False,,,2026-10-09
ChIJH5dUcoFrXz4RWOBrkjL0Wzw,Cute Kids Salon,Postal 540340 - D61 شارع حصة - البرشاء الثالثة - البرشاء - دبي - United Arab Emirates,25.093936100000004,55.184953,4.3,616,OPERATIONAL,hair_salon,,,,False,,,2026-10-09
ChIJXUoCz0ZtXz4Res-r0ofyu3k,Bella Vie Salon and Spa,Adress 39 - villa no 2 Hessa St - Al Barsha Third - Al Barsha - Dubai - United Arab Emirates,25.0892303,55.1912716,4.8,797,OPERATIONAL,beauty_salon,very_expensive,100,700,False,,,2026-10-09
ChIJrxTUycpDXz4R_z1tNuPd2cA,Mas Nails salon -160 aed extension with design - walk in available,Dubai Jewel Tower - Al Sufouh 2 - Dubai Internet City - Dubai - United Arab Emirates,25.102311,55.171628,4.4,774,OPERATIONAL,nail_salon,moderate,150,300,False,,,2026-10-09
ChIJlWNJ7G1rXz4RjLW-0wzJSt8,The Cure,"Building # 10, BBC World Building, Sheikh Zayed Road, Dubai Media City - الصفوح 2 - Dubai Media City - دبي - United Arab Emirates",25.102199,55.169576,4.8,689,OPERATIONAL,beauty_salon,very_expensive,200,600,False,,,2026-10-09
ChIJ2fLyQXlrXz4Rl6K19ZHZSSc,Hair by Us | Beauty Salon | Hair Salon - Tecom,10 - 8 Al Rabeea' 1 St - Al Thanyah First - Barsha Heights - Dubai - United Arab Emirates,25.0942918,55.176914599999996,4.4,159,OPERATIONAL,beauty_salon,,,,False,,,2026-10-09
ChIJec_eH3VrXz4R7F-kRtcUXaI,"Code Hair Ladies Salon - Al Sufouh Branch | Best Hair Extensions, Nails & Luxury Salon","Gardens La Suite Dubai Hotel & Apartments, Sidra Tower - Sheikh Zayed Rd - Al Sufouh 1 - Al Sufouh - Dubai - United Arab Emirates",25.107778,55.178611000000004,4.8,406,OPERATIONAL,beauty_salon,very_expensive,100,600,False,,,2026-10-09
ChIJW_vhozhrXz4RmzolAlSh74k,La Bionda Salon,Warsan Towers - Shop Number 1 - شارع حصة - الثنيه الأولى - Barsha Heights - دبي - United Arab Emirates,25.1012126,55.1791981,5,365,OPERATIONAL,beauty_salon,,,,False,,,2026-10-09
ChIJMeSaCWVrXz4RveubZkApFLk,Tips and Toes - The Greens Souk - Dubai,Community Centre - Shop Number 8 - Street 7 - Al Thanyah Third - The Greens - Dubai - United Arab Emirates,25.0940474,55.1680773,4.4,605,OPERATIONAL,beauty_salon,moderate,100,300,False,,,2026-10-09
ChIJRbNfwhVrXz4RnpZhckAR_cc,KOMI WOMEN SALON(Komi korean salon),First Central hotel suites - 1st F - 1st St - Al Thanyah First - Barsha Heights - Dubai - United Arab Emirates,25.0977368,55.1745976,4.4,63,OPERATIONAL,hair_salon,,,,False,,,2026-10-09
ChIJi3AzIXJrXz4RzW5isXa1v4Y,La Casa Barbershop,Mercure Dubai - Hotel Apartments - شارع الشيخ زايد - الثنيه الأولى - Barsha Heights - دبي - United Arab Emirates,25.1014053,55.1731076,4.9,420,OPERATIONAL,barber_shop,moderate,100,200,False,,men-only,2026-10-09
ChIJO0fpoXhrXz4RmwW4M8GmdDI,The One Gents Salon | Barber Shop - Tecom,MCN Hive - Lila Café - G Floor - الثنيه الأولى - Barsha Heights - دبي - United Arab Emirates,25.096961999999998,55.1775999,4.8,501,OPERATIONAL,barber_shop,moderate,40,160,False,,men-only,2026-10-09
ChIJteplEABrXz4RF5fC8N84_a8,Red Gents Salon,Vista Tower - near to Carrefour - Al Thanyah First - Barsha Heights - Dubai - United Arab Emirates,25.0967086,55.1760472,4.8,108,OPERATIONAL,barber_shop,,,,False,,men-only,2026-10-09
ChIJK8wwz3FrXz4Rw2gJhSlSU2k,SHE Beauty Salon,Onyx building tower 1 - Sheikh Zayed Rd - Al Thanyah Third - The Greens - Dubai - United Arab Emirates,25.0973617,55.168440399999994,4.6,312,OPERATIONAL,beauty_salon,expensive,200,400,False,,,2026-10-09
ChIJS5XPi3prXz4Rei1aMIOC6ng,"PodoLogic Dubai | Beauty, Foot & Nail Care",suites building - 1 Floor “A - Al Noor St - Al Sufouh 1 - Al Sufouh - Dubai - United Arab Emirates,25.109813,55.1776366,4.9,127,OPERATIONAL,beauty_salon,very_expensive,200,500,False,,,2026-10-09
ChIJq6zowxlrXz4Rn8FDlQ5H9rQ,House of Cuts Barbershop,Al Sufouh 2 - Dubai Media City - Dubai - United Arab Emirates,25.102491099999998,55.1692921,4.9,826,OPERATIONAL,barber_shop,,,,False,,men-only,2026-10-09
ChIJcRT5AjxlXz4REVM-ZMw_o1U,Studio YNR - Hair Professionals,Wadi Al Safa 3 - Majan - Dubai - United Arab Emirates,25.093322,55.318233899999996,4.9,144,OPERATIONAL,hair_salon,,,,False,,,2026-10-09
ChIJCVBnVjVlXz4RiJmC7OHMlLI,The Perfect Blend Dubai Al Barari,Skyline 12 - Wadi Al Safa 3 - Majan - Dubai - United Arab Emirates,25.0968453,55.3167491,4.9,115,OPERATIONAL,hair_salon,,,,False,,,2026-10-09
ChIJfaxM8S9lXz4RHkoHvPfytro,OFFLINE MAGNIFY BEAUTY SALON,One Residences - Wadi Al Safa 3 - Majan - Dubai - United Arab Emirates,25.0943246,55.322350899999996,4.9,345,OPERATIONAL,beauty_salon,moderate,100,300,False,,,2026-10-09
ChIJZ3LMMABlXz4RAcCGMSuoA0o,Black Seychell Gents Salon Majan,38V9+C6M Al Omran Building - Shop 2 - Wadi Al Safa 3 - Majan - Dubai - United Arab Emirates,25.0934946,55.318109899999996,4.9,107,OPERATIONAL,hair_salon,moderate,1,100,False,,men-only,2026-10-09
ChIJa3-Hi7xDXz4R5zxxXCUv5_k,Olive Gents Salon - MAJAN,"Jaleel Holding Building, Ground Floor, Shop No. 3 - شارع الشيخ محمد بن زايد - وادي الصفا 3 - Majan - دبي - United Arab Emirates",25.092281699999997,55.319630499999995,4.7,349,OPERATIONAL,barber_shop,inexpensive,20,60,False,,men-only,2026-10-09
ChIJdUim7oBlXz4R9S6HG57onDI,The Nail Pavilion,Seventh Heaven Block B - وادي الصفا 3 - Al Barari - دبي - United Arab Emirates,25.0990695,55.3160588,4.1,84,OPERATIONAL,beauty_salon,,,,False,,,2026-10-09
ChIJ917dV-xlXz4Rcxop9ZP3vLY,Miss Keratin Beauty Salon,Midtown Central Majan Shopping Center - Shop 29 - First Floor - Wadi Al Safa 3 - Majan - Dubai - United Arab Emirates,25.0964028,55.3178006,4.9,121,OPERATIONAL,beauty_salon,very_expensive,200,800,False,,,2026-10-09
ChIJg3BMKyxlXz4RLY7pIE47vQE,23rd St Avenue Ladies Salon,38W9+252 Majan - Wadi Al Safa 3 - Al Barari - Dubai - United Arab Emirates,25.095025099999997,55.317758,5,100,OPERATIONAL,beauty_salon,moderate,100,200,False,,,2026-10-09
ChIJGVW19xFlXz4Rxst7Wj4xNkw,RAYZ GENTS SALON,Wadi Al Safa 3 - Majan - Dubai - United Arab Emirates,25.095561099999998,55.3154105,4.5,97,OPERATIONAL,barber_shop,,,,False,,men-only,2026-10-09
ChIJtc-oO7BlXz4RAenTObgmeIg,"BARARI KIM LADIES SALON Al Barari, Dubai | Free Parking Nails • Hair • Skincare • Massage",38W8+WX6 - Wadi Al Safa 3 - Majan - Dubai - United Arab Emirates,25.0971813,55.317190499999995,4.6,103,OPERATIONAL,beauty_salon,,,,False,,,2026-10-09
ChIJga7G1g5vXz4R6I32rUYs5Oo,Streaks Salon Majan,Mizin building - near Barari - Wadi Al Safa 3 - Majan - Dubai - United Arab Emirates,25.0950603,55.3140247,4.7,106,OPERATIONAL,beauty_salon,moderate,100,400,False,,,2026-10-09
ChIJVaSxGIVlXz4Rq7zUxW3-mPg,Al Barari Gents Salon 💈صالون البراري للرجال,"Majan Area, AL Rabia Tower -Majan- DubaiLand -UAE - Wadi Al Safa 3 - Al Barari - Dubai - United Arab Emirates",25.0940659,55.3241048,4.6,116,OPERATIONAL,barber_shop,moderate,20,100,False,,men-only,2026-10-09
ChIJ_zanGIVlXz4RHcGTjal0YLE,New Aroushi Beauty Salon,Aroushi Beauty Salon، AL Rabia Tower -Majan- DubaiLand -UAE - Wadi Al Safa 3 - Al Barari - Dubai - United Arab Emirates,25.095266499999997,55.325592799999995,4.4,41,OPERATIONAL,beauty_salon,,,,False,,,2026-10-09
ChIJZxlsCeFlXz4R2lA9VEOMdWE,Zig Zag Gents Salon,Falcon City Community Center - Wadi Al Safa 2 - Falconcity of Wonders - Dubai - United Arab Emirates,25.102023,55.3444332,4.6,52,OPERATIONAL,hair_salon,,,,False,,men-only,2026-10-09
ChIJgYMWJLxlXz4RMZ-B628d5Kw,Hosanna Beauty Salon,Falcon city of Wonders compound Shop R-03 - وادي الصفا 2 - فالكن سِتي أوف وندرز - دبي - United Arab Emirates,25.102169500000002,55.344384299999994,4.9,40,OPERATIONAL,beauty_salon,,,,False,,,2026-10-09
ChIJYfsLPAJlXz4Rx0rLrAOelm4,MSC Salon Al Barari,Wadi Al Safa 3 - Al Barari - Dubai - United Arab Emirates,25.0985858,55.3222922,4.9,79,OPERATIONAL,hair_salon,,,,False,,,2026-10-09
ChIJ07r3PPhlXz4R-I79DdPzB74,Scintilla Women Salon,"Shop No 13,14, Turtle Avenue, Near Dubai land Residence Masjid Near Life Pharmacy, Skycourt Towers & The Villa - Turtle Avenue/ Dubai land - وادي الصفا 5 - دبي - United Arab Emirates",25.092526799999998,55.381212299999994,4.7,743,OPERATIONAL,beauty_salon,moderate,100,300,False,,,2026-10-09
ChIJ3zR9YHFlXz4R7dYOEJqCQk8,HIS AND HAIRS GENTS SALON,Shop No.2 | The Blue Building Near Empower Chiller Station Dubailand Residence Complex - | - Wadi Al Safa 5 - دبي - United Arab Emirates,25.0996004,55.3772987,4.8,217,OPERATIONAL,barber_shop,,,,False,,men-only,2026-10-09
ChIJWZALWPNkXz4RCGktGh7MECQ,Fabulicious Ladies Salon,Dubai - Wadi Al Safa 5 - Dubai - United Arab Emirates,25.095193500000004,55.3799656,4.6,225,OPERATIONAL,beauty_salon,moderate,1,400,False,,,2026-10-09
ChIJA2ldcoxlXz4RHSRfmmv-Odg,Oscar Cuts Gents Salon,Queue Point Liwan City - Wadi Al Safa 2 - Liwan - Dubai - United Arab Emirates,25.1138807,55.3647103,4.7,193,OPERATIONAL,barber_shop,,,,False,,men-only,2026-10-09
ChIJ-e3NTdxlXz4RdkYmO2UghBY,BarberZ Guild,Shop 1 Galah Residence 1 Dubai Residence Complex - وادي الصفا 5 - دبي - United Arab Emirates,25.0908025,55.381847699999994,4.6,219,OPERATIONAL,barber_shop,inexpensive,20,80,False,,men-only,2026-10-09
ChIJ7--8VP5lXz4R67Aw85vUJKU,FaceTime Men salon,39WJ+3C5 - Wadi Al Safa 5 - Dubai - United Arab Emirates,25.0951377,55.381200299999996,4.9,164,OPERATIONAL,barber_shop,inexpensive,20,60,False,,men-only,2026-10-09
ChIJUWxyKNFlXz4RVXAWN5T6lPs,Cutting Edge Ladies | Silicon Central,"Silicon Central Mall - D107, 1st Floor - Nadd Hessa - Dubai Silicon Oasis - Dubai - United Arab Emirates",25.110710599999997,55.375095099999996,4.2,709,OPERATIONAL,beauty_salon,expensive,1,500,False,,,2026-10-09
ChIJy6BFbQ9lXz4RusDJhFlY-8I,OLIVE GENTS SALON,"Shop No:1, Al Awazi Residence, Next to Ajmal Sarah, Near Skycourts, Dubai Land - وادي الصفا 5 - دبي - United Arab Emirates",25.099042599999997,55.374634,4.6,626,OPERATIONAL,barber_shop,,,,False,,men-only,2026-10-09
ChIJhdXRHKRlXz4RqVR2Jdq1YKw,Beauty Bay Salon & Spa,Dubai - Nadd Hessa - Dubai Silicon Oasis - Dubai - United Arab Emirates,25.1099337,55.3775714,4.4,172,OPERATIONAL,beauty_salon,moderate,1,200,False,,,2026-10-09
ChIJeTQvKHhlXz4R04ErP6tCLfE,Cutting Edge Gents | Silicon Central | Cutting Edge Salon Dubai | Hair Salon Silicon Central | Hairdresser in Silicon Central,D108 - Silicon Central Mall - 1st Floor - ند حصه - واحة دبي للسيليكون - دبي - United Arab Emirates,25.111972899999998,55.3761867,3.1,72,OPERATIONAL,barber_shop,,,,False,,men-only,2026-10-09
ChIJiZv--UNlXz4RAS-NyEJ2YVQ,OLA Ladies Salon,"Ahmad Mohd Saif bin Shaffar, Building Dubailand Residence Complex - Shop No. 3 - Wadi Al Safa 5 - Dubai - United Arab Emirates",25.0988316,55.3779024,4.6,306,OPERATIONAL,beauty_salon,,,,False,,,2026-10-09
ChIJn-15vKhlXz4RjvDBtBNWL6c,MiniCuts Kids Salon ( Silicon Oasis),Loggia Plaza (Same area of Dunkin Donuts) - Shop 10 - ند حصه - واحة دبي للسيليكون - دبي - United Arab Emirates,25.1094744,55.380094199999995,4.9,528,OPERATIONAL,beauty_salon,moderate,1,100,False,,,2026-10-09
ChIJc1_0JGJlXz4RvF_0DH0U62g,Laura Beauty Salon,"Gate Residence 1, Dubai Land Dubai Land - Shop No 7 - Wadi Al Safa 5 - Dubai - United Arab Emirates",25.0938752,55.3844141,4.7,549,OPERATIONAL,beauty_salon,moderate,100,400,False,,,2026-10-09
ChIJY3kRIKhlXz4R_pWQqmSHv40,Sai Beauty Salon Liwan,wavez by Danube building - Wadi Al Safa 2 - Liwan - Dubai - United Arab Emirates,25.104445300000002,55.3734774,4.8,576,OPERATIONAL,beauty_salon,moderate,100,400,False,,,2026-10-09
ChIJETrUK4BlXz4R49zoFOqvvJA,Tips and Toes - Dubai Silicon Central,Dubai Silicon Central - ند حصه - واحة دبي للسيليكون - دبي - United Arab Emirates,25.112141599999998,55.3755378,4.5,492,OPERATIONAL,beauty_salon,expensive,100,500,False,,,2026-10-09
ChIJ2RN1T9JlXz4RFJsmjDwJqOg,ناو صالون Now Salon,Avenue Mall 2 - ند حصه - واحة دبي للسيليكون - دبي - United Arab Emirates,25.111683,55.3762644,4.7,110,OPERATIONAL,barber_shop,,,,False,,men-only,2026-10-09
ChIJscJVW4FDXz4RQ88a-DznFsE,Groom Up Women Salon,Logia Plaza - DSO-22 - Retail 19 11B Street - ند حصه - واحة دبي للسيليكون - دبي - United Arab Emirates,25.108838199999997,55.3799576,4.9,231,OPERATIONAL,beauty_salon,moderate,100,300,False,,,2026-10-09
ChIJVT51brdlXz4R82FpvmSZaEw,Luluat Hatan ladies salon,Al faris building tips and toes accomodation - Wadi Al Safa 5 - Dubai Land Residence Complex - Dubai - United Arab Emirates,25.0999052,55.376833,4.6,114,OPERATIONAL,beauty_salon,moderate,100,200,False,,,2026-10-09
ChIJh4ssLG5lXz4RbNnztII250w,Riband gents salon,dubai land complex - وادي الصفا 5 - دبي - United Arab Emirates,25.0941875,55.3840625,4.8,290,OPERATIONAL,barber_shop,,,,False,,men-only,2026-10-09
ChIJwfOXOuNlXz4Rhv9XhOocsEw,Liwan Ladies Salon,Wadi Al Safa 2 - Dubai Silicon Oasis - Dubai - United Arab Emirates,25.1136883,55.3645176,3.3,48,OPERATIONAL,beauty_salon,,,,False,,,2026-10-09
ChIJq4EVfjFrXz4RobEOpCdyUwM,LEO BEAUTY CLUB,"Crescent West, Palm, Kempinski Hotel & Residences - Nakhlat Jumeira - Dubai - United Arab Emirates",25.1132193,55.1094084,4.7,116,OPERATIONAL,beauty_salon,,,,False,,,2026-10-09
ChIJF6NqioMVXz4RlRenX1kYXpA,Alkemy Salons,Atlantis The Palm - Nakhlat Jumeira - Dubai - United Arab Emirates,25.1304528,55.117151899999996,4.9,688,OPERATIONAL,beauty_salon,very_expensive,400,1000,False,,,2026-10-09
ChIJMasRgF0VXz4RwgUMpx-WTv0,Glamish Beauty Salon – Palm Jumeirah,"Palm Jumeirah, Kempinski Hotel & Residences - Crescent Rd - Nakhlat Jumeira - west 4 - Dubai - United Arab Emirates",25.1132666,55.109458,4.9,66,OPERATIONAL,beauty_salon,,,,False,,,2026-10-09
ChIJC6ZGvswVXz4RRyzdMUDHmz0,Nailology,Atlantis The Palm Hotel - نخلة جميرا - دبي - United Arab Emirates,25.131184899999997,55.1172696,4.7,27,OPERATIONAL,nail_salon,,,,False,,,2026-10-09
ChIJD7MY7NoVXz4R4DPZW8stkO0,24Hairdxb Kimpinski The Palm,4475+6M6 Palm jumairah - Nakhlat Jumeira - Dubai - United Arab Emirates,25.113046999999998,55.109130199999996,5,10,OPERATIONAL,beauty_salon,,,,False,,,2026-10-09
ChIJS43kbCAVXz4Rl-asWtSYcJg,The Jet Barber - Gents Salon @ Palm Jumeirah,"Palm Jumeirah, Kempinski Hotel & Residences - Crescent Rd - Nakhlat Jumeira - west 4 - Dubai - United Arab Emirates",25.113198399999998,55.109335099999996,4.9,32,OPERATIONAL,barber_shop,,,,False,,men-only,2026-10-09
ChIJcfQW5jMVXz4R4QKD6zABT9g,A&A beauty SALON,"Palm Jumeriah, West Crescent Retail Lobby، Kempinski Hotel & Residences - Nakhlat Jumeira - Dubai - United Arab Emirates",25.1133204,55.109422699999996,5,4,OPERATIONAL,hair_salon,,,,False,,,2026-10-09
ChIJD5PwivlrXz4RDU4oUcEBl0U,N.Bar Nail Spa & Salon Shoreline,Ground Floor Building 8 The Shoreline Palm Jumeirah - نخلة جميرا - دبي - United Arab Emirates,25.1126708,55.143589,4.9,725,OPERATIONAL,nail_salon,,,,False,,,2026-10-09
ChIJVyfUzl9rXz4RCK9R7pn1vis,The Salon Dubai Face Bar | Palm Jumeirah,"Riva Beach Club, Shoreline 7&8 - Palm Jumeirah - دبي - United Arab Emirates",25.112483599999997,55.1437745,4.6,348,OPERATIONAL,beauty_salon,,,,False,,,2026-10-09
ChIJs_eK9yxrXz4RzOBm4aMC_HU,Blowout Bar Hair and Beauty Salon,"Golden Mile Building 10 - Retail Level - Palm Jumeirah -, Underground Parking Available (Parking Entrance Before Bldg 7 By Fitness, First) - نخلة جميرا - دبي - United Arab Emirates",25.112021,55.14053,4.9,311,OPERATIONAL,hair_salon,,,,False,,,2026-10-09
ChIJg3oCsS1rXz4RXgipT1K405Q,1847 Grooming for Men Palm Jumeirah Mall,Centre Of Palm - Al Hilali - Nakhlat Jumeira - Dubai - United Arab Emirates,25.1140995,55.1396058,4.7,552,OPERATIONAL,barber_shop,,,,False,,men-only,2026-10-09
ChIJNRUYtQNrXz4RByQQkXNaAdc,MK - Best Barbershop in Dubai,NH Collection Dubai The Palm - Nakhlat Jumeira - Dubai - United Arab Emirates,25.111617199999998,55.138868099999996,4.9,273,OPERATIONAL,barber_shop,moderate,180,200,False,,men-only,2026-10-09
ChIJwVknQB1rXz4RUmMkorXxZaI,The Salon Dubai | The Palm,Riva Beach Club - Shoreline 7 & 8 - Palm Jumeirah - دبي - United Arab Emirates,25.1122408,55.1441502,4.9,129,OPERATIONAL,hair_salon,expensive,150,400,False,,,2026-10-09
ChIJxVg52EdrXz4RQnkKjDeWGew,"WOW Beauty Salon - Palm Jumeirah Mall, Ground Level","Ground Level, P-012b, Nakheel Mall Palm - نخلة جميرا - Jumeirah - دبي - United Arab Emirates",25.1141082,55.1392034,4.5,445,OPERATIONAL,beauty_salon,moderate,1,400,False,,,2026-10-09
ChIJLeWVEQBrXz4RNvbgOR-dD_0,GoCosmo Beauty Salon,"Golden Mile 7, Golden Mile Mall - Palm Jumeirah - Dubai - United Arab Emirates",25.110459,55.142472,4.7,127,OPERATIONAL,beauty_salon,very_expensive,200,500,False,,,2026-10-09
ChIJ49Z7XVdrXz4RoIv7siBSqEw,24Beauty The Palm Salon & Home Service,Saint regis palm jumairah - Nakhlat Jumeira - Dubai - United Arab Emirates,25.113989099999998,55.139882799999995,4.9,153,OPERATIONAL,beauty_salon,,,,False,,,2026-10-09
ChIJ8f8nFj1rXz4RVvHyg7cmvLI,MK - Best Beauty Salon in Dubai,NH Collection Dubai The Palm - Nakhlat Jumeira - Dubai - United Arab Emirates,25.111693199999998,55.139044999999996,4.9,121,OPERATIONAL,beauty_salon,expensive,200,400,False,,,2026-10-09
ChIJjR8pyCxrXz4RZZIL-wNsLzA,Toni&Guy at Dukes Hotel,"Dukes Hotel/Oceana Residences, Dukes Hotel, Palm Jumeirah, Dubai - نخلة جميرا - دبي - United Arab Emirates",25.1122113,55.1381355,4.5,121,OPERATIONAL,hair_salon,,,,False,,,2026-10-09
ChIJizCFkg1rXz4RDg2oQoByzoc,Barber Shop - Kalm Grooming,"Riva Beach Club Ground floor, Shoreline 7&8 - Palm Jumeirah - دبي - United Arab Emirates",25.1125699,55.1437144,4.8,148,OPERATIONAL,barber_shop,moderate,100,160,False,,men-only,2026-10-09
ChIJP22zRXNrXz4RXY4f1HG84PM,UNIQUE PERSONA Palm Jumeirah,"LG floor Palm, Nakheel Mall - Nakhlat Jumeira - Jumeirah Mall - Dubai - United Arab Emirates",25.1140932,55.1389244,4.8,166,OPERATIONAL,beauty_salon,very_expensive,200,800,False,,,2026-10-09
ChIJa25nZJxrXz4RuGbDyTFG53E,Hairworks - Palm Jumeirah Mall,"Lower Ground, Nakheel Mall - Nakhlat Jumeira - Dubai - United Arab Emirates",25.114501999999998,55.138698,4.6,329,OPERATIONAL,hair_salon,,,,False,,,2026-10-09
ChIJ97tG_fprXz4Re1aL5fZso4Q,Pankhurst London Dubai,Fairmont The Palm - 72413 Palm Jumeirah Rd - Nakhlat Jumeira - Dubai - United Arab Emirates,25.1101951,55.140865,4.9,162,OPERATIONAL,barber_shop,,,,False,,men-only,2026-10-09
ChIJJ2j7G-VrXz4R-LXk1GHVhrI,Beautyspot Salons Fairmont The Palm,"Palm Jumeirah, Fairmont The Palm - 72413 Palm Jumeirah Rd - Nakhlat Jumeira - Dubai - United Arab Emirates",25.1103333,55.140694599999996,4.7,39,OPERATIONAL,hair_salon,,,,False,,,2026-10-09
ChIJL087xy1rXz4RhdS5CLZVN68,Super Trim Gents Salon,10 - 2 Palm Jumeirah Rd - Nakhlat Jumeira - Dubai - United Arab Emirates,25.1143143,55.138745,3.2,86,OPERATIONAL,barber_shop,,,,False,,men-only,2026-10-09
ChIJ67QJkCVrXz4R23V7iuBykNk,Peter Hair Lounge,Royal Central Hotel and Resort The Palm Dubai - Nakhlat Jumeira - Dubai - United Arab Emirates,25.1259427,55.1531642,4.9,131,OPERATIONAL,hair_salon,,,,False,,,2026-10-09
ChIJ0eAgxVxrXz4RFX107q9Oim8,La Sala gents salon,Nakheel mall - Nakhlat Jumeira - Dubai - United Arab Emirates,25.1127522,55.1392032,4.4,19,OPERATIONAL,barber_shop,,,,False,,men-only,2026-10-09
ChIJ5TtupalrXz4Rz0FCYK7vguE,Bede Zayed Gents saloon,12 13 St - Al Sufouh 1 - Al Sufouh - Dubai - United Arab Emirates,25.1238945,55.183859899999995,4.4,84,OPERATIONAL,barber_shop,,,,False,,men-only,2026-10-09
ChIJnX-XKQxrXz4Rc0Ww7h1zsHY,Miami Saloon,457F+3HC - Al Sufouh 1 - Al Sufouh - Dubai - United Arab Emirates,25.112685799999998,55.1738881,4,25,OPERATIONAL,barber_shop,,,,False,,men-only,2026-10-09
ChIJhfbmX55rXz4RwfIYXuGmefk,"Zaki Salon - Taj Exotica Resort & Spa, The Palm, Dubai","Taj Exotica Resort & Spa, The Palm - نخلة جميرا - دبي - United Arab Emirates",25.1239906,55.1541323,4,36,OPERATIONAL,beauty_salon,,,,False,,,2026-10-09
ChIJ1Vi0e19rXz4RRyFOz-E9XcU,"Zaki Salon - Anantara, The Palm dubai",Anantara The Palm Dubai Resort - نخلة جميرا - دبي - United Arab Emirates,25.1301711,55.152771099999995,4.5,39,OPERATIONAL,beauty_salon,,,,False,,,2026-10-09
ChIJ74yI_eRrXz4RdVfj0m4-52o,Zaki Salon Rixos The Palm,Rixos Hotel The Palm - نخلة جميرا - دبي - United Arab Emirates,25.1218309,55.153880099999995,4.6,37,OPERATIONAL,hair_salon,,,,False,,,2026-10-09
ChIJw3JQSSdrXz4RHQAmCA2r1yI,Beverly Hills Beauty Rixos,45C3+QG2 - Nakhlat Jumeira - Dubai - United Arab Emirates,25.121882600000003,55.153757299999995,5,3,OPERATIONAL,beauty_salon,,,,False,,,2026-10-09
ChIJu0UcFwCj9T4RbkZOjkgTKfw,Beauty Rose Ladies Saloon,4RMW+H8 - Mleiha - Sharjah - United Arab Emirates,25.1306194,55.8808315,4.3,3,OPERATIONAL,beauty_salon,,,,False,,,2026-10-09
ChIJ9-iU8U6j9T4RyOEu7vLiFlA,MURTAZA HAIRDRESSING SALON,Al Shuwaib - Umm Al Quwain Rd - Al Khatim - Sharjah - United Arab Emirates,25.1312149,55.880328899999995,,,OPERATIONAL,barber_shop,,,,False,,men-only,2026-10-09
ChIJa45hQgCj9T4R3_5svRxUe6E,Wahat al Dhaid hair dressing salon,4VHH+6QX - Mleiha 1 - Sharjah - United Arab Emirates,25.1280784,55.8794887,3,2,OPERATIONAL,barber_shop,,,,False,,men-only,2026-10-09
ChIJu5JaLwCj9T4RHp3I5lzn8aQ,صالون دار الظبي للتجميل,4VPM+RFW - Al Khatim - Sharjah - United Arab Emirates,25.1371067,55.8837141,,,OPERATIONAL,beauty_salon,,,,False,,,2026-10-09
ChIJEzBkK3aj9T4RO7HrRsMGPdU,مركز الرجل الأنيق,4WM5+MHX - Sharjah-Kalba Rd - Mleiha 2 - Sharjah - United Arab Emirates,25.134239899999997,55.9089852,4.3,50,OPERATIONAL,barber_shop,,,,False,,men-only,2026-10-09
ChIJfR1FKgCj9T4RRKYELUib_mY,Mirrors of Beauty Ladies Salon,4WP4+62R - Sharjah-Kalba Rd - Mleiha 2 - Ras Al Khaimah - United Arab Emirates,25.135603399999997,55.90502300000001,4.1,20,OPERATIONAL,beauty_salon,,,,False,,,2026-10-09
ChIJNcB3-G319T4RFMMasLMY1S8,Wasim Shahzad Salon صالون وسيم شهزاد,4WM5+W69 Milehah - Maliha - 2 طريق الشارقة - كلباء - مليحة 2 - إمارة الشارقةّ - United Arab Emirates,25.1347694,55.9080392,4.2,5,OPERATIONAL,hair_salon,,,,False,,,2026-10-09
ChIJyboadwCj9T4RuPx0w0Z8vAE,Ruken Alyasmeen Hairdressing Salon,4WP2+WWF - Maleha Rd - Mleiha 2 - Sharjah - United Arab Emirates,25.137380099999998,55.902185499999995,,,OPERATIONAL,barber_shop,,,,False,,men-only,2026-10-09
ChIJ0UsTGqCJ9T4RCT_3q8P-EyY,HOUSE OF HE GENTS SALON,Al Aweer - Al Rowaiyah Third - Dubai - United Arab Emirates,25.1574034,55.516368099999994,4.4,18,OPERATIONAL,hair_salon,,,,False,,men-only,2026-10-09
ChIJC4aXRSqj9T4R5ibLIbLeBAY,63 beauty center,4WQ2+573 - E102 - Mleiha 2 - Sharjah - United Arab Emirates,25.1378974,55.9006751,3.8,18,OPERATIONAL,beauty_salon,,,,False,,,2026-10-09
ChIJbZRrpWKj9T4RvKevDNy7Fuk,صالون الزين للحلاقة,4WQ2+5C4 - E102 - Mleiha 2 - Sharjah - United Arab Emirates,25.137889200000004,55.9010685,4.5,6,OPERATIONAL,barber_shop,,,,False,,men-only,2026-10-09
ChIJPQlC5E2i9T4ROfCEiYSU4-w,مركز وسط مليحة للعناية بالرجال,Al Shuwaib - Umm Al Quwain Rd - Mleiha - Sharjah - United Arab Emirates,25.1394819,55.8863318,3.9,30,OPERATIONAL,hair_salon,,,,False,,men-only,2026-10-09
ChIJiY-MEwmj9T4RCTSbxVc0KFs,مركز اوليفيرا للتجميل,4VRP+Q64 - E55 - Al Khatim - Sharjah - United Arab Emirates,25.1418999,55.885580499999996,3.9,8,OPERATIONAL,beauty_salon,,,,False,,,2026-10-09
ChIJX0kUOQCj9T4RTsAuXXDqrXo,مركز اوليفيرا للتجميل,151 Al Dhaid Maliha Rd - Al Khatim - Sharjah - United Arab Emirates,25.1418878,55.885583999999994,2.8,4,OPERATIONAL,beauty_salon,,,,False,,,2026-10-09
ChIJQYj5E3uJ9T4Rv7zB_xyoA9Q,Fred Barber,5GHW+G3C - Al Awir First - Dubai - United Arab Emirates,25.1788216,55.545135699999996,3.5,6,OPERATIONAL,barber_shop,,,,False,,men-only,2026-10-09
ChIJWyGpE3uJ9T4Rvke0DIm6mvU,Al Shabak Hairdressing Saloon,5GHW+G2R - Al Awir First - Dubai - United Arab Emirates,25.178871899999997,55.545028599999995,5,1,OPERATIONAL,hair_salon,,,,False,,,2026-10-09
ChIJ8UZeSAOJ9T4R0BkHDxJa0co,Al sadara gents salon,5GGW+GcF - Al Awir Second - Dubai - United Arab Emirates,25.1763078,55.546200799999994,4.2,26,OPERATIONAL,hair_salon,,,,False,,men-only,2026-10-09
ChIJTU9oCzGL9T4RyZWe4xzPce4,Bab Al Fanan Gents salon,Awaid Saleh Hasan shop 4 Alaweer - near enoc petrol station - al Aweer1 - 1 Dubai - دبي - United Arab Emirates,25.185838699999998,55.542337100000005,5,6,OPERATIONAL,hair_salon,,,,False,,men-only,2026-10-09
ChIJYQxpyvWJ9T4Rr1y_OU33YbY,صالون صقر العوير للرجال SAGR AL AWIR GENETS SALOON,5GGW+C28 - Al Awir Second - Dubai - United Arab Emirates,25.1760311,55.545084599999996,4.3,8,OPERATIONAL,hair_salon,,,,False,,men-only,2026-10-09
ChIJPb-wh7iJ9T4R1X7nwjvnu6Y,صالون راس الخور للرجال,5GGR+QVC - Al Awir First - Dubai - United Arab Emirates,25.176994399999998,55.5420728,1,1,OPERATIONAL,hair_salon,,,,False,,men-only,2026-10-09
ChIJg9cKmnqJ9T4RKmuF-eGfZrc,Al Remsh Gents Salon,5GGW+92Q Al Awir - Road - العوير الثانية - دبي - United Arab Emirates,25.1759919,55.5451219,5,2,OPERATIONAL,hair_salon,,,,False,,men-only,2026-10-09
ChIJMXT5aJ2L9T4RcIWNTPBaagI,Ruby Radiance Beauty Salon & Home Services,Al Amardi St - Al Awir First - Dubai - United Arab Emirates,25.1859708,55.542387999999995,4.9,21,OPERATIONAL,beauty_salon,,,,False,,,2026-10-09
ChIJWyGpE3uJ9T4RA7N8iSDaXMg,Omar Mohd Hair Cutting Saloon,5GHW+G2R - Al Awir First - Dubai - United Arab Emirates,25.178871899999997,55.545028599999995,,,OPERATIONAL,hair_salon,,,,False,,,2026-10-09
ChIJaYKgdFiJ9T4RTw8clmqsbv0,Mahi flora ladies saloon,Al aweer 2 - Al Awir Second - Dubai - United Arab Emirates,25.183078000000002,55.5680583,4,33,OPERATIONAL,beauty_salon,,,,False,,,2026-10-09
ChIJOZESWQCJ9T4RfdJ867g_PVY,Eight Guard Fade Salon - Al Awir,5HM9+662 - Al Awir Second - Dubai - United Arab Emirates,25.1829535,55.56803,5,5,OPERATIONAL,barber_shop,,,,False,,men-only,2026-10-09
ChIJsx8-I0FCXz4RkF31mTk1790,Hello Kitty Beauty Spa Dubai,The Galleria Mall - Ground Floor - Al Wasl - Dubai - United Arab Emirates,25.2068758,55.2544014,4.2,321,OPERATIONAL,beauty_salon,,,,False,,,2026-10-09
ChIJR4QYtRZCXz4Rrj6Pg9cUZ3Y,Dubai: 306 Spa | Award-Winning Hair & Beauty Salon Jumeirah,Villa 276 Jumeirah Beach Rd - Jumeirah 2 - Jumeirah - Dubai - United Arab Emirates,25.206991799999997,55.2440144,4.8,386,OPERATIONAL,beauty_salon,,,,False,,,2026-10-09
ChIJCQB88-JpXz4RU_pzq5Fp4JA,Legend beauty salon,"Square, Block 3 - Shop 13 Al Wasl Rd - Al Wasl - Al Safa - Dubai - United Arab Emirates",25.1849603,55.239280099999995,4.8,1215,OPERATIONAL,beauty_salon,moderate,1,400,False,,,2026-10-09
ChIJQa4CbZZDXz4RntRSQ7Xelgc,Serendipity Ladies Salon,Box Park - M10 - 06 Al Wasl Rd - Al Wasl - Dubai - United Arab Emirates,25.203297799999998,55.251587199999996,4.8,281,CLOSED_TEMPORARILY,beauty_salon,,,,False,,not-operational,2026-10-09
ChIJ90ydelZDXz4RQc9i3swo3eU,CHADO SPA,Villa 10 23B St - Jumeirah 2 - Jumeirah - Dubai - United Arab Emirates,25.1992425,55.2475033,4.9,228,OPERATIONAL,beauty_salon,very_expensive,200,600,False,,,2026-10-09
ChIJ-06zQGlCXz4RxoQycX_Se1c,Aveda Dubai Flagship Salon,"431 Al Wasl Road, - Galleria Mall, Jumeirah 1 - الوصل - دبي - United Arab Emirates",25.207789,55.254642600000004,4.4,343,OPERATIONAL,hair_salon,,,,False,,,2026-10-09
ChIJH2Pi7h9rXz4RAoP2g7eSxhE,HEARTS | space of beauty,304 Jumeira St - Jumeirah 2 - Jumeirah - Dubai - United Arab Emirates,25.2033837,55.241377099999994,4.5,26,OPERATIONAL,beauty_salon,,,,False,,,2026-10-09
ChIJZYyLggtCXz4RmTXljSi-lFw,MK - Best Barbershop in Dubai,Dar Wasl Mall - 2050 - Al Wasl Rd - Al Wasl - Dubai - United Arab Emirates,25.193407699999998,55.245176900000004,4.7,447,OPERATIONAL,barber_shop,moderate,100,200,False,,men-only,2026-10-09
ChIJO_6URRppXz4Rp3WvCoOj6zg,Salaza Gibran Khabbaz,Tiara East Tower - Business Bay - Dubai - United Arab Emirates,25.1888726,55.2600427,4.9,203,OPERATIONAL,beauty_salon,,,,False,,,2026-10-09
ChIJg2PxPRBCXz4RO_5SF5Ya6mo,Beats and Cuts Barbershop,Shop M10-08 Box Park - Al Wasl Rd - Al Wasl - Dubai - United Arab Emirates,25.203703899999997,55.2518454,4.4,391,OPERATIONAL,barber_shop,,,,False,,men-only,2026-10-09
ChIJQaw2fwtCXz4Rnvy3bF4gae4,Caro Beauty Spa,2D St - Al Wasl - Dubai - United Arab Emirates,25.1936216,55.245349399999995,4.7,323,OPERATIONAL,beauty_salon,,,,False,,,2026-10-09
ChIJbZzY7l5DXz4RtNCr31EpcXI,Hava Gents Salon Jumeirah 2,Al Wasl Rd - Jumeirah 2 - Jumeirah - Dubai - United Arab Emirates,25.2010096,55.2491736,4.6,273,OPERATIONAL,barber_shop,,,,False,,men-only,2026-10-09
ChIJdWPzvGhDXz4Rb-ODwtXveo4,Royal Nordic Beauty Salon,La Plage Residence - Jumeirah Beach Road - Al Athar Street - & - جميرا - دبي - United Arab Emirates,25.1932755,55.2348113,4.6,115,OPERATIONAL,beauty_salon,,,,False,,,2026-10-09
ChIJrQNq0HpCXz4RlBFKnkcjiqE,X Hair Lounge Gents Salon City walk,City Walk Boulevard - Al Mustaqbal St - Al Wasl - Dubai - United Arab Emirates,25.2023521,55.260635799999996,4.8,596,OPERATIONAL,hair_salon,moderate,100,300,False,,men-only,2026-10-09
ChIJj4ruxS5DXz4Rnwa0xss7RRc,The Hideaway,403 jumeirah Street - La Plage Shop 6 - Al Athar Street - جميرا ٢ - جميرا - دبي - United Arab Emirates,25.1941641,55.2350547,4.8,155,OPERATIONAL,hair_salon,moderate,100,400,False,,,2026-10-09
ChIJt5EwLwBpXz4R2ZtxAPzLBwQ,Laser One Polyclinic | Laser Hair Removal Business Bay Dubai,"Single Business Tower, office 101 - الخليج التجاري - دبي - United Arab Emirates",25.1881581,55.258370400000004,5,591,OPERATIONAL,medical_clinic,,,,False,,not-a-salon,2026-10-09
ChIJCwW-buppXz4RlKSCwmNCW-U,1991 Gents Salon by Wafic Saab,62 Al Bailee Street - Jumeirah 3 - Jumeirah - Dubai - United Arab Emirates,25.1861268,55.2385404,4.9,171,OPERATIONAL,barber_shop,,,,False,,men-only,2026-10-09
ChIJ141sFWlCXz4Rj2Dw2v03Oo4,SO Original Art and Beauty Salon - Al Wasl,"Galleria Mall - Al Wasl Rd, Next to Post Office, Jumeirah - Dubai - United Arab Emirates - الوصل - دبي - United Arab Emirates",25.207117,55.2544629,3.9,197,OPERATIONAL,beauty_salon,,,,False,,,2026-10-09
ChIJdW0cWHhfXz4RNQheC98DG8o,Beauty Lair Ladies Salon,"Al Wasl, Behind Boxpark, Mcdonald's, Street 28 - 6B St - الوصل - دبي - United Arab Emirates",25.2000307,55.2505161,3.9,108,OPERATIONAL,beauty_salon,,,,False,,,2026-10-09
ChIJYdUFhOPo-28R7NBnxGazjm8,Body & Mind City Walk | Ladies Beauty Salon and Body Academy,"Walk building, 16 - الوصل - دبي - United Arab Emirates",25.2016507,55.2621405,5,118,OPERATIONAL,beauty_salon,,,,False,,,2026-10-09
ChIJxQrcdYSP9T4RK9n4UwZSIDE,صالون قطاه,6M43+8P9 - Qitah Agriculture - Sharjah - United Arab Emirates,25.2057841,55.6543572,4.4,9,OPERATIONAL,hair_salon,,,,False,,,2026-10-09
ChIJm2u4GLVDXz4RbYGrEsK1mgY,SFēRA salon - Luca Comella Hair,Bulgari Hotel & Resort Ground Floor - جميرا باي - جميرا - دبي - United Arab Emirates,25.210895299999997,55.2349774,4.9,178,OPERATIONAL,hair_salon,,,,False,,,2026-10-09
ChIJwZpk-11DXz4RpXWNPfc_7j0,Al khair 3 building,501 - al khair 3 building - السطوة - دبي - United Arab Emirates,25.218255900000003,55.271923099999995,3.9,103,OPERATIONAL,beauty_salon,,,,False,,,2026-10-09
ChIJa6WSAEVDXz4RLr0S4wmYup4,Diva Gents Salon | صالون ديفا للرجال,Sheikh Zayed Rd - Trade Center Second - DIFC - Dubai - United Arab Emirates,25.213227099999997,55.277405099999996,4.2,643,OPERATIONAL,barber_shop,moderate,40,140,False,,men-only,2026-10-09
ChIJw5hG6zZqXz4RMwxx2F-B6QE,Salon Afrina Beauty & Henna - Jumeirah,193 Jumeira St - Jumeirah 1 - Jumeirah - Dubai - United Arab Emirates,25.2138772,55.249853900000005,4.6,937,OPERATIONAL,beauty_salon,moderate,1,300,False,,,2026-10-09
ChIJPd_il09CXz4RNCGy4Mah_Mo,Zieda Beauty Lounge,Villa 7 شارع شاطئ جميرة - Jumeirah 1 - Jumeirah - Dubai - United Arab Emirates,25.223615199999998,55.256664099999995,4.5,280,OPERATIONAL,beauty_salon,very_expensive,200,600,False,,,2026-10-09
ChIJ52MzOCBDXz4RfuM2vN2q4KI,beauty lovers salon,Al Khair Building 2 - 57th St - Al Satwa - Dubai - United Arab Emirates,25.2175662,55.272624699999994,4.7,281,CLOSED_TEMPORARILY,beauty_salon,,,,False,,not-operational,2026-10-09
ChIJU6AlfpVbXz4RGFbwztuNhVQ,Mirna Kassab Beauty Center,Al Wasl Rd - Al Bada' - Dubai - United Arab Emirates,25.2153672,55.2596303,4.8,668,OPERATIONAL,beauty_salon,,,,False,,,2026-10-09
ChIJA4o41LVDXz4RcA2P_3VqBsU,Browns & Co.,343 Al Wasl Rd - Al Bada' - Dubai - United Arab Emirates,25.2166336,55.260486699999994,4.8,863,OPERATIONAL,beauty_salon,,,,False,,,2026-10-09
ChIJS15ZNqBDXz4RWD6tXpCSYCk,Hair Repair Salon,16 51st St - Jumeirah 1 - Jumeirah - Dubai - United Arab Emirates,25.221878,55.259029,4.3,133,OPERATIONAL,hair_salon,,,,False,,,2026-10-09
ChIJKYrtrEVDXz4RcIuya45HC2s,Hairsilk Ladies Salon (Al Wasl Branch),Al Wasl road - str - 45 B - البدع - دبي - United Arab Emirates,25.2221105,55.2641157,4.5,288,OPERATIONAL,beauty_salon,,,,False,,,2026-10-09
ChIJoch8ETpDXz4RQJhQJcNI_eA,Tess Avenue by Villa Boheme,170b Jumeira St - Jumeirah 1 - JumeirahJumeirah 1 - Dubai - United Arab Emirates,25.2182626,55.2525291,4.9,599,OPERATIONAL,beauty_salon,very_expensive,200,800,False,,,2026-10-09
ChIJqdPpEmZDXz4RUv5OMpmsX8M,Villa Thalgo Ladies Salon,67G5+JFH - Jumeirah 1 - Jumeirah - Dubai - United Arab Emirates,25.226557,55.258742399999996,4.4,341,OPERATIONAL,beauty_salon,,,,False,,,2026-10-09
ChIJPfQtSJZDXz4R-NYmM5I4aus,We Young Wellness,Century Plaza - Ground Floor - Jumeirah 1 - Jumeirah - Dubai - United Arab Emirates,25.2284455,55.2612744,4.7,125,OPERATIONAL,beauty_salon,,,,False,,,2026-10-09
ChIJ__-vrIlCXz4RU6n0DOZPvK0,Bespoke Beauty Studio,2302 Aspin Commercial Tower Financial Cente - شارع الشيخ زايد - المركز التجاري الأولي - دبي - United Arab Emirates,25.2089625,55.272498399999996,4.3,787,OPERATIONAL,beauty_salon,,,,False,,,2026-10-09
ChIJc4Y5kBJDXz4R_RpHhPXEQPg,InnBeauty Space - Jumeirah,339 Al Wasl Rd - Jumeirah 1 - Dubai - United Arab Emirates,25.216902599999997,55.2606651,4.7,116,OPERATIONAL,beauty_salon,,,,False,,,2026-10-09
ChIJU-K50VtCXz4RmV9kzMv8u3g,Brush Salon,Dubai - Al Bada' - Dubai - United Arab Emirates,25.2186523,55.2617817,4.4,324,OPERATIONAL,beauty_salon,very_expensive,200,700,False,,,2026-10-09
ChIJ13g1usVDXz4RdLinKpuurv0,Amaraya Beauty Center,"1st Floor, Al shafar Building 7 - Al Wasl Rd - Al Bada' - Dubai - United Arab Emirates",25.213834499999997,55.2585869,4.8,473,OPERATIONAL,beauty_salon,very_expensive,200,700,False,,,2026-10-09
ChIJQ0NrZFdCXz4RBNinYjqisng,Awrad Hair Care Center,Villa 257A - شارع الوصل - البدع - دبي - United Arab Emirates,25.225850899999998,55.2663107,4.6,122,OPERATIONAL,medical_clinic,,,,False,,not-a-salon,2026-10-09
ChIJn9YOcoVDXz4RW8qGFkArogE,Maison Nefertari,Villa 6 Jumeirah Beach Rd - Jumeirah 1 - Jumeirah - Dubai - United Arab Emirates,25.2321736,55.2632109,4.6,213,OPERATIONAL,beauty_salon,,,,False,,,2026-10-09
ChIJ964jRgCN9T4RBQDADs3mAbw,Gentle Groom Gents Salon,Siyouh Suburb - Al Suyoh 1 - Sharjah - United Arab Emirates,25.228168,55.5916847,4.5,57,OPERATIONAL,hair_salon,inexpensive,1,50,False,,men-only,2026-10-09
ChIJXRGfWt-N9T4ROR6zcY5FGOY,The Corner Barber - Al Suyoh,Mall - Shop G17 - Siyouh Suburb - Al Riqaibah 3 - Sharjah - United Arab Emirates,25.2223223,55.6138674,4.9,133,OPERATIONAL,barber_shop,moderate,40,120,False,,men-only,2026-10-09
ChIJyTDGAACN9T4ReyB5Vw0f_Aw,صالون شباب السيوح للحلاقه فرع ٢,6HGX+352 - Siyouh Suburb - Al Tay West - Sharjah - United Arab Emirates,25.2251471,55.597902000000005,4.2,15,OPERATIONAL,hair_salon,,,,False,,men-only,2026-10-09
ChIJ1fe1LciN9T4RUIRcbjEKEi4,STOP OVER SUYOH MALL,First - Floor - M6 2 - 5 الشارع الدوحة - ضاحية السيوح - الرقيبة 3 - إمارة الشارقةّ - United Arab Emirates,25.222239599999998,55.6144525,5,129,OPERATIONAL,beauty_salon,moderate,100,400,False,,,2026-10-09
ChIJpcq2BI2N9T4R166Bf04VQbM,Al Rukn Al tayyab Gents Salon,Siyouh Suburb - Al tay east - Sharjah - United Arab Emirates,25.2090296,55.634799,5,2,OPERATIONAL,hair_salon,,,,False,,men-only,2026-10-09
ChIJ-yFhSKq99T4Rw5FIDKR9O3o,صالون وشاح للحلاقة,شارع وشاح - Al Yafar 1 - Sharjah - United Arab Emirates,25.2098348,55.917762800000006,,,OPERATIONAL,barber_shop,,,,False,,men-only,2026-10-09
ChIJYfNffN2N9T4RrpVTICstNPg,Anat Salon & Spa,1 Street - Siyouh Suburb - Al Riqaibah - Sharjah - United Arab Emirates,25.250064,55.586645,4.4,290,OPERATIONAL,beauty_salon,moderate,100,300,False,,,2026-10-09
ChIJD_yNEwCN9T4RxM0jRHAhuLc,Aloevera by camellia,Tilal oasis - Siyouh Suburb - Tilal - Sharjah - United Arab Emirates,25.259190399999998,55.5833666,3.3,107,OPERATIONAL,beauty_salon,,,,False,,,2026-10-09
ChIJ-RnpMhdZXz4RbzQVreqvh74,Rukn Al Maha Beauty Salon,7H4H+VXP - شارع واسط - Siyouh Suburb - Tilal - Sharjah - United Arab Emirates,25.257201,55.5799664,3.3,99,OPERATIONAL,beauty_salon,,,,False,,,2026-10-09
ChIJmYSrBu1fXz4R6Zv-GxYxuec,EFREZ Beauty Center,Siyouh Suburb - Tilal - Sharjah - United Arab Emirates,25.2596244,55.5835945,4.6,335,OPERATIONAL,beauty_salon,,,,False,,,2026-10-09
ChIJR00s-mON9T4RPDNVFQJ50rc,"Litchi Ladies Salon - Al Suyoh,صالون ليتشي للسيدات - السيوح",مول ذا ون-محل رقم 3 - 3 - Siyouh Suburb - Al Riqaibah 5 - Sharjah - United Arab Emirates,25.2410596,55.5931284,3.9,167,OPERATIONAL,beauty_salon,,,,False,,,2026-10-09
ChIJ76yd4PqN9T4RT_pz84cqTSc,Kyoto beauty center,Sharjah-Kalba Rd - opposite to alsuyoh subrb - Siyouh Suburb - Al Tay West - Sharjah - United Arab Emirates,25.229381999999998,55.587872700000005,4,77,OPERATIONAL,beauty_salon,moderate,1,400,False,,,2026-10-09
ChIJTZTQFxSN9T4RFUp9w2jfK-I,Antalia Saloon,6HXP+JJ5 - Siyouh Suburb - Al Riqaibah - Sharjah - United Arab Emirates,25.2496832,55.5867363,4.4,119,OPERATIONAL,hair_salon,moderate,1,100,False,,,2026-10-09
ChIJ2RL5MQCN9T4R_wmSIumNtok,Doc Barnet,Sharjah - Siyouh Suburb - Al Riqaibah - Sharjah - United Arab Emirates,25.247000399999997,55.590630499999996,3.9,55,OPERATIONAL,barber_shop,,,,False,,men-only,2026-10-09
ChIJ7YJ3-ZyN9T4RyUypxiPgxBg,Ruby Salon,6HRR+JJ - Siyouh Suburb - Al Riqaibah - Sharjah - United Arab Emirates,25.2417734,55.591560599999994,3.5,62,OPERATIONAL,hair_salon,,,,False,,,2026-10-09
ChIJ-9U1SgCN9T4R1oahL0Nqag4,Noor Al Telal Beauty salon & Spa,Community Centre - city Naseem Residency - ضاحية السيوح - تلال - إمارة الشارقةّ - United Arab Emirates,25.2596758,55.583442899999994,4.5,43,OPERATIONAL,beauty_salon,,,,False,,,2026-10-09
ChIJ9WQFUwCN9T4RKbcVBqqQwY4,صالون باب الميزان للحلاقه,7H2M+Q6 - Siyouh Suburb - Al Riqaibah - Sharjah - United Arab Emirates,25.2519107,55.583086099999996,4.3,11,OPERATIONAL,barber_shop,,,,False,,men-only,2026-10-09
ChIJFza0sUSN9T4R9VkUrOE_-_8,صالون دار الصبايا للتجميل,6HRR+JJ - Siyouh Suburb - Al Riqaibah - Sharjah - United Arab Emirates,25.2415706,55.591306499999995,3.7,59,OPERATIONAL,beauty_salon,,,,False,,,2026-10-09
ChIJCbs-ReiN9T4R2-KPg-a39eQ,Al Fares Gents Salon,"Naseem Residency, Community Centre - Shop No# 06 - Tilal City - Siyouh Suburb - Tilal - Sharjah - United Arab Emirates",25.259556699999997,55.583182699999995,4.3,48,OPERATIONAL,hair_salon,moderate,1,100,False,,men-only,2026-10-09
ChIJfQ1mocqN9T4Rl2spuxToQpA,صالون شباب السيوح - فرع1,7H3M+3W8 - Siyouh Suburb - Al Riqaibah - Sharjah - United Arab Emirates,25.2526875,55.5848125,4.4,7,OPERATIONAL,hair_salon,,,,False,,,2026-10-09
ChIJ9-IWPoiN9T4R6de-rc_gHHo,Home A33,Home A33 - Siyouh Suburb - Al Riqaibah - Sharjah - United Arab Emirates,25.2424435,55.5890353,,,OPERATIONAL,hair_care,,,,False,,,2026-10-09
ChIJFe0-IwCN9T4RY6yvgi6nmR4,Beauty face ladies saloon,Siyouh Suburb - Al Riqaibah - Sharjah - United Arab Emirates,25.247175600000002,55.594268,4.7,40,OPERATIONAL,beauty_salon,moderate,1,300,False,,,2026-10-09
ChIJp0FwTQCN9T4RFLtTXBypkks,Shabab Al Seyouh Hairdressing Saloon,Siyouh Suburb - Al Riqaibah - Sharjah - United Arab Emirates,25.252693299999997,55.584809799999995,,,OPERATIONAL,hair_salon,,,,False,,,2026-10-09
ChIJaYFyDCKN9T4R82fsl1k7fGs,Masar Al Seyouh Gents Salon,Siyouh Suburb - Al Riqaibah - Sharjah - United Arab Emirates,25.253765299999998,55.5851221,4.7,15,OPERATIONAL,barber_shop,inexpensive,1,60,False,,men-only,2026-10-09
ChIJE5SpO22L9T4RmawTWJ9Jq4E,Al Suroor Beauty Salon,Tilal City - Siyouh Suburb - Al Riqaibah - Sharjah - United Arab Emirates,25.2480647,55.5733873,4.9,21,OPERATIONAL,beauty_salon,moderate,100,300,False,,,2026-10-09
ChIJS2gsT8WN9T4RWgyZt9EsrLU,Elive Glow Ladies Salon - Sharjah Branch,Naseem Residency - Community Centre - Siyouh Suburb - Tilal - Sharjah - United Arab Emirates,25.259715,55.583480099999996,3.8,19,OPERATIONAL,beauty_salon,moderate,100,300,False,,,2026-10-09
ChIJBdkZAgC99T4Rr1PimT6YonA,Zahrat weshah hairdressing Salon,6WR2+VWM - Weshah 1 - Sharjah - United Arab Emirates,25.2421625,55.902046899999995,5,2,OPERATIONAL,hair_salon,,,,False,,,2026-10-09
ChIJEzrgOcRdXz4R561Fb5N9u4k,Immortal Ladies Beauty Center,54 22C St - Al Muteena - Deira - Dubai - United Arab Emirates,25.2729076,55.327805,3.9,61,OPERATIONAL,beauty_salon,,,,False,,,2026-10-09
ChIJpUt9g0FdXz4RyuGJqPnJ3pc,صالون شروق ديره فندق نايت أرمور طابق الأول,Grand Mayfair Hotel - 1st Floor - 25 42A St - Al Muraqqabat - Deira - Dubai - United Arab Emirates,25.2606677,55.322855499999996,4.5,740,OPERATIONAL,beauty_salon,moderate,1,300,False,,,2026-10-09
ChIJDXnxMiFdXz4RQDkdOXMt4Vc,Vedi,28 12B St - Al Muraqqabat - Deira - Dubai - United Arab Emirates,25.268928199999998,55.322565499999996,4.2,41,OPERATIONAL,nail_salon,,,,False,,,2026-10-09
ChIJDY4-VABdXz4R8osfXZ1-8T8,صالون مي الديب للسيدات,7879+3QG - Al Muraqqabat - Deira - Dubai - United Arab Emirates,25.262676499999998,55.3194589,3.2,270,OPERATIONAL,beauty_salon,,,,False,,,2026-10-09
ChIJCy6OCc9cXz4RpTHuHbxxLh8,Diva Gents Salon,"G Floor,Al Hawari Building,Al Rigga Road,Deira,NEar Al Rigga Metro Station - Al Hawai Building - 304 Third Floor - Al Muraqqabat - Al Rigga - Dubai - United Arab Emirates",25.264015699999998,55.3236269,4.2,1093,OPERATIONAL,hair_salon,,,,False,,men-only,2026-10-09
ChIJh9g_XEddXz4RKQAs10kQ0p8,Diffany Star Hair Fixing Centre 蒂凡尼之星美容美发养生,3rd - Tower - 2 Al Rigga Rd - Al Muraqqabat - Deira - Dubai - United Arab Emirates,25.2670569,55.317554799999996,4.5,1110,OPERATIONAL,beauty_salon,expensive,1,500,False,,,2026-10-09
ChIJcXq0KXFdXz4RaF00PwCjsUY,"Pinky z Salon Al-Rigga , DUBAI",Al Rigga Rd - ديرة - Deira - Dubai - United Arab Emirates,25.2648634,55.318841799999994,4.6,1504,OPERATIONAL,beauty_salon,moderate,100,300,False,,,2026-10-09
ChIJv9tXBYddXz4R_wce6BkpdWY,Mirrors Beauty Lounge - Muraqabat,"Dominos Pizza Building, Buhaleeba plaza - M02 - Al Muraqqabat - Deira - Dubai - United Arab Emirates",25.2647424,55.3290632,4.3,781,OPERATIONAL,beauty_salon,expensive,100,500,False,,,2026-10-09
ChIJV9iI78RcXz4R4iPapctwIGc,First Medical Center - Muraqabat,"Level 7, Bu Haleeba Plaza - Al Muraqqabat Street - Al Muraqqabat - Deira - Dubai - United Arab Emirates",25.2646049,55.3288838,4.7,2582,OPERATIONAL,medical_clinic,,,,False,,not-a-salon,2026-10-09
ChIJ-YIfJNJDXz4R4jONMChgek8,hollywood ladies salon al rigga branch,"M floor, Al Hawai Building - Al Rigga Rd - Al Muraqqabat - Deira - Dubai - United Arab Emirates",25.263902599999998,55.3235277,4.7,1875,OPERATIONAL,beauty_salon,expensive,1,500,False,,,2026-10-09
ChIJwysPorBcXz4RVl92CibxB2c,Rachna Salon,Villa 14 D - شارع الرشيد - البراحة - ديرة - دبي - United Arab Emirates,25.2783837,55.3248156,3.9,150,OPERATIONAL,beauty_salon,,,,False,,,2026-10-09
ChIJwa3qsYBdXz4RK86NSMW3ub0,Desert Wave Ladies Salon Dubai,26 26B St - Al Muraqqabat - Deira - Dubai - United Arab Emirates,25.2656194,55.320862999999996,4.5,573,OPERATIONAL,beauty_salon,moderate,1,200,False,,,2026-10-09
ChIJoZabF25dXz4R4nH6kE69fG8,HALO Beauty,162 Abu Baker Al Siddique St - Al Muraqqabat - Deira - Dubai - United Arab Emirates,25.2604637,55.327224699999995,4.8,407,OPERATIONAL,beauty_salon,expensive,1,600,False,,,2026-10-09
ChIJu5UUt_FdXz4RrKREpX9XUAA,Diffany Super Hair Fixing Center - Al Muraqqabat,Pasons Hypermarket - 2nd Floor - Al Muraqqabat - Al Rigga - Dubai - United Arab Emirates,25.2673961,55.3218739,4.7,548,OPERATIONAL,beauty_salon,moderate,1,400,False,,,2026-10-09
ChIJBb2DkUxdXz4Re1MH93ktLeg,Karkafi Hair Extension Deira Muraqqabat قرقفي للشعر المستعار (اكستنشن)مراقبات ديرة,138 Abu Baker Al Siddique St - Port Saeed - Deira - Dubai - United Arab Emirates,25.263725200000003,55.329704199999995,4.3,149,OPERATIONAL,hair_care,,,,False,,,2026-10-09
ChIJ-SAM485cXz4RfEM1CojmEks,Shi Beauty Lounge,"M-2, Saraya Plaza - 43 Al Rigga Rd - Al Muraqqabat - Deira - Dubai - United Arab Emirates",25.261144899999998,55.3270969,4.3,714,OPERATIONAL,beauty_salon,moderate,1,400,False,,,2026-10-09
ChIJF_6s24ddXz4RArh7t0rhCgs,Sibs Style Beauty Lounge L.L.C.,Salah Al Din St - Al Hashar Building - Office no 301 - Main Road - next to Crown Plaza Hotel - Muteena - المطينة - ديرة - دبي - United Arab Emirates,25.2705195,55.3260523,4.8,137,OPERATIONAL,beauty_salon,,,,False,,,2026-10-09
ChIJqb6nqc9dXz4RpN9XVwjj_so,مخرج رقم ٢ محطة مترو صلاح الدين,78CF+22P - 2 28C St - Al Muteena - Deira - Dubai - United Arab Emirates,25.270486599999998,55.320611199999995,4.7,19,OPERATIONAL,beauty_salon,,,,False,,,2026-10-09
ChIJBTSuWQBDXz4RhTulWXAgOTY,Al riga dubai near metro station,7897+25Q - Al Rigga - Dubai - United Arab Emirates,25.267597199999997,55.3129983,4.8,22,CLOSED_TEMPORARILY,beauty_salon,,,,False,,not-operational,2026-10-09
ChIJd5uwaS9dXz4Rxxx0z4wKAZM,BROWS AND MORE SALON,"Flat #401, Al Zarooni - Al Rigga Rd - above Westzone Supermarket - Al Muraqqabat - Deira - Dubai - United Arab Emirates",25.2645622,55.321985,4.8,908,OPERATIONAL,beauty_salon,expensive,100,500,False,,,2026-10-09
ChIJ0-eEY7VdXz4R2MwIjjEkDTA,CARE SECRETS THERAPY CENTER | Best Beauty Centre For Women In Dubai | Hair Treatment Dubai | Skin Care Services in Dubai,Terminal 2 - 127 Al Ittihad Rd - opposite Dubai Airport - Al Khabaisi - Deira - Dubai - United Arab Emirates,25.270745899999998,55.3436247,4.6,1025,OPERATIONAL,beautician,,,,False,,,2026-10-09
ChIJ10YA6zRdXz4RYFVmTR_FCkc,Mirrors Beauty Lounge- Al Bustan Centre,"Al Bustan Centre & Residence Al Nahda Road, Qusais, 20107 - القصيص - دبي - United Arab Emirates",25.274804099999997,55.3673228,4.4,803,OPERATIONAL,beauty_salon,very_expensive,200,500,False,,,2026-10-09
ChIJbQte075dXz4RBMUk5rEgl1s,First Medical Center - Qiyadah,Al Mamzar Centre - opposite Al Qiyadah Metro Station - Hor Al Anz East - Deira - Dubai - United Arab Emirates,25.279982999999998,55.35367,4.8,2108,OPERATIONAL,medical_clinic,,,,False,,not-a-salon,2026-10-09
ChIJyaBr37ZdXz4RogkYWeRtKvA,Collab Hair & Makeup Studio,JSCOM Grand Towers - Shop-12 - Metro Station - near Al Qiyadah - Abu Hail - Deira - Dubai - United Arab Emirates,25.2760757,55.3486042,4.7,450,OPERATIONAL,beauty_salon,,,,False,,,2026-10-09
ChIJ0f6-n41cXz4R2jGu4BE8A6o,صالون مثير للرجال,Abu Hail St - Hor Al Anz East - Deira - Dubai - United Arab Emirates,25.281116599999997,55.3493449,4.3,68,OPERATIONAL,beauty_salon,,,,False,,men-only,2026-10-09
ChIJudtsyI1cXz4RrSkRkc1RisQ,"صالون عروسة النيل للتجميل صالون نسائي,Aroosat Alneel ladies beauty salon",20th St - Hor Al Anz East - Deira - Dubai - United Arab Emirates,25.2820097,55.3492988,4,131,OPERATIONAL,beauty_salon,,,,False,,,2026-10-09
ChIJX4a5jsxdXz4Ri8P_x9vtfME,Seventy 7 barber salon,20 - هور العنز شرق - ديرة - دبي - United Arab Emirates,25.2798271,55.3470867,4.3,59,OPERATIONAL,barber_shop,moderate,40,80,False,,men-only,2026-10-09
ChIJ8ctH3RNdXz4Rxs6StJZWoGo,صالون اورنامينت للنساء Ornament Women Salon,Al Mamzar Centre ابوهيل الممزر سنتر داخل المول طابق m - هور العنز شرق - ديرة - دبي - United Arab Emirates,25.279982999999998,55.35367,4.5,123,OPERATIONAL,nail_salon,,,,False,,,2026-10-09
ChIJp4hUH41cXz4RcsIB_AEpdjk,Al Marfa Star Ladies Salon,Dubai - Hor Al Anz East - Deira - Dubai - United Arab Emirates,25.2792369,55.349943499999995,4.1,160,OPERATIONAL,beauty_salon,,,,False,,,2026-10-09
ChIJJTX4t7ldXz4RS1cyrHBIlYY,Beauty & Sense Ladies Salon,54 St - Al Mamzar - Deira - Dubai - United Arab Emirates,25.284428499999997,55.355491099999995,4.7,596,OPERATIONAL,beauty_salon,,,,False,,,2026-10-09
ChIJYQ-sbo1cXz4R5xv1RiFNEdg,VIP Gents Salon,22A St - Hor Al Anz East - Deira - Dubai - United Arab Emirates,25.2800051,55.3488557,4.7,312,OPERATIONAL,barber_shop,moderate,80,120,False,,men-only,2026-10-09
ChIJXegPKwBdXz4RBK8FobLCP-Q,Sun Beauty Salon Dubai,144 Al Wuheida St - Hor Al Anz East - Deira - Dubai - United Arab Emirates,25.281632899999998,55.3543403,4.4,106,OPERATIONAL,beauty_salon,,,,False,,,2026-10-09
ChIJKV3--o5dXz4Robu3RXb1B8w,Alf Lielah Wa Lielah Beauty Center 1001 Night Beauty Center,Abu Hail - Abu Hail - Deira - Dubai - United Arab Emirates,25.278755699999998,55.3479944,4.6,233,OPERATIONAL,beauty_salon,very_expensive,200,700,False,,,2026-10-09
ChIJ_f5-HqVdXz4RQB1gVNNQ1Zc,Florence Gents salon صالون فلورنسا للرجال,Al Doha St - Hor Al Anz East - Deira - Dubai - United Arab Emirates,25.2801108,55.3506293,4.8,72,OPERATIONAL,barber_shop,inexpensive,20,60,False,,men-only,2026-10-09
ChIJlzwURSxdXz4RUcqrhz8CyaU,Croppers Gents & Kids Salon - Qusais [Branch],Shop #4 - Building - Masaken Wasl - القصيص - دبي - United Arab Emirates,25.275713999999997,55.3656322,4.3,258,OPERATIONAL,barber_shop,,,,False,,men-only,2026-10-09
ChIJqext-3hdXz4RhbMMRLiQROA,صالون غالي للرجال GHALY GENTS SALON,Dubai abohail، Al Mamzar Centre - Hor Al Anz East - Deira - Dubai - United Arab Emirates,25.279982999999998,55.35367,4.3,72,OPERATIONAL,hair_salon,moderate,100,200,False,,men-only,2026-10-09
ChIJG8WbD41cXz4RSmGe0_clYns,Al Hadaf Gents Saloon,Al Murad Building - S134 شارع معاذ - Hor Al Anz East - Deira - Ajman - United Arab Emirates,25.2822405,55.3494166,4.7,37,OPERATIONAL,barber_shop,,,,False,,men-only,2026-10-09
ChIJKY9fpY1cXz4Ru4UbvkPkRtQ,2002 Gents Saloon,20th St - Hor Al Anz East - Deira - Dubai - United Arab Emirates,25.2817202,55.349282599999995,3.9,40,OPERATIONAL,beauty_salon,,,,False,,men-only,2026-10-09
ChIJhVVL3PJcXz4REhRyMbtoOoQ,صالون شمس بغداد - Shams Baghdad Saloon,Dubai - Hor Al Anz East - Deira - Dubai - United Arab Emirates,25.2772884,55.349877899999996,4.8,125,OPERATIONAL,hair_salon,moderate,1,150,False,,,2026-10-09
ChIJD1oLY2xdXz4RErCOzpAMJiY,Liwa Gents Saloon,Dar Al Aman Building No. 24 - 20th St - Hor Al Anz East - Deira - Dubai - United Arab Emirates,25.2814519,55.350037099999994,2.9,8,OPERATIONAL,barber_shop,,,,False,,men-only,2026-10-09
ChIJCSQ0Twy_9T4RZR4bIQ44nKs,صالون اميمه ستيتو للسيدات,جبل عمر - Al Dhaid - Sharjah - United Arab Emirates,25.2801214,55.861069099999995,5,1,OPERATIONAL,beauty_salon,,,,False,,,2026-10-09
ChIJe7Z1hRq-9T4R0xQgIE4nH2k,صالون المقص السحري للحلاقة,Al Dhaid - Sharjah - United Arab Emirates,25.280152599999997,55.8573079,4,1,OPERATIONAL,barber_shop,,,,False,,men-only,2026-10-09
ChIJ5_o6Ld-_9T4RzQpc2QHQ7vc,Rukn Jumaira Saloon,Al Dhaid - حي جبل عمر - الشارقة - United Arab Emirates,25.280230399999997,55.858163999999995,5,1,OPERATIONAL,beauty_salon,,,,False,,,2026-10-09
ChIJA_LEShC-9T4Rt-QYG3WoGmI,صالون النواصي للحلاقة,Al Dhaid - Sharjah - United Arab Emirates,25.280340100000004,55.8606555,,,OPERATIONAL,barber_shop,,,,False,,men-only,2026-10-09
ChIJz9WR0Gy99T4RN1_Ld2PEuQ8,Salon afterglow صالون افترقلو,7V9P+P92 - Unnamed Road - Al Dhaid - Sharjah - United Arab Emirates,25.2692584,55.885903199999994,3.9,87,OPERATIONAL,beauty_salon,,,,False,,,2026-10-09
ChIJMQi1vRi99T4Rt1KSPb7E2Us,RMA Beauty Center,Al Dhaid - Al Taiba 1 - Sharjah - United Arab Emirates,25.2683721,55.8809694,4.5,73,OPERATIONAL,beauty_salon,expensive,100,500,False,,,2026-10-09
ChIJEZ_F9HC-9T4Rb2w9E59tA8g,Masters Gents Center,55 E 55 - الثمامة - إمارة الشارقةّ - United Arab Emirates,25.2807574,55.8786239,3.9,52,OPERATIONAL,barber_shop,,,,False,,men-only,2026-10-09
ChIJp7ITHWe_9T4RZk5F552f40E,صالون حديقة الجمال للعناية بالآظافر,الشارقة - الذيد - بعد الاشارة يمين - الطيبة 1 - إمارة الشارقةّ - United Arab Emirates,25.2756689,55.8759411,4.2,53,OPERATIONAL,beauty_salon,moderate,1,200,False,,,2026-10-09
ChIJu7GML-y99T4RjOwiyIcDxJo,صالون الشرق,7VCG+W9G - Al Taiba 1 - Sharjah - United Arab Emirates,25.2723133,55.875940099999994,3.7,18,OPERATIONAL,barber_shop,,,,False,,men-only,2026-10-09
ChIJ5-5KiSG_9T4RVHvHNrMYGJI,Albaz salon,Al Taiba 2 - Sharjah - United Arab Emirates,25.273754099999998,55.8767716,4.7,56,OPERATIONAL,barber_shop,,,,False,,men-only,2026-10-09
ChIJZ0rzjHa-9T4RbQG87RAC41k,صالون غلا الريم للسيدات,Al Taiba 1 - Sharjah - United Arab Emirates,25.2756653,55.875941499999996,3.8,40,OPERATIONAL,beauty_salon,,,,False,,,2026-10-09
ChIJ3QW4GCu99T4RAEmJVJTOTuw,Specialist Care,E55 - Al Taiba 2 - Sharjah - United Arab Emirates,25.270826399999997,55.8878304,3.8,31,OPERATIONAL,hair_salon,,,,False,,,2026-10-09
ChIJB9-YnH-_9T4RNTeL4AqcWss,صالون الرحيق للسيدات,7VHG+JW6 - E55 - Hay Al Sharee'ah - Sharjah - United Arab Emirates,25.2790257,55.877280199999994,4.1,32,OPERATIONAL,beauty_salon,,,,False,,,2026-10-09
ChIJT6MVg0699T4Rkh_TIHxV7c4,Alkhoud beauty center,Al Dhaid - Sharjah - United Arab Emirates,25.2697763,55.8795326,4.5,18,OPERATIONAL,beauty_salon,,,,False,,,2026-10-09
ChIJZYy4h3O_9T4RqJ6_0ihPxDI,Zahrat Al dhaid beauty centre,park - Al Dhaid-Falaj Al Mua'lla Rd - Al Hisn - Sharjah - United Arab Emirates,25.2811618,55.8779129,4.7,15,OPERATIONAL,beauty_salon,,,,False,,,2026-10-09
ChIJxRDuz5y99T4RqU1BsJvUDKA,صالون نقطة الحناء للسيدات,سلطان محمد هويدن - شارع الشهيد - Al Taiba 1 - Sharjah - United Arab Emirates,25.2716009,55.8758808,5,3,OPERATIONAL,beauty_salon,,,,False,,,2026-10-09
ChIJFXblVAi99T4R-KiQuLaJ73s,صالون الرمان للحلاقة,Al Taiba 1 - Sharjah - United Arab Emirates,25.270914599999998,55.8767942,5,1,OPERATIONAL,beauty_salon,,,,False,,men-only,2026-10-09
ChIJS-PZu2W99T4RRxVFbN2igkY,صالون قصر الذيد للحلاقة / Qasar Al Dhaid Hairdressing SALOON,7V9P+9GF - Al Dhaid - Maleha Rd - الطيبة 2 - إمارة الشارقةّ - United Arab Emirates,25.268366999999998,55.8862981,5,2,OPERATIONAL,hair_salon,,,,False,,men-only,2026-10-09
ChIJ_00EGdy_9T4Rw649fot7SE4,Samaya beauty center,موقف انتظار باصات الجامعات - E 55 - Al Thamamah - Sharjah - United Arab Emirates,25.2797657,55.8797693,2.7,7,OPERATIONAL,beauty_salon,,,,False,,,2026-10-09
ChIJoYCDZgC_9T4RQlPh_uF_hxE,صالون الفارس الذيد للحلاقة,Al Thamamah - Sharjah - United Arab Emirates,25.280798299999997,55.8812499,,,OPERATIONAL,barber_shop,,,,False,,men-only,2026-10-09
ChIJ_VN4Sgm99T4RS_gfyJA1KFs,SaimaAslam beauty salon,7v9Q+p2 Al Dhaid - Sharjah - United Arab Emirates - الذيد - الشارقة - United Arab Emirates,25.269312499999998,55.887562499999994,5,5,OPERATIONAL,beauty_salon,,,,False,,,2026-10-09
ChIJjwzQ1pK_9T4Ra1q9i6SKyEM,Seema beauty Center Service,7VHJ+VHW - Al Thamamah - Sharjah - United Arab Emirates,25.2797375,55.881453099999995,5,1,OPERATIONAL,beauty_salon,,,,False,,,2026-10-09
ChIJDfCnKoW_9T4RoAkVdaLp8MM,Al dhaid hairdressing saloon,E55 - الثمامة - إمارة الشارقةّ - United Arab Emirates,25.277306799999998,55.8776383,5,2,OPERATIONAL,barber_shop,,,,False,,men-only,2026-10-09
ChIJE-hbFdG99T4RlhQPymgws7o,Luzern beauty center,Al Dhaid - Sharjah - United Arab Emirates,25.270149099999998,55.8891218,4.1,49,OPERATIONAL,beauty_salon,,,,False,,,2026-10-09
ChIJX6dsqg5R9D4R-3Z6uCoCX8E,24thfevrier beauty center & spa,Mirbih - Fujairah - United Arab Emirates,25.2816816,56.3570097,4.6,22,OPERATIONAL,nail_salon,,,,False,,,2026-10-09
ChIJoxBZg2BQ9D4RaqiOATHJ0No,Vitoria Beauty Saloon,Mirbih - Fujairah - United Arab Emirates,25.276497199999998,56.3603769,3.8,30,OPERATIONAL,beauty_salon,,,,False,,,2026-10-09
ChIJkbaDnGBQ9D4R6xMjIpyWoHA,Hor Al Alin Ladies Center,79G6+J5C - Mirbih - Fujairah - United Arab Emirates,25.276553,56.360380899999996,2.9,22,OPERATIONAL,beauty_salon,,,,False,,,2026-10-09
ChIJh-xcZABR9D4RHDn2xL27Hcs,صالون اللمسة الرقيقة,7996+X4R - Murbah St - Mirbih - Fujairah - United Arab Emirates,25.269991299999997,56.360015800000006,4,10,OPERATIONAL,beauty_salon,,,,False,,,2026-10-09
ChIJzStqaWdQ9D4R0jPx7SQpHP0,KHADEEGA LADIES SALON,79J6+2CM - Rughaylat Rd - Mirbih - Fujairah - United Arab Emirates,25.2800776,56.36105500000001,3.4,8,OPERATIONAL,beauty_salon,,,,False,,,2026-10-09
ChIJR0nY1K9R9D4RZovKKOWJMrw,Lamiya beauty saloon,Mirbha - near Al Mubarak supermarket - مِرْبِحْ - إمارة الفجيرة - United Arab Emirates,25.271072999999998,56.3589153,4.8,24,OPERATIONAL,beauty_salon,,,,False,,,2026-10-09
ChIJS4k12YpQ9D4R0C6XWBPmDlM,صالون عثمان للرجال,Mirbih - Fujairah - United Arab Emirates,25.270969299999997,56.361077900000005,5,3,OPERATIONAL,barber_shop,,,,False,,men-only,2026-10-09
ChIJv3riXwBR9D4RAHpGkY_Vj54,صالون لمسة انفال للتجميل,7965+WRJ - قِراطْ - منطقة قراط - إمارة الفجيرة - United Arab Emirates,25.2623444,56.3592659,5,3,OPERATIONAL,beauty_salon,,,,False,,,2026-10-09
ChIJQbe9ptFR9D4R7HucUSW3XVw,صالون سلة ورد,7996+RCQ - شارع مربح - Mirbih - Fujairah - United Arab Emirates,25.269584299999998,56.3610948,5,2,OPERATIONAL,beauty_salon,,,,False,,,2026-10-09
ChIJC3PknUVQ9D4RImhcMc-OEFQ,SALOON SAFEYAH,78MX+CXC - Qidfiʻ - Fujairah - United Arab Emirates,25.2835552,56.3498813,4.2,5,OPERATIONAL,barber_shop,,,,False,,men-only,2026-10-09
ChIJJe7FFn5R9D4RV2rXg4AJ-5E,Beauty Tips,Murbah Clinic St - behind Murbeh - Mirbih - Fujairah - United Arab Emirates,25.276801199999998,56.360417899999995,3.9,15,OPERATIONAL,beauty_salon,,,,False,,,2026-10-09
ChIJN2_73stR9D4R-mktyClPHNs,اكدال للخلاقة,79M2+CPV - شارع مربح - Qidfiʻ - Fujairah - United Arab Emirates,25.2836102,56.3517831,3.7,3,OPERATIONAL,barber_shop,,,,False,,men-only,2026-10-09
ChIJv0TtNwBR9D4Rmj-HEu7kc2E,Al minshar saloon,79C6+8QM - Mirbih - Fujairah - United Arab Emirates,25.270782099999998,56.362019499999995,,,OPERATIONAL,hair_salon,,,,False,,,2026-10-09
ChIJlXRhRQBR9D4Re3LOpm68X_E,Maroo saloon,Saloon maroo - Mirbih - Fujairah - United Arab Emirates,25.2700521,56.3598096,4.4,8,OPERATIONAL,barber_shop,,,,False,,men-only,2026-10-09
ChIJFakXfwBR9D4R7wN3zlEehOM,صالون فوغو للحلاقة,79J6+2CP - Mirbih - Fujairah - United Arab Emirates,25.2800843,56.3610877,,,OPERATIONAL,barber_shop,,,,False,,men-only,2026-10-09
ChIJ97tuQQBR9D4RcU_SeSe5sG4,Lama Al Mashaheer,7996+HQ2 - Mirbih - Fujairah - United Arab Emirates,25.2689277,56.361847,5,1,OPERATIONAL,barber_shop,,,,False,,men-only,2026-10-09
ChIJ8QlFskRQ9D4RnlIK4ZeukY0,Saloon Rooh Alsaadah,Mirbih - Fujairah - United Arab Emirates,25.2820678,56.353626500000004,5,3,OPERATIONAL,barber_shop,,,,False,,men-only,2026-10-09
ChIJcQOpO2BQ9D4RVCAE-KlDH80,Al Naeem Saloon,79F6+PQX - Mirbih - Fujairah - United Arab Emirates,25.2743742,56.3619699,3.8,4,OPERATIONAL,barber_shop,,,,False,,men-only,2026-10-09
ChIJzx5IJGBQ9D4Rel--mUibzRc,SAUD GENTS SALOON,79F6+HQQ - Mirbih - Fujairah - United Arab Emirates,25.2739567,56.3619834,3.3,10,OPERATIONAL,barber_shop,,,,False,,men-only,2026-10-09
ChIJy7zHUgBR9D4R50fId4U7viM,صالون سحر القمر,79J4+MMQ - Mirbih - Fujairah - United Arab Emirates,25.2816944,56.3573056,,,OPERATIONAL,hair_salon,,,,False,,,2026-10-09
ChIJdxD0W9ZdXz4Rqdgdp6RlSsk,Candy Moon Salon,Villa 250b - 250 Al Khaleej St - Abu Hail - Deira - Dubai - United Arab Emirates,25.2880342,55.322938,4.9,24,OPERATIONAL,beauty_salon,,,,False,,,2026-10-09
ChIJzzqTZoFdXz4RWl_Yaz50pcQ,Rehan place,1 3rd St - Al Baraha - Deira - Dubai - United Arab Emirates,25.279276,55.315059999999995,5,2,OPERATIONAL,beauty_salon,,,,False,,,2026-10-09
ChIJryyWFiRDXz4RZUzwWFKFy7g,Hellen The Beautician,building 4 Street 8 - Al Baraha - Deira - Dubai - United Arab Emirates,25.2802583,55.313622599999995,4,4,OPERATIONAL,beauty_salon,,,,False,,,2026-10-09
ChIJKYtv291DXz4Ref9-qswte-k,صالون الأمير السوداني,61 6th St - Al Murar - Dubai - United Arab Emirates,25.278286299999998,55.3099184,4.9,41,OPERATIONAL,hair_salon,,,,False,,,2026-10-09
ChIJXURTRtpdXz4RXQE5MQDE5jA,Senami Ladies Salon,Hamadan building - 3 3rd St - Al Baraha - Al Murar - Dubai - United Arab Emirates,25.279733800000002,55.3146634,5,1,OPERATIONAL,hair_salon,,,,False,,,2026-10-09
ChIJCY48f2RDXz4RFjRsaHFYYkk,Majid Saloon,Deira Farij - 6 Al Murar - Dubai - United Arab Emirates,25.278251899999997,55.310527099999995,4.9,17,OPERATIONAL,barber_shop,,,,False,,men-only,2026-10-09
ChIJdW14X4NDXz4RfeSPjBt6zio,Kaneen King Style Salon- صالون كنين للرجال,5 31a St - Al Murar - Dubai - United Arab Emirates,25.2785655,55.3100856,4.7,6,OPERATIONAL,barber_shop,,,,False,,men-only,2026-10-09
ChIJbcrwNQBDXz4RKXT8Kz8N5Qk,صالون النجوم السبعة الرجالي,5 37a St - Al Murar - Dubai - United Arab Emirates,25.277888899999997,55.311138899999996,4.2,11,OPERATIONAL,hair_salon,,,,False,,men-only,2026-10-09
ChIJebvnubJcXz4Rtduowmub_xQ,Al Ons Gents Salon,78H7+HP4 - Omar Bin Al Khattab St - Al Baraha - Deira - Dubai - United Arab Emirates,25.2788936,55.3143357,1,1,OPERATIONAL,hair_salon,,,,False,,men-only,2026-10-09
ChIJv69zWLldXz4RLEerAw8CNaU,Al Baraha Star Guest Saloon,14 7 A St - Al Baraha - Deira - Dubai - United Arab Emirates,25.2795909,55.316179899999995,4.8,4,OPERATIONAL,hair_salon,,,,False,,,2026-10-09
ChIJpdsW-iZdXz4RKVGzVqrUbYs,Al Siraj Gents Saloon,12 7th A St - Al Baraha - Deira - Dubai - United Arab Emirates,25.2796336,55.316142199999994,5,2,OPERATIONAL,hair_salon,,,,False,,men-only,2026-10-09
ChIJ9aZfR-BdXz4RxVneMRl4sug,New Al rumaithia salon,78J7+HRC - Al Baraha - Deira - Dubai - United Arab Emirates,25.2814411,55.3145069,5,3,OPERATIONAL,hair_salon,,,,False,,,2026-10-09
ChIJpYIiJOxdXz4RAZbkq8XEIM8,صالون المحترف,Al Murar - Deira - Dubai - United Arab Emirates,25.278065500000004,55.3110716,4.7,3,OPERATIONAL,barber_shop,,,,False,,men-only,2026-10-09
ChIJ5cQON2RdXz4RO1wvbNMjPp8,Memories Salon And Spa,Hyatt Regency Dubai - Al Khaleej St - Al Corniche - Deira - Dubai - United Arab Emirates,25.2788987,55.3044613,4.5,44,OPERATIONAL,beauty_salon,,,,False,,,2026-10-09
ChIJC1ubeU1DXz4RxN7loVKa2F8,Zam Zam Ladies Saloon,Street # 6 Omar Bin Al Khattab St - Al Murar - Dubai - United Arab Emirates,25.278529799999998,55.311115900000004,4,48,OPERATIONAL,hair_salon,,,,False,,,2026-10-09
ChIJBX3UocxdXz4RjW-Dk5jchUA,naie,18 Al Hamriya St - Abu Hail - Deira - Dubai - United Arab Emirates,25.2880063,55.324475899999996,5,2,OPERATIONAL,beauty_salon,,,,False,,,2026-10-09
ChIJoydfZftbXz4RU747ITIOjqE,Deel Day Food Stuff,Water Front Market - Deira - Dubai - United Arab Emirates,25.292666,55.3252947,,,OPERATIONAL,beauty_salon,,,,False,,,2026-10-09
ChIJPx42z3pDXz4Rp-KNlMNkXeI,Apple Beauty Salon 2,5 43rd St - Al Murar - Dubai - United Arab Emirates,25.278000100000003,55.311774,4.8,8,OPERATIONAL,beauty_salon,,,,False,,,2026-10-09
ChIJs04GIwBDXz4Rrn5-kTUApQc,Abel Tesfaye Gents Saloon,124 Omar Bin Al Khattab St - Al Murar - Dubai - United Arab Emirates,25.278611899999998,55.312567599999994,4,2,OPERATIONAL,barber_shop,,,,False,,men-only,2026-10-09
ChIJFY8VoVJDXz4R_INU4IeiOEo,Awafi Gents Saloon,6 6th St - Al Baraha - Deira - Dubai - United Arab Emirates,25.279517000000002,55.3132241,4.6,5,OPERATIONAL,hair_salon,,,,False,,men-only,2026-10-09
ChIJIbP53IVcXz4Rka231Vekin4,"Yalla Hair - Hair Patch Fixing & Hair Replacement Centre, Al Mamzar, Dubai","Shop no 8 , Ground Floor, Movenpick Hotel Apartments, Al Mamzar - شارع ٤٤ - الممزر - ديرة - دبي - United Arab Emirates",25.2911934,55.352827299999994,4.9,617,OPERATIONAL,medical_clinic,,,,False,,not-a-salon,2026-10-09
ChIJezuPA75dXz4RipQxILZnm_w,Home Service Salon,"Shop # G2,G3, Dubai International Bowling Center Bldg Al Wuheidah Street, Behind Century Mall - Al Mamzar - الممزر - ديرة - دبي - United Arab Emirates",25.289271,55.3507184,4.7,128,OPERATIONAL,beauty_salon,,,,False,,,2026-10-09
ChIJjQbQHQpdXz4RTr9YoQINsbc,Qaser alanaqa,44th St - Al Mamzar - Deira - Dubai - United Arab Emirates,25.2914669,55.3524171,4.4,79,OPERATIONAL,barber_shop,,,,False,,men-only,2026-10-09
ChIJ518gputdXz4RVX4YX8wqU2A,صالون يدوه,محل رقم 26 - D91 Abu Hail St - Hor Al Anz East - Deira - Dubai - United Arab Emirates,25.282994,55.3416863,3.9,45,OPERATIONAL,beauty_salon,,,,False,,,2026-10-09
ChIJ_XfJgIVcXz4RgFWpiWenWt8,SAbeauti Professional Ladies Salon,44th St - Al Mamzar - Deira - Dubai - United Arab Emirates,25.2891588,55.3508681,4.3,282,OPERATIONAL,beauty_salon,,,,False,,,2026-10-09
ChIJ489gzppcXz4RuvosOpfaSa4,Salon Afrina Beauty & Henna - Century Mall,Century Mall - Level 1 Al Wuheida St - Al Mamzar - Deira - Dubai - United Arab Emirates,25.2894909,55.3477932,4.7,913,OPERATIONAL,beauty_salon,,,,False,,,2026-10-09
ChIJAxtZ2eVdXz4RPVmwm7XhFqw,Glamaura Beauty Salon,Ayka Building - Shop 14 Cairo Rd - Al Mamzar - The Square - Dubai - United Arab Emirates,25.2909746,55.3533414,4.9,137,OPERATIONAL,beauty_salon,very_expensive,100,600,False,,,2026-10-09
ChIJB3AmdwBbXz4Rh1h_lobBe04,HENNA (MEHANDI) DESIGNING,60 Al Hamriya St - Al Wuheida - Deira - Dubai - United Arab Emirates,25.2968519,55.3367393,4.7,3,OPERATIONAL,beauty_salon,,,,False,,,2026-10-09
ChIJ8T1hzpZcXz4RSkIEvxSbIks,Grand Flora Beauty Salon & Spa - Hamriya,Abu Hail St - Hor Al Anz East - Deira - Dubai - United Arab Emirates,25.2833085,55.341225099999996,4,128,OPERATIONAL,beauty_salon,moderate,100,200,False,,,2026-10-09
ChIJn1FBhotcXz4RfDSus5qqx04,Fabiolla Beauty Saloon,"G Floor,Royal House Building - Near ADIB Bank - شارع الوحيدة - هور العنز شرق - ديرة - دبي - United Arab Emirates",25.282700199999997,55.3532671,3.8,119,OPERATIONAL,beauty_salon,,,,False,,,2026-10-09
ChIJr3PpB41cXz4RxdJ-C_-GjwM,Queens Palace Beauty Saloon,Hor Al Anz East - Deira - Dubai - United Arab Emirates,25.281302,55.349326399999995,4.2,45,OPERATIONAL,beauty_salon,,,,False,,,2026-10-09
ChIJHV0FIIZcXz4R1WT7lNfIMMU,SHEIRA BEAUTY & LADIES NAIL SPA,THE SQAURE - Cairo St - Al Mamzar - Deira - Dubai - United Arab Emirates,25.289680999999998,55.3540165,4.4,286,OPERATIONAL,beauty_salon,,,,False,,,2026-10-09
ChIJW2_1DZ9dXz4RYHtz1TTU-OI,Locks by derrick,11 14th St - Abu Hail - Deira - Dubai - United Arab Emirates,25.288557599999997,55.3277307,5,1,OPERATIONAL,hair_salon,,,,False,,,2026-10-09
ChIJc13FmopbXz4RKXdC6JOzpYw,NAJLA'S Chicago Ladies Salon,66 - Hay Al Nahda - Sharjah - United Arab Emirates,25.3076303,55.378754799999996,4.6,286,OPERATIONAL,beauty_salon,moderate,1,200,False,,,2026-10-09
ChIJVVUVdGVcXz4R-pZnAW4_WDg,Quality Fix Gents Salon Mega Mart (ADCOOP),Al Shamshi Building - 54 Amman St - Al Nahda First - Al Nahda - Dubai - United Arab Emirates,25.291862599999998,55.3689646,4.8,1695,OPERATIONAL,barber_shop,moderate,60,140,False,,men-only,2026-10-09
ChIJcVZpHXdcXz4RUUtDCuiiZ4I,Al Jazibiah beauty saloon,Malaka street - Hay Al Nahda - Sharjah - United Arab Emirates,25.3021969,55.372121199999995,4.7,799,OPERATIONAL,beauty_salon,moderate,1,300,False,,,2026-10-09
ChIJQe1TwDZdXz4RYL3wRl01F7E,TGT Barbers - The Gentlemen Times Barbers,Bahwan Tower - 5th St - Al Nahda First - Dubai - United Arab Emirates,25.288214399999998,55.361378099999996,4.9,707,OPERATIONAL,barber_shop,moderate,40,100,False,,men-only,2026-10-09
ChIJ2-DlziFbXz4R1KzvzxkN8pE,Trimmers Gents Salon - Al Taawun (Lootah Tower),Al Taawun St - Al Taawun - Sharjah - United Arab Emirates,25.3051346,55.363985199999995,3.6,87,OPERATIONAL,barber_shop,,,,False,,men-only,2026-10-09
ChIJ08PJWvtdXz4RldfPk4H69kw,Smitha's Roses Dew Beauty Lounge Al Nahda,Hay Al Nahda - Al Qusais Industrial Area - Sharjah - United Arab Emirates,25.3026235,55.384294499999996,4.5,689,OPERATIONAL,beauty_salon,expensive,1,500,False,,,2026-10-09
ChIJg4cDMjRdXz4RiaP22w_BIGI,Telal Liwa Salon for Men - Al Nahda Br,62 St - Hay Al Nahda - Sharjah - United Arab Emirates,25.3039854,55.381290899999996,4.6,100,OPERATIONAL,barber_shop,,,,False,,men-only,2026-10-09
ChIJyxheYgtcXz4RUgQieXaDAS8,Groomers Gents Salon (Main Branch),Next to Baqer Mohebi Supermarket - Hay Al Nahda - Sharjah - United Arab Emirates,25.303102799999998,55.3826473,4.9,1554,OPERATIONAL,beauty_salon,moderate,1,200,False,,men-only,2026-10-09
ChIJ9ZQs9XtdXz4R4Bq_Zl8_ymg,Quality Fix Gents Salon(Mai Tower),"Shop#3, Mai Tower - Baghdad Street - Al Nahda First - Dubai - United Arab Emirates",25.2882253,55.3652325,4.9,1102,OPERATIONAL,barber_shop,,,,False,,men-only,2026-10-09
ChIJleR7fXpcXz4RNAVjDi_Yn6A,Al Nahda Beauty Centre,Al Talal Building - النهدة الأولى - النهدة - دبي - United Arab Emirates,25.2967317,55.3689148,4.2,239,OPERATIONAL,beauty_salon,moderate,1,300,False,,,2026-10-09
ChIJx0xRuD5dXz4RdXtR4osHMNI,BeautyLand Ladies Saloon,Al Ahlam Tower - Shop - 1 Samarkand St - Hay Al Nahda - Sharjah - United Arab Emirates,25.305425000000003,55.379840699999995,4.7,88,OPERATIONAL,beauty_salon,,,,False,,,2026-10-09
ChIJZ3WdoGZcXz4RWPpP3QOzZ2M,Riva Laser Medical Center,"No. 09, Ground Floor - Mai Tower - النهدة الأولى - النهدة - دبي - United Arab Emirates",25.2879482,55.3653226,4.5,348,OPERATIONAL,medical_clinic,,,,False,,not-a-salon,2026-10-09
ChIJBeHd9AZdXz4RibHcQe1QwOI,Quality Fix Ladies Salon,Al Nahda First - Al Nahda - Dubai - United Arab Emirates,25.292042199999997,55.371836099999996,4.9,633,OPERATIONAL,beauty_salon,very_expensive,100,600,False,,,2026-10-09
ChIJPTpScGVcXz4RGDcRWO_Dkp8,Streaks Beauty Salon Al Nahda 1,Amman St - Al Nahda First - Al Nahda - Dubai - United Arab Emirates,25.2919849,55.3688595,4.5,659,OPERATIONAL,beauty_salon,moderate,1,200,False,,,2026-10-09
ChIJF5nwlbNbXz4RwjetZlCZn0o,Seven Hundred & Seven Gents Salon,Al Taawun St - Al Mamzar - Sharjah - United Arab Emirates,25.3058591,55.363698899999996,4.7,289,OPERATIONAL,barber_shop,moderate,20,100,False,,men-only,2026-10-09
ChIJW-tc6VNdXz4RGT7nKEofhR0,Barber Society - Gents Salon Al Qusais,1 Shop - 13 Baghdad Street - near Lallumma’s Restaurant - Al Qusais - Dubai - United Arab Emirates,25.2836455,55.3732864,4.8,219,OPERATIONAL,barber_shop,moderate,40,140,False,,men-only,2026-10-09
ChIJh29Ub3RcXz4Rw2VbP8if-6o,mercy ladies salon,Hay Al Nahda - Sharjah - United Arab Emirates,25.3025822,55.3773273,4.8,167,OPERATIONAL,beauty_salon,moderate,1,400,False,,,2026-10-09
ChIJJ4b4XGRcXz4Rhas8CPzCYt8,Tint Saloon,Obaid3 Bldg - Juma Amman - شارع بغداد - النهدة الأولى - النهدة - دبي - United Arab Emirates,25.290228499999998,55.3656893,4.7,276,OPERATIONAL,beauty_salon,moderate,100,400,False,,,2026-10-09
ChIJfT6Ho2ZdXz4RIMpqzAap0kU,"Ashtamudi Ladies Beauty Salon Al Nahda - Best Salon in Al Nahda, Ladies Salon in Al Nahda",behind Baqer mohebi supermarket - Al Nahda First - Al Nahda - Dubai - United Arab Emirates,25.2916581,55.3676591,4.9,1172,OPERATIONAL,beauty_salon,expensive,1,500,False,,,2026-10-09
ChIJ7fwQtL9dXz4RKCl2rhxjae4,Trimmers Gents Salon - Al Nahda (Al Buhaira Towers),892J+4C Al Buhaira Building - Hay Al Nahda - Al Qusais Industrial Area - Sharjah - United Arab Emirates,25.300673399999997,55.3803847,3.7,279,OPERATIONAL,barber_shop,,,,False,,men-only,2026-10-09
ChIJsTRBs-T09T4RupTe-54FKIM,Anwar Al Falah Hairdressing Saloon,7GXR+GW6 - Al Badee Suburb - Falah Residential - Sharjah - United Arab Emirates,25.2987835,55.542270099999996,3.8,37,OPERATIONAL,barber_shop,,,,False,,men-only,2026-10-09
ChIJB36LTAD19T4RLBORuzxntSk,صالون زهرة القرائن للرجال,7GXR+8WP - Al Badee Suburb - Falah Residential - Sharjah - United Arab Emirates,25.298354999999997,55.5423316,1,1,OPERATIONAL,barber_shop,,,,False,,men-only,2026-10-09
ChIJMYZFl77z9T4R0gzSYtweQIc,Mosaic Nail & Beauty Spa - Barashi,Al Badee Suburb - Hay Barashi - Sharjah - United Arab Emirates,25.3032357,55.5863564,4.2,108,OPERATIONAL,beauty_salon,very_expensive,200,500,False,,,2026-10-09
ChIJkVYeI53z9T4R5LTcitNGbR4,حلاق طوي العطين,8H4M+62M - E88 - Al Badee Suburb - Hay Al Atain - Sharjah - United Arab Emirates,25.305576799999997,55.5825363,3.4,12,OPERATIONAL,barber_shop,,,,False,,men-only,2026-10-09
ChIJpa5CSmbz9T4RE41rArpw-Mo,Кошкен дом ‍,Unnamed Road - 8J42+3WJ - Al Sajaa - Sharjah - United Arab Emirates,25.305204,55.602253,1,1,OPERATIONAL,beauty_salon,,,,False,,,2026-10-09
ChIJdSAiVQDz9T4RiIpOBy7Xc34,Al Barashi saloon,30/50 Sharjah Jawazia Street - Al Badee Suburb - Hay Barashi - Sharjah - United Arab Emirates,25.3033011,55.586397299999994,1.6,9,OPERATIONAL,barber_shop,,,,False,,men-only,2026-10-09
ChIJP9ZJETpdXz4R9pYBm6ZcG0o,Classy Henna for women Only Home Service Available,Sharjah Riding Club Rd - Al Badee Suburb - Hay Al Atain - Sharjah - United Arab Emirates,25.302522800000002,55.5766348,3.4,5,OPERATIONAL,beauty_salon,,,,False,,,2026-10-09
ChIJ4SIJ-_Hz9T4RRxT3HVLaEak,Weneya Beauty Center ( Alatin BR ),شارع المطار - Al Badee Suburb - Hay Al Atain - Sharjah - United Arab Emirates,25.3050712,55.583168799999996,4.4,44,OPERATIONAL,beauty_salon,expensive,100,500,False,,,2026-10-09
ChIJpcnaFnr19T4Ruz1_jTMk8_o,Asimat Al Ferousiah Hairdressing Salon - صالون عاصمة الفروسية,In side Sharjah Equestrian and racing Club - Al Rahmania Suburb - Hay Al Atain - Sharjah - United Arab Emirates,25.3025552,55.5755512,5,2,OPERATIONAL,hair_salon,,,,False,,,2026-10-09
ChIJRRjzzInz9T4RgXjczq0RxLM,Dar al bustan,8J49+8CJ - Al Sajaa - Sharjah - United Arab Emirates,25.3058421,55.618503399999994,5,3,OPERATIONAL,hair_salon,,,,False,,,2026-10-09
ChIJFdTTLFLz9T4RusbcNuBwG78,Tariq Hussain Hairdressing SALON,8J3J+3WW - Al Sajaa - Sharjah - United Arab Emirates,25.302738899999998,55.632328699999995,4.9,7,OPERATIONAL,hair_salon,,,,False,,,2026-10-09
ChIJXXVEYADz9T4R-szq6a3finU,صالون نجم الاناقة للرجال,8J37+VG3 - Al Sajaa - Sharjah - United Arab Emirates,25.304645100000002,55.613790599999994,5,1,OPERATIONAL,hair_salon,,,,False,,men-only,2026-10-09
ChIJNfkN3yDz9T4RYfJsHHBa6zA,Fajr Al Madinah Hairdressing Saloon,8J4C+5QJ - Al Sajaa - Sharjah - United Arab Emirates,25.305453,55.621891,4.6,5,OPERATIONAL,hair_salon,,,,False,,,2026-10-09
ChIJn5hYZ5vz9T4Ri3Dte0ILhL4,Maqas and Hajar Gents Saloon,8J2H+XQR - Al Sajaa - Sharjah - United Arab Emirates,25.3024843,55.6294022,5,3,OPERATIONAL,barber_shop,,,,False,,men-only,2026-10-09
ChIJK520WADz9T4R9xYhk-I89rA,Taher saloon,8J2J+HR7 - Al Sajaa - Sharjah - United Arab Emirates,25.301416300000003,55.632059700000006,3.5,2,OPERATIONAL,hair_salon,,,,False,,,2026-10-09
ChIJH1Tn5dvy9T4R2gj3L9CkOMw,Mohd Haneef Hairdressing Saloon,8J4J+875 - Al Sajaa - Sharjah - United Arab Emirates,25.305771300000004,55.6307385,3.6,5,OPERATIONAL,hair_salon,,,,False,,,2026-10-09
ChIJHez14ybz9T4RkSdMVP42m8w,ن ر,Sharjah - Al Sajaa - Sharjah - United Arab Emirates,25.302565500000004,55.6215166,5,1,OPERATIONAL,hair_salon,,,,False,,,2026-10-09
ChIJ_5sWHADz9T4RzCZVxflSvc8,صالون المقص الاول للحلاقة,8J5F+7VH - Al Sajaa - Sharjah - United Arab Emirates,25.308172499999998,55.6247796,2.6,5,OPERATIONAL,hair_salon,,,,False,,men-only,2026-10-09
ChIJWUZwjj_z9T4RbA94TnqkFu8,Saloon Al khatat Hairdressing,Fajr Al Madeena Supermarket - Shop #4 - Al Sajaa - Sharjah - United Arab Emirates,25.3078997,55.6261862,4.8,5,OPERATIONAL,beauty_salon,,,,False,,,2026-10-09
ChIJt57Zwjjz9T4RJ2vSENGu5J4,Qamar hair salon jisshu bhai,8J5G+7G5 - Al Sajaa - Sharjah - United Arab Emirates,25.308143299999998,55.6263741,,,CLOSED_TEMPORARILY,beauty_salon,,,,False,,not-operational,2026-10-09
ChIJVTUGJwDz9T4RD5xZaxThILI,Al Bustan Al Akhdhar Hairdressing Saloon,8J4G+WH8 - Al Sajaa - Sharjah - United Arab Emirates,25.307201100000004,55.6264297,,,OPERATIONAL,barber_shop,,,,False,,men-only,2026-10-09
ChIJJXC81ffz9T4RAd4621vGZnc,Reyah al sajah salon,8J2M+M2J - Al Sajaa - Sharjah - United Arab Emirates,25.301707099999998,55.632517299999996,,,OPERATIONAL,barber_shop,,,,False,,men-only,2026-10-09
ChIJg1SRbADz9T4RhFrlT_YbBo8,صالون سلطان الصجعة للحلاقة,7JVM+FMW - Al Sajaa - Sharjah - United Arab Emirates,25.2937288,55.634195999999996,,,OPERATIONAL,hair_salon,,,,False,,men-only,2026-10-09
ChIJATup8W7z9T4RR8dJ9pCxnQ4,AL JALSAH AL THAHABIAH HAIRDRESSING SALON,Shajja to Dubai Road - Al Sajaa - Sharjah - United Arab Emirates,25.302408399999997,55.625341,5,2,OPERATIONAL,hair_salon,,,,False,,,2026-10-09
ChIJV2xKAQDz9T4R9Ny9mMUJc_0,Al Hawa saloon,8J3C+2PV - Al Sajaa - Sharjah - United Arab Emirates,25.3026649,55.62182,5,1,OPERATIONAL,hair_salon,,,,False,,,2026-10-09
ChIJ6YuzQCu_9T4R2bwf6VRvYZM,صالون آجمل العيون للسيدات,7VVJ+99X - Al Hosn 1 - Sharjah - United Arab Emirates,25.293477799999998,55.8809701,3,44,OPERATIONAL,beauty_salon,,,,False,,,2026-10-09
ChIJ1cdMvTq_9T4RKYl_koRLLqQ,Kahraman Ladies Spa | كهرمان سبا للسيدات,Al Dhaid - Laweedid - Sharjah - United Arab Emirates,25.290191399999998,55.882510599999996,4.3,64,OPERATIONAL,beauty_salon,,,,False,,,2026-10-09
ChIJNwSoEgC_9T4RA_jQa_JkPMA,مركز اليم للتجميل | Alyam beauty center,Al Dhaid-Falaj Al Mua'lla Rd - Hay Al Bustan - Sharjah - United Arab Emirates,25.299861999999997,55.8769577,3.8,35,OPERATIONAL,beauty_salon,,,,False,,,2026-10-09
ChIJF2WrHFe_9T4Rwl7om8hTg9g,Mayathi Beauty Center,Al Dhaid Rd - Laweedid - Sharjah - United Arab Emirates,25.2899678,55.882812599999994,4.4,51,OPERATIONAL,beauty_salon,,,,False,,,2026-10-09
ChIJiZCIyba_9T4ReUyCjFE4Dvs,Jawhart Al Dhaid ladies salon,الذيد، - Al Hosn 1 - Sharjah - United Arab Emirates,25.2926625,55.881586000000006,4.4,19,OPERATIONAL,beauty_salon,,,,False,,,2026-10-09
ChIJy9cMfkO-9T4R3A_dRdU3FvM,Larosa Salon,7VXH+H39 - Hay Al Bustan - Sharjah - United Arab Emirates,25.2989056,55.8777228,4.5,24,OPERATIONAL,beauty_salon,,,,False,,,2026-10-09
ChIJE7xd2aW_9T4RZf5IwjfcOnk,Shatha Al Eter Ladies Salon,Hay Al Bustan - Sharjah - United Arab Emirates,25.2985643,55.877876,3.5,11,OPERATIONAL,beauty_salon,,,,False,,,2026-10-09
ChIJrapFzP6_9T4RFqw3TnJJmNo,RMA Beauty Center Br1 Morrocan Bath,Sharjah Aldhaid - infront of al hesin Park - حي البستان - الشارقة - United Arab Emirates,25.298135199999997,55.8781349,4.8,12,OPERATIONAL,beauty_salon,,,,False,,,2026-10-09
ChIJN-d4OQC_9T4RBHGVE94UVX4,صالون الورده المخمليه للسيدات,Al Dhaid Rd - Hay Al Bustan - Sharjah - United Arab Emirates,25.2950113,55.8808788,4.5,16,OPERATIONAL,beauty_salon,moderate,1,200,False,,,2026-10-09
ChIJ_0RtlKy_9T4Rgw7bHvFM3O4,صالون الخزامي AlKhozama beauty centre,Al Dhaid - Hay Al Bustan - Sharjah - United Arab Emirates,25.2985273,55.877951499999995,4.8,4,OPERATIONAL,beauty_salon,,,,False,,,2026-10-09
ChIJSZq1TWa-9T4RF03lapUDD2E,Al Majal Hairdressing Saloon,7VRJ+RRQ - Al Hosn 1 - Sharjah - United Arab Emirates,25.2920993,55.882115899999995,5,2,CLOSED_TEMPORARILY,hair_salon,,,,False,,not-operational,2026-10-09
ChIJp018EgC_9T4RTZEIStw9z5g,صالون ربيع الذيد للرجال,7VVJ+JGF - Al Dhaid-Falaj Al Mua'lla Rd - Al Dhaid - Sharjah - United Arab Emirates,25.294068199999998,55.881305100000006,5,2,OPERATIONAL,barber_shop,,,,False,,men-only,2026-10-09
ChIJ570AXGW-9T4RmCQxrHfOqcc,Siji Ladies Saloon,7VPJ+26V - Al Thamamah - Sharjah - United Arab Emirates,25.2851134,55.8805542,3,2,OPERATIONAL,beauty_salon,,,,False,,,2026-10-09
ChIJ3fdHKpq_9T4RCIu3cym4aMk,صالون اماسي الشرق,Al Dhaid Rd - Al Hosn 1 - Al Falaj - Sharjah - United Arab Emirates,25.2929739,55.8816633,4,4,OPERATIONAL,beauty_salon,,,,False,,,2026-10-09
ChIJKwm-5au_9T4R9VdVXejs3uk,Bouvardia Beauty Centre,"Shop No.119, First Floor, Al Dhaid Mall Al Dhaid Road E88 - S128 - opposite Al Dhaid Fort - حي الشريعة المركز التجاري - إمارة الشارقةّ - United Arab Emirates",25.280999599999998,55.8770664,3.6,21,OPERATIONAL,beauty_salon,moderate,1,300,False,,,2026-10-09
ChIJUUs9AAC_9T4RwyakkdAEYzc,صالون شذي العطر للسيدات,7VXH+F7P - Hay Al Bustan - Sharjah - United Arab Emirates,25.298641,55.8780158,,,OPERATIONAL,beauty_salon,,,,False,,,2026-10-09
ChIJA4lVBCO_9T4RjTX-taPCvIg,Rukn Al jameela ladies saloon Al dhaid,Al dhaid opp Mosque Square Dhaid - masafi Road - near Dolphin Al Azraq Al Dhaid - لعويضد - إمارة الشارقةّ - United Arab Emirates,25.2878059,55.8824987,4.1,16,OPERATIONAL,beauty_salon,,,,False,,,2026-10-09
ChIJ9VQiHGe_9T4RLsxEqJtdp2I,Robaina Beauty Center مركز رُبينه للتجميل,7VPR+33G - Al Thamamah - Sharjah - United Arab Emirates,25.2851875,55.8901875,4.5,44,OPERATIONAL,beauty_salon,,,,False,,,2026-10-09
ChIJubl-uWK-9T4RY00Q_Igg22k,صالون حبشان للحلاقة,Al Thamamah - Sharjah - United Arab Emirates,25.286600099999998,55.890237,3.7,3,OPERATIONAL,barber_shop,,,,False,,men-only,2026-10-09
ChIJg1KL4Wu_9T4Rns0kI6Wpu3o,Ajmal Al ayoon ladies saloon,7VWP+J3 - Al Dhaid - Sharjah - United Arab Emirates,25.296563,55.885241,3,4,OPERATIONAL,beauty_salon,,,,False,,,2026-10-09
ChIJZz8XXmS-9T4Rd7T28GPw8t4,Al Shamaiel Ladies Saloon,7VQM+5Q8 - Laweedid - Sharjah - United Arab Emirates,25.2879205,55.8844676,3.7,3,OPERATIONAL,beauty_salon,,,,False,,,2026-10-09
ChIJ0WbyEgC_9T4RVQGfyt6_czg,Qaser al weshah hairdressing saloon,7WQ7+7RF - Seh Al Mahab - Sharjah - United Arab Emirates,25.288181100000003,55.914550399999996,,,OPERATIONAL,hair_salon,,,,False,,,2026-10-09
ChIJP-FjPDi_9T4Rk2grXHJViPA,Al Masa saloon Al Dhaid sharjah,Labour office - Al Dhaid - near Al Dhaid - Seh Al Mahab - Sharjah - United Arab Emirates,25.288181100000003,55.914550399999996,5,1,OPERATIONAL,hair_salon,,,,False,,,2026-10-09
ChIJT0qI8jO_9T4RIsWj6Zfh5-g,OTRO Beauty Al Dhaid,Al Dhaid-East Coast Rd - Laweedid - Sharjah - United Arab Emirates,25.288107099999998,55.909837499999995,4.8,29,OPERATIONAL,beauty_salon,moderate,1,400,False,,,2026-10-09
ChIJU9DRJAC_9T4RvgGonch0i18,صالون القصة للحلاقة (رجال - اطفال),7VVM+VWH - Al Dhaid - Sharjah - United Arab Emirates,25.294678299999998,55.884849499999994,,,OPERATIONAL,hair_salon,,,,False,,men-only,2026-10-09
ChIJJaIOZwC_9T4ROdbOXzFyNBU,مركز الخزامى للعناية بالشعر والتجميل,7WQ7+7RF - Seh Al Mahab - Sharjah - United Arab Emirates,25.288181100000003,55.914550399999996,,,OPERATIONAL,beauty_salon,,,,False,,,2026-10-09
ChIJwbEIFe299T4RtZfWzj2nVVw,AL FARASHA AL SAFRA LADIES SALOON,7WPF+2P9 - Seh Almahab - Sharjah - United Arab Emirates,25.2850322,55.9243647,5,1,OPERATIONAL,beauty_salon,,,,False,,,2026-10-09
ChIJz7MerQK89T4RRf4rTvVMol8,صالون شباب الذيد للحلاقة,Seh Almahab - Sharjah - United Arab Emirates,25.284713699999998,55.9253344,5,1,OPERATIONAL,barber_shop,,,,False,,men-only,2026-10-09
ChIJKwhYEHa99T4RmBg2CvbgyjY,Al muthalath heardressing saloon صالون المثلث للحلاقة,E88 - سيح المهب - إمارة الشارقةّ - United Arab Emirates,25.2847953,55.9249612,,,OPERATIONAL,hair_salon,,,,False,,men-only,2026-10-09
ChIJN1PeBWG79T4RJ7yD1k8DkxI,Saif bakhit saloon صالون سيف بخيت,72W6+HPV - Thoban - Fujairah - United Arab Emirates,25.296492699999998,56.011795799999994,,,OPERATIONAL,beauty_salon,,,,False,,,2026-10-09
ChIJMxQq0xy79T4RlCI4B5syBNQ,Golden saloon,72X6+3J9 - Thoban Industrial - Sharjah - United Arab Emirates,25.297669799999998,56.0116234,4.5,2,OPERATIONAL,beauty_salon,,,,False,,,2026-10-09
ChIJcQejr2ix9T4RiS02tdHXmsE,Lablu Salon,823P+7QP - E88 - Thoban - Fujairah - United Arab Emirates,25.3032009,56.036954599999994,3,1,OPERATIONAL,barber_shop,,,,False,,men-only,2026-10-09
ChIJNywhNyyx9T4Rm6xLp5cEV9Q,Salon shahid,Thouban - 823G+CM8 - ثوبانْ - إمارة الفجيرة - United Arab Emirates,25.3035437,56.0267072,5,1,OPERATIONAL,beauty_salon,,,,False,,,2026-10-09
ChIJaWgGRqiw9T4RoBJFygxqmLE,صالون الشاهد,Thoban - Fujairah - United Arab Emirates,25.3034046,56.0267233,,,OPERATIONAL,barber_shop,,,,False,,men-only,2026-10-09
ChIJ8U1l1DdR9D4RFUNLsgAthGA,حلاق الفارس,79V2+3P - قِدْفِعْ - إمارة الفجيرة - United Arab Emirates,25.2927358,56.3518579,5,2,OPERATIONAL,barber_shop,,,,False,,men-only,2026-10-09
ChIJma0N-AJR9D4RRHf9ZCRil1Y,AbdulAzeiz Saloon,79M7+P3R - Dewaneyah St - Mirbih - Fujairah - United Arab Emirates,25.2843604,56.362629,3.9,31,OPERATIONAL,barber_shop,,,,False,,men-only,2026-10-09
ChIJ3SzBdIRR9D4RIaLKUAIgkxA,مركز جولدن مارك للعناية الشخصية للرجال,79P4+VR6 - Qidfiʻ - Fujairah - United Arab Emirates,25.28719,56.3568772,4,21,OPERATIONAL,beauty_salon,,,,False,,men-only,2026-10-09
ChIJm2f3yGlQ9D4RC2fr5q0ZOgQ,AL YAZYA HENNA & BEAUTY SALOON,Qidfiʻ - Fujairah - United Arab Emirates,25.2869836,56.3611702,3.8,38,OPERATIONAL,beauty_salon,,,,False,,,2026-10-09
ChIJu5qAPiJR9D4RJb9ABBR3IXg,OUSHA BEAUTY CENTER,قدفع - شارع عيادة قدفع - Qidfiʻ - Fujairah - United Arab Emirates,25.2872834,56.358157,3.8,32,OPERATIONAL,beauty_salon,,,,False,,,2026-10-09
ChIJj1wsDwBR9D4R9iLrhs1lSFc,JULIA SALON,79W4+CHX - E99 - Qidfiʻ - Fujairah - United Arab Emirates,25.2962071,56.3564714,4.7,13,OPERATIONAL,beauty_salon,,,,False,,,2026-10-09
ChIJc2DUymlQ9D4RVhRkUX-DR5w,Miss Monde Beauty & Henna Centre,79P6+HGF - Qidfiʻ - Fujairah - United Arab Emirates,25.286441,56.361284,3.4,23,OPERATIONAL,beauty_salon,,,,False,,,2026-10-09
ChIJb3RtuD9Q9D4RVuQNfFwQ7Ko,New Barber Shop,Qidfa St - Qidfiʻ - Fujairah - United Arab Emirates,25.295350199999998,56.3585784,4.3,16,OPERATIONAL,barber_shop,,,,False,,men-only,2026-10-09
ChIJHwMSPgBR9D4RghcjrqlI17M,Al Misk,Qidfiʻ - Fujairah - United Arab Emirates,25.2973241,56.356178299999996,3.3,4,OPERATIONAL,hair_salon,,,,False,,,2026-10-09
ChIJOwXIdgBR9D4RlawXDa2P7Ec,Jolis Salon,Qidfiʻ - Fujairah - United Arab Emirates,25.2872034,56.3566497,4.2,49,OPERATIONAL,beauty_salon,moderate,100,300,False,,,2026-10-09
ChIJH1LEu8NR9D4RJd0Tu1e1Lrc,Evano Beauty Salon,Qidfa Clinic St - Qidfiʻ - Fujairah - United Arab Emirates,25.28691,56.3613334,3.3,6,OPERATIONAL,beauty_salon,,,,False,,,2026-10-09
ChIJkwgvFchX9D4RytsCFB-qdek,صالون فن دبي,شارع قدفع - Qidfiʻ - Fujairah - United Arab Emirates,25.2853641,56.3614487,3,5,OPERATIONAL,barber_shop,,,,False,,men-only,2026-10-09
ChIJu0GoumlQ9D4R0g-dy6s3Ys0,Rasheed salon,79P6+WVC - Qidfa St - Qidfiʻ - Fujairah - United Arab Emirates,25.2873003,56.362128399999996,4.5,4,OPERATIONAL,hair_salon,,,,False,,,2026-10-09
ChIJI1PlmmlQ9D4RK-bjhzDnwwU,Lmsat Fan Ladies Saloon,Qidfiʻ - Fujairah - United Arab Emirates,25.2885179,56.3622746,4,9,OPERATIONAL,beauty_salon,,,,False,,,2026-10-09
ChIJkb9mjXVR9D4RI7qNZWjiT9E,Lord Zone Men Salon,79X4+4Q6 - شارع - Qidfiʻ - Fujairah - United Arab Emirates,25.2977831,56.3568911,5,5,OPERATIONAL,barber_shop,,,,False,,men-only,2026-10-09
ChIJ-_RL_tpR9D4RF6r703t3DvQ,صالون غزل العيون للسيدات,79P5+WJ3 - Qidfa Clinic St - Qidfiʻ - Fujairah - United Arab Emirates,25.287271300000004,56.359037799999996,1.7,3,OPERATIONAL,hair_salon,,,,False,,,2026-10-09
ChIJ31E7kT5Q9D4RQ_pk5yf5q58,صالون الهاجس للحلاقه,79W4+WFR - E99 - Qidfiʻ - Fujairah - United Arab Emirates,25.2973505,56.3561475,5,2,OPERATIONAL,barber_shop,,,,False,,men-only,2026-10-09
ChIJR6ySVOdbXz4RODKru6l2zrs,NAM SALON (NOOR AL MANAR GENTS SALON),Shop 21 Behind Union Coop - الممزر - دبي - United Arab Emirates,25.3081602,55.3391895,5,4,OPERATIONAL,hair_salon,,,,False,,men-only,2026-10-09
ChIJAaQ1IMRbXz4RK_3rfAj3Ac0,Lamasat Beirutiah - Al Khan مركز لمسات بيروتية - الخان,Al Khan - Sharjah - United Arab Emirates,25.3281968,55.369332899999996,4.9,514,OPERATIONAL,beauty_salon,moderate,100,200,False,,,2026-10-09
ChIJRfarD29bXz4RmPU7jkiKSC8,Stone Salon,101 - الخان - الشارقة - United Arab Emirates,25.333615899999998,55.3611382,4.7,247,OPERATIONAL,beauty_salon,,,,False,,,2026-10-09
ChIJn7Tqxp5bXz4RFbDH1iBxRG4,Kamarulzaman Salon,8997+W6C - AL Khan Corniche St - Al Khan - Sharjah - United Arab Emirates,25.3198223,55.3630218,4,304,OPERATIONAL,beauty_salon,,,,False,,,2026-10-09
ChIJXcU_qm1bXz4RSq3vYyV-PNA,Al Mawegah Al Zarqaa Beauty Center (MOJE),beside Time Ruby Hotel Apartment - شارع الخان - الخان - الشارقة - United Arab Emirates,25.3327994,55.3611599,4.3,45,OPERATIONAL,beauty_salon,,,,False,,,2026-10-09
ChIJh_3ipmhbXz4RaPTfo_53X00,Dar Noura Hamdi Beauty Center,Asmawi Tower - Al Taawun St - Al Khalidiya District - Sharjah - United Arab Emirates,25.3060264,55.3664955,4.4,350,OPERATIONAL,beauty_salon,expensive,100,500,False,,,2026-10-09
ChIJ6YS-FSZbXz4Rjbj1FhZ3ptc,adore beauty ladies salon maryam island,Maryam island - Al Khan - Sharjah - United Arab Emirates,25.322668099999998,55.3605848,4.4,55,OPERATIONAL,beauty_salon,,,,False,,,2026-10-09
ChIJK5m46YZbXz4RAdRYSoQGyHQ,Al Mounes Hairdressing Saloon,Sharjah - Al Khalidiya District - Sharjah - United Arab Emirates,25.307074999999998,55.3656009,4.6,83,OPERATIONAL,barber_shop,,,,False,,men-only,2026-10-09
ChIJ8V5c69FbXz4RvM7kYM7eoXQ,PIXIE Beauty Salon,Taryam Tower - Al Taawon St - Al Khalidiya District - Sharjah - United Arab Emirates,25.3050456,55.365225699999996,4.9,235,OPERATIONAL,beauty_salon,moderate,1,300,False,,,2026-10-09
ChIJZQkTKF5bXz4R2rkDbKvzCPM,Dar Linda Beauty Salon,Unnamed Road - Al Khalidiya District - Sharjah - United Arab Emirates,25.314650399999998,55.3602324,4.5,126,OPERATIONAL,beauty_salon,,,,False,,,2026-10-09
ChIJeyL6bCtbXz4RQi1hpa_N9BY,صالون بنت النيل | Bent Al Neil,Al Tawuun street - 23 2f - الخالدية - الشارقة - United Arab Emirates,25.306977099999997,55.369641699999995,3.7,18,OPERATIONAL,beauty_salon,,,,False,,,2026-10-09
ChIJ-Zcybx1bXz4RtkKZ1gfKVb0,Miral Beauty Center,Corniche Rd - Sunset Towers - Sharjah - United Arab Emirates,25.3102275,55.364926999999994,4.6,266,OPERATIONAL,beauty_salon,,,,False,,,2026-10-09
ChIJE4jZxzJbXz4RsTdivvyZrWs,Sharqi Gents Salon,Maryam Island Beach Residence - Al Khan - Sharjah - United Arab Emirates,25.3236906,55.362014099999996,4.6,188,OPERATIONAL,barber_shop,moderate,80,120,False,,men-only,2026-10-09
ChIJc4yaQhNbXz4RR_Jl-jpqM8k,Al Nahdah Ladies Saloon,al saqr building - Shop no.2 - Al Taawun St - opp. Victoria international school - Al Khalidiya District - Sharjah - United Arab Emirates,25.3073606,55.366208099999994,4.6,162,OPERATIONAL,beauty_salon,,,,False,,,2026-10-09
ChIJb_VTAhZbXz4R5QNesgeJ3b8,TRABZON HAIRDRESSING SALOON,8967+4VW - Corniche Rd - Al Khalidiya District - Sharjah - United Arab Emirates,25.310488,55.3646009,4.7,207,OPERATIONAL,hair_salon,,,,False,,,2026-10-09
ChIJiSMcdDxbXz4R3dsao50so94,Beauty Gate Salon,8979+53J - Al Khan - Sharjah - United Arab Emirates,25.313092599999997,55.369059299999996,4.6,105,OPERATIONAL,beauty_salon,,,,False,,,2026-10-09
ChIJc7ObqK1bXz4RjwoR1TwmwPQ,Beauty Shades,Corniche Rd - Al Mamzar - Sharjah - United Arab Emirates,25.312692499999997,55.363840499999995,4.6,123,OPERATIONAL,beauty_salon,,,,False,,,2026-10-09
ChIJX5jvyz5bXz4RJ-hh9fzxbMY,Sea Pearl Beauty Center,AL Khan Corniche St - Al Khan - Sharjah - United Arab Emirates,25.326334,55.3717152,4.9,302,OPERATIONAL,beauty_salon,moderate,100,300,False,,,2026-10-09
ChIJY5tQXoZbXz4RQTWlxMIKUKs,Nadia Yusuf Ladies Saloon,Duha - Al Mamzar - Sharjah - United Arab Emirates,25.307774,55.367110999999994,4.1,54,OPERATIONAL,beauty_salon,,,,False,,,2026-10-09
ChIJuXi5rexbXz4Rrge5NnADxho,Anisaty Ladies Salon,Building - 30 St - Al Majaz 3 - Al Majaz - Sharjah - United Arab Emirates,25.3226937,55.3812177,4.4,649,OPERATIONAL,beauty_salon,moderate,100,400,False,,,2026-10-09
ChIJZ6RAxWdbXz4Rce9GlE7dkpQ,Nado Salon,near al khan - Al Khan - Sharjah - United Arab Emirates,25.314706299999997,55.380200099999996,4.5,683,OPERATIONAL,beauty_salon,very_expensive,100,600,False,,,2026-10-09
ChIJvRWeHqpbXz4RiMrOejcWbCE,صالون و مركز الاحلام السعيدة للتجميل,"Shop 3, Saleh Mubarak Building - Al Khan St - Al Majaz 2 - المجازالمجاز ٢ - Sharjah - United Arab Emirates",25.3187508,55.380300299999995,4.3,7,OPERATIONAL,beauty_salon,,,,False,,,2026-10-09
ChIJRbcrOb5bXz4ROQ5MUVqO5s8,Mariot Beauty Salon & Centre,Al Majed Towers Al Majaz 3 065560400 - 065560700 - ضاحيةالمجاز - المجاز - إمارة الشارقةّ - United Arab Emirates,25.3283843,55.376817499999994,4.4,750,OPERATIONAL,beauty_salon,,,,False,,,2026-10-09
ChIJn30VYoxbXz4R_gsaNv_-ekA,Durrat Aljamal Beauty Center,Al Khan - Sharjah - United Arab Emirates,25.3123822,55.378523099999995,4.4,340,OPERATIONAL,beauty_salon,expensive,1,600,False,,,2026-10-09
ChIJPTY1fY1bXz4RruCL5HJixwk,Corners Ladies Saloon,898H+XGG - Al Khan - Sharjah - United Arab Emirates,25.3174432,55.3788367,4,4,OPERATIONAL,hair_salon,,,,False,,,2026-10-09
ChIJs89_YOtbXz4RT9GlncZkBYY,Jazz Gents Salon & Spa 💈🏪💈 جاز صالون و سبا للرجال,Al jazeera 1 - Abdulsalam Arif Street - Al Majaz 2 - Al Majaz - Sharjah - United Arab Emirates,25.3180804,55.381078099999996,4.8,974,OPERATIONAL,hair_salon,,,,False,,men-only,2026-10-09
ChIJZ2CG0I1bXz4RwpDAwGvSERM,Noura Hamdi Beauty Lounge,"Al Shamsi Building, Opposite Pullman Hotel - 897G+M29 - شارع التعاون - الخان - إمارة الشارقةّ - United Arab Emirates",25.3141458,55.375385400000006,4.5,1102,OPERATIONAL,beauty_salon,moderate,100,300,False,,,2026-10-09
ChIJdT8teVxbXz4RJ2fuKA5UsqM,Pearls Beauty Ladies Salon,Buhaira Towers - Shop No:4 - 4 St - Al Majaz 2 - Al Majaz - Sharjah - United Arab Emirates,25.320659,55.3822806,4.6,113,OPERATIONAL,beauty_salon,,,,False,,,2026-10-09
ChIJycEuVYpbXz4RfOHtje7DNCc,PINK NAILS SALON,Al tawoun - Al Khan - Sharjah - United Arab Emirates,25.3109684,55.3751015,4.2,152,OPERATIONAL,beauty_salon,,,,False,,,2026-10-09
ChIJBQRn14hbXz4R9NnXtAPaIuU,Touq Al Yasmeen Ladies Salon طوق الياسمين صالون للسيدات,Robot Parrk Tower - Al Khan - Sharjah - United Arab Emirates,25.3246734,55.375161399999996,4.8,771,OPERATIONAL,beauty_salon,expensive,100,500,False,,,2026-10-09
ChIJ47iEwIxbXz4Rl8Wlyq2E9nQ,Raghad Beauty Center,Al Taawun St - Al Khan - Sharjah - United Arab Emirates,25.3138428,55.3795589,4.6,501,OPERATIONAL,beauty_salon,,,,False,,,2026-10-09
ChIJk74f1blbXz4RwJjKkNklL5E,Lebanon Bride Beauty Center,Al Taawun St - Al Khan - Sharjah - United Arab Emirates,25.312759099999997,55.3765279,4.4,75,OPERATIONAL,beauty_salon,,,,False,,,2026-10-09
ChIJOf4l0Y1bXz4RJB4RxVYC0lc,Damas Beauty Salon,897G+R64 - Al Khan - Sharjah - United Arab Emirates,25.3145068,55.3755824,3.9,265,OPERATIONAL,beauty_salon,expensive,100,500,False,,,2026-10-09
ChIJrwRvedFbXz4Rc5FLvTEtUuo,Dima Bassam Ladies Salon,"Al Majaz 3, Al - Tower, Qasba Plaza - ضاحيةالمجاز - المجاز - إمارة الشارقةّ - United Arab Emirates",25.323958299999997,55.378415399999994,4.5,166,OPERATIONAL,beauty_salon,moderate,1,200,False,,,2026-10-09
ChIJiwrxMnjz9T4RC4ym26jqJEM,The Loft Fifth Avenue Beauty Lounge - Al Rahmania Mall,Abu Amr Al Basri St - Al Rahmania Suburb - Kshishah 6 - Sharjah - United Arab Emirates,25.3301941,55.599174899999994,4.6,443,OPERATIONAL,beauty_salon,,,,False,,,2026-10-09
ChIJS8TBSwXz9T4REMpNwATxDI0,Taier Al Madina Hairdressing - Gents salon,8J97+7RW - Al Sajaa - Sharjah - United Arab Emirates,25.318241099999998,55.614591499999996,3.7,14,OPERATIONAL,hair_salon,,,,False,,men-only,2026-10-09
ChIJlXcd0zTz9T4RqH5lnpj86-0,Antaliya Rahmaniah Salon,Al Rahmania Suburb - Kshishah 6 - Sharjah - United Arab Emirates,25.3293669,55.603707299999996,4.3,55,OPERATIONAL,barber_shop,moderate,20,100,False,,men-only,2026-10-09
ChIJadXaa4jz9T4ReEkB63zAHGE,Al Qasir Al Abyadh Gents Salon,Al Sajaa - Industrial City Sajaa - Sharjah - United Arab Emirates,25.3181583,55.610787599999995,5,3,OPERATIONAL,barber_shop,,,,False,,men-only,2026-10-09
ChIJg2Zhr0bz9T4RAVGvlNiR4Lk,Aladdin Kids Salon,S134 - Al RahmaniyaKshishah 6 - ضاحية الرحمانية - كشيشة 6 - الشارقة - United Arab Emirates,25.3302627,55.59963440000001,2.9,14,OPERATIONAL,hair_salon,,,,False,,,2026-10-09
ChIJW1AAlUnz9T4R8ugE4egJHWU,Al MAZAJ HAIRDRSSING SALON,Sajja labor park - الصجعة - الشارقة - United Arab Emirates,25.314474699999998,55.62259340000001,4.8,31,OPERATIONAL,beauty_salon,,,,False,,,2026-10-09
ChIJsxNZDUPz9T4R2swaQUVVTps,RUKN AL AMAN GENTS SALON,Emirates Rd - Al Sajaa - Industrial area Sajaa - Sharjah - United Arab Emirates,25.3190143,55.6125915,4.8,12,OPERATIONAL,barber_shop,,,,False,,men-only,2026-10-09
ChIJSYAoIOvz9T4RX6SH0aJS85o,White & Black,100a Abu Amr Al Basri St - Al Rahmania Suburb - Kshishah 6 - Sharjah - United Arab Emirates,25.3297328,55.5993618,2.3,28,OPERATIONAL,barber_shop,,,,False,,men-only,2026-10-09
ChIJlRQmoDDz9T4Rd37L0KXRbkE,"MD, billal",8J6G+47M - Unnamed Road - Al Sajaa - Sharjah - United Arab Emirates,25.310340099999998,55.6256572,2.3,4,OPERATIONAL,hair_salon,,,,False,,,2026-10-09
ChIJM1C7jeby9T4R1WH06XLDStc,Al Imarah Hairdressing,8J8J+JWQ - Al Sajaa - Sharjah - United Arab Emirates,25.316580100000003,55.6323746,5,1,OPERATIONAL,hair_salon,,,,False,,,2026-10-09
ChIJ104XNQDz9T4R_RmMUrkSQTQ,Madni Salon,8J8R+VHX - Al Sajaa - Sharjah - United Arab Emirates,25.316678399999997,55.6417498,4.3,3,OPERATIONAL,beauty_salon,,,,False,,,2026-10-09
ChIJM6QTTgDz9T4ReKAYyg06Y4w,Kshisha Gents saloon,8MC3+G43 - Al Sajaa - Sharjah - United Arab Emirates,25.3213997,55.6536531,5,2,OPERATIONAL,barber_shop,,,,False,,men-only,2026-10-09
ChIJldKbDVFbXz4RgDZr3CKzUe0,Al Rams Hairdressing Gents Salon,Al Sajaa - Sharjah - United Arab Emirates,25.312601299999997,55.640808299999996,5,4,OPERATIONAL,barber_shop,,,,False,,men-only,2026-10-09
ChIJuw1vVgDz9T4R0L5e1GF7Rpc,Arc global 🏫cump no.1,8J5M+JFR - Al Sajaa - Sharjah - United Arab Emirates,25.309108600000002,55.6336362,3,1,OPERATIONAL,hair_salon,,,,False,,,2026-10-09
ChIJLUJGSQDz9T4RMVljYgQMxBc,SHAMS AL SAJAAH HAIRDRESSING SALON,8JCV+263 - Al Sajaa - Sharjah - United Arab Emirates,25.320166399999998,55.643055499999996,3,2,OPERATIONAL,beauty_salon,,,,False,,,2026-10-09
ChIJD8ldRd7y9T4RlU86wzKICAc,Al Memar Hairdressing,8J5H+P6F - Al Sajaa - Sharjah - United Arab Emirates,25.309300999999998,55.6280532,5,1,OPERATIONAL,hair_salon,,,,False,,,2026-10-09
ChIJReqLyd_y9T4R5JGu6EeSJyA,BAB AL MAGHARA HAIRDRESSING SALON,8J5G+VQH - Al Sajaa - Sharjah - United Arab Emirates,25.3096973,55.6269747,3.7,7,OPERATIONAL,barber_shop,,,,False,,men-only,2026-10-09
ChIJSUE63arz9T4R7FqqI2UrWIo,Al Rukn Al Fakar Gent's Salon,Al Sajaa Industrial - Sharjah - 8J8W+HW4 - الصجعة - إمارة الشارقةّ - United Arab Emirates,25.3164375,55.647312500000005,5,1,OPERATIONAL,beauty_salon,,,,False,,men-only,2026-10-09
ChIJb6fcjuby9T4R47mhndFE-LU,Tareeq Al Sajaa Gents salon,Al Sajaa - Sharjah - United Arab Emirates,25.3166948,55.632432200000004,4,6,OPERATIONAL,barber_shop,,,,False,,men-only,2026-10-09
ChIJjQ7cpgTz9T4Rv6Ny2RARtDs,Al Nisr Al Abyed Hairdressing Saloon,Sajja Industerial Area - Al Sajaa - Sharjah - United Arab Emirates,25.311994799999997,55.628818499999994,,,OPERATIONAL,hair_salon,,,,False,,,2026-10-09
ChIJp9wmBcfz9T4RXIqLjhm1Cts,Mohamed jameel Mohamed haridressing,Al Sajaa - Sharjah - United Arab Emirates,25.317135699999998,55.6371622,4.6,7,OPERATIONAL,hair_salon,,,,False,,,2026-10-09
ChIJIxkWbcnz9T4RnwhFIKGOPCc,Mohammed Tariq Hair Dressing Saloon,8J4P+X38 - Al Sajaa - Sharjah - United Arab Emirates,25.3074093,55.6352073,4.5,2,OPERATIONAL,barber_shop,,,,False,,men-only,2026-10-09
ChIJp4WvdAC_9T4RZDuyWf6ENNg,صالون بيلا لونا,8VH4+JRX - Falaj Al Sheikh - Emirate of Umm Al Quwain - United Arab Emirates,25.327792799999997,55.857737,4.8,22,OPERATIONAL,beauty_salon,moderate,1,400,False,,,2026-10-09
ChIJ08RAIwC59T4RwIROiL_a9gw,حلاق سهيلة,Dhaid suhaiha - 8WMV+FH9 - road - Suhailah - Sharjah - United Arab Emirates,25.333674,55.9439895,5,1,OPERATIONAL,barber_shop,,,,False,,men-only,2026-10-09
ChIJl3D83iq59T4RuvEeNcrwOdc,صالون المعلم للحلاقة,82J9+J88 - Al Manama - United Arab Emirates,25.3315441,56.018326099999996,4.4,12,OPERATIONAL,barber_shop,,,,False,,men-only,2026-10-09
ChIJ4WxkeQC59T4RCIb8hE9KysA,قمره للتجميل,82J5+GJQ Al manama - Ajman - United Arab Emirates,25.331637,56.0093567,5,2,OPERATIONAL,beauty_salon,,,,False,,,2026-10-09
ChIJg9lHiYy59T4R8LjKU-4qiuU,Al Malaki Hair Cutting Salon,82C6+FJG - Unnamed Road - Ajman - United Arab Emirates,25.3211759,56.0115771,4.7,6,OPERATIONAL,barber_shop,,,,False,,men-only,2026-10-09
ChIJm-aO9K259T4RJDCAvDIYO-0,Al Ameed barber saloon صالون العميد للحلاقه,82C5+CP8 - Al Manama - Ras Al Khaimah Rd - Al Manama - United Arab Emirates,25.3210414,56.0093338,5,1,OPERATIONAL,barber_shop,,,,False,,men-only,2026-10-09
ChIJr6iqX-i59T4RFJfxE8-cfi4,صالون شهريار للرجال,Ajman - United Arab Emirates,25.326499199999997,56.012284699999995,5,1,OPERATIONAL,barber_shop,,,,False,,men-only,2026-10-09
ChIJE9KxO8xP9D4RFhAotyFgS7A,مركز لافاييت للتجميل Lafayette Beauty Centre,Saih Alkhor Suburb - Sharjah - United Arab Emirates,25.3240694,56.3423119,4.4,258,OPERATIONAL,beauty_salon,moderate,100,300,False,,,2026-10-09
ChIJdbB-LXdP9D4RVjkZZzboe-M,NailsRoom,88FV+38X - Saih Alkhor Suburb - Sharjah - United Arab Emirates,25.3227288,56.3433722,3.7,56,OPERATIONAL,beauty_salon,,,,False,,,2026-10-09
ChIJCas6cc5P9D4RLWUqH2gbD1g,Rose Kazan Men Saloon,206 Rughaylat Rd - Saih Alkhor Suburb - Khawr Fakkan - United Arab Emirates,25.322717299999997,56.34350920000001,4,48,OPERATIONAL,beauty_salon,,,,False,,men-only,2026-10-09
ChIJp97w4-tP9D4RTR_om74h9B4,صالون رتوش,88FM+3M7 - Unnamed Road - Bat-Ha 2 - Sharjah - United Arab Emirates,25.3226697,56.3341771,3.1,17,OPERATIONAL,beauty_salon,,,,False,,,2026-10-09
ChIJ0bAcSH1P9D4R1BrOgREPr6U,Royal Residence Salon,138 Rughaylat Rd - Bat-Ha 4 - Khawr Fakkan - United Arab Emirates,25.332401299999997,56.3473082,4.5,14,OPERATIONAL,barber_shop,,,,False,,men-only,2026-10-09
ChIJm6Q-PclP9D4RW9xXbZ4tNBg,ZAWAYA AL ASABIEE AL THABIAH HAIRDRESSING SALOON,202 Rughaylat Rd - Saih Alkhor Suburb - Khawr Fakkan - United Arab Emirates,25.3279188,56.3453138,,,OPERATIONAL,hair_salon,,,,False,,,2026-10-09
ChIJ_ey7rIdP9D4RPD9bk8ijz3o,AL MOUJ HAIRDRESSING SALOON,89M2+332 - Saih Alkhor Suburb - Sharjah - United Arab Emirates,25.332635999999997,56.3501542,4.5,22,OPERATIONAL,barber_shop,,,,False,,men-only,2026-10-09
ChIJ83PITshP9D4RG5TU7Gvyoqo,Kashmir Haircut,88JW+6J2 - Saih Alkhor Suburb - Sharjah - United Arab Emirates,25.330516,56.346503,4.5,6,OPERATIONAL,barber_shop,,,,False,,men-only,2026-10-09
ChIJ54etUABP9D4RQ1qKJSTmKKQ,صلون دارالضیافة,Palm Discount Center - Saih Alkhor Suburb - Khawr Fakkan - United Arab Emirates,25.3235727,56.3427022,,,OPERATIONAL,barber_shop,,,,False,,men-only,2026-10-09
ChIJz5IZgM5P9D4RDGnCqjXCOLo,صالون دار الضيافة للحلاقة,Saih Alkhor Suburb - Sharjah - United Arab Emirates,25.3234887,56.343325099999994,3.8,4,OPERATIONAL,barber_shop,,,,False,,men-only,2026-10-09
ChIJoyVHagBP9D4RTL9KiRxI94g,صالون غزال الخور للأطفال فرع خورفكان - المصلى,88GV+8P3 - Shk.khalid Bin Mohd. Al Qasimi St - Saih Alkhor Suburb - المصلى - Sharjah - United Arab Emirates,25.3257568,56.344296299999996,3,2,OPERATIONAL,barber_shop,,,,False,,men-only,2026-10-09
ChIJUZw6VchP9D4REFdOp-ziix0,Al Waqar Saloon,88HW+RCQ - Saih Alkhor Suburb - Sharjah - United Arab Emirates,25.32959,56.346104,4.2,13,OPERATIONAL,barber_shop,,,,False,,men-only,2026-10-09
ChIJ83PITshP9D4R6konoZAqWeg,Al Sham Saloon,88JW+6J2 - Saih Alkhor Suburb - Sharjah - United Arab Emirates,25.330516,56.346503,,,OPERATIONAL,hair_salon,,,,False,,,2026-10-09
ChIJBejzEQBP9D4RJTMFqbriM8Q,صالون اللمسات الذهبية للحلاقة,200 Rughaylat Rd - Saih Alkhor Suburb - Khawr Fakkan - United Arab Emirates,25.323874099999998,56.3434874,1,1,OPERATIONAL,hair_salon,,,,False,,men-only,2026-10-09
ChIJpaLl1klaXz4RJ7NpssMgXGI,Al Mansour Ladies Saloon,al muntazah street - Al Mareija - Hay Al Gharb - Sharjah - United Arab Emirates,25.3563252,55.3805078,4.1,233,OPERATIONAL,beauty_salon,expensive,1,500,False,,,2026-10-09
ChIJ7bnsLcRbXz4RYcjrc01kHII,"Nazih Gents Salon, Buhaira Corniche Branch",Corniche St - Al Majaz District - Al Majaz - Sharjah - United Arab Emirates,25.3375012,55.38682300000001,4.6,199,OPERATIONAL,barber_shop,,,,False,,men-only,2026-10-09
ChIJi5pos8VbXz4RES8hmlV1PZM,Al Hanouf Salon for Ladies,89QQ+767 - Al Majaz District - Al Majaz - Sharjah - United Arab Emirates,25.338171499999998,55.3880389,3.8,109,OPERATIONAL,beauty_salon,,,,False,,,2026-10-09
ChIJ9XHpCpVbXz4RkKx9b0BfIPM,Maysa Beauty Center,شارع الصافية - Al Majaz District - Al Majaz - Sharjah - United Arab Emirates,25.335919,55.3740435,4.8,42,OPERATIONAL,beauty_salon,,,,False,,,2026-10-09
ChIJYzCocDRaXz4RBKZ-V2N0F1s,Smitha’s Roses Dew Ladies Saloon Rolla Sharjah,Al Arouba St - Um Altarafa - Hay Al Gharb - Sharjah - United Arab Emirates,25.3536155,55.3859667,4.2,725,OPERATIONAL,beauty_salon,expensive,1,600,False,,,2026-10-09
ChIJJ2k3u89bXz4RWR969Xe4Pl4,BRONX GENTS SALOON,89VQ+5VX - Al Nad - Hay Al Qasimiah - Sharjah - United Arab Emirates,25.3429997,55.3897431,3.9,20,OPERATIONAL,hair_salon,,,,False,,men-only,2026-10-09
ChIJz41LB5ZbXz4RyKTgvu44dd4,Saray Beauty Centre,Red Castle Hotel Near Starbucks - Al Meena St - Al Layah - Sharjah - United Arab Emirates,25.347095099999997,55.368601,4.6,587,OPERATIONAL,beauty_salon,moderate,100,400,False,,,2026-10-09
ChIJTVGacs9bXz4RCpYw0HkzFfQ,Beirut Gents Salon branch 1,Al Khan St - Al Khan - Sharjah - United Arab Emirates,25.3297176,55.3716697,4.8,154,OPERATIONAL,barber_shop,,,,False,,men-only,2026-10-09
ChIJkx22FHFbXz4Rb9XxAKv5OJs,Dar Al Ameer Hair Dressing,Al Khan St - Al Khan - Sharjah - United Arab Emirates,25.328553199999998,55.3735218,4,40,OPERATIONAL,hair_salon,,,,False,,,2026-10-09
ChIJR7cOhsRbXz4RaeMjaS6xFCI,Aimy Ladies Saloon,89PQ+HM3 - Al Majaz District - Al Majaz - Sharjah - United Arab Emirates,25.3363874,55.3891692,4.7,69,OPERATIONAL,beauty_salon,,,,False,,,2026-10-09
ChIJRxw80MVbXz4R1eX93m9X-lc,Limar Medical Centre,"Al MajazAl, Al Shamsi Building - Corniche St - Al Majaz 1 - Al Majaz - Sharjah - United Arab Emirates",25.338540599999998,55.386531299999994,4.8,359,OPERATIONAL,medical_clinic,,,,False,,not-a-salon,2026-10-09
ChIJ7wM9QWpbXz4RkVp9PvUt3KQ,Al Jamal Al Sheyaka Beauty Salon,Buhira - شارع الكورنيش - المجاز 3 - المجاز - الشارقة - United Arab Emirates,25.328724899999997,55.3759185,4.7,165,OPERATIONAL,beauty_salon,moderate,100,300,False,,,2026-10-09
ChIJ-SbnyvRbXz4RfQjq13pbrGw,Al Inekas Ladies Salon - Branch 1,Gala Super Market - Shop No. 2 & 3 - Al Mahatta - Hay Al Gharb - Sharjah - United Arab Emirates,25.3528594,55.3866118,4.8,560,OPERATIONAL,beauty_salon,moderate,1,300,False,,,2026-10-09
ChIJ6ypyYcRbXz4R6G77jOb52UQ,Alhaiba Gents Salon.at home,Corniche St - Al Majaz District - Al Majaz - Sharjah - United Arab Emirates,25.33663,55.389020099999996,4.6,102,OPERATIONAL,beauty_salon,,,,False,,men-only,2026-10-09
ChIJQz3enzZbXz4RWn_MBRC_HiE,Lamasat Raqiah Gents Salon صالون لمسات راقية للرجال,Al Safia St - Al Majaz 3 - Al Majaz - Sharjah - United Arab Emirates,25.3362388,55.374304699999996,5,43,OPERATIONAL,hair_salon,,,,False,,men-only,2026-10-09
ChIJLfkMwjFbXz4R8WhtmxeEus0,Al Ibhar beauty salon,535 Al Khalidia St - Al Majaz District - Al Majaz - Sharjah - United Arab Emirates,25.335261499999998,55.372872099999995,4.6,61,OPERATIONAL,beauty_salon,,,,False,,,2026-10-09
ChIJg6umBAD19T4RuZBInE-fVMg,Pearl House Ladies Saloon,8HR5+34R - Al Rahmania Suburb - Shaghrafa 2 - Sharjah - United Arab Emirates,25.3402268,55.557766099999995,4.6,10,OPERATIONAL,nail_salon,,,,False,,,2026-10-09
ChIJwZjRHvr19T4RGQDuWHQjCxQ,PatoniaSpa - AlRahminya 4,Al Rahmania Suburb - Shaghrafa 4 - Sharjah - United Arab Emirates,25.3502926,55.5651825,4.8,57,OPERATIONAL,beauty_salon,moderate,100,300,False,,,2026-10-09
ChIJs3Af7I3z9T4RERNqEmPGVXk,Litchi Ladies Salon Al Rahmaniya Branch,مول ذا ون -محل رقم 1 - 1 - Al Rahmania Suburb - Kshisha 1 - Sharjah - United Arab Emirates,25.3549609,55.595931799999995,4,161,OPERATIONAL,beauty_salon,expensive,100,500,False,,,2026-10-09
ChIJe8HHTwDz9T4RmkGKUBSdI00,اذا مانجحتوا ميمو بحرق المدرسه,8HMP+6MQ - 1 النوف - Al Rahmania Suburb - Kshisha 3 - Sharjah - United Arab Emirates,25.3330955,55.586730599999996,,,OPERATIONAL,barber_shop,,,,False,,men-only,2026-10-09
ChIJ123-m-7z9T4R5yAKAbZYjnU,Al Dhaw Al Muneer Gents Saloon,Al Sajaa - Emirates Industrial City - Sharjah - United Arab Emirates,25.352425699999998,55.6312053,4.9,13,OPERATIONAL,beauty_salon,,,,False,,men-only,2026-10-09
ChIJl09Hpqrz9T4R60Bm-zpF27w,Al Lawn Al Akhdar Hairdressing Gents salon,8JJF+CG2 - Al Sajaa - Sharjah - United Arab Emirates,25.3310058,55.623774999999995,,,OPERATIONAL,hair_salon,,,,False,,men-only,2026-10-09
ChIJrTWN4lRfXz4RjuPD7frsEv0,BADR AL SAJAA GENTS SALON,"Near Al Rahmaniya , near sajja Tah-sel - industrial area - الصجعة - مدينة الإمارات الصناعية - الشارقة - United Arab Emirates",25.333965499999998,55.6224219,5,1,OPERATIONAL,beauty_salon,,,,False,,men-only,2026-10-09
ChIJqQyM6DTz9T4RFG5LmPjhE8o,Faal Al Khair Hairdressing saloon,Sajja - Al Rahmania Suburb - Sharjah - United Arab Emirates,25.3353054,55.618693799999996,3,4,OPERATIONAL,hair_salon,,,,False,,,2026-10-09
ChIJBTd1OqPz9T4ROxckK00wmZg,Al Rukn Al Fakher Haircutting Salon,Blackstar Marble & Granite Builsing - Shop 2 - Al Sajaa - Industrial Area - Sharjah - United Arab Emirates,25.346234799999998,55.6237834,5,2,OPERATIONAL,hair_salon,,,,False,,,2026-10-09
ChIJa_SWCQDz9T4RJ20VYLCDfzw,Qamar Muwailah Hairdressing Gents salon,8JJF+7C4 - Al Sajaa - Sharjah - United Arab Emirates,25.330631,55.62359000000001,4,3,OPERATIONAL,hair_salon,,,,False,,men-only,2026-10-09
ChIJze4nswbz9T4RLUmBUsYmj3k,NOOR & FARAH HAIRDRESSING,8JHH+6PQ - Unnamed Road - Al Sajaa - Sharjah - United Arab Emirates,25.3280778,55.629355499999996,5,3,OPERATIONAL,hair_salon,,,,False,,,2026-10-09
ChIJO4wBkTby9T4Rrz6WH_OCsmU,Dar Al Arkan Haircutting Salon,Al Sajaa - Emirates Industrial City - Sharjah - United Arab Emirates,25.356545,55.631048799999995,4,8,OPERATIONAL,barber_shop,,,,False,,men-only,2026-10-09
ChIJK8d3KQfz9T4RO6XV5a7XvUk,Manara Al Sajja haircut,8JRW+H8H - Al Sajaa - Sharjah - United Arab Emirates,25.341448900000003,55.6458686,5,1,OPERATIONAL,hair_salon,,,,False,,,2026-10-09
ChIJ-TVM_n7z9T4Rifhw7Hg4E6k,صالون حلاقة الصجعة,8JWX+984 - Al Sajaa_s - Sharjah - United Arab Emirates,25.3459747,55.6483753,5,2,OPERATIONAL,barber_shop,,,,False,,men-only,2026-10-09
ChIJp4QlF6y59T4RceNSAmjK0yc,Azhaar Beauty Center,Al Hiniya Block Plot #9 Shop #3 - الحَنْيَة - إمارة الفجيرة - United Arab Emirates,25.350178300000003,56.0233813,3.7,3,OPERATIONAL,beauty_salon,,,,False,,,2026-10-09
ChIJ6ZIf2phP9D4RLz960LJFTjw,ANSEE Nails,70 Rughaylat Rd - Saih Alkhor Suburb - Khawr Fakkan - United Arab Emirates,25.3428652,56.348076299999995,3.9,67,OPERATIONAL,nail_salon,,,,False,,,2026-10-09
ChIJ_YiOVE1P9D4Rbo9xd00IY6o,صالون وايت هات فرع خورفكان - White Hat Salon Khor Fakkan Branch,Sheikh Khalid Bin Mohammed Al Qasimi Street - Hayawa 4 - Sharjah - United Arab Emirates,25.350635,56.349585299999994,4.1,34,OPERATIONAL,barber_shop,,,,False,,men-only,2026-10-09
ChIJ7Wp-V1xP9D4RfDEB82Z1XYo,Golden Beauty Care Center صالون قولدن بيوتي,88RX+Q84 - Al Bardi 5 - Sharjah - United Arab Emirates,25.3419541,56.3482007,4,67,OPERATIONAL,beauty_salon,moderate,100,400,False,,,2026-10-09
ChIJkwJsv-BP9D4RLdz5XteilsM,Nawarah Beauty Center,983W+8W8 - Abi Ma'zah St - Hayawa 4 - Sharjah - United Arab Emirates,25.353282099999998,56.347339299999994,3.7,75,OPERATIONAL,beauty_salon,,,,False,,,2026-10-09
ChIJ3Uap82BP9D4RIGYwcghrtA8,Revan Beauty centre,89Q2+9P - Hayawa 4 - Sharjah - United Arab Emirates,25.351057899999997,56.3432756,3.7,45,OPERATIONAL,beauty_salon,,,,False,,,2026-10-09
ChIJ6xcXIsFP9D4R-_YzJwU3sCI,Alyazia Beauty مركز اليازية للحناء والتجميل,الشارع العام - Saih Alkhor Suburb - Sharjah - United Arab Emirates,25.3373508,56.3479475,4.5,30,OPERATIONAL,beauty_salon,,,,False,,,2026-10-09
ChIJHWQ4aQpP9D4RvlPXdEaqf7U,DANAT ALKOOR LADIED BEAUTY,89R2+3CV - Saih Alkhor Suburb - Sharjah - United Arab Emirates,25.3402499,56.3510583,4.2,26,OPERATIONAL,beauty_salon,,,,False,,,2026-10-09
ChIJg_jQANJP9D4RLy3wRTGIZKM,صالون للتجميل,Khor Fakkan - Saih Alkhor Suburb - Sharjah - United Arab Emirates,25.3451131,56.3493917,4.3,33,OPERATIONAL,beauty_salon,,,,False,,,2026-10-09
ChIJF5zs64JP9D4RrrFVIX-WnNQ,AL MINHA LADIES SALON,behind Famila Max - Al birdi - Sharjah - United Arab Emirates,25.3390554,56.3507354,4.8,93,OPERATIONAL,beauty_salon,,,,False,,,2026-10-09
ChIJT5vWBDJP9D4RXRuuDsCCce0,Glow beauty center,9922+Q7 - حي حياوة 4 - إمارة الشارقةّ - United Arab Emirates,25.351933499999998,56.350673699999994,4.3,31,OPERATIONAL,beauty_salon,,,,False,,,2026-10-09
ChIJ_yW_yxBP9D4RkTrMvKZSLjY,صالون نهال,89W2+5CV - Al Bardi 2 - Sharjah - United Arab Emirates,25.345020299999998,56.350645699999994,4,6,OPERATIONAL,beauty_salon,,,,False,,,2026-10-09
ChIJhwESyNJP9D4RDzO4QajOie8,AL Diwan AL Mutamayez ladies salon,Khor Fakkan - Saih Alkhor Suburb - Sharjah - United Arab Emirates,25.340342999999997,56.349332,4.3,60,OPERATIONAL,beauty_salon,,,,False,,,2026-10-09
ChIJgyUVEZVP9D4R7y8VKt6mhg0,صالون جمال الروح حمام مغربي,شارع السينما - Al Bardi 1 - Sharjah - United Arab Emirates,25.3479575,56.3535124,4.4,20,OPERATIONAL,hair_salon,,,,False,,,2026-10-09
ChIJaU3E131P9D4RcZTjNZgSe_I,Jdayel Beauty center - مركز جدايل للتجميل,Khor Fakkan - Hayawa 4 - Sharjah - United Arab Emirates,25.3557278,56.3428495,4.7,67,OPERATIONAL,beauty_salon,moderate,100,300,False,,,2026-10-09
ChIJVxCBCU1P9D4RnLnTG8zQaKo,Sakura beauty center,Khor Fakkan - Hayawa 4 - Sharjah - United Arab Emirates,25.3529868,56.3484536,3.5,21,OPERATIONAL,beauty_salon,,,,False,,,2026-10-09
ChIJgZNmEgBP9D4RIOR76qPMAJQ,مركز قصة للتجميل,Villa no 105 Ali Bin Abi Talib St - hayawwa - Sharjah - United Arab Emirates,25.350037,56.3462561,4.7,18,OPERATIONAL,beauty_salon,,,,False,,,2026-10-09
ChIJeUvgfwBP9D4RP1tnlqi7R-0,صالون الكناري للسيدات,88PX+M5X - Abdullah Bin Wahab St - Al Bardi 7 - Sharjah - United Arab Emirates,25.3367428,56.3479739,3,1,OPERATIONAL,beauty_salon,,,,False,,,2026-10-09
ChIJxcfzFgBP9D4RYZH1NAQmnqk,‏صالون اليرموك الحلاق,88RX+677 - Al Bardi 7 - Sharjah - United Arab Emirates,25.340555799999997,56.348194,4.8,21,OPERATIONAL,barber_shop,,,,False,,men-only,2026-10-09
ChIJZ7PGoT05Xj4RElhiMXmv76U,Rustom gents saloon,MusaffahME-10 - أبو ظبي - United Arab Emirates,25.3491337,56.3486586,4.6,15,OPERATIONAL,barber_shop,,,,False,,men-only,2026-10-09
ChIJ0wRxZOBP9D4RwARNiZf7rzc,دار النواعم Dar al nwaem,89Q2+498 - Saih Alkhor Suburb - Sharjah - United Arab Emirates,25.3377908,56.350951599999995,4.6,5,OPERATIONAL,beauty_salon,,,,False,,,2026-10-09
ChIJeQyq-_JP9D4RVxuVLi4EZDU,Rukh Al Shaheen Ladies Salon,89P2+XXR - Al Bardi 3 - Sharjah - United Arab Emirates,25.3374782,56.3523796,3.8,5,OPERATIONAL,beauty_salon,,,,False,,,2026-10-09
ChIJF6fVxrtP9D4Rt0ZOnILgMKQ,AL BARAZIL HAIRDRESSING SALON,89R3+337 - Saih Alkhor Suburb - Sharjah - United Arab Emirates,25.340165799999998,56.352664999999995,3.7,7,OPERATIONAL,barber_shop,,,,False,,men-only,2026-10-09
ChIJbwisq0lP9D4R63jm5OM1law,NOOR AL SEBAH HAIRDRESSING SALON,Al Bardi 3 - Sharjah - United Arab Emirates,25.340385899999998,56.3535678,,,OPERATIONAL,beauty_salon,,,,False,,,2026-10-09
ChIJTRsDTN5P9D4R5ILK2VlW7ig,Ah hajjn Building,89V3+5QJ - Al Musalla St - Saih Alkhor Suburb - Sharjah - United Arab Emirates,25.3429562,56.3543932,4,5,OPERATIONAL,barber_shop,,,,False,,men-only,2026-10-09
ChIJo46T6rtP9D4Rt7U-hRPthyY,صالون الجبال بلودان للحلقه JEBAL BLUEDAN HAIR DRESSING SALOON,Saih Alkhor Suburb - Sharjah - United Arab Emirates,25.3400976,56.353155199999996,4.3,7,OPERATIONAL,barber_shop,,,,False,,men-only,2026-10-09
ChIJZelXRA5P9D4RUxnCz9FbN7o,Al Fateh Hair Dressing Saloon,Tariq bin Zayed road - Saih Alkhor Suburb - Sharjah - United Arab Emirates,25.342854499999998,56.354399,5,1,OPERATIONAL,hair_salon,,,,False,,,2026-10-09
ChIJk0JWZJ9P9D4REvuJmvoZ9iU,The Malayali Barbar shop,89Q3+VFX cinema Road - Old souq - Al Bardi 3 - Sharjah - United Arab Emirates,25.339740499999998,56.3537361,5,1,OPERATIONAL,barber_shop,,,,False,,men-only,2026-10-09
ChIJu1i167tP9D4RvqSHr53eMHY,Al Arabi Hair Cutting Saloon,89R3+37H - Saih Alkhor Suburb - Sharjah - United Arab Emirates,25.340193000000003,56.353229999999996,,,OPERATIONAL,hair_salon,,,,False,,,2026-10-09
ChIJ9XjnAgBP9D4RdEqEpwPsHBE,UGARATE HAIRDRESSING SALOON,89W3+H4M - Al Bardi 2 - Sharjah - United Arab Emirates,25.346467999999998,56.3528055,,,OPERATIONAL,beauty_salon,,,,False,,,2026-10-09
ChIJA6jm3JRP9D4RDc_5cMxkt0o,Jawharat Al khoor ladies saloon,Khorfakkan bardi - 89W2+FF6 - ضاحية سيح الخور - إمارة الشارقةّ - United Arab Emirates,25.3461578,56.35115510000001,,,OPERATIONAL,beauty_salon,,,,False,,,2026-10-09
ChIJufoQu9xR9D4RlMmDrAUYLl4,صالون باب الريان للحلاقة,89Q3+QCW - Saih Alkhor Suburb - Fujairah - United Arab Emirates,25.339477600000002,56.353582599999996,2.5,2,OPERATIONAL,hair_salon,,,,False,,men-only,2026-10-09
ChIJ15AC5btP9D4RyD39FDCH8Rw,Golden Scissors Hair Cutting Saloon,89Q3+VCQ - Saih Alkhor Suburb - Sharjah - United Arab Emirates,25.3397239,56.3536125,,,OPERATIONAL,hair_salon,,,,False,,,2026-10-09
ChIJC_9UUQBP9D4RKJDwO5u9L88,HOUSE OF ELEGANCE NAIL CARE,Al Bardi 3 - Sharjah - United Arab Emirates,25.33634,56.351362699999996,5,3,OPERATIONAL,nail_salon,,,,False,,,2026-10-09
ChIJWYHvRQBP9D4R9MFd1qNKEtM,صالون طوق المسك للسيدات,89W3+379 - Al Bardi 1 - Sharjah - United Arab Emirates,25.3451725,56.353234,,,OPERATIONAL,beauty_salon,,,,False,,,2026-10-09
ChIJAwSVYABP9D4RNvssRqQBqdE,MOHAMMED EMTIYAZ HAIRDRESSING SALOON,89W2+CFJ - Al Bardi 2 - Sharjah - United Arab Emirates,25.3460926,56.3511264,5,1,OPERATIONAL,hair_salon,,,,False,,,2026-10-09
ChIJecETiaH39T4Rq7O0o-tgGtM,Velvet beauty salon,Al muihat 3 - عجمان - United Arab Emirates,25.3644705,55.4929644,4.1,117,OPERATIONAL,beauty_salon,moderate,100,400,False,,,2026-10-09
ChIJRSDw2PX39T4RseVuWvDd5vQ,Sakura Beauty Lounge,Academy building - Al Muwaihat 3 - Ajman - United Arab Emirates,25.3671492,55.493572,4.5,90,OPERATIONAL,beauty_salon,moderate,1,200,False,,,2026-10-09
ChIJXZWEseP39T4RnHrpKtcirAo,Lash Beauty Center,m - المويهات 3 - عجمان - United Arab Emirates,25.3643744,55.4928216,4.1,80,OPERATIONAL,beauty_salon,moderate,100,200,False,,,2026-10-09
ChIJMSec71dZXz4RV4CORjjmTxY,Henna by Maimoona,JR Residence 5 - Al Muwaihat 3 - Ajman - United Arab Emirates,25.3688851,55.4965105,4,2,OPERATIONAL,beautician,,,,False,,,2026-10-09
ChIJNxucuvv39T4RY5NdfQIytkE,Al Maghrbi Beauty Center مركز المغربي للتجميل,Al muwaihat 3 Diamond residence M floor office 8 - المويهات 3 - عجمان - United Arab Emirates,25.3626359,55.492179199999995,5,62,OPERATIONAL,beauty_salon,,,,False,,,2026-10-09
ChIJxX4-UQBbXz4Rp3Ky8M4DsI4,صالون قصة فراشة للتجميل | Qessat Frashah Beauty Salon,Ajman st Road - 3 2 Street - Al Muwaihat 3 - Ajman - United Arab Emirates,25.366281299999997,55.4836652,4.6,10,OPERATIONAL,beauty_salon,,,,False,,,2026-10-09
ChIJpQMjbQBZXz4RzscUup6hkN8,Heya Ladies Saloon,9F9R+42X - Al Muwaihat 3 - Ajman - United Arab Emirates,25.367854599999998,55.490113099999995,3.6,5,OPERATIONAL,beauty_salon,,,,False,,,2026-10-09
ChIJrwkkTBv39T4RdDA9sAXQGzs,Farju Make Over and Ladies Salon,near Ajman Academy - Mowaihat 3 - Ajman - United Arab Emirates,25.368722,55.4958981,5,2,OPERATIONAL,beauty_salon,,,,False,,,2026-10-09
ChIJla8vNqX39T4RlMErtwQfxEE,Khairah Beauty saloon,"Al Muwaihat 3. 48a, 27 street. Deyar building shop no. 4 - المويهات 3 - عجمان - United Arab Emirates",25.3703498,55.4933996,4,22,OPERATIONAL,beauty_salon,,,,False,,,2026-10-09
ChIJgy5dPQD39T4R89UwMIHenOU,TheBeautySpot,9FCV+FPQ - Al Muwaihat 3 - Ajman - United Arab Emirates,25.3720106,55.4951693,3.3,23,OPERATIONAL,beauty_salon,,,,False,,,2026-10-09
ChIJNYmooNVZXz4Rhy3UyumrJfQ,Al Helaqa Al Raqia Gents Saloon,Gharnatah St - Al Muwaihat 3 - Ajman - United Arab Emirates,25.3692152,55.4861059,5,2,OPERATIONAL,hair_salon,,,,False,,men-only,2026-10-09
ChIJNfWoh_xZXz4R1kJlmTJQajo,KADI BEAUTY SALOON - BRANCH 1,Shop No 2 - 3 - المويهات 2 - عجمان - United Arab Emirates,25.371107,55.49950940000001,4.7,15,OPERATIONAL,beauty_salon,,,,False,,,2026-10-09
ChIJVT_tAD5DdwgRbn4DNMU6-18,POOJA BEAUTY SALOON,Shop No 7 - Gharnatah St - opposite ADNOC Petrol Station - Al Muwaihat 3 - Ajman - United Arab Emirates,25.366265799999997,55.4924545,4.3,6,OPERATIONAL,beauty_salon,,,,False,,,2026-10-09
ChIJJx9l9mr39T4RO2VpzMLPSvc,House Barber,Shop 6 - Southern Sector. Building JR Resident 1 - المويهات 3 - عجمان - United Arab Emirates,25.368503099999998,55.4956744,4.6,20,OPERATIONAL,hair_salon,,,,False,,men-only,2026-10-09
ChIJE9-nIwD39T4RYyjC3eSGsZY,Alamy Barber shop,Al Muwaihat 3 - Ajman - United Arab Emirates,25.367804,55.4951376,5,70,OPERATIONAL,barber_shop,,,,False,,men-only,2026-10-09
ChIJ5c5EP2lZXz4R07DF9QCU9pc,Palash Hair Cutting Saloon,9F7M+M22 - Al Muwaihat 3 - Ajman - United Arab Emirates,25.3641276,55.482518299999995,4.5,11,OPERATIONAL,hair_salon,,,,False,,,2026-10-09
ChIJw6DcnRL39T4RFFYAFsvfErE,صالون إسعاد للرجال,المويهات 2، - Al Mwaihat 2 - Ajman - United Arab Emirates,25.3735759,55.496043099999994,3.9,19,OPERATIONAL,hair_salon,,,,False,,men-only,2026-10-09
ChIJf-ZxAoj39T4RqSGAoqeSIAs,Al Jadeed Saloon,9F8R+FWC - Al Muwaihat 3 - Ajman - United Arab Emirates,25.3664804,55.491583899999995,4.1,7,OPERATIONAL,barber_shop,,,,False,,men-only,2026-10-09
ChIJvR09lg739T4RJQ96HvWISvk,Hair Cutting Amro Saloon صالون عمرو الحلاقة,Al Muwaihat 3 - Ajman - United Arab Emirates,25.369861999999998,55.4984195,4.6,25,OPERATIONAL,barber_shop,,,,False,,men-only,2026-10-09
ChIJ_6I6RDL39T4RizsRKzeTFnQ,صالون نويد احمد للحلاقة,Al Muwaihat 3 - Ajman - United Arab Emirates,25.3706503,55.4934288,4.7,21,OPERATIONAL,barber_shop,,,,False,,men-only,2026-10-09
ChIJcacNWbf39T4RDWotpb8jMus,مركز روجينا للتجميل . Rojina beauty Center,خلف شروق مول وسوبر ماركت الحوت - شارع الشيخ عمار - Al Muaihat 1 - Ajman - United Arab Emirates,25.382956,55.5110981,3.8,234,OPERATIONAL,beauty_salon,moderate,1,300,False,,,2026-10-09
ChIJ3-vLGIH39T4RVX-llbsFBqw,NOVA SALON,9GF2+C7 - 2 110a St - Mowaihat1 - Al Mwaihat 2 - Ajman - United Arab Emirates,25.373581599999998,55.5005575,4.8,122,OPERATIONAL,beauty_salon,,,,False,,,2026-10-09
ChIJQWEKTwD39T4Rtmgm2NGJAtI,دويز بيوتي لاونج Doise beauty lounge,Sheikh Ammar Bin Humaid St - Al Muaihat 1 - Ajman - United Arab Emirates,25.377834999999997,55.5081938,4.6,207,OPERATIONAL,beauty_salon,moderate,100,400,False,,,2026-10-09
ChIJ4YkuPuj39T4R_ttSDyUX_Ow,Royal Blush Beauty saloon,9FFX+XC7 - Al Mwaihat 2 - Ajman - United Arab Emirates,25.374902799999997,55.498552999999994,4.6,19,OPERATIONAL,beauty_salon,,,,False,,,2026-10-09
ChIJdyOsJA339T4Rt18fInECe9E,The Sisters Salon,Shop No. GO7 City Life - Mall - التلة 2 - عجمان - United Arab Emirates,25.3664417,55.510733,3.5,161,OPERATIONAL,beauty_salon,moderate,100,300,False,,,2026-10-09
ChIJGaD8KLD39T4RqJF9Ou8b2Fs,صالون انوثة لتجميل السيدات Ounotha Beauty Ladies Salon,opposite Ajman Academy - Al Mwaihat 2 - Ajman - United Arab Emirates,25.3734252,55.502809199999994,4.3,65,OPERATIONAL,beauty_salon,,,,False,,,2026-10-09
ChIJeWEuf6f39T4RJq5suV0TQZg,AHL AL FAKHAMA GENTS SALOON اهل الفخامة,9GJ8+923 - Al Muaihat 1 - Ajman - United Arab Emirates,25.380684799999997,55.5124547,4.2,5,OPERATIONAL,barber_shop,,,,False,,men-only,2026-10-09
ChIJX_3nsDr39T4RkbNRObk61nk,صالون الهيبة للحلاقة Alhaybeh Saloon,Al Mwaihat 2 - Ajman - United Arab Emirates,25.373655799999998,55.5032059,4.7,66,OPERATIONAL,hair_salon,,,,False,,men-only,2026-10-09
ChIJ4dFw3hL39T4RHF-lbIwylfQ,Rami Barberia men's saloon صالون رامي باربيريا,opposite the Academy School - Al Mwaihat 2 - Ajman - United Arab Emirates,25.3716446,55.5016962,4.9,27,OPERATIONAL,hair_salon,,,,False,,men-only,2026-10-09
ChIJ_ZlA5KH39T4Rin7Rv2aDDSk,Big Boss Salon Branch 3,LIAQAT RESIDENCE - Shop 4 - Al Tallah 2 - Ajman - United Arab Emirates,25.373381499999997,55.5066711,4.1,34,OPERATIONAL,barber_shop,,,,False,,men-only,2026-10-09
ChIJrz9xCmb39T4RmmCYZGyHE2w,Hijran Ladies Saloon,Sheikh Ammar Bin Humaid St - Al Muaihat 1 - Ajman - United Arab Emirates,25.376494299999997,55.509203799999995,4.6,43,OPERATIONAL,beauty_salon,,,,False,,,2026-10-09
ChIJH5BYg-j39T4RblTAXHgLmgs,صالون قصر فرساي للحلاقة والعناية الشخصية للرجال,التلة2 - اشارة - Sheikh Ammar Bin Humaid St - Al Tallah 2 - Ajman - United Arab Emirates,25.3737295,55.5064778,4,26,OPERATIONAL,hair_salon,,,,False,,men-only,2026-10-09
ChIJ8Zl_DQD39T4RxAJc1bqWMh8,شمسين للحلاقة shamseen HAlR CUTTING,Al Tallah 2 - Ajman - United Arab Emirates,25.3736598,55.5067787,4.9,61,OPERATIONAL,barber_shop,,,,False,,men-only,2026-10-09
ChIJlSaINc_39T4RNt-nVOp30Qs,E & D Beauty Lounge,Shop 1 Building 8 Tallah - Al Mwaihat 2 - Ajman - United Arab Emirates,25.377215999999997,55.5124353,4.4,80,OPERATIONAL,beauty_salon,,,,False,,,2026-10-09
ChIJHSc1dAD39T4R2sM-w1uvVd4,Lamsat Habiba Beauty Salon,9GH5+78H - Al Muaihat 1 - Ajman - United Arab Emirates,25.378198899999997,55.5083674,4.4,25,OPERATIONAL,beauty_salon,,,,False,,,2026-10-09
ChIJIbSLUzL39T4RbSu-xtRh-Sw,Najm al mezaeen saloon,بناء السبكي_مويهات1_شارع الشيخ عمار - Al Muaihat 1 - Ajman - United Arab Emirates,25.376593399999997,55.5093719,5,43,OPERATIONAL,hair_salon,,,,False,,,2026-10-09
ChIJcVoE_TT39T4RvJ-CqcAOAuY,Russian Villa,9GJ9+55Q - Al Muaihat 1 - Ajman - United Arab Emirates,25.380857,55.5180617,4.4,12,OPERATIONAL,nail_salon,,,,False,,,2026-10-09
ChIJCZUZ-Kv39T4RgJ7Z8VmpmQY,Ayla beauty center,ضاحية الياسمين - Al Yasmeen - Ajman - United Arab Emirates,25.365564,55.5582121,4.8,288,OPERATIONAL,beauty_salon,moderate,1,200,False,,,2026-10-09
ChIJV4ptKk739T4ROn-BBQCMLoo,صالون تحديد للحلاقة,Al Yasmeen - Ajman - United Arab Emirates,25.365809199999998,55.562422299999994,4.7,72,OPERATIONAL,hair_salon,,,,False,,men-only,2026-10-09
ChIJy2MCv0_39T4RcI785jsHews,Cuatro Flores Beauty Saloon,Al Muntazi 2 - Ajman - United Arab Emirates,25.378431,55.5484133,5,2,OPERATIONAL,beauty_salon,,,,False,,,2026-10-09
ChIJUwGvxBb39T4RkQ6tpevC56w,صالون الجيس للحلاقة,9H86+8W8 - شارع - Al Yasmeen - Ajman - United Arab Emirates,25.3657844,55.562325599999994,4.8,8,OPERATIONAL,barber_shop,,,,False,,men-only,2026-10-09
ChIJL7qTKQD39T4RyzYRbMVaN4w,KamalCutz,9H63+527 - Al Ruqa Al Hamra - Sharjah - United Arab Emirates,25.360402099999998,55.55253760000001,,,OPERATIONAL,hair_salon,,,,False,,,2026-10-09
ChIJuW4eKQD39T4RxTuP1MXxxE4,Pearls Beauty Salon,Sheikh Mohammed Bin Zayed Rd - Al Muntazi 2 - Ajman - United Arab Emirates,25.378429099999998,55.5486642,4.6,42,OPERATIONAL,beauty_salon,moderate,100,300,False,,,2026-10-09
ChIJDYVJZQD39T4RMYOgxJKFDlI,Muhammad Waseem and Muhammad Afzal Gents Salon,9H85+45V - Al Yasmeen - Ajman - United Arab Emirates,25.3653622,55.5579294,4,1,OPERATIONAL,hair_salon,,,,False,,men-only,2026-10-09
ChIJ9SP1sIH39T4RG89Qla7AH24,Me & You Spa Saloon,Between Al Yasmeen & - Al Rahmania Suburb - Al Yasmeen - Ajman - United Arab Emirates,25.3656084,55.5605286,,,OPERATIONAL,beauty_salon,,,,False,,,2026-10-09
ChIJx_Zd-3339T4RpJDALbGe2cE,Nary beauty center,Al Yasmeen - Ajman - United Arab Emirates,25.3765802,55.570474,4.9,346,OPERATIONAL,beauty_salon,,,,False,,,2026-10-09
ChIJddRat0T39T4R5w7W6EZT6QY,Seemab's Beauty Lounge,Eastern Sector - Showroom No. 1198 - Al Yasmeen - Ajman - United Arab Emirates,25.366233299999998,55.566979499999995,4.8,593,OPERATIONAL,beauty_salon,moderate,1,300,False,,,2026-10-09
ChIJz5iPBwD39T4RXJqGj8Io3sU,H beauty ladies salon,9H89+G49 - Al Yasmeen - Ajman - United Arab Emirates,25.3666506,55.5681027,4.6,161,OPERATIONAL,beauty_salon,moderate,1,200,False,,,2026-10-09
ChIJC-NkV6L39T4R6buSi-Sectw,Be.you.tiful.salon_,Unnamed Road - الياسمين - عجمان - United Arab Emirates,25.366256999999997,55.567206999999996,4.1,179,OPERATIONAL,beauty_salon,moderate,1,300,False,,,2026-10-09
ChIJsWAf4fP39T4RAN2Fb_jhfW4,OTRO Beauty Salon,9H8G+VP8 - Al Yasmeen - Ajman - United Arab Emirates,25.3671714,55.5770573,4.4,208,OPERATIONAL,beauty_salon,expensive,100,500,False,,,2026-10-09
ChIJYQkN2bv39T4ReQTw616WGo4,Malika al Yasmeen henna and beauty saloon. صالون مليكة الياسمين للحناء والتجميل,9H88+HCH - near Rahmaniya - Al Yasmeen - Ajman - United Arab Emirates,25.3663831,55.5658355,4,69,OPERATIONAL,beauty_salon,,,,False,,,2026-10-09
ChIJX3iiY0X39T4RGe0mb0byD1o,Madame coco salon,Al Rahmania Suburb - Al Yasmeen - Sharjah - United Arab Emirates,25.366459499999998,55.5686666,4,91,OPERATIONAL,beauty_salon,expensive,200,400,False,,,2026-10-09
ChIJwQkZAAD39T4RZ9k--ciy9IA,صالون بودروم للحلاقة BODRUM SALOON HAIR CUTTING,9H8H+XX - Al Yasmeen - Ajman - United Arab Emirates,25.367421600000004,55.5798955,4.7,54,OPERATIONAL,barber_shop,moderate,20,120,False,,men-only,2026-10-09
ChIJXaMXsyz39T4RDTysQhOgRFU,TREND GENTS SALOON,9HHF+F4 - Al Yasmeen - Ajman - United Arab Emirates,25.3785348,55.5738662,4.4,304,OPERATIONAL,hair_salon,inexpensive,1,50,False,,men-only,2026-10-09
ChIJRyceFgz39T4ROfSOG1cTX08,Glow 365 Hair Cutting saloon صالون قلو 365,الحليو - Al Yasmeen - Ajman - United Arab Emirates,25.3674283,55.5799752,4.6,40,OPERATIONAL,hair_salon,,,,False,,,2026-10-09
ChIJ6wOu7UX39T4Rk5lD26PEn4w,صالون سكرة للتجميل,Al Yasmeen - Ajman - United Arab Emirates,25.3663717,55.5672378,4.5,86,OPERATIONAL,beauty_salon,,,,False,,,2026-10-09
ChIJsyqvDtn39T4Rsc9pU-qpaj4,Antaliya Salon Al Yasmeen صالون انطاليا الياسمين,Al Yasmeen - Ajman - United Arab Emirates,25.3673881,55.5793238,4.8,64,OPERATIONAL,hair_salon,moderate,1,150,False,,,2026-10-09
ChIJq1BfPjf39T4R8SygzPKtZ-0,SEHR ALYA SALOON,Ajman - Al Yasmeen - Ajman - United Arab Emirates,25.3674359,55.579662299999995,4.3,67,OPERATIONAL,beauty_salon,moderate,100,200,False,,,2026-10-09
ChIJjxRFDwD39T4RJhx2ztYmeO0,burj Istanbul saloon,9H8G+RRR - Al Yasmeen - Ajman - United Arab Emirates,25.3670466,55.5770579,4.4,42,OPERATIONAL,beauty_salon,,,,False,,,2026-10-09
ChIJn2l6sKj29T4RSKLmRnwqQ0I,Retanbeautycentre,Al Rahmania Suburb - Shaghrafa 3 - Sharjah - United Arab Emirates,25.362547100000004,55.569933500000005,4.4,61,OPERATIONAL,beauty_salon,,,,False,,,2026-10-09
ChIJL8LgCj339T4RaUfp1dZkSl4,Najoom aldar Gents Salon صالون نجوم الدار للرجال,Al Yasmeen - Ajman - United Arab Emirates,25.3667083,55.5718755,4.3,35,OPERATIONAL,barber_shop,,,,False,,men-only,2026-10-09
ChIJz4-X7-f39T4RcGUe4JNAlWw,Shabab Al Rahmaniyya Hairdresser,9H69+PV9 - Al Rahmania Suburb - Shaghrafa 3 - Sharjah - United Arab Emirates,25.361794099999997,55.569740800000005,4.2,34,OPERATIONAL,hair_salon,,,,False,,,2026-10-09
ChIJJfCvbJv39T4RPNTA3OKcGKA,صالون الخزامية للحلاقة,Al Yasmeen - Ajman - United Arab Emirates,25.3665007,55.569921,4.2,29,OPERATIONAL,barber_shop,,,,False,,men-only,2026-10-09
ChIJo0bKEMPz9T4RbYsUhO0wZ2Y,????,Emirates Rd - Al Rahmania Suburb - Hay Al Dibdibah South - Sharjah - United Arab Emirates,25.3622366,55.614731199999994,5,5,OPERATIONAL,beautician,,,,False,,,2026-10-09
ChIJ4WXukBXx9T4RuShoSL1N1Cg,Monti Hair cutting Saloon | صالون حلاقة مونتي,9HGW+WC - Helio 2 - Ajman - United Arab Emirates,25.377053399999998,55.596010799999995,2.3,3,OPERATIONAL,barber_shop,,,,False,,men-only,2026-10-09
ChIJ__O1hX_x9T4R7stszQ-CbYY,Men’s lounge barber,Unnamed Road - Al Yasmeen - Ajman - United Arab Emirates,25.371515199999997,55.595656899999994,3.7,6,OPERATIONAL,beauty_salon,,,,False,,men-only,2026-10-09
ChIJhbXTZ8bx9T4RDAsTLMCOn_k,Nail Atelier by Katrina,Helio 2 - Ajman - United Arab Emirates,25.3768855,55.592911099999995,4.7,58,OPERATIONAL,nail_salon,moderate,100,250,False,,,2026-10-09
ChIJuaP1Q7bx9T4RgS3QpK-cGtk,BAB AL JAZEERA MENS SALOON LLC,Al - Helio 2 - Ajman - United Arab Emirates,25.379126499999998,55.6019744,5,1,OPERATIONAL,hair_salon,,,,False,,,2026-10-09
ChIJFfpwcQDx9T4RcKzXCTQwXNM,Al Emlaq Hairdressing Saloon,9JGP+G9R - Al Sajaa Agricultural - Sharjah - United Arab Emirates,25.3763535,55.6359699,,,OPERATIONAL,hair_salon,,,,False,,,2026-10-09
ChIJYQtZAwBZXz4RNsXKY6CFb0c,MUHAMMAD RASHID SALOON,Al Sajaa - Al Jlail - Sharjah - United Arab Emirates,25.3678609,55.6406631,,,OPERATIONAL,barber_shop,,,,False,,men-only,2026-10-09
ChIJNZhJJv1P9D4Rwzb-u1700Js,Nefertiti Salon Khor Fakkan,Corniche St - Al Mudeife 1 - Sharjah - United Arab Emirates,25.3606998,56.348052599999995,4.5,388,OPERATIONAL,beauty_salon,very_expensive,200,500,False,,,2026-10-09
ChIJrWXoPABP9D4R9x0Et6VErEU,Pause Salon Khorfakkan,98GX+J66 - Al Mudeife 5 - Sharjah - United Arab Emirates,25.3765681,56.3479654,3.8,111,OPERATIONAL,beauty_salon,moderate,100,300,False,,,2026-10-09
ChIJP0r0LAZP9D4RR-_eUBmiiL0,Shatha beauty & SPA,Hayawa 4 - Sharjah - United Arab Emirates,25.3551728,56.3503927,4.5,391,OPERATIONAL,beauty_salon,moderate,100,400,False,,,2026-10-09
ChIJjSxtXYZP9D4R0v30B2R9q90,Dar Salamah beauty center,خورفكان الخالدية خلف - Corniche St - Hay Al Gharb - Sharjah - United Arab Emirates,25.352344499999997,56.3527635,3.9,32,OPERATIONAL,beauty_salon,,,,False,,,2026-10-09
ChIJO8GurkZP9D4Rn5Maui6oLYQ,Mirosa Beauty saloon KhorFakkan BR صالون مي روسا,Khalid Bin Saeed St - Hayawa 4 - Sharjah - United Arab Emirates,25.354099100000003,56.350681599999994,3.8,37,OPERATIONAL,beauty_salon,,,,False,,,2026-10-09
ChIJS6lT_4dP9D4RzQMdef7i8BY,AL NAZAHA LAIDES SALON,983X+P4F - Al Tufail Bin Malik St - Hayawa 4 - Sharjah - United Arab Emirates,25.3543193,56.347805699999995,3.7,7,OPERATIONAL,beauty_salon,,,,False,,,2026-10-09
ChIJoyYwpwhP9D4R4AZ65qDkjAA,Al Rashid Hairdressing Saloon,985X+5M2 - Hayawa 3 - Sharjah - United Arab Emirates,25.357886699999998,56.349140399999996,4.3,6,OPERATIONAL,hair_salon,,,,False,,,2026-10-09
ChIJJfa5cgBP9D4RWgBmxg2wxNg,صالون غزال الخور للأطفال فرع سوق المرقاب خورفكان,983W+GGC - Hayawa 4 - Sharjah - United Arab Emirates,25.3538221,56.3462548,,,OPERATIONAL,barber_shop,,,,False,,men-only,2026-10-09
ChIJ8zp8AgZP9D4R0-boqDJjAps,Royal Saloon,985X+5M6 - Hayawa 3 - Sharjah - United Arab Emirates,25.357904299999998,56.349131299999996,,,OPERATIONAL,hair_salon,,,,False,,,2026-10-09
ChIJC0SyHwNP9D4RLA_ed9ii4dM,صالون الحصان الاسود للحلاقة Black Horse Shaving Price,Al Mudeife 1 - Sharjah - United Arab Emirates,25.355370999999998,56.3479683,4.8,6,OPERATIONAL,hair_salon,,,,False,,men-only,2026-10-09
ChIJOQYsEABP9D4RI-h7Ao4XOwk,حياوة,983W+GGC - Hayawa 4 - Sharjah - United Arab Emirates,25.3538221,56.3462548,,,OPERATIONAL,hair_salon,,,,False,,,2026-10-09
ChIJEXoPxHlbXz4R1B_h_-YgHSs,Awtar Beauty Center – Sharjah Corniche,Al Raha Walk by Damas - Shop No. 1 - 420 Al Muntazah St - Al Fisht - Alheera Suburb - Sharjah - United Arab Emirates,25.3856349,55.408249399999995,4.7,371,OPERATIONAL,beauty_salon,very_expensive,100,600,False,,,2026-10-09
ChIJU_FE7oxZXz4RAFCCz9C5dmM,"Litchi Ladies Salon Sharqan Branch, صالون ليتشي لسيدات فرع شرقان",Al Mirgab St - Sharqan - Alheera Suburb - Sharjah - United Arab Emirates,25.376142599999998,55.410162799999995,3.7,241,OPERATIONAL,beauty_salon,,,,False,,,2026-10-09
ChIJ90NFrO9ZXz4Ro0ad3uwU7CM,Al Amakin Ladies Salon,950 S103 - Al Rifaah - Alheera Suburb - Sharjah - United Arab Emirates,25.3873887,55.4163758,4.1,179,OPERATIONAL,beauty_salon,,,,False,,,2026-10-09
ChIJcx7T2uhZXz4RGfBUwq64G7c,Damas Beauty Center - Al Mirqab,Al Sharq St - Al Mirgab - Alheera Suburb - Sharjah - United Arab Emirates,25.388673700000002,55.420353,3.9,295,OPERATIONAL,beauty_salon,moderate,100,300,False,,,2026-10-09
ChIJSbg1VAaf9T4RGmfbFN7wT8E,مياه صالون الحلاقة,محمد بن صقر بن سلطان القاسمي Butina - s 128 S128 - Bu Tena - Sharjah - United Arab Emirates,25.375479,55.403907,4.7,28,OPERATIONAL,hair_salon,,,,False,,men-only,2026-10-09
ChIJf_PphZtbXz4RjBpx0sC7A9g,صالون كابي ايشوع للرجال,near Salem Bin Ali Alowais Square - Al Qulai'aah - الشرقQulaya'ah - Sharjah - United Arab Emirates,25.376541099999997,55.401472399999996,4.3,60,OPERATIONAL,hair_salon,,,,False,,men-only,2026-10-09
ChIJyZQ0uB9aXz4RCbgazxmaGhA,Nawaem saloon,Sharjah - Al Qulai'aah - Sharjah - United Arab Emirates,25.3768892,55.4012251,4.3,22,OPERATIONAL,beauty_salon,,,,False,,,2026-10-09
ChIJiab8M9FZXz4RAAUVKAV6tco,Damas Beauty Salon,"مركز دماس للتجميل , الشارقة منطقة - 9CJ4+552 فيلا رقم 997 - Al Sharq St - Al Mirgab - Alheera Suburb - Sharjah - United Arab Emirates",25.3803769,55.4053817,2.7,9,OPERATIONAL,beauty_salon,,,,False,,,2026-10-09
ChIJsyfDRfZZXz4RzF-Rl1MUZak,N Villa Ladies Beauty Center,9CM3+7VC Corniche Villa - Al Fisht - Alheera Suburb - Sharjah - United Arab Emirates,25.3831782,55.4046442,3.9,21,OPERATIONAL,beauty_salon,,,,False,,,2026-10-09
ChIJ0XUmhwRZXz4RLzKcC3Z7GU8,SALOON MOHD EJAZ,Al Sharq St - Al Fisht 1 - Alheera Suburb - Sharjah - United Arab Emirates,25.3860311,55.4126063,3.7,3,OPERATIONAL,hair_salon,,,,False,,,2026-10-09
ChIJSzVkeCdZXz4RapI2JGLjPm8,Naeeman hairdressing Salon نعيما صالون,https://maps.app.goo.gl/YUqbSqmXwQXf8yxo8 - Al Fisht 1 - Alheera Suburb - Sharjah - United Arab Emirates,25.3843866,55.4088675,5,7,OPERATIONAL,barber_shop,,,,False,,men-only,2026-10-09
ChIJV840rIpZXz4RYmY2b2Tpizc,Beauty Saloon,9CG3+69C - Bu Tena - Sharjah - United Arab Emirates,25.375560999999998,55.403385,1,1,OPERATIONAL,beauty_salon,,,,False,,,2026-10-09
ChIJc_7Hux9aXz4RSJMRpCdEk6g,Anwar Alexandria Salon,Al Muntaz Plaza - Sheikh Mohammed Bin Saqr Al Qasimi St - Al Qulai'aah - Sharjah - United Arab Emirates,25.3768472,55.401077400000005,4.5,30,OPERATIONAL,barber_shop,,,,False,,men-only,2026-10-09
ChIJQcSCJ0FbXz4RY8EhH8FvOHE,صالون الفن المبدع للحلاقة,99GX+XJ2 - Al Qulai'aah - Sharjah - United Arab Emirates,25.377387000000002,55.3990042,5,2,OPERATIONAL,beauty_salon,,,,False,,men-only,2026-10-09
ChIJfyy_blJZXz4R87jOMEGZK-g,مركز الوفيرا للعناية بالشعر,Sharjah - Sharqan - Alheera Suburb - Sharjah - United Arab Emirates,25.3829636,55.4078482,4.6,11,OPERATIONAL,beauty_salon,,,,False,,,2026-10-09
ChIJbVEJ3PhZXz4RRIm2ZBjL19Y,"Al Mansour Ladies Saloon, Sheraton Sharjah Beach Resort & Spa Branch-4",Al Muntazah St - Al Rifaah - Alheera Suburb - Sharjah - United Arab Emirates,25.393141399999998,55.4203063,5,4,OPERATIONAL,beauty_salon,,,,False,,,2026-10-09
ChIJ4xMtFABZXz4RI4BRMJ9nLrc,Pink Moon Beauty Center,Al Qadisiyah - Alheera Suburb - Sharjah - United Arab Emirates,25.3786381,55.4142287,4.9,27,OPERATIONAL,beauty_salon,,,,False,,,2026-10-09
ChIJg0d7jWlbXz4RjrF89yjH674,صالون دار الرفاعة للحلاقة,خلف محل - 2 Sheikh Mohammed Bin Saqr Al Qasimi St - Al Qulai'aah - Sharjah - United Arab Emirates,25.3777834,55.399961299999994,5,4,OPERATIONAL,barber_shop,,,,False,,men-only,2026-10-09
ChIJAZMxfwBZXz4RSeXo0-oOcrc,Damas Beauty Center,855 Al Sharq St - Sharqan - Alheera Suburb - Sharjah - United Arab Emirates,25.377866899999997,55.403465,4.8,49,OPERATIONAL,beauty_salon,expensive,1,500,False,,,2026-10-09
ChIJtQqCK-9ZXz4RrqTLd5UQZPc,Al Narjis Al Thahabi Ladies Salon,Al - Bu Tena - Sharjah - United Arab Emirates,25.375264400000002,55.4039122,5,1,OPERATIONAL,beauty_salon,,,,False,,,2026-10-09
ChIJJwEiz8VZXz4R-TD9OQFw3n8,Hava Gents Salon,ring road - Nuaimiya St - 3 Al Nuaimia - Ajman - United Arab Emirates,25.3898761,55.4339823,4.5,705,OPERATIONAL,barber_shop,moderate,20,140,False,,men-only,2026-10-09
ChIJdexM-WZZXz4RfObPQL0FcN0,Hava Gents Salon Sheikh Khalifa Street,Sheikh Khalifa Bin Zayed St - مقابل باسكن روبنز - 3 Al Nuaimia - Ajman - United Arab Emirates,25.3922135,55.4342562,4.9,428,OPERATIONAL,barber_shop,moderate,40,140,False,,men-only,2026-10-09
ChIJNcFtLihZXz4RaDz11IclJho,Lamasat Al Maleka Beauty lounge,Shoraf tower 1. SHOP 7 - الرميلة - الرميلة 3 - عجمان - United Arab Emirates,25.3969051,55.4292325,4.7,394,OPERATIONAL,beauty_salon,moderate,1,200,False,,,2026-10-09
ChIJkQSW5IxZXz4RFLHiTT3q9O4,Banat al habeeba saloon,Al Rashidiya 2 - Ajman - United Arab Emirates,25.3966924,55.451090199999996,4.8,85,OPERATIONAL,beauty_salon,moderate,1,200,False,,,2026-10-09
ChIJ9d5Zv2FZXz4RekweShNhSmg,صالون الأميرة للتجميل,ابراج سيتي تاور - ٣ Sheikh Khalifa Bin Zayed St - 3 Al Nuaimia - Ajman - United Arab Emirates,25.391385,55.4407157,3.7,215,OPERATIONAL,beauty_salon,,,,False,,,2026-10-09
ChIJLVd7CQBZXz4Rj9ZsIGlpVPM,صالون سهام مرجانة,38 شارع بلال بن رباح - Al Rashidiya 2 - Ajman - United Arab Emirates,25.3954546,55.4467767,3.7,77,OPERATIONAL,beauty_salon,,,,False,,,2026-10-09
ChIJ65aNxMRZXz4RVAp5l7Is-RY,Istanbul Hair Cutting Salon,"Ground Floor, Rawawi 1 Building, Sheikh Khifa Bin Zayed Road, Al Rashidiya 3 - Al Rashidiya 3 - Ajman - United Arab Emirates",25.393153299999998,55.4325337,4,196,OPERATIONAL,barber_shop,,,,False,,men-only,2026-10-09
ChIJSSutuPtZXz4R-q3irtOKbPA,Al Amirat Beauty Center مركز الأميرات للتجميل,King Faisal St - opposite to Al Suwaidi Mosque - 2 Al Nuaimia - Ajman - United Arab Emirates,25.3895722,55.4513088,4.1,42,OPERATIONAL,beauty_salon,,,,False,,,2026-10-09
ChIJ_eqN-9NZXz4RyG301U-X0HA,NAYA BEAUTY SALOON,Al Rashidiya 3 - Al Rashidiya 2 - Ajman - United Arab Emirates,25.401293799999998,55.4420633,4,110,OPERATIONAL,beauty_salon,,,,False,,,2026-10-09
ChIJr1dGtixYXz4R35a_5kn7TnI,Fayza Beauty Saloon,Ajman - Al Rashidiya 2 - Ajman - United Arab Emirates,25.4020708,55.447563099999996,3.7,161,OPERATIONAL,beauty_salon,,,,False,,,2026-10-09
ChIJ8VfD6ZBZXz4RNVGSTqpfcOs,صالون لوزة - Salon Loza,شارع الكويت - 2 Al Nuaimia - Ajman - United Arab Emirates,25.386774,55.451198,4.6,103,OPERATIONAL,beauty_salon,,,,False,,,2026-10-09
ChIJvbf3rn5ZXz4RZFbJpsObRYI,Hala Ladies Beauty Center - مركز هالة النسائي للتجميل,sheikh khalifa bin zayed - بناية اندلس 2 - 2 Andalus - Al Rashidiya 3 - Ajman - United Arab Emirates,25.3928117,55.4358673,4.3,32,CLOSED_TEMPORARILY,beauty_salon,,,,False,,not-operational,2026-10-09
ChIJBXhRTBNZXz4Re8vIiR5229E,Nawaem Ladies Salon,Al Manar Buidling - Al Rashidiya 3 - Ajman - United Arab Emirates,25.3981273,55.433242099999994,3.4,54,OPERATIONAL,beauty_salon,,,,False,,,2026-10-09
ChIJVRkFqyZZXz4RGBjdLB_RFYE,Big Boss Salon Branch 1,Al Rabiya Plaza 5 - Shop 15 - Al Rashidiya 2 - Ajman - United Arab Emirates,25.3912192,55.450637099999994,4.8,134,OPERATIONAL,barber_shop,inexpensive,20,80,False,,men-only,2026-10-09
ChIJYeE_PiJZXz4RCcoYmz6qM2Y,Alamira salon,Unnamed Road - 9CRR+FMH - النعيمية 3 - عجمان - United Arab Emirates,25.391193599999998,55.4417237,4.4,264,OPERATIONAL,beauty_salon,very_expensive,100,600,False,,,2026-10-09
ChIJX8NLochZXz4RXUX6OY43kvg,Dammas Ladies Saloon,شارع معاذ - 3 Al Nuaimia - Ajman - United Arab Emirates,25.3887312,55.436316999999995,4.1,147,OPERATIONAL,beauty_salon,expensive,1,500,False,,,2026-10-09
ChIJtb-vyZ5ZXz4RzPsraGvzSWA,AMWAJ ALBHAR SALOON,Sheikh Khalifa Bin Zayed St - near Al-Usra apartment - 2 Al Nuaimia - Ajman - United Arab Emirates,25.389288,55.4497126,4.8,132,OPERATIONAL,hair_salon,,,,False,,,2026-10-09
ChIJdVZ55alZXz4RfuUPGLwiJu4,AL AKHWAH AL MUHTARIFUN,9FW2+V8C - Al Rashidiya 2 - Ajman - United Arab Emirates,25.397195999999997,55.4507651,5,4,OPERATIONAL,hair_salon,,,,False,,,2026-10-09
ChIJ0Rp4VgBZXz4RI-4msbOJcV0,Smitha's Roses Dew Beauty Center Ajman,CC4V+G85 KM Trading Building - Flat 102 - Al Rashidiya 3 - Ajman - United Arab Emirates,25.4063125,55.4433125,4.7,206,OPERATIONAL,beauty_salon,expensive,100,500,False,,,2026-10-09
ChIJR0AlBQD39T4Rhkdrrc8ZkOw,صالون قيثاره للتجميل ذ م م qethara beaty centre,Ajman - Al Rashidiya 1 - Ajman - United Arab Emirates,25.3925377,55.467955599999996,4.3,31,OPERATIONAL,beauty_salon,,,,False,,,2026-10-09
ChIJL5UnvElYXz4RfTOyREySQFY,KANDAKA BEAUTY CENTER,15 شارع الاتحاد - 2 Al Nuaimia - Ajman - United Arab Emirates,25.388979,55.454477700000005,4.5,916,OPERATIONAL,beauty_salon,moderate,100,400,False,,,2026-10-09
ChIJEStQPTdYXz4RCxyE-4Vssvo,Yoko Beauty Salon,rashidiya `Ajman - 110 شارع الاتحاد - Ajman - United Arab Emirates,25.3929235,55.4544314,3.9,608,OPERATIONAL,beauty_salon,expensive,1,600,False,,,2026-10-09
ChIJ1xgX5lpZXz4Ru0C_B5RsoLM,رندا عماد للتجميل,شارع الكويت - Al Nuaimia 1 - Ajman - United Arab Emirates,25.3847447,55.461111599999995,3.5,142,OPERATIONAL,beautician,,,,False,,,2026-10-09
ChIJ67LsO0FYXz4RBvj2_FZqISQ,Turkey Gents Saloon,Ajman - Al Nuaimia 1 - Ajman - United Arab Emirates,25.3887328,55.4646787,4.5,163,OPERATIONAL,barber_shop,,,,False,,men-only,2026-10-09
ChIJ7XCRQQpZXz4Rs8WBvUGdS0c,Masrawy salon,9FV7+59P - Unnamed Road - Al Rashidiya 1 - Ajman - United Arab Emirates,25.3929723,55.463461499999994,4.3,56,OPERATIONAL,hair_salon,,,,False,,,2026-10-09
ChIJKy56GZ5ZXz4RFWV5nEbeJrw,Mahrah Salon,Horizon Towers - 403 - D - Al Rashidiya 1 - Ajman - United Arab Emirates,25.394123699999998,55.454295599999995,4.3,18,OPERATIONAL,beauty_salon,,,,False,,,2026-10-09
ChIJnzecHPZZXz4RpOlbna9cNEE,Hafsa beauty saloon,Al Rashidiya 1 - Ajman - United Arab Emirates,25.3949291,55.4576086,4.7,775,OPERATIONAL,beauty_salon,expensive,1,600,False,,,2026-10-09
ChIJT-SLNgBZXz4R69tuLE6Vwjw,صالون اللؤلؤة الملكية / Alluluah Almalakih Salon,Ajman Pearl Tower A3 - شارع النسيم - Al Rashidiya 1 - Ajman - United Arab Emirates,25.392846199999997,55.4679691,4.4,82,OPERATIONAL,beauty_salon,,,,False,,,2026-10-09
ChIJiVzmMwBZXz4R_b78-VDu4QA,ميكاب ارتيست,Ajman Pearl Tower A5 - شارع النسيم - Al Rashidiya 1 - Ajman - United Arab Emirates,25.393113399999997,55.4684975,4.5,10,OPERATIONAL,beauty_salon,,,,False,,,2026-10-09
ChIJzwEk5KtZXz4RJni9xzjlfDQ,Hadz Saloon - صالون هادز,St - Al Mohari - Al Nuaimia 1 - Ajman - United Arab Emirates,25.3871622,55.466452200000006,4.8,58,OPERATIONAL,beauty_salon,,,,False,,,2026-10-09
ChIJT1y__EJZXz4RVzIdpFE9o-E,SKINEO SPA AND SALON (Women Only),Amr Ibn El Aas St - Al Jerf 2 - Ajman - United Arab Emirates,25.3952176,55.4835159,4.4,202,OPERATIONAL,beauty_salon,moderate,1,300,False,,,2026-10-09
ChIJs-_OiLBZXz4RX-HvbwLDPcA,Shatha Ladies Salon (ഷതാ ലേഡീസ് സലൂൺ),"Near Naumiyah Tower, Beside Al Wasl Bakery - Waha street - النعيمية 1 - عجمان - United Arab Emirates",25.388624699999998,55.458871099999996,4.6,687,OPERATIONAL,beauty_salon,moderate,1,400,False,,,2026-10-09
ChIJcWEsIQBZXz4RNJAxpndkJZM,صالون وقت الجمال,9FQ4+FG4 - Al Nuaimia 1 - Ajman - United Arab Emirates,25.3886026,55.456379999999996,5,2,OPERATIONAL,beauty_salon,,,,False,,,2026-10-09
ChIJiRfmYABZXz4Rh_ar-xSmE2Q,Wave Beauty Lounge,Free Zone - Al Rashidiya 1 - Ajman - United Arab Emirates,25.3959311,55.456727,4.7,195,OPERATIONAL,beauty_salon,moderate,100,200,False,,,2026-10-09
ChIJE4chTClZXz4R7vURiYtbRHI,AL ALMAAS SALOONصالون الالماس,"Ajman Pearl Towers A5, Shop 14 - Al Rashidiya 1 - عجمان - United Arab Emirates",25.393469099999997,55.4685735,4.4,48,OPERATIONAL,beauty_salon,,,,False,,,2026-10-09
ChIJQQmx7Y1ZXz4RAv79CtVvwsw,Shagaf salon شغف صالون,شارع النسيم - Al Rashidiya 1 - Ajman - United Arab Emirates,25.3932099,55.4680801,3.6,58,OPERATIONAL,beauty_salon,,,,False,,,2026-10-09
ChIJ49iZf-j39T4Ry4EpI9uazlY,Superstar Gents Salon,Al Jerf 2 - Ajman - United Arab Emirates,25.403541,55.497136,4.7,845,OPERATIONAL,barber_shop,moderate,20,120,False,,men-only,2026-10-09
ChIJ7UxB-1n59T4R4GdtwmE6Wmg,77 Barbershop - صالون سيفن سيفن للحلاقة,77 Fashion - 77 St - Al Jerf 2 - Ajman - United Arab Emirates,25.4021173,55.5044112,4.8,844,OPERATIONAL,barber_shop,moderate,20,100,False,,men-only,2026-10-09
ChIJuR7zv8b39T4RdomEt3rA8jI,salon maysaa,AL IMAM AL SHAFEE St - Al Jerf 2 - Ajman - United Arab Emirates,25.4045114,55.4997238,3.8,346,OPERATIONAL,beauty_salon,,,,False,,,2026-10-09
ChIJeRN84GH39T4RtMUvpJ4_iwk,مركز الأميرة للتجميل والرشاقة,162 شارع الشيخ راشد بن عبد العزيز - Al Jerf 2 - Ajman - United Arab Emirates,25.405611900000004,55.494000199999995,4.1,443,OPERATIONAL,beauty_salon,moderate,100,300,False,,,2026-10-09
ChIJcwLLYwD39T4RoKWnNtXG0lg,Abaya round about,9GV3+7R8 - Al Rawda 3 - Ajman - United Arab Emirates,25.393515999999998,55.50548680000001,4.1,22,OPERATIONAL,beauty_salon,,,,False,,,2026-10-09
ChIJqf_R9cP39T4RsR0sWdnNUnc,Gardinia Beauty Saloon صالون جاردينيا للتجميل,Ajman - Al Rawda 2 - Ajman - United Arab Emirates,25.3983703,55.5070201,4.1,204,OPERATIONAL,beauty_salon,moderate,1,300,False,,,2026-10-09
ChIJG9DvA7b39T4R_vFGVnPdQKo,Sakaker Beauty Center & GYM,Ajman - Al Rawda 2 - Ajman - United Arab Emirates,25.3899395,55.513545799999996,4,298,OPERATIONAL,beauty_salon,moderate,100,200,False,,,2026-10-09
ChIJg9wrhwP39T4RbAvwIvQJQSc,Al Worood Saloon - صالون الورود,Al Rawda 2 - Ajman - United Arab Emirates,25.393667999999998,55.5067179,3.2,83,OPERATIONAL,beauty_salon,,,,False,,,2026-10-09
ChIJSYh6HVX59T4RDE0VlE1HdnM,Empty Beauty,Sh Rashid Bin Abdulaziz St - Al Jerf 2 - Ajman - United Arab Emirates,25.402803,55.4955496,4.4,208,OPERATIONAL,beauty_salon,moderate,100,300,False,,,2026-10-09
ChIJT6l6f7z39T4RT9xjtNzkJho,صالون مدريد,CG33+254 - Al Jerf 2 - Ajman - United Arab Emirates,25.402513199999998,55.5029428,4.2,46,OPERATIONAL,barber_shop,,,,False,,men-only,2026-10-09
ChIJpcQL2Zb59T4RTt2ZkZzMzFo,Beyond beauty بيوند بيوتي,"Beyond beauty, AL JURF - Shaikh Rashid Bin Abdul Aziz Aaemi St - Al Jerf 2 - Ajman - United Arab Emirates",25.401622099999997,55.5028926,4.6,89,OPERATIONAL,beauty_salon,moderate,100,400,False,,,2026-10-09
ChIJFzyI1Sv39T4RO0leKO8-hKE,Ahla Kashkha Saloon Henna and Beauty - صالون احلى كشخه للحناء والتجميل,Al Rawda 3 - Ajman - United Arab Emirates,25.397090799999997,55.5028862,3.7,47,OPERATIONAL,beauty_salon,,,,False,,,2026-10-09
ChIJAWggAsX39T4Ru6TQSSwpb7s,Shahad beauty salon,Al Rawda 3 - Ajman - United Arab Emirates,25.397316,55.5038687,3.9,70,OPERATIONAL,beauty_salon,moderate,1,100,False,,,2026-10-09
ChIJY9UAGwD39T4RwqRxYKPHRw8,صالون العروس لنقش الحناء,9GW5+4GH - Al Rawda 2 - Ajman - United Arab Emirates,25.395312099999998,55.5088745,3.2,20,OPERATIONAL,beauty_salon,,,,False,,,2026-10-09
ChIJRTYMoov39T4RYfX-BjBZ0ac,صالون اليدايل للسيدات/ Saloon Al yadayel,شارع دمشق - Al Rawda 3 - Ajman - United Arab Emirates,25.3928597,55.499894399999995,4.3,111,OPERATIONAL,beauty_salon,moderate,1,400,False,,,2026-10-09
ChIJfxRcDUn39T4R1eC4DYp3QZc,صالون القاضي للرجال,Block #7 - 184 شارع الشيخ عمار بن حميد - near Etisalat Contact Center - الحميدية 1 - عجمان - United Arab Emirates,25.4044453,55.5076581,4.3,11,OPERATIONAL,barber_shop,,,,False,,men-only,2026-10-09
ChIJZT_9tsX39T4RpsFoILDT6gk,Gardinia Beauty Salon Br. 1 - صالون غاردينيا للتجميل,AL IMAM AHMED BIN HANBEL St - Al Jerf 2 - Ajman - United Arab Emirates,25.405673099999998,55.4992977,4.6,209,OPERATIONAL,beauty_salon,moderate,100,300,False,,,2026-10-09
ChIJaZmwYXH39T4R7rLSx5iTw6I,Classy Salon | صالون كلاسي للرجال,Al Rawda 2 - Ajman - United Arab Emirates,25.3903504,55.5092395,4.9,231,OPERATIONAL,hair_salon,,,,False,,men-only,2026-10-09
ChIJoeJQgLr39T4R0ra5hAjbZKE,Superstar Gents Salon,Al - Sheikh Maktoum Bin Rashid St - Hamidiya - Al Hamidiya 1 - Ajman - United Arab Emirates,25.3971846,55.5220348,4.9,714,OPERATIONAL,barber_shop,,,,False,,men-only,2026-10-09
ChIJ6yJ8xH339T4RdrHKP-ht-74,Hyra beauty saloon,Hamidiya - Al Hamidiya 2 - Ajman - United Arab Emirates,25.3966113,55.5238022,4.9,371,OPERATIONAL,beauty_salon,moderate,1,200,False,,,2026-10-09
ChIJXyG-LPf39T4RPUliHEtJ7lQ,REVA Men’s Personal Care | Al Hamidiya,Al Humaideya St - Hamidiya - Al Hamidiya 2 - Ajman - United Arab Emirates,25.4003598,55.5244267,4.4,236,OPERATIONAL,barber_shop,moderate,40,120,False,,men-only,2026-10-09
ChIJqdz6lhL15AkRDroG1Pax7PY,Suzette Beauty Salon L.L.C Ajman,5 - 01 شارع التلة - الروضة 1 - عجمان - United Arab Emirates,25.3844485,55.522671599999995,4.8,244,OPERATIONAL,beauty_salon,,,,False,,,2026-10-09
ChIJaw6DlnlZXz4R6Wohe6SdHu4,Rania Ahmed salon صالون رانيا أحمد,Sheikh Maktoum Bin Rashid St - Al Hamidiya 1 - Ajman - United Arab Emirates,25.3971824,55.522057999999994,4.7,472,OPERATIONAL,beauty_salon,,,,False,,,2026-10-09
ChIJOw1g7mj39T4RcKn6jhG2PxM,مركز ملامح الجمال للتجميل Malamih Al Jamal Beauty Center,مجمع الفارس - Al Rawda 1 - Ajman - United Arab Emirates,25.384432099999998,55.5188948,3.9,81,OPERATIONAL,beauty_salon,moderate,1,200,False,,,2026-10-09
ChIJPUnAq7P39T4R_SBftpYjFVc,Kashkha beauty saloon,police station - near hamidya - Al Rawda 1 - Ajman - United Arab Emirates,25.3908429,55.5227387,3.8,43,OPERATIONAL,beauty_salon,,,,False,,,2026-10-09
ChIJGSSaSsn39T4RoUh4GkaLlSw,صالون العروسة للحناء / رشنا,48 شارع مكة المكرمة - Al Rawda 2 - Ajman - United Arab Emirates,25.3923774,55.517247,3.7,57,OPERATIONAL,beauty_salon,,,,False,,,2026-10-09
ChIJraraFLr39T4RI8KbEK_XTOk,Yara Henna & Beauty Centre,Hameediyah - near Kenz hypermarket - Al Hamidiya 1 - Ajman - United Arab Emirates,25.3975521,55.5205051,3.9,75,OPERATIONAL,beauty_salon,,,,False,,,2026-10-09
ChIJ88Rba_P39T4Rqyu0zWNfVB0,Antaliya center مركز انطاليا,Ajman - Al Hamidiya 1 - Ajman - United Arab Emirates,25.3974214,55.5221898,4.5,143,OPERATIONAL,beauty_salon,moderate,1,100,False,,,2026-10-09
ChIJh2LjVgH39T4RodicwmhEEVk,Shrooq Al Shams Beauty Salon,Shop No 1. Al Mattar Building Al Makkah Street Opposite Ain - Dara Cafeteria - الروضة 2 - عجمان - United Arab Emirates,25.3934194,55.517074199999996,4.2,30,OPERATIONAL,beauty_salon,,,,False,,,2026-10-09
ChIJ8w-mOJj39T4RS24Re6oroyg,PERLE BEAUTY WOMEN PERSONAL CARE CENTER,Unnamed Road - Al Rawda 1 - Ajman - United Arab Emirates,25.386678099999997,55.5233449,4.6,82,OPERATIONAL,beauty_salon,,,,False,,,2026-10-09
ChIJfWERuuf39T4RrSXNYqnpatA,Samiha Beauty Salon Mowaihat,Al Tallah Streat - near Manha Al Madina Supermarket - Al Muaihat 1 - Ajman - United Arab Emirates,25.383967199999997,55.5192081,4.4,138,OPERATIONAL,beauty_salon,moderate,100,200,False,,,2026-10-09
ChIJWzEXYbT39T4ResidvZKTXwo,Mira Beauty Center,47 شارع المدينة المنورة - Al Rawda 2 - Ajman - United Arab Emirates,25.3956756,55.513120699999995,3.9,25,OPERATIONAL,beauty_salon,,,,False,,,2026-10-09
ChIJs9jaZwD39T4RuURr4Lj9oAM,صالون سوبر كشمير للحلاقة super Kashmir barber,Al Rawda 2 - Ajman - United Arab Emirates,25.3923445,55.513504999999995,4.7,7,OPERATIONAL,barber_shop,,,,False,,men-only,2026-10-09
ChIJpasd4k339T4RhvbYkmxJAH8,صالون أديب للحلاقة,شارع التلة - Al Muaihat 1 - Ajman - United Arab Emirates,25.3803263,55.524409999999996,4.5,11,OPERATIONAL,barber_shop,,,,False,,men-only,2026-10-09
ChIJrYMeBgv39T4R4yre0wBLk8k,صالون السوري للحلاقة,Al Rawda 1 - Ajman - United Arab Emirates,25.3845183,55.5238345,4.3,27,OPERATIONAL,hair_salon,,,,False,,men-only,2026-10-09
ChIJAQAAAC1YXz4Rp2tzuVzG9t0,Amasi Beauty Salon,9GR9+F3Q - Al Rawda 1 - Ajman - United Arab Emirates,25.3912256,55.5176667,3.9,32,OPERATIONAL,beauty_salon,,,,False,,,2026-10-09
ChIJMUgE9NNDXz4RfHfPOl7VkCQ,صالون عبق الزهور,9GM9+QHR - Al Rawda 1 - Ajman - United Arab Emirates,25.3846223,55.518943300000004,3.1,29,OPERATIONAL,beauty_salon,,,,False,,,2026-10-09
ChIJW3jAzMn39T4RoLfPOLRrHVA,Blooming beauty Lounge,Blooming Beauty Lounge - Ragaib Branch - 9HX7+P8H - الرقايب 2 - عجمان - United Arab Emirates,25.3993125,55.563312499999995,4.4,194,OPERATIONAL,beauty_salon,moderate,100,300,False,,,2026-10-09
ChIJr1oA6i339T4REWsitTvhiwk,Al Alia Saloon صالون العالية‎,Al Alia - Road - الرقايب 2 - عجمان - United Arab Emirates,25.395159399999997,55.5630515,4.2,50,OPERATIONAL,beauty_salon,,,,False,,,2026-10-09
ChIJ75pMWe739T4RDSxZOo1iZlM,Golden Nails Beauty Salon Ajman Al Regayeb 2 صالون جولدن نيلز الرقايب 2 عجمان,منطقة - Al Alia - Ajman - United Arab Emirates,25.395095299999998,55.5629856,4,77,OPERATIONAL,nail_salon,,,,False,,,2026-10-09
ChIJS3R2_o339T4RgF_CdqN7_NY,Nails Lounge,Al Alia - Ajman - United Arab Emirates,25.3959466,55.563411599999995,4.7,41,OPERATIONAL,nail_salon,,,,False,,,2026-10-09
ChIJp2I7N8_39T4RfnY_5Sd5UmE,FADE LOUNGE BARBER,alaa - Al Raqaib 2 - Ajman - United Arab Emirates,25.3956129,55.56317490000001,4.6,47,OPERATIONAL,barber_shop,inexpensive,20,80,False,,men-only,2026-10-09
ChIJ6wiy1B_39T4RyjSrmosyNsE,RAKAZ hair cutting saloon,Al Alia - Ajman - United Arab Emirates,25.3971038,55.564713499999996,4.4,37,OPERATIONAL,barber_shop,,,,False,,men-only,2026-10-09
ChIJ8xGbGeP39T4Rm5-7nyuKOFY,جلوي للتجميل glowy Beauty,Sheikh Zayed St - Al Muntazi 1 - Ajman - United Arab Emirates,25.3846019,55.5494961,4.5,40,OPERATIONAL,beauty_salon,,,,False,,,2026-10-09
ChIJE7m7YgD39T4RZ289z0rt93c,Beautify Lounge Ladies Salon,"PD-07 Inside Lavender Tower Emirates City Salon is located inside - same building of New Al Madina hypermarket, lavender tower - العامرة - عجمان - United Arab Emirates",25.390448100000004,55.571768399999996,4.8,311,OPERATIONAL,beauty_salon,expensive,1,500,False,,,2026-10-09
ChIJX4ys89j39T4R6na1HCdMS1M,82 Beauty Ladies Salon,2nd Street - Raggayeb 2.Alia - Ajman - United Arab Emirates,25.389727999999998,55.5595675,3.5,17,OPERATIONAL,beauty_salon,,,,False,,,2026-10-09
ChIJMa3Mz_X39T4R8luq-LLd2aw,Sozy beauty salon,Shop No. 1 - next to Noura Boutique - Al Alia - Ajman - United Arab Emirates,25.3892164,55.559331199999995,3.5,22,OPERATIONAL,nail_salon,,,,False,,,2026-10-09
ChIJz4033Db39T4RhQ3pRFc47y8,"Groomers Gents Salon Branch 2, Emirates City, Ajman","Food Court - Shop - Ground Floor, Lilies Tower - 1 شارع الشيخ محمد بن زايد - Emirates City - عجمان - United Arab Emirates",25.391292,55.5718572,4.6,99,OPERATIONAL,barber_shop,inexpensive,40,60,False,,men-only,2026-10-09
ChIJxaYniL_39T4RcbHqWYCBOQU,صالون روايب Rowayeb,0000 - Al Muntazi 1 - Ajman - United Arab Emirates,25.3843958,55.549332799999995,4.2,9,OPERATIONAL,beauty_salon,,,,False,,,2026-10-09
ChIJB8w2BzH39T4Rv0d-e-0lXzo,Aljamaheer gents salon,Al Alia - Ajman - United Arab Emirates,25.3947967,55.5634248,4.3,6,OPERATIONAL,hair_salon,,,,False,,men-only,2026-10-09
ChIJO3u6oFz39T4RB8VAZRwsKCc,Iqra Beauty Saloon,Lilies Tower - P- 17 PD Floor - Emirates City - Ajman - United Arab Emirates,25.390902099999998,55.5720879,4.7,155,OPERATIONAL,beauty_salon,moderate,1,300,False,,,2026-10-09
ChIJC32NLAD39T4RhzcCwJ5MU0s,"Al Raqaib 2 , Ajman",9HX4+G54 - Al Raqaib 2 - Ajman - United Arab Emirates,25.3988414,55.5597254,4.9,9,OPERATIONAL,beauty_salon,,,,False,,,2026-10-09
ChIJE460M4D39T4RoqNUL75SY_s,Albayrouti,Al Alia - Ajman - United Arab Emirates,25.397114799999997,55.5660518,5,22,OPERATIONAL,barber_shop,,,,False,,men-only,2026-10-09
ChIJGfwWYs_39T4RlhcTcZfO-Lk,صالون البرتقالي,Ajman - Al Raqaib 2 - Ajman - United Arab Emirates,25.3993798,55.5633789,4,27,OPERATIONAL,barber_shop,,,,False,,men-only,2026-10-09
ChIJY2ZFF8b39T4Rkp92H3aT4XM,Secret Avenue,"Shop No. 4, Plot No. - 2479 - العالية - عجمان - United Arab Emirates",25.3958454,55.5668164,4.8,33,OPERATIONAL,beauty_salon,,,,False,,,2026-10-09
ChIJRY3uSkn39T4Rwyan8OP1nNs,Al Sass gents Saloon - Branch-1,9HV7+MGQ - Al Alia - Ajman - United Arab Emirates,25.394213,55.563844499999995,,,OPERATIONAL,beauty_salon,,,,False,,men-only,2026-10-09
ChIJK_tkKAD39T4RqJ-XI2hsEmw,حلاق جمال الروح Jamal Alroh hair cutting,9HX8+23G - Al Alia - Ajman - United Arab Emirates,25.3978048,55.564749199999994,4,4,OPERATIONAL,hair_salon,,,,False,,men-only,2026-10-09
ChIJwVZOjjbx9T4RpYil3Lw6t9Q,صالون بلاك اوركيد للتجميل,Al Zahya - Ajman - United Arab Emirates,25.4070778,55.593733099999994,4.3,48,OPERATIONAL,beauty_salon,,,,False,,,2026-10-09
ChIJxcttoQ-L9T4RbUoG3Gdxdsg,Hanadi_nails,Al Helio 2 - Helio 2 - Ajman - United Arab Emirates,25.381086399999997,55.589598599999995,4.6,23,OPERATIONAL,nail_salon,,,,False,,,2026-10-09
ChIJ2Sq3ZD7x9T4Rbd0MlUsoS-4,Anatolia Gents Salon صالون أناطوليا الرجالي,Al Zahya - Ajman - United Arab Emirates,25.4006349,55.5894044,4.8,24,OPERATIONAL,hair_salon,moderate,1,100,False,,men-only,2026-10-09
ChIJ0dqtRorx9T4RWvW5pvBf4Bw,Sehr alya 2,Al Zahya - Ajman - United Arab Emirates,25.4042954,55.594894599999996,4.7,38,OPERATIONAL,beauty_salon,,,,False,,,2026-10-09
ChIJP4IWblXx9T4RA5kbCFOeX1c,صالون المجد للحلاقة الرجالية/ salon Almajd,Helio 2 - Ajman - United Arab Emirates,25.382324000000004,55.5862766,4.6,17,OPERATIONAL,hair_salon,,,,False,,men-only,2026-10-09
ChIJU_746sbx9T4RrtTmvUfrluM,MAE LADIES SALOON,"Emirates Properties, Green Building 1 - Shop 12 Sheikh Maktoum Bin Rashid St - Helio 2 - Ajman - United Arab Emirates",25.377857,55.5866003,4.6,41,OPERATIONAL,beauty_salon,,,,False,,,2026-10-09
ChIJJQrjd1Px9T4RkxJQtyIdccs,Lyana Salon,Greens Two by Emirates Properties - Helio 2 - Ajman - United Arab Emirates,25.376664299999998,55.592232599999996,3.9,36,OPERATIONAL,beauty_salon,,,,False,,,2026-10-09
ChIJW3BdDZ3x9T4RtgAo28a5bik,النشامة للحلاقة,Al Zahya - Ajman - United Arab Emirates,25.4074339,55.5938606,4.6,29,OPERATIONAL,barber_shop,,,,False,,men-only,2026-10-09
ChIJ3wOw45bx9T4Rj5AbTZ3BvvE,.,0 - العامرة - عجمان - United Arab Emirates,25.3812312,55.586067199999995,5,1,OPERATIONAL,barber_shop,,,,False,,men-only,2026-10-09
ChIJy6OizLvx9T4Rc9M3dsZJIHE,DADDYS GENTS SALOON,Al Azha villas - Emirates City - Ajman - United Arab Emirates,25.3865223,55.5863261,4.7,59,OPERATIONAL,barber_shop,inexpensive,20,80,False,,men-only,2026-10-09
ChIJtT8X_87x9T4RAvN5zPYpGYI,Mohammed Usman saloon,9HJP+GFG - Al Amerah - Ajman - United Arab Emirates,25.3813201,55.586054999999995,3.2,5,OPERATIONAL,barber_shop,,,,False,,men-only,2026-10-09
ChIJhyYFsdD39T4R7fnZruPLgg8,OLIVE GENTS SALON - AJMAN,Sheikh Mohammed Bin Zayed Road Mango Market Shop No.1 - Mall - Emirates City - عجمان - United Arab Emirates,25.395475,55.57463,4.5,48,OPERATIONAL,barber_shop,,,,False,,men-only,2026-10-09
ChIJqxKmuk7x9T4R42IaFOYCUSk,Shabab Al Balad Gents salon,9HGP+VJ9 - Ajman - United Arab Emirates,25.377174699999998,55.586598099999996,3,2,OPERATIONAL,hair_salon,,,,False,,men-only,2026-10-09
ChIJB3oLfQDx9T4RVycPAepi0a4,صالون السهيـل للرجال ذ.ذ.م ALSUHAIL GENTS L.L.C,9JM4+C8F - Helio 2 - Ajman - United Arab Emirates,25.383575,55.6057997,5,1,OPERATIONAL,barber_shop,,,,False,,men-only,2026-10-09
ChIJD4-AuU7x9T4RjeeIfg9KuRE,Al Taman Gents salon,9HGP+VM5 - Ajman - United Arab Emirates,25.3771494,55.5867451,2.7,3,OPERATIONAL,hair_salon,,,,False,,men-only,2026-10-09
ChIJicarBADx9T4Rw63CQI9nQXo,صالون ريفانو للحلاقة Rivano Saloon,الزاهية - Helio 2 - Ajman - United Arab Emirates,25.4018154,55.5904528,5,33,OPERATIONAL,hair_salon,,,,False,,men-only,2026-10-09
ChIJD78VUQDx9T4R4g_rM6fXK70,The Little Glow Room,9HHV+VGW - Al Helio - Helio 2 - Ajman - United Arab Emirates,25.379725900000004,55.593818399999996,,,OPERATIONAL,beauty_salon,,,,False,,,2026-10-09
ChIJFyBnLdD29T4RBzoaXio5_Io,Aliza Beauty Salon,Emirates City - Ajman - United Arab Emirates,25.3979235,55.578789099999995,4.1,27,CLOSED_TEMPORARILY,beauty_salon,,,,False,,not-operational,2026-10-09
ChIJ-5HgLyPx9T4RMj3P9q5UHd0,The mirrored beauty & spa Ajman,Al Helio - Al Heliow - Ajman - United Arab Emirates,25.4009756,55.6207353,4.7,78,OPERATIONAL,beauty_salon,moderate,100,400,False,,,2026-10-09
ChIJ8Uz1BgDx9T4RRSl6ompPeAg,حلاق07,CJ2C+54H - Al Heliow - Ajman - United Arab Emirates,25.4003007,55.6200571,4.2,10,OPERATIONAL,barber_shop,,,,False,,men-only,2026-10-09
ChIJFQEdHcLx9T4Ru3oDTxHtbac,Medo Beauty Center,CJ29+4VW Ali Al Ketbi Building - Al Helio - Al Heliow - Ajman - United Arab Emirates,25.400372,55.619700099999996,4.3,7,CLOSED_TEMPORARILY,beauty_salon,,,,False,,not-operational,2026-10-09
ChIJL5i4vqHx9T4R6-uJJ7WwHU0,SALOON AL HELEW,CJ2C+C79 - Al Heliow - Ajman - United Arab Emirates,25.4010297,55.620733800000004,4,6,OPERATIONAL,beauty_salon,,,,False,,,2026-10-09
ChIJ-00HlILx9T4Ri5HCONWA7ZU,Saloon Abdul Ghani,Unnamed Rd - Al Rahmania Suburb - Hay Al Dibdibah South - Sharjah - United Arab Emirates,25.381487699999997,55.625431899999995,4.4,5,OPERATIONAL,hair_salon,,,,False,,,2026-10-09
ChIJb-4Rsvnx9T4RI-JvUTkxtN0,BURTIQALI HAIR CUTTING SALOON,Unnamed Road - CJ2C+F6F - الحليو 1 - عجمان - United Arab Emirates,25.4011857,55.6205478,3.6,5,OPERATIONAL,beauty_salon,,,,False,,,2026-10-09
ChIJu3ZX4Qfx9T4Rv7QenwrUMQE,Al Saqer Al Thahabi Gents salon,CJ3F+CCJ - Al Heliow - Ajman - United Arab Emirates,25.403594299999998,55.6235061,,,OPERATIONAL,hair_salon,,,,False,,men-only,2026-10-09
ChIJNYoWLXBJ9D4RNQWprhlRPU0,ANAMIL CASABLANKA ladies salon,C922+7WF - Hay Al Zubara - Fujairah - United Arab Emirates,25.4006754,56.3522834,3.3,15,OPERATIONAL,beauty_salon,,,,False,,,2026-10-09
ChIJbyNebndP9D4RLbIYM5BWTTg,AROUS AL LULUYA LADIES SALOON,Hay Shgair - Fujairah - United Arab Emirates,25.3879983,56.3495924,4,14,OPERATIONAL,beauty_salon,,,,False,,,2026-10-09
ChIJu6XY86tP9D4RzDwxHo5h-GU,HIGH CLASS HAIRDRESSING saloon,98PX+MVR - Hay Shgair - Fujairah - United Arab Emirates,25.386207,56.3496112,5,103,OPERATIONAL,barber_shop,,,,False,,men-only,2026-10-09
ChIJteZXMQBP9D4R7xEmPWdJiUg,DEEM NAILS CARE,98RX+PVC - Hay Shgair - Sharjah - United Arab Emirates,25.391813199999998,56.3496296,1.8,5,OPERATIONAL,nail_salon,,,,False,,,2026-10-09
ChIJi8JjkzJP9D4RcOgi3f1ob-A,Al Thouq Al Raqi Saloon,99V2+J3R - Lulueyah - Sharjah - United Arab Emirates,25.3940657,56.3501419,4.3,11,OPERATIONAL,barber_shop,,,,False,,men-only,2026-10-09
ChIJl6LP5i9P9D4ReLT5SrnSumQ,صالون غزال الخور للأطفال - فرع جمعية الشارقة التعاونية خورفكان,Al Luolo'aya St - Hay Alloleya - Sharjah - United Arab Emirates,25.392452,56.351068700000006,4,4,OPERATIONAL,hair_salon,,,,False,,,2026-10-09
ChIJSyXRL85J9D4Rhknk_uvqBOA,AL WASEL HAIRDRESSING SALOON,C922+H6Q - Hay Al Zubara - Fujairah - United Arab Emirates,25.400717500000003,56.3504977,5,7,OPERATIONAL,barber_shop,,,,False,,men-only,2026-10-09
ChIJt7TQJABJ9D4RUsPywFOHV5Y,GOLDEN STANDARD LADIES SALON,99X2+W27 - Rughaylat Rd - Hay Al Zubara - Sharjah - United Arab Emirates,25.399781899999997,56.3501282,4.9,7,OPERATIONAL,beauty_salon,,,,False,,,2026-10-09
ChIJGdlSSutJ9D4RmlJnlK0rBvE,GHUSN AL REHAN LADIES SALON,"Zubara round about next to saad exchange , zubara - C922+894 - حي الزبارة - إمارة الشارقةّ - United Arab Emirates",25.400750199999997,56.3509443,4.8,5,OPERATIONAL,beauty_salon,,,,False,,,2026-10-09
ChIJ29j3_2lP9D4RQ54s1reHTMs,Abulazeiz barbershop,99V2+5JH - Unnamed Road - Hay Alloleya - Sharjah - United Arab Emirates,25.392936799999998,56.351596699999995,3.5,2,OPERATIONAL,barber_shop,,,,False,,men-only,2026-10-09
ChIJUYfCAiNP9D4RVquzxclK1D4,AL FRASHAT KIDS SALOON,99V2+P3R - Hay Alloleya - Sharjah - United Arab Emirates,25.3947245,56.3501406,5,6,OPERATIONAL,beauty_salon,,,,False,,,2026-10-09
ChIJdeCQJENJ9D4RGi3-Ud-rFCs,صالون فيرونا للحلاقة,99W2+X29 - Hay Alloleya - Sharjah - United Arab Emirates,25.3974112,56.3501214,4.7,11,OPERATIONAL,barber_shop,,,,False,,men-only,2026-10-09
ChIJ8SQsJgBJ9D4Re3fTuj9Od54,RUKN AL FANAN HAIRDRESSING SALON,99X2+93M - Hay Alloleya - Fujairah - United Arab Emirates,25.39846,56.350158,5,1,OPERATIONAL,hair_salon,,,,False,,,2026-10-09
ChIJ8amnKgBJ9D4R5PzuPZGQuDg,صالون غزال الخور للأطفال فرع رقم 2 شارع عمر بن الخطاب,99R2+748شارع - Omar Bin Al Khatab St - Aloawayen Suburb - Sharjah - United Arab Emirates,25.3959088,56.349597100000004,3.8,4,OPERATIONAL,barber_shop,,,,False,,men-only,2026-10-09
ChIJL5PZ46RJ9D4R2qKKJhvJpRM,WARD AL BANAFSAJ SALON,98WX+QR6 - Al Louleya - Aloawayen Suburb - Sharjah - United Arab Emirates,25.3969004,56.3495244,,,OPERATIONAL,beauty_salon,,,,False,,,2026-10-09
ChIJV_0FsKhJ9D4Rxtbd88MdXPM,AL AKHLAQ HAIRDRESSING SALON,98WX+8RF - Hay Shgair - Fujairah - United Arab Emirates,25.3958104,56.3495512,5,3,OPERATIONAL,hair_salon,,,,False,,,2026-10-09
ChIJ24XTMAlJ9D4RQQYnhKkU3WI,SHABAB AL ZUBARAH HAIRDRESSING SALON,C922+8M2 - Hay Al Zubara - Fujairah - United Arab Emirates,25.400758099999997,56.35165,5,4,OPERATIONAL,barber_shop,,,,False,,men-only,2026-10-09
ChIJlfqNRqlP9D4RSjJFE2rjcsw,صالون الموج الاسود للرجال,Luluyah - Aloawayen Suburb - Fujairah - United Arab Emirates,25.391927799999998,56.3496439,4,1,OPERATIONAL,beauty_salon,,,,False,,men-only,2026-10-09
ChIJx5hhYwBJ9D4RswwqaYIn0Io,JABAL AL KHOR HAIRDRESSING SALON,98WX+FRP - Rughaylat Rd - Hay Shgair - Fujairah - United Arab Emirates,25.3961401,56.3496032,,,OPERATIONAL,hair_salon,,,,False,,,2026-10-09
ChIJ12GvFwBJ9D4RnFJ5nnXn5YU,SHAMS AL LULUEYAH DRESSING SALON,98WX+XRG - Hay Shgair - Sharjah - United Arab Emirates,25.397447999999997,56.349591499999995,3.7,3,OPERATIONAL,hair_salon,,,,False,,,2026-10-09
ChIJwXFvZgBP9D4RQWqackGLUQI,MUSHT AL TAYEEBEN SALOON,99R3+743 - Hay Al Nakheel - Sharjah - United Arab Emirates,25.3906502,56.3527926,,,OPERATIONAL,hair_salon,,,,False,,,2026-10-09
ChIJPRZtUwBP9D4RMoE9DiZLh5E,lon al qamar hairdressing saloon,99R3+68W - Hay Al Nakheel - Sharjah - United Arab Emirates,25.390622000000004,56.353336,,,OPERATIONAL,hair_salon,,,,False,,,2026-10-09
ChIJO6lslXFP9D4R0MjofEPcyt8,صالون موناكو للحلاقه,26 Abu Na'Elah St - Hay Alloleya - Sharjah - United Arab Emirates,25.390688,56.3522051,,,OPERATIONAL,beauty_salon,,,,False,,men-only,2026-10-09
ChIJX4rIb3tXXz4RSbgxbhNTpH8,Al Kaff Gents Saloon,CC6Q+M6W - Al Owan - Al Nakhil 2 - Ajman - United Arab Emirates,25.411738,55.438086999999996,4.5,31,OPERATIONAL,hair_salon,,,,False,,men-only,2026-10-09
ChIJdYn6YUxXXz4R-PB8YcwKTnw,صالون الشقراء للتجميل,cornich.st - Al Owan - Al Nakhil 2 - Ajman - United Arab Emirates,25.414312499999998,55.4381018,4.8,17,OPERATIONAL,beauty_salon,,,,False,,,2026-10-09
ChIJY5xO-H1XXz4Rntjwwtsy2Dc,Apsara Ladies Salon,Al Owan - Al Nakhil 1 - Ajman - United Arab Emirates,25.411908399999998,55.438185100000005,5,6,OPERATIONAL,beauty_salon,,,,False,,,2026-10-09
ChIJMVMGpcxXXz4R7vCzp2YrEAI,Delox Saloon,بناية زغموت - النخيل - الرميلة 1 - عجمان - United Arab Emirates,25.4094439,55.433593900000005,4.5,129,OPERATIONAL,barber_shop,,,,False,,men-only,2026-10-09
ChIJQbaK_nFXXz4Rq13ChrMqhp8,Jeser Istanbul hair cutting saloon,Ajman Corniche-next to Corniche Mall - الرميلةالرميلة 2 - الرميلة - الرميلة 2 - عجمان - United Arab Emirates,25.4034408,55.429773399999995,4.7,123,OPERATIONAL,barber_shop,,,,False,,men-only,2026-10-09
ChIJt_VjjmJXXz4RaF4l1nJHzqc,Romantic Care & Beauty Center,CC4M+6GH - Al Nakhil - Al Rumailah 1 - Ajman - United Arab Emirates,25.4055732,55.4338574,3.9,8,OPERATIONAL,beauty_salon,,,,False,,,2026-10-09
ChIJTULfhhhXXz4RS7_Kryr-Upk,Grand Saloon صالون جراند,AJMAN CORNICH - Al OwanAl - الوان - النخيل 2 - عجمان - United Arab Emirates,25.414310999999998,55.4381029,4.5,19,OPERATIONAL,barber_shop,,,,False,,men-only,2026-10-09
ChIJf7wt2WJXXz4RBLGSjnePrm8,النواحي,CC4P+X3R - شارع أبو عبيده بن الجراح - Al Nakhil - Al Rumailah 1 - Ajman - United Arab Emirates,25.4074863,55.4351461,3.8,17,OPERATIONAL,hair_salon,,,,False,,,2026-10-09
ChIJexL-jodXXz4RNe7oyvYy9oY,SABERA BEAUTY SALOON,behind GIANT SUPERMARKET - Al Nakhil - Al Rumailah 1 - Ajman - United Arab Emirates,25.4083625,55.435154999999995,3.5,6,OPERATIONAL,beauty_salon,,,,False,,,2026-10-09
ChIJuQategBXXz4R_Ow4dj11lkU,Lantana beauty lounge صالون لانتانا بيوتي,بجانب فندق بارين - CC7P+6R2 - الوان - النخيل 2 - عجمان - United Arab Emirates,25.4132381,55.4370979,2.9,25,OPERATIONAL,beauty_salon,,,,False,,,2026-10-09
ChIJ-zdkzs9XXz4RrzwrJ_E9PIs,Glow Beauty Salon,Glowbeautysalon43@gmail.com - Villa no 4 - الرميلة - الرميلة 2 - عجمان - United Arab Emirates,25.4055979,55.431250399999996,4.8,78,OPERATIONAL,beauty_salon,,,,False,,,2026-10-09
ChIJySP1hY1XXz4Ry9yjHAw-55c,Rafa ladies saloon,Ajman - Al Nakhil - Al Rumailah 1 - Ajman - United Arab Emirates,25.405123399999997,55.4344958,4.8,41,OPERATIONAL,beauty_salon,,,,False,,,2026-10-09
ChIJCwEsTDRXXz4RvXhfvdka9GI,Al nada gents saloon,Al Rumailah - Al Rumailah 1 - Ajman - United Arab Emirates,25.4081957,55.4339592,4.2,10,OPERATIONAL,beauty_salon,,,,False,,men-only,2026-10-09
ChIJ6UKbLEhXXz4Rl4LPCrEOvJA,Funoon Beauty Center,Unnamed Road - CC4J+5JX - الرميلة - الرميلة 2 - عجمان - United Arab Emirates,25.4054831,55.43159790000001,3.5,32,OPERATIONAL,beauty_salon,,,,False,,,2026-10-09
ChIJMz9wh9JXXz4Rx241c4FUgFk,حلا الورد للحلاقة- Hala Al Ward Saloon,CC5P+CGQ - Al Nakhil - Al Rumailah 1 - Ajman - United Arab Emirates,25.4084094,55.4363627,5,3,OPERATIONAL,barber_shop,,,,False,,men-only,2026-10-09
ChIJg1CSNHlXXz4R_dxZL-2tp_E,صالون مياس للتجميل,كورنيش - مقابل صبيح لتأجير السيارات - Al Owan - Al Nakhil 1 - Ajman - United Arab Emirates,25.4119219,55.4371138,4.2,33,OPERATIONAL,beauty_salon,,,,False,,,2026-10-09
ChIJzd8IOwBXXz4RUGhIhEcYcdE,صالون الصفا للتجميل,CC4P+V5V - Al Nakhil - Al Rumailah 1 - Ajman - United Arab Emirates,25.4072486,55.435424499999996,,,OPERATIONAL,beauty_salon,,,,False,,,2026-10-09
ChIJidEMP2JXXz4RCsSuhKF52hk,Al Marssa Hair Cutting Salon,CC4M+85X - Al Rumailah - Ajman - United Arab Emirates,25.405870999999998,55.432977099999995,4.5,28,OPERATIONAL,hair_salon,,,,False,,,2026-10-09
ChIJmT1-U99ZXz4R6gna_WZLo_I,Angel Pretty Beauty Centre,CC3H+CRF - Al Rumailah - Al Rumailah 2 - Ajman - United Arab Emirates,25.403554900000003,55.4295439,4,2,OPERATIONAL,beauty_salon,,,,False,,,2026-10-09
ChIJDbwht3RXXz4RGUxQQX6kaUw,Pabi's Beauty Services,CC4M+8RF Alhooth Supermarket - Al Nakhil - Al Rumailah 1 - Ajman - United Arab Emirates,25.4058232,55.4345321,5,1,OPERATIONAL,beauty_salon,,,,False,,,2026-10-09
ChIJ-cc530VXXz4RPsMIcD2PtiY,Waheed Hair Cutting Saloon,near Museum - Al Bustan - Liwara 1 - Ajman - United Arab Emirates,25.4143907,55.4447528,4.9,8,OPERATIONAL,barber_shop,,,,False,,men-only,2026-10-09
ChIJdahV2bhZXz4RAV-3TO8NP2k,Alrajal Alasri Saloon,CC4V+7V4 - Al Bustan - ليوارة 2 - Ajman - United Arab Emirates,25.405638,55.4446947,4.5,6,OPERATIONAL,hair_salon,,,,False,,,2026-10-09
ChIJk4ISE7hZXz4RcMt--QABkxg,Tanoof Gents and Kids Hair Cutting Saloon - صالون تنوف للحلاقة – للرجال والاطفال,Sheikh Building - Shop No. 11 Sheikh Rashid Bin Humeed St - Al Rashidiya 3 - Ajman - United Arab Emirates,25.4056057,55.442231299999996,4.7,78,OPERATIONAL,beauty_salon,moderate,1,100,False,,men-only,2026-10-09
ChIJt0BsyWhZXz4R_P_sbFzWuRU,Jithas Beauty Center Ajman,"Orient Tower - Shop No 4, A1 Block - ليوارة 2 - Ajman - United Arab Emirates",25.404736399999997,55.4517342,4.7,72,OPERATIONAL,beauty_salon,moderate,100,300,False,,,2026-10-09
ChIJVcyUXyNXXz4RClUIRq44d4A,AL CORNISH HAIR CUTTING SALOON صالون الكورنيش للحلاقة,CC8Q+HQ4 - Al Owan - Al Nakhil 2 - Ajman - United Arab Emirates,25.416375499999997,55.439495799999996,4.2,6,OPERATIONAL,barber_shop,,,,False,,men-only,2026-10-09
ChIJJX5pphZZXz4R4jnHhbu8Fv8,Roza beauty salon,2 شارع بدر - Al Bustan - ليوارة 2 - Ajman - United Arab Emirates,25.405307699999998,55.4479585,4.7,126,OPERATIONAL,beauty_salon,moderate,1,200,False,,,2026-10-09
ChIJRaVlr4xZXz4RmJCr8C0qvPk,Hayat Artist Beauty Centre,ليوارة 2 - عجمان - United Arab Emirates,25.405603499999998,55.451504,4.8,36,OPERATIONAL,beauty_salon,,,,False,,,2026-10-09
ChIJc7OgexxXXz4RIK8928bjdVA,AL NAS BEAUTY SALOON L.L.C,Al Bustan - liwara 1 - Ajman - United Arab Emirates,25.410811900000002,55.444544199999996,4.8,148,OPERATIONAL,beauty_salon,,,,False,,,2026-10-09
ChIJj8OtfGhZXz4RZGbYq_KxbAg,صالون العابد للحلاقة الرجالي,20 Al Quds St - Al Rashidiya 3 - Ajman - United Arab Emirates,25.4023826,55.4429987,3.7,3,OPERATIONAL,hair_salon,,,,False,,men-only,2026-10-09
ChIJ_6b2nzVZXz4RdX_5WxYlg3Y,Al Sadiq Beauty Saloon,Al Rashidiya 3 - Ajman - United Arab Emirates,25.404333899999997,55.4453527,4.8,73,OPERATIONAL,beauty_salon,,,,False,,,2026-10-09
ChIJYT6ViH5ZXz4RTCRNLPmvRE0,صالون ليان النسائي للتجميل Lyan Ladies Beauty Saloon,CF32+HH8 - 2nd Street - Al Bustan - ليوارة 2 - Ajman - United Arab Emirates,25.4038933,55.4511228,3.8,34,OPERATIONAL,beauty_salon,,,,False,,,2026-10-09
ChIJqUTAcIpZXz4R8Jal7emqFVA,Henna Al Mahaba Beauty Saloon,CC2X+Q3X - Ajman - United Arab Emirates,25.401994199999997,55.4477172,4.1,17,OPERATIONAL,beauty_salon,,,,False,,,2026-10-09
ChIJRen6aSNZXz4RY7eAwEEORyU,Nawal beauty saloon,89 شارع الاتحاد - Al Bustan - ليوارة 2 - Ajman - United Arab Emirates,25.4051892,55.4460076,4.3,8,OPERATIONAL,beauty_salon,,,,False,,,2026-10-09
ChIJPxximpBzhC0R3or17RmeePk,SOLO,AL JURF - 2 شارع الحسن البصري - Al Jerf 2 - Ajman - United Arab Emirates,25.406365899999997,55.4841324,4.8,1488,OPERATIONAL,beauty_salon,very_expensive,100,600,False,,,2026-10-09
ChIJAet_lFRXXz4RReAJbaM8_Jc,Hair And Nail Beauty Salon,Al Ittihad St - Al Jerf 2 - Ajman - United Arab Emirates,25.4130002,55.4849746,4.7,2775,OPERATIONAL,beauty_salon,expensive,100,500,False,,,2026-10-09
ChIJzcgAmabQh24REhVY-iYCuI0,Rare Beauty Lounge,Al Ittihad St - Safia - Ajman - United Arab Emirates,25.4180198,55.4874097,4.7,409,OPERATIONAL,beauty_salon,expensive,100,500,False,,,2026-10-09
ChIJp3LDugxXXz4RXggNdqmleQ8,Lily spa for beauty and fitness llc,Villa #4 - Al Jurf 2 Askan Holding - 35th St - Al Jerf 2 - Ajman - United Arab Emirates,25.4083243,55.4909174,4.6,115,OPERATIONAL,beauty_salon,,,,False,,,2026-10-09
ChIJV3GaHwBZXz4R8UypONMy3oY,Blooming beauty lounge ( Al Safia ),Al Ittihad Street - Al Safia St - الصفيا - عجمان - United Arab Emirates,25.4180142,55.4874052,4.6,85,OPERATIONAL,beauty_salon,moderate,100,200,False,,,2026-10-09
ChIJ7Ru9OKhZXz4R_2ZlVuOUK5Q,Henaa Al Ahmar Saloon ajman,Safia - Ajman - United Arab Emirates,25.4097823,55.4761519,4.4,87,OPERATIONAL,beauty_salon,,,,False,,,2026-10-09
ChIJvZsbsPBZXz4RF0zr2wUmZwk,Rose Gold Beauty Center / صالون روز جولد للتجميل,73 شارع الحسن البصري - Al Jerf 2 - Ajman - United Arab Emirates,25.4127183,55.488318299999996,4.7,134,OPERATIONAL,beauty_salon,,,,False,,,2026-10-09
ChIJka39-Y5ZXz4ReNFxwZDGgEQ,Meraki M O Saloon صالون ميراكي ام او,Mushairef Souq - Shop number 15 - near to Hashem Supermarket and Lavish for perfumes - Safia - Ajman - United Arab Emirates,25.4112549,55.4758698,4.7,147,OPERATIONAL,beauty_salon,moderate,100,300,False,,,2026-10-09
ChIJ7Vocftr39T4REpOVurs1msw,F&A beauty Center and SPA,Al Yasmin compound Villa number 19 - Al Jurf 2 Askan Holding - الجرف 2 - عجمان - United Arab Emirates,25.4008945,55.482015399999995,3.8,34,OPERATIONAL,beauty_salon,,,,False,,,2026-10-09
ChIJU6OD9E5XXz4RIktaHNpD9sY,مركز جوري للتجميل,شارع اليرموك - Safia - Ajman - United Arab Emirates,25.4159157,55.4750819,4.2,37,OPERATIONAL,beauty_salon,,,,False,,,2026-10-09
ChIJG6JkD_v39T4RobXG-uWbWuo,Salon Ahlam Al Omer,University St - Al Jerf 1 - Ajman - United Arab Emirates,25.414210999999998,55.4986064,4.5,70,OPERATIONAL,beauty_salon,,,,False,,,2026-10-09
ChIJOZHwA0H39T4RMdvCeT6ZL5U,wonder beauty salon | صالون وندر للتجميل | أفضل صالون تجميل للسيدات في عجمان,University St - Al Jerf 1 - Ajman - United Arab Emirates,25.4168395,55.492953299999996,4.9,136,OPERATIONAL,beauty_salon,,,,False,,,2026-10-09
ChIJl1-ttAZYXz4Rg7kRPWsMWL8,VMS Lounge &Spa,Ajman - Al Jerf 2 - Ajman - United Arab Emirates,25.413897,55.487086999999995,4.4,31,OPERATIONAL,beauty_salon,,,,False,,,2026-10-09
ChIJLyJC4tL39T4RzYHw1ANH73Q,In House Spa,University St - Al Jerf 1 - Ajman - United Arab Emirates,25.416940399999998,55.4927658,4.8,110,OPERATIONAL,beauty_salon,,,,False,,,2026-10-09
ChIJzWX1N6RZXz4RHJe2KBvcJk0,مركز الشخيص لتركيب الشعر,مبنى بولفارد - ٤٠١ - شارع بولفارد - Al Jerf 2 - Ajman - United Arab Emirates,25.4016937,55.4819454,4,2,OPERATIONAL,hair_care,,,,False,,,2026-10-09
ChIJvxCIDBBZXz4RyqsVgf24dhk,The One & Only Madhu Beauty Lounge | Best Facial in UAE | Ladies beauty salon in Ajman,"Radisson Blu Hotel Ajman Radisson Blu Hotel, Ajman - شارع الاتحاد - الجرف 2 - عجمان - United Arab Emirates",25.402570299999997,55.4842217,5,147,OPERATIONAL,beauty_salon,,,,False,,,2026-10-09
ChIJU-PHCAD59T4RXilPdxFMqlI,Super nice Thai spa,Villa 18 Al Ittihad St - Al Zorah - Ajman - United Arab Emirates,25.4234808,55.4942615,5,10,OPERATIONAL,beauty_salon,,,,False,,,2026-10-09
ChIJZ4Lg1UL39T4RQttn5IhsSME,Al ameera salon al jerf2,162 شارع الشيخ راشد بن عبد العزيز - Al Jerf 2 - Ajman - United Arab Emirates,25.405596199999998,55.4939922,4.7,6,OPERATIONAL,beauty_salon,,,,False,,,2026-10-09
ChIJu-7PendZXz4R3oX7WmpQv4Q,Bin Harib Hair Cutting Saloon,CF6G+56Q - Safia - Ajman - United Arab Emirates,25.4104526,55.4756244,3.7,3,OPERATIONAL,hair_salon,,,,False,,,2026-10-09
ChIJkUQGkSD39T4Rr6Mb8Z4bqPc,Abeer Al Shaarq Ladies Saloon,CG46+9PH صالون عبير الشرق - AL IMAM AL SHAFEE St - Al Hamidiya 1 - Ajman - United Arab Emirates,25.4057568,55.5117391,4.1,156,OPERATIONAL,beauty_salon,expensive,1,500,False,,,2026-10-09
ChIJiVGFJJZZXz4RNW-eqoW97zk,Dantella Salon - صالون دانتيلا,Al Jerf 1 - Ajman - United Arab Emirates,25.4130234,55.502188499999995,4.5,197,OPERATIONAL,beauty_salon,moderate,100,300,False,,,2026-10-09
ChIJDSstAwP49T4R1zt48M5uB8Q,Creation beauty lounge / branch,136 St - Al Jerf 1 - Ajman - United Arab Emirates,25.4252438,55.500485700000006,4.3,320,OPERATIONAL,beauty_salon,expensive,1,600,False,,,2026-10-09
ChIJ58ThbGX39T4Rc9XO-JLJ0BU,Level beauty center & spa ( salon ),Unnamed Road - Al Jerf 1 - Ajman - United Arab Emirates,25.4143351,55.5034742,3.5,203,OPERATIONAL,beauty_salon,expensive,100,500,False,,,2026-10-09
ChIJuY_aWn739T4R5Kci6OlVgCo,صالون حريم السلطان | Hareem Al Sultan Salon,"Building # 174, Near Ajman University, Al Jerf - الحميدية 1 - عجمان - United Arab Emirates",25.4096992,55.510244699999994,4.3,202,OPERATIONAL,beauty_salon,,,,False,,,2026-10-09
ChIJHewO4Br39T4R0EEH9KEwq4Y,صالون زوايا للسيدات Zawaia ladies salon,Ajman - Al Hamidiya 1 - Ajman - United Arab Emirates,25.405675199999997,55.511593399999995,4.3,300,OPERATIONAL,beauty_salon,moderate,1,300,False,,,2026-10-09
ChIJI6bUYgD39T4RlkwpkcAZWU4,صالون بلسم للتجميل - Balsam Beauty Salon,Hamidiya - Al Hamidiya 1 - Ajman - United Arab Emirates,25.4092655,55.513585899999995,4.2,113,OPERATIONAL,beauty_salon,,,,False,,,2026-10-09
ChIJRQzGQPH39T4Rihz-96eKV3I,line beauty salon,University St - Al Jerf 1 - Ajman - United Arab Emirates,25.4128874,55.5025601,4.5,137,OPERATIONAL,beauty_salon,moderate,100,300,False,,,2026-10-09
ChIJDzM109z39T4R88QYlEnC7XE,Laha Beauty Saloon,Sheikh Ammar Bin Humaid St - Al Hamidiya 1 - Ajman - United Arab Emirates,25.4057507,55.5086638,4,53,OPERATIONAL,beauty_salon,,,,False,,,2026-10-09
ChIJ89ICY5T39T4RX8ghTAgI014,Oro Beauty Centre,Ajman - Al Hamidiya 1 - Ajman - United Arab Emirates,25.4103693,55.5165503,4.5,74,OPERATIONAL,beauty_salon,,,,False,,,2026-10-09
ChIJ8yBYBir39T4RqQC03eRBbJE,Terra Beauty Center,25.4217000 55.5261540 - Al Hamidiya 1 - Ajman - United Arab Emirates,25.421625199999998,55.5261343,4.7,68,OPERATIONAL,beauty_salon,,,,False,,,2026-10-09
ChIJQyR52av39T4RBaXO68aZiNs,بشكتاش للحلاقة besiktas saloon,AL IMAM AL SHAFEE St - Al Hamidiya 1 - Ajman - United Arab Emirates,25.4068549,55.5120637,4.7,75,OPERATIONAL,hair_salon,moderate,1,200,False,,men-only,2026-10-09
ChIJZRM-6ez39T4RvSsk2SDZFrs,Layalee Beauty Center,AL IMAM AL SHAFEE St - Al Hamidiya 1 - Ajman - United Arab Emirates,25.4080245,55.5129747,4.6,191,OPERATIONAL,beauty_salon,moderate,100,400,False,,,2026-10-09
ChIJvT3Wo_r39T4R_KX1tsgvGdg,Per Lei Beauty Lounge,Al Jerf 1 - Ajman - United Arab Emirates,25.413396,55.502126399999995,4.3,156,OPERATIONAL,beauty_salon,moderate,100,300,False,,,2026-10-09
ChIJ_XsBRfz39T4R7sTlVoQnBA0,Sheikha And Malika Beauty Centre,AL IMAM AL SHAFEE St - Al Hamidiya 1 - Ajman - United Arab Emirates,25.4070036,55.512147,4.2,242,OPERATIONAL,beauty_salon,,,,False,,,2026-10-09
ChIJf72sWPD39T4RyRkWb-Q_Lso,N Beauty Salon | Best ladies Beauty Salon in Ajman | أفضل صالون تجميل للسيدات في عجمان,"Ground Floor, City Life - Mall, AL JURF - شارع الجامعة - الجرف 1 - عجمان - United Arab Emirates",25.4152998,55.5039172,4.5,332,OPERATIONAL,beauty_salon,moderate,100,300,False,,,2026-10-09
ChIJrSWQp_r39T4RcmHYRW36K04,Ahhla Beauty Center,CG73+847 - Al Jerf 1 - Ajman - United Arab Emirates,25.4132884,55.502808699999996,4.2,75,OPERATIONAL,beauty_salon,,,,False,,,2026-10-09
ChIJ16pHsVv39T4RdnLfKPwIYns,Cukur Gents Saloon,Sheikh Ammar Bin Humaid St - Al Hamidiya 1 - Ajman - United Arab Emirates,25.4080072,55.5094401,4.7,65,OPERATIONAL,barber_shop,,,,False,,men-only,2026-10-09
ChIJHaBlAQD39T4RAJfAr3FHeyk,صالون سونا الحميديةsona salon,AL IMAM AL SHAFEE St - Al Hamidiya 1 - Ajman - United Arab Emirates,25.4080078,55.513173599999995,4.1,18,OPERATIONAL,beauty_salon,,,,False,,,2026-10-09
ChIJhzD_AwD39T4RfyXlV392Y-U,Ahlan Beauty Lounge. اهلا بيوتي لاونج,Al Jerf Industrial 3 - Ajman - United Arab Emirates,25.4242593,55.537176499999994,4.5,133,OPERATIONAL,beauty_salon,moderate,1,200,False,,,2026-10-09
ChIJqYIxcEf39T4Ro9czquFmzm0,SALSABEEL BEAUTY SALOON,Jurf 3 - Al Jerf Industrial 3 - Ajman - United Arab Emirates,25.424207499999998,55.533235499999996,4,21,OPERATIONAL,beauty_salon,,,,False,,,2026-10-09
ChIJP2pHDS739T4RJjcETI6wZnI,صالون غرام,CG9V+M96 - Sheikh Mohammed bin Rashid Al Maktoum Rd - Al Jerf Industrial 3 - Ajman - United Arab Emirates,25.4193185,55.5434231,4.6,69,OPERATIONAL,beauty_salon,moderate,1,200,False,,,2026-10-09
ChIJQ8FMk2339T4RxrRGADzIxqs,صالون دكرنس للرجال Dekernis Men’s Saloon,Hamad Bin Ghanem Building - Al Jerf Industrial 3 - Ajman - United Arab Emirates,25.4236442,55.5379698,5,217,OPERATIONAL,barber_shop,inexpensive,1,40,False,,men-only,2026-10-09
ChIJe6wFXzz39T4R891nHrWw9P4,Men’s Corner Hair Cutting Saloon For Gents,Al jurf - industrial area 3 - Ajman - United Arab Emirates,25.4197472,55.5440982,4.6,85,OPERATIONAL,hair_salon,inexpensive,1,50,False,,men-only,2026-10-09
ChIJXcx97_X39T4RBiuYQ7GkIbw,N Garden Beauty Lounge,Unnamed Road - CH62+GF4 - الرقايب 1 - عجمان - United Arab Emirates,25.411272399999998,55.5512118,4.3,38,OPERATIONAL,beauty_salon,,,,False,,,2026-10-09
ChIJV1JTYQD39T4R4YJvBvXB618,Ezza Beauty Salon,Al Jerf Industrial 3 - Ajman - United Arab Emirates,25.4200599,55.5399197,4.4,14,OPERATIONAL,beauty_salon,,,,False,,,2026-10-09
ChIJnc6JyLT39T4RVB3GZI3WUqw,White saloon,CH42+63W - Al Raqaib 1 - Ajman - United Arab Emirates,25.4056249,55.5502148,4.1,28,OPERATIONAL,beauty_salon,,,,False,,,2026-10-09
ChIJKfbnHGL39T4R2OAC8qIpxSI,AlMezen Saloon,Al Jerf Industrial 3 - Ajman - United Arab Emirates,25.4235421,55.538523399999995,4.7,81,OPERATIONAL,beauty_salon,moderate,1,300,False,,,2026-10-09
ChIJX2gUhq_39T4RMoThoFlIb3E,حلاق الضيافة للرجال SALOON AL DHEYAFA,Ajman - Al Hamidiya 2 - Ajman - United Arab Emirates,25.410591399999998,55.5307118,4.1,22,OPERATIONAL,barber_shop,,,,False,,men-only,2026-10-09
ChIJU2ZUTAD39T4RZY5WZ47Ae3A,Al Adhafir aldhahabiya,CG6V+RWF - Unnamed Road - Al Raqaib 1 - Ajman - United Arab Emirates,25.4120615,55.544757999999995,4.1,17,OPERATIONAL,beauty_salon,,,,False,,,2026-10-09
ChIJp67YTqD39T4RuVz3Wob0Y34,صالون أبناء العز Abnaa Al Eaz Saloon,Sheikh Mohammed bin Rashid Al Maktoum Rd - Al Jerf Industrial 3 - Ajman - United Arab Emirates,25.4245137,55.541045999999994,4.6,11,OPERATIONAL,hair_salon,,,,False,,,2026-10-09
ChIJhfjKDAn39T4RFxkl_uuaFw4,صالــون نجــلاء النعيمـي,Unnamed Road - Al Hamidiya 2 - Ajman - United Arab Emirates,25.409230400000002,55.5389847,4.8,14,OPERATIONAL,beauty_salon,,,,False,,,2026-10-09
ChIJNyiWOx739T4RfbaKC3gI15Y,مركز قطن للتجميل عجمان,شارع الحميدية - Al Hamidiya 2 - Ajman - United Arab Emirates,25.404856799999997,55.5339567,4.9,20,OPERATIONAL,beauty_salon,,,,False,,,2026-10-09
ChIJb7crJJD39T4RUtKm3Xm8f4w,Fluffy saloon,Al Raqaib 1 - Ajman - United Arab Emirates,25.411114100000002,55.5512855,3.4,8,OPERATIONAL,beauty_salon,,,,False,,,2026-10-09
ChIJhQy5EQT39T4R5xqMoUWTJYo,miss brand beauty centre,15 95 - Ajman - United Arab Emirates,25.421003799999998,55.5353303,4.2,40,OPERATIONAL,beauty_salon,,,,False,,,2026-10-09
ChIJBc_JBgD39T4RIkHs0_vGi1M,Leen spa,shk mohd bin rashid al makhtoum Road - CGFJ+6J4 - Al Jerf Industrial 3 - Ajman - United Arab Emirates,25.423007000000002,55.531589999999994,5,2,OPERATIONAL,beauty_salon,,,,False,,,2026-10-09
ChIJNX0Qrpn39T4RLCdok-NWi2A,Helm Dina Beauty Lounge,Najiba Building Shop No 2 - الجرف الصناعية 3 - عجمان - United Arab Emirates,25.4177939,55.5482799,4.8,68,OPERATIONAL,beauty_salon,moderate,1,400,False,,,2026-10-09
ChIJA4IrOu339T4RGAqLudlUSxo,Big Boss Salon Branch 2,Al Jurf Plaza - Shop 11 - Al Jerf Industrial 3 - Ajman - United Arab Emirates,25.423991899999997,55.5326039,4.1,12,OPERATIONAL,barber_shop,,,,False,,men-only,2026-10-09
ChIJIcNKRwr39T4RtMB1iVEAytU,دودي نيلز,Unnamed Road - CGFP+GJW - Al Jerf Industrial 3 - Ajman - United Arab Emirates,25.4238714,55.536584,2.3,3,OPERATIONAL,nail_salon,,,,False,,,2026-10-09
ChIJu650cFjx9T4RcKJOrpTgQiU,3Sis Beauty Lounge Saloon LLC,Shop No. 3 - الزاهية - عجمان - United Arab Emirates,25.408867599999997,55.591738199999995,4.7,66,OPERATIONAL,beauty_salon,,,,False,,,2026-10-09
ChIJJ8q3P5r39T4RXwtbxCt_yRY,Tamim Gents Salon,CHF9+99W - Al Bahia - Ajman - United Arab Emirates,25.423230999999998,55.568186999999995,5,5,OPERATIONAL,barber_shop,,,,False,,men-only,2026-10-09
ChIJaeIWYwDx9T4R1BGFLTdFdJg,VIP Saloon Al zaheya Gardens -Al zahya Ajman,Al Zahya - Ajman - United Arab Emirates,25.4090067,55.591472499999995,4.7,41,OPERATIONAL,barber_shop,,,,False,,men-only,2026-10-09
ChIJx3lSZd3x9T4RsTJdhV6xITA,Bella Donna Saloon for women صالون بيلا دونا للنساء,Al Zahya - Ajman - United Arab Emirates,25.411944199999997,55.5896264,4.8,139,OPERATIONAL,beauty_salon,moderate,1,300,False,,,2026-10-09
ChIJP0isEoDx9T4RWw5tisdnXXg,Alafandi Saloon,Alzahyia - Al Zahya - Ajman - United Arab Emirates,25.409418799999997,55.5898926,4,5,OPERATIONAL,barber_shop,,,,False,,men-only,2026-10-09
ChIJIdoXOgz39T4RloQubMncxso,Brilliance beauty lounge,Sheikh Mohammed bin Rashid Al Maktoum Rd - Al Alia - Ajman - United Arab Emirates,25.4070267,55.5723663,4.4,142,OPERATIONAL,beauty_salon,moderate,100,300,False,,,2026-10-09
ChIJI2hGXTv39T4REXDQDDznFtc,LAZORD HAIR CUTTING,Al Alia - Ajman - United Arab Emirates,25.405986799999997,55.572311,4.8,16,OPERATIONAL,barber_shop,,,,False,,men-only,2026-10-09
ChIJq-IAqcPx9T4Rbe4OkRjAt3E,Estella ladies saloon,Al Zahya - Ajman - United Arab Emirates,25.409977599999998,55.589311099999996,4.4,9,OPERATIONAL,beauty_salon,,,,False,,,2026-10-09
ChIJZdrX_4Lx9T4RJF41Qm_h2FE,Yasmeen Makeup Artist,CH6R+CP - Al Zahya - Ajman - United Arab Emirates,25.411092600000003,55.591803999999996,5,8,OPERATIONAL,beauty_salon,,,,False,,,2026-10-09
ChIJ8ZZUJQD39T4Ro-qsi0onzoY,Shabab Al Jurf Gents Saloon,CHF9+PM7 - Al Jerf Industrial 3 - Ajman - United Arab Emirates,25.4242962,55.5691634,5,1,OPERATIONAL,barber_shop,,,,False,,men-only,2026-10-09
ChIJHw9WfQDx9T4Ry3OLr0LbjbQ,Maraya salon personal care,Al Zahya - Ajman - United Arab Emirates,25.4097372,55.589289,5,6,OPERATIONAL,hair_salon,,,,False,,,2026-10-09
ChIJ77OnRh_x9T4RBV6J1rPR-2E,Veloura by sara beauty lounge,Al Zahya - Ajman - United Arab Emirates,25.409668699999997,55.589424699999995,5,3,OPERATIONAL,beauty_salon,,,,False,,,2026-10-09
ChIJ0_iDaAD39T4R2KXmpdEibbk,sheikh alshabab salon branch 1,CH3F+44F - Al Alia - Ajman - United Arab Emirates,25.4028097,55.572798899999995,,,OPERATIONAL,barber_shop,,,,False,,men-only,2026-10-09
ChIJXzWbSgDx9T4RSb4cuoK6gCE,صالون الافندي,CH5R+P2F - Al Zahya - Ajman - United Arab Emirates,25.4093064,55.590115499999996,5,6,OPERATIONAL,hair_salon,,,,False,,,2026-10-09
ChIJxbQcTgDx9T4RMwgA7T-lkWo,Maraya Saloon,CH8X+2RW - Al Zahya - Ajman - United Arab Emirates,25.4151079,55.5995905,,,OPERATIONAL,barber_shop,,,,False,,men-only,2026-10-09
ChIJaddD2pPx9T4RtGsQsAN8T6A,Malik gents saloon,Shop no 3 - الزاهية - عجمان - United Arab Emirates,25.4151079,55.5995905,3.7,3,OPERATIONAL,hair_salon,,,,False,,men-only,2026-10-09
ChIJQbOYbQDx9T4RygOjh5nx3RQ,صالون المنصة,CJ46+9CW - Al Heliow - Ajman - United Arab Emirates,25.4060629,55.6111545,5,2,OPERATIONAL,barber_shop,,,,False,,men-only,2026-10-09
ChIJU5NlEADx9T4RxiyLDpOKX48,Sahil al madinah gents saloon,Behind Al Watad street. Street.2617 - الحليو 1 - عجمان - United Arab Emirates,25.4058967,55.611536,5,2,OPERATIONAL,hair_salon,,,,False,,men-only,2026-10-09
ChIJxw-5ZNLx9T4R0C9m0JaAalE,رمش by alia,Al Zahya - Ajman - United Arab Emirates,25.411275,55.5977226,,,OPERATIONAL,beauty_salon,,,,False,,,2026-10-09
ChIJRflEQQDx9T4Rd_82FL1qXx4,الحليو,CJ6G+265 - Al Helio - Al Heliow - Ajman - United Arab Emirates,25.410018899999997,55.625598999999994,5,1,OPERATIONAL,barber_shop,,,,False,,men-only,2026-10-09
ChIJlTJnBWTx9T4RCApncfQFlPE,Sahil Al Madina gents saloon,Ajman Al Helio street no 2616/2617 - الحليو - الحليو 1 - عجمان - United Arab Emirates,25.410018899999997,55.625598999999994,5,1,OPERATIONAL,beauty_salon,,,,False,,men-only,2026-10-09
ChIJucLaCgBJ9D4ROD4QHnHoQLg,صالون الأميرة لمار (البدية) bidya,C9G2+MCV - Al Bidyah - Fujairah - United Arab Emirates,25.4254611,56.350905,3.9,7,OPERATIONAL,beauty_salon,,,,False,,,2026-10-09
ChIJF5EpLABJ9D4R3mDLNaDy2Xo,ZAWEYAT AL JAMAL LADIEAS SALOON,C8FX+C9V - Al Bidyah - Fujairah - United Arab Emirates,25.423621299999997,56.3484243,5,1,OPERATIONAL,beauty_salon,,,,False,,,2026-10-09
ChIJ2WKOX8VI9D4RgC7LYBxnFV0,صالون نور الخور للحلاقه,Hay Al Zubara - Sharjah - United Arab Emirates,25.406165899999998,56.3501652,3.8,9,OPERATIONAL,barber_shop,,,,False,,men-only,2026-10-09
ChIJ-wjE5ndJ9D4RSvFQ_4GunIk,saloon zawyat jamal heena and bueaty,C9F2+663 SALOON ZAWYAT JAMAL HEENA AND BEAUTY - Al Bidyah - Fujairah - United Arab Emirates,25.4230005,56.3505599,3,2,OPERATIONAL,beauty_salon,,,,False,,,2026-10-09
ChIJrbN94DNJ9D4RA4ImaL2ZPjM,صالون الريادة,C9F2+26J - Al Bidyah - Fujairah - United Arab Emirates,25.422594600000004,56.3505019,5,1,OPERATIONAL,barber_shop,,,,False,,men-only,2026-10-09
ChIJGR9SY-9I9D4RO2Ys9dnuD8Q,Gharshouba Salon fujeirah,C8FX+98H - Al Bidyah - Fujairah - United Arab Emirates,25.423439199999997,56.3483677,4,2,OPERATIONAL,beauty_salon,,,,False,,,2026-10-09
ChIJhTzLBgBJ9D4RLJcy0KTFF84,SHABAB AL JAZEERAH HAIRDRESSING SALOON,C932+736 - Hay Al Zubara - Sharjah - United Arab Emirates,25.4031658,56.350136600000006,5,1,OPERATIONAL,hair_salon,,,,False,,,2026-10-09
ChIJDQqaKk9J9D4RoDF6W5jWddw,FUTURE HAIR CUTTING SALON,C88X+9WG - Al Bidyah Industrial - Fujairah - United Arab Emirates,25.4158825,56.349897899999995,4.7,3,OPERATIONAL,beauty_salon,,,,False,,,2026-10-09
ChIJATvhVwBJ9D4R251w17e9DyI,BANGLADESH HAIR CUTTING SALOON,C88X+5QF - Al Bidyah Industrial - Fujairah - United Arab Emirates,25.415433399999998,56.3494093,,,OPERATIONAL,hair_salon,,,,False,,,2026-10-09
ChIJm_veivJJ9D4RKDB4DqtDIjc,AL IHTIRAF HAIRDRESSING SALON,C942+93R - Hay Al Zubara - Fujairah - United Arab Emirates,25.405979,56.3501554,,,OPERATIONAL,hair_salon,,,,False,,,2026-10-09
ChIJj0eiSMNI9D4R-t6X7-QCvEg,صالون المحبة,Al Bidyah Industrial - Fujairah - United Arab Emirates,25.4122499,56.3495279,4.5,2,OPERATIONAL,barber_shop,,,,False,,men-only,2026-10-09
ChIJa3TNLcVI9D4RDXrME1PRNTo,صالون جوهرة الشاطئ,Aloawayen Suburb - Sharjah - United Arab Emirates,25.4079965,56.3491576,4,2,OPERATIONAL,barber_shop,,,,False,,men-only,2026-10-09
ChIJdwhD989I9D4RV9SGu4jqzhM,HISI HAIRDREDDING SALOON,Hay Al Ghazeer - Fujairah - United Arab Emirates,25.405648799999998,56.3496263,3.7,7,OPERATIONAL,hair_salon,,,,False,,,2026-10-09
ChIJ-0z_aORJ9D4RlMxQGxuW8_M,Al Mahbah Hair Cutting,C86X+VRR - Al Bidyah Industrial - Fujairah - United Arab Emirates,25.4122387,56.349526,5,1,OPERATIONAL,hair_salon,,,,False,,,2026-10-09
ChIJxa1nBABJ9D4RJmUrigGgb0g,Rose Kazan Hairdressing Men Saloon (Branch#1),C942+X5P - Hay Al Zubara - Sharjah - United Arab Emirates,25.4074577,56.3504466,5,2,OPERATIONAL,barber_shop,,,,False,,men-only,2026-10-09
ChIJa9y3YABJ9D4Rii6W6fLEd9g,صالون لمسة ياسمين,C8FX+CHF - Al Bidyah - Fujairah - United Arab Emirates,25.4235574,56.348923899999996,5,2,OPERATIONAL,barber_shop,,,,False,,men-only,2026-10-09
ChIJPWrE45j59T4ReGfuKnpkUSA,Rit Spa Center,CGG2+858 - Al Jerf 1 - Ajman - United Arab Emirates,25.425739999999998,55.500347399999995,4.7,35,OPERATIONAL,beauty_salon,,,,False,,,2026-10-09
ChIJEaf68ND59T4RmmOFO9bDD1Y,صالون نور السما للحلاقة,Ajman industrial area - Al Jurf 1 - الجرف الصناعية 1 - عجمان - United Arab Emirates,25.435003899999998,55.5102913,3.5,4,OPERATIONAL,barber_shop,,,,False,,men-only,2026-10-09
ChIJLX_waZL59T4RS2_zbW90Fyw,Najoom salon,CGQ8+J63 - Al Jerf Industrial 1 - Ajman - United Arab Emirates,25.4390075,55.515557199999996,4.9,7,OPERATIONAL,barber_shop,,,,False,,men-only,2026-10-09
ChIJMRer_UD59T4RCeGNJvIqVMs,Nouf ladies salon,32 45 St - Al Jerf 1 - Ajman - United Arab Emirates,25.4250024,55.5022072,2.4,14,OPERATIONAL,beauty_salon,,,,False,,,2026-10-09
ChIJd-pg93759T4RCWp3RzgGkzM,Amir Kashmiri saloon,"Fatma Alharmodi - Masjid, Jurf 1 - الجرف 1 - عجمان - United Arab Emirates",25.4249579,55.5019048,4.1,9,OPERATIONAL,barber_shop,,,,False,,men-only,2026-10-09
ChIJqybnfbf59T4R7zctkiLHV7g,Sultan Obeid Hair Cutting Saloon,CGP8+2G6 - Al Jerf Industrial 1 - Ajman - United Arab Emirates,25.435036999999998,55.5162506,5,1,OPERATIONAL,barber_shop,,,,False,,men-only,2026-10-09
ChIJO7xD3xf49T4Ra4Luwb-RAF8,Al Kanooz Hairdressing,Sheikh Ammar Bin Humaid St - Al Jerf Industrial 1 - Ajman - United Arab Emirates,25.437700399999997,55.5137151,3.4,5,OPERATIONAL,hair_salon,,,,False,,,2026-10-09
ChIJx3SmQJP59T4Ru2zzR9P2YXI,Zaytoon Hair Cutting Saloon,CGQ7+22R - Al Jerf Industrial 1 - Ajman - United Arab Emirates,25.437601299999997,55.5125062,,,OPERATIONAL,barber_shop,,,,False,,men-only,2026-10-09
ChIJl9GyTgD59T4RX_1CADUeD_k,LOOK SALOON,CGM7+335 - Al Ittihad St - Al Jerf 1 - Ajman - United Arab Emirates,25.4326452,55.5127345,5,1,OPERATIONAL,barber_shop,,,,False,,men-only,2026-10-09
ChIJIbCvHe359T4RPdyYvfzllkY,Miracle ladies saloon (Branch 3) Jurf,Al Ittihad St - Al Zorah - Ajman - United Arab Emirates,25.424839499999997,55.496693400000005,,,OPERATIONAL,beauty_salon,,,,False,,,2026-10-09
ChIJK8LMEgBXXz4RbJZwU9bR094,Hair Cutting Saloon,CFVP+7QC - Hamriya Free Zone - Sharjah - United Arab Emirates,25.4431977,55.4869062,,,OPERATIONAL,hair_salon,,,,False,,,2026-10-09
ChIJYQrMeyj59T4R5S3PGXNbzqk,Mohammed Yeasin Abdul Haque Saloon,CGQ7+22R - Unnamed Road - Al Jerf Industrial 1 - Ajman - United Arab Emirates,25.437621399999998,55.5125171,3.2,5,OPERATIONAL,barber_shop,,,,False,,men-only,2026-10-09
ChIJJ4vuGj349T4RLrVckJNBcjo,Defta Hair Cutting Saloon,CGQ8+F8P - Al Jerf Industrial 1 - Ajman - United Arab Emirates,25.438711800000004,55.5158351,,,OPERATIONAL,hair_salon,,,,False,,,2026-10-09
ChIJ59G0NwD59T4RgiNXCXfnEus,صالون سعد الدين الرحيل,Al Ittihad St - Ajman - United Arab Emirates,25.4340832,55.504349299999994,,,OPERATIONAL,hair_salon,,,,False,,,2026-10-09
ChIJZaQdDYb59T4R-8_8Drr5Zz8,Zylora Lounge for Mens Hair Cutting & Styling,Jurf 3 - Al Ittihad St - Al Jerf Industrial 1 - Ajman - United Arab Emirates,25.439606599999998,55.5117165,,,OPERATIONAL,hair_salon,,,,False,,,2026-10-09
ChIJ-YpFsfZXXz4RSZ_lZ2p15ws,Nojoom Al Zahia Salon,Al Zorah - Ajman - United Arab Emirates,25.4348974,55.488158600000006,5,2,OPERATIONAL,hair_salon,,,,False,,,2026-10-09
ChIJR7WbKJj59T4R-xHXvMAiK5A,Hair Avenue Salon,Al Ittihad St - Al Zorah - Ajman - United Arab Emirates,25.424839499999997,55.496693400000005,,,OPERATIONAL,hair_salon,,,,False,,,2026-10-09
ChIJ23Vg6Fn39T4R-897Chyu0Tc,Aqsaam Barbershop,"Shop 3, Building Al Rayhan 4 , Jurf industrial 3 China mall backside along Ajman outlet mall - الجرف الصناعية 3 - عجمان - United Arab Emirates",25.4286252,55.5343988,4.8,12,OPERATIONAL,barber_shop,,,,False,,men-only,2026-10-09
ChIJqQ8bp_n59T4RkG4D5e09ngs,Bargill Saloon,Al Jerf Industrial 2 - Ajman - United Arab Emirates,25.4395335,55.5290853,5,1,OPERATIONAL,hair_salon,,,,False,,,2026-10-09
ChIJtds5J-P59T4R0KvIKxDGe1E,Dar Al Areesh Gents Saloon (Pakistan),CGPP+W3M - Al Jerf 2 - Ajman - United Arab Emirates,25.437449899999997,55.535381199999996,4.8,14,OPERATIONAL,hair_salon,,,,False,,men-only,2026-10-09
ChIJE5QqlL_39T4RQlXUjWA9oaM,INFINITY BEAUTY CENTER,jurf 3 - salah 2 - industrial area - Al Jerf Industrial 3 - Ajman - United Arab Emirates,25.4289556,55.5350808,3.9,7,OPERATIONAL,beauty_salon,,,,False,,,2026-10-09
ChIJtTrqqv359T4RU3yTpKHHn2Y,Saloon noor al falah,CGRX+58J - Al Jerf Industrial 2 - Ajman - United Arab Emirates,25.4403914,55.548148999999995,4,10,OPERATIONAL,hair_salon,,,,False,,,2026-10-09
ChIJCbrWSy749T4RIwCAIBAx2jo,United Hair Cutting Saloon,CGQH+C63 - Al Jerf Industrial 2 - Ajman - United Arab Emirates,25.4385014,55.5280372,4.5,4,OPERATIONAL,hair_salon,,,,False,,,2026-10-09
ChIJ4-Exydf39T4Rz6ruCBhqd9U,Mashhor Hair Cutting Saloon,CGJV+983 - Al Jerf Industrial 3 - Ajman - United Arab Emirates,25.4308402,55.543287899999996,5,1,OPERATIONAL,hair_salon,,,,False,,,2026-10-09
ChIJPXusjDv39T4RlXWLLbt7clk,Zyara Gents Saloon LLC.,https://maps.google.com/?q=25.424976 - 55.533627 - Al Jerf Industrial 3 - Ajman - United Arab Emirates,25.424948699999998,55.533634899999996,1,1,CLOSED_TEMPORARILY,barber_shop,,,,False,,not-operational,2026-10-09
ChIJf83bq2D39T4RbXyCLiJs64w,Al Walaa haircutting saloon,CGGM+P9G - Al Jerf Industrial 3 - Ajman - United Arab Emirates,25.438291399999997,55.5389541,4.6,5,OPERATIONAL,hair_salon,,,,False,,,2026-10-09
ChIJt4SwaBr39T4R-gxHeJ3PbOQ,AL Mahir Barber الماهر للحلاقة,CGGP+WHM - Al Jerf Industrial 3 - Ajman - United Arab Emirates,25.4273125,55.5364375,4.3,6,OPERATIONAL,beauty_salon,,,,False,,men-only,2026-10-09
ChIJW2VTSbb59T4Rsh84voiZRfo,Wasel al jadeed saloon,AL JURF - Al Ittihad St - Al Jerf Industrial 3 - Ajman - United Arab Emirates,25.4261891,55.5364493,5,2,OPERATIONAL,hair_salon,,,,False,,,2026-10-09
ChIJ4xsrNir49T4RaWujdIBk9ZA,Colombo hair cutting saloon,CGMJ+4MJ - Al Jerf Industrial 1 - Ajman - United Arab Emirates,25.432841099999997,55.5316451,3.4,11,OPERATIONAL,beauty_salon,,,,False,,,2026-10-09
ChIJ42SIRTD59T4RJiufiryRdJ4,wasel haircutting saloon since 2018,CGVR+4Q9 - Jiddah St - Al Jerf Industrial 2 - Ajman - United Arab Emirates,25.442783400000003,55.5419921,4.4,20,OPERATIONAL,hair_salon,,,,False,,,2026-10-09
ChIJ53ovzfL59T4RU53bKf1NrSI,Alam Alshar hair salon,CGRQ+3W4 - Al Jerf Industrial 2 - Ajman - United Arab Emirates,25.4403382,55.5396632,,,OPERATIONAL,barber_shop,,,,False,,men-only,2026-10-09
ChIJDXU3x4f39T4RwnT9upaU2bc,Companion ladies salon,CGHG+2CJ - Al Jerf Industrial 1 - Ajman - United Arab Emirates,25.427576799999997,55.5260165,3.4,10,OPERATIONAL,beauty_salon,,,,False,,,2026-10-09
ChIJC7vqB4L59T4R5NjGJmYnbGo,Al wadhi hair dressing,"AL JURF - Dana Building, Opposite Lucky Centre - CGMJ+8P5 - الجرف الصناعية 1 - عجمان - United Arab Emirates",25.433269799999998,55.531846599999994,5,1,OPERATIONAL,beauty_salon,,,,False,,,2026-10-09
ChIJBWZBpw739T4ROf6ll36DDlk,AL TARTEEB HAIR CUTTING SALOON,AL JURF - Al Jerf Industrial 3 - Ajman - United Arab Emirates,25.4325215,55.546237999999995,5,1,OPERATIONAL,barber_shop,,,,False,,men-only,2026-10-09
ChIJu_emWgD59T4R15p70Zes2Dw,Bariiso,CGRX+6QH - Al Jerf Industrial 2 - Ajman - United Arab Emirates,25.440569,55.549472599999994,3.7,6,OPERATIONAL,barber_shop,,,,False,,men-only,2026-10-09
ChIJqTY73mb59T4RYRRi7MCg58k,AL MURAD SALOON,CHR2+4GM - Al Jerf Industrial 2 - Ajman - United Arab Emirates,25.4401321,55.5513889,3.7,3,OPERATIONAL,hair_salon,,,,False,,,2026-10-09
ChIJyZUpT1X39T4RNblc7Jry8ro,Bangladeshi Saloon,CHM7+CGC - Al Jerf Industrial 2 - Ajman - United Arab Emirates,25.4334553,55.5634911,5,2,OPERATIONAL,hair_salon,,,,False,,,2026-10-09
ChIJE2s78xb39T4RTLvX5FEKm4E,Al Jabal Hair Cutting Saloon,CHM7+6F2 - Al Jerf Industrial 2 - Ajman - United Arab Emirates,25.4330484,55.5635239,4.9,8,OPERATIONAL,hair_salon,,,,False,,,2026-10-09
ChIJnx4CImX59T4Rb37HnFbLFGw,HAMARIYA CUTTING HAIR L.L.C SALON JURF 2 AJMAN,"DANA BUILDING, PHASE 2 JURF - SHOP NO : 1 - opp. HAMARIYA FREEZONE - INDUSTRIAL ZONE - Ajman - United Arab Emirates",25.4409076,55.5498568,5,3,OPERATIONAL,hair_salon,,,,False,,,2026-10-09
ChIJdQE9gKb39T4R0aAl8nn5r2M,Abdi Hair Cutting Saloon,CHM8+FHM - Al Jerf Industrial 2 - Ajman - United Arab Emirates,25.4336777,55.566570899999995,4.8,5,OPERATIONAL,hair_salon,,,,False,,,2026-10-09
ChIJq2OY1RL59T4RRgJNW5MZx3s,AL NAS SALOON,CGRX+J7V - Al Jerf Industrial 2 - Ajman - United Arab Emirates,25.441526,55.548087599999995,5,2,OPERATIONAL,hair_salon,,,,False,,,2026-10-09
ChIJP5n9LgD59T4RDjDfIF_-MVs,ALNAJM ALABYAD SALOON BR 01,CGRW+97X - Authority - Al Jerf Industrial 2 - Sharjah - United Arab Emirates,25.4410021,55.5456857,,,OPERATIONAL,barber_shop,,,,False,,men-only,2026-10-09
ChIJfcZJWyr59T4R-dF2Xb3lsLU,al meqas al wardi hair cutting saloon,Al Jerf Industrial 2 - Ajman - United Arab Emirates,25.438779699999998,55.5526518,3.8,8,OPERATIONAL,hair_salon,,,,False,,,2026-10-09
ChIJXwqvF-T39T4RVfFxy8rwH2k,Bait Al Najma Hair Cut Saloon,Jurf 3 - Al Jerf Industrial 2 - Ajman - United Arab Emirates,25.435995899999998,55.557212899999996,,,OPERATIONAL,barber_shop,,,,False,,men-only,2026-10-09
ChIJGdB2H1ZI9D4RtA39Gxwd9-4,صالون ياقوت الشرق,C8PV+FRG - Al Bidyah - Fujairah - United Arab Emirates,25.4361821,56.3445747,5,3,OPERATIONAL,barber_shop,,,,False,,men-only,2026-10-09
ChIJx0BBbwBJ9D4RIkCXrG0AeDs,BAIT AL YAZYA HENNA & BEAUTY SALOON,C8MW+VGW - Al Bidyah - Fujairah - United Arab Emirates,25.434726200000004,56.3463359,,,OPERATIONAL,beauty_salon,,,,False,,,2026-10-09
ChIJg0RiIZtJ9D4R6kEFsmp4Py8,صالون الدقة للحلاقة,C8PV+GR4 - Al Bidyah - Fujairah - United Arab Emirates,25.4362623,56.3445651,3,1,OPERATIONAL,barber_shop,,,,False,,men-only,2026-10-09
ChIJSz0oewBJ9D4RPiOEGfxCbRw,AL ASTOORA SALOON,C8PV+5V4 - Al Bidyah - Fujairah - United Arab Emirates,25.4353773,56.3446954,,,OPERATIONAL,hair_salon,,,,False,,,2026-10-09
ChIJ6ZzoOCxJ9D4Rv7EoG9yPiGU,مركز شهلاء للتجميل والحناء,C8PV+CR8 - Al Bidyah - Fujairah - United Arab Emirates,25.436038099999998,56.3445773,5,1,OPERATIONAL,beauty_salon,,,,False,,,2026-10-09
ChIJuXrY-yVJ9D4Rk_14ig3mmS0,BAIT AL NAQSHA SALOON,BIDYA - Al Bidyah - Fujairah - United Arab Emirates,25.4363319,56.3445623,2.5,2,OPERATIONAL,beauty_salon,,,,False,,,2026-10-09
ChIJKcUDDgBJ9D4RejQJc6_mavw,HASSAN GENTS SALOON,C8PV+3VP - Al Bidyah - Fujairah - United Arab Emirates,25.4352603,56.3447172,,,OPERATIONAL,hair_salon,,,,False,,men-only,2026-10-09
ChIJJ_BxbgBJ9D4R56YZMttj6uk,Darshamma salon,C8MW+VQ7 - Al Bidyah - Fujairah - United Arab Emirates,25.434713799999997,56.346955300000005,,,OPERATIONAL,beauty_salon,,,,False,,,2026-10-09
ChIJ34an035J9D4Ro1fdX1j5Nk4,LMST SHEIKHAH SALOON,C8MW+RWF - Al Bidyah - Fujairah - United Arab Emirates,25.4345614,56.3472837,5,1,OPERATIONAL,beauty_salon,,,,False,,,2026-10-09
ChIJ70APEwBJ9D4Ra36O79CjxKI,AL RUKN AL METHALI SALOON,C8JV+H99 - Al Bidyah - Fujairah - United Arab Emirates,25.4315273,56.343518599999996,,,OPERATIONAL,hair_salon,,,,False,,,2026-10-09
ChIJhZtFTGhJ9D4RTGrFwabec-k,Al Shabab Hair Cutting Saloon,Al Bidyah - Fujairah - United Arab Emirates,25.434067499999998,56.3498072,,,OPERATIONAL,barber_shop,,,,False,,men-only,2026-10-09
ChIJp3JkfgBJ9D4RywChrjzcO2Y,WADI AL BIDIYA SALOON,C9M2+2RP - Al Bidyah - Fujairah - United Arab Emirates,25.432595,56.3520768,,,OPERATIONAL,hair_salon,,,,False,,,2026-10-09
ChIJfTYjNwBJ9D4RksSiMcnfZa4,Al basmat salon,C9H2+3FH - Al Bidyah - Fujairah - United Arab Emirates,25.427677199999998,56.3512358,5,1,OPERATIONAL,barber_shop,,,,False,,men-only,2026-10-09
ChIJyRP2EQD59T4Rrr6o7WgHRcU,Sharja Hamriya,FGHC+JR5 - Hamriya West - Sharjah - United Arab Emirates,25.479006,55.522118,,,OPERATIONAL,beauty_salon,,,,False,,,2026-10-09
ChIJSzYYJQD59T4RJckV1jscMm8,صالون القلم للحلاقة,FGHC+JR5 - Hamriya West - Sharjah - United Arab Emirates,25.479006,55.522118,,,OPERATIONAL,barber_shop,,,,False,,men-only,2026-10-09
ChIJbaZ3r_L79T4RIpIo8zw4wfA,EVA SPA,Unnamed Road - Al HuboobAl Huboob 2 - الهبوبالهبوب2 - FHGQ+858 - الهبوب 2 - إمارة أم القيوين - United Arab Emirates,25.4755528,55.588104599999994,4.3,49,OPERATIONAL,beauty_salon,,,,False,,,2026-10-09
ChIJu9hIGz379T4Rs8uOFKj11ig,Kev Lounge Barber,Alhuboob 1 - Al Huboob 2 - Emirate of Umm Al Quwain - United Arab Emirates,25.473699399999997,55.588755,4.9,256,OPERATIONAL,barber_shop,,,,False,,men-only,2026-10-09
ChIJzfS6If379T4R_pvAi53kGrs,Grace Beauty Center,2nd December Al Hboub2 - Al Huboob 2 - Emirate of Umm Al Quwain - United Arab Emirates,25.4777927,55.5874526,4.9,374,OPERATIONAL,beauty_salon,moderate,1,400,False,,,2026-10-09
ChIJmdFT9Kz79T4Rnct3S--tH8E,Al Afzal Saloon صالون الافضل,Al huboob2 - 2nd December street - Al Huboob 1 - Emirate of Umm Al Quwain - United Arab Emirates,25.473962999999998,55.588789999999996,4.8,43,OPERATIONAL,barber_shop,,,,False,,men-only,2026-10-09
ChIJO5OoSGz79T4RlSngVDs70YE,Aref Saloon,Unnamed Road - Al Huboob 2 - Emirate of Umm Al Quwain - United Arab Emirates,25.4757177,55.587940599999996,3.8,20,OPERATIONAL,hair_salon,,,,False,,,2026-10-09
ChIJJ013u_L79T4RnhqyxuhWKrE,Cut and co,Al Huboob 1 - Emirate of Umm Al Quwain - United Arab Emirates,25.476425600000002,55.5886553,5,6,OPERATIONAL,barber_shop,,,,False,,men-only,2026-10-09
ChIJxXRtbmv79T4RT0CtOKKThJE,Saloon Ghazi Hairdressing صالون غازي للحلاقة,Al Haboob 2 - Al Huboob 2 - Emirate of Umm Al Quwain - United Arab Emirates,25.473784300000002,55.588882999999996,5,2,OPERATIONAL,barber_shop,,,,False,,men-only,2026-10-09
ChIJDWoSdyX69T4RelcSnR0SWPI,Al Maliha Ladies Beauty Salon,FHGQ+GG6 - الهبوب - الهبوب 2 - إمارة أم القيوين - United Arab Emirates,25.4762755,55.5887659,3.3,7,OPERATIONAL,beauty_salon,,,,False,,,2026-10-09
ChIJH3RuxUT79T4RaoGjRrJNASE,High Calss Saloon,FHFQ+M9V - Al Huboob 2 - Emirate of Umm Al Quwain - United Arab Emirates,25.474238500000002,55.5884077,3.5,2,OPERATIONAL,hair_salon,,,,False,,,2026-10-09
ChIJY8--Kmr79T4R0IHn9KZ5YhE,Perle beauty UAQ branch,2nd street - alhboob 2 area - Emirate of Umm Al Quwain - United Arab Emirates,25.4752911,55.587737999999995,4,28,OPERATIONAL,beauty_salon,moderate,1,300,False,,,2026-10-09
ChIJxaPya7T59T4RCzeanA7LNQQ,NUJOOM AL HAMRIA GENTS SALON,Hamari account - Hamriya East - Sharjah - United Arab Emirates,25.4831607,55.531351199999996,5,1,OPERATIONAL,barber_shop,,,,False,,men-only,2026-10-09
ChIJGZY9LQD59T4Rr1xl2jhOJcw,hamriya sailon,Hamriyah Ground 1 - Phase 1 - Sheikh Zayed Rd - Hamriya East - Sharjah - United Arab Emirates,25.480594999999997,55.528705699999996,,,OPERATIONAL,barber_shop,,,,False,,men-only,2026-10-09
ChIJmQawQgD59T4RUdGD7v4ibyo,صالون شاطئ الحمرية للرجال,FGJH+4H7 - Hamriya East - Sharjah - United Arab Emirates,25.4801376,55.529103000000006,,,OPERATIONAL,hair_salon,,,,False,,men-only,2026-10-09
ChIJty25ZPD59T4RkKnaQGN-B0c,Ali saloon,Al rahab building shop 5 - المقطع - المدر 3 - أم القيوين - United Arab Emirates,25.4941085,55.5485475,,,OPERATIONAL,barber_shop,,,,False,,men-only,2026-10-09
ChIJ72bRqJn79T4Rs_N7HLACRYM,Rival Flower Saloon,Al Salamah - Al Salmah - Al Salamah - Emirate of Umm Al Quwain - United Arab Emirates,25.4998737,55.5759057,4.4,110,OPERATIONAL,beauty_salon,expensive,1,500,False,,,2026-10-09
ChIJ0ZIIfwD79T4RnpcEwoFqnYg,Moon Beauty Lounge,FHFQ+6H5 - Al Salmah - Al Salamah 1 - Emirate of Umm Al Quwain - United Arab Emirates,25.499602199999998,55.5757209,4.8,49,OPERATIONAL,beauty_salon,,,,False,,,2026-10-09
ChIJ18FZbdf59T4R8q3a82pnOyc,Unity Gents Salon,FHV2+Q2J - Al Muqta - Al Madr 3 - Emirate of Umm Al Quwain - United Arab Emirates,25.494496299999998,55.5500001,4.6,19,OPERATIONAL,beauty_salon,,,,False,,men-only,2026-10-09
ChIJzZ-RFJn59T4R96ReL8y8JbQ,NY Saloon - Umm Al Quwain,FHXC+68C - 25.4980514 55.5707725 - Al Abraq - Al Nekheila - Emirate of Umm Al Quwain - United Arab Emirates,25.498042899999998,55.570790599999995,4.8,17,OPERATIONAL,hair_salon,,,,False,,,2026-10-09
ChIJf8ErmrT59T4RFCbX4A23qok,Golden Touch Salon | Punjabi Saloon,Al Muqta - Al MuqtaAl Muqta 1 - Emirate of Umm Al Quwain - United Arab Emirates,25.4987609,55.556445499999995,4.8,33,OPERATIONAL,hair_salon,,,,False,,,2026-10-09
ChIJiwA7MvX59T4RiB8oYLFkRRg,fiorilla beauty saloon,Mktaa St - Al Muqta - Al Muqta 3 - Emirate of Umm Al Quwain - United Arab Emirates,25.5005316,55.565171,4.1,28,OPERATIONAL,beauty_salon,,,,False,,,2026-10-09
ChIJUTm0WkT59T4R_Zy06Kq0ryQ,Al waseem motor bike 🏍 repair,Unnamed Road - FHX4+HHF - Al Muqta - Al Muqta 1 - Emirate of Umm Al Quwain - United Arab Emirates,25.498935,55.5564337,4.6,5,OPERATIONAL,barber_shop,,,,False,,men-only,2026-10-09
ChIJ1zh2FPD59T4RdyEVvt44CeY,BOHO Nail Salon,1 Granadah St - Al Salmah - Al Salamah - Emirate of Umm Al Quwain - United Arab Emirates,25.498532299999997,55.5738273,4.7,35,OPERATIONAL,nail_salon,moderate,50,250,False,,,2026-10-09
ChIJTdI9UgD59T4RgkKBqS7stS8,Senses Spa - Ladies Salon and Spa,"Block A, Villa 5 - Al etihad Street - Al Salmah - Al Salamah 1 - Emirate of Umm Al Quwain - United Arab Emirates",25.4998861,55.576055499999995,4.3,25,OPERATIONAL,beauty_salon,,,,False,,,2026-10-09
ChIJI4CFtHr59T4R5rWm83HCnSs,hair art salon,FHVC+33H - Al Abraq - Al Nekheila - Emirate of Umm Al Quwain - United Arab Emirates,25.4926843,55.5702427,4.3,27,OPERATIONAL,barber_shop,,,,False,,men-only,2026-10-09
ChIJZ-ZP_of59T4RYnJ_QULhMqQ,مركز مكياجي للتدريب و التجميل,شارع غرناطه - Al Salmah - Al Salamah - Emirate of Umm Al Quwain - United Arab Emirates,25.4974866,55.5738919,4.2,19,OPERATIONAL,beauty_salon,,,,False,,,2026-10-09
ChIJeQLqqGT59T4RjFhW3vZF5tE,صالون باكستان للحلاقة,FHVF+QQW - Al Abraq - Al Nekheila - Emirate of Umm Al Quwain - United Arab Emirates,25.4944852,55.5744531,4,20,OPERATIONAL,hair_salon,,,,False,,men-only,2026-10-09
ChIJ1RWhma759T4R3u2Y4EThYH0,Aujla pb32,Al hail street - Al Muqta - Al Muqta 1 - Emirate of Umm Al Quwain - United Arab Emirates,25.5008189,55.5534958,4.7,6,OPERATIONAL,barber_shop,,,,False,,men-only,2026-10-09
ChIJV-RyKDz59T4ROrdUw693T1Y,Agadeer Saloon,FHX5+55X - Al Muqta - Al Muqta 1 - Emirate of Umm Al Quwain - United Arab Emirates,25.4979802,55.557992399999996,5,1,OPERATIONAL,hair_salon,,,,False,,,2026-10-09
ChIJ6cSXF4r59T4Rd4NdaVh7jGs,Dark Prince Salon,Al Abraq - Al Nekheila - Emirate of Umm Al Quwain - United Arab Emirates,25.4945244,55.574439500000004,4.5,34,OPERATIONAL,barber_shop,,,,False,,men-only,2026-10-09
ChIJz4oiXen79T4RJNohKUFeHQk,Home saloon,Al hail street - Al Muqta - Old industrial area - Emirate of Umm Al Quwain - United Arab Emirates,25.502101,55.5577117,5,2,OPERATIONAL,hair_salon,,,,False,,,2026-10-09
ChIJed6icWz59T4RYBR5UCUAxX0,Qaser al nil,GH2G+33G - Al Salmah - Al Salamah - Emirate of Umm Al Quwain - United Arab Emirates,25.5001842,55.575204799999995,5,3,OPERATIONAL,barber_shop,,,,False,,men-only,2026-10-09
ChIJAQT0iPD59T4R40n03JFdJ0c,Style On Men’s Salon,Almaqtaa 2 - Al Muqta - Al Muqta 1 - Emirate of Umm Al Quwain - United Arab Emirates,25.4975934,55.5534198,5,3,OPERATIONAL,barber_shop,,,,False,,men-only,2026-10-09
ChIJtbTolhv59T4RNhpK39jVN20,صالون فكتوريا,Al SalmahAl - 3 Al Ebl St - Al Salmah - Al Salamah - Emirate of Umm Al Quwain - United Arab Emirates,25.4991389,55.574070299999995,2.7,6,OPERATIONAL,beauty_salon,,,,False,,,2026-10-09
ChIJCQaFqsH59T4RperuDW_snVE,Al Nawaz saloon,FHVF+RP5 - Al Abraq - Al Salamah - Emirate of Umm Al Quwain - United Arab Emirates,25.494501,55.5743586,5,3,OPERATIONAL,barber_shop,,,,False,,men-only,2026-10-09
ChIJgxrVzCr79T4RLWUkWYHu0ig,Flow Nail Bar,شارع الشيخ محمد بن راشد آل مكتوم - Al Salmah - Al Qraun 1 - Emirate of Umm Al Quwain - United Arab Emirates,25.4954963,55.5987916,4.4,108,OPERATIONAL,nail_salon,moderate,50,200,False,,,2026-10-09
ChIJ3a4dTcP79T4RrpVQN37ogvo,صالون سلامة للسيدات Salamah Ladies Saloon,Al Waha St - Al Salmah - Al Salamah - Emirate of Umm Al Quwain - United Arab Emirates,25.504260499999997,55.591456,4,169,OPERATIONAL,beauty_salon,moderate,1,200,False,,,2026-10-09
ChIJ2RbPJST79T4RRHBYCtLEslM,BEAUTY STUDIO LADIES SALOON,Al Qarayen St - Al Salmah - Al salamah - Emirate of Umm Al Quwain - United Arab Emirates,25.4953096,55.600697999999994,4.7,19,OPERATIONAL,beauty_salon,,,,False,,,2026-10-09
ChIJR_d4n5779T4RByvKtZA3tEU,ALWAAD LADIES SALOON صالون الوعد للسيدات,Baynoona building - Al Huboob 2 - Emirate of Umm Al Quwain - United Arab Emirates,25.4792512,55.587317299999995,4.8,8,OPERATIONAL,beauty_salon,,,,False,,,2026-10-09
ChIJBSi3hmL59T4RT9InM9EBMH8,Saloon shaikha,2nd December Street - Al Salmah - Al Salamah 1 - Emirate of Umm Al Quwain - United Arab Emirates,25.4977348,55.5797495,3.1,79,OPERATIONAL,beauty_salon,,,,False,,,2026-10-09
ChIJhy6uDwD59T4RuXes61Tt5qk,Glow Up Spa - Ladies,Al Salamah - Al Salmah - Al Salamah - Emirate of Umm Al Quwain - United Arab Emirates,25.4977531,55.579681,4.2,52,OPERATIONAL,beauty_salon,moderate,100,400,False,,,2026-10-09
ChIJb1gkKCX_9T4RMXIYgmlxDGM,K E Gents Saloon صالون كي اي للرجال,Al Huboob 2 - Emirate of Umm Al Quwain - United Arab Emirates,25.478796199999998,55.58689460000001,4.9,14,OPERATIONAL,hair_salon,,,,False,,men-only,2026-10-09
ChIJlTJpaQD79T4RLXuRfgFgNMo,بلاك باربر,الهبوب - الهبوب 2 - إمارة أم القيوين - United Arab Emirates,25.479213599999998,55.5870156,4.6,7,OPERATIONAL,hair_salon,,,,False,,,2026-10-09
ChIJHfKvMMX79T4RZdKkzK7RnIY,صالون طيف,Unnamed Road - السلمة - القراين 1 - إمارة أم القيوين - United Arab Emirates,25.4944056,55.6021912,3.4,5,OPERATIONAL,beauty_salon,,,,False,,,2026-10-09
ChIJx0Yx38T79T4Rc0Xb5_JNOz8,Al Ward Salon for men,Umm Al Quwain - Al Huboob 2 - Emirate of Umm Al Quwain - United Arab Emirates,25.4736332,55.59589,3.5,6,OPERATIONAL,barber_shop,,,,False,,men-only,2026-10-09
ChIJSdbfHQD79T4RjdaZSzmYQno,M&H Beauty صالون,FHXQ+57 - Al Salmah - Al Salamah - Emirate of Umm Al Quwain - United Arab Emirates,25.498019,55.5880801,4.1,14,OPERATIONAL,beauty_salon,,,,False,,,2026-10-09
ChIJ54nzcg759T4RTFpIZjh546Y,Minimal Beauty Lounge,48 Al Waha St - Al Salmah - Al Salamah 3 - Emirate of Umm Al Quwain - United Arab Emirates,25.5044181,55.5934527,3.1,32,OPERATIONAL,beauty_salon,,,,False,,,2026-10-09
ChIJCf5mKsL79T4RR98KTt9_4dw,Taiseer Salon,near Al Ilaj Pharmacy - Al Salmah - Al Qraun 1 - Emirate of Umm Al Quwain - United Arab Emirates,25.4927632,55.601276299999995,,,OPERATIONAL,hair_salon,,,,False,,,2026-10-09
ChIJwSgYg7z79T4RK-7U2zle1nQ,Imran saloon,2nd December street - Al Huboob 2 - Emirate of Umm Al Quwain - United Arab Emirates,25.479893999999998,55.5867712,3.9,7,OPERATIONAL,beauty_salon,,,,False,,,2026-10-09
ChIJe8FZuk359T4RYy2oZowwIhc,Polish Beauty Lounge,Naad Alswad St - Al Muqta - Al Muqta 1 - Emirate of Umm Al Quwain - United Arab Emirates,25.5099035,55.551155800000004,4.6,471,OPERATIONAL,beauty_salon,moderate,1,300,False,,,2026-10-09
ChIJWddWLhj59T4RPlSJVckmFlY,Gino gents Salon,GGCQ+2VX - Unnamed Road - Green Belt - Al Madr 2 - Emirate of Umm Al Quwain - United Arab Emirates,25.520063,55.539688,4.1,54,OPERATIONAL,barber_shop,,,,False,,men-only,2026-10-09
ChIJ04nYAJ759T4RhxbjTctjrpA,Retro Grooming Lounge,King Faisal St - Green Belt - Al Madr 2 - Emirate of Umm Al Quwain - United Arab Emirates,25.512287099999998,55.545316299999996,4.9,289,OPERATIONAL,barber_shop,,,,False,,men-only,2026-10-09
ChIJpXFaWGj59T4RhaVF3Vwz-2A,صالون مودى للرجال - Moody Gents Saloon,School، Al Qarain building - next to Umm Al Quwain - Green Belt - Al Madr 2 - Emirate of Umm Al Quwain - United Arab Emirates,25.5149293,55.543108499999995,4.9,103,OPERATIONAL,hair_salon,,,,False,,men-only,2026-10-09
ChIJb84rfQD59T4RyFw2c2UXC-k,The lab salon,Al taba building - Almaqtah st - Green Belt - Leatain 1 - Emirate of Umm Al Quwain - United Arab Emirates,25.5148691,55.5567901,4.7,23,OPERATIONAL,barber_shop,,,,False,,men-only,2026-10-09
ChIJdfXKHQD59T4R8x9mp1DEH6k,Sara Beauty Salon صالون سارة للتجميل,GG5W+PFF - Green Belt - Al Madr 2 - Emirate of Umm Al Quwain - United Arab Emirates,25.509286300000003,55.5463771,4.6,92,OPERATIONAL,beauty_salon,moderate,1,200,False,,,2026-10-09
ChIJYzrgJ1z-9T4R-g0vqRi0D7w,Newlook Saloon,Unnamed Road - الحزام الأخضر - المقطع 1 - إمارة أم القيوين - United Arab Emirates,25.5172225,55.544711899999996,3.8,36,OPERATIONAL,hair_salon,,,,False,,,2026-10-09
ChIJuYlIuLH_9T4RFL-kZhs-9a8,VERO GENTS SALON,King Faisal St - Green Belt - Al Madr 2 - Emirate of Umm Al Quwain - United Arab Emirates,25.5203208,55.5424613,4.6,145,OPERATIONAL,hair_salon,moderate,1,150,False,,men-only,2026-10-09
ChIJYSzhn9b-9T4RB9NbmYUKewY,Al Fareej Ladies Salon,Umm Al Quwain - Green Belt - Al Madr 2 - Emirate of Umm Al Quwain - United Arab Emirates,25.5210126,55.5398989,4.3,145,OPERATIONAL,beauty_salon,moderate,1,200,False,,,2026-10-09
ChIJa-krAdj_9T4R5SgFxLuNj5c,Elive Beauty Spot Saloon Branch,Marwan - Green Belt - Emirate of Umm Al Quwain - United Arab Emirates,25.5168735,55.544717999999996,4.5,89,OPERATIONAL,beauty_salon,,,,False,,,2026-10-09
ChIJZyrTAQb_9T4RsAlqZ6tXYQ4,Krikaties Kids Salon,Green Gardens Building B uae - Shop 11 - Green Belt - Emirate of Umm Al Quwain - United Arab Emirates,25.510360799999997,55.5469679,4.6,103,OPERATIONAL,hair_salon,,,,False,,,2026-10-09
ChIJKcm2Kgr59T4R5qQ30Eshcps,صالون ازمير,King Faisal St - Green Belt - Al Madr 2 - Emirate of Umm Al Quwain - United Arab Emirates,25.5154623,55.5427378,5,3,OPERATIONAL,hair_salon,,,,False,,,2026-10-09
ChIJkZANhs3_9T4R8ps2oAe7C_Q,Saloon samraa,Unnamed Road - GG9V+WXR - الحزام الأخضر - المقطع 1 - إمارة أم القيوين - United Arab Emirates,25.519868,55.544883999999996,4.5,14,OPERATIONAL,beauty_salon,,,,False,,,2026-10-09
ChIJoysYEAD59T4Rau_h63jYrvw,SALOON ROOBI,near Grand Masjid - Al Muqta - Al Muqta 1 - Emirate of Umm Al Quwain - United Arab Emirates,25.5066205,55.5500482,2,2,OPERATIONAL,hair_salon,,,,False,,,2026-10-09
ChIJveGsPgrj9T4RXaPt5oIjhF4,Lyka saloon 1,Umm al thoub - Al Madr 2 - Emirate of Umm Al Quwain - United Arab Emirates,25.5164032,55.5438589,5,21,OPERATIONAL,barber_shop,,,,False,,men-only,2026-10-09
ChIJacVerjv59T4RsHF1wpbdn_0,Al Mathrooshi Saloon,GH42+24F - Al Muqta - Al Muqta 1 - Emirate of Umm Al Quwain - United Arab Emirates,25.505063099999997,55.550311,4.5,2,OPERATIONAL,hair_salon,,,,False,,,2026-10-09
ChIJAQXfvF_79T4REyFSndDEMVE,She spa,شارع الاتحاد - Al Neefah - Al Ramlah2 - Emirate of Umm Al Quwain - United Arab Emirates,25.5043184,55.583912299999994,4.7,177,OPERATIONAL,beauty_salon,moderate,100,300,False,,,2026-10-09
ChIJQ8XdkIT_9T4RNGFL4s68ZP4,LIEBE SPA,GH3V+WFQ - Al Salmah - Al Salamah - Emirate of Umm Al Quwain - United Arab Emirates,25.5048392,55.5937419,4.1,76,OPERATIONAL,beauty_salon,,,,False,,,2026-10-09
ChIJZxsnLS359T4RjSRBp5UrclU,La Perla Beauty,Umm Al Quwain - Al Salmah - Al Salamah - Emirate of Umm Al Quwain - United Arab Emirates,25.4998082,55.5764253,4.4,148,OPERATIONAL,beauty_salon,moderate,100,200,False,,,2026-10-09
ChIJhcD7Tfv79T4RAHA2hFBGqjQ,صالون نوفا للتجميل,Al Salmah - Al Salamah 3 - Emirate of Umm Al Quwain - United Arab Emirates,25.504796,55.587115499999996,3,28,OPERATIONAL,beauty_salon,,,,False,,,2026-10-09
ChIJMQ1EjiD79T4RVqtgY5eFkHM,GOLDEN COMB SALON for men,New Salamah Market Golden Comb Salon Main Branch - Al Salmah - Al Salamah 3 - Emirate of Umm Al Quwain - United Arab Emirates,25.5058883,55.5921915,4.3,47,OPERATIONAL,beauty_salon,,,,False,,men-only,2026-10-09
ChIJQwopVwD79T4R6vO3KgWqfu4,Able beauty lounge,Al Ittihad St - Al Salmah - Al Salamah 2 - Emirate of Umm Al Quwain - United Arab Emirates,25.501296099999998,55.5815742,4.1,33,OPERATIONAL,beauty_salon,,,,False,,,2026-10-09
ChIJV_CPReJfXz4R2oCq7kv-e1w,hadeelbeauty.ae,Sharjah - Al Neefah - Al Ramlah2 - Emirate of Umm Al Quwain - United Arab Emirates,25.504311299999998,55.58377480000001,4.7,213,CLOSED_TEMPORARILY,beauty_salon,,,,False,,not-operational,2026-10-09
ChIJ36V0d7v59T4Rf5r329Qtanc,Yasmeen ladies Saloon,20 Al Raqoub St - Al Salmah - Al Salamah - Emirate of Umm Al Quwain - United Arab Emirates,25.4994609,55.5790971,4,9,OPERATIONAL,beauty_salon,,,,False,,,2026-10-09
ChIJpX_Q_VD79T4R0MoY9VORJA4,Little Stars Salon,2 Al Waha St - Al Salmah - Al Salamah 2 - Emirate of Umm Al Quwain - United Arab Emirates,25.5009168,55.580301399999996,4.5,43,OPERATIONAL,hair_salon,,,,False,,,2026-10-09
ChIJqdMoHcP79T4RZtlGG4LY-PE,صالون باكستان فرع 2,GH4V+J8G - Al Salmah - Al Salamah - Emirate of Umm Al Quwain - United Arab Emirates,25.5065515,55.5933286,4,17,OPERATIONAL,barber_shop,,,,False,,men-only,2026-10-09
ChIJcaiMjfH79T4RgplQEsxL5zQ,صالون الحسناء للسيدات,48 Al Waha St - Al Salmah - Al Salamah - Emirate of Umm Al Quwain - United Arab Emirates,25.5049781,55.5941848,3.2,10,OPERATIONAL,beauty_salon,,,,False,,,2026-10-09
ChIJH7pzTwr79T4RnHliiOs9zgE,JOYA SALOON,E11 - Salamah 2 - السلمة - السلمة 2 - إمارة أم القيوين - United Arab Emirates,25.5010203,55.5804908,4.3,11,OPERATIONAL,barber_shop,,,,False,,men-only,2026-10-09
ChIJdWYwvgn79T4RERE1jSHXaVE,NewScissorHairDresser,Aljasmi5 bldg shop4 - Al Salmah - Al Qraun 1 - Emirate of Umm Al Quwain - United Arab Emirates,25.506135099999998,55.5998296,4.8,4,OPERATIONAL,barber_shop,,,,False,,men-only,2026-10-09
ChIJWZXKCRX_9T4R7jRgBKErpEY,صالون هاي كلاس للحلاقة والعناية بالرجال والحمام المغربي منكير بدكير أم القيوين. high class gents saloon And Moroccan bath,صالون هاي كلاس للعناية بالرجال والحمام المغربي - High class gents saloon - King Faisal St - Al Bootain - Al Butain - Emirate of Umm Al Quwain - United Arab Emirates,25.540768399999997,55.541250299999994,4.7,43,OPERATIONAL,hair_salon,moderate,1,150,False,,men-only,2026-10-09
ChIJHaY5OIv_9T4RzHkAULx3Y0o,Harrods Beauty Spa,Umm Al Quwain - Al Bootain - Al Butain - Emirate of Umm Al Quwain - United Arab Emirates,25.5320653,55.5385135,4.6,61,OPERATIONAL,beauty_salon,moderate,1,300,False,,,2026-10-09
ChIJj8DPtOb-9T4Rfwa6E5oJAQI,Beauty Care Center,GGRR+CH2 - Al Bootain - Al Butain - Emirate of Umm Al Quwain - United Arab Emirates,25.5410237,55.5413961,4,7,OPERATIONAL,beauty_salon,,,,False,,,2026-10-09
ChIJkUa90OD-9T4Rj5jfocHii3U,Zahra Ladies Saloon,GGQR+H7G - Al Bootain - Al Butain - Emirate of Umm Al Quwain - United Arab Emirates,25.538938599999998,55.540712899999995,3,2,OPERATIONAL,beauty_salon,,,,False,,,2026-10-09
ChIJ81aXhqn_9T4RoaHdhLq5Eko,ZERO Gent Salon,beside carrefour and Antika Restaurant - Al Bootain - Al Butain - Emirate of Umm Al Quwain - United Arab Emirates,25.5482975,55.5449627,4.9,65,OPERATIONAL,beauty_salon,moderate,1,100,False,,men-only,2026-10-09
ChIJseGIyYX_9T4RuRm90nrXJrg,Aladdin Haircut Saloon,GGRR+9HR - Al Bootain - Al Butain - Emirate of Umm Al Quwain - United Arab Emirates,25.540989699999997,55.541380499999995,3.9,15,OPERATIONAL,beauty_salon,,,,False,,,2026-10-09
ChIJW7IWkbX_9T4RA0vB4o-Oxv8,Filipino gents saloon,GGMQ+XHC - King Faisal Road - Al Bootain - Al Butain - Emirate of Umm Al Quwain - United Arab Emirates,25.53495,55.5388957,4.5,11,OPERATIONAL,barber_shop,,,,False,,men-only,2026-10-09
ChIJi4R7FwD_9T4RGGT5c6nlIIY,Modern Cut,GGWV+2GF - Al Bootain - Al Butain - Emirate of Umm Al Quwain - United Arab Emirates,25.5451077,55.5436537,4.7,14,OPERATIONAL,barber_shop,,,,False,,men-only,2026-10-09
ChIJEbBTGw7_9T4RmHwG545NPAY,Zaim Saloon,Unnamed Road - Al RaasAl Hadeetha - GGRR+C57 - الراس - الحديثة - إمارة أم القيوين - United Arab Emirates,25.5410458,55.540430300000004,4.3,4,OPERATIONAL,beauty_salon,,,,False,,,2026-10-09
ChIJ2ducLwD_9T4RDgRUYniVp5k,Saloon scissors touch,Khalid bin Al Waleed - Al Hamrah B Area - GGQR+37V - البطين - إمارة أم القيوين - United Arab Emirates,25.537726799999998,55.5406711,3,2,OPERATIONAL,hair_salon,,,,False,,,2026-10-09
ChIJBTy2CgD_9T4R72ungN2SMl8,OASIS SALOON,King Faisal St - Al Raas - Al Hadeetha - Emirate of Umm Al Quwain - United Arab Emirates,25.5377185,55.5394644,5,3,OPERATIONAL,barber_shop,,,,False,,men-only,2026-10-09
ChIJc6HgAQD_9T4RyIUcPzIJCUs,Manila Saloon,Street - Al Bootain - Al Hadeetha - Emirate of Umm Al Quwain - United Arab Emirates,25.536093299999997,55.5394922,,,OPERATIONAL,hair_salon,,,,False,,,2026-10-09
ChIJ1fRGLwD_9T4R3iGWrBj2ZHk,Al Saleem Saloon,GGJQ+WMQ - Al Bootain - Al Butain - Emirate of Umm Al Quwain - United Arab Emirates,25.5323252,55.539223299999996,,,OPERATIONAL,barber_shop,,,,False,,men-only,2026-10-09
ChIJaTHsUo7_9T4Rfy4NK6xlN0c,Shi Henna,Al Hamra - Al Bootain - Al Hamrah - Emirate of Umm Al Quwain - United Arab Emirates,25.544764999999998,55.5530683,,,OPERATIONAL,beauty_salon,,,,False,,,2026-10-09
ChIJ4Z5pxe7-9T4RSfooh62MxXs,Al Zia Hair Dresser,GHW2+35W - Al Bootain - Al Hamrah - Emirate of Umm Al Quwain - United Arab Emirates,25.545236,55.550464999999996,4.4,5,OPERATIONAL,hair_salon,,,,False,,,2026-10-09
ChIJVzPbQaX_9T4RZUY9G2KYi0k,Villa Rosa Beauty Lounge,Shop 1 - Al Badr St - Al Raas - الراس 2 - Emirate of Umm Al Quwain - United Arab Emirates,25.5571304,55.5481894,4.7,155,OPERATIONAL,beauty_salon,moderate,1,300,False,,,2026-10-09
ChIJd5Ug4_b-9T4RAAupZgOt7iM,Malak Beauty Salon,Al Riqqah - Al Reqqah - Emirate of Umm Al Quwain - United Arab Emirates,25.556612899999998,55.549886099999995,4.1,171,OPERATIONAL,beauty_salon,expensive,100,500,False,,,2026-10-09
ChIJmYVFwUL-9T4RECxhX-V4VBU,صالون رمانة للسيدات - Rumana Ladies Salon,Rumana Salon - Lootah building - Shop # 2 - behind Emirates NBD Bank - الراس - الراس 1 - إمارة أم القيوين - United Arab Emirates,25.5730564,55.5562567,4.8,751,OPERATIONAL,hair_salon,,,,False,,,2026-10-09
ChIJPRBwUrP_9T4RqomueF2rBA4,Centella Beauty Lounge,Omar Ibn Al-Khattab St - Al Bootain - Al Butain - Emirate of Umm Al Quwain - United Arab Emirates,25.5499928,55.547126899999995,4.6,11,OPERATIONAL,beauty_salon,,,,False,,,2026-10-09
ChIJ_c2cqDr_9T4R1MdEUzW1O2Y,Queen Spa,Al HamrahAl Humrah - A - HG2W+2VG - البطين - إمارة أم القيوين - United Arab Emirates,25.550068399999997,55.5471942,4.5,21,OPERATIONAL,beauty_salon,,,,False,,,2026-10-09
ChIJgXPdDvD-9T4RGRKID92BpKs,Lamis Beauty Centre,GGXW+VWV - Maidan St - Al Bootain - Al Butain - Emirate of Umm Al Quwain - United Arab Emirates,25.5497375,55.5472882,4.1,23,OPERATIONAL,beauty_salon,,,,False,,,2026-10-09
ChIJtwjLmff-9T4RSTAWl4v1gR4,صالون الشمائل,HG4X+X6H - الراس - الراس - ٣ - إمارة أم القيوين - United Arab Emirates,25.557431899999997,55.548116,3.9,19,OPERATIONAL,beauty_salon,,,,False,,,2026-10-09
ChIJr9Zy4vr_9T4RRK6r-hisZnQ,Lanee beauty salon,265 King Faisal St - Al Raas - Al Reqqah - Emirate of Umm Al Quwain - United Arab Emirates,25.5603728,55.5511729,4.6,40,OPERATIONAL,beauty_salon,,,,False,,,2026-10-09
ChIJfx10yqD_9T4RWDPsq5wYyeg,Ajmal saloon,7 Al Najah St - Al Riqqah - Al Reqqah - Emirate of Umm Al Quwain - United Arab Emirates,25.5526207,55.5524547,4.9,14,OPERATIONAL,barber_shop,,,,False,,men-only,2026-10-09
ChIJ5cBcBAD_9T4RMNK-osLBVk0,صالون نواعم للتجميل,HH93+FW - Al Raas - AL Ras 1 - Emirate of Umm Al Quwain - United Arab Emirates,25.5686891,55.554857899999995,3.9,7,OPERATIONAL,beauty_salon,,,,False,,,2026-10-09
ChIJD-m-P93_9T4REy8m0pHQTY0,صالون جواهر للسيدات,HG4X+5JW - Al Riqqah - Al Reqqah - Emirate of Umm Al Quwain - United Arab Emirates,25.5554997,55.5490699,4,8,OPERATIONAL,beauty_salon,,,,False,,,2026-10-09
ChIJcfbNs5L_9T4RKQ_TaOBo4S8,Saeed Hair Dressers Saloon,Unnamed Road - HH83+MQF - الروضة - إمارة أم القيوين - United Arab Emirates,25.566678099999997,55.5544139,4,5,OPERATIONAL,barber_shop,,,,False,,men-only,2026-10-09
ChIJzQwvujf_9T4R7aAMfH9-z6g,SHABAB AL MADEENA,HHC4+X76 - الراس - الراس 2 - إمارة أم القيوين - United Arab Emirates,25.572419999999997,55.5556475,4,2,OPERATIONAL,hair_salon,,,,False,,,2026-10-09
ChIJ08eW4WX_9T4R7dZ39sY-nck,Kenza Beauty Lounge - Saja ladies saloon,Near Matafi Round about - opp. First Abudhabi Bank - Al Bootain - Al Butain - Emirate of Umm Al Quwain - United Arab Emirates,25.5505918,55.547422399999995,5,2,OPERATIONAL,beauty_salon,,,,False,,,2026-10-09
ChIJtRRYaZD_9T4RSroBwAzws2Q,AL RAQQA SALOON,HH63+GP2 - Al Riqqah - Al Reqqah - Emirate of Umm Al Quwain - United Arab Emirates,25.5613216,55.5541874,,,OPERATIONAL,hair_salon,,,,False,,,2026-10-09
ChIJd64usDX_9T4R2e5SAma1tWc,Al Dhiya Hairdresser,HH73+6FQ - Al Riqqah - Al Reqqah - Emirate of Umm Al Quwain - United Arab Emirates,25.563095000000004,55.5537235,,,OPERATIONAL,hair_salon,,,,False,,,2026-10-09
ChIJHcOjeAD_9T4RQhtBJpxRupM,صالون الشموخ للحلاقه,Al Raas - Al Raas - A - Emirate of Umm Al Quwain - United Arab Emirates,25.5717742,55.5553275,5,2,OPERATIONAL,barber_shop,,,,False,,men-only,2026-10-09
ChIJA32FCvL-9T4RXrUbAfbY_CE,Pakistani Saloon,HH23+7F4 - Al Riqqah - Al Dar Al Baidaa - Emirate of Umm Al Quwain - United Arab Emirates,25.5506466,55.5537141,4.6,7,OPERATIONAL,beauty_salon,,,,False,,,2026-10-09
ChIJF_va8KL_9T4RRzL2583dJHE,Al Shahm Saloon,Opp. Umm al shohadaa school Sheikh Rashid Bin Sayed Al Makthom Road - Al BootainAl - شارع البطين - البطين - إمارة أم القيوين - United Arab Emirates,25.5497373,55.5516228,2.5,2,OPERATIONAL,barber_shop,,,,False,,men-only,2026-10-09
ChIJ0fjOVBoz9D4R1499kGGWKOY,صالون الشيماء للتجميل والحناء,Wasit - Dibba Al-Fujairah - United Arab Emirates,25.595535299999998,56.2641718,4.4,47,OPERATIONAL,beauty_salon,very_expensive,200,500,False,,,2026-10-09
ChIJ5aJwHdkz9D4R-d1JL7SSHlE,Beauty Room Salon,الرِّفاعْ - الرفاعة - إمارة الفجيرة - United Arab Emirates,25.5864366,56.255359899999995,4.1,31,OPERATIONAL,beauty_salon,,,,False,,,2026-10-09
ChIJq6qqqloy9D4RnySNegVMN64,U. R. the most Beautiful Center,Dibba Al-Fujairah - Al Rifa‘ - Fujairah - United Arab Emirates,25.5845704,56.252325799999994,3.8,38,OPERATIONAL,beauty_salon,,,,False,,,2026-10-09
ChIJVSUfmXuvjkMR-cdBP-ma0pI,مركز آلاء للتجميل النسائي,Al Rifa‘ - Fujairah - United Arab Emirates,25.5803892,56.26058,4.7,29,OPERATIONAL,beauty_salon,,,,False,,,2026-10-09
ChIJBzBbhD759D4R5gVf_JN3Y_I,Al Jameela Saloon صالون الجميله Beautiful Saloon,Al Rifa‘ - Fujairah - United Arab Emirates,25.5774206,56.258524099999995,4.6,23,OPERATIONAL,beauty_salon,,,,False,,,2026-10-09
ChIJvdRmBy8z9D4R94VbOm4Skc0,صالون غزال الخور للأطفال فرع دبا الفجيرة,H7H5+264 - Al Rifa‘ - Fujairah - United Arab Emirates,25.5774641,56.2580108,4.4,7,OPERATIONAL,hair_salon,,,,False,,,2026-10-09
ChIJUbJKMgAz9D4ROC9-4B-MBlc,صالون الياقوت الجديد New Ruby Saloon,H7M8+X97 - Al Rifa‘ - Fujairah - United Arab Emirates,25.585225899999998,56.266222299999995,4.3,8,OPERATIONAL,hair_salon,,,,False,,,2026-10-09
ChIJ9RWYZVgz9D4RCywkcVNQucE,S. D. Beauty Salon,Al Nadha Riffa Ghob Street - النَّهْضَة - إمارة الفجيرة - United Arab Emirates,25.5823444,56.250382900000005,4.2,11,OPERATIONAL,beauty_salon,,,,False,,,2026-10-09
ChIJq6qqqloy9D4RtRkOCLbNli4,LOREAL SALOON,H7R5+FQ2 - Al Khazzan - Fujairah - United Arab Emirates,25.591126000000003,56.2593915,3.8,4,OPERATIONAL,beauty_salon,,,,False,,,2026-10-09
ChIJk3mPM1Ey9D4RPUxUPPvMZhg,Joory beauty,Dibba Al-Fujairah - Al Rifa‘ - Fujairah - United Arab Emirates,25.5860586,56.2541563,3.6,14,OPERATIONAL,beauty_salon,,,,False,,,2026-10-09
ChIJRbcuydkz9D4Rup1hTVh-PKY,Marasim Al Ebdaa Saloon. صالون مراسيم الابداع,Al Riffa - Al Rifa‘ - Fujairah - United Arab Emirates,25.578799699999998,56.260590699999995,5,1,OPERATIONAL,hair_salon,,,,False,,,2026-10-09
ChIJI3dugOUz9D4RHE5p_dmKnY8,CLASSY NAILS BEAUTY,AL MURABAH - Al Khazzan - Fujairah - United Arab Emirates,25.594046,56.2625744,3.1,8,OPERATIONAL,beauty_salon,,,,False,,,2026-10-09
ChIJN1pximYz9D4RZzkqjzFgz7w,New al tanseeq saloon,H6JX+GHV - Al Nahdah - Fujairah - United Arab Emirates,25.5813368,56.248858,5,4,OPERATIONAL,barber_shop,,,,False,,men-only,2026-10-09
ChIJ-UHvUAAz9D4RabI9tLBJdLQ,صالون لمسه الاناقه للرجال,مقابل مستشفي الشرق جوار شركة الفجيرة للتامين - Al Rifa‘ - Fujairah - United Arab Emirates,25.5780088,56.2589915,4.9,7,OPERATIONAL,hair_salon,,,,False,,men-only,2026-10-09
ChIJs07nOQAz9D4R4UVQn2qd0lI,Saloon muhammad belal,H7J6+3GQ Riffa - Al Rifa‘ - Fujairah - United Arab Emirates,25.5802025,56.261373199999994,5,1,OPERATIONAL,barber_shop,,,,False,,men-only,2026-10-09
ChIJCYeHoV4z9D4RG2UgeUNiqL8,Bait Al Reem Henna And Beauty Saloon,Al Rifa‘ - Fujairah - United Arab Emirates,25.583834099999997,56.251554500000005,4.2,5,OPERATIONAL,beauty_salon,,,,False,,,2026-10-09
ChIJ6yBTVDkz9D4R66IwSAArQNQ,Dibba Beach Saloon,H7P3+69X - Unnamed Road - Al Rifa‘ - Fujairah - United Arab Emirates,25.5856183,56.2534954,5,1,OPERATIONAL,barber_shop,,,,False,,men-only,2026-10-09
ChIJJd38tVYy9D4RuTBUyzn1CyU,صالون الياسر,H7P3+69X - Unnamed Road - Al Rifa‘ - Fujairah - United Arab Emirates,25.585632699999998,56.2534795,4,4,OPERATIONAL,barber_shop,,,,False,,men-only,2026-10-09
ChIJ-dJwmwkz9D4RSODbJwJkAVE,Smile gents saloon صالون الابتسامة للرجال,طريق دباء - مسافی - Al Rifa‘ - Fujairah - United Arab Emirates,25.5846338,56.2660841,,,OPERATIONAL,barber_shop,,,,False,,men-only,2026-10-09
ChIJaTQRnSIz9D4Rx1zPDYJM474,Rukn AL TANSEEQ SALOON,H7P3+9G5 - Al Rifa‘ - Fujairah - United Arab Emirates,25.5858928,56.253852300000005,4,2,OPERATIONAL,barber_shop,,,,False,,men-only,2026-10-09
ChIJOUQkc-wz9D4RsRoKEJC5Rog,White Hat Salon and Spa صالون وايت هات دبا الفجيرة,H7VF+549 - Al Rashidiyah - Fujairah - United Arab Emirates,25.592973999999998,56.272809099999996,4.3,64,OPERATIONAL,barber_shop,,,,False,,men-only,2026-10-09
ChIJuRZvYn8z9D4RzmpHoDXxJo8,Mirosa Beauty saloon,H7XF+XPM - Dibba City Center - Fujairah - United Arab Emirates,25.5999531,56.2743289,4.1,128,OPERATIONAL,beauty_salon,,,,False,,,2026-10-09
ChIJFSOwojcy9D4RDjev6JOK1OM,Al Reem Henna & Beauty Saloon,Dibba Al-Fujairah - Al Rashidiyah - Fujairah - United Arab Emirates,25.593234499999998,56.2727133,4.2,115,OPERATIONAL,beauty_salon,,,,False,,,2026-10-09
ChIJUedhITEz9D4ReZXO3sn2V7M,Mar Mar Beauty & Henna Center,Dibba Al-Fujairah - Al Rashidiyah - Fujairah - United Arab Emirates,25.5934509,56.2732344,3.6,25,OPERATIONAL,beauty_salon,,,,False,,,2026-10-09
ChIJJZkvcTcy9D4RHAniZvkdNAQ,صالون احلى البنات,Dibba Al-Fujairah - Al Rashidiyah - Fujairah - United Arab Emirates,25.5940068,56.273762999999995,4.1,17,OPERATIONAL,beauty_salon,,,,False,,,2026-10-09
ChIJYYbY-Icz9D4Rq2kOOx1acdc,صالون الطاووس للحمام المغربي للعرسان,بجانب شوكولالا - Al Rashidiyah - Fujairah - United Arab Emirates,25.5918423,56.272502200000005,4.1,57,OPERATIONAL,beauty_salon,,,,False,,,2026-10-09
ChIJsxLdo-Qz9D4RxwkcVsV00L4,Infinity Saloon,H7VF+M75 - Al Rashidiyah - Fujairah - United Arab Emirates,25.594041999999998,56.2736349,4,54,OPERATIONAL,beauty_salon,moderate,100,300,False,,,2026-10-09
ChIJMzGbOBcz9D4R5vQWrhkbwlw,صالون جوني للأطفال,H7VF+VCH - Al Rashidiyah - Fujairah - United Arab Emirates,25.594678700000003,56.2736014,3.4,5,OPERATIONAL,hair_salon,,,,False,,,2026-10-09
ChIJ9TmUwasz9D4Rr3TKCAnTaTI,حلاق الربان,Al Rashidiyah - Fujairah - United Arab Emirates,25.5941431,56.2731618,5,2,OPERATIONAL,barber_shop,,,,False,,men-only,2026-10-09
ChIJQ22-YwAz9D4RQFGaksidIb8,Rashidiyya dibba al fujairha,H7VF+9F4 - Al Rashidiyah - Fujairah - United Arab Emirates,25.5933755,56.2737048,4.3,6,OPERATIONAL,beauty_salon,,,,False,,,2026-10-09
ChIJgbucjjcy9D4RcWhryBsYsbU,صالون السيوفي,H7VC+JW3 - Al Rashidiyah - Fujairah - United Arab Emirates,25.5940181,56.272303799999996,5,1,OPERATIONAL,barber_shop,,,,False,,men-only,2026-10-09
ChIJ_d-4NAAz9D4R9XVuGEszhj4,صالون أسماء للحناء والتجميل Asma Beauty Salon,H7VC+GRJ - Al Rashidiyah - Fujairah - United Arab Emirates,25.593994,56.2719789,3.7,3,OPERATIONAL,beauty_salon,,,,False,,,2026-10-09
ChIJMXx8LCoz9D4RGZOmJqiCehI,Markaz laha Al Jamal Salon,Rashdia the back side of al sharq medical centre - الراشِدِيّة - إمارة الفجيرة - United Arab Emirates,25.594361799999998,56.2728093,4.5,8,OPERATIONAL,beauty_salon,,,,False,,,2026-10-09
ChIJPRnFO2wz9D4RGQLO7H3vdxM,Naseem Beauty Parlour,Dibba Muhallab Behind National Bank of Fujairah - المُهَلَّبْ - إمارة الفجيرة - United Arab Emirates,25.598654699999997,56.275030799999996,2.6,5,OPERATIONAL,beauty_salon,,,,False,,,2026-10-09
ChIJUeblK74z9D4R7NFMab9hkrc,Dhai Al Mahra Beauty And Henna Salon,Unnamed Road - الراشِدِيّة - إمارة الفجيرة - United Arab Emirates,25.593720299999998,56.2735656,3.8,10,OPERATIONAL,beauty_salon,,,,False,,,2026-10-09
ChIJNdHOLaIz9D4RjUrckHAnNwY,صالون الفارس الأول,Dibba - Al Rashidiyah - Fujairah - United Arab Emirates,25.5936274,56.272318399999996,,,OPERATIONAL,barber_shop,,,,False,,men-only,2026-10-09
ChIJ-WRCCTcy9D4R2PsMWnVX4k8,Royal Ameer Saloon,H7VF+7FJ - Al Rashidiyah - Fujairah - United Arab Emirates,25.593204900000003,56.273649199999994,4.6,12,OPERATIONAL,barber_shop,,,,False,,men-only,2026-10-09
ChIJkdey6igz9D4RZ6UJl4JTQPM,صالون القيعان,H7PC+839 - Al Rifa‘ - Fujairah - United Arab Emirates,25.5857125,56.270269199999994,3.5,4,OPERATIONAL,beauty_salon,,,,False,,,2026-10-09
ChIJAw6tGzkz9D4RDcS1FRd-3Pw,Al Warda Henna & Beauty Saloon,Al rashidiya - الراشيديه Dibba - الراشِدِيّة - إمارة الفجيرة - United Arab Emirates,25.593802999999998,56.272243200000005,5,13,OPERATIONAL,beauty_salon,,,,False,,,2026-10-09
ChIJT80wjCAz9D4RwL3c5OVVVYY,Oriana Salon,Dibba Al Fujairah - behind Safeer mall - مركز مدينة دبا - إمارة الفجيرة - United Arab Emirates,25.6014935,56.2702563,4,82,OPERATIONAL,nail_salon,moderate,100,400,False,,,2026-10-09
ChIJ68Wt08cz9D4RYXIbwVufjaA,Garden of Secrets Beauty Center,رقم 9 - Hay Al Siah - Sharjah - United Arab Emirates,25.6124919,56.266186,4.9,135,OPERATIONAL,beauty_salon,,,,False,,,2026-10-09
ChIJuaEKKJgz9D4RZY-yA5xwJz4,Pansy Beauty Salon,Jazerat Alhisn - Jazeerat Al Hussin - Sharjah - United Arab Emirates,25.620163599999998,56.2772747,4.7,180,OPERATIONAL,beauty_salon,very_expensive,200,600,False,,,2026-10-09
ChIJgy7xfQIz9D4R4JmC_UocvYU,Lavandula center,J72F+W8H - Dibba City Center - Fujairah - United Arab Emirates,25.6023053,56.273372099999996,4.6,207,OPERATIONAL,beauty_salon,moderate,100,300,False,,,2026-10-09
ChIJyzVZzqkz9D4RQy_aJL135xE,عطار المدينة,J72C+G7Q - Dibba City Center - Fujairah - United Arab Emirates,25.601522799999998,56.27088,4.4,7,OPERATIONAL,barber_shop,,,,False,,men-only,2026-10-09
ChIJ_xfp8VQz9D4RXW6PCFZUEhg,The diamonds gents saloon,Dibba Al-Fujairah - Dibba City Center - Fujairah - United Arab Emirates,25.6023286,56.2692985,3.8,13,OPERATIONAL,barber_shop,,,,False,,men-only,2026-10-09
ChIJMzCouTUz9D4RCUU4WsBsCQo,il bello beauty center,J738+768 - Al Mrabba‘ah - Fujairah - United Arab Emirates,25.6031625,56.2655781,3.3,25,OPERATIONAL,beauty_salon,,,,False,,,2026-10-09
ChIJCzklwkEz9D4R2G1D6e8lw90,صالون الريهام للتجميل,Street Number 35 - Hay Al Doub - Sharjah - United Arab Emirates,25.606382999999997,56.2678862,3.9,32,OPERATIONAL,beauty_salon,,,,False,,,2026-10-09
ChIJG0cRTwAz9D4RY_5q16sJs-4,City Center,J729+WPX - Dibba City Center - Fujairah - United Arab Emirates,25.6020278,56.269138899999994,4.8,4,OPERATIONAL,beauty_salon,,,,False,,,2026-10-09
ChIJi0aHNl039D4RaEFwRB_rCXU,مركز قصر الأميرة للتجميل و الحناء,Wasit - Fujairah - United Arab Emirates,25.599825799999998,56.2630261,4.4,18,OPERATIONAL,beauty_salon,,,,False,,,2026-10-09
ChIJM7P3BT8y9D4RPW8bJYyaC0Y,Nour Al Hanan Beauty Salon,Dibba Al-Fujairah - Dibba City Center - Fujairah - United Arab Emirates,25.602207399999998,56.2727528,3.5,28,OPERATIONAL,beauty_salon,,,,False,,,2026-10-09
ChIJa1ilLrkz9D4RuqVb-7tThdY,Al Nagham Ladies Saloon,Dibba Al-Hisn - Hay Al Doub - Fujairah - United Arab Emirates,25.6125451,56.2727766,4.4,24,OPERATIONAL,beauty_salon,,,,False,,,2026-10-09
ChIJzRjvl58z9D4REJa2664_9GM,FARHETI HENNA AND BEAUTY SALOON,Dibba Al-Hisn - Hay Al Doub - Sharjah - United Arab Emirates,25.6126722,56.273076499999995,4.8,13,OPERATIONAL,beauty_salon,,,,False,,,2026-10-09
ChIJNzqENM359D4Rp3bggE9cLWY,SALON AYOON AL MALIKAH صالون عيون الملكة,Balsam pharmacy - Ameer pharmacy opposite - مركز مدينة دبا - إمارة الفجيرة - United Arab Emirates,25.6010097,56.2721485,5,1,OPERATIONAL,beauty_salon,,,,False,,,2026-10-09
ChIJ_7_K9E4z9D4RBeJIfHjGVY4,Salon Al Baroon,Al Akd Al Fareed Street 108 - Hay Al Doub - Fujairah - United Arab Emirates,25.607559199999997,56.2683879,3.9,17,OPERATIONAL,hair_salon,,,,False,,,2026-10-09
ChIJb2l408Mz9D4R3vjQcmCPdA4,Rabdan Salon,Dibba City Center - Fujairah - United Arab Emirates,25.6006629,56.2712042,3.9,8,OPERATIONAL,barber_shop,,,,False,,men-only,2026-10-09
ChIJh8LwXwAz9D4RHm7qPyQAy2o,NOIR CUT,J72F+Q3C - Dibba City Center - Fujairah - United Arab Emirates,25.6018971,56.2727906,4.5,15,OPERATIONAL,barber_shop,,,,False,,men-only,2026-10-09
ChIJU91albEt9D4RbInuzYqqZuQ,تواهي لحلاقة الشعر واللحية,"J7R8+RHQ, Dibba Al-Baya, Oman",25.642593899999998,56.266719900000005,5,1,OPERATIONAL,barber_shop,,,,False,,men-only,2026-10-09
ChIJG0WXVyct9D4RBTArVeTo3Io,brahim dibba barber shop,"بیع،, دبا البيعة، Oman",25.638507099999998,56.267167699999995,4.8,5,OPERATIONAL,beauty_salon,,,,False,,men-only,2026-10-09
ChIJSxJdSgAt9D4RvVfyjxu84Fs,حلاق,"J7R5+H68, Dibba Al-Baya, Oman",25.6415956,56.2582297,,,OPERATIONAL,barber_shop,,,,False,,men-only,2026-10-09
ChIJE3V6DQAt9D4RPh0jgqN_h90,حلاق شباب دبا,"J7Q9+82W, Dibba Al-Baya, Oman",25.638268999999998,56.2675009,4.7,39,OPERATIONAL,barber_shop,,,,False,,men-only,2026-10-09
ChIJ39zfUAB39j4RccI-wSv96zs,نون ارتست,QX7V+XMV - Al Qussaidat - Ras Al Khaimah - United Arab Emirates,25.764977899999998,55.9941749,,,OPERATIONAL,beauty_salon,,,,False,,,2026-10-09
ChIJC2PpNhh39j4RjXwV4qOFObo,Rashalkaima,QX4J+G6G - Al Qussaidat - Ras Al Khaimah - United Arab Emirates,25.7563049,55.9805875,,,OPERATIONAL,hair_salon,,,,False,,,2026-10-09
ChIJc3-Ui0h39j4R0lcIbTCMRRQ,Al Harfa Men's Salon,Al Qussaidat - Ras Al Khaimah - United Arab Emirates,25.7650112,55.976670999999996,4.4,9,OPERATIONAL,barber_shop,,,,False,,men-only,2026-10-09
ChIJUUvBpPB39j4R5TJTKKHd6h4,Robel Gents Hair Dresser,Al Felyyah - Ras Al Khaimah - United Arab Emirates,25.7519493,55.9756133,,,OPERATIONAL,hair_salon,,,,False,,men-only,2026-10-09
ChIJgbMjpEd39j4RcRoPbq-dXQQ,Shape of you Ladies Beauty Br 2,Sheikh Mohammed bin Saqr St - Seih Al Araibi - Ras Al Khaimah - United Arab Emirates,25.785903899999997,55.997706199999996,4,106,OPERATIONAL,beauty_salon,moderate,100,300,False,,,2026-10-09
ChIJR6qAji139j4R8f7KVd5OCXg,Alzahraa Beauty Center,120 Sheikh Saqr Bin Khaled St - Seih Al Ghub - Ras Al Khaimah - United Arab Emirates,25.788643699999998,56.008934399999994,3.8,4,OPERATIONAL,beauty_salon,,,,False,,,2026-10-09
ChIJ2b9uRml39j4RvTSa3XiPSSI,Al Dana Hair Dresser,Ras Al-Khaimah - Seih Al Araibi - Ras Al Khaimah - United Arab Emirates,25.785688,55.9983982,3.6,7,OPERATIONAL,hair_salon,,,,False,,,2026-10-09
ChIJdbhNVG539j4ROD_YdP1QkT4,Al Falahi Salon,Q2H6+783 - Al Burairat - Ras Al Khaimah - United Arab Emirates,25.778128799999998,56.0107836,4.2,11,OPERATIONAL,hair_salon,,,,False,,,2026-10-09
ChIJN4pPS2h39j4R59KuWYtUTVU,صالون على كيفك للحلاقة,Seih Al Araibi - Ras Al Khaimah - United Arab Emirates,25.7845786,56.0111073,5,1,OPERATIONAL,barber_shop,,,,False,,men-only,2026-10-09
ChIJueMHhE539j4Rae684pNfMeQ,SIGNATURE GENTS HAIRDRESSER,28 streets - Al Zahra St - Seih Al Araibi - Ras Al Khaimah - United Arab Emirates,25.7865276,56.0121311,,,OPERATIONAL,barber_shop,,,,False,,men-only,2026-10-09
ChIJlXn4CW539j4RY9DJ_FPbJag,صالون الدفه للرجال,Seih Al Araibi - Ras Al Khaimah - United Arab Emirates,25.7759862,56.008292,,,OPERATIONAL,barber_shop,,,,False,,men-only,2026-10-09
ChIJy1DuNml39j4RgqXO3I9vasg,Al Shaab Saloon,Q2J5+9X4 - Al Burairat - Ras Al Khaimah - United Arab Emirates,25.7808936,56.0099479,3,1,OPERATIONAL,hair_salon,,,,False,,,2026-10-09
ChIJreioUql39j4RNf7oAwJMsC4,saloon Baher Al Madina,QXPW+JMC - Sheikh Saqr Bin Khalid Rd - Seih Al Araibi - Ras Al Khaimah - United Arab Emirates,25.786561900000002,55.9966454,,,OPERATIONAL,barber_shop,,,,False,,men-only,2026-10-09
ChIJOc4LCSJ39j4RjXLGsF_5pJE,AWAKKAL GENTS HAIR DRESSER,14 15B St - Al Qussaidat - Ras Al Khaimah - United Arab Emirates,25.786056499999997,56.008199499999996,,,OPERATIONAL,hair_salon,,,,False,,men-only,2026-10-09
ChIJ47Tsr-5x9j4RcDik6ZtC4Xk,Moustache Secret Men's Care Saloon,Al Nakheel - Ras Al Khaimah - United Arab Emirates,25.800382000000003,55.9757148,2.8,31,OPERATIONAL,hair_salon,,,,False,,men-only,2026-10-09
ChIJ4UGeudlw9j4R3NOfjJHZWUo,Shahmae Ladies Beauty Saloon,Ras Al-Khaimah - Al Sell - Ras Al Khaimah - United Arab Emirates,25.811738,55.984066999999996,4.3,49,OPERATIONAL,beauty_salon,,,,False,,,2026-10-09
ChIJDd0S7yhx9j4RoPwwtVtav6Y,Toyour Al Janah Kids Saloon,RX4G+FP3 - Al Mamourah - Ras Al Khaimah - United Arab Emirates,25.8061322,55.9767862,4.4,90,OPERATIONAL,hair_salon,,,,False,,,2026-10-09
ChIJjYsnvoVx9j4R848lEvSixi0,صالون الرفاهية للرجال,Al Mataf Rd - Al Sell - Ras Al Khaimah - United Arab Emirates,25.816461099999998,55.9824061,3.9,18,OPERATIONAL,barber_shop,,,,False,,men-only,2026-10-09
ChIJk7kmeSx39j4R8cNzBdi4BxI,Al Aqsor Saloon,QXWP+WFR - Al Hudeeba - Ras Al Khaimah - United Arab Emirates,25.797363999999998,55.9861306,3.6,12,OPERATIONAL,hair_salon,,,,False,,,2026-10-09
ChIJUbqeBIZ39j4ReSbLliG5EPc,Al Ajyal Gents Saloon,QXXP+8FJ - Al Hudeeba - Ras Al Khaimah - United Arab Emirates,25.7983348,55.9861541,5,6,OPERATIONAL,barber_shop,,,,False,,men-only,2026-10-09
ChIJS-9OpSdx9j4R0gWm9x3EA3w,AL AMANI BEAUTY & HENNA SALON,Ras Al-Khaimah - Al Mamourah - Ras Al Khaimah - United Arab Emirates,25.8106601,55.978389,3.8,29,OPERATIONAL,beauty_salon,,,,False,,,2026-10-09
ChIJfSN-PwBx9j4RVPMMcYuPBr8,Al Hadaf Roundabout,189 Sheikh Salem Bin Sultan St - Al Sell - Ras Al Khaimah - United Arab Emirates,25.812853,55.9814304,,,OPERATIONAL,hair_care,,,,False,,,2026-10-09
ChIJi9RbHshx9j4R7blD_5-RCpo,Rinze Henna & Ladies Beauty Saloon,Al Nakheel - Ras Al Khaimah - United Arab Emirates,25.800266999999998,55.975651299999996,2.9,8,OPERATIONAL,beauty_salon,,,,False,,,2026-10-09
ChIJwfPI5utx9j4RrNatD0GtjkQ,Al ISHFAQ GENTS SELOON,RX8M+VGR - Al Mataf Rd - Julfar - Ras Al Khaimah - United Arab Emirates,25.8172377,55.983752599999995,3,2,OPERATIONAL,barber_shop,,,,False,,men-only,2026-10-09
ChIJOyo8DCtx9j4RceBGBKjcTHw,Al Fanoos Gents Saloon,RX2G+3F9 - Al Hudeeba - Ras Al Khaimah - United Arab Emirates,25.8001515,55.9762359,4,16,OPERATIONAL,barber_shop,,,,False,,men-only,2026-10-09
ChIJVaLyZQBx9j4RRpSJxijv4fU,Al resalah gents salon,سوبر ماركت الهدف - شارع الجولان شارع - Julfar - Ras Al Khaimah - United Arab Emirates,25.8131002,55.981966899999996,5,2,OPERATIONAL,hair_salon,,,,False,,men-only,2026-10-09
ChIJk2J7_thw9j4RkXJLpdEMqqo,حلاق المنتصر,RX7M+563 - Julfar - Ras Al Khaimah - United Arab Emirates,25.8128317,55.983047899999995,,,OPERATIONAL,barber_shop,,,,False,,men-only,2026-10-09
ChIJC0povytx9j4RuVkTVoKZKtY,صالون رحال للحلاقة,Al Sell - Ras Al Khaimah - United Arab Emirates,25.8016346,55.976494599999995,5,1,OPERATIONAL,barber_shop,,,,False,,men-only,2026-10-09
ChIJV0V-SN9w9j4RK-INxgzTkK4,Wafaa Saloon,RX7J+PR3 - Julfar - Ras Al Khaimah - United Arab Emirates,25.8142599,55.982033300000005,,,OPERATIONAL,hair_salon,,,,False,,,2026-10-09
ChIJO9Uwcytx9j4RD43-9hGQEAs,Step And Style Beauty Center,QXXG+XF6 - Al Rams Rd - Al Hudeeba - Ras Al Khaimah - United Arab Emirates,25.799923099999997,55.976127999999996,3,4,OPERATIONAL,beauty_salon,,,,False,,,2026-10-09
ChIJs_Hck9hw9j4R6sCIlnsIFxI,صالون الفن Saloon Al Fan,RX7J+5HQ - Al Sell - Ras Al Khaimah - United Arab Emirates,25.8129735,55.9814972,4.2,10,OPERATIONAL,hair_salon,,,,False,,,2026-10-09
ChIJw9JEgCx39j4R1-3bH6QCNdM,Abu Naser Gents Saloon,QXXP+5CC - 286 Sultan Al Kabeer St - Al Hudeeba - Ras Al Khaimah - United Arab Emirates,25.797890799999998,55.986063599999994,4,5,OPERATIONAL,barber_shop,,,,False,,men-only,2026-10-09
ChIJ4WHyLd9w9j4R9mc7AYEs4Fk,صالون البطولة,Al Mataf Rd - Julfar - Ras Al Khaimah - United Arab Emirates,25.815206999999997,55.9825891,5,2,OPERATIONAL,barber_shop,,,,False,,men-only,2026-10-09
ChIJzwQsMQVx9j4R4vzRYmaebMY,near Indian school back said,RX3F+RVW - Al Manama - Ras Al Khaimah Rd - Al Mamourah - Ras Al Khaimah - United Arab Emirates,25.8046006,55.9747061,3,2,OPERATIONAL,beauty_salon,,,,False,,,2026-10-09
ChIJ5e86lfh59j4Rn1mb7RqQ_lc,صالون فاين للحلاقة الرجالية,Shamal - Ras Al Khaimah - United Arab Emirates,25.8112308,56.032088599999994,,,OPERATIONAL,barber_shop,,,,False,,men-only,2026-10-09
ChIJN9DFtbFw9j4RHft9N4K82L0,صالون الونيس للحلاقة,25 27D St - Shamal - Ras Al Khaimah - United Arab Emirates,25.8147606,56.0122891,5,1,OPERATIONAL,barber_shop,,,,False,,men-only,2026-10-09
ChIJBdgnZQdx9j4RKkJRi5QncSY,Royal Ruby Salon,RXGQ+QFF - Julfar - Ras Al Khaimah - United Arab Emirates,25.826931899999998,55.988664799999995,3.1,44,OPERATIONAL,hair_salon,,,,False,,,2026-10-09
ChIJ2QuDB7Vx9j4RHx54VJnEfy0,صالون الوفاء للسيدات,487 Al Muntasir Rd - Julfar - Ras Al Khaimah - United Arab Emirates,25.8193973,55.983932599999996,4.9,12,OPERATIONAL,beauty_salon,,,,False,,,2026-10-09
ChIJ4YoByUkOLCQRTAXXwsxeKOo,صالون عيون المها,Al jolan - Al Shurisha - Ras Al Khaimah - United Arab Emirates,25.8300512,55.9921897,4.4,18,OPERATIONAL,beauty_salon,,,,False,,,2026-10-09
ChIJF0e0c-Zw9j4RKVbldmdM1dE,"صالون ريتاج للتجميل و الحناء , RITAJ LADIES BEAUTY SALOON",RXGR+V3X - Julfar - Ras Al Khaimah - United Arab Emirates,25.8272415,55.990237699999994,3,10,OPERATIONAL,beauty_salon,,,,False,,,2026-10-09
ChIJ45JD0yNx9j4R5AcRsLD85To,حلاق النصر,RX8F+4QW - Sheikh Salem Bin Sultan Rd - Al Mamourah - Ras Al Khaimah - United Arab Emirates,25.8153605,55.9744386,4,2,OPERATIONAL,barber_shop,,,,False,,men-only,2026-10-09
ChIJ-byoNZ9x9j4RJuhXBP0T9TI,صالون القلعة للحلاقة,Al Shurisha - Ras Al Khaimah - United Arab Emirates,25.8299754,55.992573,5,1,OPERATIONAL,barber_shop,,,,False,,men-only,2026-10-09
ChIJyThv-DFx9j4R6Ta4qf683rw,حلاق حنون,RX7G+MHV - 2 44D St - Al Mamourah - Ras Al Khaimah - United Arab Emirates,25.8141829,55.976438599999994,5,4,OPERATIONAL,beauty_salon,,,,False,,men-only,2026-10-09
ChIJpVLnc3Rx9j4RuUJe1H1VvrY,المريح صالون الحناء والتجميل,350 Al Muntasir Rd - Al Shurisha - Ras Al Khaimah - United Arab Emirates,25.829753099999998,55.9925046,4.7,3,CLOSED_TEMPORARILY,beauty_salon,,,,False,,not-operational,2026-10-09
ChIJk4XG92dx9j4RkAyTqmEZhws,حلاق المواهب,RX9M+QX9 - Al Mataf Rd - Julfar - Ras Al Khaimah - United Arab Emirates,25.819423300000004,55.9849957,4,1,OPERATIONAL,barber_shop,,,,False,,men-only,2026-10-09
ChIJW2B9LyFx9j4RSl1mrbPN2sU,Al Mamorah Saloon,RX7G+MWG - Al Mamourah - Ras Al Khaimah - United Arab Emirates,25.8141981,55.9773407,4,1,OPERATIONAL,barber_shop,,,,False,,men-only,2026-10-09
ChIJBwro5URx9j4Rl5_uH70X6JQ,Tarabiya gents saloon,RX8M+V4Q - Julfar - Ras Al Khaimah - United Arab Emirates,25.8172246,55.9828597,5,1,OPERATIONAL,beauty_salon,,,,False,,men-only,2026-10-09
ChIJKWcjgeVw9j4Rb7PwQvYk0n8,صالون الهضاب للرجال,RXJR+2GF - Al Shurisha - Ras Al Khaimah - United Arab Emirates,25.830052499999997,55.9912943,2.3,3,OPERATIONAL,barber_shop,,,,False,,men-only,2026-10-09
ChIJb3Gt5ztx9j4RDfmZLMoooYk,بيجو صالون الفيحاء,RX7H+MFP - Al Mamourah - Ras Al Khaimah - United Arab Emirates,25.814202500000004,55.9786996,4.7,3,OPERATIONAL,hair_salon,,,,False,,,2026-10-09
ChIJ7TNk9CJx9j4RiYPFcZ9pbSs,Al Bahrain Saloon,RX8C+8M8 - Sheikh Salem Bin Sultan Rd - Al Maireed - Ras Al Khaimah - United Arab Emirates,25.8157827,55.9716999,2.5,2,OPERATIONAL,barber_shop,,,,False,,men-only,2026-10-09
ChIJowYpagBx9j4R_96RL9ry3Hk,حلاق إسماعيل Esmaeel hair dresser,RX7G+RWJ - Al Mamourah - Ras Al Khaimah - United Arab Emirates,25.814577399999997,55.977268599999995,5,4,OPERATIONAL,barber_shop,,,,False,,men-only,2026-10-09
ChIJ7TTf891w9j4RE6VW7QgEfkA,صالون الإمتياز للرجال,Julfar - Ras Al Khaimah - United Arab Emirates,25.820930699999998,55.987039800000005,,,OPERATIONAL,barber_shop,,,,False,,men-only,2026-10-09
ChIJVVYDAGxx9j4RF2RC4cDV1eE,shape of you ladies beauty,AlRams road شارع الرمس Paradise complex مجمع الفردوس Next to Dubai Islamic bankبجانب بنك دبي الاسلامي - جلفار - رأس الخيمة - United Arab Emirates,25.8408718,56.0168952,4.2,233,OPERATIONAL,beauty_salon,moderate,100,400,False,,,2026-10-09
ChIJn84eZFhx9j4RBSBGp5OfpgQ,صالون رغدان,RXPW+FX6 - Julfar - Ras Al Khaimah - United Arab Emirates,25.8364852,55.9971991,3.6,14,OPERATIONAL,beauty_salon,,,,False,,,2026-10-09
ChIJpap1qZVw9j4RpxlD0IbR0Jw,Alrawnaq Ladies Salon صالون الرونق,Al Manama - Ras Al Khaimah Rd - Shamal - Ras Al-Khaimah - United Arab Emirates,25.828405099999998,56.005724799999996,4.1,33,OPERATIONAL,beauty_salon,,,,False,,,2026-10-09
ChIJ08qc5PRx9j4RUOaY8wfPCQM,صالون طيور الجنة,R2R2+XHC - Road - Julfar - Ras Al Khaimah - United Arab Emirates,25.8424358,56.0013881,4.3,22,OPERATIONAL,hair_salon,,,,False,,,2026-10-09
ChIJG0cnHABx9j4R5WiimiomX6g,AL DANA BEAUTY LOUNGE,Shamal - Ras Al Khaimah - United Arab Emirates,25.824860200000003,56.0005532,4.9,25,OPERATIONAL,beauty_salon,,,,False,,,2026-10-09
ChIJe9KlcWtx9j4R0wcs4XAADFI,raniansalon,199 Al Muntasir Rd - Julfar - Ras Al Khaimah - United Arab Emirates,25.8434919,56.0021443,4.4,16,OPERATIONAL,beauty_salon,,,,False,,,2026-10-09
ChIJKWuEf_Fw9j4RbU0VVwkAePA,مركز تفاصيل للعناية بالرجال,RXPW+RQ4 - Julfar - Ras Al Khaimah - United Arab Emirates,25.837017799999998,55.996957699999996,3.5,15,OPERATIONAL,barber_shop,,,,False,,men-only,2026-10-09
ChIJgcPgApVw9j4RZlDHvIWzY7I,Saloon alomair,R2H3+CX6 - Julfar - Ras Al Khaimah - United Arab Emirates,25.8285296,56.004889299999995,4.2,20,OPERATIONAL,hair_salon,,,,False,,,2026-10-09
ChIJL-fpVwBx9j4R-RgR9rL0tf4,حلاق عمير,10 6d St - Julfar - Ras Al Khaimah - United Arab Emirates,25.828585300000004,56.004963599999996,5,1,OPERATIONAL,hair_salon,,,,False,,men-only,2026-10-09
ChIJJf49H3dx9j4RF2OIf-WNTI4,Saloon Toyour Al Janah kids branch 1,R2R2+WF4 - Julfar - Ras Al Khaimah - United Arab Emirates,25.8423125,56.0011875,5,5,OPERATIONAL,hair_salon,,,,False,,,2026-10-09
ChIJ_1IY7fJw9j4RzXuoV_aAd_A,Fast Saloon,67 Al Khaseeb St - Julfar - Ras Al Khaimah - United Arab Emirates,25.8367723,56.000720699999995,3,3,OPERATIONAL,barber_shop,,,,False,,men-only,2026-10-09
ChIJDfhLwvRw9j4Rk5CXnWPp5Xw,صالون روتانا,Julfar - Ras Al Khaimah - United Arab Emirates,25.8424692,56.001421799999996,3,2,OPERATIONAL,barber_shop,,,,False,,men-only,2026-10-09
ChIJxzZ0IsJw9j4R5VIz0UhnS1Q,صالون السراج للرجال,Julfar - Ras Al Khaimah - United Arab Emirates,25.822912000000002,55.9967981,2.5,2,OPERATIONAL,barber_shop,,,,False,,men-only,2026-10-09
ChIJbT1ex5Jw9j4RQzlBomZH5EU,Panorama Hairdressing Salon,R2M3+WF5 - Julfar - Ras Al Khaimah - United Arab Emirates,25.834773,56.00373930000001,5,1,OPERATIONAL,barber_shop,,,,False,,men-only,2026-10-09
ChIJF_giLdhx9j4RE0FynULQXX4,Little princess henna and beauty,"julphar, china market, shop #27 - جلفار - رأس الخيمة - United Arab Emirates",25.841275399999997,56.015795399999995,4.8,12,OPERATIONAL,beauty_salon,,,,False,,,2026-10-09
ChIJe0Tu3sFw9j4R1APXMtPKnSQ,صالون دار زايد للحلاقة,RXFX+PF5 - Shamal - Ras Al Khaimah - United Arab Emirates,25.8242463,55.998698999999995,,,OPERATIONAL,barber_shop,,,,False,,men-only,2026-10-09
ChIJH4kOcQBx9j4R27XlDyYdgZw,صالون الطرف للحلاقة,RXPX+WXF - Julfar - Ras Al Khaimah - United Arab Emirates,25.837325,55.9999172,,,OPERATIONAL,hair_salon,,,,False,,men-only,2026-10-09
ChIJ2YDzpbFx9j4R2SUXTkl0rtg,صالون غزالة Saloon Gazala,83 Victoria Wy - Julfar - Ras Al Khaimah - United Arab Emirates,25.854221199999998,56.011047,4.1,33,OPERATIONAL,beauty_salon,,,,False,,,2026-10-09
ChIJWdiyfWFw9j4R52JC_DreJ2M,Sonya beauty and henna saloon,Julfar - Ras Al Khaimah - United Arab Emirates,25.850699199999998,56.0079609,3.7,38,OPERATIONAL,beauty_salon,,,,False,,,2026-10-09
ChIJT19einxx9j4RzJZcDYJM1BU,ريفاسير سبا Revasser Ladies Spa,Julfar Rd - Julfar - Ras Al Khaimah - United Arab Emirates,25.846025700000002,56.0043394,4.4,21,OPERATIONAL,beauty_salon,,,,False,,,2026-10-09
ChIJLaekmCtx9j4RRQBEBXZujTg,Vasa Saloon,R2X4+8W5 - Julfar - Ras Al Khaimah - United Arab Emirates,25.8482602,56.0073704,4.2,22,OPERATIONAL,beauty_salon,,,,False,,,2026-10-09
ChIJ05ns8opw9j4RcAmMOQluRbs,sehr al sharq beauty center rak,Julfar - Ras Al Khaimah - United Arab Emirates,25.8454554,56.004887999999994,3.3,8,OPERATIONAL,beauty_salon,,,,False,,,2026-10-09
ChIJD9tqew5x9j4RiEpqQGUTX_I,Al Azhar beauty saloon,RXVW+QH5 - Julfar - Ras Al Khaimah - United Arab Emirates,25.844400000000004,55.9965074,3,2,OPERATIONAL,beauty_salon,,,,False,,,2026-10-09
ChIJMdVpYopw9j4RvoetAm5MOKk,marwa beauty henna and salon,R2W4+F6G - Julfar - Ras Al Khaimah - United Arab Emirates,25.846178,56.005578,,,OPERATIONAL,beauty_salon,,,,False,,,2026-10-09
ChIJbRv-awBx9j4R4nxakB3jli0,Baker Hair Dresser Salon,RXRX+2RR - Julfar - Ras Al Khaimah - United Arab Emirates,25.840170099999998,55.999561099999994,5,2,OPERATIONAL,barber_shop,,,,False,,men-only,2026-10-09
ChIJVaGGfmFw9j4RvqzViabYh0U,صالون ميامي,V225+66J - Road - Julfar - Ras Al Khaimah - United Arab Emirates,25.850585199999998,56.0080202,,,OPERATIONAL,barber_shop,,,,False,,men-only,2026-10-09
ChIJYZUAZgBx9j4Royo48AF75CY,Dua beauty henna saloon Julfar Branch,173 Al Muntasir Rd - Julfar - Ras Al Khaimah - United Arab Emirates,25.845665,56.003963,5,2,OPERATIONAL,beauty_salon,,,,False,,,2026-10-09
ChIJS1yq7PNw9j4R2LglQI9MvNs,Bangladesh Gents Hairdresser,RXQX+JC2 - Julfar - Ras Al Khaimah - United Arab Emirates,25.839008,55.998512999999996,3,1,OPERATIONAL,hair_salon,,,,False,,men-only,2026-10-09
ChIJw0P7OXdw9j4RyIwTycoXpNk,صالون خواطر للسيدات,31 10A St - Ar Rams - Ras Al Khaimah - United Arab Emirates,25.8629055,56.0201498,4,51,OPERATIONAL,beauty_salon,,,,False,,,2026-10-09
ChIJb3Jkk7Zx9j4RV4qw1KjNEL8,Elite spa for ladies - إيليت سبا للسيدات,69 Victoria Wy - Julfar - Ras Al Khaimah - United Arab Emirates,25.8559374,56.0123671,3.9,16,OPERATIONAL,beauty_salon,,,,False,,,2026-10-09
ChIJ3UxcOABx9j4RocmubwSJvwA,صالون ألينا,52 Victoria Wy - Julfar - Ras Al Khaimah - United Arab Emirates,25.8576218,56.0150848,3.1,9,OPERATIONAL,beauty_salon,,,,False,,,2026-10-09
ChIJ22fpfmdx9j4RlSI5NSjIPfM,I CUT GENTS HAIR DRESSER,Al Rams Rd - Julfar - Ras Al Khaimah - United Arab Emirates,25.844462999999998,56.0184938,4.5,48,OPERATIONAL,hair_salon,,,,False,,men-only,2026-10-09
ChIJBdAvGxVx9j4R8y8Yl8gmiWk,Aleena Saloon,"Near Gulf Supermarket Street #1 - N 56° - Jolan Shabi-e-Rashid - 25°51'28.2 - 00 54.3""E - جلفار - إمارة رأس الخيمة - United Arab Emirates",25.857619,56.0150832,5,9,OPERATIONAL,beauty_salon,,,,False,,,2026-10-09
ChIJR9oEkelx9j4R8dtmsPaza8w,Q saloon,57 Victoria Wy - Julfar - Ras Al Khaimah - United Arab Emirates,25.857422999999997,56.0135371,,,OPERATIONAL,barber_shop,,,,False,,men-only,2026-10-09
ChIJkS6AD4Vw9j4RDV46l6c8k4I,مركز برنسيس لتجميل السيدات,R2R8+H9V - Julfar - Ras Al Khaimah - United Arab Emirates,25.8414977,56.015931699999996,3.9,9,OPERATIONAL,beauty_salon,,,,False,,,2026-10-09
ChIJCyuLcQBx9j4R0AFPorZ7vbE,Elite spa for men,Julfar - Ras Al Khaimah - United Arab Emirates,25.856065899999997,56.012474,2.9,25,OPERATIONAL,beauty_salon,,,,False,,men-only,2026-10-09
ChIJeROqBIVw9j4RFKuGC7SQ_MY,صالون نوابغ للسيدات,R2R8+HGF - Julfar - Ras Al Khaimah - United Arab Emirates,25.8414464,56.0162854,1,1,OPERATIONAL,beauty_salon,,,,False,,,2026-10-09
