branch_id,level,place_id
al-ain,low,ChIJeSlaldytij4R70I__hAougk
al-ain,low,ChIJ2YFLNnytij4RGblUGSx6nKU
al-ain,low,ChIJh8ij3rKtij4Rp2CCh_pprKg
al-ain,low,ChIJb34n5hCuij4RqiS1VgZaSnk
al-ain,low,ChIJkbpRWACvij4RvV8mBcToWBE
al-ain,low,ChIJ16Zlg3Cvij4RSAL9vtSZD24
al-ain,low,ChIJeyjXNgCvij4R3MKT6a88heY
al-ain,low,ChIJG1pmtnGvij4RHhOTDoimxGU
al-ain,low,ChIJhasCFAavij4RTLvJROlIaJc
al-ain,low,ChIJPd269Eivij4RdjSUpOsmWis
al-ain,low,ChIJXQMLrqGvij4RwibUhavk5Js
al-ain,low,ChIJnwr5NkOvij4RmdNyeS6uroo
al-ain,low,ChIJoT6bF5-vij4RIQkvhC95ltA
al-ain,low,ChIJkwV77Zmvij4RbWKomCxWpSU
al-ain,low,ChIJ-_Jmvj2vij4Rzs_B58K1mgI
al-ain,low,ChIJUcv0Wo2vij4RGxp4BAsn7bU
al-ain,low,ChIJFxt_UT6vij4RRApoki-kaTw
al-ain,low,ChIJj5pu4Jmvij4R8VxjaZq3GhM
al-ain,low,ChIJ4TNJ_Beuij4RbLLgYvIfAOU
al-ain,low,ChIJ17kOD-exij4RJ9DJM4hBxCo
al-ain,low,ChIJs0pW-oqxij4RD1dWYgW7sEQ
al-ain,low,ChIJU4NjYgCxij4RBcwdPx0x-yU
al-ain,low,ChIJ75l9fqixij4RCKBHJGfstZY
al-ain,low,ChIJA1hqHQCtij4Rg3VXhTel5qQ
al-ain,low,ChIJ34CaaACtij4R5q99hBnibtg
al-ain,low,ChIJLXJNyeatij4RT2-2Q09JYw4
al-ain,low,ChIJ7S7Bhpetij4RMJrRBcMy2X4
al-ain,low,ChIJJT6mDpGtij4RQ6hVVFR3VHY
al-ain,low,ChIJuUBGT9mtij4RX6VbfPTF0gU
al-ain,low,ChIJqatRyVqtij4RZZjneBXxA_Y
al-ain,low,ChIJJd_Y08Kxij4R755rwM1pNxY
al-ain,low,ChIJMcqDKaKtij4RP-EC5vE9v8E
al-ain,low,ChIJBeU6eomzij4RQI0dC_6vJyM
al-ain,low,ChIJXReqYQKuij4RfM51Db0DhR0
al-ain,low,ChIJSW3Wc6Cvij4RVqmVUXRIPfY
al-ain,low,ChIJryale2Czij4Rc97z1tugN94
al-ain,low,ChIJZ06Rl2evij4RKK5i-cGvy1I
al-ain,low,ChIJzVM6DwCtij4RkvOo_mxu4bw
al-ain,low,ChIJx77OIACtij4RWaSVGi1r4L4
al-ain,low,ChIJDUAQUwCvij4RxvPzndlEkBs
al-ain,low,ChIJp9ytd6ixij4RjF79c_A7Clk
al-ain,low,ChIJaRyRTE-xij4ROKfEGjuBN00
al-ain,low,ChIJHYmgppuxij4RKP9R7btrgyE
al-ain,low,ChIJzzbywhyyij4RijXShawdh7I
al-ain,low,ChIJFSNK1MOzij4RQf8QpfrN95E
al-ain,low,ChIJ41I_Tm-xij4RGDLRsXuw3Ow
al-ain,low,ChIJV70DgtGzij4RRh6_4hZV550
al-ain,low,ChIJGbhzeuexij4Ra090LoMMZkM
al-ain,low,ChIJE5gFvtKzij4R686ZJdYDvBM
al-ain,low,ChIJz2y9eACxij4RsbndWqEjBRc
al-ain,low,ChIJN5j0wUWxij4R8TN2xJxsI3M
al-ain,low,ChIJu34BNYyxij4RotZtIy2lDLw
al-ain,low,ChIJ7ZcjXACxij4Rp1-jfjC1aBo
al-ain,low,ChIJMU5vP36xij4R7f2yKKT8OOw
al-ain,low,ChIJWUyAG3Gzij4RhQBnPkdegb4
al-ain,low,ChIJJVYkZ4Kzij4REDyJZyiYQC8
al-ain,low,ChIJGY_KeQCzij4RqsPrFl-0GpM
al-ain,low,ChIJ-Y-shROzij4REi_nYgYTzNs
al-ain,low,ChIJpxOOGEuzij4RuKvHVHiPZDk
al-ain,low,ChIJ6Vqaz22zij4RXNfJYsXsWJA
al-ain,low,ChIJA1QJIn6zij4RhG1KGqPFxy8
al-ain,low,ChIJiScg9dqzij4Rus0DNYwz1oA
al-ain,low,ChIJF2LeaqCeS20RPkqCjoqMdho
al-ain,low,ChIJEb2yvPWzij4RDlQHmy45hyM
al-ain,low,ChIJf3YNWWuzij4RlHMoHL_Zizo
al-ain,low,ChIJARdJKW-xij4RS5nwkneYuBA
al-ain,low,ChIJE79PNEezij4RBibrYfJhS7M
al-ain,low,ChIJzZzwdvyzij4R93q2jmrkT9g
al-ain,low,ChIJ7XCqrZazij4RzL7krO5dGcc
al-ain,low,ChIJlcof4o6zij4RiVKy1AyWuY4
al-ain,low,ChIJhWHkbROzij4R3nbF40YZU9s
al-ain,low,ChIJBfYOwO-zij4RRmNOG_ccs2Q
al-ain,low,ChIJ0z9BSduzij4RJsLs4UPB_iM
al-ain,low,ChIJrf7J9kKxij4RPFoNDu6fTqg
al-ain,low,ChIJf_x7y4izij4RQZivgm3G8bA
al-ain,low,ChIJb9EuAsqzij4RnjnjWHzfV6k
al-ain,medium,ChIJH2YVQQCvij4RZQa-s3P6o5A
al-ain,medium,ChIJT40F49Sxij4RQ-TqfKKhzuE
al-ain,medium,ChIJDSS2q4Cwij4RvG_Tnf01jt8
al-ain,medium,ChIJRZKmhW67ij4RHlKz6bWF8bo
al-ain,medium,ChIJkcORU66xij4R5XULIuF29mE
al-ain,medium,ChIJSfjSIGq7ij4RnJuMR9P6kGg
al-ain,medium,ChIJgSVEMZuxij4RZWngLi7zKcM
al-ain,medium,ChIJN9p2AACxij4RWi7vgfxJpO0
al-ain,medium,ChIJ4VenI46vij4RGBeeev-86bQ
al-ain,medium,ChIJaYcAKOyuij4RCf8grQIXvuE
al-ain,medium,ChIJr43UrvOvij4RLdeyRLXdWfE
al-ain,medium,ChIJ_9ZzagCvij4RmxNysl_08_Q
al-ain,medium,ChIJyzrkHQCvij4R19Jws_CJwpA
al-ain,medium,ChIJy9DwP36vij4RuRl0-pZfnvg
al-ain,medium,ChIJb8rKZWuvij4RLIM1lvlk5qs
al-ain,medium,ChIJGYN4yliuij4RVdmyprz2s-I
al-ain,medium,ChIJzVSzpS6vij4RHs1SiAUsVSo
al-ain,medium,ChIJ4xoBN-Ovij4RRMxUU1cZhZk
al-ain,medium,ChIJT6ZsEACvij4RRcsQzz29zYo
al-ain,medium,ChIJd8I4wAavij4RC8iI04X5KZE
al-ain,medium,ChIJpYjj6mqvij4R4I8B3ncx9m8
al-ain,medium,ChIJe1q1FACvij4RbqxxXV4gDPI
al-ain,medium,ChIJ1cdEtV-wij4RW0RkDncIp8M
al-ain,medium,ChIJW23Ta5Sxij4RZw2mVtWj55U
al-ain,medium,ChIJ_X46CTGxij4RMnoOzA907sw
al-ain,medium,ChIJ6d_oa8iJjSUR15P3HQcrfCw
al-ain,medium,ChIJe312ZDKxij4RyI6Xy_M19PA
al-ain,medium,ChIJGbP1Dt-xij4ReO46JKGjBW0
al-ain,medium,ChIJN-JTaQ6xij4RXhquuKhwiFU
al-ain,medium,ChIJERXyTkCxij4Ri9bWQWbnAtw
al-ain,medium,ChIJa56kFACxij4Rbe1C2aQl2Ec
al-ain,medium,ChIJZ8jWX4uxij4REip53Fc5Tio
al-ain,medium,ChIJgxPwtxCxij4RrIpt5G1gD7I
al-ain,medium,ChIJeSlaldytij4R70I__hAougk
al-ain,medium,ChIJ2YFLNnytij4RGblUGSx6nKU
al-ain,medium,ChIJh8ij3rKtij4Rp2CCh_pprKg
al-ain,medium,ChIJb34n5hCuij4RqiS1VgZaSnk
al-ain,medium,ChIJkbpRWACvij4RvV8mBcToWBE
al-ain,medium,ChIJ16Zlg3Cvij4RSAL9vtSZD24
al-ain,medium,ChIJeyjXNgCvij4R3MKT6a88heY
al-ain,medium,ChIJG1pmtnGvij4RHhOTDoimxGU
al-ain,medium,ChIJhasCFAavij4RTLvJROlIaJc
al-ain,medium,ChIJPd269Eivij4RdjSUpOsmWis
al-ain,medium,ChIJXQMLrqGvij4RwibUhavk5Js
al-ain,medium,ChIJnwr5NkOvij4RmdNyeS6uroo
al-ain,medium,ChIJoT6bF5-vij4RIQkvhC95ltA
al-ain,medium,ChIJkwV77Zmvij4RbWKomCxWpSU
al-ain,medium,ChIJ-_Jmvj2vij4Rzs_B58K1mgI
al-ain,medium,ChIJUcv0Wo2vij4RGxp4BAsn7bU
al-ain,medium,ChIJFxt_UT6vij4RRApoki-kaTw
al-ain,medium,ChIJj5pu4Jmvij4R8VxjaZq3GhM
al-ain,medium,ChIJ4TNJ_Beuij4RbLLgYvIfAOU
al-ain,medium,ChIJ17kOD-exij4RJ9DJM4hBxCo
al-ain,medium,ChIJs0pW-oqxij4RD1dWYgW7sEQ
al-ain,medium,ChIJU4NjYgCxij4RBcwdPx0x-yU
al-ain,medium,ChIJ75l9fqixij4RCKBHJGfstZY
al-ain,medium,ChIJLZQi5qixij4RayvhFBBxGFI
al-ain,medium,ChIJ8cBnmJKxij4RzrqPlMRDco0
al-ain,medium,ChIJXWqKk3ixij4RMwvu8dUKO9s
al-ain,medium,ChIJKYRkPLG3ij4ResFU6w9CLQg
al-ain,medium,ChIJIVxKcxSxij4RmmEG3Ws025M
al-ain,medium,ChIJodo1MACxij4RUDlmajOn_LM
al-ain,medium,ChIJef4lftuxij4Rfi7yz9mf2n8
al-ain,medium,ChIJT0wjtIaxij4RwYFBNm-PToI
al-ain,medium,ChIJpy8hMgCxij4RXYPtqHWrUDg
al-ain,medium,ChIJ8-ChZQCxij4RH4RdrcS1s5g
al-ain,medium,ChIJdWxdAMirij4RfYMcrX0oCLI
al-ain,medium,ChIJIdbJY6Orij4RLauLzQeStq8
al-ain,medium,ChIJBTsfZaOrij4RLWgcGF0WdAY
al-ain,medium,ChIJXcRycq6rij4RXLLD_tPsaLk
al-ain,medium,ChIJSe2ZH1irij4R3b-ju9B9jEM
al-ain,medium,ChIJa2LlS7Grij4RzC192Tf8-h0
al-ain,medium,ChIJO_irHamrij4RhPOkg4hXXog
al-ain,medium,ChIJteiTbDyrij4R6QR1zelYWuQ
al-ain,medium,ChIJLSoUyY2rij4RRDLBM0DgZHk
al-ain,medium,ChIJ_2g8q5Krij4RT0GHhjNKa2Q
al-ain,medium,ChIJwRxUuLKrij4R9lk-zofNVGE
al-ain,medium,ChIJYUoTGwCrij4RmxAt8U9KOx0
al-ain,medium,ChIJj-5WtCyrij4ReY-l0N6BYxk
al-ain,medium,ChIJW3lViT-rij4RBh3Rb4MjbmM
al-ain,medium,ChIJ87oNO1arij4R931BObDRzhw
al-ain,medium,ChIJvQv1ptGrij4R-UT44SnvJ8I
al-ain,medium,ChIJ32BduMerij4RVe1lRl02D5M
al-ain,medium,ChIJwbrCNFCrij4Rsh5duW10TuY
al-ain,medium,ChIJfTXji0Orij4R6tfTCEQIWek
al-ain,medium,ChIJqSIkSpmrij4RRYfU88SH9PA
al-ain,medium,ChIJU95A5cGrij4RSMrN6vDizms
al-ain,medium,ChIJA1hqHQCtij4Rg3VXhTel5qQ
al-ain,medium,ChIJ34CaaACtij4R5q99hBnibtg
al-ain,medium,ChIJLXJNyeatij4RT2-2Q09JYw4
al-ain,medium,ChIJ7S7Bhpetij4RMJrRBcMy2X4
al-ain,medium,ChIJJT6mDpGtij4RQ6hVVFR3VHY
al-ain,medium,ChIJuUBGT9mtij4RX6VbfPTF0gU
al-ain,medium,ChIJqatRyVqtij4RZZjneBXxA_Y
al-ain,medium,ChIJJd_Y08Kxij4R755rwM1pNxY
al-ain,medium,ChIJMcqDKaKtij4RP-EC5vE9v8E
al-ain,medium,ChIJBeU6eomzij4RQI0dC_6vJyM
al-ain,medium,ChIJXReqYQKuij4RfM51Db0DhR0
al-ain,medium,ChIJSW3Wc6Cvij4RVqmVUXRIPfY
al-ain,medium,ChIJryale2Czij4Rc97z1tugN94
al-ain,medium,ChIJZ06Rl2evij4RKK5i-cGvy1I
al-ain,medium,ChIJzVM6DwCtij4RkvOo_mxu4bw
al-ain,medium,ChIJx77OIACtij4RWaSVGi1r4L4
al-ain,medium,ChIJDUAQUwCvij4RxvPzndlEkBs
al-ain,medium,ChIJp9ytd6ixij4RjF79c_A7Clk
al-ain,medium,ChIJaRyRTE-xij4ROKfEGjuBN00
al-ain,medium,ChIJHYmgppuxij4RKP9R7btrgyE
al-ain,medium,ChIJzzbywhyyij4RijXShawdh7I
al-ain,medium,ChIJFSNK1MOzij4RQf8QpfrN95E
al-ain,medium,ChIJ41I_Tm-xij4RGDLRsXuw3Ow
al-ain,medium,ChIJV70DgtGzij4RRh6_4hZV550
al-ain,medium,ChIJGbhzeuexij4Ra090LoMMZkM
al-ain,medium,ChIJE5gFvtKzij4R686ZJdYDvBM
al-ain,medium,ChIJz2y9eACxij4RsbndWqEjBRc
al-ain,medium,ChIJN5j0wUWxij4R8TN2xJxsI3M
al-ain,medium,ChIJu34BNYyxij4RotZtIy2lDLw
al-ain,medium,ChIJ7ZcjXACxij4Rp1-jfjC1aBo
al-ain,medium,ChIJMU5vP36xij4R7f2yKKT8OOw
al-ain,medium,ChIJWUyAG3Gzij4RhQBnPkdegb4
al-ain,medium,ChIJj0mGaWaxij4RUFUa-tnn0p0
al-ain,medium,ChIJTQR2LGixij4RcHgrhdYfyjQ
al-ain,medium,ChIJWaLT1k2xij4R8jIst56kvSY
al-ain,medium,ChIJx5yyPG-xij4RyZzGgCJzI1k
al-ain,medium,ChIJA7oWOwCxij4RBsuCy_BNTTY
al-ain,medium,ChIJBd1qxzGxij4R2gSQLCjksz8
al-ain,medium,ChIJn3MwAgCxij4REndfcDBfAbU
al-ain,medium,ChIJ0TcX7JSxij4R5kaeUxPrR20
al-ain,medium,ChIJHUImbcCxij4ROzNTek34UJk
al-ain,medium,ChIJZyaHMcixij4RmCPKOzwrJxs
al-ain,medium,ChIJSeYuXQqxij4R2ibXVpu_Lr4
al-ain,medium,ChIJKYmr1ROvij4RvCy_3kolans
al-ain,medium,ChIJA1-xH8a2ij4RTPwDvgo89fY
al-ain,medium,ChIJKd8e7BW3ij4R1k01bqxDmKE
al-ain,medium,ChIJoUtyIYuxij4RPWUJdrIMnUY
al-ain,medium,ChIJz-uNw6axij4RX0vDmGzHhEA
al-ain,medium,ChIJW_LGkcy2ij4RSLOZoWF-dbg
al-ain,medium,ChIJq6qaVEuxij4RWWIh9sKUrhE
al-ain,medium,ChIJS-YvDbW2ij4RasrqSqPnGTI
al-ain,medium,ChIJAedexYixij4RkBJo11kzsHg
al-ain,medium,ChIJ67lzQ9S3ij4R3An0QtVOzDQ
al-ain,medium,ChIJz_AZxHqzij4R1pfjNDA1yE4
al-ain,medium,ChIJr9Go6Y63ij4Rz2x2lb9RlDA
al-ain,medium,ChIJldRHUzWxij4RVwF96KlfMSo
al-ain,medium,ChIJlwqCQO5pXj4RcCzZmE-eNeE
al-ain,medium,ChIJgQNmroyrij4RPjErjMtG8WY
al-ain,medium,ChIJJVYkZ4Kzij4REDyJZyiYQC8
al-ain,medium,ChIJGY_KeQCzij4RqsPrFl-0GpM
al-ain,medium,ChIJ-Y-shROzij4REi_nYgYTzNs
al-ain,medium,ChIJpxOOGEuzij4RuKvHVHiPZDk
al-ain,medium,ChIJ6Vqaz22zij4RXNfJYsXsWJA
al-ain,medium,ChIJA1QJIn6zij4RhG1KGqPFxy8
al-ain,medium,ChIJiScg9dqzij4Rus0DNYwz1oA
al-ain,medium,ChIJF2LeaqCeS20RPkqCjoqMdho
al-ain,medium,ChIJEb2yvPWzij4RDlQHmy45hyM
al-ain,medium,ChIJf3YNWWuzij4RlHMoHL_Zizo
al-ain,medium,ChIJARdJKW-xij4RS5nwkneYuBA
al-ain,medium,ChIJE79PNEezij4RBibrYfJhS7M
al-ain,medium,ChIJzZzwdvyzij4R93q2jmrkT9g
al-ain,medium,ChIJ7XCqrZazij4RzL7krO5dGcc
al-ain,medium,ChIJlcof4o6zij4RiVKy1AyWuY4
al-ain,medium,ChIJhWHkbROzij4R3nbF40YZU9s
al-ain,medium,ChIJBfYOwO-zij4RRmNOG_ccs2Q
al-ain,medium,ChIJfb9jbk2zij4Rqt-sJfZTpSY
al-ain,medium,ChIJ0z9BSduzij4RJsLs4UPB_iM
al-ain,medium,ChIJ82r9i_2zij4RbuBWvsheeAk
al-ain,medium,ChIJWY1zBMuzij4RBuHOnnh32p8
al-ain,medium,ChIJldy7Pfyzij4RtdcZgM_Aw-0
al-ain,medium,ChIJbxzxlEWzij4RTBTuWtkKrME
al-ain,medium,ChIJk89iJMOxij4RguPEr8-FdKk
al-ain,medium,ChIJxRtIFuuzij4RAyPK9TpQSqo
al-ain,medium,ChIJGZgfmuSzij4RlS1BqwKz4zo
al-ain,medium,ChIJrf7J9kKxij4RPFoNDu6fTqg
al-ain,medium,ChIJzdUy-8Czij4RmxSaIqqwpHE
al-ain,medium,ChIJZ9LEDlSzij4R3Jx7UE0uKoU
al-ain,medium,ChIJf_x7y4izij4RQZivgm3G8bA
al-ain,medium,ChIJUZ4hKwCzij4R1sqYnzGECNY
al-ain,medium,ChIJBZ-qewCzij4RQryQGLMjjqg
al-ain,medium,ChIJ_YhXghmzij4R8afgQgHP1KY
al-ain,medium,ChIJY2wJB_yzij4RbuclvcI_gtk
al-ain,medium,ChIJb13Zlimzij4RD-hsK2jCPDI
al-ain,medium,ChIJkyjnF-mzij4RCnk-kRbdL3s
al-ain,medium,ChIJQdfM-5Czij4RgPpmIcFoBbk
al-ain,medium,ChIJFbdhbwCzij4R7-K-QbfipTU
al-ain,medium,ChIJQ1TNHgCzij4RnFb7L1Z0Jj4
al-ain,medium,ChIJ04PtEHavij4RTamEEQiGwq8
al-ain,medium,ChIJ8XAraaaxij4RUUoR2y7Qtx0
al-ain,medium,ChIJhZ2WJA-3ij4RiewECdncvWU
al-ain,medium,ChIJ7eMGCra2ij4RBGB61P7mdNs
al-ain,medium,ChIJdaz7rPW3ij4R73H7Nln_gOc
al-ain,medium,ChIJIWeMoxyzij4R9xy_ol5Uqiw
al-ain,medium,ChIJt4jeqwezij4RDjEvkSP-VHo
al-ain,medium,ChIJNZw28Fe3ij4RCaSuV_X25Nc
al-ain,medium,ChIJR1j5rn-3ij4RzZ7a0gBlQlQ
al-ain,medium,ChIJofWRFqi3ij4RMw2tuR55xTY
al-ain,medium,ChIJ_85hIgaxij4Rw4l18HnLnTM
al-ain,medium,ChIJcejkDOM44Q0RgAprA5HjXV8
al-ain,medium,ChIJz0CxCPGxij4R44xn9olX80U
al-ain,medium,ChIJ_0IqsYe3ij4Rvzc7B7wmuH0
al-ain,medium,ChIJX8Y-PqoGokkR5xo7Kl6D3Ew
al-ain,medium,ChIJJ5dhdsi2ij4Rm77DgC7A8s4
al-ain,medium,ChIJmabtJ8e3ij4RzMg5zeJpwAg
al-ain,medium,ChIJ298VMgC3ij4R0g9BJjC04ws
al-ain,medium,ChIJV_9vUwCxij4RvybZ95ktgvM
al-ain,medium,ChIJ2eQKsI63ij4R06cfb7OVS9s
al-ain,medium,ChIJ64h8fRDWUaMRDmgq1e0aqys
al-ain,medium,ChIJgaSfi-Cxij4R91ClwcAIpdg
al-ain,medium,ChIJz9PMEaO3ij4R-YhOxprTSBU
al-ain,medium,ChIJkfNwb4q3ij4R5QQU0K9c0cg
al-ain,medium,ChIJuV3OaCm3ij4RfHHqpjiUbfg
al-ain,medium,ChIJfetbRPi3ij4ROA8uVDx97_Q
al-ain,medium,ChIJsZuQLAexij4RLAMfapXe8_A
al-ain,medium,ChIJex4uGwC3ij4RXcArFhTLPeQ
al-ain,medium,ChIJZ8MHIiW3ij4RnnRAqZ5iK0E
al-ain,medium,ChIJ7XjJh-C3ij4ReyBLlfS4S2k
al-ain,medium,ChIJb9EuAsqzij4RnjnjWHzfV6k
al-ain,medium,ChIJV35toUa3ij4RGFVgmkg9lQA
al-ain,medium,ChIJHzHHZh6xij4RSVU8Bg6gLWM
al-ain,medium,ChIJYVIg79S3ij4R5xEhD_znX8o
al-ain,high,ChIJs0d_ruS6ij4RH9AT-2gLd_s
al-ain,high,ChIJ9xKBVeO6ij4RCMfIJNfZM2M
al-ain,high,ChIJi78Io8e7ij4Rtdy0AeJdgkI
al-ain,high,ChIJgaGAci27ij4R5Bdql5h_Itc
al-ain,high,ChIJsyl59fi7ij4RAu4j7IsvmxA
al-ain,high,ChIJZ_kDeAC7ij4RiXIYXz8UlZM
al-ain,high,ChIJg6SGTgC7ij4Rvl2l2-RXhM8
al-ain,high,ChIJKVXfEui7ij4RZo7yjif_PP8
al-ain,high,ChIJe68yrfK7ij4RQK6ppNfR-TI
al-ain,high,ChIJFQm-2TG7ij4Rz5AA6aZNrbQ
al-ain,high,ChIJ3VqHIh27ij4RaHNVs1IqtRI
al-ain,high,ChIJH2YVQQCvij4RZQa-s3P6o5A
al-ain,high,ChIJT40F49Sxij4RQ-TqfKKhzuE
al-ain,high,ChIJDSS2q4Cwij4RvG_Tnf01jt8
al-ain,high,ChIJRZKmhW67ij4RHlKz6bWF8bo
al-ain,high,ChIJkcORU66xij4R5XULIuF29mE
al-ain,high,ChIJSfjSIGq7ij4RnJuMR9P6kGg
al-ain,high,ChIJgSVEMZuxij4RZWngLi7zKcM
al-ain,high,ChIJN9p2AACxij4RWi7vgfxJpO0
al-ain,high,ChIJ4VenI46vij4RGBeeev-86bQ
al-ain,high,ChIJaYcAKOyuij4RCf8grQIXvuE
al-ain,high,ChIJr43UrvOvij4RLdeyRLXdWfE
al-ain,high,ChIJ_9ZzagCvij4RmxNysl_08_Q
al-ain,high,ChIJyzrkHQCvij4R19Jws_CJwpA
al-ain,high,ChIJy9DwP36vij4RuRl0-pZfnvg
al-ain,high,ChIJb8rKZWuvij4RLIM1lvlk5qs
al-ain,high,ChIJGYN4yliuij4RVdmyprz2s-I
al-ain,high,ChIJzVSzpS6vij4RHs1SiAUsVSo
al-ain,high,ChIJ4xoBN-Ovij4RRMxUU1cZhZk
al-ain,high,ChIJT6ZsEACvij4RRcsQzz29zYo
al-ain,high,ChIJd8I4wAavij4RC8iI04X5KZE
al-ain,high,ChIJpYjj6mqvij4R4I8B3ncx9m8
al-ain,high,ChIJe1q1FACvij4RbqxxXV4gDPI
al-ain,high,ChIJ1cdEtV-wij4RW0RkDncIp8M
al-ain,high,ChIJW23Ta5Sxij4RZw2mVtWj55U
al-ain,high,ChIJ_X46CTGxij4RMnoOzA907sw
al-ain,high,ChIJ6d_oa8iJjSUR15P3HQcrfCw
al-ain,high,ChIJe312ZDKxij4RyI6Xy_M19PA
al-ain,high,ChIJGbP1Dt-xij4ReO46JKGjBW0
al-ain,high,ChIJN-JTaQ6xij4RXhquuKhwiFU
al-ain,high,ChIJERXyTkCxij4Ri9bWQWbnAtw
al-ain,high,ChIJa56kFACxij4Rbe1C2aQl2Ec
al-ain,high,ChIJZ8jWX4uxij4REip53Fc5Tio
al-ain,high,ChIJgxPwtxCxij4RrIpt5G1gD7I
al-ain,high,ChIJwTqxQ8m3ij4RBp7ZA4BYNQs
al-ain,high,ChIJS_meLDW3ij4RRRSEejDCjSc
al-ain,high,ChIJeSlaldytij4R70I__hAougk
al-ain,high,ChIJ2YFLNnytij4RGblUGSx6nKU
al-ain,high,ChIJh8ij3rKtij4Rp2CCh_pprKg
al-ain,high,ChIJb34n5hCuij4RqiS1VgZaSnk
al-ain,high,ChIJkbpRWACvij4RvV8mBcToWBE
al-ain,high,ChIJ16Zlg3Cvij4RSAL9vtSZD24
al-ain,high,ChIJeyjXNgCvij4R3MKT6a88heY
al-ain,high,ChIJG1pmtnGvij4RHhOTDoimxGU
al-ain,high,ChIJhasCFAavij4RTLvJROlIaJc
al-ain,high,ChIJPd269Eivij4RdjSUpOsmWis
al-ain,high,ChIJXQMLrqGvij4RwibUhavk5Js
al-ain,high,ChIJnwr5NkOvij4RmdNyeS6uroo
al-ain,high,ChIJoT6bF5-vij4RIQkvhC95ltA
al-ain,high,ChIJkwV77Zmvij4RbWKomCxWpSU
al-ain,high,ChIJ-_Jmvj2vij4Rzs_B58K1mgI
al-ain,high,ChIJUcv0Wo2vij4RGxp4BAsn7bU
al-ain,high,ChIJFxt_UT6vij4RRApoki-kaTw
al-ain,high,ChIJj5pu4Jmvij4R8VxjaZq3GhM
al-ain,high,ChIJ4TNJ_Beuij4RbLLgYvIfAOU
al-ain,high,ChIJ17kOD-exij4RJ9DJM4hBxCo
al-ain,high,ChIJs0pW-oqxij4RD1dWYgW7sEQ
al-ain,high,ChIJU4NjYgCxij4RBcwdPx0x-yU
al-ain,high,ChIJ75l9fqixij4RCKBHJGfstZY
al-ain,high,ChIJLZQi5qixij4RayvhFBBxGFI
al-ain,high,ChIJ8cBnmJKxij4RzrqPlMRDco0
al-ain,high,ChIJXWqKk3ixij4RMwvu8dUKO9s
al-ain,high,ChIJKYRkPLG3ij4ResFU6w9CLQg
al-ain,high,ChIJIVxKcxSxij4RmmEG3Ws025M
al-ain,high,ChIJodo1MACxij4RUDlmajOn_LM
al-ain,high,ChIJef4lftuxij4Rfi7yz9mf2n8
al-ain,high,ChIJT0wjtIaxij4RwYFBNm-PToI
al-ain,high,ChIJpy8hMgCxij4RXYPtqHWrUDg
al-ain,high,ChIJ8-ChZQCxij4RH4RdrcS1s5g
al-ain,high,ChIJdWxdAMirij4RfYMcrX0oCLI
al-ain,high,ChIJIdbJY6Orij4RLauLzQeStq8
al-ain,high,ChIJBTsfZaOrij4RLWgcGF0WdAY
al-ain,high,ChIJXcRycq6rij4RXLLD_tPsaLk
al-ain,high,ChIJSe2ZH1irij4R3b-ju9B9jEM
al-ain,high,ChIJa2LlS7Grij4RzC192Tf8-h0
al-ain,high,ChIJO_irHamrij4RhPOkg4hXXog
al-ain,high,ChIJteiTbDyrij4R6QR1zelYWuQ
al-ain,high,ChIJLSoUyY2rij4RRDLBM0DgZHk
al-ain,high,ChIJ_2g8q5Krij4RT0GHhjNKa2Q
al-ain,high,ChIJwRxUuLKrij4R9lk-zofNVGE
al-ain,high,ChIJYUoTGwCrij4RmxAt8U9KOx0
al-ain,high,ChIJj-5WtCyrij4ReY-l0N6BYxk
al-ain,high,ChIJW3lViT-rij4RBh3Rb4MjbmM
al-ain,high,ChIJ87oNO1arij4R931BObDRzhw
al-ain,high,ChIJvQv1ptGrij4R-UT44SnvJ8I
al-ain,high,ChIJ32BduMerij4RVe1lRl02D5M
al-ain,high,ChIJwbrCNFCrij4Rsh5duW10TuY
al-ain,high,ChIJfTXji0Orij4R6tfTCEQIWek
al-ain,high,ChIJqSIkSpmrij4RRYfU88SH9PA
al-ain,high,ChIJU95A5cGrij4RSMrN6vDizms
al-ain,high,ChIJA1hqHQCtij4Rg3VXhTel5qQ
al-ain,high,ChIJ34CaaACtij4R5q99hBnibtg
al-ain,high,ChIJLXJNyeatij4RT2-2Q09JYw4
al-ain,high,ChIJ7S7Bhpetij4RMJrRBcMy2X4
al-ain,high,ChIJJT6mDpGtij4RQ6hVVFR3VHY
al-ain,high,ChIJuUBGT9mtij4RX6VbfPTF0gU
al-ain,high,ChIJqatRyVqtij4RZZjneBXxA_Y
al-ain,high,ChIJJd_Y08Kxij4R755rwM1pNxY
al-ain,high,ChIJMcqDKaKtij4RP-EC5vE9v8E
al-ain,high,ChIJBeU6eomzij4RQI0dC_6vJyM
al-ain,high,ChIJXReqYQKuij4RfM51Db0DhR0
al-ain,high,ChIJSW3Wc6Cvij4RVqmVUXRIPfY
al-ain,high,ChIJryale2Czij4Rc97z1tugN94
al-ain,high,ChIJZ06Rl2evij4RKK5i-cGvy1I
al-ain,high,ChIJzVM6DwCtij4RkvOo_mxu4bw
al-ain,high,ChIJx77OIACtij4RWaSVGi1r4L4
al-ain,high,ChIJDUAQUwCvij4RxvPzndlEkBs
al-ain,high,ChIJp9ytd6ixij4RjF79c_A7Clk
al-ain,high,ChIJaRyRTE-xij4ROKfEGjuBN00
al-ain,high,ChIJHYmgppuxij4RKP9R7btrgyE
al-ain,high,ChIJzzbywhyyij4RijXShawdh7I
al-ain,high,ChIJFSNK1MOzij4RQf8QpfrN95E
al-ain,high,ChIJ41I_Tm-xij4RGDLRsXuw3Ow
al-ain,high,ChIJV70DgtGzij4RRh6_4hZV550
al-ain,high,ChIJGbhzeuexij4Ra090LoMMZkM
al-ain,high,ChIJE5gFvtKzij4R686ZJdYDvBM
al-ain,high,ChIJz2y9eACxij4RsbndWqEjBRc
al-ain,high,ChIJN5j0wUWxij4R8TN2xJxsI3M
al-ain,high,ChIJu34BNYyxij4RotZtIy2lDLw
al-ain,high,ChIJ7ZcjXACxij4Rp1-jfjC1aBo
al-ain,high,ChIJMU5vP36xij4R7f2yKKT8OOw
al-ain,high,ChIJWUyAG3Gzij4RhQBnPkdegb4
al-ain,high,ChIJj0mGaWaxij4RUFUa-tnn0p0
al-ain,high,ChIJTQR2LGixij4RcHgrhdYfyjQ
al-ain,high,ChIJWaLT1k2xij4R8jIst56kvSY
al-ain,high,ChIJx5yyPG-xij4RyZzGgCJzI1k
al-ain,high,ChIJA7oWOwCxij4RBsuCy_BNTTY
al-ain,high,ChIJBd1qxzGxij4R2gSQLCjksz8
al-ain,high,ChIJn3MwAgCxij4REndfcDBfAbU
al-ain,high,ChIJ0TcX7JSxij4R5kaeUxPrR20
al-ain,high,ChIJHUImbcCxij4ROzNTek34UJk
al-ain,high,ChIJZyaHMcixij4RmCPKOzwrJxs
al-ain,high,ChIJSeYuXQqxij4R2ibXVpu_Lr4
al-ain,high,ChIJKYmr1ROvij4RvCy_3kolans
al-ain,high,ChIJA1-xH8a2ij4RTPwDvgo89fY
al-ain,high,ChIJKd8e7BW3ij4R1k01bqxDmKE
al-ain,high,ChIJS2haLOm3ij4RdHn1xgk3GLo
al-ain,high,ChIJoUtyIYuxij4RPWUJdrIMnUY
al-ain,high,ChIJz-uNw6axij4RX0vDmGzHhEA
al-ain,high,ChIJW_LGkcy2ij4RSLOZoWF-dbg
al-ain,high,ChIJSU-pSsO3ij4R5imXPoi3scU
al-ain,high,ChIJq6qaVEuxij4RWWIh9sKUrhE
al-ain,high,ChIJS-YvDbW2ij4RasrqSqPnGTI
al-ain,high,ChIJAedexYixij4RkBJo11kzsHg
al-ain,high,ChIJ67lzQ9S3ij4R3An0QtVOzDQ
al-ain,high,ChIJjRN9-Fu3ij4R74aJo3SpH8w
al-ain,high,ChIJMxhIBsi2ij4R0XVg77oPMjE
al-ain,high,ChIJz_AZxHqzij4R1pfjNDA1yE4
al-ain,high,ChIJkYN0zsu2ij4Rjk4e7FSfYDU
al-ain,high,ChIJr9Go6Y63ij4Rz2x2lb9RlDA
al-ain,high,ChIJldRHUzWxij4RVwF96KlfMSo
al-ain,high,ChIJF-NTdR-3ij4RBCNWdGuRtHY
al-ain,high,ChIJZTZ04vSvij4RB3OIiV4alwA
al-ain,high,ChIJlwqCQO5pXj4RcCzZmE-eNeE
al-ain,high,ChIJgQNmroyrij4RPjErjMtG8WY
al-ain,high,ChIJJVYkZ4Kzij4REDyJZyiYQC8
al-ain,high,ChIJGY_KeQCzij4RqsPrFl-0GpM
al-ain,high,ChIJ-Y-shROzij4REi_nYgYTzNs
al-ain,high,ChIJpxOOGEuzij4RuKvHVHiPZDk
al-ain,high,ChIJ6Vqaz22zij4RXNfJYsXsWJA
al-ain,high,ChIJA1QJIn6zij4RhG1KGqPFxy8
al-ain,high,ChIJiScg9dqzij4Rus0DNYwz1oA
al-ain,high,ChIJF2LeaqCeS20RPkqCjoqMdho
al-ain,high,ChIJEb2yvPWzij4RDlQHmy45hyM
al-ain,high,ChIJf3YNWWuzij4RlHMoHL_Zizo
al-ain,high,ChIJARdJKW-xij4RS5nwkneYuBA
al-ain,high,ChIJE79PNEezij4RBibrYfJhS7M
al-ain,high,ChIJzZzwdvyzij4R93q2jmrkT9g
al-ain,high,ChIJ7XCqrZazij4RzL7krO5dGcc
al-ain,high,ChIJlcof4o6zij4RiVKy1AyWuY4
al-ain,high,ChIJhWHkbROzij4R3nbF40YZU9s
al-ain,high,ChIJBfYOwO-zij4RRmNOG_ccs2Q
al-ain,high,ChIJfb9jbk2zij4Rqt-sJfZTpSY
al-ain,high,ChIJ0z9BSduzij4RJsLs4UPB_iM
al-ain,high,ChIJ82r9i_2zij4RbuBWvsheeAk
al-ain,high,ChIJWY1zBMuzij4RBuHOnnh32p8
al-ain,high,ChIJldy7Pfyzij4RtdcZgM_Aw-0
al-ain,high,ChIJbxzxlEWzij4RTBTuWtkKrME
al-ain,high,ChIJk89iJMOxij4RguPEr8-FdKk
al-ain,high,ChIJxRtIFuuzij4RAyPK9TpQSqo
al-ain,high,ChIJGZgfmuSzij4RlS1BqwKz4zo
al-ain,high,ChIJrf7J9kKxij4RPFoNDu6fTqg
al-ain,high,ChIJzdUy-8Czij4RmxSaIqqwpHE
al-ain,high,ChIJZ9LEDlSzij4R3Jx7UE0uKoU
al-ain,high,ChIJixdX_La2ij4RHellwXsV6tE
al-ain,high,ChIJ8yWpGJa3ij4RZGRwQX-K1wU
al-ain,high,ChIJw2N-G6W2ij4RDBrcoBzkSJQ
al-ain,high,ChIJYRJ_SgC3ij4RC4rdZobxqoE
al-ain,high,ChIJPUdjUgC1ij4RSUAad5Kn9pY
al-ain,high,ChIJZSG2gjq1ij4RQ660fIF8o0w
al-ain,high,ChIJf_x7y4izij4RQZivgm3G8bA
al-ain,high,ChIJUZ4hKwCzij4R1sqYnzGECNY
al-ain,high,ChIJBZ-qewCzij4RQryQGLMjjqg
al-ain,high,ChIJ_YhXghmzij4R8afgQgHP1KY
al-ain,high,ChIJY2wJB_yzij4RbuclvcI_gtk
al-ain,high,ChIJb13Zlimzij4RD-hsK2jCPDI
al-ain,high,ChIJkyjnF-mzij4RCnk-kRbdL3s
al-ain,high,ChIJQdfM-5Czij4RgPpmIcFoBbk
al-ain,high,ChIJFbdhbwCzij4R7-K-QbfipTU
al-ain,high,ChIJxyI7iHC1ij4RXGleuEl39sA
al-ain,high,ChIJ2Rkrnw20ij4R_l8eEXRd2CM
al-ain,high,ChIJy8d4fwC1ij4R5DLsOb2s1wQ
al-ain,high,ChIJJ7JkHgC1ij4RbAyXR65m0To
al-ain,high,ChIJLeKkUQC1ij4R_tgn49eM8b8
al-ain,high,ChIJQ1TNHgCzij4RnFb7L1Z0Jj4
al-ain,high,ChIJoTxCLXy0ij4RXw3Q2NnPRaI
al-ain,high,ChIJuTPHeoy1ij4R2R4CdUrE9E4
al-ain,high,ChIJTYjtnH20ij4RAav_xvvQCOQ
al-ain,high,ChIJ4_imnFJL9T4RQnmFolKPHcg
al-ain,high,ChIJVQTckMC7ij4RKTjNDqnL2D8
al-ain,high,ChIJ4xHghKG7ij4Rcr_9mexcd_M
al-ain,high,ChIJBQd5owW7ij4R7MD_SPpDyG8
al-ain,high,ChIJkSweWUa3ij4R5jnuauc5j8E
al-ain,high,ChIJa5afpii3ij4R78-1POiUmHY
al-ain,high,ChIJ04PtEHavij4RTamEEQiGwq8
al-ain,high,ChIJ8XAraaaxij4RUUoR2y7Qtx0
al-ain,high,ChIJLQE6j0a3ij4RvKNZoRZj2PA
al-ain,high,ChIJz1T1F822ij4RB6vGCirs0no
al-ain,high,ChIJ2YeyBiq3ij4Rg59bYqN9Ank
al-ain,high,ChIJE8A-NEexij4RNxA5ezYcVeo
al-ain,high,ChIJWYQZ12uxij4RbnQIh6nfpQw
al-ain,high,ChIJW_21KQC3ij4RMswrmVsT_Dg
al-ain,high,ChIJyYMCi8-3ij4RzRGSxaPZ10c
al-ain,high,ChIJhdRh-SS3ij4RWEGDtF1U1iw
al-ain,high,ChIJUzUGdh63ij4R-HVKxqDh2Vw
al-ain,high,ChIJiTqkbR63ij4R-irfNZE1EOI
al-ain,high,ChIJhZ2WJA-3ij4RiewECdncvWU
al-ain,high,ChIJSVIAIgCxij4RgYpJcfL6-no
al-ain,high,ChIJ7eMGCra2ij4RBGB61P7mdNs
al-ain,high,ChIJuYgMFGC3ij4RaW27OCGfmN4
al-ain,high,ChIJLYolfKu3ij4RJZf2Bbg9p58
al-ain,high,ChIJK1bNBmS3ij4R98kXFGcAJCA
al-ain,high,ChIJSY8xPwC3ij4R3QtAoUgyqAE
al-ain,high,ChIJ0xtQu8m2ij4ROvSYRLoBrSA
al-ain,high,ChIJdaz7rPW3ij4R73H7Nln_gOc
al-ain,high,ChIJ9fx5LKO3ij4Ru5Ui8ShUH_4
al-ain,high,ChIJ91bysCu3ij4R61rRESxGMNA
al-ain,high,ChIJgwm_Qvm1ij4RohqgewYIJTk
al-ain,high,ChIJIWeMoxyzij4R9xy_ol5Uqiw
al-ain,high,ChIJt4jeqwezij4RDjEvkSP-VHo
al-ain,high,ChIJ27P0Fmq0ij4R3TrgXwX0cEE
al-ain,high,ChIJJ5ZscGq0ij4RkJmwLKeoS-8
al-ain,high,ChIJi1HatC9L9T4R99klLgNphn8
al-ain,high,ChIJO5Ewui9L9T4RbO008waDrWc
al-ain,high,ChIJtUs1k8hL9T4RMGCZtCBb0C8
al-ain,high,ChIJy5DWvSy1ij4RxLxDKoBTkeI
al-ain,high,ChIJczyWDAC1ij4RAGfJIXedHu0
al-ain,high,ChIJraZ3YlBL9T4RjYY9zC3Hg00
al-ain,high,ChIJEZGF8K61ij4RZQJ1X3sr68Q
al-ain,high,ChIJz5Q_tyq1ij4RDs-UtNEDlbs
al-ain,high,ChIJNZw28Fe3ij4RCaSuV_X25Nc
al-ain,high,ChIJR1j5rn-3ij4RzZ7a0gBlQlQ
al-ain,high,ChIJofWRFqi3ij4RMw2tuR55xTY
al-ain,high,ChIJ_85hIgaxij4Rw4l18HnLnTM
al-ain,high,ChIJcejkDOM44Q0RgAprA5HjXV8
al-ain,high,ChIJz0CxCPGxij4R44xn9olX80U
al-ain,high,ChIJ_0IqsYe3ij4Rvzc7B7wmuH0
al-ain,high,ChIJX8Y-PqoGokkR5xo7Kl6D3Ew
al-ain,high,ChIJJ5dhdsi2ij4Rm77DgC7A8s4
al-ain,high,ChIJ58L5ERK3ij4RQ8LIEiGskrE
al-ain,high,ChIJlf9A5vC3ij4RW0doET6pYog
al-ain,high,ChIJmabtJ8e3ij4RzMg5zeJpwAg
al-ain,high,ChIJ298VMgC3ij4R0g9BJjC04ws
al-ain,high,ChIJV_9vUwCxij4RvybZ95ktgvM
al-ain,high,ChIJzZYYKwC3ij4Ril4Qmf3b1gE
al-ain,high,ChIJ2eQKsI63ij4R06cfb7OVS9s
al-ain,high,ChIJ64h8fRDWUaMRDmgq1e0aqys
al-ain,high,ChIJgaSfi-Cxij4R91ClwcAIpdg
al-ain,high,ChIJz9PMEaO3ij4R-YhOxprTSBU
al-ain,high,ChIJkfNwb4q3ij4R5QQU0K9c0cg
al-ain,high,ChIJuV3OaCm3ij4RfHHqpjiUbfg
al-ain,high,ChIJKeTsFwC3ij4RyxsE_qgyr4E
al-ain,high,ChIJfetbRPi3ij4ROA8uVDx97_Q
al-ain,high,ChIJsZuQLAexij4RLAMfapXe8_A
al-ain,high,ChIJex4uGwC3ij4RXcArFhTLPeQ
al-ain,high,ChIJZ8MHIiW3ij4RnnRAqZ5iK0E
al-ain,high,ChIJyfzGPsO2ij4RgGTQvuR4fYs
al-ain,high,ChIJ7XjJh-C3ij4ReyBLlfS4S2k
al-ain,high,ChIJb9EuAsqzij4RnjnjWHzfV6k
al-ain,high,ChIJV35toUa3ij4RGFVgmkg9lQA
al-ain,high,ChIJHzHHZh6xij4RSVU8Bg6gLWM
al-ain,high,ChIJYVIg79S3ij4R5xEhD_znX8o
al-ain,high,ChIJYbvkINC3ij4RqEyaMjrMDco
al-barsha,low,ChIJx6Te75NtXz4Rsmj3p0qtE7I
al-barsha,low,ChIJ4yiZA4JtXz4RyHOqaHDbi2Q
al-barsha,low,ChIJj1ve_eldXz4RGjEWSq6f9Z0
al-barsha,low,ChIJrwaWdhRtXz4RZdzBgyHtIaw
al-barsha,low,ChIJB5jPJQBvXz4RNV14eDEZsjI
al-barsha,low,ChIJjToFURFvXz4R6vYsL0ElwE0
al-barsha,low,ChIJGVsHtbNtXz4RrOYLqo7Jcuc
al-barsha,low,ChIJ6ZNQrbNtXz4RcJs8XZxFPT4
al-barsha,low,ChIJM7-UJbptXz4R3yQ6jeUWHsg
al-barsha,low,ChIJq2_GrGBtXz4Rb3uoss5ALuo
al-barsha,low,ChIJbx3zbs1tXz4RYWuD2zQHnBI
al-barsha,low,ChIJaXRKzyhhXz4Rgco-Kv7KkGw
al-barsha,low,ChIJK-7lVO1tXz4RMr9whME7dJY
al-barsha,low,ChIJBa4VrhZtXz4RBILEucrVUEc
al-barsha,low,ChIJLWXAa5ttXz4R90i2vNMocj8
al-barsha,low,ChIJzynOTXJtXz4R-WtRuvgtE5Y
al-barsha,low,ChIJH32H67ZtXz4R8CNbPtkHgtg
al-barsha,low,ChIJAeX3S6htXz4RprfwZfXyLcY
al-barsha,low,ChIJl2qKJgltXz4ReuBuwKKMYvw
al-barsha,low,ChIJC4J6G2VtXz4R4RsTT8qB6ac
al-barsha,low,ChIJa1InCzVtXz4Rihe5RIz6XGc
al-barsha,low,ChIJQ7UJcfttXz4RoBTDuI2qAvs
al-barsha,low,ChIJ2-ovMplvXz4RyX4r_oQ7ycA
al-barsha,low,ChIJhR7xgQ9vXz4R_DHNyab7d0E
al-barsha,low,ChIJ4zlwjihvXz4RgRVZyYd1gic
al-barsha,low,ChIJxYEDqrtvXz4ROdRxDwW98lE
al-barsha,low,ChIJ_3cd8NtvXz4RdhT5_M0FRoI
al-barsha,low,ChIJiZEgcYnacoERdctf7dzpZWY
al-barsha,low,ChIJccLd2X9vXz4Rei7lzTt5N78
al-barsha,low,ChIJ3aP6j7hvXz4Rf8nb_6qElnI
al-barsha,low,ChIJ6zPLjxZvXz4RBi8Z_6P-kPo
al-barsha,low,ChIJ4V7lZhBvXz4RgbOwhFmVkKM
al-barsha,low,ChIJUdN_NbNvXz4Rn-_W_7yLKrc
al-barsha,low,ChIJvcTyx0NtXz4Rac1Gnsk9Jzc
al-barsha,low,ChIJO96ntmJtXz4RR1nUd6qXzIo
al-barsha,low,ChIJa17sR5ZtXz4RMNhHiMM0Zsw
al-barsha,low,ChIJi3fzHnRxXz4R9CwkfSdz09k
al-barsha,low,ChIJbQepX4NtXz4R8Xcv4BeD8mg
al-barsha,low,ChIJK2kMNQttXz4RSwr6ashIbvw
al-barsha,low,ChIJCSbQ9uNtXz4Rd7PasTLpvzw
al-barsha,low,ChIJrz3XvhptXz4R4wDdcB9IE_Y
al-barsha,low,ChIJX3PyIE1tXz4R51483ZNsyx4
al-barsha,low,ChIJv8jrgpttXz4RsVuFSw-cgIo
al-barsha,low,ChIJyR0D6zZsXz4RHT0ZIk1MVKs
al-barsha,low,ChIJtQVHyThvXz4Rlt7agELQepk
al-barsha,low,ChIJtS1tnJ9rXz4RHzfSa65XG7w
al-barsha,low,ChIJey-AeARvXz4RYT4o2ICbfkQ
al-barsha,low,ChIJgzFdhEVvXz4RfFUxi7RUxzQ
al-barsha,low,ChIJ45xjV7dvXz4Rs6aRKTp46Bg
al-barsha,low,ChIJH7f3XthvXz4R88x3K_nW814
al-barsha,low,ChIJTV_hyeZtXz4Rju47jz_CRK0
al-barsha,low,ChIJUT9-0hZvXz4RZw7yu7JXlZo
al-barsha,low,ChIJO55c5TlvXz4RnSwQJqkRQ2Y
al-barsha,low,ChIJUVdlILJvXz4Rkgl6CUtm4hk
al-barsha,low,ChIJfX-wmphvXz4R2FjbEsZ9zjo
al-barsha,low,ChIJZUUZelhvXz4R03pu6KUwLDk
al-barsha,low,ChIJJ6SgNf9nXz4Rbi-MxPKgNX0
al-barsha,low,ChIJf1uHVF1vXz4R_PgvE_iDdeg
al-barsha,low,ChIJG_lBnh5vXz4RFf-fzpViDVU
al-barsha,low,ChIJ_ytLU8hvXz4RZhKQkKfJiSk
al-barsha,low,ChIJZwNBTwVvXz4RdP-Y_XSAFAc
al-barsha,low,ChIJ-VZVpCRvXz4R9geUkFI53TA
al-barsha,low,ChIJ__8_94puXz4RRr6WQ2wLdBU
al-barsha,low,ChIJXbX5Y0ZvXz4R-DgfAQPgZkM
al-barsha,low,ChIJ51gyj4puXz4R4MBu-EV-Hqs
al-barsha,low,ChIJp6EpTHprXz4RGABjzaVtGq8
al-barsha,low,ChIJpfLIdP1rXz4R_R7xnlyKBJk
al-barsha,low,ChIJH5dUcoFrXz4RWOBrkjL0Wzw
al-barsha,low,ChIJXUoCz0ZtXz4Res-r0ofyu3k
al-barsha,low,ChIJkz0IbwBrXz4RIwqLuYA0bD4
al-barsha,low,ChIJrxTUycpDXz4R_z1tNuPd2cA
al-barsha,low,ChIJ2fLyQXlrXz4Rl6K19ZHZSSc
al-barsha,low,ChIJlWNJ7G1rXz4RjLW-0wzJSt8
al-barsha,low,ChIJec_eH3VrXz4R7F-kRtcUXaI
al-barsha,low,ChIJW_vhozhrXz4RmzolAlSh74k
al-barsha,low,ChIJXyZO3NBrXz4RXZf2d5HfGyU
al-barsha,low,ChIJLfby84FrXz4ReCf-3ArfkN0
al-barsha,low,ChIJpdwj3YVrXz4RwQq2vbFqc-s
al-barsha,low,ChIJz2ApzP5tXz4RR1A2SJQhumg
al-barsha,low,ChIJ9bJ680NrXz4Rj_yWJ0q_eQk
al-barsha,low,ChIJCYKz2FJrXz4RNGlMQNegMFQ
al-barsha,low,ChIJtU9-uPRrXz4RN3R6liZ223g
al-barsha,low,ChIJ9yBJjwhsXz4RdzOzU_uq7DQ
al-barsha,low,ChIJXaK8uCNrXz4R0aW_t1ImN0Q
al-barsha,low,ChIJGzGWmElrXz4RvqIF6_LqQJk
al-barsha,low,ChIJNY4YQIFvXz4RuE3Gy4NpBf4
al-barsha,low,ChIJKVma2d1vXz4RO3KzvSzSBP4
al-barsha,low,ChIJPRDTDUdvXz4RB2FprX5HeYg
al-barsha,low,ChIJQwBJk8NvXz4RkIx_tAQYo4o
al-barsha,low,ChIJzx81zK9vXz4RHN3UOtKrKi4
al-barsha,low,ChIJq0UBBuhvXz4RTmeulwgAkCQ
al-barsha,low,ChIJf6CO9v9vXz4RPz89YP4GQnk
al-barsha,low,ChIJYeLHIKxDXz4Rb1a_NVBlntY
al-barsha,low,ChIJ7TiGQZNvXz4RsQBI4VvYsnM
al-barsha,low,ChIJ94qvnXdvXz4RSyovDe-z77Y
al-barsha,low,ChIJldzzkhZvXz4RqP58EX3zYQ0
al-barsha,low,ChIJl13_eyVpXz4RuyD2Mdz4dQ0
al-barsha,low,ChIJ6yo1xAVDXz4RRB-E6eBv3Uk
al-barsha,low,ChIJEULr2U1vXz4REyipqD_3eAs
al-barsha,low,ChIJS4uv1PZrXz4RrxyMoF1U0ko
al-barsha,low,ChIJS5XPi3prXz4Rei1aMIOC6ng
al-barsha,low,ChIJ11il0yeQMioRcY99sg7ykZs
al-barsha,low,ChIJxWdj6MNrXz4RbL2IH8EYfFo
al-barsha,low,ChIJD4bp5lRrXz4RbSHxZ-kIxYM
al-barsha,low,ChIJnVgaLwBrXz4RhpUHa5ytUHE
al-barsha,low,ChIJr2VKFixrXz4RiQgP2XD3vw0
al-barsha,low,ChIJRxWUdgBrXz4Rv7hVj9UWcXA
al-barsha,low,ChIJD1ePLKdrXz4R4ff-YEShxvs
al-barsha,low,ChIJZzQyyVFqXz4RIHidgDF01FA
al-barsha,low,ChIJIWujKHtrXz4RE-7llgiR4N0
al-barsha,low,ChIJ_YpjhmJrXz4RD-SdWVqhWCA
al-barsha,low,ChIJrR3Ef9prXz4RPa9jzsXsgzE
al-barsha,low,ChIJ7xuNn8FrXz4RB3dSnDLcPIg
al-barsha,low,ChIJQ44YqBNrXz4RR_DLtbYjO_Y
al-barsha,low,ChIJmXmD0yhrXz4RZLjcBRXnJ6o
al-barsha,low,ChIJbVx-iq1rXz4R5wi7QFRwMCA
al-barsha,low,ChIJZQxNp4BrXz4RGG36xMjuoJI
al-barsha,low,ChIJSTj_IsZrXz4RjkgnU6ZMk2A
al-barsha,low,ChIJ3R8VfyBrXz4RzQB2VOn8F8w
al-barsha,low,ChIJDSh_I65rXz4RxfTrHI_J8b4
al-barsha,low,ChIJOw_2bhNrXz4R6El-vfiOYp8
al-barsha,low,ChIJa4CFpv1rXz4Rb8J-J6i-ArI
al-barsha,low,ChIJ7SYyfihrXz4RXLClE0wn5Fs
al-barsha,low,ChIJAc2mBNVrXz4R4eKQ2a-yvLA
al-barsha,low,ChIJqwq2NVFpXz4RMjx88Nz2EaU
al-barsha,low,ChIJK1hHUcRrXz4RXEJ4FE4pJN4
al-barsha,low,ChIJI296UTRpXz4RMRbdqPYaXJ8
al-barsha,low,ChIJvYtMcgBpXz4RderZ6nPPbws
al-barsha,low,ChIJJbUDMXxpXz4RxDAEmJ-kHIU
al-barsha,low,ChIJhbXVqRtpXz4RFkKE772AO8Q
al-barsha,low,ChIJGQHuH9tpXz4RCdhOYe4zaVQ
al-barsha,low,ChIJD7jeX01vXz4RVRMCBIiPawE
al-barsha,low,ChIJbev-qwNpXz4R92w3l3EeDN0
al-barsha,low,ChIJc2Txbq5pXz4RRlzAkygTmhg
al-barsha,low,ChIJb3hmvhhpXz4RgFy4CfzNLoE
al-barsha,low,ChIJWVOdSRVpXz4RuVCIucyY-as
al-barsha,low,ChIJNRSSi0xqXz4RK6puzEPZpA4
al-barsha,low,ChIJMciDnXRrXz4RTN8ha8OmReA
al-barsha,low,ChIJQWUxURlrXz4Rw8PsX6p1y-A
al-barsha,low,ChIJz6C6gOJpXz4Rbu0J8dO7ajk
al-barsha,low,ChIJGcXffoxrXz4RXktJR3_duiw
al-barsha,low,ChIJuVtFGABrXz4RzzgtNI1g-_s
al-barsha,low,ChIJP6910blrXz4RDBrB-jf74Zg
al-barsha,low,ChIJoXaB0r9rXz4ROgb7NzM9Hh4
al-barsha,low,ChIJF4k5d_hrXz4R0EjhASdjQu4
al-barsha,low,ChIJgadI4RtrXz4R8BEcIUEHX9E
al-barsha,low,ChIJrwHLMpBDXz4RG-p5G02RNLg
al-barsha,low,ChIJ_zUVh5NpXz4RqddTRQjn7EM
al-barsha,low,ChIJwVS4G5NrXz4RKW68ddfWAVQ
al-barsha,low,ChIJNZV-h0ppXz4RX1x_21do2ts
al-barsha,low,ChIJi0XhEeFrXz4Rt4tw37GjwWk
al-barsha,low,ChIJ5zK5CZVDXz4RVnD8Fm9pVk4
al-barsha,low,ChIJY0phdN1rXz4REnOYlJUocFA
al-barsha,low,ChIJmwSByiZqXz4R71zuNrtpdQQ
al-barsha,low,ChIJR0do5TZqXz4RF7ibiW3Pcr8
al-barsha,low,ChIJAf6vLtZpXz4R5apQG1K1RzI
al-barsha,low,ChIJN6beLyZrXz4RyeVXHz4c7Ck
al-barsha,low,ChIJB3ibexBpXz4RWUiiiIhfd3E
al-barsha,low,ChIJgXm1JUBrXz4RytE-OTZQYvM
al-barsha,low,ChIJBW8b_L5rXz4ROct4NjxpLmY
al-barsha,low,ChIJB_vhFk9rXz4R-nmqKBxTRKY
al-barsha,low,ChIJ8-2cniRqXz4RxP4N5tsMRIs
al-barsha,low,ChIJ-x2G8eFrXz4RTbYOYqcjbzw
al-barsha,low,ChIJt7gZNidrXz4RhTQkfNNsyhQ
al-barsha,low,ChIJZxi8datrXz4RHIphRY2kC0w
al-barsha,low,ChIJW2LRvOFpXz4R9PtTPVun_dM
al-barsha,low,ChIJ06d9E-BpXz4R1NMNghcBTMs
al-barsha,low,ChIJ5T7zUJtpXz4RKjmYJalkRLE
al-barsha,low,ChIJ-9qNpUxpXz4R8LBiFZRzURk
al-barsha,low,ChIJMbEyjAxpXz4REHnzrDi162k
al-barsha,low,ChIJzckmtpRpXz4Ryjt_12Z3QsA
al-barsha,low,ChIJccJ83etpXz4R2crhhTWvWUM
al-barsha,low,ChIJVew1lrdpXz4RMXwmYrWcwbI
al-barsha,low,ChIJF6qiTdZpXz4RC91u2RSbWo4
al-barsha,low,ChIJJTOjShRpXz4Rz89x3PV_ClA
al-barsha,low,ChIJ01kQZkVpXz4RuWinByM2B94
al-barsha,low,ChIJPyCPNnBrXz4RnvTY2E0sr0U
al-barsha,low,ChIJPVos8UhpXz4RJOi12LXUmMg
al-barsha,low,ChIJg-5VBQBpXz4RlWgmAoyu3Uo
al-barsha,low,ChIJNyDuH3VpXz4RzBl3M_1dpdI
al-barsha,low,ChIJKfGJ-9lpXz4R_aJd2kNBjnA
al-barsha,low,ChIJvY8VYoFpXz4R3WZqLQyUOYo
al-barsha,low,ChIJi6kBHCJqXz4R1LSoBgFHpC4
al-barsha,low,ChIJ0Y0DQ-1DXz4RCSA0T_vf9P8
al-barsha,low,ChIJhaG4jh5pXz4RRgJr20PuSWo
al-barsha,low,ChIJ6SoDggRqXz4R7BAvkaFzkRk
al-barsha,low,ChIJ_6O7ZhgsmEMRDRb3so4R4O0
al-barsha,low,ChIJHbEf4F65eiURxBnD7-heiBg
al-barsha,low,ChIJcUON1vVpXz4R7_DyGfj8ljw
al-barsha,low,ChIJY99J8J1pXz4R6vYZRRjwm2E
al-barsha,low,ChIJ8YM0cOlpXz4RAmBHRrU5TVg
al-barsha,low,ChIJO_6URRppXz4Rp3WvCoOj6zg
al-barsha,low,ChIJk5O0ns1tXz4RpuLbhCUHm-4
al-barsha,low,ChIJWWmtp5RrXz4RKAOob3bZ8Xs
al-barsha,low,ChIJo3q5flMTXz4RlPYpV6U5_Bs
al-barsha,low,ChIJGWfxwXZrXz4RaDExsAf_1VQ
al-barsha,low,ChIJ3Z_dNr1rXz4RM-IIH0gIP5s
al-barsha,low,ChIJCTJbKcBrXz4ROxdrt_AN3HU
al-barsha,low,ChIJmRqgKs5tXz4ROaLUO5o3xrE
al-barsha,low,ChIJa3nmeU5rXz4RUnQeGiTE-20
al-barsha,low,ChIJ3dMkZ51rXz4RbblnFNSf_GM
al-barsha,low,ChIJmwaCxdlrXz4RPPmVoL5YHys
al-barsha,low,ChIJiXcYek5rXz4R2iwZ70XCrYA
al-barsha,low,ChIJcXCcMHhrXz4RIE7nzeaM8KM
al-barsha,low,ChIJwSx5FthvXz4RmtHASAsN-fs
al-barsha,low,ChIJnUpu9MZpXz4R4jTWAjnQEW0
al-barsha,low,ChIJ1VFR4cVrXz4RKt_2S2nZOXY
al-barsha,low,ChIJESSte7JrXz4RwuVSlRhyVu0
al-barsha,low,ChIJ_bSHEy5tXz4Rx6pzU9p40IU
al-barsha,low,ChIJp49fVuhrXz4RetghndQh8Lk
al-barsha,low,ChIJyTrWHnprXz4Rto8FGnV5ZPY
al-barsha,low,ChIJka-2aL1rXz4Ru4lK6zytvrQ
al-barsha,low,ChIJs909jE5pXz4RtKSpN4vHHUI
al-barsha,low,ChIJhasAvIZvXz4R81gKxwIcsIw
al-barsha,low,ChIJmXOXV9drXz4RzJ06x8lorjg
al-barsha,low,ChIJndz_sdJrXz4RnLd0xbg03go
al-barsha,low,ChIJCz-6WSZrXz4R5cgJFTDmh9k
al-barsha,low,ChIJgUEYTPlrXz4RyElaEd8a3gc
al-barsha,low,ChIJg1-LDFhtXz4R-tPU9bdlyT8
al-barsha,low,ChIJc-HKfQBtXz4R0-f1OQ-CH-U
al-barsha,low,ChIJRw2SMABtXz4RCzlw8YvdDLE
al-barsha,low,ChIJ603DYu9vXz4RhEUkV03iHNI
al-barsha,low,ChIJcwjt1udtXz4Rs0ripEKHkKw
al-barsha,low,ChIJWz3DmjltXz4R2EWn06BCDRM
al-barsha,low,ChIJ9c8YPZddXz4RApj9Pns_1vg
al-barsha,medium,ChIJDQwaOcBxXz4RiKiPNrhC0B8
al-barsha,medium,ChIJnbgZ0DZxXz4RcCgUSnMXktA
al-barsha,medium,ChIJU5t7lGdxXz4R-OGTPyptdMY
al-barsha,medium,ChIJCfaagUpxXz4RuMGUUNAzDM0
al-barsha,medium,ChIJdSesLxpxXz4RM1bACiVK1zU
al-barsha,medium,ChIJ6SbmmzJlXz4RIFQWZ0cCUh8
al-barsha,medium,ChIJASaS2CRxXz4R8csNCKEtw04
al-barsha,medium,ChIJadsHdwBxXz4R2nJ-4I76WGI
al-barsha,medium,ChIJ9ztEA-FtXz4RAGemqVYec5w
al-barsha,medium,ChIJiZQzQd5tXz4RpZpIxBBEbIc
al-barsha,medium,ChIJMzPF6ZZtXz4Rx0s_zlZyioE
al-barsha,medium,ChIJW-0RDINtXz4R-PR22ETHCI4
al-barsha,medium,ChIJLfqWekhtXz4R2evgQqknHso
al-barsha,medium,ChIJeRSOP0htXz4RAxBfsOZg2VA
al-barsha,medium,ChIJn_rhhwdtXz4RVxPr2F7oTxA
al-barsha,medium,ChIJdzDwuXv3NAoRpv5ZrUa0FHM
al-barsha,medium,ChIJxYTfREVtXz4Rs3jUmZCAO9Y
al-barsha,medium,ChIJyd4g_pptXz4RkOGnZHR6XVo
al-barsha,medium,ChIJ1cHNmXZtXz4RTQ4zuuiuoSo
al-barsha,medium,ChIJy0WgZQBtXz4R4FvmqLRMmao
al-barsha,medium,ChIJH6BhdmttXz4R6qFnHkj5XSw
al-barsha,medium,ChIJx6Te75NtXz4Rsmj3p0qtE7I
al-barsha,medium,ChIJ3RiWBWdtXz4RMxjFdoI8lM0
al-barsha,medium,ChIJ4yiZA4JtXz4RyHOqaHDbi2Q
al-barsha,medium,ChIJj1ve_eldXz4RGjEWSq6f9Z0
al-barsha,medium,ChIJrwaWdhRtXz4RZdzBgyHtIaw
al-barsha,medium,ChIJE9U6SqhtXz4RieMmZ4jyBLk
al-barsha,medium,ChIJHxzurtbByQQRwAWu-oB9X2Y
al-barsha,medium,ChIJWbDLOlJtXz4ROrG0ixz94ZA
al-barsha,medium,ChIJ8xCzIFBtXz4Rw2fM2k0qHRE
al-barsha,medium,ChIJhzOwdARvXz4RvQtECCtDJeU
al-barsha,medium,ChIJ8dQJgZBtXz4RFxFYRl20DJY
al-barsha,medium,ChIJfTsjowdtXz4RfqaeZosQfGc
al-barsha,medium,ChIJTTn1ObxxXz4Rr6xLe3sTJ7M
al-barsha,medium,ChIJ04qA-IxxXz4RQJ73k0cbT5Y
al-barsha,medium,ChIJM8fdRdVvXz4Renbv4kiHe7k
al-barsha,medium,ChIJsQaIhpxxXz4RvkSCjY5xvl0
al-barsha,medium,ChIJ09XSVOtxXz4RnkSNm1FGWEk
al-barsha,medium,ChIJpbcAKFZxXz4RxSkZ_TAJ69E
al-barsha,medium,ChIJE5Ou_LpvXz4ROLr_fRQOwrM
al-barsha,medium,ChIJFy58IWNxXz4R7vZRt7pdvL8
al-barsha,medium,ChIJB5jPJQBvXz4RNV14eDEZsjI
al-barsha,medium,ChIJjToFURFvXz4R6vYsL0ElwE0
al-barsha,medium,ChIJwxrt1eVxXz4RBrAvN6_Fk-Q
al-barsha,medium,ChIJr0DM93hxXz4RK-gsY2Qx8dw
al-barsha,medium,ChIJdyraDPh5Xz4R34aO9wPm56E
al-barsha,medium,ChIJa0TN9-VxXz4RxSMbxpXzac0
al-barsha,medium,ChIJpauUu-5xXz4RgooM9W3Oa6k
al-barsha,medium,ChIJu-seIOhxXz4REDI59Lky-K8
al-barsha,medium,ChIJ-0P7Jf1tXz4Rje7-0YFcM3Q
al-barsha,medium,ChIJZR_lhhhtXz4RqarjuJzbGtc
al-barsha,medium,ChIJQ20Q4t9sXz4RXdmqnHykV_o
al-barsha,medium,ChIJEy4q3t9sXz4RoIIRLAFe1PI
al-barsha,medium,ChIJj_pqhGBtXz4RTs4UjuBCKc4
al-barsha,medium,ChIJbe5lUn5tXz4R7vU7HpkjHSc
al-barsha,medium,ChIJYz5VGJVDXz4Rnm-Fq2l1WjY
al-barsha,medium,ChIJCVQWGwBtXz4RraEvUe4A_VY
al-barsha,medium,ChIJ3bYQmRJtXz4RfgBW44vVHDw
al-barsha,medium,ChIJGVsHtbNtXz4RrOYLqo7Jcuc
al-barsha,medium,ChIJ6ZNQrbNtXz4RcJs8XZxFPT4
al-barsha,medium,ChIJ2bny5oZtXz4RmHYfIgIp-c0
al-barsha,medium,ChIJTc8aR-VsXz4RF5-Volg8EbU
al-barsha,medium,ChIJM7-UJbptXz4R3yQ6jeUWHsg
al-barsha,medium,ChIJiZsbz5ZtXz4RhAc9F3Y0SMk
al-barsha,medium,ChIJq2_GrGBtXz4Rb3uoss5ALuo
al-barsha,medium,ChIJbx3zbs1tXz4RYWuD2zQHnBI
al-barsha,medium,ChIJN1xMJf9tXz4RLuPTojI9uEo
al-barsha,medium,ChIJsXxEXqZtXz4Ro4u9Db1gDuY
al-barsha,medium,ChIJsQNsE_9tXz4RtkipklfpFmE
al-barsha,medium,ChIJaXRKzyhhXz4Rgco-Kv7KkGw
al-barsha,medium,ChIJK-7lVO1tXz4RMr9whME7dJY
al-barsha,medium,ChIJBa4VrhZtXz4RBILEucrVUEc
al-barsha,medium,ChIJLWXAa5ttXz4R90i2vNMocj8
al-barsha,medium,ChIJzynOTXJtXz4R-WtRuvgtE5Y
al-barsha,medium,ChIJH32H67ZtXz4R8CNbPtkHgtg
al-barsha,medium,ChIJAeX3S6htXz4RprfwZfXyLcY
al-barsha,medium,ChIJl2qKJgltXz4ReuBuwKKMYvw
al-barsha,medium,ChIJC4J6G2VtXz4R4RsTT8qB6ac
al-barsha,medium,ChIJa1InCzVtXz4Rihe5RIz6XGc
al-barsha,medium,ChIJQ7UJcfttXz4RoBTDuI2qAvs
al-barsha,medium,ChIJuVb7JFZvXz4R4i2GWXDiSyo
al-barsha,medium,ChIJ2-ovMplvXz4RyX4r_oQ7ycA
al-barsha,medium,ChIJhR7xgQ9vXz4R_DHNyab7d0E
al-barsha,medium,ChIJV1t8T_FvXz4RQxzTeykQ-64
al-barsha,medium,ChIJ4zlwjihvXz4RgRVZyYd1gic
al-barsha,medium,ChIJxYEDqrtvXz4ROdRxDwW98lE
al-barsha,medium,ChIJuRItV1pvXz4RDyikHbCwXtE
al-barsha,medium,ChIJj5yMIXJuXz4RRDbWKMTCPu0
al-barsha,medium,ChIJ_3cd8NtvXz4RdhT5_M0FRoI
al-barsha,medium,ChIJiZEgcYnacoERdctf7dzpZWY
al-barsha,medium,ChIJccLd2X9vXz4Rei7lzTt5N78
al-barsha,medium,ChIJ3aP6j7hvXz4Rf8nb_6qElnI
al-barsha,medium,ChIJ6zPLjxZvXz4RBi8Z_6P-kPo
al-barsha,medium,ChIJ0yIYUnFuXz4RxEeQNv2BzdM
al-barsha,medium,ChIJ2bDzTzVuXz4RTJkqKFMgz1Q
al-barsha,medium,ChIJ206iCbZvXz4Rq3Zwg1M9RoY
al-barsha,medium,ChIJV1uf80puXz4Rc52nnaN4zr4
al-barsha,medium,ChIJ4V7lZhBvXz4RgbOwhFmVkKM
al-barsha,medium,ChIJUdN_NbNvXz4Rn-_W_7yLKrc
al-barsha,medium,ChIJWzXPzmNvXz4RJfl6Aix_b74
al-barsha,medium,ChIJMxIuLABvXz4RNsNPqOvXxjw
al-barsha,medium,ChIJ-RIG-T1vXz4RfJS75Xz-zoE
al-barsha,medium,ChIJLfsLPFQTXz4RX_4X2fhzqfU
al-barsha,medium,ChIJDfWiCfltXz4Rusomg1MTsa4
al-barsha,medium,ChIJjXtdokFtXz4RL83O2a0D6ZE
al-barsha,medium,ChIJEQAPcthrXz4R3RTM5SJQyrc
al-barsha,medium,ChIJZzmYK6MTXz4RgF2mPRGbNd0
al-barsha,medium,ChIJm1pVp0BtXz4Rpgo2ztoaZEA
al-barsha,medium,ChIJU_QK2KoUXz4Ru93PuJFIupY
al-barsha,medium,ChIJx5BOfa5sXz4RXNsRSY2lun4
al-barsha,medium,ChIJ5S0k-lNrXz4RQHWm2twWnbM
al-barsha,medium,ChIJWzSmhLNrXz4RHXehJpUg3E0
al-barsha,medium,ChIJ6ZsuhmFtXz4R47TQ90ZHCzE
al-barsha,medium,ChIJpf9cxi1tXz4RbtgU9W1DO4I
al-barsha,medium,ChIJwcoaR6dsXz4RDLheu2Bp538
al-barsha,medium,ChIJzXuUo5tsXz4RzzSoaPXEn5c
al-barsha,medium,ChIJOwhDoWFDXz4RmQU9ldvvwWY
al-barsha,medium,ChIJM-KxW6FsXz4RjrMlJoqqJWM
al-barsha,medium,ChIJ5f2XdotDXz4RMj_NhIGHozU
al-barsha,medium,ChIJA6g3FNFtXz4Rt4V5ajzhvlk
al-barsha,medium,ChIJ_aEXB79sXz4RnviPOYGaj2E
al-barsha,medium,ChIJVVVA7JhsXz4RpDbMLQunIKU
al-barsha,medium,ChIJn2iIevJrXz4RX00nr_Slasg
al-barsha,medium,ChIJPycKFHltXz4RUZ1LzXwyJAg
al-barsha,medium,ChIJ67goKABtXz4RXHhw0ECjnFw
al-barsha,medium,ChIJvcTyx0NtXz4Rac1Gnsk9Jzc
al-barsha,medium,ChIJO96ntmJtXz4RR1nUd6qXzIo
al-barsha,medium,ChIJa17sR5ZtXz4RMNhHiMM0Zsw
al-barsha,medium,ChIJi3fzHnRxXz4R9CwkfSdz09k
al-barsha,medium,ChIJbQepX4NtXz4R8Xcv4BeD8mg
al-barsha,medium,ChIJK2kMNQttXz4RSwr6ashIbvw
al-barsha,medium,ChIJCSbQ9uNtXz4Rd7PasTLpvzw
al-barsha,medium,ChIJrz3XvhptXz4R4wDdcB9IE_Y
al-barsha,medium,ChIJX3PyIE1tXz4R51483ZNsyx4
al-barsha,medium,ChIJv8jrgpttXz4RsVuFSw-cgIo
al-barsha,medium,ChIJyR0D6zZsXz4RHT0ZIk1MVKs
al-barsha,medium,ChIJtQVHyThvXz4Rlt7agELQepk
al-barsha,medium,ChIJtS1tnJ9rXz4RHzfSa65XG7w
al-barsha,medium,ChIJey-AeARvXz4RYT4o2ICbfkQ
al-barsha,medium,ChIJgzFdhEVvXz4RfFUxi7RUxzQ
al-barsha,medium,ChIJ45xjV7dvXz4Rs6aRKTp46Bg
al-barsha,medium,ChIJH7f3XthvXz4R88x3K_nW814
al-barsha,medium,ChIJTV_hyeZtXz4Rju47jz_CRK0
al-barsha,medium,ChIJUT9-0hZvXz4RZw7yu7JXlZo
al-barsha,medium,ChIJO55c5TlvXz4RnSwQJqkRQ2Y
al-barsha,medium,ChIJUVdlILJvXz4Rkgl6CUtm4hk
al-barsha,medium,ChIJfX-wmphvXz4R2FjbEsZ9zjo
al-barsha,medium,ChIJZUUZelhvXz4R03pu6KUwLDk
al-barsha,medium,ChIJJ6SgNf9nXz4Rbi-MxPKgNX0
al-barsha,medium,ChIJf1uHVF1vXz4R_PgvE_iDdeg
al-barsha,medium,ChIJG_lBnh5vXz4RFf-fzpViDVU
al-barsha,medium,ChIJ_ytLU8hvXz4RZhKQkKfJiSk
al-barsha,medium,ChIJZwNBTwVvXz4RdP-Y_XSAFAc
al-barsha,medium,ChIJ-VZVpCRvXz4R9geUkFI53TA
al-barsha,medium,ChIJ__8_94puXz4RRr6WQ2wLdBU
al-barsha,medium,ChIJXbX5Y0ZvXz4R-DgfAQPgZkM
al-barsha,medium,ChIJ51gyj4puXz4R4MBu-EV-Hqs
al-barsha,medium,ChIJPdYXxPtvXz4RlLjDjn0h96c
al-barsha,medium,ChIJb1rjB8RvXz4RoHKEfoR_gA8
al-barsha,medium,ChIJO6eueq4EDowR5Y39_qFmCK0
al-barsha,medium,ChIJPbP38DJlXz4RfTGiZ3W_Fzs
al-barsha,medium,ChIJv_FEbKdsXz4RS0OpAt_a7WA
al-barsha,medium,ChIJkVpdJetrXz4R2v9qP9A2AYg
al-barsha,medium,ChIJzbQmWi5rXz4RDRz-3XIcbaY
al-barsha,medium,ChIJY5xG-adrXz4RRGRjUX6IX44
al-barsha,medium,ChIJt61bfPRrXz4R--uyPFsQffQ
al-barsha,medium,ChIJu-rs299rXz4Rf6H8NIgAEvg
al-barsha,medium,ChIJz4GoXLxrXz4RS4Hp4z4ZOPI
al-barsha,medium,ChIJYczZwaNDXz4RVUkLBjBhJ2I
al-barsha,medium,ChIJMeSaCWVrXz4RveubZkApFLk
al-barsha,medium,ChIJn0hk6OVrXz4RlDHlwMNraBc
al-barsha,medium,ChIJVaa5b91rXz4R49LpEhPbiJ0
al-barsha,medium,ChIJp6EpTHprXz4RGABjzaVtGq8
al-barsha,medium,ChIJB1eybbhrXz4RfNr5DkIOkvQ
al-barsha,medium,ChIJpfLIdP1rXz4R_R7xnlyKBJk
al-barsha,medium,ChIJ0-w-wVxrXz4RYc37MlYKCbE
al-barsha,medium,ChIJH5dUcoFrXz4RWOBrkjL0Wzw
al-barsha,medium,ChIJXUoCz0ZtXz4Res-r0ofyu3k
al-barsha,medium,ChIJkz0IbwBrXz4RIwqLuYA0bD4
al-barsha,medium,ChIJrxTUycpDXz4R_z1tNuPd2cA
al-barsha,medium,ChIJ2fLyQXlrXz4Rl6K19ZHZSSc
al-barsha,medium,ChIJlWNJ7G1rXz4RjLW-0wzJSt8
al-barsha,medium,ChIJec_eH3VrXz4R7F-kRtcUXaI
al-barsha,medium,ChIJW_vhozhrXz4RmzolAlSh74k
al-barsha,medium,ChIJRbNfwhVrXz4RnpZhckAR_cc
al-barsha,medium,ChIJK8wwz3FrXz4Rw2gJhSlSU2k
al-barsha,medium,ChIJXyZO3NBrXz4RXZf2d5HfGyU
al-barsha,medium,ChIJLfby84FrXz4ReCf-3ArfkN0
al-barsha,medium,ChIJpdwj3YVrXz4RwQq2vbFqc-s
al-barsha,medium,ChIJz2ApzP5tXz4RR1A2SJQhumg
al-barsha,medium,ChIJ9bJ680NrXz4Rj_yWJ0q_eQk
al-barsha,medium,ChIJCYKz2FJrXz4RNGlMQNegMFQ
al-barsha,medium,ChIJtU9-uPRrXz4RN3R6liZ223g
al-barsha,medium,ChIJ9yBJjwhsXz4RdzOzU_uq7DQ
al-barsha,medium,ChIJXaK8uCNrXz4R0aW_t1ImN0Q
al-barsha,medium,ChIJGzGWmElrXz4RvqIF6_LqQJk
al-barsha,medium,ChIJNY4YQIFvXz4RuE3Gy4NpBf4
al-barsha,medium,ChIJKVma2d1vXz4RO3KzvSzSBP4
al-barsha,medium,ChIJPRDTDUdvXz4RB2FprX5HeYg
al-barsha,medium,ChIJQwBJk8NvXz4RkIx_tAQYo4o
al-barsha,medium,ChIJzx81zK9vXz4RHN3UOtKrKi4
al-barsha,medium,ChIJq0UBBuhvXz4RTmeulwgAkCQ
al-barsha,medium,ChIJf6CO9v9vXz4RPz89YP4GQnk
al-barsha,medium,ChIJYeLHIKxDXz4Rb1a_NVBlntY
al-barsha,medium,ChIJ7TiGQZNvXz4RsQBI4VvYsnM
al-barsha,medium,ChIJ94qvnXdvXz4RSyovDe-z77Y
al-barsha,medium,ChIJldzzkhZvXz4RqP58EX3zYQ0
al-barsha,medium,ChIJl13_eyVpXz4RuyD2Mdz4dQ0
al-barsha,medium,ChIJ6yo1xAVDXz4RRB-E6eBv3Uk
al-barsha,medium,ChIJEULr2U1vXz4REyipqD_3eAs
al-barsha,medium,ChIJaXwb3aRrXz4RAzpj7IpzKvg
al-barsha,medium,ChIJD5PwivlrXz4RDU4oUcEBl0U
al-barsha,medium,ChIJVyfUzl9rXz4RCK9R7pn1vis
al-barsha,medium,ChIJs_eK9yxrXz4RzOBm4aMC_HU
al-barsha,medium,ChIJAfkYH_xrXz4R9NtW4vGoDL4
al-barsha,medium,ChIJFf99ixxrXz4Rnip_Ns4PpBg
al-barsha,medium,ChIJtY3W8CBrXz4R2LE5GFldpVc
al-barsha,medium,ChIJe63--TBrXz4R4NKODsQUYmc
al-barsha,medium,ChIJwVknQB1rXz4RUmMkorXxZaI
al-barsha,medium,ChIJLeWVEQBrXz4RNvbgOR-dD_0
al-barsha,medium,ChIJxVg52EdrXz4RQnkKjDeWGew
al-barsha,medium,ChIJb6ujzs5rXz4RQ_2sNmN5WRU
al-barsha,medium,ChIJ49Z7XVdrXz4RoIv7siBSqEw
al-barsha,medium,ChIJ8f8nFj1rXz4RVvHyg7cmvLI
al-barsha,medium,ChIJS4uv1PZrXz4RrxyMoF1U0ko
al-barsha,medium,ChIJS5XPi3prXz4Rei1aMIOC6ng
al-barsha,medium,ChIJ11il0yeQMioRcY99sg7ykZs
al-barsha,medium,ChIJU3XoVANrXz4RU30Ih_o90Q0
al-barsha,medium,ChIJxWdj6MNrXz4RbL2IH8EYfFo
al-barsha,medium,ChIJsz4djPdrXz4R1-Rt0aWmHKw
al-barsha,medium,ChIJnTV05xRrXz4Rk_ymTk8TL_Q
al-barsha,medium,ChIJD4bp5lRrXz4RbSHxZ-kIxYM
al-barsha,medium,ChIJnVgaLwBrXz4RhpUHa5ytUHE
al-barsha,medium,ChIJr2VKFixrXz4RiQgP2XD3vw0
al-barsha,medium,ChIJRxWUdgBrXz4Rv7hVj9UWcXA
al-barsha,medium,ChIJD1ePLKdrXz4R4ff-YEShxvs
al-barsha,medium,ChIJZzQyyVFqXz4RIHidgDF01FA
al-barsha,medium,ChIJIWujKHtrXz4RE-7llgiR4N0
al-barsha,medium,ChIJ_YpjhmJrXz4RD-SdWVqhWCA
al-barsha,medium,ChIJrR3Ef9prXz4RPa9jzsXsgzE
al-barsha,medium,ChIJ7xuNn8FrXz4RB3dSnDLcPIg
al-barsha,medium,ChIJQ44YqBNrXz4RR_DLtbYjO_Y
al-barsha,medium,ChIJmXmD0yhrXz4RZLjcBRXnJ6o
al-barsha,medium,ChIJbVx-iq1rXz4R5wi7QFRwMCA
al-barsha,medium,ChIJZQxNp4BrXz4RGG36xMjuoJI
al-barsha,medium,ChIJSTj_IsZrXz4RjkgnU6ZMk2A
al-barsha,medium,ChIJ3R8VfyBrXz4RzQB2VOn8F8w
al-barsha,medium,ChIJDSh_I65rXz4RxfTrHI_J8b4
al-barsha,medium,ChIJOw_2bhNrXz4R6El-vfiOYp8
al-barsha,medium,ChIJa4CFpv1rXz4Rb8J-J6i-ArI
al-barsha,medium,ChIJ7SYyfihrXz4RXLClE0wn5Fs
al-barsha,medium,ChIJAc2mBNVrXz4R4eKQ2a-yvLA
al-barsha,medium,ChIJqwq2NVFpXz4RMjx88Nz2EaU
al-barsha,medium,ChIJK1hHUcRrXz4RXEJ4FE4pJN4
al-barsha,medium,ChIJI296UTRpXz4RMRbdqPYaXJ8
al-barsha,medium,ChIJvYtMcgBpXz4RderZ6nPPbws
al-barsha,medium,ChIJJbUDMXxpXz4RxDAEmJ-kHIU
al-barsha,medium,ChIJhbXVqRtpXz4RFkKE772AO8Q
al-barsha,medium,ChIJGQHuH9tpXz4RCdhOYe4zaVQ
al-barsha,medium,ChIJD7jeX01vXz4RVRMCBIiPawE
al-barsha,medium,ChIJbev-qwNpXz4R92w3l3EeDN0
al-barsha,medium,ChIJc2Txbq5pXz4RRlzAkygTmhg
al-barsha,medium,ChIJb3hmvhhpXz4RgFy4CfzNLoE
al-barsha,medium,ChIJWVOdSRVpXz4RuVCIucyY-as
al-barsha,medium,ChIJNRSSi0xqXz4RK6puzEPZpA4
al-barsha,medium,ChIJMciDnXRrXz4RTN8ha8OmReA
al-barsha,medium,ChIJQWUxURlrXz4Rw8PsX6p1y-A
al-barsha,medium,ChIJz6C6gOJpXz4Rbu0J8dO7ajk
al-barsha,medium,ChIJGcXffoxrXz4RXktJR3_duiw
al-barsha,medium,ChIJuVtFGABrXz4RzzgtNI1g-_s
al-barsha,medium,ChIJP6910blrXz4RDBrB-jf74Zg
al-barsha,medium,ChIJoXaB0r9rXz4ROgb7NzM9Hh4
al-barsha,medium,ChIJF4k5d_hrXz4R0EjhASdjQu4
al-barsha,medium,ChIJgadI4RtrXz4R8BEcIUEHX9E
al-barsha,medium,ChIJrwHLMpBDXz4RG-p5G02RNLg
al-barsha,medium,ChIJ_zUVh5NpXz4RqddTRQjn7EM
al-barsha,medium,ChIJwVS4G5NrXz4RKW68ddfWAVQ
al-barsha,medium,ChIJNZV-h0ppXz4RX1x_21do2ts
al-barsha,medium,ChIJi0XhEeFrXz4Rt4tw37GjwWk
al-barsha,medium,ChIJ5zK5CZVDXz4RVnD8Fm9pVk4
al-barsha,medium,ChIJY0phdN1rXz4REnOYlJUocFA
al-barsha,medium,ChIJmwSByiZqXz4R71zuNrtpdQQ
al-barsha,medium,ChIJR0do5TZqXz4RF7ibiW3Pcr8
al-barsha,medium,ChIJAf6vLtZpXz4R5apQG1K1RzI
al-barsha,medium,ChIJN6beLyZrXz4RyeVXHz4c7Ck
al-barsha,medium,ChIJB3ibexBpXz4RWUiiiIhfd3E
al-barsha,medium,ChIJ4wIIjUBqXz4RMpLJ4g4MDKk
al-barsha,medium,ChIJgXm1JUBrXz4RytE-OTZQYvM
al-barsha,medium,ChIJBW8b_L5rXz4ROct4NjxpLmY
al-barsha,medium,ChIJB_vhFk9rXz4R-nmqKBxTRKY
al-barsha,medium,ChIJ8-2cniRqXz4RxP4N5tsMRIs
al-barsha,medium,ChIJ-x2G8eFrXz4RTbYOYqcjbzw
al-barsha,medium,ChIJt7gZNidrXz4RhTQkfNNsyhQ
al-barsha,medium,ChIJZxi8datrXz4RHIphRY2kC0w
al-barsha,medium,ChIJW2LRvOFpXz4R9PtTPVun_dM
al-barsha,medium,ChIJ06d9E-BpXz4R1NMNghcBTMs
al-barsha,medium,ChIJ5T7zUJtpXz4RKjmYJalkRLE
al-barsha,medium,ChIJ-9qNpUxpXz4R8LBiFZRzURk
al-barsha,medium,ChIJMbEyjAxpXz4REHnzrDi162k
al-barsha,medium,ChIJzckmtpRpXz4Ryjt_12Z3QsA
al-barsha,medium,ChIJccJ83etpXz4R2crhhTWvWUM
al-barsha,medium,ChIJVew1lrdpXz4RMXwmYrWcwbI
al-barsha,medium,ChIJF6qiTdZpXz4RC91u2RSbWo4
al-barsha,medium,ChIJJTOjShRpXz4Rz89x3PV_ClA
al-barsha,medium,ChIJ01kQZkVpXz4RuWinByM2B94
al-barsha,medium,ChIJPyCPNnBrXz4RnvTY2E0sr0U
al-barsha,medium,ChIJPVos8UhpXz4RJOi12LXUmMg
al-barsha,medium,ChIJIwLD1L1vXz4RIO8T1NHJUxA
al-barsha,medium,ChIJg-5VBQBpXz4RlWgmAoyu3Uo
al-barsha,medium,ChIJnUQzSQBpXz4RVjwEb294ia8
al-barsha,medium,ChIJNyDuH3VpXz4RzBl3M_1dpdI
al-barsha,medium,ChIJKfGJ-9lpXz4R_aJd2kNBjnA
al-barsha,medium,ChIJvY8VYoFpXz4R3WZqLQyUOYo
al-barsha,medium,ChIJu8zvAndpXz4RTqEb041058E
al-barsha,medium,ChIJL1pAXxlpXz4REYAGY2DQ7oE
al-barsha,medium,ChIJ7XW19Bz0uw8RACWkZpqJL1s
al-barsha,medium,ChIJo9BeWK1pXz4R2PtK_CJ-H3U
al-barsha,medium,ChIJf5kyjC5pXz4R56eq5RQat2Q
al-barsha,medium,ChIJddXIf85rXz4RaLcWJAcido0
al-barsha,medium,ChIJ1SgeOZJDXz4ROaObLUh_Aec
al-barsha,medium,ChIJGcBVQRpDXz4RUPrFktjufz0
al-barsha,medium,ChIJo1Ydk0BqXz4R8slljwdDzrs
al-barsha,medium,ChIJcTDxWJtrXz4ROFwZqnTaIvM
al-barsha,medium,ChIJma5AbM9rXz4Ri9f410RNpw4
al-barsha,medium,ChIJF9jrFCRrXz4R60mSuWNNu0c
al-barsha,medium,ChIJRd6p1fNrXz4Rb_vndkRnyO0
al-barsha,medium,ChIJp-9jLxFqXz4RBz0pOnf356k
al-barsha,medium,ChIJi6kBHCJqXz4R1LSoBgFHpC4
al-barsha,medium,ChIJmbQT5Q9pXz4RTcITLViIWjM
al-barsha,medium,ChIJ0Y0DQ-1DXz4RCSA0T_vf9P8
al-barsha,medium,ChIJhaG4jh5pXz4RRgJr20PuSWo
al-barsha,medium,ChIJP51lMQVqXz4RD6HqPxzgfo8
al-barsha,medium,ChIJqWuPhpFrXz4RxunMP9bef2I
al-barsha,medium,ChIJ6SoDggRqXz4R7BAvkaFzkRk
al-barsha,medium,ChIJ905RFkNpXz4R5ABvz9GUTwo
al-barsha,medium,ChIJ_6O7ZhgsmEMRDRb3so4R4O0
al-barsha,medium,ChIJHbEf4F65eiURxBnD7-heiBg
al-barsha,medium,ChIJcUON1vVpXz4R7_DyGfj8ljw
al-barsha,medium,ChIJ2bVGXh1pXz4RAFaCrsWU1R4
al-barsha,medium,ChIJg-gkNrppXz4RNh9RysXlWcg
al-barsha,medium,ChIJQWakM0BpXz4RWiHoZdv1lVA
al-barsha,medium,ChIJF-Ow-SdpXz4R_0n40jRhQNo
al-barsha,medium,ChIJ8QQdkq5pXz4RX3FnLte83Rk
al-barsha,medium,ChIJmRKa_5hpXz4R_9Hpp02ls90
al-barsha,medium,ChIJ82MttINpXz4RmdheptphCSQ
al-barsha,medium,ChIJfxKczKBpXz4R5_eQ3rHhTp0
al-barsha,medium,ChIJY99J8J1pXz4R6vYZRRjwm2E
al-barsha,medium,ChIJpXfDnTUnRggRqNJ7dLJVWXE
al-barsha,medium,ChIJWd2MolBpXz4RMaI1wxGdL74
al-barsha,medium,ChIJpWQUEjJoXz4RlI6OwXS5va8
al-barsha,medium,ChIJC635ED9pXz4Rzy7DksENhsE
al-barsha,medium,ChIJx9yRrY5pXz4RVwMdh-0rbIk
al-barsha,medium,ChIJ9fiqSGFpXz4RzQVfvnoD0eM
al-barsha,medium,ChIJMciJj51pXz4RBhHoFazX-mw
al-barsha,medium,ChIJuQSymgdpXz4RQMKEUEuNCvc
al-barsha,medium,ChIJSYDoMPRpXz4RO37A4YnIg_c
al-barsha,medium,ChIJpcG8VL9pXz4Rx8R4UD6Qjyg
al-barsha,medium,ChIJL5Vn-WZpXz4R84H3ZwDMXNQ
al-barsha,medium,ChIJNYpoaktpXz4RvWyXhptbmGA
al-barsha,medium,ChIJMaXbMwBpXz4Rfy9Nu7-IpLc
al-barsha,medium,ChIJh_lp3yBpXz4R5i25x2_o-Pw
al-barsha,medium,ChIJ55fnfRldXz4Rhugo9GcCMRg
al-barsha,medium,ChIJDa8wWtNpXz4RpPMYhiW0Cvc
al-barsha,medium,ChIJ2-cSD2ppXz4RgieAyPBDatg
al-barsha,medium,ChIJQVQek59rXz4RAG7c_F1lfF4
al-barsha,medium,ChIJwQZOJ_V7Xz4R-GbG3nOBR9s
al-barsha,medium,ChIJ2bmyEMZrXz4R_OLIvz40tDI
al-barsha,medium,ChIJcYYO9NJpXz4R5ayXhS1-h08
al-barsha,medium,ChIJj8yR8RppXz4Ro1SLfUtxPZk
al-barsha,medium,ChIJLQrX-sJpXz4ROS8lWWkR62g
al-barsha,medium,ChIJ8cF-LmhpXz4Rqqda-d055es
al-barsha,medium,ChIJ6RREWe1pXz4RX7j2D37MuOo
al-barsha,medium,ChIJFZjcVgBpXz4R6Md6mHK7nG4
al-barsha,medium,ChIJj9Mr4JBDXz4Rv6KTbCsoszY
al-barsha,medium,ChIJHVXH-_ZpXz4R-yZ5Da8l_fI
al-barsha,medium,ChIJTZQd4v9pXz4RUFUMrWEyff0
al-barsha,medium,ChIJxyO0XT1DXz4R7VZlMXG-I_c
al-barsha,medium,ChIJhdA3WABDXz4Rj6MPltJF_nY
al-barsha,medium,ChIJ64YtRDJDXz4R7mFPuC4lgB0
al-barsha,medium,ChIJO_iqMetCXz4R0JHA1kRnG6s
al-barsha,medium,ChIJI1r4IP1CXz4RcTn5yOX5MXg
al-barsha,medium,ChIJ0UD1bJRDXz4R6WaTdVoYRZ8
al-barsha,medium,ChIJre3cwVhrXz4Ryya3lYa7Slk
al-barsha,medium,ChIJi_f1ZQFqXz4ReNLWfJ6MFEE
al-barsha,medium,ChIJQYuPrm1DXz4RnfOXvLVDXb0
al-barsha,medium,ChIJB1KUASZDXz4Rjn8jkMaI0QA
al-barsha,medium,ChIJj7jMk9dpXz4RpgWmZysF8Mk
al-barsha,medium,ChIJIfaNTpJpXz4Rf2hAPr4ITJY
al-barsha,medium,ChIJjTTlILtpXz4R9D--AtcxpyI
al-barsha,medium,ChIJ8YM0cOlpXz4RAmBHRrU5TVg
al-barsha,medium,ChIJCQB88-JpXz4RU_pzq5Fp4JA
al-barsha,medium,ChIJR4QYtRZCXz4Rrj6Pg9cUZ3Y
al-barsha,medium,ChIJ90ydelZDXz4RQc9i3swo3eU
al-barsha,medium,ChIJO_6URRppXz4Rp3WvCoOj6zg
al-barsha,medium,ChIJfdpFo1FpXz4R4AsBNpmPgYg
al-barsha,medium,ChIJQaw2fwtCXz4Rnvy3bF4gae4
al-barsha,medium,ChIJB_1pvVdpXz4Rv1nTixHTcJY
al-barsha,medium,ChIJdWPzvGhDXz4Rb-ODwtXveo4
al-barsha,medium,ChIJj4ruxS5DXz4Rnwa0xss7RRc
al-barsha,medium,ChIJk7BNq4JpXz4R32UzidiqOF8
al-barsha,medium,ChIJ00cEbsBpXz4RP7zwiBHcMCY
al-barsha,medium,ChIJlcpfSXxCXz4RSCAq5R26n3c
al-barsha,medium,ChIJ74TuJThpXz4R0grQUFgC4YU
al-barsha,medium,ChIJU9tRFZBpXz4RCtjRVR5Mbrs
al-barsha,medium,ChIJ7ddNpqppXz4RUcsINlXKdig
al-barsha,medium,ChIJx0WdTdtpXz4R-rWz9lgwd8I
al-barsha,medium,ChIJC-YJFChoXz4Ru7vsBmyQHMg
al-barsha,medium,ChIJA0TF43hpXz4R1xS9rpItnnM
al-barsha,medium,ChIJe6f_Kp1pXz4R4Hlh1KIojoc
al-barsha,medium,ChIJcdNVXdhpXz4RholO2M5netU
al-barsha,medium,ChIJ25If95RpXz4Rf__xdh5OTXg
al-barsha,medium,ChIJI4elhJxpXz4RxxBRnNA489w
al-barsha,medium,ChIJh1suPOdpXz4RSxCY97bhkNM
al-barsha,medium,ChIJPSv6UmVpXz4RD8D6scSDhmI
al-barsha,medium,ChIJM5UAbTlpXz4RTzNOf_SieYE
al-barsha,medium,ChIJqeQKEosVuywRK5aPS93zj48
al-barsha,medium,ChIJl_V8WalpXz4RXKaTB_V_y2U
al-barsha,medium,ChIJy64j2UxpXz4RbA3zoorvT8M
al-barsha,medium,ChIJJ2j7HCVpXz4RCuSqWS9uCWA
al-barsha,medium,ChIJjdvGXWj8rUwRPZW9_g5XC3E
al-barsha,medium,ChIJgUaLe9tDXz4Rn5r_LHtoGZQ
al-barsha,medium,ChIJSVZc4NFpXz4RcxNHrgH5Cew
al-barsha,medium,ChIJQ1Qz_sFpXz4R10KhyIosOfE
al-barsha,medium,ChIJn8ZZQ_lpXz4RY4Eyx61aJfk
al-barsha,medium,ChIJPw22BMZnXz4R9f0kWfaMBcg
al-barsha,medium,ChIJYYU_KS1DXz4RdcjCg_AwXeE
al-barsha,medium,ChIJsx8-I0FCXz4RkF31mTk1790
al-barsha,medium,ChIJ__-vrIlCXz4RU6n0DOZPvK0
al-barsha,medium,ChIJiTDAc45CXz4R1sFRBmmcgdg
al-barsha,medium,ChIJaTs5JpZDXz4RWVY_icT2GvA
al-barsha,medium,ChIJA5NM7-1CXz4Rx5rqB7fcZuE
al-barsha,medium,ChIJg_bFekddXz4REnOm468lyLk
al-barsha,medium,ChIJgdmN5AldXz4RrUS80Bn7Itc
al-barsha,medium,ChIJCy_EPG9tXz4R80PflAhihV8
al-barsha,medium,ChIJwaaXuTNtXz4RjEA_RaTUJhg
al-barsha,medium,ChIJs_iAc6BtXz4RnAvJoL57H18
al-barsha,medium,ChIJSRBRezxrXz4R8HJR0L4_WXY
al-barsha,medium,ChIJFaPiRZhtXz4RzXH5e8LrOEo
al-barsha,medium,ChIJU9ssk9BtXz4R1W0SPxKuVwQ
al-barsha,medium,ChIJrTQwIZttXz4RQ18tPmUFlbg
al-barsha,medium,ChIJ8cfFmiC6f2oRnTWcMfVVOsQ
al-barsha,medium,ChIJuS_s02VtXz4R7Xt1H7EA498
al-barsha,medium,ChIJMWSJVgDzUoURYiOuBKNTleI
al-barsha,medium,ChIJi2h76DhrXz4R-b2FRnFktSE
al-barsha,medium,ChIJL_nVglBrXz4Re74KBLPLBFI
al-barsha,medium,ChIJHcdw6asTXz4R0tYj2ow-BzQ
al-barsha,medium,ChIJf2h746VrXz4RxivFTcunQoQ
al-barsha,medium,ChIJjR8pyCxrXz4RZZIL-wNsLzA
al-barsha,medium,ChIJP22zRXNrXz4RXY4f1HG84PM
al-barsha,medium,ChIJa25nZJxrXz4RuGbDyTFG53E
al-barsha,medium,ChIJJ2j7G-VrXz4R-LXk1GHVhrI
al-barsha,medium,ChIJ-06zQGlCXz4RxoQycX_Se1c
al-barsha,medium,ChIJ141sFWlCXz4Rj2Dw2v03Oo4
al-barsha,medium,ChIJdW0cWHhfXz4RNQheC98DG8o
al-barsha,medium,ChIJpX2T-lxpXz4RjDY730JqBmQ
al-barsha,medium,ChIJGSGo8EtpXz4RWtwP7ziX03Y
al-barsha,medium,ChIJkUyZtuxrXz4RWmh1jznT4GI
al-barsha,medium,ChIJk5O0ns1tXz4RpuLbhCUHm-4
al-barsha,medium,ChIJw8V9XABrXz4RvZrjKdUiFxA
al-barsha,medium,ChIJjZKyiOFvXz4RthD5WyFx86A
al-barsha,medium,ChIJ73kkjwprXz4RPQf7k34mCrM
al-barsha,medium,ChIJ9eFOZPoTXz4RWJdd9j75_Ww
al-barsha,medium,ChIJibSOk3ATXz4Ru9kk0k27QLc
al-barsha,medium,ChIJ0bkI2LtDXz4RvvLcg34Dmwk
al-barsha,medium,ChIJWWmtp5RrXz4RKAOob3bZ8Xs
al-barsha,medium,ChIJr5cq53FtXz4Rgck5mrpdndU
al-barsha,medium,ChIJm4JrEiprXz4RRCbXT6RD-Cs
al-barsha,medium,ChIJw2SgmU5pXz4Rfz58NkfTqSU
al-barsha,medium,ChIJGVuPdplpXz4RL9_-8NUgIVA
al-barsha,medium,ChIJo3q5flMTXz4RlPYpV6U5_Bs
al-barsha,medium,ChIJGWfxwXZrXz4RaDExsAf_1VQ
al-barsha,medium,ChIJ3Z_dNr1rXz4RM-IIH0gIP5s
al-barsha,medium,ChIJv9rfIaBpXz4RlVqMpulSc-w
al-barsha,medium,ChIJxWcdeHFrXz4RSS5cDxk3Ipk
al-barsha,medium,ChIJCTJbKcBrXz4ROxdrt_AN3HU
al-barsha,medium,ChIJmRqgKs5tXz4ROaLUO5o3xrE
al-barsha,medium,ChIJgcnc3-RDXz4R7cWCOIC2Y9Q
al-barsha,medium,ChIJPaLZE61sXz4RbhYuDkxDmfo
al-barsha,medium,ChIJa3nmeU5rXz4RUnQeGiTE-20
al-barsha,medium,ChIJHa7EkXBrXz4R9zC6WIolZhw
al-barsha,medium,ChIJ3dMkZ51rXz4RbblnFNSf_GM
al-barsha,medium,ChIJmwaCxdlrXz4RPPmVoL5YHys
al-barsha,medium,ChIJT1Hj18NpXz4ROKPmlp3fPqI
al-barsha,medium,ChIJHwO0dwBpXz4RM5-hbuPJfew
al-barsha,medium,ChIJOaAvx2tDXz4RNo_FZjkZ1W0
al-barsha,medium,ChIJl2VXm15pXz4RRORHRQfgAZU
al-barsha,medium,ChIJiXcYek5rXz4R2iwZ70XCrYA
al-barsha,medium,ChIJcXCcMHhrXz4RIE7nzeaM8KM
al-barsha,medium,ChIJSxQmTzBpXz4RfvSmWsvy1wQ
al-barsha,medium,ChIJ43MrMgVpXz4RGP6bYu8gaXQ
al-barsha,medium,ChIJwSx5FthvXz4RmtHASAsN-fs
al-barsha,medium,ChIJnUpu9MZpXz4R4jTWAjnQEW0
al-barsha,medium,ChIJF1wJzmlrXz4RZrgGIfIS2EA
al-barsha,medium,ChIJ1VFR4cVrXz4RKt_2S2nZOXY
al-barsha,medium,ChIJ4032HgBDXz4RJrXjEABBKuI
al-barsha,medium,ChIJ2Tvo4C5oXz4Rd-Ojr80KO2g
al-barsha,medium,ChIJESSte7JrXz4RwuVSlRhyVu0
al-barsha,medium,ChIJIfW1ZF1pXz4Rzv60ZNi17yw
al-barsha,medium,ChIJD_VnCxtpXz4Rmdp00bGDF48
al-barsha,medium,ChIJ_bSHEy5tXz4Rx6pzU9p40IU
al-barsha,medium,ChIJnXETLo9pXz4RJ14BPaC1JNk
al-barsha,medium,ChIJyXFULOlpXz4Rr24af9L_HYY
al-barsha,medium,ChIJp49fVuhrXz4RetghndQh8Lk
al-barsha,medium,ChIJyTrWHnprXz4Rto8FGnV5ZPY
al-barsha,medium,ChIJka-2aL1rXz4Ru4lK6zytvrQ
al-barsha,medium,ChIJs909jE5pXz4RtKSpN4vHHUI
al-barsha,medium,ChIJix4s2Y5rXz4RSoYML3j8MT4
al-barsha,medium,ChIJhasAvIZvXz4R81gKxwIcsIw
al-barsha,medium,ChIJmXOXV9drXz4RzJ06x8lorjg
al-barsha,medium,ChIJndz_sdJrXz4RnLd0xbg03go
al-barsha,medium,ChIJCz-6WSZrXz4R5cgJFTDmh9k
al-barsha,medium,ChIJc5PkVpRpXz4Rq_2Cbs_CmJI
al-barsha,medium,ChIJgUEYTPlrXz4RyElaEd8a3gc
al-barsha,medium,ChIJg1-LDFhtXz4R-tPU9bdlyT8
al-barsha,medium,ChIJVyXWg1JvXz4R9KoUis_6TT4
al-barsha,medium,ChIJVVWVQHdrXz4RPyGhBUN7i8g
al-barsha,medium,ChIJFxrEMPhSiiQRRkTNEUkUeQw
al-barsha,medium,ChIJi1-YOO8TXz4RhdAD7OyN-Ec
al-barsha,medium,ChIJc-HKfQBtXz4R0-f1OQ-CH-U
al-barsha,medium,ChIJRw2SMABtXz4RCzlw8YvdDLE
al-barsha,medium,ChIJ603DYu9vXz4RhEUkV03iHNI
al-barsha,medium,ChIJwfH3M1JCXz4RXNFepB9FH5k
al-barsha,medium,ChIJcwjt1udtXz4Rs0ripEKHkKw
al-barsha,medium,ChIJWz3DmjltXz4R2EWn06BCDRM
al-barsha,medium,ChIJ9c8YPZddXz4RApj9Pns_1vg
al-barsha,medium,ChIJycbpu34TXz4RFUI9UzN9iQQ
al-barsha,medium,ChIJLxiFomptr4kRaWFjTp0jPPs
al-barsha,medium,ChIJ89MxA45rXz4RQsLKOxKv22E
al-barsha,high,ChIJ0xJNJSZzXz4RQ846shrt3Lc
al-barsha,high,ChIJPbvAVd5zXz4RX_2kt3PSfPo
al-barsha,high,ChIJQYcVZIkNXz4RYFxLHJjbGfA
al-barsha,high,ChIJf44m4B5zXz4RDc9u3CqRczM
al-barsha,high,ChIJ-TPt1QpzXz4R27dKO5NNWTw
al-barsha,high,ChIJk0IQhIJzXz4RAMT7QM01P7E
al-barsha,high,ChIJpfOXeGxzXz4RLzWKQdVc8XU
al-barsha,high,ChIJF07vlkhzXz4RoG7_c686iYA
al-barsha,high,ChIJZT43DL9yXz4RAvU9OL33nqI
al-barsha,high,ChIJW_OefQNzXz4RNgaqsmbzJtQ
al-barsha,high,ChIJhc9Bu0ByXz4RJ5Lr24SibQU
al-barsha,high,ChIJn-ByaehzXz4RnDNK8jFV_6Q
al-barsha,high,ChIJNyPnSYkYqEIRRlh6aDeAi5Y
al-barsha,high,ChIJB_l2dwpzXz4RVX7CoymUfmA
al-barsha,high,ChIJ_5BrJABzXz4RqCAk1JYmw84
al-barsha,high,ChIJsdl7Z1JzXz4RdCZ5UoeKNGs
al-barsha,high,ChIJvxRNUExyXz4RVZgI_ZDT7j4
al-barsha,high,ChIJGXBybUJyXz4RlUg4ZiGdYgI
al-barsha,high,ChIJjSUEOoUTXz4RidlUibu2gXE
al-barsha,high,ChIJgzcwKgwTXz4R5RVpp0Xuk2U
al-barsha,high,ChIJH4HsYwgTXz4RnFfRp2wIZDU
al-barsha,high,ChIJz_JrbwANXz4RE1yLzAdPxWU
al-barsha,high,ChIJQQ9HfGFtXz4Rcqp-MgnFtYs
al-barsha,high,ChIJFYM39WFtXz4RmuHdt8OHkaU
al-barsha,high,ChIJAQzhvRZzXz4R7LB3xAxA2R8
al-barsha,high,ChIJRd0oCmttXz4RgljcoxztV-w
al-barsha,high,ChIJlZnuSCptXz4RkPej8K7FhgA
al-barsha,high,ChIJPUzATcttXz4RYU9GiywYy48
al-barsha,high,ChIJvTZLAiMTXz4R3H3zDnNdHxA
al-barsha,high,ChIJUVp9dgBtXz4RvJE993SwGYA
al-barsha,high,ChIJnayY5GBtXz4RKym4qjw4Z94
al-barsha,high,ChIJy1JfMEtzXz4RsZMQzfZFpy0
al-barsha,high,ChIJU6qE5mpbXz4Rd2R_DW1mf34
al-barsha,high,ChIJAeeQOIRyXz4RirpCKt2YzMI
al-barsha,high,ChIJVY3jmoRyXz4RNXucNW735AA
al-barsha,high,ChIJ2YzCa_tzXz4R99BFw5m7-Cg
al-barsha,high,ChIJSwsA8-xtXz4R-hn-0S1Da6s
al-barsha,high,ChIJdYZ52odyXz4R2F8T3JPful4
al-barsha,high,ChIJU9L0HABzXz4RZeyesg08rMo
al-barsha,high,ChIJ5ze4b0BzXz4RJUuytcUYezY
al-barsha,high,ChIJK3t17zxzXz4RVfrpbqsjF6k
al-barsha,high,ChIJDQwaOcBxXz4RiKiPNrhC0B8
al-barsha,high,ChIJnbgZ0DZxXz4RcCgUSnMXktA
al-barsha,high,ChIJU5t7lGdxXz4R-OGTPyptdMY
al-barsha,high,ChIJCfaagUpxXz4RuMGUUNAzDM0
al-barsha,high,ChIJdSesLxpxXz4RM1bACiVK1zU
al-barsha,high,ChIJ6SbmmzJlXz4RIFQWZ0cCUh8
al-barsha,high,ChIJASaS2CRxXz4R8csNCKEtw04
al-barsha,high,ChIJadsHdwBxXz4R2nJ-4I76WGI
al-barsha,high,ChIJ9ztEA-FtXz4RAGemqVYec5w
al-barsha,high,ChIJ79opllUTXz4RpHddFZ0jXEo
al-barsha,high,ChIJiZQzQd5tXz4RpZpIxBBEbIc
al-barsha,high,ChIJMzPF6ZZtXz4Rx0s_zlZyioE
al-barsha,high,ChIJW4wwOd9tXz4RyYU_5slz5Lg
al-barsha,high,ChIJvaDnjb1tXz4Rx0XkYIh7BK8
al-barsha,high,ChIJW-0RDINtXz4R-PR22ETHCI4
al-barsha,high,ChIJ0SctRSVtXz4RCZyZRHoRUgU
al-barsha,high,ChIJLfqWekhtXz4R2evgQqknHso
al-barsha,high,ChIJeRSOP0htXz4RAxBfsOZg2VA
al-barsha,high,ChIJvyAnXABtXz4RAPIlDUMQsnk
al-barsha,high,ChIJPWvkYH1tXz4RXf0Zcca1LwE
al-barsha,high,ChIJn_rhhwdtXz4RVxPr2F7oTxA
al-barsha,high,ChIJdzDwuXv3NAoRpv5ZrUa0FHM
al-barsha,high,ChIJxYTfREVtXz4Rs3jUmZCAO9Y
al-barsha,high,ChIJyd4g_pptXz4RkOGnZHR6XVo
al-barsha,high,ChIJL0WozWRtXz4RrIU7_16-yO0
al-barsha,high,ChIJ11Vs8WNtXz4RfNkV0GBBdH8
al-barsha,high,ChIJ1cHNmXZtXz4RTQ4zuuiuoSo
al-barsha,high,ChIJy0WgZQBtXz4R4FvmqLRMmao
al-barsha,high,ChIJwZsVA5xtXz4RU5FQwpuKqAs
al-barsha,high,ChIJLR4ydBRtXz4R4D643joO_Ig
al-barsha,high,ChIJH6BhdmttXz4R6qFnHkj5XSw
al-barsha,high,ChIJx6Te75NtXz4Rsmj3p0qtE7I
al-barsha,high,ChIJJ423AiGqsAkRciWCRv5Wri4
al-barsha,high,ChIJ3RiWBWdtXz4RMxjFdoI8lM0
al-barsha,high,ChIJ4yiZA4JtXz4RyHOqaHDbi2Q
al-barsha,high,ChIJj1ve_eldXz4RGjEWSq6f9Z0
al-barsha,high,ChIJrwaWdhRtXz4RZdzBgyHtIaw
al-barsha,high,ChIJE9U6SqhtXz4RieMmZ4jyBLk
al-barsha,high,ChIJHxzurtbByQQRwAWu-oB9X2Y
al-barsha,high,ChIJWbDLOlJtXz4ROrG0ixz94ZA
al-barsha,high,ChIJ8xCzIFBtXz4Rw2fM2k0qHRE
al-barsha,high,ChIJhzOwdARvXz4RvQtECCtDJeU
al-barsha,high,ChIJ8dQJgZBtXz4RFxFYRl20DJY
al-barsha,high,ChIJfTsjowdtXz4RfqaeZosQfGc
al-barsha,high,ChIJTTn1ObxxXz4Rr6xLe3sTJ7M
al-barsha,high,ChIJ04qA-IxxXz4RQJ73k0cbT5Y
al-barsha,high,ChIJM8fdRdVvXz4Renbv4kiHe7k
al-barsha,high,ChIJsQaIhpxxXz4RvkSCjY5xvl0
al-barsha,high,ChIJ09XSVOtxXz4RnkSNm1FGWEk
al-barsha,high,ChIJpbcAKFZxXz4RxSkZ_TAJ69E
al-barsha,high,ChIJE5Ou_LpvXz4ROLr_fRQOwrM
al-barsha,high,ChIJFy58IWNxXz4R7vZRt7pdvL8
al-barsha,high,ChIJB5jPJQBvXz4RNV14eDEZsjI
al-barsha,high,ChIJjToFURFvXz4R6vYsL0ElwE0
al-barsha,high,ChIJwxrt1eVxXz4RBrAvN6_Fk-Q
al-barsha,high,ChIJr0DM93hxXz4RK-gsY2Qx8dw
al-barsha,high,ChIJdyraDPh5Xz4R34aO9wPm56E
al-barsha,high,ChIJa0TN9-VxXz4RxSMbxpXzac0
al-barsha,high,ChIJpauUu-5xXz4RgooM9W3Oa6k
al-barsha,high,ChIJu-seIOhxXz4REDI59Lky-K8
al-barsha,high,ChIJiwe0qHBrXz4RjEMJraSg8cI
al-barsha,high,ChIJX60WmAcTXz4RtBaDubm2ofY
al-barsha,high,ChIJxVt4blkTXz4Rd2u_R0AqBVs
al-barsha,high,ChIJwflAdUUTXz4RiHzn2Z3_AUc
al-barsha,high,ChIJh2140HwTXz4RdZGKPmUiksc
al-barsha,high,ChIJv7ArzDYTXz4Rcbrjg4tuQeE
al-barsha,high,ChIJl5NnLDETXz4RkmOuqobecKE
al-barsha,high,ChIJD-AMzTATXz4RdArMURJdaRk
al-barsha,high,ChIJLZ4RLTcTXz4Rkp_H-CHCd1o
al-barsha,high,ChIJT8sO8IETXz4RvHgp8L42WD4
al-barsha,high,ChIJ-0P7Jf1tXz4Rje7-0YFcM3Q
al-barsha,high,ChIJZR_lhhhtXz4RqarjuJzbGtc
al-barsha,high,ChIJQ20Q4t9sXz4RXdmqnHykV_o
al-barsha,high,ChIJEy4q3t9sXz4RoIIRLAFe1PI
al-barsha,high,ChIJj_pqhGBtXz4RTs4UjuBCKc4
al-barsha,high,ChIJZbBg6ihtXz4RzkyQMCZHSWo
al-barsha,high,ChIJbe5lUn5tXz4R7vU7HpkjHSc
al-barsha,high,ChIJYz5VGJVDXz4Rnm-Fq2l1WjY
al-barsha,high,ChIJCVQWGwBtXz4RraEvUe4A_VY
al-barsha,high,ChIJ3bYQmRJtXz4RfgBW44vVHDw
al-barsha,high,ChIJGVsHtbNtXz4RrOYLqo7Jcuc
al-barsha,high,ChIJ6ZNQrbNtXz4RcJs8XZxFPT4
al-barsha,high,ChIJ2bny5oZtXz4RmHYfIgIp-c0
al-barsha,high,ChIJTc8aR-VsXz4RF5-Volg8EbU
al-barsha,high,ChIJM7-UJbptXz4R3yQ6jeUWHsg
al-barsha,high,ChIJiZsbz5ZtXz4RhAc9F3Y0SMk
al-barsha,high,ChIJq2_GrGBtXz4Rb3uoss5ALuo
al-barsha,high,ChIJbx3zbs1tXz4RYWuD2zQHnBI
al-barsha,high,ChIJN1xMJf9tXz4RLuPTojI9uEo
al-barsha,high,ChIJsXxEXqZtXz4Ro4u9Db1gDuY
al-barsha,high,ChIJsQNsE_9tXz4RtkipklfpFmE
al-barsha,high,ChIJaXRKzyhhXz4Rgco-Kv7KkGw
al-barsha,high,ChIJK-7lVO1tXz4RMr9whME7dJY
al-barsha,high,ChIJBa4VrhZtXz4RBILEucrVUEc
al-barsha,high,ChIJLWXAa5ttXz4R90i2vNMocj8
al-barsha,high,ChIJzynOTXJtXz4R-WtRuvgtE5Y
al-barsha,high,ChIJH32H67ZtXz4R8CNbPtkHgtg
al-barsha,high,ChIJAeX3S6htXz4RprfwZfXyLcY
al-barsha,high,ChIJl2qKJgltXz4ReuBuwKKMYvw
al-barsha,high,ChIJC4J6G2VtXz4R4RsTT8qB6ac
al-barsha,high,ChIJa1InCzVtXz4Rihe5RIz6XGc
al-barsha,high,ChIJQ7UJcfttXz4RoBTDuI2qAvs
al-barsha,high,ChIJuVb7JFZvXz4R4i2GWXDiSyo
al-barsha,high,ChIJ2-ovMplvXz4RyX4r_oQ7ycA
al-barsha,high,ChIJhR7xgQ9vXz4R_DHNyab7d0E
al-barsha,high,ChIJV1t8T_FvXz4RQxzTeykQ-64
al-barsha,high,ChIJ4zlwjihvXz4RgRVZyYd1gic
al-barsha,high,ChIJxYEDqrtvXz4ROdRxDwW98lE
al-barsha,high,ChIJuRItV1pvXz4RDyikHbCwXtE
al-barsha,high,ChIJj5yMIXJuXz4RRDbWKMTCPu0
al-barsha,high,ChIJ_3cd8NtvXz4RdhT5_M0FRoI
al-barsha,high,ChIJiZEgcYnacoERdctf7dzpZWY
al-barsha,high,ChIJccLd2X9vXz4Rei7lzTt5N78
al-barsha,high,ChIJ3aP6j7hvXz4Rf8nb_6qElnI
al-barsha,high,ChIJ6zPLjxZvXz4RBi8Z_6P-kPo
al-barsha,high,ChIJ0yIYUnFuXz4RxEeQNv2BzdM
al-barsha,high,ChIJ2bDzTzVuXz4RTJkqKFMgz1Q
al-barsha,high,ChIJ206iCbZvXz4Rq3Zwg1M9RoY
al-barsha,high,ChIJV1uf80puXz4Rc52nnaN4zr4
al-barsha,high,ChIJ4V7lZhBvXz4RgbOwhFmVkKM
al-barsha,high,ChIJUdN_NbNvXz4Rn-_W_7yLKrc
al-barsha,high,ChIJWzXPzmNvXz4RJfl6Aix_b74
al-barsha,high,ChIJMxIuLABvXz4RNsNPqOvXxjw
al-barsha,high,ChIJ-RIG-T1vXz4RfJS75Xz-zoE
al-barsha,high,ChIJLfsLPFQTXz4RX_4X2fhzqfU
al-barsha,high,ChIJDfWiCfltXz4Rusomg1MTsa4
al-barsha,high,ChIJjXtdokFtXz4RL83O2a0D6ZE
al-barsha,high,ChIJEQAPcthrXz4R3RTM5SJQyrc
al-barsha,high,ChIJZzmYK6MTXz4RgF2mPRGbNd0
al-barsha,high,ChIJm1pVp0BtXz4Rpgo2ztoaZEA
al-barsha,high,ChIJM-19L-cVXz4REIhLIFnnVr8
al-barsha,high,ChIJU_QK2KoUXz4Ru93PuJFIupY
al-barsha,high,ChIJx5BOfa5sXz4RXNsRSY2lun4
al-barsha,high,ChIJ5S0k-lNrXz4RQHWm2twWnbM
al-barsha,high,ChIJhdRRgeVrXz4RuC0c19eOEis
al-barsha,high,ChIJWzSmhLNrXz4RHXehJpUg3E0
al-barsha,high,ChIJPxviM1VrXz4R0KxbSC9YcNc
al-barsha,high,ChIJp991Ws8TXz4RVATWrbaOyC8
al-barsha,high,ChIJ6ZsuhmFtXz4R47TQ90ZHCzE
al-barsha,high,ChIJpf9cxi1tXz4RbtgU9W1DO4I
al-barsha,high,ChIJwcoaR6dsXz4RDLheu2Bp538
al-barsha,high,ChIJzXuUo5tsXz4RzzSoaPXEn5c
al-barsha,high,ChIJOwhDoWFDXz4RmQU9ldvvwWY
al-barsha,high,ChIJM-KxW6FsXz4RjrMlJoqqJWM
al-barsha,high,ChIJ5f2XdotDXz4RMj_NhIGHozU
al-barsha,high,ChIJA6g3FNFtXz4Rt4V5ajzhvlk
al-barsha,high,ChIJ_aEXB79sXz4RnviPOYGaj2E
al-barsha,high,ChIJVVVA7JhsXz4RpDbMLQunIKU
al-barsha,high,ChIJn2iIevJrXz4RX00nr_Slasg
al-barsha,high,ChIJPycKFHltXz4RUZ1LzXwyJAg
al-barsha,high,ChIJ67goKABtXz4RXHhw0ECjnFw
al-barsha,high,ChIJvcTyx0NtXz4Rac1Gnsk9Jzc
al-barsha,high,ChIJO96ntmJtXz4RR1nUd6qXzIo
al-barsha,high,ChIJa17sR5ZtXz4RMNhHiMM0Zsw
al-barsha,high,ChIJi3fzHnRxXz4R9CwkfSdz09k
al-barsha,high,ChIJbQepX4NtXz4R8Xcv4BeD8mg
al-barsha,high,ChIJK2kMNQttXz4RSwr6ashIbvw
al-barsha,high,ChIJCSbQ9uNtXz4Rd7PasTLpvzw
al-barsha,high,ChIJrz3XvhptXz4R4wDdcB9IE_Y
al-barsha,high,ChIJX3PyIE1tXz4R51483ZNsyx4
al-barsha,high,ChIJv8jrgpttXz4RsVuFSw-cgIo
al-barsha,high,ChIJyR0D6zZsXz4RHT0ZIk1MVKs
al-barsha,high,ChIJtQVHyThvXz4Rlt7agELQepk
al-barsha,high,ChIJtS1tnJ9rXz4RHzfSa65XG7w
al-barsha,high,ChIJey-AeARvXz4RYT4o2ICbfkQ
al-barsha,high,ChIJgzFdhEVvXz4RfFUxi7RUxzQ
al-barsha,high,ChIJ45xjV7dvXz4Rs6aRKTp46Bg
al-barsha,high,ChIJH7f3XthvXz4R88x3K_nW814
al-barsha,high,ChIJTV_hyeZtXz4Rju47jz_CRK0
al-barsha,high,ChIJUT9-0hZvXz4RZw7yu7JXlZo
al-barsha,high,ChIJO55c5TlvXz4RnSwQJqkRQ2Y
al-barsha,high,ChIJUVdlILJvXz4Rkgl6CUtm4hk
al-barsha,high,ChIJfX-wmphvXz4R2FjbEsZ9zjo
al-barsha,high,ChIJZUUZelhvXz4R03pu6KUwLDk
al-barsha,high,ChIJJ6SgNf9nXz4Rbi-MxPKgNX0
al-barsha,high,ChIJf1uHVF1vXz4R_PgvE_iDdeg
al-barsha,high,ChIJG_lBnh5vXz4RFf-fzpViDVU
al-barsha,high,ChIJ_ytLU8hvXz4RZhKQkKfJiSk
al-barsha,high,ChIJZwNBTwVvXz4RdP-Y_XSAFAc
al-barsha,high,ChIJ-VZVpCRvXz4R9geUkFI53TA
al-barsha,high,ChIJ__8_94puXz4RRr6WQ2wLdBU
al-barsha,high,ChIJXbX5Y0ZvXz4R-DgfAQPgZkM
al-barsha,high,ChIJ51gyj4puXz4R4MBu-EV-Hqs
al-barsha,high,ChIJPdYXxPtvXz4RlLjDjn0h96c
al-barsha,high,ChIJb1rjB8RvXz4RoHKEfoR_gA8
al-barsha,high,ChIJO6eueq4EDowR5Y39_qFmCK0
al-barsha,high,ChIJPbP38DJlXz4RfTGiZ3W_Fzs
al-barsha,high,ChIJY9MZNvhvXz4RDTstUobCoS4
al-barsha,high,ChIJY2PJKEdlXz4RXvLNfkJEjIA
al-barsha,high,ChIJ9RtwOcplXz4R3ZZlFhxSxlI
al-barsha,high,ChIJPY1rz75lXz4R5BD8ga6RB4Y
al-barsha,high,ChIJIXoYDu0VXz4RQgMgF8eRDvI
al-barsha,high,ChIJzwtZOSQVXz4RIDAOvN9ycHQ
al-barsha,high,ChIJv_FEbKdsXz4RS0OpAt_a7WA
al-barsha,high,ChIJkVpdJetrXz4R2v9qP9A2AYg
al-barsha,high,ChIJzbQmWi5rXz4RDRz-3XIcbaY
al-barsha,high,ChIJY5xG-adrXz4RRGRjUX6IX44
al-barsha,high,ChIJt61bfPRrXz4R--uyPFsQffQ
al-barsha,high,ChIJu-rs299rXz4Rf6H8NIgAEvg
al-barsha,high,ChIJz4GoXLxrXz4RS4Hp4z4ZOPI
al-barsha,high,ChIJYczZwaNDXz4RVUkLBjBhJ2I
al-barsha,high,ChIJMeSaCWVrXz4RveubZkApFLk
al-barsha,high,ChIJn0hk6OVrXz4RlDHlwMNraBc
al-barsha,high,ChIJVaa5b91rXz4R49LpEhPbiJ0
al-barsha,high,ChIJp6EpTHprXz4RGABjzaVtGq8
al-barsha,high,ChIJB1eybbhrXz4RfNr5DkIOkvQ
al-barsha,high,ChIJpfLIdP1rXz4R_R7xnlyKBJk
al-barsha,high,ChIJ0-w-wVxrXz4RYc37MlYKCbE
al-barsha,high,ChIJH5dUcoFrXz4RWOBrkjL0Wzw
al-barsha,high,ChIJXUoCz0ZtXz4Res-r0ofyu3k
al-barsha,high,ChIJkz0IbwBrXz4RIwqLuYA0bD4
al-barsha,high,ChIJrxTUycpDXz4R_z1tNuPd2cA
al-barsha,high,ChIJ2fLyQXlrXz4Rl6K19ZHZSSc
al-barsha,high,ChIJlWNJ7G1rXz4RjLW-0wzJSt8
al-barsha,high,ChIJec_eH3VrXz4R7F-kRtcUXaI
al-barsha,high,ChIJW_vhozhrXz4RmzolAlSh74k
al-barsha,high,ChIJRbNfwhVrXz4RnpZhckAR_cc
al-barsha,high,ChIJK8wwz3FrXz4Rw2gJhSlSU2k
al-barsha,high,ChIJXyZO3NBrXz4RXZf2d5HfGyU
al-barsha,high,ChIJLfby84FrXz4ReCf-3ArfkN0
al-barsha,high,ChIJpdwj3YVrXz4RwQq2vbFqc-s
al-barsha,high,ChIJz2ApzP5tXz4RR1A2SJQhumg
al-barsha,high,ChIJ9bJ680NrXz4Rj_yWJ0q_eQk
al-barsha,high,ChIJCYKz2FJrXz4RNGlMQNegMFQ
al-barsha,high,ChIJtU9-uPRrXz4RN3R6liZ223g
al-barsha,high,ChIJ9yBJjwhsXz4RdzOzU_uq7DQ
al-barsha,high,ChIJXaK8uCNrXz4R0aW_t1ImN0Q
al-barsha,high,ChIJGzGWmElrXz4RvqIF6_LqQJk
al-barsha,high,ChIJNY4YQIFvXz4RuE3Gy4NpBf4
al-barsha,high,ChIJKVma2d1vXz4RO3KzvSzSBP4
al-barsha,high,ChIJPRDTDUdvXz4RB2FprX5HeYg
al-barsha,high,ChIJQwBJk8NvXz4RkIx_tAQYo4o
al-barsha,high,ChIJzx81zK9vXz4RHN3UOtKrKi4
al-barsha,high,ChIJq0UBBuhvXz4RTmeulwgAkCQ
al-barsha,high,ChIJf6CO9v9vXz4RPz89YP4GQnk
al-barsha,high,ChIJYeLHIKxDXz4Rb1a_NVBlntY
al-barsha,high,ChIJ7TiGQZNvXz4RsQBI4VvYsnM
al-barsha,high,ChIJ94qvnXdvXz4RSyovDe-z77Y
al-barsha,high,ChIJldzzkhZvXz4RqP58EX3zYQ0
al-barsha,high,ChIJl13_eyVpXz4RuyD2Mdz4dQ0
al-barsha,high,ChIJ6yo1xAVDXz4RRB-E6eBv3Uk
al-barsha,high,ChIJEULr2U1vXz4REyipqD_3eAs
al-barsha,high,ChIJrdyGHIxlXz4RMXqOynIPONk
al-barsha,high,ChIJcRT5AjxlXz4REVM-ZMw_o1U
al-barsha,high,ChIJ_Rz8ffBlXz4RixdA6P0BB6c
al-barsha,high,ChIJp45pIJFvXz4RhiV98_Ji_GE
al-barsha,high,ChIJfaxM8S9lXz4RHkoHvPfytro
al-barsha,high,ChIJCVBnVjVlXz4RiJmC7OHMlLI
al-barsha,high,ChIJdUim7oBlXz4R9S6HG57onDI
al-barsha,high,ChIJ917dV-xlXz4Rcxop9ZP3vLY
al-barsha,high,ChIJg3BMKyxlXz4RLY7pIE47vQE
al-barsha,high,ChIJ2cCtcn5vXz4R6Sge05ksYkc
al-barsha,high,ChIJ5xF3BmZvXz4REOMRurzcLfk
al-barsha,high,ChIJtc-oO7BlXz4RAenTObgmeIg
al-barsha,high,ChIJga7G1g5vXz4R6I32rUYs5Oo
al-barsha,high,ChIJWdLKyeplXz4RoXF6ZrJk178
al-barsha,high,ChIJ_zanGIVlXz4RHcGTjal0YLE
al-barsha,high,ChIJgYMWJLxlXz4RMZ-B628d5Kw
al-barsha,high,ChIJYfsLPAJlXz4Rx0rLrAOelm4
al-barsha,high,ChIJCSFxyI1kXz4RhK8kGl3WHrc
al-barsha,high,ChIJc1_0JGJlXz4RvF_0DH0U62g
al-barsha,high,ChIJY3kRIKhlXz4R_pWQqmSHv40
al-barsha,high,ChIJVT51brdlXz4R82FpvmSZaEw
al-barsha,high,ChIJ-6pk77dlXz4R6LTw2zZbZ3w
al-barsha,high,ChIJEUmGiNtlXz4R_hPdiBSMQvk
al-barsha,high,ChIJaXwb3aRrXz4RAzpj7IpzKvg
al-barsha,high,ChIJD5PwivlrXz4RDU4oUcEBl0U
al-barsha,high,ChIJVyfUzl9rXz4RCK9R7pn1vis
al-barsha,high,ChIJs_eK9yxrXz4RzOBm4aMC_HU
al-barsha,high,ChIJAfkYH_xrXz4R9NtW4vGoDL4
al-barsha,high,ChIJFf99ixxrXz4Rnip_Ns4PpBg
al-barsha,high,ChIJtY3W8CBrXz4R2LE5GFldpVc
al-barsha,high,ChIJe63--TBrXz4R4NKODsQUYmc
al-barsha,high,ChIJwVknQB1rXz4RUmMkorXxZaI
al-barsha,high,ChIJLeWVEQBrXz4RNvbgOR-dD_0
al-barsha,high,ChIJxVg52EdrXz4RQnkKjDeWGew
al-barsha,high,ChIJb6ujzs5rXz4RQ_2sNmN5WRU
al-barsha,high,ChIJ49Z7XVdrXz4RoIv7siBSqEw
al-barsha,high,ChIJ8f8nFj1rXz4RVvHyg7cmvLI
al-barsha,high,ChIJS4uv1PZrXz4RrxyMoF1U0ko
al-barsha,high,ChIJS5XPi3prXz4Rei1aMIOC6ng
al-barsha,high,ChIJ11il0yeQMioRcY99sg7ykZs
al-barsha,high,ChIJU3XoVANrXz4RU30Ih_o90Q0
al-barsha,high,ChIJxWdj6MNrXz4RbL2IH8EYfFo
al-barsha,high,ChIJsz4djPdrXz4R1-Rt0aWmHKw
al-barsha,high,ChIJnTV05xRrXz4Rk_ymTk8TL_Q
al-barsha,high,ChIJD4bp5lRrXz4RbSHxZ-kIxYM
al-barsha,high,ChIJnVgaLwBrXz4RhpUHa5ytUHE
al-barsha,high,ChIJr2VKFixrXz4RiQgP2XD3vw0
al-barsha,high,ChIJRxWUdgBrXz4Rv7hVj9UWcXA
al-barsha,high,ChIJD1ePLKdrXz4R4ff-YEShxvs
al-barsha,high,ChIJZzQyyVFqXz4RIHidgDF01FA
al-barsha,high,ChIJIWujKHtrXz4RE-7llgiR4N0
al-barsha,high,ChIJ_YpjhmJrXz4RD-SdWVqhWCA
al-barsha,high,ChIJrR3Ef9prXz4RPa9jzsXsgzE
al-barsha,high,ChIJ7xuNn8FrXz4RB3dSnDLcPIg
al-barsha,high,ChIJQ44YqBNrXz4RR_DLtbYjO_Y
al-barsha,high,ChIJmXmD0yhrXz4RZLjcBRXnJ6o
al-barsha,high,ChIJbVx-iq1rXz4R5wi7QFRwMCA
al-barsha,high,ChIJZQxNp4BrXz4RGG36xMjuoJI
al-barsha,high,ChIJSTj_IsZrXz4RjkgnU6ZMk2A
al-barsha,high,ChIJ3R8VfyBrXz4RzQB2VOn8F8w
al-barsha,high,ChIJDSh_I65rXz4RxfTrHI_J8b4
al-barsha,high,ChIJOw_2bhNrXz4R6El-vfiOYp8
al-barsha,high,ChIJa4CFpv1rXz4Rb8J-J6i-ArI
al-barsha,high,ChIJ7SYyfihrXz4RXLClE0wn5Fs
al-barsha,high,ChIJAc2mBNVrXz4R4eKQ2a-yvLA
al-barsha,high,ChIJqwq2NVFpXz4RMjx88Nz2EaU
al-barsha,high,ChIJK1hHUcRrXz4RXEJ4FE4pJN4
al-barsha,high,ChIJI296UTRpXz4RMRbdqPYaXJ8
al-barsha,high,ChIJvYtMcgBpXz4RderZ6nPPbws
al-barsha,high,ChIJJbUDMXxpXz4RxDAEmJ-kHIU
al-barsha,high,ChIJhbXVqRtpXz4RFkKE772AO8Q
al-barsha,high,ChIJGQHuH9tpXz4RCdhOYe4zaVQ
al-barsha,high,ChIJD7jeX01vXz4RVRMCBIiPawE
al-barsha,high,ChIJbev-qwNpXz4R92w3l3EeDN0
al-barsha,high,ChIJc2Txbq5pXz4RRlzAkygTmhg
al-barsha,high,ChIJb3hmvhhpXz4RgFy4CfzNLoE
al-barsha,high,ChIJWVOdSRVpXz4RuVCIucyY-as
al-barsha,high,ChIJo5_Sy5VlXz4R3dERIYwva4s
al-barsha,high,ChIJpcEpTollXz4RYWx3J_3jiFI
al-barsha,high,ChIJwfOXOuNlXz4Rhv9XhOocsEw
al-barsha,high,ChIJNw6Op_1lXz4RiraAUs5U76E
al-barsha,high,ChIJjSHYKmdlXz4R7199l-Nl7Pw
al-barsha,high,ChIJT0MB79BlXz4R3Ue-of9OgY8
al-barsha,high,ChIJC-2Th4xlXz4Rw5caWKJ5tYc
al-barsha,high,ChIJHf1YcR1lXz4R_GhOxTT3lJA
al-barsha,high,ChIJAemqn4tlXz4RluxuNtm2n_0
al-barsha,high,ChIJ4yLyvpJlXz4R9mnI2Y4Podc
al-barsha,high,ChIJNRSSi0xqXz4RK6puzEPZpA4
al-barsha,high,ChIJMciDnXRrXz4RTN8ha8OmReA
al-barsha,high,ChIJQWUxURlrXz4Rw8PsX6p1y-A
al-barsha,high,ChIJz6C6gOJpXz4Rbu0J8dO7ajk
al-barsha,high,ChIJGcXffoxrXz4RXktJR3_duiw
al-barsha,high,ChIJuVtFGABrXz4RzzgtNI1g-_s
al-barsha,high,ChIJP6910blrXz4RDBrB-jf74Zg
al-barsha,high,ChIJoXaB0r9rXz4ROgb7NzM9Hh4
al-barsha,high,ChIJF4k5d_hrXz4R0EjhASdjQu4
al-barsha,high,ChIJgadI4RtrXz4R8BEcIUEHX9E
al-barsha,high,ChIJrwHLMpBDXz4RG-p5G02RNLg
al-barsha,high,ChIJ_zUVh5NpXz4RqddTRQjn7EM
al-barsha,high,ChIJwVS4G5NrXz4RKW68ddfWAVQ
al-barsha,high,ChIJNZV-h0ppXz4RX1x_21do2ts
al-barsha,high,ChIJi0XhEeFrXz4Rt4tw37GjwWk
al-barsha,high,ChIJ5zK5CZVDXz4RVnD8Fm9pVk4
al-barsha,high,ChIJY0phdN1rXz4REnOYlJUocFA
al-barsha,high,ChIJmwSByiZqXz4R71zuNrtpdQQ
al-barsha,high,ChIJR0do5TZqXz4RF7ibiW3Pcr8
al-barsha,high,ChIJAf6vLtZpXz4R5apQG1K1RzI
al-barsha,high,ChIJN6beLyZrXz4RyeVXHz4c7Ck
al-barsha,high,ChIJB3ibexBpXz4RWUiiiIhfd3E
al-barsha,high,ChIJ4wIIjUBqXz4RMpLJ4g4MDKk
al-barsha,high,ChIJgXm1JUBrXz4RytE-OTZQYvM
al-barsha,high,ChIJBW8b_L5rXz4ROct4NjxpLmY
al-barsha,high,ChIJB_vhFk9rXz4R-nmqKBxTRKY
al-barsha,high,ChIJ8-2cniRqXz4RxP4N5tsMRIs
al-barsha,high,ChIJ-x2G8eFrXz4RTbYOYqcjbzw
al-barsha,high,ChIJt7gZNidrXz4RhTQkfNNsyhQ
al-barsha,high,ChIJZxi8datrXz4RHIphRY2kC0w
al-barsha,high,ChIJW2LRvOFpXz4R9PtTPVun_dM
al-barsha,high,ChIJ06d9E-BpXz4R1NMNghcBTMs
al-barsha,high,ChIJ5T7zUJtpXz4RKjmYJalkRLE
al-barsha,high,ChIJ-9qNpUxpXz4R8LBiFZRzURk
al-barsha,high,ChIJMbEyjAxpXz4REHnzrDi162k
al-barsha,high,ChIJzckmtpRpXz4Ryjt_12Z3QsA
al-barsha,high,ChIJccJ83etpXz4R2crhhTWvWUM
al-barsha,high,ChIJVew1lrdpXz4RMXwmYrWcwbI
al-barsha,high,ChIJF6qiTdZpXz4RC91u2RSbWo4
al-barsha,high,ChIJJTOjShRpXz4Rz89x3PV_ClA
al-barsha,high,ChIJ01kQZkVpXz4RuWinByM2B94
al-barsha,high,ChIJPyCPNnBrXz4RnvTY2E0sr0U
al-barsha,high,ChIJPVos8UhpXz4RJOi12LXUmMg
al-barsha,high,ChIJIwLD1L1vXz4RIO8T1NHJUxA
al-barsha,high,ChIJg-5VBQBpXz4RlWgmAoyu3Uo
al-barsha,high,ChIJnUQzSQBpXz4RVjwEb294ia8
al-barsha,high,ChIJNyDuH3VpXz4RzBl3M_1dpdI
al-barsha,high,ChIJKfGJ-9lpXz4R_aJd2kNBjnA
al-barsha,high,ChIJvY8VYoFpXz4R3WZqLQyUOYo
al-barsha,high,ChIJu8zvAndpXz4RTqEb041058E
al-barsha,high,ChIJLSKu0D5nXz4RGBDK06c050k
al-barsha,high,ChIJL1pAXxlpXz4REYAGY2DQ7oE
al-barsha,high,ChIJfyvyeJxpXz4R95d_eDOquYM
al-barsha,high,ChIJ7XW19Bz0uw8RACWkZpqJL1s
al-barsha,high,ChIJo9BeWK1pXz4R2PtK_CJ-H3U
al-barsha,high,ChIJf5kyjC5pXz4R56eq5RQat2Q
al-barsha,high,ChIJcdO6tMppXz4RmM-QqbWBV5A
al-barsha,high,ChIJV8xH9xZnXz4Rzp-5IMdmyCY
al-barsha,high,ChIJQ0rUvPZnXz4RKQZx1N6r8ro
al-barsha,high,ChIJrwz-6ktnXz4RThRfJCdAdsM
al-barsha,high,ChIJZ_wIswtnXz4RdMnU_26j8yk
al-barsha,high,ChIJLRC3h4VDXz4RqDuOWPkR1v0
al-barsha,high,ChIJ2xuub2NnXz4RW-ld2i0rn5Y
al-barsha,high,ChIJByQWay9nXz4RdepbnyXyo_Q
al-barsha,high,ChIJgY2AawBnXz4RvrQgAzAaYGc
al-barsha,high,ChIJn-n337FnXz4R8vaArJBcByk
al-barsha,high,ChIJddXIf85rXz4RaLcWJAcido0
al-barsha,high,ChIJ1SgeOZJDXz4ROaObLUh_Aec
al-barsha,high,ChIJGcBVQRpDXz4RUPrFktjufz0
al-barsha,high,ChIJo1Ydk0BqXz4R8slljwdDzrs
al-barsha,high,ChIJcTDxWJtrXz4ROFwZqnTaIvM
al-barsha,high,ChIJma5AbM9rXz4Ri9f410RNpw4
al-barsha,high,ChIJF9jrFCRrXz4R60mSuWNNu0c
al-barsha,high,ChIJRd6p1fNrXz4Rb_vndkRnyO0
al-barsha,high,ChIJp-9jLxFqXz4RBz0pOnf356k
al-barsha,high,ChIJi6kBHCJqXz4R1LSoBgFHpC4
al-barsha,high,ChIJmbQT5Q9pXz4RTcITLViIWjM
al-barsha,high,ChIJ0Y0DQ-1DXz4RCSA0T_vf9P8
al-barsha,high,ChIJhaG4jh5pXz4RRgJr20PuSWo
al-barsha,high,ChIJP51lMQVqXz4RD6HqPxzgfo8
al-barsha,high,ChIJqWuPhpFrXz4RxunMP9bef2I
al-barsha,high,ChIJ6SoDggRqXz4R7BAvkaFzkRk
al-barsha,high,ChIJ905RFkNpXz4R5ABvz9GUTwo
al-barsha,high,ChIJ_6O7ZhgsmEMRDRb3so4R4O0
al-barsha,high,ChIJHbEf4F65eiURxBnD7-heiBg
al-barsha,high,ChIJcUON1vVpXz4R7_DyGfj8ljw
al-barsha,high,ChIJ2bVGXh1pXz4RAFaCrsWU1R4
al-barsha,high,ChIJg-gkNrppXz4RNh9RysXlWcg
al-barsha,high,ChIJQWakM0BpXz4RWiHoZdv1lVA
al-barsha,high,ChIJF-Ow-SdpXz4R_0n40jRhQNo
al-barsha,high,ChIJ8QQdkq5pXz4RX3FnLte83Rk
al-barsha,high,ChIJmRKa_5hpXz4R_9Hpp02ls90
al-barsha,high,ChIJ82MttINpXz4RmdheptphCSQ
al-barsha,high,ChIJfxKczKBpXz4R5_eQ3rHhTp0
al-barsha,high,ChIJY99J8J1pXz4R6vYZRRjwm2E
al-barsha,high,ChIJpXfDnTUnRggRqNJ7dLJVWXE
al-barsha,high,ChIJWd2MolBpXz4RMaI1wxGdL74
al-barsha,high,ChIJpWQUEjJoXz4RlI6OwXS5va8
al-barsha,high,ChIJC635ED9pXz4Rzy7DksENhsE
al-barsha,high,ChIJx9yRrY5pXz4RVwMdh-0rbIk
al-barsha,high,ChIJ9fiqSGFpXz4RzQVfvnoD0eM
al-barsha,high,ChIJMciJj51pXz4RBhHoFazX-mw
al-barsha,high,ChIJuQSymgdpXz4RQMKEUEuNCvc
al-barsha,high,ChIJSYDoMPRpXz4RO37A4YnIg_c
al-barsha,high,ChIJpcG8VL9pXz4Rx8R4UD6Qjyg
al-barsha,high,ChIJL5Vn-WZpXz4R84H3ZwDMXNQ
al-barsha,high,ChIJNYpoaktpXz4RvWyXhptbmGA
al-barsha,high,ChIJMaXbMwBpXz4Rfy9Nu7-IpLc
al-barsha,high,ChIJh_lp3yBpXz4R5i25x2_o-Pw
al-barsha,high,ChIJ55fnfRldXz4Rhugo9GcCMRg
al-barsha,high,ChIJDa8wWtNpXz4RpPMYhiW0Cvc
al-barsha,high,ChIJ2-cSD2ppXz4RgieAyPBDatg
al-barsha,high,ChIJQVQek59rXz4RAG7c_F1lfF4
al-barsha,high,ChIJwQZOJ_V7Xz4R-GbG3nOBR9s
al-barsha,high,ChIJ2bmyEMZrXz4R_OLIvz40tDI
al-barsha,high,ChIJcYYO9NJpXz4R5ayXhS1-h08
al-barsha,high,ChIJj8yR8RppXz4Ro1SLfUtxPZk
al-barsha,high,ChIJLQrX-sJpXz4ROS8lWWkR62g
al-barsha,high,ChIJ8cF-LmhpXz4Rqqda-d055es
al-barsha,high,ChIJ6RREWe1pXz4RX7j2D37MuOo
al-barsha,high,ChIJFZjcVgBpXz4R6Md6mHK7nG4
al-barsha,high,ChIJR6DuRulnXz4RsewBFpNYmzQ
al-barsha,high,ChIJxSCQ0ltmXz4RBDXnZ2z93kY
al-barsha,high,ChIJ22tpJuhnXz4RpijOmmdUyq0
al-barsha,high,ChIJXTH26w5nXz4Rl4CiRKs9tt4
al-barsha,high,ChIJiw35AzdnXz4RVRJ6F9-ggkM
al-barsha,high,ChIJ-4aAroJoyocRmi2d7LwBVcg
al-barsha,high,ChIJj9Mr4JBDXz4Rv6KTbCsoszY
al-barsha,high,ChIJHVXH-_ZpXz4R-yZ5Da8l_fI
al-barsha,high,ChIJTZQd4v9pXz4RUFUMrWEyff0
al-barsha,high,ChIJxyO0XT1DXz4R7VZlMXG-I_c
al-barsha,high,ChIJhdA3WABDXz4Rj6MPltJF_nY
al-barsha,high,ChIJ64YtRDJDXz4R7mFPuC4lgB0
al-barsha,high,ChIJO_iqMetCXz4R0JHA1kRnG6s
al-barsha,high,ChIJI1r4IP1CXz4RcTn5yOX5MXg
al-barsha,high,ChIJ0UD1bJRDXz4R6WaTdVoYRZ8
al-barsha,high,ChIJre3cwVhrXz4Ryya3lYa7Slk
al-barsha,high,ChIJi_f1ZQFqXz4ReNLWfJ6MFEE
al-barsha,high,ChIJQYuPrm1DXz4RnfOXvLVDXb0
al-barsha,high,ChIJB1KUASZDXz4Rjn8jkMaI0QA
al-barsha,high,ChIJj7jMk9dpXz4RpgWmZysF8Mk
al-barsha,high,ChIJIfaNTpJpXz4Rf2hAPr4ITJY
al-barsha,high,ChIJjTTlILtpXz4R9D--AtcxpyI
al-barsha,high,ChIJ8YM0cOlpXz4RAmBHRrU5TVg
al-barsha,high,ChIJCQB88-JpXz4RU_pzq5Fp4JA
al-barsha,high,ChIJR4QYtRZCXz4Rrj6Pg9cUZ3Y
al-barsha,high,ChIJ90ydelZDXz4RQc9i3swo3eU
al-barsha,high,ChIJO_6URRppXz4Rp3WvCoOj6zg
al-barsha,high,ChIJH2Pi7h9rXz4RAoP2g7eSxhE
al-barsha,high,ChIJfdpFo1FpXz4R4AsBNpmPgYg
al-barsha,high,ChIJQaw2fwtCXz4Rnvy3bF4gae4
al-barsha,high,ChIJB_1pvVdpXz4Rv1nTixHTcJY
al-barsha,high,ChIJdWPzvGhDXz4Rb-ODwtXveo4
al-barsha,high,ChIJj4ruxS5DXz4Rnwa0xss7RRc
al-barsha,high,ChIJk7BNq4JpXz4R32UzidiqOF8
al-barsha,high,ChIJ00cEbsBpXz4RP7zwiBHcMCY
al-barsha,high,ChIJK1VAzatDXz4Rq-4cA4BIN14
al-barsha,high,ChIJlcpfSXxCXz4RSCAq5R26n3c
al-barsha,high,ChIJ74TuJThpXz4R0grQUFgC4YU
al-barsha,high,ChIJgarf82RCXz4Rk5W7_Oh9ZCM
al-barsha,high,ChIJU9tRFZBpXz4RCtjRVR5Mbrs
al-barsha,high,ChIJ7ddNpqppXz4RUcsINlXKdig
al-barsha,high,ChIJx0WdTdtpXz4R-rWz9lgwd8I
al-barsha,high,ChIJC-YJFChoXz4Ru7vsBmyQHMg
al-barsha,high,ChIJA0TF43hpXz4R1xS9rpItnnM
al-barsha,high,ChIJe6f_Kp1pXz4R4Hlh1KIojoc
al-barsha,high,ChIJcdNVXdhpXz4RholO2M5netU
al-barsha,high,ChIJ25If95RpXz4Rf__xdh5OTXg
al-barsha,high,ChIJI4elhJxpXz4RxxBRnNA489w
al-barsha,high,ChIJh1suPOdpXz4RSxCY97bhkNM
al-barsha,high,ChIJPSv6UmVpXz4RD8D6scSDhmI
al-barsha,high,ChIJM5UAbTlpXz4RTzNOf_SieYE
al-barsha,high,ChIJqeQKEosVuywRK5aPS93zj48
al-barsha,high,ChIJl_V8WalpXz4RXKaTB_V_y2U
al-barsha,high,ChIJy64j2UxpXz4RbA3zoorvT8M
al-barsha,high,ChIJJ2j7HCVpXz4RCuSqWS9uCWA
al-barsha,high,ChIJjdvGXWj8rUwRPZW9_g5XC3E
al-barsha,high,ChIJgUaLe9tDXz4Rn5r_LHtoGZQ
al-barsha,high,ChIJSVZc4NFpXz4RcxNHrgH5Cew
al-barsha,high,ChIJQ1Qz_sFpXz4R10KhyIosOfE
al-barsha,high,ChIJn8ZZQ_lpXz4RY4Eyx61aJfk
al-barsha,high,ChIJTTjZohJnXz4RLZO4TXpG-qk
al-barsha,high,ChIJT0AQ1n5nXz4RjOKXwpkzhEY
al-barsha,high,ChIJ3XPBxZlhXz4RRQ7K1QNxXfA
al-barsha,high,ChIJc-XHkRJJC4ARQioJL4ZTssI
al-barsha,high,ChIJk2vrMWppXz4RGutjLinVmmI
al-barsha,high,ChIJPw22BMZnXz4R9f0kWfaMBcg
al-barsha,high,ChIJoajPqSdnXz4RDl2n5wydMTQ
al-barsha,high,ChIJ6ZQxC7RnXz4RqnCroiwMuMY
al-barsha,high,ChIJhV-jWiVnXz4RRvhjLDI4eeY
al-barsha,high,ChIJt0PRI9VnXz4R6cLfcZ2CQqA
al-barsha,high,ChIJ96MBJCJnXz4R3fmAVRU8dkc
al-barsha,high,ChIJbZ9sKCJnXz4R5etfw8-hPrk
al-barsha,high,ChIJaU06UbJnXz4RjymQpMEOrlI
al-barsha,high,ChIJN9GXfiFnXz4RB1h1C-0HwyU
al-barsha,high,ChIJCQ-j-rVnXz4RAc55X4uk7MQ
al-barsha,high,ChIJZcp6qrNnXz4RgjHeyT2fs80
al-barsha,high,ChIJj8F2ecRnXz4RwM7JfxJy_rY
al-barsha,high,ChIJD7RMJyJnXz4R-2RiGsWUzhU
al-barsha,high,ChIJieL6pPBnXz4RlHCXGysyqXM
al-barsha,high,ChIJa6VH7T1nXz4RYkIkzdemfr8
al-barsha,high,ChIJVZxgDwBnXz4R4UwUSaQtENs
al-barsha,high,ChIJxbo1zKhtXz4RlJIfAV8ap3A
al-barsha,high,ChIJm2u4GLVDXz4RbYGrEsK1mgY
al-barsha,high,ChIJmwKh-SlDXz4RlBAPowFqGmY
al-barsha,high,ChIJGfFPsRZCXz4RPj3idpca4x8
al-barsha,high,ChIJl1U2ctlDXz4RQ0r2Nfavuxg
al-barsha,high,ChIJPSys-v1DXz4RBCy9x6Z6W7M
al-barsha,high,ChIJwZpk-11DXz4RpXWNPfc_7j0
al-barsha,high,ChIJYYU_KS1DXz4RdcjCg_AwXeE
al-barsha,high,ChIJw5hG6zZqXz4RMwxx2F-B6QE
al-barsha,high,ChIJPd_il09CXz4RNCGy4Mah_Mo
al-barsha,high,ChIJU6AlfpVbXz4RGFbwztuNhVQ
al-barsha,high,ChIJsx8-I0FCXz4RkF31mTk1790
al-barsha,high,ChIJA4o41LVDXz4RcA2P_3VqBsU
al-barsha,high,ChIJnSNwimRCXz4RFzl5J6yPzDU
al-barsha,high,ChIJL463FRFDXz4ReHgw1Q3vvYA
al-barsha,high,ChIJS15ZNqBDXz4RWD6tXpCSYCk
al-barsha,high,ChIJKYrtrEVDXz4RcIuya45HC2s
al-barsha,high,ChIJoch8ETpDXz4RQJhQJcNI_eA
al-barsha,high,ChIJ__-vrIlCXz4RU6n0DOZPvK0
al-barsha,high,ChIJqdPpEmZDXz4RUv5OMpmsX8M
al-barsha,high,ChIJSczn7OhDXz4Rx15psO4LBMc
al-barsha,high,ChIJI_Ppl_JCXz4RyW7l5QTBQjs
al-barsha,high,ChIJM8YbS4hDXz4RunUs-JfLIUY
al-barsha,high,ChIJnXnqttZDXz4RvEdHTZdkRT0
al-barsha,high,ChIJiTDAc45CXz4R1sFRBmmcgdg
al-barsha,high,ChIJ9bLfzDJDXz4RbUxa6BfnulM
al-barsha,high,ChIJaTs5JpZDXz4RWVY_icT2GvA
al-barsha,high,ChIJq2MX2l9DXz4RX6In4hKNMvo
al-barsha,high,ChIJ65jZ-V5DXz4R5SvthuZhiTE
al-barsha,high,ChIJA5NM7-1CXz4Rx5rqB7fcZuE
al-barsha,high,ChIJ6yfuNu9CXz4RSZxfr53hK6A
al-barsha,high,ChIJ8ayA7fxDXz4Rav_b-4pF62U
al-barsha,high,ChIJg_bFekddXz4REnOm468lyLk
al-barsha,high,ChIJYdknQNxdXz4R-qdL_1jzhgE
al-barsha,high,ChIJHYCY2gBdXz4Rhmm3ZEuuzys
al-barsha,high,ChIJwcT0JgBdXz4R-DwAh-82h-o
al-barsha,high,ChIJX3KcVdddXz4R2cZ32MtzAkY
al-barsha,high,ChIJfbr9uSBdXz4RpYKsKMbx1-Q
al-barsha,high,ChIJgdmN5AldXz4RrUS80Bn7Itc
al-barsha,high,ChIJl0RB9xD_tgsRegMj41YzE5Q
al-barsha,high,ChIJ_9dvpTNdXz4RKngx7hesHp4
al-barsha,high,ChIJK0bEWOldXz4Rk-HOBfGDFm8
al-barsha,high,ChIJNcZgOsxdXz4RGKFABH5lZaQ
al-barsha,high,ChIJ3djCs8VdXz4RIESwvoo65t4
al-barsha,high,ChIJAQIraVFnXz4R8UyNKUHARJg
al-barsha,high,ChIJ_____35nXz4Rqm1F4eeHBBw
al-barsha,high,ChIJRyja_X5nXz4RF_HBCeYZ9Ko
al-barsha,high,ChIJa-tOPy9nXz4RO-a7rmFRpek
al-barsha,high,ChIJnWUXitBnXz4RpsQGJYttC-g
al-barsha,high,ChIJ9zni5CxnXz4RYkBFMmjm6MM
al-barsha,high,ChIJe6Kzb3xdXz4RKzjTc4Q0VsA
al-barsha,high,ChIJ7XTRCvxdXz4RvoYk1lrTwHw
al-barsha,high,ChIJ54PE32NnXz4RggzfKf_eLyw
al-barsha,high,ChIJ-6lvMLlnXz4RAWRCDUhTRy0
al-barsha,high,ChIJiV8912VnXz4R9S0cBE9nfrQ
al-barsha,high,ChIJRx7AE-lnXz4RwqOU8-tGkUU
al-barsha,high,ChIJFdgpCWRnXz4Rns1aRLL0NbA
al-barsha,high,ChIJx_FHjb5dXz4RiYZKjAiLGnY
al-barsha,high,ChIJYZDSemlnXz4Ro8iX-HS7dRU
al-barsha,high,ChIJ6czHN_pnXz4RcZVIDp-k3JA
al-barsha,high,ChIJJcv-FDlDXz4ReaQQGfjufRU
al-barsha,high,ChIJn9YOcoVDXz4RW8qGFkArogE
al-barsha,high,ChIJ_R3F1YVDXz4RUZ9OtziZ20E
al-barsha,high,ChIJMaWgeOVDXz4Rb0ejuFUxp3o
al-barsha,high,ChIJs5DYDwFDXz4RWjm47yZqAkI
al-barsha,high,ChIJdWqSLe5DXz4RFI6VkXTwzRU
al-barsha,high,ChIJ445b-mJDXz4RhC-FtqY1pdI
al-barsha,high,ChIJ0_62TctCXz4RcoHXK9X6ZCo
al-barsha,high,ChIJUTC8XH1DXz4Rmk3LUBlh1GE
al-barsha,high,ChIJj8Yznu5dXz4Rjf59z-Uk9tY
al-barsha,high,ChIJveiAjwVDXz4Rob9Ord9EE3o
al-barsha,high,ChIJ9fGtyhtdXz4R7QA59nTMK3s
al-barsha,high,ChIJ18BykgldXz4RVtoNdClWLXQ
al-barsha,high,ChIJf7NQ1xldXz4RXGh4KNFmrIo
al-barsha,high,ChIJgQkiixBdXz4RnN3lfLQA_g4
al-barsha,high,ChIJq6qqqjddXz4Rhrp-LIcaijk
al-barsha,high,ChIJAfinfbVdXz4Rv2Xdo8HyP-M
al-barsha,high,ChIJb4P-ikxqXz4RU5uH6EZ1neM
al-barsha,high,ChIJa6RFMfZdXz4Rm9vEZ_bENLw
al-barsha,high,ChIJUWJnWDBdXz4RIsmVjOuqFQM
al-barsha,high,ChIJO0HYnY5dXz4RzE6uk-ihc_E
al-barsha,high,ChIJnww0x_NdXz4R27oSQJ6hRig
al-barsha,high,ChIJyfPItvNdXz4RqEoYtb40LwM
al-barsha,high,ChIJv3Tju_NdXz4R8AwrSB2Op5o
al-barsha,high,ChIJC2S2-MddXz4RPO6OJQFIeNE
al-barsha,high,ChIJHRRLx59dXz4RIEeraUE_0C4
al-barsha,high,ChIJaQ06FQ1nXz4R1PXstZ5Ez1I
al-barsha,high,ChIJCy_EPG9tXz4R80PflAhihV8
al-barsha,high,ChIJwaaXuTNtXz4RjEA_RaTUJhg
al-barsha,high,ChIJs_iAc6BtXz4RnAvJoL57H18
al-barsha,high,ChIJSRBRezxrXz4R8HJR0L4_WXY
al-barsha,high,ChIJFaPiRZhtXz4RzXH5e8LrOEo
al-barsha,high,ChIJU9ssk9BtXz4R1W0SPxKuVwQ
al-barsha,high,ChIJrTQwIZttXz4RQ18tPmUFlbg
al-barsha,high,ChIJ8cfFmiC6f2oRnTWcMfVVOsQ
al-barsha,high,ChIJuS_s02VtXz4R7Xt1H7EA498
al-barsha,high,ChIJt3dVeg5vXz4R-2KQd4CmMas
al-barsha,high,ChIJt4AoBn5vXz4Rl7Q_OtgONYs
al-barsha,high,ChIJGRbY3F1lXz4RULbZs8s6cjk
al-barsha,high,ChIJMWSJVgDzUoURYiOuBKNTleI
al-barsha,high,ChIJze8iUQBlXz4R_c4OyWx_dWY
al-barsha,high,ChIJBSfpQQAVXz4R72sxf0Rvi1Y
al-barsha,high,ChIJOb4AmPsVXz4R2AQVLCfOiKM
al-barsha,high,ChIJDTk-v_IVXz4RHStAG3k3W0Q
al-barsha,high,ChIJi2h76DhrXz4R-b2FRnFktSE
al-barsha,high,ChIJL_nVglBrXz4Re74KBLPLBFI
al-barsha,high,ChIJHcdw6asTXz4R0tYj2ow-BzQ
al-barsha,high,ChIJf2h746VrXz4RxivFTcunQoQ
al-barsha,high,ChIJq4EVfjFrXz4RobEOpCdyUwM
al-barsha,high,ChIJF6NqioMVXz4RlRenX1kYXpA
al-barsha,high,ChIJMasRgF0VXz4RwgUMpx-WTv0
al-barsha,high,ChIJC6ZGvswVXz4RRyzdMUDHmz0
al-barsha,high,ChIJcfQW5jMVXz4R4QKD6zABT9g
al-barsha,high,ChIJjR8pyCxrXz4RZZIL-wNsLzA
al-barsha,high,ChIJP22zRXNrXz4RXY4f1HG84PM
al-barsha,high,ChIJa25nZJxrXz4RuGbDyTFG53E
al-barsha,high,ChIJJ2j7G-VrXz4R-LXk1GHVhrI
al-barsha,high,ChIJ-06zQGlCXz4RxoQycX_Se1c
al-barsha,high,ChIJ141sFWlCXz4Rj2Dw2v03Oo4
al-barsha,high,ChIJdW0cWHhfXz4RNQheC98DG8o
al-barsha,high,ChIJYdUFhOPo-28R7NBnxGazjm8
al-barsha,high,ChIJPfQtSJZDXz4R-NYmM5I4aus
al-barsha,high,ChIJc4Y5kBJDXz4R_RpHhPXEQPg
al-barsha,high,ChIJU-K50VtCXz4RmV9kzMv8u3g
al-barsha,high,ChIJ13g1usVDXz4RdLinKpuurv0
al-barsha,high,ChIJpX2T-lxpXz4RjDY730JqBmQ
al-barsha,high,ChIJGSGo8EtpXz4RWtwP7ziX03Y
al-barsha,high,ChIJkUyZtuxrXz4RWmh1jznT4GI
al-barsha,high,ChIJxw3DBjETXz4RrPkUIXBMD7A
al-barsha,high,ChIJk5O0ns1tXz4RpuLbhCUHm-4
al-barsha,high,ChIJw8V9XABrXz4RvZrjKdUiFxA
al-barsha,high,ChIJjZKyiOFvXz4RthD5WyFx86A
al-barsha,high,ChIJ73kkjwprXz4RPQf7k34mCrM
al-barsha,high,ChIJ9eFOZPoTXz4RWJdd9j75_Ww
al-barsha,high,ChIJibSOk3ATXz4Ru9kk0k27QLc
al-barsha,high,ChIJeb6R7-VtXz4R2jyela2LY3M
al-barsha,high,ChIJ0bkI2LtDXz4RvvLcg34Dmwk
al-barsha,high,ChIJWWmtp5RrXz4RKAOob3bZ8Xs
al-barsha,high,ChIJr5cq53FtXz4Rgck5mrpdndU
al-barsha,high,ChIJSaevdyVDXz4Rr54SlMnK6S4
al-barsha,high,ChIJzb3LsI5CXz4Rk1w6UF3Gn6k
al-barsha,high,ChIJm4JrEiprXz4RRCbXT6RD-Cs
al-barsha,high,ChIJw2SgmU5pXz4Rfz58NkfTqSU
al-barsha,high,ChIJGVuPdplpXz4RL9_-8NUgIVA
al-barsha,high,ChIJo3q5flMTXz4RlPYpV6U5_Bs
al-barsha,high,ChIJGWfxwXZrXz4RaDExsAf_1VQ
al-barsha,high,ChIJ3Z_dNr1rXz4RM-IIH0gIP5s
al-barsha,high,ChIJv9rfIaBpXz4RlVqMpulSc-w
al-barsha,high,ChIJxWcdeHFrXz4RSS5cDxk3Ipk
al-barsha,high,ChIJCTJbKcBrXz4ROxdrt_AN3HU
al-barsha,high,ChIJmRqgKs5tXz4ROaLUO5o3xrE
al-barsha,high,ChIJgcnc3-RDXz4R7cWCOIC2Y9Q
al-barsha,high,ChIJPaLZE61sXz4RbhYuDkxDmfo
al-barsha,high,ChIJa3nmeU5rXz4RUnQeGiTE-20
al-barsha,high,ChIJHa7EkXBrXz4R9zC6WIolZhw
al-barsha,high,ChIJ3dMkZ51rXz4RbblnFNSf_GM
al-barsha,high,ChIJmwaCxdlrXz4RPPmVoL5YHys
al-barsha,high,ChIJT1Hj18NpXz4ROKPmlp3fPqI
al-barsha,high,ChIJHwO0dwBpXz4RM5-hbuPJfew
al-barsha,high,ChIJOaAvx2tDXz4RNo_FZjkZ1W0
al-barsha,high,ChIJl2VXm15pXz4RRORHRQfgAZU
al-barsha,high,ChIJiXcYek5rXz4R2iwZ70XCrYA
al-barsha,high,ChIJcXCcMHhrXz4RIE7nzeaM8KM
al-barsha,high,ChIJSxQmTzBpXz4RfvSmWsvy1wQ
al-barsha,high,ChIJ43MrMgVpXz4RGP6bYu8gaXQ
al-barsha,high,ChIJwSx5FthvXz4RmtHASAsN-fs
al-barsha,high,ChIJnUpu9MZpXz4R4jTWAjnQEW0
al-barsha,high,ChIJF1wJzmlrXz4RZrgGIfIS2EA
al-barsha,high,ChIJ1VFR4cVrXz4RKt_2S2nZOXY
al-barsha,high,ChIJ4032HgBDXz4RJrXjEABBKuI
al-barsha,high,ChIJ2Tvo4C5oXz4Rd-Ojr80KO2g
al-barsha,high,ChIJESSte7JrXz4RwuVSlRhyVu0
al-barsha,high,ChIJIfW1ZF1pXz4Rzv60ZNi17yw
al-barsha,high,ChIJD_VnCxtpXz4Rmdp00bGDF48
al-barsha,high,ChIJ_bSHEy5tXz4Rx6pzU9p40IU
al-barsha,high,ChIJnXETLo9pXz4RJ14BPaC1JNk
al-barsha,high,ChIJNUuRdEBDXz4ReiYCZtYLdm4
al-barsha,high,ChIJyXFULOlpXz4Rr24af9L_HYY
al-barsha,high,ChIJp49fVuhrXz4RetghndQh8Lk
al-barsha,high,ChIJyTrWHnprXz4Rto8FGnV5ZPY
al-barsha,high,ChIJka-2aL1rXz4Ru4lK6zytvrQ
al-barsha,high,ChIJs909jE5pXz4RtKSpN4vHHUI
al-barsha,high,ChIJix4s2Y5rXz4RSoYML3j8MT4
al-barsha,high,ChIJe96AarFdXz4R1fa8vqt9Qr4
al-barsha,high,ChIJhasAvIZvXz4R81gKxwIcsIw
al-barsha,high,ChIJmXOXV9drXz4RzJ06x8lorjg
al-barsha,high,ChIJndz_sdJrXz4RnLd0xbg03go
al-barsha,high,ChIJVYO3BghDXz4Rbvm2TBB9710
al-barsha,high,ChIJCz-6WSZrXz4R5cgJFTDmh9k
al-barsha,high,ChIJc5PkVpRpXz4Rq_2Cbs_CmJI
al-barsha,high,ChIJ6R7MbkVDXz4RvIQRwaQlCig
al-barsha,high,ChIJg4btG9pCXz4R1r5dPsWE98c
al-barsha,high,ChIJ9b4SdwJDXz4RSdNpXQUmjLM
al-barsha,high,ChIJX6Tp4M1CXz4Rkq8OIcnyYTg
al-barsha,high,ChIJg8cLzLddXz4RWHcYWUmLgEo
al-barsha,high,ChIJSWGZBFFDXz4RSkxPwdhI9NY
al-barsha,high,ChIJu-vSyFZlXz4RdtTYEsLN1DU
al-barsha,high,ChIJgUEYTPlrXz4RyElaEd8a3gc
al-barsha,high,ChIJg1-LDFhtXz4R-tPU9bdlyT8
al-barsha,high,ChIJVyXWg1JvXz4R9KoUis_6TT4
al-barsha,high,ChIJQYK-GYAVXz4RqTJjGBLQWB0
al-barsha,high,ChIJu-ch-ThtXz4R5JwTE1GI3w8
al-barsha,high,ChIJVVWVQHdrXz4RPyGhBUN7i8g
al-barsha,high,ChIJg_m-X3MTXz4RlUVHkObT4Ow
al-barsha,high,ChIJCx0fu7kTXz4RIIq2xQCEQ1o
al-barsha,high,ChIJFxrEMPhSiiQRRkTNEUkUeQw
al-barsha,high,ChIJi1-YOO8TXz4RhdAD7OyN-Ec
al-barsha,high,ChIJSY86HQATXz4R-BYQRQIpg-8
al-barsha,high,ChIJc-HKfQBtXz4R0-f1OQ-CH-U
al-barsha,high,ChIJDYokjKoUXz4RWa3CUoZHhrs
al-barsha,high,ChIJRw2SMABtXz4RCzlw8YvdDLE
al-barsha,high,ChIJ603DYu9vXz4RhEUkV03iHNI
al-barsha,high,ChIJwfH3M1JCXz4RXNFepB9FH5k
al-barsha,high,ChIJcwjt1udtXz4Rs0ripEKHkKw
al-barsha,high,ChIJWz3DmjltXz4R2EWn06BCDRM
al-barsha,high,ChIJ9c8YPZddXz4RApj9Pns_1vg
al-barsha,high,ChIJycbpu34TXz4RFUI9UzN9iQQ
al-barsha,high,ChIJLxiFomptr4kRaWFjTp0jPPs
al-barsha,high,ChIJ89MxA45rXz4RQsLKOxKv22E
al-barsha,high,ChIJR0XIt9RCXz4Rk6VA1cczWXI
al-barsha,high,ChIJV3iM8rdDXz4RO_pncMJf4ss
al-barsha,high,ChIJj8yAU8tCXz4ROU_DEpwV0cA
al-barsha,high,ChIJ2TuInGdDXz4RJK1DpAaVPi0
al-barsha,high,ChIJE1sanaJDXz4Rch9MnF_pIgI
al-barsha,high,ChIJN0xJr9hCXz4RD9DxN1F8_tA
al-barsha,high,ChIJ02ad-ltDXz4Rr_OFpmACFyk
al-dhafra,low,ChIJQ0b6O_ZpZz4R042RmWWzocs
al-dhafra,low,ChIJ-2RUarlpZz4RkbqejW8J7VI
al-dhafra,low,ChIJSamswnZoZz4RPV0waldsHxA
al-dhafra,low,ChIJV39jFChnZz4REGForxT_MEg
al-dhafra,low,ChIJsbzWiAlpZz4R6-aELCcsv7g
al-dhafra,low,ChIJ73FGJQBpZz4R_hVp0SDsCrA
al-dhafra,low,ChIJ64_zRwdnZz4RcLS_SLhM4NQ
al-dhafra,low,ChIJ47lBrIZpZz4R8qMfIF7C0mc
al-dhafra,low,ChIJtZEXprVpZz4ROlJHQcQefIY
al-dhafra,low,ChIJYx6iMwBpZz4R0fI6fCnKOrA
al-dhafra,low,ChIJN4jY3bVnZz4R_DSQOVuH63Y
al-dhafra,low,ChIJFaP01K1nZz4R6RCYDvIow60
al-dhafra,low,ChIJd6qp675nZz4RsfdRsLRGiOM
al-dhafra,low,ChIJnRN2EqyjYD4R2TPuiuE5sHk
al-dhafra,low,ChIJ4z4ri_FnZz4Rr0dEOiGx9FI
al-dhafra,low,ChIJ_UjhDgpnZz4RIjSYV7ez3HQ
al-dhafra,low,ChIJhRcH34NnZz4RiMOEBgVjZDY
al-dhafra,low,ChIJv9PAalFnZz4R6TMw9sAbMzM
al-dhafra,low,ChIJJ_vWKsJnZz4RUvF7Ip7gsIE
al-dhafra,low,ChIJxZ2_H29nZz4RXvuYJ7UQhOk
al-dhafra,low,ChIJmT2fsE9nZz4RSz-vzEMRX8M
al-dhafra,low,ChIJVf7l4ahnZz4RIJABTsAJ6_Q
al-dhafra,low,ChIJBc3J_KZnZz4RU9I8sA_DGrI
al-dhafra,low,ChIJpZ0WhY9nZz4RxhUv1cBgpZs
al-dhafra,low,ChIJKXOaFxhnZz4R47ny1MI7mEo
al-dhafra,low,ChIJX0gAt6hnZz4R_9MBs3wYxyA
al-dhafra,low,ChIJa3U1UYhnZz4R6BW6XZL_aCg
al-dhafra,medium,ChIJQ0b6O_ZpZz4R042RmWWzocs
al-dhafra,medium,ChIJ-2RUarlpZz4RkbqejW8J7VI
al-dhafra,medium,ChIJSamswnZoZz4RPV0waldsHxA
al-dhafra,medium,ChIJV39jFChnZz4REGForxT_MEg
al-dhafra,medium,ChIJsbzWiAlpZz4R6-aELCcsv7g
al-dhafra,medium,ChIJ73FGJQBpZz4R_hVp0SDsCrA
al-dhafra,medium,ChIJ64_zRwdnZz4RcLS_SLhM4NQ
al-dhafra,medium,ChIJ47lBrIZpZz4R8qMfIF7C0mc
al-dhafra,medium,ChIJtZEXprVpZz4ROlJHQcQefIY
al-dhafra,medium,ChIJYx6iMwBpZz4R0fI6fCnKOrA
al-dhafra,medium,ChIJD5GeJgBnZz4RY1BXTMUOG7k
al-dhafra,medium,ChIJN4jY3bVnZz4R_DSQOVuH63Y
al-dhafra,medium,ChIJFaP01K1nZz4R6RCYDvIow60
al-dhafra,medium,ChIJd6qp675nZz4RsfdRsLRGiOM
al-dhafra,medium,ChIJnRN2EqyjYD4R2TPuiuE5sHk
al-dhafra,medium,ChIJ4z4ri_FnZz4Rr0dEOiGx9FI
al-dhafra,medium,ChIJ_UjhDgpnZz4RIjSYV7ez3HQ
al-dhafra,medium,ChIJhRcH34NnZz4RiMOEBgVjZDY
al-dhafra,medium,ChIJv9PAalFnZz4R6TMw9sAbMzM
al-dhafra,medium,ChIJJ_vWKsJnZz4RUvF7Ip7gsIE
al-dhafra,medium,ChIJxZ2_H29nZz4RXvuYJ7UQhOk
al-dhafra,medium,ChIJmT2fsE9nZz4RSz-vzEMRX8M
al-dhafra,medium,ChIJVf7l4ahnZz4RIJABTsAJ6_Q
al-dhafra,medium,ChIJBc3J_KZnZz4RU9I8sA_DGrI
al-dhafra,medium,ChIJpZ0WhY9nZz4RxhUv1cBgpZs
al-dhafra,medium,ChIJKXOaFxhnZz4R47ny1MI7mEo
al-dhafra,medium,ChIJX0gAt6hnZz4R_9MBs3wYxyA
al-dhafra,medium,ChIJa3U1UYhnZz4R6BW6XZL_aCg
al-dhafra,high,ChIJQ0b6O_ZpZz4R042RmWWzocs
al-dhafra,high,ChIJ-2RUarlpZz4RkbqejW8J7VI
al-dhafra,high,ChIJSamswnZoZz4RPV0waldsHxA
al-dhafra,high,ChIJV39jFChnZz4REGForxT_MEg
al-dhafra,high,ChIJsbzWiAlpZz4R6-aELCcsv7g
al-dhafra,high,ChIJ73FGJQBpZz4R_hVp0SDsCrA
al-dhafra,high,ChIJ64_zRwdnZz4RcLS_SLhM4NQ
al-dhafra,high,ChIJ47lBrIZpZz4R8qMfIF7C0mc
al-dhafra,high,ChIJtZEXprVpZz4ROlJHQcQefIY
al-dhafra,high,ChIJYx6iMwBpZz4R0fI6fCnKOrA
al-dhafra,high,ChIJD5GeJgBnZz4RY1BXTMUOG7k
al-dhafra,high,ChIJN4jY3bVnZz4R_DSQOVuH63Y
al-dhafra,high,ChIJFaP01K1nZz4R6RCYDvIow60
al-dhafra,high,ChIJd6qp675nZz4RsfdRsLRGiOM
al-dhafra,high,ChIJnRN2EqyjYD4R2TPuiuE5sHk
al-dhafra,high,ChIJ4z4ri_FnZz4Rr0dEOiGx9FI
al-dhafra,high,ChIJ_UjhDgpnZz4RIjSYV7ez3HQ
al-dhafra,high,ChIJhRcH34NnZz4RiMOEBgVjZDY
al-dhafra,high,ChIJv9PAalFnZz4R6TMw9sAbMzM
al-dhafra,high,ChIJJ_vWKsJnZz4RUvF7Ip7gsIE
al-dhafra,high,ChIJxZ2_H29nZz4RXvuYJ7UQhOk
al-dhafra,high,ChIJmT2fsE9nZz4RSz-vzEMRX8M
al-dhafra,high,ChIJVf7l4ahnZz4RIJABTsAJ6_Q
al-dhafra,high,ChIJBc3J_KZnZz4RU9I8sA_DGrI
al-dhafra,high,ChIJpZ0WhY9nZz4RxhUv1cBgpZs
al-dhafra,high,ChIJKXOaFxhnZz4R47ny1MI7mEo
al-dhafra,high,ChIJX0gAt6hnZz4R_9MBs3wYxyA
al-dhafra,high,ChIJa3U1UYhnZz4R6BW6XZL_aCg
al-falah,low,ChIJUV6SAl9LXj4RJWzYz9AJzJc
al-falah,low,ChIJ-yPLqWJnXj4RARhFLzDIQDc
al-falah,low,ChIJf-mskP1LXj4Rwp8hj8OpI4Q
al-falah,low,ChIJbTzHK9BLXj4Rkf2blpN_OHs
al-falah,low,ChIJSQFcsM5LXj4RSSQoyypSq7Q
al-falah,low,ChIJEyNXSwBLXj4Rryi_vyyFOf4
al-falah,low,ChIJmx1MGFJLXj4R1DeoQzykyR8
al-falah,low,ChIJBfshCQBLXj4R8lLRss4p7rE
al-falah,low,ChIJu0XIBgBLXj4RNXhuRCd-vW8
al-falah,low,ChIJ9yCOWgBLXj4RNpETWETZQIs
al-falah,low,ChIJpyiz9sFLXj4R44LdwEBpgA0
al-falah,low,ChIJHTnQlVZKXj4RiaTEYsOcroA
al-falah,low,ChIJ2wgq0cKDfq8RI1aJLtodTok
al-falah,low,ChIJU-Jvx8ZLXj4ROEepDo8c2do
al-falah,low,ChIJmzoJWuVLXj4RqBn0BWJ2yrk
al-falah,low,ChIJB9iPPgBLXj4RcvY_sB8WxMA
al-falah,low,ChIJv066Aa1LXj4RLnzJJT43tGQ
al-falah,low,ChIJCWVOVMBLXj4R3mIpsIuRc0w
al-falah,low,ChIJJS9H8odLXj4RMBB1xetn8ZA
al-falah,low,ChIJ4bpFkLxLXj4RuvHAx35d5a0
al-falah,low,ChIJdUbDqP9LXj4RSAKS5ScIBrI
al-falah,low,ChIJL34CrU5KXj4RgMSMmWEYPcs
al-falah,low,ChIJiY916chLXj4RDkfGzvC9L9Y
al-falah,low,ChIJHdY88ulLXj4RxJwFo9jhF2g
al-falah,low,ChIJkcOkHe1LXj4RoGvVx_GBerI
al-falah,low,ChIJ8U8s0m1LXj4Ro5PzKtDofJA
al-falah,low,ChIJi8b_JRRLXj4RpcuKoAG2qjQ
al-falah,low,ChIJp-oXb_NLXj4RBDc3QGLm-uE
al-falah,low,ChIJ25NhJwBLXj4RR7-_dUZ3l7k
al-falah,low,ChIJwRS3lGZLXj4RBdg5XZufD1Y
al-falah,low,ChIJYQXTWupLXj4Rq7nhwQ2tKK4
al-falah,low,ChIJt5zCMjRLXj4RpfBYXaplTHw
al-falah,low,ChIJqTJYp2lLXj4RoBypwhbNdf0
al-falah,low,ChIJz2ltkixLXj4R7VAg6B_e7jg
al-falah,low,ChIJhTH3IQA3Xj4RxufTBS3mKI0
al-falah,low,ChIJGUvxqCQMLi4RhzATSVQSUus
al-falah,medium,ChIJtQjdJQA1Xj4RP5yMaTP93hg
al-falah,medium,ChIJU71fTgA3Xj4R1bZcBypM_6E
al-falah,medium,ChIJTfx2Fas1Xj4RXXv7RfOXp_s
al-falah,medium,ChIJ7WLNYuY1Xj4RBxk-Ae-QjbY
al-falah,medium,ChIJM-YUZ141Xj4RLhK3ykbv0bs
al-falah,medium,ChIJd4rl_D81Xj4RVl6fU4mhLwQ
al-falah,medium,ChIJ26YpFQA1Xj4RctDbCx9h3_U
al-falah,medium,ChIJo7CnN4Y1Xj4RfWHJLmKkqGw
al-falah,medium,ChIJ889aKgA1Xj4RONebCsiXQh8
al-falah,medium,ChIJBcz3X3M1Xj4RocQJ6R9_yao
al-falah,medium,ChIJ0-Mws2o1Xj4RW4GwqWyhMgI
al-falah,medium,ChIJM3Y7MQA1Xj4RMi1NpCifzoI
al-falah,medium,ChIJrU6TKAA1Xj4RsCw6icItnQQ
al-falah,medium,ChIJ50g2PzL07k0RZ8HvOz5zVsY
al-falah,medium,ChIJnT93iPc1Xj4RWqAWhWyU8V0
al-falah,medium,ChIJa0OxPwA1Xj4RnegqtFIPNZ0
al-falah,medium,ChIJJwJRkhhLXj4RHg-05l3AHaM
al-falah,medium,ChIJsX_aaoo1Xj4RIcWrAVwQBAQ
al-falah,medium,ChIJ-Rufg89LXj4R9LX9JgimYwE
al-falah,medium,ChIJbcsDXkQ1Xj4RgOPhTD1rMSE
al-falah,medium,ChIJCZuYUIQ1Xj4Ryjo4wDZZLZM
al-falah,medium,ChIJ4VOTJQA1Xj4R_WMsbGV9LTc
al-falah,medium,ChIJoehW3PVLXj4RU3UN_7ClLuM
al-falah,medium,ChIJ5RK9QAY1Xj4RFTSWJtfRiGs
al-falah,medium,ChIJpxu_lnI1Xj4RK0jVxTFi64k
al-falah,medium,ChIJWeldMhI1Xj4RKHbtwmzZg9Y
al-falah,medium,ChIJUV6SAl9LXj4RJWzYz9AJzJc
al-falah,medium,ChIJDTDKMwBLXj4RP4aLf7qiIW0
al-falah,medium,ChIJX2AtOQBLXj4RV43R0rNhdX8
al-falah,medium,ChIJgTTmDAA1Xj4RO-lptUYgWHk
al-falah,medium,ChIJ-yPLqWJnXj4RARhFLzDIQDc
al-falah,medium,ChIJf-mskP1LXj4Rwp8hj8OpI4Q
al-falah,medium,ChIJbTzHK9BLXj4Rkf2blpN_OHs
al-falah,medium,ChIJS4LrXUJKXj4R06eLXSFl_HI
al-falah,medium,ChIJcRPc8q5LXj4RBYS7OqLRv-4
al-falah,medium,ChIJSQFcsM5LXj4RSSQoyypSq7Q
al-falah,medium,ChIJEyNXSwBLXj4Rryi_vyyFOf4
al-falah,medium,ChIJmx1MGFJLXj4R1DeoQzykyR8
al-falah,medium,ChIJBfshCQBLXj4R8lLRss4p7rE
al-falah,medium,ChIJH9OQ6MdLXj4RhHK3jSbdvQg
al-falah,medium,ChIJu0XIBgBLXj4RNXhuRCd-vW8
al-falah,medium,ChIJ9yCOWgBLXj4RNpETWETZQIs
al-falah,medium,ChIJpyiz9sFLXj4R44LdwEBpgA0
al-falah,medium,ChIJDUqQz7xLXj4RmjBT0eLZ-aY
al-falah,medium,ChIJHTnQlVZKXj4RiaTEYsOcroA
al-falah,medium,ChIJ2wgq0cKDfq8RI1aJLtodTok
al-falah,medium,ChIJU-Jvx8ZLXj4ROEepDo8c2do
al-falah,medium,ChIJmzoJWuVLXj4RqBn0BWJ2yrk
al-falah,medium,ChIJB9iPPgBLXj4RcvY_sB8WxMA
al-falah,medium,ChIJv066Aa1LXj4RLnzJJT43tGQ
al-falah,medium,ChIJCWVOVMBLXj4R3mIpsIuRc0w
al-falah,medium,ChIJJS9H8odLXj4RMBB1xetn8ZA
al-falah,medium,ChIJ4bpFkLxLXj4RuvHAx35d5a0
al-falah,medium,ChIJdUbDqP9LXj4RSAKS5ScIBrI
al-falah,medium,ChIJL34CrU5KXj4RgMSMmWEYPcs
al-falah,medium,ChIJiY916chLXj4RDkfGzvC9L9Y
al-falah,medium,ChIJA3XvaTVJXj4R4gSJlIkcAPA
al-falah,medium,ChIJ3Tz_hthPXj4Ry_IfDWiVNDg
al-falah,medium,ChIJ9UmGSABPXj4REU0bkml0VRU
al-falah,medium,ChIJHdY88ulLXj4RxJwFo9jhF2g
al-falah,medium,ChIJkcOkHe1LXj4RoGvVx_GBerI
al-falah,medium,ChIJ8U8s0m1LXj4Ro5PzKtDofJA
al-falah,medium,ChIJi8b_JRRLXj4RpcuKoAG2qjQ
al-falah,medium,ChIJp-oXb_NLXj4RBDc3QGLm-uE
al-falah,medium,ChIJ25NhJwBLXj4RR7-_dUZ3l7k
al-falah,medium,ChIJwRS3lGZLXj4RBdg5XZufD1Y
al-falah,medium,ChIJYQXTWupLXj4Rq7nhwQ2tKK4
al-falah,medium,ChIJt5zCMjRLXj4RpfBYXaplTHw
al-falah,medium,ChIJqTJYp2lLXj4RoBypwhbNdf0
al-falah,medium,ChIJz2ltkixLXj4R7VAg6B_e7jg
al-falah,medium,ChIJhTH3IQA3Xj4RxufTBS3mKI0
al-falah,medium,ChIJGUvxqCQMLi4RhzATSVQSUus
al-falah,high,ChIJY5YI9essoS4RMF0Pwj868uk
al-falah,high,ChIJV6YIh8k3Xj4RrOj5e4LpLng
al-falah,high,ChIJY9wBUAA3Xj4RHgCm5aISavs
al-falah,high,ChIJfdd0XWc5Xj4R7X8N9miotYw
al-falah,high,ChIJOyibkek3Xj4RNtUWnHkJcHs
al-falah,high,ChIJt_rot6w3Xj4RywzijzxGx14
al-falah,high,ChIJlUSPaHk3Xj4R-ujE-YJrULs
al-falah,high,ChIJU7GpxLA1Xj4RSKr9u9jzzUQ
al-falah,high,ChIJg8R44gs1Xj4RZiQAYg7yCFE
al-falah,high,ChIJqQF5TQA1Xj4RO5cgOoFEFwA
al-falah,high,ChIJDbcz2A9tXz4RnqvVPtIP15c
al-falah,high,ChIJZ3vcheo3Xj4RnSWZDXWS72k
al-falah,high,ChIJlwG5_DI3Xj4RXNhToLQcoWw
al-falah,high,ChIJhzTbC103Xj4RjodcumrbGZw
al-falah,high,ChIJFSj2a4k3Xj4RTujzuydX3ys
al-falah,high,ChIJtQjdJQA1Xj4RP5yMaTP93hg
al-falah,high,ChIJU71fTgA3Xj4R1bZcBypM_6E
al-falah,high,ChIJ7UcHfQA3Xj4R62hNLli-kxI
al-falah,high,ChIJT6HWvGA3Xj4Rmf8dQzGbtGY
al-falah,high,ChIJO_qHc_43Xj4R-51XaEJ9OPQ
al-falah,high,ChIJAV19Lv83Xj4R1oqXSoHmJGk
al-falah,high,ChIJTcAI62k3Xj4RrDfM2aTKmJ8
al-falah,high,ChIJjX-vDS5HXj4RdLKTuTi86Vs
al-falah,high,ChIJz9fcsplJXj4R3XctupxLwzw
al-falah,high,ChIJmVS7RtpJXj4Rb9wAlFGyBaw
al-falah,high,ChIJZ1LG5gBDXj4RE09vzn8m_8Q
al-falah,high,ChIJP_gGHdE3Xj4Rm_qbfE31_R0
al-falah,high,ChIJVWQVD7E3Xj4RQ-5zO0t9tHU
al-falah,high,ChIJT3PvNzI3Xj4RJ1wkNwZNvPk
al-falah,high,ChIJ98vusWNJXj4RXbp7IqKZZgo
al-falah,high,ChIJQxZCWlw3Xj4RqQ5C33U4JIc
al-falah,high,ChIJ2wGFVwA3Xj4RRZiJN7Utd3E
al-falah,high,ChIJJWo7LP43Xj4R-zT_vBfl0Bw
al-falah,high,ChIJTfx2Fas1Xj4RXXv7RfOXp_s
al-falah,high,ChIJ7WLNYuY1Xj4RBxk-Ae-QjbY
al-falah,high,ChIJM-YUZ141Xj4RLhK3ykbv0bs
al-falah,high,ChIJd4rl_D81Xj4RVl6fU4mhLwQ
al-falah,high,ChIJDwJ1_qo1Xj4Ryf1W99mZ24k
al-falah,high,ChIJ26YpFQA1Xj4RctDbCx9h3_U
al-falah,high,ChIJo7CnN4Y1Xj4RfWHJLmKkqGw
al-falah,high,ChIJN_IABwA1Xj4R44U4ZKasTRk
al-falah,high,ChIJ889aKgA1Xj4RONebCsiXQh8
al-falah,high,ChIJBcz3X3M1Xj4RocQJ6R9_yao
al-falah,high,ChIJ0-Mws2o1Xj4RW4GwqWyhMgI
al-falah,high,ChIJM3Y7MQA1Xj4RMi1NpCifzoI
al-falah,high,ChIJrU6TKAA1Xj4RsCw6icItnQQ
al-falah,high,ChIJ0cOMMAA1Xj4R49nhQLfOfic
al-falah,high,ChIJ_SrUsS01Xj4Rhmo8NERqJzg
al-falah,high,ChIJBS7VJgA1Xj4R5JeBo9r3QH8
al-falah,high,ChIJ50g2PzL07k0RZ8HvOz5zVsY
al-falah,high,ChIJ1VkFDyw1Xj4R_HMr9kiR7po
al-falah,high,ChIJBXw9oJs1Xj4RU9yu4toxb5w
al-falah,high,ChIJUS3xMgBnXj4RmyCpXIBc1bE
al-falah,high,ChIJzyPbvrtHXj4R6KGLA8AAb2Q
al-falah,high,ChIJlVCCajQmE6QRPxItws2xgAc
al-falah,high,ChIJ69xfDaRHXj4R9w_joO8apaw
al-falah,high,ChIJR8LWo1tGXj4Rx0MLzz2712E
al-falah,high,ChIJgwQaObtoXj4RnWr9rQqAL9g
al-falah,high,ChIJKWCUUOFHXj4Rrd1yQPVEeQs
al-falah,high,ChIJg26InplHXj4RXG9GjMhTi2M
al-falah,high,ChIJmzfKIsZHXj4Rrih7HO9RVEw
al-falah,high,ChIJWZqMfGPLXz4RzawoztEqiN8
al-falah,high,ChIJIdc3eS6CU2oRfKdORtrjY1c
al-falah,high,ChIJVVVVVWVGXj4RGN8NnKuUiYw
al-falah,high,ChIJT2jWaABHXj4RnRduqhYIfac
al-falah,high,ChIJlQA9FmVLXj4RFVoutOwlpcM
al-falah,high,ChIJvWRdzGpHXj4RVrdYzftLegk
al-falah,high,ChIJnT93iPc1Xj4RWqAWhWyU8V0
al-falah,high,ChIJa0OxPwA1Xj4RnegqtFIPNZ0
al-falah,high,ChIJJwJRkhhLXj4RHg-05l3AHaM
al-falah,high,ChIJsX_aaoo1Xj4RIcWrAVwQBAQ
al-falah,high,ChIJ-Rufg89LXj4R9LX9JgimYwE
al-falah,high,ChIJbcsDXkQ1Xj4RgOPhTD1rMSE
al-falah,high,ChIJCZuYUIQ1Xj4Ryjo4wDZZLZM
al-falah,high,ChIJ4VOTJQA1Xj4R_WMsbGV9LTc
al-falah,high,ChIJoehW3PVLXj4RU3UN_7ClLuM
al-falah,high,ChIJ5RK9QAY1Xj4RFTSWJtfRiGs
al-falah,high,ChIJpxu_lnI1Xj4RK0jVxTFi64k
al-falah,high,ChIJWeldMhI1Xj4RKHbtwmzZg9Y
al-falah,high,ChIJUV6SAl9LXj4RJWzYz9AJzJc
al-falah,high,ChIJDTDKMwBLXj4RP4aLf7qiIW0
al-falah,high,ChIJX2AtOQBLXj4RV43R0rNhdX8
al-falah,high,ChIJgTTmDAA1Xj4RO-lptUYgWHk
al-falah,high,ChIJOXqcoflHXj4Rw9lYL-ImdG0
al-falah,high,ChIJ14qBf3tmXj4Ryl0XGGlJi5A
al-falah,high,ChIJA3hjb-NHXj4ROuB2SgejwCc
al-falah,high,ChIJMSB4C35HXj4RZaFWsB2HzPA
al-falah,high,ChIJ93WxzyVGXj4RV-nEwzu_2CI
al-falah,high,ChIJR7yaYMIr0A8RJ1xxI2XJjZQ
al-falah,high,ChIJ7YfCKAXNFAARAun7rUoz3ns
al-falah,high,ChIJz9Ih5T5GXj4RFa6jMlBD1lU
al-falah,high,ChIJ_YYU-SlHXj4R_s2xoMvN3H8
al-falah,high,ChIJCf71DQBHXj4RGSg-Rap3pzQ
al-falah,high,ChIJq6qq6mlGXj4RO92VESUx4Jc
al-falah,high,ChIJk3jzKPdHXj4R0MWNKxJuIRI
al-falah,high,ChIJkWCcYQBHXj4R4DwKrMJEBbc
al-falah,high,ChIJpYqPLKxHXj4RC99ZOhG1Mbw
al-falah,high,ChIJAbHY8TNJXj4RCFVFm83o6-w
al-falah,high,ChIJae_1NFRJXj4RCUMrko0sCNc
al-falah,high,ChIJpe7674JHXj4R4qEwHDutwpo
al-falah,high,ChIJ-yPLqWJnXj4RARhFLzDIQDc
al-falah,high,ChIJf-mskP1LXj4Rwp8hj8OpI4Q
al-falah,high,ChIJbTzHK9BLXj4Rkf2blpN_OHs
al-falah,high,ChIJS4LrXUJKXj4R06eLXSFl_HI
al-falah,high,ChIJcRPc8q5LXj4RBYS7OqLRv-4
al-falah,high,ChIJSQFcsM5LXj4RSSQoyypSq7Q
al-falah,high,ChIJEyNXSwBLXj4Rryi_vyyFOf4
al-falah,high,ChIJmx1MGFJLXj4R1DeoQzykyR8
al-falah,high,ChIJBfshCQBLXj4R8lLRss4p7rE
al-falah,high,ChIJH9OQ6MdLXj4RhHK3jSbdvQg
al-falah,high,ChIJu0XIBgBLXj4RNXhuRCd-vW8
al-falah,high,ChIJ9yCOWgBLXj4RNpETWETZQIs
al-falah,high,ChIJpyiz9sFLXj4R44LdwEBpgA0
al-falah,high,ChIJDUqQz7xLXj4RmjBT0eLZ-aY
al-falah,high,ChIJHTnQlVZKXj4RiaTEYsOcroA
al-falah,high,ChIJ2wgq0cKDfq8RI1aJLtodTok
al-falah,high,ChIJU-Jvx8ZLXj4ROEepDo8c2do
al-falah,high,ChIJjVmxV54IyG8Rb6vQGYUtChQ
al-falah,high,ChIJJb5APb1FXj4RU9aUzn6zONo
al-falah,high,ChIJDauAueVFXj4R3Xmnuq3eL3M
al-falah,high,ChIJdzZoddFFXj4RJUxCBRKNlz8
al-falah,high,ChIJCcq3fX1GXj4RHBRRQQMXNlE
al-falah,high,ChIJew69Lv1FXj4RjK59U-COz1k
al-falah,high,ChIJH26D38ZFXj4RrPiy947PD0w
al-falah,high,ChIJ32dV6-JFXj4RirMzddSWiYA
al-falah,high,ChIJieGTC7ZPXj4RX_8hfMRV2HY
al-falah,high,ChIJV8rMtqhHXj4R1k1OzNyPle4
al-falah,high,ChIJwReRVwZPXj4RpK7PtgYsZSw
al-falah,high,ChIJVdq-wf5HXj4RAyEN29J_D4Q
al-falah,high,ChIJoV3tjb5FXj4RPTMhunNNho0
al-falah,high,ChIJcRE_l2NmXj4Rs7yNgCkivuE
al-falah,high,ChIJCRc4ebdFXj4RDqx1r4bzbto
al-falah,high,ChIJx_35IbpFXj4RiBbhXLiaAmA
al-falah,high,ChIJg9vaPitJXj4RteR_PONRSLE
al-falah,high,ChIJaxDupR1JXj4RxkHSywjtQnU
al-falah,high,ChIJu1fiwWpJXj4RVNRMH1pYlyA
al-falah,high,ChIJEQ2uFQBJXj4R8QG8_u2Tfu8
al-falah,high,ChIJp3xbSABJXj4RArqZJvxrev0
al-falah,high,ChIJURVpPwBJXj4RqJu7MxgB1zo
al-falah,high,ChIJmzoJWuVLXj4RqBn0BWJ2yrk
al-falah,high,ChIJB9iPPgBLXj4RcvY_sB8WxMA
al-falah,high,ChIJv066Aa1LXj4RLnzJJT43tGQ
al-falah,high,ChIJCWVOVMBLXj4R3mIpsIuRc0w
al-falah,high,ChIJJS9H8odLXj4RMBB1xetn8ZA
al-falah,high,ChIJ4bpFkLxLXj4RuvHAx35d5a0
al-falah,high,ChIJdUbDqP9LXj4RSAKS5ScIBrI
al-falah,high,ChIJL34CrU5KXj4RgMSMmWEYPcs
al-falah,high,ChIJiY916chLXj4RDkfGzvC9L9Y
al-falah,high,ChIJZUhSv6tFXj4R7ZpJFnYGOTw
al-falah,high,ChIJK1krJPdFXj4RQVCLQY9UeGY
al-falah,high,ChIJz5Tsn31PXj4RrE5jIkDZ7vw
al-falah,high,ChIJY6BbY3ZPXj4RrUQtPfRTC6M
al-falah,high,ChIJiZM66x5PXj4RIbSt7qEUTzI
al-falah,high,ChIJL3H83LJPXj4RKlSye3d8n04
al-falah,high,ChIJp_cpJsFPXj4RIWhXvPqu7X0
al-falah,high,ChIJAUJXWQBPXj4RFsvzWMRVP5w
al-falah,high,ChIJ4yH5BgBPXj4Rq8jB2riSSG0
al-falah,high,ChIJPeHUOZ9PXj4RP72F07qBF7g
al-falah,high,ChIJD4c_XalPXj4RdqRn4Ir54qU
al-falah,high,ChIJA3XvaTVJXj4R4gSJlIkcAPA
al-falah,high,ChIJ3Tz_hthPXj4Ry_IfDWiVNDg
al-falah,high,ChIJ9UmGSABPXj4REU0bkml0VRU
al-falah,high,ChIJHdY88ulLXj4RxJwFo9jhF2g
al-falah,high,ChIJkcOkHe1LXj4RoGvVx_GBerI
al-falah,high,ChIJ8U8s0m1LXj4Ro5PzKtDofJA
al-falah,high,ChIJi8b_JRRLXj4RpcuKoAG2qjQ
al-falah,high,ChIJp-oXb_NLXj4RBDc3QGLm-uE
al-falah,high,ChIJ25NhJwBLXj4RR7-_dUZ3l7k
al-falah,high,ChIJwRS3lGZLXj4RBdg5XZufD1Y
al-falah,high,ChIJYQXTWupLXj4Rq7nhwQ2tKK4
al-falah,high,ChIJt5zCMjRLXj4RpfBYXaplTHw
al-falah,high,ChIJqTJYp2lLXj4RoBypwhbNdf0
al-falah,high,ChIJURfcOI9FXj4RQMm5phqBgY8
al-falah,high,ChIJ4UkIgGJFXj4Rqq_4olKf64c
al-falah,high,ChIJFZhIAO5DXj4RzlYwDOcq5NA
al-falah,high,ChIJX56uiH1FXj4R0q65jZPBHjU
al-falah,high,ChIJAdgYhN5PXj4RaWe6WoDcrrc
al-falah,high,ChIJsXh-qCRFXj4RPD1S74hayKA
al-falah,high,ChIJNe0TlU1PXj4Refjm7kiQahI
al-falah,high,ChIJnbUMv8FFXj4RNd5I0EaxNd0
al-falah,high,ChIJldsuf4dPXj4RP-dmBlvAypc
al-falah,high,ChIJiRA2fSNFXj4RMWrYFpOYLvQ
al-falah,high,ChIJUa8OzOlFXj4Rwz13Z_Ot4xk
al-falah,high,ChIJHxjtWBlFXj4RDcKTU8utwso
al-falah,high,ChIJo0AcVmRFXj4RX_BMC8Yz8Rc
al-falah,high,ChIJeQR6m39FXj4R_lb3bZ30fCg
al-falah,high,ChIJ3-uGn0Iz26cR1MLoPgqPDNw
al-falah,high,ChIJB0itbYNFXj4RSJ3-1CYpOfo
al-falah,high,ChIJs8VLrXFFXj4RAgma1lPZzZw
al-falah,high,ChIJ8ZtA3AhPXj4R9bv4hORDLjI
al-falah,high,ChIJw8rScR1FXj4RqBQrVfnEKSg
al-falah,high,ChIJ356381xFXj4RleluuqcjXKw
al-falah,high,ChIJzytGPQBFXj4ROm4eylf7Kho
al-falah,high,ChIJO454ZwBPXj4RZFsKq4kIvPw
al-falah,high,ChIJW3C9ewBPXj4REgscJwT0eTs
al-falah,high,ChIJzQ8rNUhOXj4RGlCfY1LYDIc
al-falah,high,ChIJc2TrBABPXj4RuGMwJyG_aN4
al-falah,high,ChIJWUO80Z9PXj4ReoD9XBjFuPM
al-falah,high,ChIJJZQinK9PXj4R8pDiVbY5L1w
al-falah,high,ChIJfxUbmz5OXj4Rh_bZxj75WL4
al-falah,high,ChIJfySZEadpXj4RQFGCOlwRwOg
al-falah,high,ChIJp323AgBPXj4RrofDoXgnPcg
al-falah,high,ChIJD4CyS3NOXj4RscRpJQ6SRmc
al-falah,high,ChIJd4DLeFpPXj4RfCwYjK8HG7o
al-falah,high,ChIJCZNgIwBPXj4RBXDQ6gQyJZc
al-falah,high,ChIJ_QS6FTNPXj4Rh1Dtow6vH_Y
al-falah,high,ChIJ5YtLV7hPXj4R30frPezuOe8
al-falah,high,ChIJUcq4CQBPXj4RrP8bmXN55UI
al-falah,high,ChIJbSN1CLFPXj4Rl9x9Aro5dag
al-falah,high,ChIJhTfJMztRXj4RxFVl3wqJQak
al-falah,high,ChIJh9wAonFPXj4R6P2_rlevv90
al-falah,high,ChIJRcFIcQBPXj4R_ffjuPKPC3w
al-falah,high,ChIJ6xBtUQBPXj4RBIivJTZdPiE
al-falah,high,ChIJFbcipNZPXj4RDzs7kJAKif8
al-falah,high,ChIJm4-13dJPXj4RGhVhaDMey88
al-falah,high,ChIJtcOjwlZPXj4RzHRLm0qD3cg
al-falah,high,ChIJAQMQu4BPXj4RgzlYD-d7xlE
al-falah,high,ChIJPaBozw5OXj4RFHmj9O7KVNQ
al-falah,high,ChIJUayCUE5PXj4Rg1xfk-miDhw
al-falah,high,ChIJ0buKpw5OXj4R8Q_RMWwMbHU
al-falah,high,ChIJr3cA2epPXj4RcS6qJB4IjtA
al-falah,high,ChIJf3cbfzdPXj4RMbH1w9jcBl8
al-falah,high,ChIJ80o6kQxOXj4R3GhiXR5zl-E
al-falah,high,ChIJc7DZPwlnXj4RDLTM5fIWTaY
al-falah,high,ChIJ-WMhQYxPXj4RV48sW_jXqOo
al-falah,high,ChIJqRwwWXtPXj4RIFw8lRVEroE
al-falah,high,ChIJq55P8zdPXj4RgpexpFVFk9Q
al-falah,high,ChIJFbhrTABPXj4RGr41seI0ToA
al-falah,high,ChIJ05JPFVNPXj4Rs8Z2F_7JQ6E
al-falah,high,ChIJO5rnYmBRXj4R1pXDgiZmjbw
al-falah,high,ChIJA_bkfvdRXj4RIn9092gR8BA
al-falah,high,ChIJt5VoqPdRXj4R15pqzNESzv8
al-falah,high,ChIJibicqPdRXj4R8213z11_N4Y
al-falah,high,ChIJBcezDOBRXj4ReyZ1UMIFj00
al-falah,high,ChIJab-JA4RRXj4RbxVemc2x5kk
al-falah,high,ChIJCfv3ErtRXj4RCJFiBgEm7ag
al-falah,high,ChIJPz1dPzVRXj4RKKiV5j-5NB4
al-falah,high,ChIJ3ziKcCpTXj4RwqXtq8cgUOg
al-falah,high,ChIJN3D6p8dPXj4R3yBQqwyBw3M
al-falah,high,ChIJMRP7IAFPXj4RSz1qPAw9NhI
al-falah,high,ChIJ0eiMDgBPXj4RbtWaL1szmjY
al-falah,high,ChIJF3S7gY5PXj4Rj-9MkNrGVCc
al-falah,high,ChIJE9GxX6BHXj4RGlt2IQolkFo
al-falah,high,ChIJrzaR6p5PXj4RhUr3DeYN2qM
al-falah,high,ChIJz2ltkixLXj4R7VAg6B_e7jg
al-falah,high,ChIJUQwY39BPXj4RsxvhH-xf4yg
al-falah,high,ChIJhTH3IQA3Xj4RxufTBS3mKI0
al-falah,high,ChIJGUvxqCQMLi4RhzATSVQSUus
al-falah,high,ChIJP2wFAmlFXj4RyTAG9SZLuOo
al-falah,high,ChIJ4wFe7_lHXj4RtfXZggHE9rQ
al-falah,high,ChIJYfh3OItpXj4Rt3V__N7ZRco
al-falah,high,ChIJee0fKLBHXj4R3ULumaNyt_E
al-falah,high,ChIJo4M7ff5HXj4RozyClVf8rfk
al-falah,high,ChIJycN1AhxFXj4RscBwotobRns
al-falah,high,ChIJt4ngRthFXj4R7qe029dMUJU
al-jada,low,ChIJg6NTysVfXz4RHQLIQndvGv8
al-jada,low,ChIJ0Tgw0U5fXz4RhEkAt36l9Qw
al-jada,low,ChIJDVozUgBfXz4R1X5XT6W1Lwg
al-jada,low,ChIJ-0Ja9_VfXz4RA7bw0daJgLc
al-jada,low,ChIJ1eNhgd9fXz4RuvRh2auxfkM
al-jada,low,ChIJbVJoeP1fXz4RmxIr7Pr7lBY
al-jada,low,ChIJL-m58dNfXz4RAMZ-FxG2Fzo
al-jada,low,ChIJ9S5b2oNfXz4R_9ibqLSAeuA
al-jada,low,ChIJ-zN-A-lZXz4RvtTGiuchu-A
al-jada,low,ChIJTWl3Wnr19T4RfTl83jrc028
al-jada,low,ChIJ8W5lPs_19T4RfkbaAdufyM8
al-jada,low,ChIJbxwhBQD19T4Ree2T_eVOIPA
al-jada,low,ChIJlx4c34NfXz4RNWeXsP1TyJk
al-jada,low,ChIJQR_bfiJfXz4R8_7vwfdZEq4
al-jada,low,ChIJ1fk5k8JfXz4RhXaNK864CY4
al-jada,low,ChIJhS4YWLBfXz4RVr0X3Q-igSA
al-jada,low,ChIJN9iT5I9fXz4Ra9wX-HJfdKQ
al-jada,low,ChIJaTUdmCBfXz4R3UO495zgSlk
al-jada,low,ChIJA-EyzRdfXz4RE3t3rQSKlSc
al-jada,low,ChIJq6qqqv1YXz4RaNpdZFGR3P0
al-jada,low,ChIJ0-U5SDVfXz4RjzjD_EyJoHs
al-jada,low,ChIJR2fkRYJfXz4REzmPziZ6qpg
al-jada,low,ChIJW8oMfABfXz4RIcRUJoLLXbg
al-jada,low,ChIJd1MjLz1fXz4RjRjnzrOqlkg
al-jada,low,ChIJS9adGiBfXz4ROf65E4Hk_-U
al-jada,low,ChIJS77minNfXz4R2YZQP0h5-UU
al-jada,low,ChIJXwWRdABfXz4RnN7GMvtyDOA
al-jada,low,ChIJp2gR5idfXz4RPjz-9-DprGg
al-jada,low,ChIJofTmTdpfXz4RdMzeH2B-GwU
al-jada,low,ChIJ7SSzQkJfXz4RFrgppMVBRuI
al-jada,low,ChIJFfN9e0RfXz4RHL2GZN8Ean4
al-jada,low,ChIJVZE-ciZfXz4Rp3c1vTep_ys
al-jada,low,ChIJiVO5P-BfXz4RikSUGaTr2XU
al-jada,low,ChIJcU1Ba6JfXz4Rth2bex0_nlU
al-jada,low,ChIJr9DXCOBfXz4Rwj9WKHJI-MI
al-jada,low,ChIJe72N3cNfXz4RSiXGHtRMUkA
al-jada,low,ChIJBzCGSQBfXz4R2kEJKf63JkE
al-jada,low,ChIJy9j-38VfXz4R-tbo6hKJ2IY
al-jada,low,ChIJfUxSTsRfXz4RCsKQ7BV-KbM
al-jada,low,ChIJU50SyDtfXz4RB-Gqo67mIxk
al-jada,low,ChIJg135IVJfXz4RrnzZCk-satQ
al-jada,low,ChIJQ_iYnghfXz4RCInkdSg3_Sw
al-jada,low,ChIJJUbFlrz19T4Rmn8pIcJzj30
al-jada,low,ChIJu81xwBpfXz4RRRg116nWxg0
al-jada,low,ChIJYy1ZBHxfXz4RpGS9b2k2eXo
al-jada,low,ChIJWZ5gTL5fXz4RqO4LzvFchyg
al-jada,low,ChIJ7YAC5uZfXz4RAOK_CywTiUw
al-jada,low,ChIJFZkKF4JfXz4RhqrSSsI3xps
al-jada,low,ChIJMeE-dnJfXz4RQivhpNxdXFA
al-jada,low,ChIJbY8bpeFfXz4RfpbWgug8jv0
al-jada,low,ChIJKwaeJQBfXz4RuRGxRQDn_RU
al-jada,low,ChIJsVnEq25fXz4Rnr-ENLe7oYU
al-jada,low,ChIJKYc-EWBfXz4RkNN7aXLiX_A
al-jada,low,ChIJeaTqXzlfXz4R1KgagkXcaxo
al-jada,low,ChIJRxogNgZfXz4RPygt_5RDYpY
al-jada,low,ChIJba3ay3tfXz4ReallJjjtNy4
al-jada,low,ChIJ69cB64hfXz4RK3vfHvUDtpw
al-jada,low,ChIJ27NNoSxfXz4RzhvOVsqbLlw
al-jada,low,ChIJvV3b1rFfXz4RaJp24DnxVbo
al-jada,low,ChIJN6aauTZfXz4RtNoV8PagHvM
al-jada,low,ChIJx4xh6HZfXz4RqYvmGjtdv2o
al-jada,low,ChIJ6wqSJytfXz4RIsuiHeaU9CE
al-jada,low,ChIJDZC5RU5fXz4RSTvVwJfCFCY
al-jada,low,ChIJLbMyubJfXz4R7jEQHDNVNAA
al-jada,low,ChIJPWxxDQBfXz4R5Y2CPgKhr4k
al-jada,low,ChIJEWHiVadfXz4R3tvFPPHpaVU
al-jada,low,ChIJj_i5049bXz4Rm-V7iESj4V4
al-jada,low,ChIJoV3UJn9fXz4RHnbMlfa6fMQ
al-jada,low,ChIJIa3LyNtfXz4RTV76_-xpZ7g
al-jada,low,ChIJi913rc5bXz4RYJ2keUu5-Hg
al-jada,low,ChIJiShrsCxfXz4RMGrgk1TyvJc
al-jada,low,ChIJIYXza0BfXz4RUW80wJ9zHZA
al-jada,low,ChIJkycPAQBfXz4R9R7m8IJwDKU
al-jada,low,ChIJh5MPNeNfXz4RmPNDH8rWRa0
al-jada,low,ChIJN2oSBwBfXz4RgRU81SjhsFU
al-jada,low,ChIJl2BnIelfXz4RJgZZlncmjJQ
al-jada,low,ChIJeajZ57RfXz4R7OJY8K-vEpo
al-jada,medium,ChIJx9eINHZfXz4RhzBrl896A-w
al-jada,medium,ChIJvWyw6kX19T4RKpNsMC75Aa4
al-jada,medium,ChIJ7TmETYT19T4R69vnLMm-jvE
al-jada,medium,ChIJ-ZHKLlH19T4RdNWQNGWwVcE
al-jada,medium,ChIJ1VCGKgD19T4Rm4fIVIhnb5w
al-jada,medium,ChIJ9XdCEIhP9D4R8V7UtQ_ekF0
al-jada,medium,ChIJN2WxUO319T4RV8dksDE1AAQ
al-jada,medium,ChIJEz8KWKD552IR_ZSDLvRqyNU
al-jada,medium,ChIJmbGG9mhfXz4RsF6TvXHGj8w
al-jada,medium,ChIJ1yByaqdfXz4RHhgEkUvYCZQ
al-jada,medium,ChIJjQZufONeXz4R8OsmQMDIssc
al-jada,medium,ChIJm7iVyrMlRqURIp9-0RjFOKc
al-jada,medium,ChIJlwqgEzJfXz4RR6emFcENWZM
al-jada,medium,ChIJQYAIdw5fXz4RsBCXNvyRoCs
al-jada,medium,ChIJL4sJdvtfXz4RMsvZXencQ0U
al-jada,medium,ChIJE5wiehRfXz4RUOEscbo2EeY
al-jada,medium,ChIJBd3hzeJXfyMRta-fcmfoNuI
al-jada,medium,ChIJf2rzvRhfXz4RzvR4GqMP9Hs
al-jada,medium,ChIJIbqEfFlfXz4RXyDQmljIUKo
al-jada,medium,ChIJCfMbbW9fXz4RveIw7fKrTCc
al-jada,medium,ChIJg6NTysVfXz4RHQLIQndvGv8
al-jada,medium,ChIJ0Tgw0U5fXz4RhEkAt36l9Qw
al-jada,medium,ChIJDVozUgBfXz4R1X5XT6W1Lwg
al-jada,medium,ChIJ-0Ja9_VfXz4RA7bw0daJgLc
al-jada,medium,ChIJ1eNhgd9fXz4RuvRh2auxfkM
al-jada,medium,ChIJj7Jm3t6b9T4RO1TlKMMHK8M
al-jada,medium,ChIJbVJoeP1fXz4RmxIr7Pr7lBY
al-jada,medium,ChIJ39ts4aJfXz4RLvBpILB1RJY
al-jada,medium,ChIJuzCH_qlfXz4RZh8WQHgLwd8
al-jada,medium,ChIJX8dksxlfXz4R1e1sT07AKUI
al-jada,medium,ChIJL-m58dNfXz4RAMZ-FxG2Fzo
al-jada,medium,ChIJ9S5b2oNfXz4R_9ibqLSAeuA
al-jada,medium,ChIJ-zN-A-lZXz4RvtTGiuchu-A
al-jada,medium,ChIJTWl3Wnr19T4RfTl83jrc028
al-jada,medium,ChIJ8W5lPs_19T4RfkbaAdufyM8
al-jada,medium,ChIJbxwhBQD19T4Ree2T_eVOIPA
al-jada,medium,ChIJG1_3OwD19T4RAvZ6eS3sQxw
al-jada,medium,ChIJQ1jzTu319T4RslXJOrTSANg
al-jada,medium,ChIJl3DPcKj19T4Rg2K5JVhf7ck
al-jada,medium,ChIJMYZFl77z9T4R0gzSYtweQIc
al-jada,medium,ChIJuzBCbMpeXz4RxZW0WD98Ct0
al-jada,medium,ChIJD9p-vLBfXz4RYW3xh4FKnG0
al-jada,medium,ChIJ93PtZgBZXz4RI7w-Xtw5MfU
al-jada,medium,ChIJlx4c34NfXz4RNWeXsP1TyJk
al-jada,medium,ChIJQR_bfiJfXz4R8_7vwfdZEq4
al-jada,medium,ChIJ1fk5k8JfXz4RhXaNK864CY4
al-jada,medium,ChIJhS4YWLBfXz4RVr0X3Q-igSA
al-jada,medium,ChIJN9iT5I9fXz4Ra9wX-HJfdKQ
al-jada,medium,ChIJaTUdmCBfXz4R3UO495zgSlk
al-jada,medium,ChIJA-EyzRdfXz4RE3t3rQSKlSc
al-jada,medium,ChIJq6qqqv1YXz4RaNpdZFGR3P0
al-jada,medium,ChIJ0-U5SDVfXz4RjzjD_EyJoHs
al-jada,medium,ChIJR2fkRYJfXz4REzmPziZ6qpg
al-jada,medium,ChIJW8oMfABfXz4RIcRUJoLLXbg
al-jada,medium,ChIJd1MjLz1fXz4RjRjnzrOqlkg
al-jada,medium,ChIJS9adGiBfXz4ROf65E4Hk_-U
al-jada,medium,ChIJS77minNfXz4R2YZQP0h5-UU
al-jada,medium,ChIJXwWRdABfXz4RnN7GMvtyDOA
al-jada,medium,ChIJp2gR5idfXz4RPjz-9-DprGg
al-jada,medium,ChIJofTmTdpfXz4RdMzeH2B-GwU
al-jada,medium,ChIJ7SSzQkJfXz4RFrgppMVBRuI
al-jada,medium,ChIJFfN9e0RfXz4RHL2GZN8Ean4
al-jada,medium,ChIJVZE-ciZfXz4Rp3c1vTep_ys
al-jada,medium,ChIJiVO5P-BfXz4RikSUGaTr2XU
al-jada,medium,ChIJcU1Ba6JfXz4Rth2bex0_nlU
al-jada,medium,ChIJr9DXCOBfXz4Rwj9WKHJI-MI
al-jada,medium,ChIJe72N3cNfXz4RSiXGHtRMUkA
al-jada,medium,ChIJBzCGSQBfXz4R2kEJKf63JkE
al-jada,medium,ChIJy9j-38VfXz4R-tbo6hKJ2IY
al-jada,medium,ChIJfUxSTsRfXz4RCsKQ7BV-KbM
al-jada,medium,ChIJU50SyDtfXz4RB-Gqo67mIxk
al-jada,medium,ChIJg135IVJfXz4RrnzZCk-satQ
al-jada,medium,ChIJQ_iYnghfXz4RCInkdSg3_Sw
al-jada,medium,ChIJJUbFlrz19T4Rmn8pIcJzj30
al-jada,medium,ChIJB4RGDtz19T4RFor4lFp-5uk
al-jada,medium,ChIJmS_bQQD19T4RzH7R42KJ-bQ
al-jada,medium,ChIJ00-Ax4L19T4RG7REf_i4OS0
al-jada,medium,ChIJP9ZJETpdXz4R9pYBm6ZcG0o
al-jada,medium,ChIJpcnaFnr19T4Ruz1_jTMk8_o
al-jada,medium,ChIJ4SIJ-_Hz9T4RRxT3HVLaEak
al-jada,medium,ChIJl_G_HOFZXz4R2PnapI98n0o
al-jada,medium,ChIJxZWfPCFZXz4RrR7kgogRbRs
al-jada,medium,ChIJBV8FjRZZXz4RmqXXsT4z61o
al-jada,medium,ChIJI6kdiclZXz4RxZY6UTyFWoU
al-jada,medium,ChIJL5YDXKVZXz4RnfZj13al2Ng
al-jada,medium,ChIJax8yHhdZXz4RbpgE5mygB3g
al-jada,medium,ChIJifgXa5xZXz4RIfhneYBaeZg
al-jada,medium,ChIJNY29cDNZXz4RT5H-KSCWfCo
al-jada,medium,ChIJO8VOgxVZXz4RATnT-vho3m0
al-jada,medium,ChIJ7SIfIBVZXz4R0e0eh9Mq9LI
al-jada,medium,ChIJUSIIsRBZXz4R70gQkI41nIw
al-jada,medium,ChIJnf_kDzBZXz4Ry6AQbetEHfA
al-jada,medium,ChIJX8Cw0BBZXz4Rb2uZZEkEAPw
al-jada,medium,ChIJB2RZRz9ZXz4RDJDxu0WJR5g
al-jada,medium,ChIJcfgzQz5ZXz4R76xWmFnB528
al-jada,medium,ChIJlxL3RqtZXz4R55LgCV2JNQc
al-jada,medium,ChIJc3_ZrDhZXz4RfcuPCWZBYOI
al-jada,medium,ChIJu81xwBpfXz4RRRg116nWxg0
al-jada,medium,ChIJYy1ZBHxfXz4RpGS9b2k2eXo
al-jada,medium,ChIJWZ5gTL5fXz4RqO4LzvFchyg
al-jada,medium,ChIJb8vnGMFYXz4RNDvewkI1L4w
al-jada,medium,ChIJ7YAC5uZfXz4RAOK_CywTiUw
al-jada,medium,ChIJFZkKF4JfXz4RhqrSSsI3xps
al-jada,medium,ChIJMeE-dnJfXz4RQivhpNxdXFA
al-jada,medium,ChIJG5O8OD_19T4ReFZfaBhH-T8
al-jada,medium,ChIJg6umBAD19T4RuZBInE-fVMg
al-jada,medium,ChIJwZjRHvr19T4RGQDuWHQjCxQ
al-jada,medium,ChIJTbjikgtZXz4RMiGNoUNLPnw
al-jada,medium,ChIJc5khtppZXz4RofafrhU7b2o
al-jada,medium,ChIJ9fLeKQBZXz4RANcolwUEpRo
al-jada,medium,ChIJ4flbZQdZXz4R1rPa-ar1hto
al-jada,medium,ChIJz_-SIeVZXz4RKPHZoQto1SE
al-jada,medium,ChIJ5z7QNuRYXz4RfwEqF0YOBNY
al-jada,medium,ChIJz3MWcgBZXz4RidNKVFe3LfM
al-jada,medium,ChIJq7Dq9v5ZXz4RQ4IhL0h77o0
al-jada,medium,ChIJH9ezoptZXz4RfRCnIn9sH_4
al-jada,medium,ChIJFW-SXABZXz4R4Ml8b4JtD3Y
al-jada,medium,ChIJ0cnKjVBYXz4RKA_FL7Mb5RA
al-jada,medium,ChIJyZLa-MNZXz4RuY4N3AHUYVs
al-jada,medium,ChIJ_47sagBZXz4RsbCxjoIIUIw
al-jada,medium,ChIJhe5sgyZZXz4Rk9Rm4lC265o
al-jada,medium,ChIJecETiaH39T4Rq7O0o-tgGtM
al-jada,medium,ChIJRSDw2PX39T4RseVuWvDd5vQ
al-jada,medium,ChIJXZWEseP39T4RnHrpKtcirAo
al-jada,medium,ChIJMSec71dZXz4RV4CORjjmTxY
al-jada,medium,ChIJNxucuvv39T4RY5NdfQIytkE
al-jada,medium,ChIJpQMjbQBZXz4RzscUup6hkN8
al-jada,medium,ChIJrwkkTBv39T4RdDA9sAXQGzs
al-jada,medium,ChIJVT_tAD5DdwgRbn4DNMU6-18
al-jada,medium,ChIJ5c5EP2lZXz4R07DF9QCU9pc
al-jada,medium,ChIJtdX9NH5ZXz4RYJrrD5aVdyk
al-jada,medium,ChIJo3g7Ct5ZXz4RGQ0rROQAQc0
al-jada,medium,ChIJDZ-wGwD39T4R1OOO3DMuXEs
al-jada,medium,ChIJdyOsJA339T4Rt18fInECe9E
al-jada,medium,ChIJbY8bpeFfXz4RfpbWgug8jv0
al-jada,medium,ChIJKwaeJQBfXz4RuRGxRQDn_RU
al-jada,medium,ChIJsVnEq25fXz4Rnr-ENLe7oYU
al-jada,medium,ChIJKYc-EWBfXz4RkNN7aXLiX_A
al-jada,medium,ChIJk2Ha7wwsCaYR5GsD3akLXjA
al-jada,medium,ChIJeaTqXzlfXz4R1KgagkXcaxo
al-jada,medium,ChIJRxogNgZfXz4RPygt_5RDYpY
al-jada,medium,ChIJOVXQ5vVfXz4RDjGG7cOA23M
al-jada,medium,ChIJba3ay3tfXz4ReallJjjtNy4
al-jada,medium,ChIJcZMY08BbXz4RAXhSzvsLDDw
al-jada,medium,ChIJzQgcys53RqAR_1d4ZjhnbR0
al-jada,medium,ChIJ69cB64hfXz4RK3vfHvUDtpw
al-jada,medium,ChIJ27NNoSxfXz4RzhvOVsqbLlw
al-jada,medium,ChIJY6RZGEdZXz4RtiEBnARWTcE
al-jada,medium,ChIJvV3b1rFfXz4RaJp24DnxVbo
al-jada,medium,ChIJxZOmoLJZXz4R5KcEH4_1d3g
al-jada,medium,ChIJN6aauTZfXz4RtNoV8PagHvM
al-jada,medium,ChIJx4xh6HZfXz4RqYvmGjtdv2o
al-jada,medium,ChIJ6wqSJytfXz4RIsuiHeaU9CE
al-jada,medium,ChIJDZC5RU5fXz4RSTvVwJfCFCY
al-jada,medium,ChIJzYRGHGxfXz4RvTgt5jyI_0I
al-jada,medium,ChIJLbMyubJfXz4R7jEQHDNVNAA
al-jada,medium,ChIJ9d_jLvpfXz4Re8S-DpdAuS4
al-jada,medium,ChIJPWxxDQBfXz4R5Y2CPgKhr4k
al-jada,medium,ChIJEWHiVadfXz4R3tvFPPHpaVU
al-jada,medium,ChIJj_i5049bXz4Rm-V7iESj4V4
al-jada,medium,ChIJoV3UJn9fXz4RHnbMlfa6fMQ
al-jada,medium,ChIJhWNgXfdfXz4R3hm16pMSu6Y
al-jada,medium,ChIJIa3LyNtfXz4RTV76_-xpZ7g
al-jada,medium,ChIJi913rc5bXz4RYJ2keUu5-Hg
al-jada,medium,ChIJn_LnZbxfXz4Rv6Gq40f4q9M
al-jada,medium,ChIJiShrsCxfXz4RMGrgk1TyvJc
al-jada,medium,ChIJIYXza0BfXz4RUW80wJ9zHZA
al-jada,medium,ChIJkycPAQBfXz4R9R7m8IJwDKU
al-jada,medium,ChIJh5MPNeNfXz4RmPNDH8rWRa0
al-jada,medium,ChIJN2oSBwBfXz4RgRU81SjhsFU
al-jada,medium,ChIJJ4OGQABfXz4RBoipTrHlTUU
al-jada,medium,ChIJl2BnIelfXz4RJgZZlncmjJQ
al-jada,medium,ChIJBSqy7q1ZXz4RzZkmJwu7HaE
al-jada,medium,ChIJ0yPsdiNfXz4R1rGMNPMSeec
al-jada,medium,ChIJeajZ57RfXz4R7OJY8K-vEpo
al-jada,medium,ChIJWxW2p2dfXz4RqBbXWd-aO2U
al-jada,high,ChIJNVkYsUuL9T4Rt4eUMifUdbw
al-jada,high,ChIJK6PlfQCL9T4RD6tc7OVbuCA
al-jada,high,ChIJPQy4geKL9T4R5ZuKxJ8pEWw
al-jada,high,ChIJZ7ClfM6L9T4RbjLhikU4LyE
al-jada,high,ChIJ_0gXAISL9T4Rlqo99_m605U
al-jada,high,ChIJu6ovpteL9T4Rh_O-ynZzQn8
al-jada,high,ChIJ4Vx1LACL9T4RvdzH1Und2J4
al-jada,high,ChIJC_J85XGL9T4R7Mr4qeWFYtY
al-jada,high,ChIJmxnBTwCL9T4RCrbwBxz4zxk
al-jada,high,ChIJJZDmKq2L9T4RgS7V3sqJfSo
al-jada,high,ChIJbx10c82L9T4RtUZzUuN99S0
al-jada,high,ChIJ14XxXtKL9T4R87Fuh9QiJt4
al-jada,high,ChIJN0qEE0-L9T4RgoVq8ZpLnqU
al-jada,high,ChIJx2lIUfRZXz4RwlTKXL1P5f8
al-jada,high,ChIJfThM1iWL9T4R0W8MstvyEdM
al-jada,high,ChIJyTUPKreL9T4RCUID3eplp-A
al-jada,high,ChIJ2eqEPwCL9T4RSC_OP77Ugww
al-jada,high,ChIJoTMF3n-L9T4RSxeolYxGTpI
al-jada,high,ChIJh5RdUwCL9T4RjEtx8tOwawc
al-jada,high,ChIJ0w8YBgCL9T4RSZ8SlcO0bNU
al-jada,high,ChIJ5XClUuSL9T4RjX1DuD4vpvU
al-jada,high,ChIJEcnOpABfXz4RNtqV04qlULs
al-jada,high,ChIJ2eQpKC1fXz4RH_ILhIzZbN0
al-jada,high,ChIJw8M7dwBfXz4RaVa_fnwYnEM
al-jada,high,ChIJx9eINHZfXz4RhzBrl896A-w
al-jada,high,ChIJvWyw6kX19T4RKpNsMC75Aa4
al-jada,high,ChIJ7TmETYT19T4R69vnLMm-jvE
al-jada,high,ChIJ-ZHKLlH19T4RdNWQNGWwVcE
al-jada,high,ChIJ1VCGKgD19T4Rm4fIVIhnb5w
al-jada,high,ChIJS8YrdINZXz4RlzXpeskDvSE
al-jada,high,ChIJ_TBdgMqL9T4RQ0edjcydPHQ
al-jada,high,ChIJhbd-LwCL9T4RBNN3we1GrZA
al-jada,high,ChIJc3vsE4ZfXz4RciJDXV37q94
al-jada,high,ChIJ9XdCEIhP9D4R8V7UtQ_ekF0
al-jada,high,ChIJN2WxUO319T4RV8dksDE1AAQ
al-jada,high,ChIJ_TuYT4r19T4RVtVlxeODhb8
al-jada,high,ChIJMz9SwymL9T4Rz8Ew0-tz4yk
al-jada,high,ChIJizFRLgCL9T4RQ28w4g3S-Bc
al-jada,high,ChIJFzHiL3HgUQIRuuSDOmRhUqw
al-jada,high,ChIJ-4r2rEH8hg4RWTnsPU0Q4qg
al-jada,high,ChIJx54KLX6L9T4ROLHI4vl6QRk
al-jada,high,ChIJwa_PajZcXz4RLar0UQTyHbg
al-jada,high,ChIJcalR9YLDj0gRx59Jmhk6tIs
al-jada,high,ChIJn2Buu9JfXz4RgaDjCvjXS1E
al-jada,high,ChIJEz8KWKD552IR_ZSDLvRqyNU
al-jada,high,ChIJmbGG9mhfXz4RsF6TvXHGj8w
al-jada,high,ChIJ1yByaqdfXz4RHhgEkUvYCZQ
al-jada,high,ChIJjQZufONeXz4R8OsmQMDIssc
al-jada,high,ChIJm7iVyrMlRqURIp9-0RjFOKc
al-jada,high,ChIJlwqgEzJfXz4RR6emFcENWZM
al-jada,high,ChIJQYAIdw5fXz4RsBCXNvyRoCs
al-jada,high,ChIJL4sJdvtfXz4RMsvZXencQ0U
al-jada,high,ChIJE5wiehRfXz4RUOEscbo2EeY
al-jada,high,ChIJBd3hzeJXfyMRta-fcmfoNuI
al-jada,high,ChIJf2rzvRhfXz4RzvR4GqMP9Hs
al-jada,high,ChIJIbqEfFlfXz4RXyDQmljIUKo
al-jada,high,ChIJCfMbbW9fXz4RveIw7fKrTCc
al-jada,high,ChIJg6NTysVfXz4RHQLIQndvGv8
al-jada,high,ChIJ0Tgw0U5fXz4RhEkAt36l9Qw
al-jada,high,ChIJDVozUgBfXz4R1X5XT6W1Lwg
al-jada,high,ChIJ-0Ja9_VfXz4RA7bw0daJgLc
al-jada,high,ChIJ1eNhgd9fXz4RuvRh2auxfkM
al-jada,high,ChIJj7Jm3t6b9T4RO1TlKMMHK8M
al-jada,high,ChIJbVJoeP1fXz4RmxIr7Pr7lBY
al-jada,high,ChIJ39ts4aJfXz4RLvBpILB1RJY
al-jada,high,ChIJuzCH_qlfXz4RZh8WQHgLwd8
al-jada,high,ChIJX8dksxlfXz4R1e1sT07AKUI
al-jada,high,ChIJL-m58dNfXz4RAMZ-FxG2Fzo
al-jada,high,ChIJ9S5b2oNfXz4R_9ibqLSAeuA
al-jada,high,ChIJ-zN-A-lZXz4RvtTGiuchu-A
al-jada,high,ChIJTWl3Wnr19T4RfTl83jrc028
al-jada,high,ChIJ8W5lPs_19T4RfkbaAdufyM8
al-jada,high,ChIJbxwhBQD19T4Ree2T_eVOIPA
al-jada,high,ChIJG1_3OwD19T4RAvZ6eS3sQxw
al-jada,high,ChIJQ1jzTu319T4RslXJOrTSANg
al-jada,high,ChIJl3DPcKj19T4Rg2K5JVhf7ck
al-jada,high,ChIJMYZFl77z9T4R0gzSYtweQIc
al-jada,high,ChIJATup8W7z9T4RR8dJ9pCxnQ4
al-jada,high,ChIJ08PJWvtdXz4RldfPk4H69kw
al-jada,high,ChIJn0H48zpfXz4RjSyn5XhZVSk
al-jada,high,ChIJJ1SRzkxZXz4RNl8UYadaCgo
al-jada,high,ChIJX_unnZtfXz4RdR6kFg5F_o0
al-jada,high,ChIJuzBCbMpeXz4RxZW0WD98Ct0
al-jada,high,ChIJD9p-vLBfXz4RYW3xh4FKnG0
al-jada,high,ChIJ93PtZgBZXz4RI7w-Xtw5MfU
al-jada,high,ChIJu7JZ0yVfXz4RbFSPi2GjBbU
al-jada,high,ChIJI3ew5ExZXz4RoLVH8STHE5g
al-jada,high,ChIJlx4c34NfXz4RNWeXsP1TyJk
al-jada,high,ChIJQR_bfiJfXz4R8_7vwfdZEq4
al-jada,high,ChIJ1fk5k8JfXz4RhXaNK864CY4
al-jada,high,ChIJhS4YWLBfXz4RVr0X3Q-igSA
al-jada,high,ChIJN9iT5I9fXz4Ra9wX-HJfdKQ
al-jada,high,ChIJaTUdmCBfXz4R3UO495zgSlk
al-jada,high,ChIJA-EyzRdfXz4RE3t3rQSKlSc
al-jada,high,ChIJq6qqqv1YXz4RaNpdZFGR3P0
al-jada,high,ChIJ0-U5SDVfXz4RjzjD_EyJoHs
al-jada,high,ChIJR2fkRYJfXz4REzmPziZ6qpg
al-jada,high,ChIJW8oMfABfXz4RIcRUJoLLXbg
al-jada,high,ChIJd1MjLz1fXz4RjRjnzrOqlkg
al-jada,high,ChIJS9adGiBfXz4ROf65E4Hk_-U
al-jada,high,ChIJS77minNfXz4R2YZQP0h5-UU
al-jada,high,ChIJXwWRdABfXz4RnN7GMvtyDOA
al-jada,high,ChIJp2gR5idfXz4RPjz-9-DprGg
al-jada,high,ChIJofTmTdpfXz4RdMzeH2B-GwU
al-jada,high,ChIJ7SSzQkJfXz4RFrgppMVBRuI
al-jada,high,ChIJFfN9e0RfXz4RHL2GZN8Ean4
al-jada,high,ChIJVZE-ciZfXz4Rp3c1vTep_ys
al-jada,high,ChIJiVO5P-BfXz4RikSUGaTr2XU
al-jada,high,ChIJcU1Ba6JfXz4Rth2bex0_nlU
al-jada,high,ChIJr9DXCOBfXz4Rwj9WKHJI-MI
al-jada,high,ChIJe72N3cNfXz4RSiXGHtRMUkA
al-jada,high,ChIJBzCGSQBfXz4R2kEJKf63JkE
al-jada,high,ChIJy9j-38VfXz4R-tbo6hKJ2IY
al-jada,high,ChIJfUxSTsRfXz4RCsKQ7BV-KbM
al-jada,high,ChIJU50SyDtfXz4RB-Gqo67mIxk
al-jada,high,ChIJg135IVJfXz4RrnzZCk-satQ
al-jada,high,ChIJQ_iYnghfXz4RCInkdSg3_Sw
al-jada,high,ChIJJUbFlrz19T4Rmn8pIcJzj30
al-jada,high,ChIJB4RGDtz19T4RFor4lFp-5uk
al-jada,high,ChIJmS_bQQD19T4RzH7R42KJ-bQ
al-jada,high,ChIJ00-Ax4L19T4RG7REf_i4OS0
al-jada,high,ChIJP9ZJETpdXz4R9pYBm6ZcG0o
al-jada,high,ChIJpcnaFnr19T4Ruz1_jTMk8_o
al-jada,high,ChIJ4SIJ-_Hz9T4RRxT3HVLaEak
al-jada,high,ChIJi5pos8VbXz4RES8hmlV1PZM
al-jada,high,ChIJR7cOhsRbXz4RaeMjaS6xFCI
al-jada,high,ChIJaZVR4APfLYoRDs8nQwNkq7A
al-jada,high,ChIJXXgtvxxbXz4Rlqv7kZXur5o
al-jada,high,ChIJYTEDHthbXz4RnoCtk0BM6cw
al-jada,high,ChIJiarrbNJbXz4ROcMKETPWAx4
al-jada,high,ChIJiyMMy9BbXz4ReIW8bqdQNoc
al-jada,high,ChIJP_C8v9pbXz4RnnmAdu9SxYo
al-jada,high,ChIJ0UiETNhbXz4RDViHG_j-l-M
al-jada,high,ChIJYT6ACepbXz4RbA8joNTo0qs
al-jada,high,ChIJ8c8GkDRbXz4R8J0sEh84QHI
al-jada,high,ChIJRZm6tGdZXz4RMtNnX-1S6SE
al-jada,high,ChIJIyAbliNbXz4ReAGBa_WDMPI
al-jada,high,ChIJl_G_HOFZXz4R2PnapI98n0o
al-jada,high,ChIJxZWfPCFZXz4RrR7kgogRbRs
al-jada,high,ChIJBV8FjRZZXz4RmqXXsT4z61o
al-jada,high,ChIJI6kdiclZXz4RxZY6UTyFWoU
al-jada,high,ChIJL5YDXKVZXz4RnfZj13al2Ng
al-jada,high,ChIJax8yHhdZXz4RbpgE5mygB3g
al-jada,high,ChIJifgXa5xZXz4RIfhneYBaeZg
al-jada,high,ChIJNY29cDNZXz4RT5H-KSCWfCo
al-jada,high,ChIJO8VOgxVZXz4RATnT-vho3m0
al-jada,high,ChIJ7SIfIBVZXz4R0e0eh9Mq9LI
al-jada,high,ChIJUSIIsRBZXz4R70gQkI41nIw
al-jada,high,ChIJnf_kDzBZXz4Ry6AQbetEHfA
al-jada,high,ChIJX8Cw0BBZXz4Rb2uZZEkEAPw
al-jada,high,ChIJB2RZRz9ZXz4RDJDxu0WJR5g
al-jada,high,ChIJcfgzQz5ZXz4R76xWmFnB528
al-jada,high,ChIJn2BI9j1ZXz4Rj41HaqibPz0
al-jada,high,ChIJlxL3RqtZXz4R55LgCV2JNQc
al-jada,high,ChIJc3_ZrDhZXz4RfcuPCWZBYOI
al-jada,high,ChIJu81xwBpfXz4RRRg116nWxg0
al-jada,high,ChIJYy1ZBHxfXz4RpGS9b2k2eXo
al-jada,high,ChIJWZ5gTL5fXz4RqO4LzvFchyg
al-jada,high,ChIJb8vnGMFYXz4RNDvewkI1L4w
al-jada,high,ChIJ7YAC5uZfXz4RAOK_CywTiUw
al-jada,high,ChIJFZkKF4JfXz4RhqrSSsI3xps
al-jada,high,ChIJMeE-dnJfXz4RQivhpNxdXFA
al-jada,high,ChIJG5O8OD_19T4ReFZfaBhH-T8
al-jada,high,ChIJg6umBAD19T4RuZBInE-fVMg
al-jada,high,ChIJwZjRHvr19T4RGQDuWHQjCxQ
al-jada,high,ChIJiwrxMnjz9T4RC4ym26jqJEM
al-jada,high,ChIJg2Zhr0bz9T4RAVGvlNiR4Lk
al-jada,high,ChIJpaLl1klaXz4RJ7NpssMgXGI
al-jada,high,ChIJDUGzwT9bXz4RmNUWNM5W5sQ
al-jada,high,ChIJYzCocDRaXz4RBKZ-V2N0F1s
al-jada,high,ChIJ-SbnyvRbXz4RfQjq13pbrGw
al-jada,high,ChIJVY46pyVaXz4RzVkT4CG1nZI
al-jada,high,ChIJV-X779NbXz4RXLgsfd2Qdtk
al-jada,high,ChIJS2tOxdNbXz4RdU_0twitk8U
al-jada,high,ChIJC-LiLblbXz4RwUJ71FrEeuk
al-jada,high,ChIJV6VTbM9bXz4RWiNkOtSA3e4
al-jada,high,ChIJv2v-ZM1bXz4RoJXkKBGxPLY
al-jada,high,ChIJxwcPV5VZXz4R2bv268leaCc
al-jada,high,ChIJ986svptZXz4Rh8-DejpYy2U
al-jada,high,ChIJaYl9CpVZXz4Rerjtulc7fLw
al-jada,high,ChIJoW2158pZXz4R681YZDFGm_0
al-jada,high,ChIJuasNK4lZXz4RIrgLLmvKOPA
al-jada,high,ChIJ-f6tkZpZXz4RyxQJE89NlAI
al-jada,high,ChIJqyowzS1ZXz4RYeSkHpS17Wc
al-jada,high,ChIJTbjikgtZXz4RMiGNoUNLPnw
al-jada,high,ChIJR2ozSM5bXz4RulJTF9Db8wo
al-jada,high,ChIJzeiDwopZXz4RsBN-yI7LOjs
al-jada,high,ChIJFcUSgcBZXz4RN5ZvDWcYex0
al-jada,high,ChIJw72UwopZXz4RMQ7WbiegsPY
al-jada,high,ChIJa05eCtdbXz4RDd1zazjwkJ0
al-jada,high,ChIJZdM2KYhZXz4RXkWhN4nwSH4
al-jada,high,ChIJOTjnnYlZXz4RXtTkz9y19OU
al-jada,high,ChIJT7HlRwtZXz4R48RUdHYu8Gg
al-jada,high,ChIJ37qvhKpZXz4Rq2v_8cBjicM
al-jada,high,ChIJc5khtppZXz4RofafrhU7b2o
al-jada,high,ChIJ9fLeKQBZXz4RANcolwUEpRo
al-jada,high,ChIJ4flbZQdZXz4R1rPa-ar1hto
al-jada,high,ChIJz_-SIeVZXz4RKPHZoQto1SE
al-jada,high,ChIJ5z7QNuRYXz4RfwEqF0YOBNY
al-jada,high,ChIJz3MWcgBZXz4RidNKVFe3LfM
al-jada,high,ChIJq7Dq9v5ZXz4RQ4IhL0h77o0
al-jada,high,ChIJH9ezoptZXz4RfRCnIn9sH_4
al-jada,high,ChIJPe3wOXEWO6wRWtfbUrbbtiU
al-jada,high,ChIJFW-SXABZXz4R4Ml8b4JtD3Y
al-jada,high,ChIJ0cnKjVBYXz4RKA_FL7Mb5RA
al-jada,high,ChIJyZLa-MNZXz4RuY4N3AHUYVs
al-jada,high,ChIJTxqY0ShZXz4Rt2N2fcRxMbE
al-jada,high,ChIJ_47sagBZXz4RsbCxjoIIUIw
al-jada,high,ChIJ6QF8vV5ZXz4RZu_pIFWZ5ts
al-jada,high,ChIJhe5sgyZZXz4Rk9Rm4lC265o
al-jada,high,ChIJecETiaH39T4Rq7O0o-tgGtM
al-jada,high,ChIJRSDw2PX39T4RseVuWvDd5vQ
al-jada,high,ChIJXZWEseP39T4RnHrpKtcirAo
al-jada,high,ChIJMSec71dZXz4RV4CORjjmTxY
al-jada,high,ChIJNxucuvv39T4RY5NdfQIytkE
al-jada,high,ChIJxX4-UQBbXz4Rp3Ky8M4DsI4
al-jada,high,ChIJpQMjbQBZXz4RzscUup6hkN8
al-jada,high,ChIJrwkkTBv39T4RdDA9sAXQGzs
al-jada,high,ChIJla8vNqX39T4RlMErtwQfxEE
al-jada,high,ChIJgy5dPQD39T4R89UwMIHenOU
al-jada,high,ChIJVT_tAD5DdwgRbn4DNMU6-18
al-jada,high,ChIJ5c5EP2lZXz4R07DF9QCU9pc
al-jada,high,ChIJtdX9NH5ZXz4RYJrrD5aVdyk
al-jada,high,ChIJo3g7Ct5ZXz4RGQ0rROQAQc0
al-jada,high,ChIJDZ-wGwD39T4R1OOO3DMuXEs
al-jada,high,ChIJ3-vLGIH39T4RVX-llbsFBqw
al-jada,high,ChIJdyOsJA339T4Rt18fInECe9E
al-jada,high,ChIJGaD8KLD39T4RqJF9Ou8b2Fs
al-jada,high,ChIJrz9xCmb39T4RmmCYZGyHE2w
al-jada,high,ChIJNfWoh_xZXz4R1kJlmTJQajo
al-jada,high,ChIJlSaINc_39T4RNt-nVOp30Qs
al-jada,high,ChIJIbSLUzL39T4RbSu-xtRh-Sw
al-jada,high,ChIJLzNrCnv39T4RITHZMJ5OC8g
al-jada,high,ChIJ-8vV4r_39T4RSyDcBH0b2DU
al-jada,high,ChIJCZUZ-Kv39T4RgJ7Z8VmpmQY
al-jada,high,ChIJL7qTKQD39T4RyzYRbMVaN4w
al-jada,high,ChIJ9SP1sIH39T4RG89Qla7AH24
al-jada,high,ChIJx_Zd-3339T4RpJDALbGe2cE
al-jada,high,ChIJddRat0T39T4R5w7W6EZT6QY
al-jada,high,ChIJz5iPBwD39T4RXJqGj8Io3sU
al-jada,high,ChIJC-NkV6L39T4R6buSi-Sectw
al-jada,high,ChIJsWAf4fP39T4RAN2Fb_jhfW4
al-jada,high,ChIJYQkN2bv39T4ReQTw616WGo4
al-jada,high,ChIJX3iiY0X39T4RGe0mb0byD1o
al-jada,high,ChIJRyceFgz39T4ROfSOG1cTX08
al-jada,high,ChIJ6wOu7UX39T4Rk5lD26PEn4w
al-jada,high,ChIJsyqvDtn39T4Rsc9pU-qpaj4
al-jada,high,ChIJq1BfPjf39T4R8SygzPKtZ-0
al-jada,high,ChIJjxRFDwD39T4RJhx2ztYmeO0
al-jada,high,ChIJn2l6sKj29T4RSKLmRnwqQ0I
al-jada,high,ChIJz4-X7-f39T4RcGUe4JNAlWw
al-jada,high,ChIJU_FE7oxZXz4RAFCCz9C5dmM
al-jada,high,ChIJQZrjjTRbXz4Rm3L3nXV8IIo
al-jada,high,ChIJFcKxeSBaXz4R8WST9RkRqfM
al-jada,high,ChIJv6xVZQBZXz4RIrGysNq_T4s
al-jada,high,ChIJyQxxvi5bXz4RAjUySCPJHgc
al-jada,high,ChIJnyOydrFbXz4R4JYajH31_E8
al-jada,high,ChIJ9d5Zv2FZXz4RekweShNhSmg
al-jada,high,ChIJSSutuPtZXz4R-q3irtOKbPA
al-jada,high,ChIJ8VfD6ZBZXz4RNVGSTqpfcOs
al-jada,high,ChIJYeE_PiJZXz4RCcoYmz6qM2Y
al-jada,high,ChIJX8NLochZXz4RXUX6OY43kvg
al-jada,high,ChIJtb-vyZ5ZXz4RzPsraGvzSWA
al-jada,high,ChIJ7TxI2rlZXz4RM1Hpx4Ft7PU
al-jada,high,ChIJR0AlBQD39T4Rhkdrrc8ZkOw
al-jada,high,ChIJL5UnvElYXz4RfTOyREySQFY
al-jada,high,ChIJEStQPTdYXz4RCxyE-4Vssvo
al-jada,high,ChIJ1xgX5lpZXz4Ru0C_B5RsoLM
al-jada,high,ChIJ7XCRQQpZXz4Rs8WBvUGdS0c
al-jada,high,ChIJKy56GZ5ZXz4RFWV5nEbeJrw
al-jada,high,ChIJnzecHPZZXz4RpOlbna9cNEE
al-jada,high,ChIJT-SLNgBZXz4R69tuLE6Vwjw
al-jada,high,ChIJiVzmMwBZXz4R_b78-VDu4QA
al-jada,high,ChIJzwEk5KtZXz4RJni9xzjlfDQ
al-jada,high,ChIJs-_OiLBZXz4RX-HvbwLDPcA
al-jada,high,ChIJcWEsIQBZXz4RNJAxpndkJZM
al-jada,high,ChIJiRfmYABZXz4Rh_ar-xSmE2Q
al-jada,high,ChIJE4chTClZXz4R7vURiYtbRHI
al-jada,high,ChIJQQmx7Y1ZXz4RAv79CtVvwsw
al-jada,high,ChIJcacNWbf39T4RDWotpb8jMus
al-jada,high,ChIJcwLLYwD39T4RoKWnNtXG0lg
al-jada,high,ChIJqf_R9cP39T4RsR0sWdnNUnc
al-jada,high,ChIJG9DvA7b39T4R_vFGVnPdQKo
al-jada,high,ChIJT1y__EJZXz4RVzIdpFE9o-E
al-jada,high,ChIJg9wrhwP39T4RbAvwIvQJQSc
al-jada,high,ChIJFzyI1Sv39T4RO0leKO8-hKE
al-jada,high,ChIJAWggAsX39T4Ru6TQSSwpb7s
al-jada,high,ChIJY9UAGwD39T4RwqRxYKPHRw8
al-jada,high,ChIJRTYMoov39T4RYfX-BjBZ0ac
al-jada,high,ChIJq0Z68lj39T4RvTwZNGABf3Q
al-jada,high,ChIJz7ujP4v39T4Rhn6dsxA6MTE
al-jada,high,ChIJ4YkuPuj39T4R_ttSDyUX_Ow
al-jada,high,ChIJQWEKTwD39T4Rtmgm2NGJAtI
al-jada,high,ChIJIYco2-D39T4RyV0dvb5eRb8
al-jada,high,ChIJ6yJ8xH339T4RdrHKP-ht-74
al-jada,high,ChIJqdz6lhL15AkRDroG1Pax7PY
al-jada,high,ChIJaw6DlnlZXz4R6Wohe6SdHu4
al-jada,high,ChIJOw1g7mj39T4RcKn6jhG2PxM
al-jada,high,ChIJPUnAq7P39T4R_SBftpYjFVc
al-jada,high,ChIJGSSaSsn39T4RoUh4GkaLlSw
al-jada,high,ChIJraraFLr39T4RI8KbEK_XTOk
al-jada,high,ChIJ88Rba_P39T4Rqyu0zWNfVB0
al-jada,high,ChIJh2LjVgH39T4RodicwmhEEVk
al-jada,high,ChIJ8w-mOJj39T4RS24Re6oroyg
al-jada,high,ChIJfWERuuf39T4RrSXNYqnpatA
al-jada,high,ChIJAQAAAC1YXz4Rp2tzuVzG9t0
al-jada,high,ChIJPxximpBzhC0R3or17RmeePk
al-jada,high,ChIJAet_lFRXXz4RReAJbaM8_Jc
al-jada,high,ChIJL-iPGABZXz4R6OqqfW4gthE
al-jada,high,ChIJLT8BhnZZXz4R12Ig81DTM54
al-jada,high,ChIJa32N9BRYXz4RiVJ4tpp8Sa0
al-jada,high,ChIJRVh9rwFZXz4RtZYO2SOYym4
al-jada,high,ChIJ7Ru9OKhZXz4R_2ZlVuOUK5Q
al-jada,high,ChIJka39-Y5ZXz4ReNFxwZDGgEQ
al-jada,high,ChIJ7Vocftr39T4REpOVurs1msw
al-jada,high,ChIJpcQL2Zb59T4RTt2ZkZzMzFo
al-jada,high,ChIJDzM109z39T4R88QYlEnC7XE
al-jada,high,ChIJ76yd4PqN9T4RT_pz84cqTSc
al-jada,high,ChIJE5SpO22L9T4RmawTWJ9Jq4E
al-jada,high,ChIJFdTTLFLz9T4RusbcNuBwG78
al-jada,high,ChIJK520WADz9T4R9xYhk-I89rA
al-jada,high,ChIJs3Af7I3z9T4RERNqEmPGVXk
al-jada,high,ChIJHSc1dAD39T4R2sM-w1uvVd4
al-jada,high,ChIJcVoE_TT39T4RvJ-CqcAOAuY
al-jada,high,ChIJy2MCv0_39T4RcI785jsHews
al-jada,high,ChIJuW4eKQD39T4RxTuP1MXxxE4
al-jada,high,ChIJhbXTZ8bx9T4RDAsTLMCOn_k
al-jada,high,ChIJyZQ0uB9aXz4RCbgazxmaGhA
al-jada,high,ChIJiab8M9FZXz4RAAUVKAV6tco
al-jada,high,ChIJV840rIpZXz4RYmY2b2Tpizc
al-jada,high,ChIJ4xMtFABZXz4RI4BRMJ9nLrc
al-jada,high,ChIJAZMxfwBZXz4RSeXo0-oOcrc
al-jada,high,ChIJtQqCK-9ZXz4RrqTLd5UQZPc
al-jada,high,ChIJWzEXYbT39T4ResidvZKTXwo
al-jada,high,ChIJMUgE9NNDXz4RfHfPOl7VkCQ
al-jada,high,ChIJ8xGbGeP39T4Rm5-7nyuKOFY
al-jada,high,ChIJE7m7YgD39T4RZ289z0rt93c
al-jada,high,ChIJX4ys89j39T4R6na1HCdMS1M
al-jada,high,ChIJMa3Mz_X39T4R8luq-LLd2aw
al-jada,high,ChIJxaYniL_39T4RcbHqWYCBOQU
al-jada,high,ChIJO3u6oFz39T4RB8VAZRwsKCc
al-jada,high,ChIJxcttoQ-L9T4RbUoG3Gdxdsg
al-jada,high,ChIJU_746sbx9T4RrtTmvUfrluM
al-jada,high,ChIJJQrjd1Px9T4RkxJQtyIdccs
al-jada,high,ChIJl1-ttAZYXz4Rg7kRPWsMWL8
al-jada,high,ChIJzWX1N6RZXz4RHJe2KBvcJk0
al-jada,high,ChIJu-7PendZXz4R3oX7WmpQv4Q
al-jada,high,ChIJu650cFjx9T4RcKJOrpTgQiU
al-jada,high,ChIJx3lSZd3x9T4RsTJdhV6xITA
al-jada,high,ChIJq-IAqcPx9T4Rbe4OkRjAt3E
al-jada,high,ChIJZdrX_4Lx9T4RJF41Qm_h2FE
al-jada,high,ChIJHw9WfQDx9T4Ry3OLr0LbjbQ
al-jada,high,ChIJ77OnRh_x9T4RBV6J1rPR-2E
al-jada,high,ChIJXzWbSgDx9T4RSb4cuoK6gCE
al-jada,high,ChIJbY8bpeFfXz4RfpbWgug8jv0
al-jada,high,ChIJKwaeJQBfXz4RuRGxRQDn_RU
al-jada,high,ChIJsVnEq25fXz4Rnr-ENLe7oYU
al-jada,high,ChIJhSJ5XYNeXz4RFLQxzanhjeI
al-jada,high,ChIJKYc-EWBfXz4RkNN7aXLiX_A
al-jada,high,ChIJMTOHD0xbXz4RAqvPF8yQn4U
al-jada,high,ChIJD4pbyIReXz4RJeR0Ol7UuzQ
al-jada,high,ChIJk2Ha7wwsCaYR5GsD3akLXjA
al-jada,high,ChIJeaTqXzlfXz4R1KgagkXcaxo
al-jada,high,ChIJRxogNgZfXz4RPygt_5RDYpY
al-jada,high,ChIJD6fZRjxbXz4R8PFdhqG5L80
al-jada,high,ChIJOVXQ5vVfXz4RDjGG7cOA23M
al-jada,high,ChIJba3ay3tfXz4ReallJjjtNy4
al-jada,high,ChIJcZMY08BbXz4RAXhSzvsLDDw
al-jada,high,ChIJyQXY3HxbXz4REx41PJ2W1vE
al-jada,high,ChIJzQgcys53RqAR_1d4ZjhnbR0
al-jada,high,ChIJ69cB64hfXz4RK3vfHvUDtpw
al-jada,high,ChIJvzuwZABbXz4RuWO1kpE_4Ak
al-jada,high,ChIJzQF4bB1bXz4RpI6cRxHI5nI
al-jada,high,ChIJg_MknXgfJyoRy6tIRBNiArU
al-jada,high,ChIJ27NNoSxfXz4RzhvOVsqbLlw
al-jada,high,ChIJY6RZGEdZXz4RtiEBnARWTcE
al-jada,high,ChIJvV3b1rFfXz4RaJp24DnxVbo
al-jada,high,ChIJxZOmoLJZXz4R5KcEH4_1d3g
al-jada,high,ChIJN6aauTZfXz4RtNoV8PagHvM
al-jada,high,ChIJx4xh6HZfXz4RqYvmGjtdv2o
al-jada,high,ChIJ6wqSJytfXz4RIsuiHeaU9CE
al-jada,high,ChIJDZC5RU5fXz4RSTvVwJfCFCY
al-jada,high,ChIJzYRGHGxfXz4RvTgt5jyI_0I
al-jada,high,ChIJLbMyubJfXz4R7jEQHDNVNAA
al-jada,high,ChIJ9d_jLvpfXz4Re8S-DpdAuS4
al-jada,high,ChIJPWxxDQBfXz4R5Y2CPgKhr4k
al-jada,high,ChIJEWHiVadfXz4R3tvFPPHpaVU
al-jada,high,ChIJJfoB5ihaXz4RAdIy49SXLhc
al-jada,high,ChIJj_i5049bXz4Rm-V7iESj4V4
al-jada,high,ChIJoV3UJn9fXz4RHnbMlfa6fMQ
al-jada,high,ChIJhWNgXfdfXz4R3hm16pMSu6Y
al-jada,high,ChIJoSgNIH9ZXz4REHdAnbBsVjk
al-jada,high,ChIJIa3LyNtfXz4RTV76_-xpZ7g
al-jada,high,ChIJz85EZydaXz4RJQJhoMNq4ug
al-jada,high,ChIJi913rc5bXz4RYJ2keUu5-Hg
al-jada,high,ChIJn_LnZbxfXz4Rv6Gq40f4q9M
al-jada,high,ChIJiShrsCxfXz4RMGrgk1TyvJc
al-jada,high,ChIJIYXza0BfXz4RUW80wJ9zHZA
al-jada,high,ChIJPbM6zFZdXz4RDJBCVFKMByI
al-jada,high,ChIJkycPAQBfXz4R9R7m8IJwDKU
al-jada,high,ChIJh5MPNeNfXz4RmPNDH8rWRa0
al-jada,high,ChIJx-6puWpbXz4Rad7ir9VgT1M
al-jada,high,ChIJN2oSBwBfXz4RgRU81SjhsFU
al-jada,high,ChIJJ4OGQABfXz4RBoipTrHlTUU
al-jada,high,ChIJjaVz42JbXz4RNvhd3hueGfI
al-jada,high,ChIJl2BnIelfXz4RJgZZlncmjJQ
al-jada,high,ChIJGUjA8sBbXz4RcWn8quVYyCU
al-jada,high,ChIJBSqy7q1ZXz4RzZkmJwu7HaE
al-jada,high,ChIJ2efh7wdbXz4RbEZZkTtThE4
al-jada,high,ChIJyfV0haxbXz4RnCV6ZLuXNio
al-jada,high,ChIJqb9O_W5c2gMRvDz6nOkJR2w
al-jada,high,ChIJ0yPsdiNfXz4R1rGMNPMSeec
al-jada,high,ChIJeajZ57RfXz4R7OJY8K-vEpo
al-jada,high,ChIJdY8I9MVfXz4RPFIynt2hNSg
al-jada,high,ChIJQ-Sg4_FbXz4R4pG4uZs6YSc
al-jada,high,ChIJrTUDSiZaXz4RFvCec8k_yzU
al-jada,high,ChIJ7RXPmtJeLYQRmizt9cos7O8
al-jada,high,ChIJ2SnBtPFdXz4RzQb2lRdy0KE
al-jada,high,ChIJF-RyVmFbXz4RHnGD6nKK3Jg
al-jada,high,ChIJEQpiSHJdXz4R-g6pex1DozA
al-jada,high,ChIJc3J4_cNbXz4RYoGh1sA6AwQ
al-jada,high,ChIJYw23IFVdXz4R1YG0xaNXTQs
al-jada,high,ChIJUwiwGnVbXz4ROzHB8Swit1Q
al-jada,high,ChIJc2-xoI5bXz4R5vgEnulKudU
al-jada,high,ChIJlbqjAQBbXz4RRhXI9jsm3SM
al-jada,high,ChIJdXPujc1dXz4Rj1x0SjK1IIg
al-jada,high,ChIJJwUGVW1dXz4RlYf-uX5fLgk
al-jada,high,ChIJYe4uRWf39T4RxMDB-TqathI
al-jada,high,ChIJS9EuhtpbXz4RztygiCyvDg0
al-jada,high,ChIJp24GDDRbXz4RqJddGzPL0oI
al-jada,high,ChIJNaNQfPVbXz4RlTYhj_9vSJk
al-jada,high,ChIJx6lYvW1bXz4Rsnm0bar5T2E
al-jada,high,ChIJDfzONxar_g8RuaapL3ooHwQ
al-jada,high,ChIJPVtgot5bXz4RYhWAEkEaEYc
al-jada,high,ChIJWxW2p2dfXz4RqBbXWd-aO2U
al-jada,high,ChIJt1djftBbXz4RGz-b6H-RHN8
al-jada,high,ChIJCdmCsDpaXz4RHJFx8WCWvc8
al-jada,high,ChIJVWixxsVbXz4RPtbf6zHzEAQ
al-maqta,low,ChIJDfakpIJHXj4R3WYRCyOrI74
al-maqta,low,ChIJJY0cP_ZHXj4Rezb6C_enoRc
al-maqta,low,ChIJhXJdydZHXj4RqFWkuoidlqA
al-maqta,low,ChIJUWAtgZZBXj4RXG5RVhUuGYA
al-maqta,low,ChIJA3AAmCVHXj4Rd8NywioXdIc
al-maqta,low,ChIJ283PSsBBXj4REO-rAvURQTo
al-maqta,low,ChIJE__JMcNBXj4REcdk-ayGa_4
al-maqta,low,ChIJc22EmKppXj4REIpupbbjOuk
al-maqta,low,ChIJjw-oAIZBXj4RYs_ZF8S82Wc
al-maqta,low,ChIJ73UPkVxBXj4RYyfjOtI6t_8
al-maqta,low,ChIJUwh_7hJBXj4RT9ne8taJJjY
al-maqta,low,ChIJOXCASgBBXj4ReiTJQeiDRD8
al-maqta,low,ChIJH70e0D5BXj4RTlmr6g49yAg
al-maqta,low,ChIJgXLLwwB-hWgReooggOGQAOo
al-maqta,low,ChIJzyPbvrtHXj4R6KGLA8AAb2Q
al-maqta,low,ChIJR8LWo1tGXj4Rx0MLzz2712E
al-maqta,low,ChIJP1lYpkRnXj4R_-fm4K6DmlA
al-maqta,low,ChIJzb2iNlJDXj4RCp00sbC5K2E
al-maqta,low,ChIJxem_UQBpXj4Rj-UHmV5l3Bc
al-maqta,low,ChIJBY9muG5DXj4RV-rTK3YN8mc
al-maqta,low,ChIJPX91JwBDXj4RajZtPQQGYWA
al-maqta,low,ChIJD1_g9DpCXj4RWJAagGvwxYA
al-maqta,low,ChIJ98d6OJ1oXj4RGQ8-o1qspv4
al-maqta,low,ChIJFbzk5RNDXj4R3vo4JY7we1U
al-maqta,low,ChIJx5hdNjFDXj4RaCf8w3PXD_w
al-maqta,low,ChIJb1XY6HBDXj4R8gnYqL6bYpU
al-maqta,low,ChIJV_2SfgBDXj4RkemcafiSsFQ
al-maqta,low,ChIJBUAM_NhDXj4RRkVDWdeQrAQ
al-maqta,low,ChIJEeqr-cqrX0ERM21WrfvrUVQ
al-maqta,low,ChIJqyjJBwBDXj4R7RcDQqw3YVI
al-maqta,low,ChIJ6bHnLSfOJGoRUlthxqok0gc
al-maqta,low,ChIJs3UEXetDXj4RHt1DEeZYyhY
al-maqta,low,ChIJcb1OvglBXj4Rpj4qKbJJoW0
al-maqta,low,ChIJ1Rym03lDXj4Ry8HrwL3DgZQ
al-maqta,low,ChIJ7aBvpbBBXj4Rrz5YkTw3PKA
al-maqta,low,ChIJ8Uq1R1lBXj4Rb-6WJo3wDE4
al-maqta,low,ChIJ7YcGHXJBXj4R2XGB_gU-fdU
al-maqta,low,ChIJ2bVES9BDXj4R1GQbwTs4s7U
al-maqta,low,ChIJ60POGgBBXj4RZm8XLPPzC3U
al-maqta,low,ChIJfxeqQk5BXj4RA0PquO-4oMk
al-maqta,low,ChIJ6x3D_plBXj4R-qot1dS-WBE
al-maqta,low,ChIJNaSYXthDXj4RprtgcxKvnds
al-maqta,low,ChIJnexvv2BBXj4RGZ-nIdMn_Y8
al-maqta,low,ChIJ7yIxJNpDXj4R2GCbL6B0_nw
al-maqta,low,ChIJFRhBdlJBXj4RwYy2RLGionw
al-maqta,low,ChIJzeXPk_JBXj4R3ruXrllceTM
al-maqta,low,ChIJJT5ZErJGXj4R7VeU-kgIwzI
al-maqta,low,ChIJbzaVH0xFXj4R4sopMv_a0Ts
al-maqta,low,ChIJgVU2UABFXj4RrnJ9POOqlsM
al-maqta,low,ChIJcflCD3lHXj4RT3mzoBbL5Xs
al-maqta,low,ChIJu-zyqTFHXj4Rfn0ltDhuQLY
al-maqta,low,ChIJq4yo9plGXj4Rwg8iScd-r9I
al-maqta,low,ChIJDQ4dJJFGXj4RvEL8WJHJhKo
al-maqta,low,ChIJV8chu3ZFXj4R8k3bfpbP4yQ
al-maqta,low,ChIJ3SEIKAtDXj4R-KbBxJRio3I
al-maqta,low,ChIJ1RNCXzRDXj4RkbuAKXOwcGA
al-maqta,low,ChIJRfTVvZVDXj4RZZRKmMGM9cs
al-maqta,low,ChIJD78jm21DXj4RFJaaFlEWA9U
al-maqta,low,ChIJt8i1c6JDXj4RZT68OZOeZA8
al-maqta,low,ChIJJThiRQBDXj4ReHyHBI8ug-c
al-maqta,low,ChIJsZcdI0VCXj4RcqqbomF0j6w
al-maqta,low,ChIJy0gbkiRDXj4RsKUFEhYvICw
al-maqta,low,ChIJi3I6PmpFXj4RvnqAlf-Zj14
al-maqta,low,ChIJObWU69VFXj4RHe9sihg8jm0
al-maqta,low,ChIJP1niJQBHXj4RF3V73XOmjaQ
al-maqta,low,ChIJjVmxV54IyG8Rb6vQGYUtChQ
al-maqta,low,ChIJK756BwBFXj4RNGsyZqGUr0o
al-maqta,low,ChIJJb5APb1FXj4RU9aUzn6zONo
al-maqta,low,ChIJDauAueVFXj4R3Xmnuq3eL3M
al-maqta,low,ChIJdzZoddFFXj4RJUxCBRKNlz8
al-maqta,low,ChIJCcq3fX1GXj4RHBRRQQMXNlE
al-maqta,low,ChIJew69Lv1FXj4RjK59U-COz1k
al-maqta,low,ChIJ32dV6-JFXj4RirMzddSWiYA
al-maqta,low,ChIJQS7TRp1CXj4R7kO__gEfjH4
al-maqta,low,ChIJP2wFAmlFXj4RyTAG9SZLuOo
al-maqta,low,ChIJyzQrxX9BXj4R3dgagdsPj3c
al-maqta,low,ChIJYfh3OItpXj4Rt3V__N7ZRco
al-maqta,low,ChIJXegBnsJLXj4RbvwJRXPu_8o
al-maqta,low,ChIJycN1AhxFXj4RscBwotobRns
al-maqta,low,ChIJt4ngRthFXj4R7qe029dMUJU
al-maqta,medium,ChIJTQLaGGwxXj4RtC5iJ9F4WH4
al-maqta,medium,ChIJYcOSndMwXj4Rs4bcGo-cl3A
al-maqta,medium,ChIJ_-MkY6U3Xj4Ra1MET4K3Szk
al-maqta,medium,ChIJXSo9rpoxXj4RHqVO5MTBqnM
al-maqta,medium,ChIJ6Zahg84xXj4RWrLGHhmXVFU
al-maqta,medium,ChIJL-4MydMwXj4RwCG1pUPCqBE
al-maqta,medium,ChIJAQAAAAc5Xj4RyYZgcl6Qj6I
al-maqta,medium,ChIJicjNWjA5Xj4Rs_XYoRMaURY
al-maqta,medium,ChIJM3LYPwA5Xj4RrG-NL0wf-jw
al-maqta,medium,ChIJe8yFjyY5Xj4R4XF7d9fE92I
al-maqta,medium,ChIJqbZoi0E3Xj4RqvcwgAiD-I0
al-maqta,medium,ChIJ2Vb-EwA3Xj4Rvihc0dAhjho
al-maqta,medium,ChIJ0-UqaLA3Xj4RQyw3xdUBT8Y
al-maqta,medium,ChIJ5dmFEQA5Xj4RUUhWfRGaTWA
al-maqta,medium,ChIJifIQ9Lk4Xj4RvyIgEGAO9Mo
al-maqta,medium,ChIJ803MSw85Xj4R8gBaPIO3lJA
al-maqta,medium,ChIJOdy0rpM5Xj4RyYrr8KmUcQU
al-maqta,medium,ChIJP8IJcLw5Xj4RV_3UnhRln20
al-maqta,medium,ChIJ0aF1awA5Xj4RzsnvtOgyrIo
al-maqta,medium,ChIJkdfyBfY5Xj4R6Ssl9zGJNrE
al-maqta,medium,ChIJhVfAK4k5Xj4RbHhZUFTulLQ
al-maqta,medium,ChIJk52ZdNo5Xj4RB1qWnAG5aXA
al-maqta,medium,ChIJNzGvYmxmXj4RiZGijh7LIvo
al-maqta,medium,ChIJwRAhTuw5Xj4Rby1hbkcY9ms
al-maqta,medium,ChIJyeR_SNA5Xj4RvJ2RJp75KbE
al-maqta,medium,ChIJZZQ3B9g5Xj4Ru6ePF4wxb1c
al-maqta,medium,ChIJh_uD3m85Xj4RBJOJd5VJwQ8
al-maqta,medium,ChIJ2djxtgk5Xj4RxiaaioL9bg8
al-maqta,medium,ChIJY9wBUAA3Xj4RHgCm5aISavs
al-maqta,medium,ChIJn8JqQR03Xj4REWqgFbMUIYQ
al-maqta,medium,ChIJfdd0XWc5Xj4R7X8N9miotYw
al-maqta,medium,ChIJP62LnMA3Xj4RIszOUCkof-4
al-maqta,medium,ChIJRYqhWAA3Xj4RHPWhQzSfkWI
al-maqta,medium,ChIJuUeP8ao4Xj4RxMi6isbzXA4
al-maqta,medium,ChIJ-2RJpOtBXj4Rp4TlKDZ7vsE
al-maqta,medium,ChIJrzco_UdBXj4RQJPS7RSKTt4
al-maqta,medium,ChIJKUIDIy9BXj4R6UaKJFEJwKk
al-maqta,medium,ChIJC_6gQJY5Xj4RvlU8hx0MrtM
al-maqta,medium,ChIJ30QrfVlHXj4RNznnw6DrRt8
al-maqta,medium,ChIJsw6LWwA5Xj4RW_AF0uHPbZo
al-maqta,medium,ChIJ6_WfJ3dmXj4RZQmzEt54c2U
al-maqta,medium,ChIJjUAl_p05Xj4RrzZQVGSfVV0
al-maqta,medium,ChIJ8ex8GXI5Xj4Rc5m8NvenPh0
al-maqta,medium,ChIJywlzodE5Xj4RF1q0f3U82vs
al-maqta,medium,ChIJnS98uac4Xj4R3BbG-ufXM_E
al-maqta,medium,ChIJ370tt8s5Xj4RbzcVsDTjo3s
al-maqta,medium,ChIJ1TavO7FHXj4RggvNIQ2170I
al-maqta,medium,ChIJayuaDsM5Xj4RdUrjCnR9yOg
al-maqta,medium,ChIJdwN6yac4Xj4Rjoks1vUX42w
al-maqta,medium,ChIJ2SOz_FI5Xj4Rb4VZoGTYkqQ
al-maqta,medium,ChIJ22Wcv7M5Xj4RHiLNi34QnEI
al-maqta,medium,ChIJwTfCb19BXj4Rjav9VmrFmWo
al-maqta,medium,ChIJhdQYIydBXj4RqWi2HUxr2Ok
al-maqta,medium,ChIJgSu-zBxBXj4Rz8Jg9k1AQK8
al-maqta,medium,ChIJAb0bBM9BXj4RpNLev9Hb6Bw
al-maqta,medium,ChIJC5OFi0BHXj4RAuJqyhWbkJY
al-maqta,medium,ChIJ1acVeH1HXj4RSli59C2hk2k
al-maqta,medium,ChIJDfakpIJHXj4R3WYRCyOrI74
al-maqta,medium,ChIJXy21KDxHXj4RIdV7o7AKBeU
al-maqta,medium,ChIJJY0cP_ZHXj4Rezb6C_enoRc
al-maqta,medium,ChIJhXJdydZHXj4RqFWkuoidlqA
al-maqta,medium,ChIJ7dsioyZBXj4RzIkYAl0M0OY
al-maqta,medium,ChIJUWAtgZZBXj4RXG5RVhUuGYA
al-maqta,medium,ChIJA3AAmCVHXj4Rd8NywioXdIc
al-maqta,medium,ChIJmZTGYwZHXj4RUVITzCRY67A
al-maqta,medium,ChIJK2_bRwBHXj4RIGTTZCUQak0
al-maqta,medium,ChIJ45jENidHXj4RbsTlCPw-bLk
al-maqta,medium,ChIJW-umFABHXj4RodLZiPhbEqU
al-maqta,medium,ChIJT6HWvGA3Xj4Rmf8dQzGbtGY
al-maqta,medium,ChIJAV19Lv83Xj4R1oqXSoHmJGk
al-maqta,medium,ChIJTcAI62k3Xj4RrDfM2aTKmJ8
al-maqta,medium,ChIJjX-vDS5HXj4RdLKTuTi86Vs
al-maqta,medium,ChIJ3_iyPrQ5Xj4RH9UwIvrtDss
al-maqta,medium,ChIJ283PSsBBXj4REO-rAvURQTo
al-maqta,medium,ChIJE__JMcNBXj4REcdk-ayGa_4
al-maqta,medium,ChIJl7_SMwBBXj4RPp45Y4qDIwc
al-maqta,medium,ChIJcTxuQwBBXj4RPzFEJ4VnIT8
al-maqta,medium,ChIJc22EmKppXj4REIpupbbjOuk
al-maqta,medium,ChIJjw-oAIZBXj4RYs_ZF8S82Wc
al-maqta,medium,ChIJ_7VnoLNBXj4RAjn-nwWg6Ek
al-maqta,medium,ChIJ73UPkVxBXj4RYyfjOtI6t_8
al-maqta,medium,ChIJUwh_7hJBXj4RT9ne8taJJjY
al-maqta,medium,ChIJOXCASgBBXj4ReiTJQeiDRD8
al-maqta,medium,ChIJH70e0D5BXj4RTlmr6g49yAg
al-maqta,medium,ChIJgXLLwwB-hWgReooggOGQAOo
al-maqta,medium,ChIJzyPbvrtHXj4R6KGLA8AAb2Q
al-maqta,medium,ChIJlVCCajQmE6QRPxItws2xgAc
al-maqta,medium,ChIJ69xfDaRHXj4R9w_joO8apaw
al-maqta,medium,ChIJR8LWo1tGXj4Rx0MLzz2712E
al-maqta,medium,ChIJgwQaObtoXj4RnWr9rQqAL9g
al-maqta,medium,ChIJKWCUUOFHXj4Rrd1yQPVEeQs
al-maqta,medium,ChIJg26InplHXj4RXG9GjMhTi2M
al-maqta,medium,ChIJmzfKIsZHXj4Rrih7HO9RVEw
al-maqta,medium,ChIJWZqMfGPLXz4RzawoztEqiN8
al-maqta,medium,ChIJIdc3eS6CU2oRfKdORtrjY1c
al-maqta,medium,ChIJVVVVVWVGXj4RGN8NnKuUiYw
al-maqta,medium,ChIJT2jWaABHXj4RnRduqhYIfac
al-maqta,medium,ChIJlQA9FmVLXj4RFVoutOwlpcM
al-maqta,medium,ChIJZXlAm1JoXj4R6LavbbVS52Y
al-maqta,medium,ChIJqfxHJwBpXj4R2mW273YWwbw
al-maqta,medium,ChIJF8NlR7NpXj4R3R1apjTHXqw
al-maqta,medium,ChIJ8Wb6FwBpXj4RPNJTS1cWs0Q
al-maqta,medium,ChIJE__TXa5pXj4RJQijrVSdBso
al-maqta,medium,ChIJsaqal7RpXj4RXyel5unpRvk
al-maqta,medium,ChIJJY0w0PdpXj4RnI5Xq36sUF0
al-maqta,medium,ChIJP1lYpkRnXj4R_-fm4K6DmlA
al-maqta,medium,ChIJWwW__3pDXj4ROuUJUpFFRic
al-maqta,medium,ChIJzb2iNlJDXj4RCp00sbC5K2E
al-maqta,medium,ChIJXSza7bBDXj4RlUamaUqdoJE
al-maqta,medium,ChIJxem_UQBpXj4Rj-UHmV5l3Bc
al-maqta,medium,ChIJBY9muG5DXj4RV-rTK3YN8mc
al-maqta,medium,ChIJidma655DXj4Rd7GNaJdYJPg
al-maqta,medium,ChIJjeOuPQBDXj4RymqmgVCSoZc
al-maqta,medium,ChIJPX91JwBDXj4RajZtPQQGYWA
al-maqta,medium,ChIJD1_g9DpCXj4RWJAagGvwxYA
al-maqta,medium,ChIJ98d6OJ1oXj4RGQ8-o1qspv4
al-maqta,medium,ChIJFbzk5RNDXj4R3vo4JY7we1U
al-maqta,medium,ChIJx5hdNjFDXj4RaCf8w3PXD_w
al-maqta,medium,ChIJb1XY6HBDXj4R8gnYqL6bYpU
al-maqta,medium,ChIJV_2SfgBDXj4RkemcafiSsFQ
al-maqta,medium,ChIJBUAM_NhDXj4RRkVDWdeQrAQ
al-maqta,medium,ChIJEeqr-cqrX0ERM21WrfvrUVQ
al-maqta,medium,ChIJqyjJBwBDXj4R7RcDQqw3YVI
al-maqta,medium,ChIJ6bHnLSfOJGoRUlthxqok0gc
al-maqta,medium,ChIJs3UEXetDXj4RHt1DEeZYyhY
al-maqta,medium,ChIJcb1OvglBXj4Rpj4qKbJJoW0
al-maqta,medium,ChIJ1Rym03lDXj4Ry8HrwL3DgZQ
al-maqta,medium,ChIJ7aBvpbBBXj4Rrz5YkTw3PKA
al-maqta,medium,ChIJ8Uq1R1lBXj4Rb-6WJo3wDE4
al-maqta,medium,ChIJ7YcGHXJBXj4R2XGB_gU-fdU
al-maqta,medium,ChIJ2bVES9BDXj4R1GQbwTs4s7U
al-maqta,medium,ChIJ60POGgBBXj4RZm8XLPPzC3U
al-maqta,medium,ChIJfxeqQk5BXj4RA0PquO-4oMk
al-maqta,medium,ChIJ6x3D_plBXj4R-qot1dS-WBE
al-maqta,medium,ChIJNaSYXthDXj4RprtgcxKvnds
al-maqta,medium,ChIJnexvv2BBXj4RGZ-nIdMn_Y8
al-maqta,medium,ChIJ7yIxJNpDXj4R2GCbL6B0_nw
al-maqta,medium,ChIJFRhBdlJBXj4RwYy2RLGionw
al-maqta,medium,ChIJzeXPk_JBXj4R3ruXrllceTM
al-maqta,medium,ChIJHeslLLBHXj4R2k220ct8BWA
al-maqta,medium,ChIJHVEMxaRGXj4R85sXAIZsZxA
al-maqta,medium,ChIJJT5ZErJGXj4R7VeU-kgIwzI
al-maqta,medium,ChIJV4F6t4VHXj4RFM9DyQdTykQ
al-maqta,medium,ChIJbzaVH0xFXj4R4sopMv_a0Ts
al-maqta,medium,ChIJgVU2UABFXj4RrnJ9POOqlsM
al-maqta,medium,ChIJS_qRzU5HXj4RdDHREb3iqr0
al-maqta,medium,ChIJcflCD3lHXj4RT3mzoBbL5Xs
al-maqta,medium,ChIJu-zyqTFHXj4Rfn0ltDhuQLY
al-maqta,medium,ChIJI1MU0phHXj4R9Cwmi8huUZY
al-maqta,medium,ChIJBSTDRftHXj4RrjwQvtjVgVY
al-maqta,medium,ChIJOXqcoflHXj4Rw9lYL-ImdG0
al-maqta,medium,ChIJq4yo9plGXj4Rwg8iScd-r9I
al-maqta,medium,ChIJq_2Ft5NGXj4RBu1gRSV_VPU
al-maqta,medium,ChIJ14qBf3tmXj4Ryl0XGGlJi5A
al-maqta,medium,ChIJA3hjb-NHXj4ROuB2SgejwCc
al-maqta,medium,ChIJC5E64aFHXj4Rv3VUWnT-q6E
al-maqta,medium,ChIJDQ4dJJFGXj4RvEL8WJHJhKo
al-maqta,medium,ChIJraRWc2ZGXj4RHZzmHNkAoVI
al-maqta,medium,ChIJV8chu3ZFXj4R8k3bfpbP4yQ
al-maqta,medium,ChIJMSB4C35HXj4RZaFWsB2HzPA
al-maqta,medium,ChIJ93WxzyVGXj4RV-nEwzu_2CI
al-maqta,medium,ChIJR7yaYMIr0A8RJ1xxI2XJjZQ
al-maqta,medium,ChIJ7YfCKAXNFAARAun7rUoz3ns
al-maqta,medium,ChIJz9Ih5T5GXj4RFa6jMlBD1lU
al-maqta,medium,ChIJ_YYU-SlHXj4R_s2xoMvN3H8
al-maqta,medium,ChIJCf71DQBHXj4RGSg-Rap3pzQ
al-maqta,medium,ChIJq6qq6mlGXj4RO92VESUx4Jc
al-maqta,medium,ChIJk3jzKPdHXj4R0MWNKxJuIRI
al-maqta,medium,ChIJkWCcYQBHXj4R4DwKrMJEBbc
al-maqta,medium,ChIJpYqPLKxHXj4RC99ZOhG1Mbw
al-maqta,medium,ChIJAbHY8TNJXj4RCFVFm83o6-w
al-maqta,medium,ChIJae_1NFRJXj4RCUMrko0sCNc
al-maqta,medium,ChIJpe7674JHXj4R4qEwHDutwpo
al-maqta,medium,ChIJ_XHbJhZmXj4RZEoLST18fRY
al-maqta,medium,ChIJ43Hi13lpXj4RzzYf8mWbs3A
al-maqta,medium,ChIJ3X_JNv1pXj4RqPI030unqzE
al-maqta,medium,ChIJDccChn1pXj4RChtxa2C6YOk
al-maqta,medium,ChIJRccC8h1pXj4R6bmL4SEfoA0
al-maqta,medium,ChIJIQC5B3dpXj4RuLjtnsl-iQg
al-maqta,medium,ChIJA8LhDvNpXj4R8vv9oOyrJDw
al-maqta,medium,ChIJ5Q2p8hxpXj4RW1aP3BZOk1o
al-maqta,medium,ChIJ6WvjJUxpXj4RBrEpujZgm_0
al-maqta,medium,ChIJASsJwpdpXj4RK-rxI9CDims
al-maqta,medium,ChIJLbmsUNVpXj4Rimbd3z_7Zkc
al-maqta,medium,ChIJXXEoRatpXj4RAwuSFz46vVo
al-maqta,medium,ChIJ8bfdgZ5pXj4Rufma7EEL_sc
al-maqta,medium,ChIJBREr7oNDXj4RfhQ5lRfJBPU
al-maqta,medium,ChIJwzatXQBpXj4RvqKh4Y4GzcQ
al-maqta,medium,ChIJ4RPvP8hpXj4RZyJsF1mf7zA
al-maqta,medium,ChIJY59gK9VpXj4ROCwYdCtZdb0
al-maqta,medium,ChIJI8v8dWppXj4RWPqjOl9OoXE
al-maqta,medium,ChIJ3SEIKAtDXj4R-KbBxJRio3I
al-maqta,medium,ChIJ1RNCXzRDXj4RkbuAKXOwcGA
al-maqta,medium,ChIJRfTVvZVDXj4RZZRKmMGM9cs
al-maqta,medium,ChIJD78jm21DXj4RFJaaFlEWA9U
al-maqta,medium,ChIJt8i1c6JDXj4RZT68OZOeZA8
al-maqta,medium,ChIJJThiRQBDXj4ReHyHBI8ug-c
al-maqta,medium,ChIJn6Y25n5CXj4RNiqHwAV0tvE
al-maqta,medium,ChIJ_em4aABDXj4RJvIkDFBUzlU
al-maqta,medium,ChIJsZcdI0VCXj4RcqqbomF0j6w
al-maqta,medium,ChIJy0gbkiRDXj4RsKUFEhYvICw
al-maqta,medium,ChIJi3I6PmpFXj4RvnqAlf-Zj14
al-maqta,medium,ChIJObWU69VFXj4RHe9sihg8jm0
al-maqta,medium,ChIJP1niJQBHXj4RF3V73XOmjaQ
al-maqta,medium,ChIJjVmxV54IyG8Rb6vQGYUtChQ
al-maqta,medium,ChIJK756BwBFXj4RNGsyZqGUr0o
al-maqta,medium,ChIJBa4fnRRFXj4RPhetV5A5vHI
al-maqta,medium,ChIJJb5APb1FXj4RU9aUzn6zONo
al-maqta,medium,ChIJDauAueVFXj4R3Xmnuq3eL3M
al-maqta,medium,ChIJ2cRwm0lynCgR06QvoTEAUV0
al-maqta,medium,ChIJcTgqyBZHXj4Rf5B1BB4WmsQ
al-maqta,medium,ChIJdzZoddFFXj4RJUxCBRKNlz8
al-maqta,medium,ChIJCcq3fX1GXj4RHBRRQQMXNlE
al-maqta,medium,ChIJew69Lv1FXj4RjK59U-COz1k
al-maqta,medium,ChIJH26D38ZFXj4RrPiy947PD0w
al-maqta,medium,ChIJ32dV6-JFXj4RirMzddSWiYA
al-maqta,medium,ChIJieGTC7ZPXj4RX_8hfMRV2HY
al-maqta,medium,ChIJV8rMtqhHXj4R1k1OzNyPle4
al-maqta,medium,ChIJwReRVwZPXj4RpK7PtgYsZSw
al-maqta,medium,ChIJVdq-wf5HXj4RAyEN29J_D4Q
al-maqta,medium,ChIJoV3tjb5FXj4RPTMhunNNho0
al-maqta,medium,ChIJcRE_l2NmXj4Rs7yNgCkivuE
al-maqta,medium,ChIJCRc4ebdFXj4RDqx1r4bzbto
al-maqta,medium,ChIJx_35IbpFXj4RiBbhXLiaAmA
al-maqta,medium,ChIJg9vaPitJXj4RteR_PONRSLE
al-maqta,medium,ChIJaxDupR1JXj4RxkHSywjtQnU
al-maqta,medium,ChIJu1fiwWpJXj4RVNRMH1pYlyA
al-maqta,medium,ChIJEQ2uFQBJXj4R8QG8_u2Tfu8
al-maqta,medium,ChIJp3xbSABJXj4RArqZJvxrev0
al-maqta,medium,ChIJURVpPwBJXj4RqJu7MxgB1zo
al-maqta,medium,ChIJPyQ_-xVpXj4RkJ-p2SBjK8w
al-maqta,medium,ChIJFyiZ0CNpXj4RyziQ0BZlrFQ
al-maqta,medium,ChIJWXHpIZdnXj4RMfPQcuP8kS4
al-maqta,medium,ChIJVZe88pNpXj4RT9AwJCaXtvA
al-maqta,medium,ChIJycSvtZxCXj4R-RJF502OC-k
al-maqta,medium,ChIJQS7TRp1CXj4R7kO__gEfjH4
al-maqta,medium,ChIJZUhSv6tFXj4R7ZpJFnYGOTw
al-maqta,medium,ChIJTVNlNwBFXj4R54kFMo_W4Fg
al-maqta,medium,ChIJz5Tsn31PXj4RrE5jIkDZ7vw
al-maqta,medium,ChIJY6BbY3ZPXj4RrUQtPfRTC6M
al-maqta,medium,ChIJiZM66x5PXj4RIbSt7qEUTzI
al-maqta,medium,ChIJL3H83LJPXj4RKlSye3d8n04
al-maqta,medium,ChIJp_cpJsFPXj4RIWhXvPqu7X0
al-maqta,medium,ChIJAUJXWQBPXj4RFsvzWMRVP5w
al-maqta,medium,ChIJ4yH5BgBPXj4Rq8jB2riSSG0
al-maqta,medium,ChIJPeHUOZ9PXj4RP72F07qBF7g
al-maqta,medium,ChIJD4c_XalPXj4RdqRn4Ir54qU
al-maqta,medium,ChIJASsD9DJmXj4ROzoEGOtYpgA
al-maqta,medium,ChIJJZQinK9PXj4R8pDiVbY5L1w
al-maqta,medium,ChIJ_QS6FTNPXj4Rh1Dtow6vH_Y
al-maqta,medium,ChIJ5YtLV7hPXj4R30frPezuOe8
al-maqta,medium,ChIJF3S7gY5PXj4Rj-9MkNrGVCc
al-maqta,medium,ChIJE9GxX6BHXj4RGlt2IQolkFo
al-maqta,medium,ChIJke2vFUgPQ44RFn9Fo_Dwp0o
al-maqta,medium,ChIJjyvQJ3JHXj4RCvnEkHP0x_0
al-maqta,medium,ChIJwRyMb6U4Xj4R8gq-RkeyZdI
al-maqta,medium,ChIJ75cTy_Q5Xj4RLalc3zmVD6k
al-maqta,medium,ChIJR0SITitHXj4RVCWVzbn_lEk
al-maqta,medium,ChIJq0b4j1ppXj4RGyoDe94smso
al-maqta,medium,ChIJBR1S6FBHXj4RlHjUu_rqzo0
al-maqta,medium,ChIJKepBesZHXj4RaBj3rjbxowg
al-maqta,medium,ChIJP2wFAmlFXj4RyTAG9SZLuOo
al-maqta,medium,ChIJ6Sm2IEM5Xj4RBqYTUK4jEzg
al-maqta,medium,ChIJgewjGqg4Xj4RyTXUzZhLSd4
al-maqta,medium,ChIJyzQrxX9BXj4R3dgagdsPj3c
al-maqta,medium,ChIJy3uB4qlnXj4RcO9_SwxyAfs
al-maqta,medium,ChIJz27LlA4JIWYR1KLi8sKhdlU
al-maqta,medium,ChIJ3SEMMhNHXj4R6covViidENk
al-maqta,medium,ChIJ-bSvTvJnXj4RJ44FIOPKvoc
al-maqta,medium,ChIJhS5MWfU5Xj4RCmQZfvI7plE
al-maqta,medium,ChIJ8e8Wzr44Xj4RYCEdDKI7hVs
al-maqta,medium,ChIJJa-aG9pHXj4RITVTPeiexls
al-maqta,medium,ChIJTSS60x05Xj4RwqbETuIf1qU
al-maqta,medium,ChIJ_YyMCwBpXj4RdNchW4I14U4
al-maqta,medium,ChIJ60v63kRpXj4Rx-2z7cIGd1M
al-maqta,medium,ChIJX1RX4wo8YW0RWfZ4IhmQ910
al-maqta,medium,ChIJN-yizFtHXj4RbeJ-DhbUwHM
al-maqta,medium,ChIJ4wFe7_lHXj4RtfXZggHE9rQ
al-maqta,medium,ChIJG4PiHHpHXj4Rgotz8EAEtKw
al-maqta,medium,ChIJG5Yvx8tBXj4Ry0hMcfLWkQk
al-maqta,medium,ChIJX0IhBpZHXj4RiiNGNxkvges
al-maqta,medium,ChIJ2dS7qFlHXj4RjQTzdcHobd4
al-maqta,medium,ChIJ946Ye1dnXj4RFIZ7eAKoEfs
al-maqta,medium,ChIJd2c2cwA5Xj4RjZ8W4tHLMms
al-maqta,medium,ChIJmZ06CDlpXj4RCblh8NscV30
al-maqta,medium,ChIJdYSb1Kw5Xj4RDDcMzM6IXMM
al-maqta,medium,ChIJw8Bw3Tg5Xj4R9-nmzE04CZ8
al-maqta,medium,ChIJ355akfo5Xj4RX11z73jrTCg
al-maqta,medium,ChIJd8s9Zr2KF6wRfOLuJLQJUBc
al-maqta,medium,ChIJJ-JnA39CXj4R29ei0wLjmCw
al-maqta,medium,ChIJzZVKEF5GXj4RN9lxYZQXab4
al-maqta,medium,ChIJoZVnEQBHXj4RhoneBiTbNw4
al-maqta,medium,ChIJJ4wSTrdpXj4R1L8vQ_7a69k
al-maqta,medium,ChIJkT7LnDdoXj4RYAutdxTjQN4
al-maqta,medium,ChIJYfh3OItpXj4Rt3V__N7ZRco
al-maqta,medium,ChIJ-8uEJ7o4Xj4RVtJLCdiSXgs
al-maqta,medium,ChIJSZPJAhFpXj4RnXb7lxKNILI
al-maqta,medium,ChIJee0fKLBHXj4R3ULumaNyt_E
al-maqta,medium,ChIJo4M7ff5HXj4RozyClVf8rfk
al-maqta,medium,ChIJXegBnsJLXj4RbvwJRXPu_8o
al-maqta,medium,ChIJycN1AhxFXj4RscBwotobRns
al-maqta,medium,ChIJqVgBKaRpXj4RQq9wj7RRfN4
al-maqta,medium,ChIJqZDQZdFBXj4RVgknuVN2Yt4
al-maqta,medium,ChIJP402dFdpXj4RYdkRQwX62T4
al-maqta,medium,ChIJt4ngRthFXj4R7qe029dMUJU
al-maqta,high,ChIJTQLaGGwxXj4RtC5iJ9F4WH4
al-maqta,high,ChIJS3E1SQAxXj4RxnPr3mawtWI
al-maqta,high,ChIJYcOSndMwXj4Rs4bcGo-cl3A
al-maqta,high,ChIJ_-MkY6U3Xj4Ra1MET4K3Szk
al-maqta,high,ChIJXSo9rpoxXj4RHqVO5MTBqnM
al-maqta,high,ChIJ6Zahg84xXj4RWrLGHhmXVFU
al-maqta,high,ChIJL-4MydMwXj4RwCG1pUPCqBE
al-maqta,high,ChIJ_XrQiNMwXj4Rw92Z_nekmI0
al-maqta,high,ChIJcZqDBgAxXj4RARRPAyKMcKM
al-maqta,high,ChIJXS0tH9wxXj4R5ldIJYJr4-g
al-maqta,high,ChIJAQAAAAc5Xj4RyYZgcl6Qj6I
al-maqta,high,ChIJE9YDJCc5Xj4R7cgEdN_5kug
al-maqta,high,ChIJicjNWjA5Xj4Rs_XYoRMaURY
al-maqta,high,ChIJM3LYPwA5Xj4RrG-NL0wf-jw
al-maqta,high,ChIJe8yFjyY5Xj4R4XF7d9fE92I
al-maqta,high,ChIJqbZoi0E3Xj4RqvcwgAiD-I0
al-maqta,high,ChIJ2Vb-EwA3Xj4Rvihc0dAhjho
al-maqta,high,ChIJ0-UqaLA3Xj4RQyw3xdUBT8Y
al-maqta,high,ChIJo43uxzs3Xj4RVXtbF8SINMg
al-maqta,high,ChIJ5ch6Hag3Xj4RlU_4s1p7o8s
al-maqta,high,ChIJZaPHks03Xj4R6n0H-_TPtQw
al-maqta,high,ChIJm1gKcAhpXj4RtVHtytsjU04
al-maqta,high,ChIJxfs_Lzo3Xj4RU0tYtvjdnGk
al-maqta,high,ChIJLYzElP03Xj4REreRhHMZUxA
al-maqta,high,ChIJ08woPh43Xj4RLQn9RfK_d-g
al-maqta,high,ChIJtfowytc5Xj4RNDIQaQ9jm1g
al-maqta,high,ChIJN2YaKjo3Xj4RP5c-7TO_fxk
al-maqta,high,ChIJySPEeAA3Xj4R86ydETlyKcI
al-maqta,high,ChIJt1f8pV43Xj4R275r0Rk9rLQ
al-maqta,high,ChIJvwV1Ojg3Xj4RKv8KM-y2oV0
al-maqta,high,ChIJnXM8Kjo3Xj4R0nTG9oRpbxc
al-maqta,high,ChIJjV4_8zo3Xj4Rimg3RsMt3mU
al-maqta,high,ChIJOUYK5mQ3Xj4RgsLlrhLrwdk
al-maqta,high,ChIJ_zKmtTs3Xj4RYRpi9OuNKb0
al-maqta,high,ChIJOcOsNcE3Xj4RhBFGnss57Aw
al-maqta,high,ChIJY5YI9essoS4RMF0Pwj868uk
al-maqta,high,ChIJ714SwUI3Xj4RaVZ4gcav8po
al-maqta,high,ChIJXZUIhwRBXj4RlyoX8A77Oc0
al-maqta,high,ChIJ5dmFEQA5Xj4RUUhWfRGaTWA
al-maqta,high,ChIJifIQ9Lk4Xj4RvyIgEGAO9Mo
al-maqta,high,ChIJ803MSw85Xj4R8gBaPIO3lJA
al-maqta,high,ChIJOdy0rpM5Xj4RyYrr8KmUcQU
al-maqta,high,ChIJP8IJcLw5Xj4RV_3UnhRln20
al-maqta,high,ChIJ0aF1awA5Xj4RzsnvtOgyrIo
al-maqta,high,ChIJkdfyBfY5Xj4R6Ssl9zGJNrE
al-maqta,high,ChIJhVfAK4k5Xj4RbHhZUFTulLQ
al-maqta,high,ChIJk52ZdNo5Xj4RB1qWnAG5aXA
al-maqta,high,ChIJNzGvYmxmXj4RiZGijh7LIvo
al-maqta,high,ChIJwRAhTuw5Xj4Rby1hbkcY9ms
al-maqta,high,ChIJyeR_SNA5Xj4RvJ2RJp75KbE
al-maqta,high,ChIJZZQ3B9g5Xj4Ru6ePF4wxb1c
al-maqta,high,ChIJh_uD3m85Xj4RBJOJd5VJwQ8
al-maqta,high,ChIJ2djxtgk5Xj4RxiaaioL9bg8
al-maqta,high,ChIJV6YIh8k3Xj4RrOj5e4LpLng
al-maqta,high,ChIJY9wBUAA3Xj4RHgCm5aISavs
al-maqta,high,ChIJn8JqQR03Xj4REWqgFbMUIYQ
al-maqta,high,ChIJ39lgm6M3Xj4RbqH0Ipuq43c
al-maqta,high,ChIJfdd0XWc5Xj4R7X8N9miotYw
al-maqta,high,ChIJOyibkek3Xj4RNtUWnHkJcHs
al-maqta,high,ChIJBfiK_gU3Xj4RveC4lqwKWko
al-maqta,high,ChIJP62LnMA3Xj4RIszOUCkof-4
al-maqta,high,ChIJRYqhWAA3Xj4RHPWhQzSfkWI
al-maqta,high,ChIJNUWVaoM3Xj4RHWdV5LZ8nYM
al-maqta,high,ChIJt_rot6w3Xj4RywzijzxGx14
al-maqta,high,ChIJLwJz4iE3Xj4RJU4kyWBwJD8
al-maqta,high,ChIJOzO8UBo3Xj4RhBpJW_9Clik
al-maqta,high,ChIJPd5FGSs3Xj4RY5IWOucozsc
al-maqta,high,ChIJabO2FcM3Xj4RjG434cOBstU
al-maqta,high,ChIJ445rqPg3Xj4RO1U_JhJFh8c
al-maqta,high,ChIJZbAdeyg3Xj4RhrWxz1sAecs
al-maqta,high,ChIJg-4lyOM3Xj4RjXGHH6n7wOw
al-maqta,high,ChIJHTzshj03Xj4Rl2iPemwnqi0
al-maqta,high,ChIJl2TZx5ZAXj4RC7EmKTvL6Hs
al-maqta,high,ChIJIbhNgj9BXj4RRT1h9u-e9L4
al-maqta,high,ChIJA34HWS1BXj4RF-llU6km1aM
al-maqta,high,ChIJYVDYbQZBXj4RL4-pFMetxd0
al-maqta,high,ChIJuUeP8ao4Xj4RxMi6isbzXA4
al-maqta,high,ChIJ-2RJpOtBXj4Rp4TlKDZ7vsE
al-maqta,high,ChIJrzco_UdBXj4RQJPS7RSKTt4
al-maqta,high,ChIJLX5UpYhBXj4RbD_16AYNI0U
al-maqta,high,ChIJKUIDIy9BXj4R6UaKJFEJwKk
al-maqta,high,ChIJC_6gQJY5Xj4RvlU8hx0MrtM
al-maqta,high,ChIJHUJjt4VBXj4Rri2SeVpBo-g
al-maqta,high,ChIJ30QrfVlHXj4RNznnw6DrRt8
al-maqta,high,ChIJsw6LWwA5Xj4RW_AF0uHPbZo
al-maqta,high,ChIJ6_WfJ3dmXj4RZQmzEt54c2U
al-maqta,high,ChIJjUAl_p05Xj4RrzZQVGSfVV0
al-maqta,high,ChIJ8ex8GXI5Xj4Rc5m8NvenPh0
al-maqta,high,ChIJywlzodE5Xj4RF1q0f3U82vs
al-maqta,high,ChIJnS98uac4Xj4R3BbG-ufXM_E
al-maqta,high,ChIJ370tt8s5Xj4RbzcVsDTjo3s
al-maqta,high,ChIJ1TavO7FHXj4RggvNIQ2170I
al-maqta,high,ChIJayuaDsM5Xj4RdUrjCnR9yOg
al-maqta,high,ChIJdwN6yac4Xj4Rjoks1vUX42w
al-maqta,high,ChIJ2SOz_FI5Xj4Rb4VZoGTYkqQ
al-maqta,high,ChIJ22Wcv7M5Xj4RHiLNi34QnEI
al-maqta,high,ChIJDbcz2A9tXz4RnqvVPtIP15c
al-maqta,high,ChIJZ3vcheo3Xj4RnSWZDXWS72k
al-maqta,high,ChIJlwG5_DI3Xj4RXNhToLQcoWw
al-maqta,high,ChIJhzTbC103Xj4RjodcumrbGZw
al-maqta,high,ChIJFSj2a4k3Xj4RTujzuydX3ys
al-maqta,high,ChIJHcgoVCs3Xj4RRjOpdRRXIHg
al-maqta,high,ChIJtcJvK9lBXj4Rx8OIYr8cAgU
al-maqta,high,ChIJwTfCb19BXj4Rjav9VmrFmWo
al-maqta,high,ChIJhdQYIydBXj4RqWi2HUxr2Ok
al-maqta,high,ChIJgSu-zBxBXj4Rz8Jg9k1AQK8
al-maqta,high,ChIJAb0bBM9BXj4RpNLev9Hb6Bw
al-maqta,high,ChIJC5OFi0BHXj4RAuJqyhWbkJY
al-maqta,high,ChIJ1acVeH1HXj4RSli59C2hk2k
al-maqta,high,ChIJDfakpIJHXj4R3WYRCyOrI74
al-maqta,high,ChIJXy21KDxHXj4RIdV7o7AKBeU
al-maqta,high,ChIJJY0cP_ZHXj4Rezb6C_enoRc
al-maqta,high,ChIJhXJdydZHXj4RqFWkuoidlqA
al-maqta,high,ChIJ7dsioyZBXj4RzIkYAl0M0OY
al-maqta,high,ChIJUWAtgZZBXj4RXG5RVhUuGYA
al-maqta,high,ChIJA3AAmCVHXj4Rd8NywioXdIc
al-maqta,high,ChIJmZTGYwZHXj4RUVITzCRY67A
al-maqta,high,ChIJK2_bRwBHXj4RIGTTZCUQak0
al-maqta,high,ChIJ45jENidHXj4RbsTlCPw-bLk
al-maqta,high,ChIJW-umFABHXj4RodLZiPhbEqU
al-maqta,high,ChIJqWvdQgBJXj4RWBnsE2sHUHY
al-maqta,high,ChIJT6HWvGA3Xj4Rmf8dQzGbtGY
al-maqta,high,ChIJO_qHc_43Xj4R-51XaEJ9OPQ
al-maqta,high,ChIJAV19Lv83Xj4R1oqXSoHmJGk
al-maqta,high,ChIJTcAI62k3Xj4RrDfM2aTKmJ8
al-maqta,high,ChIJjX-vDS5HXj4RdLKTuTi86Vs
al-maqta,high,ChIJRwdqDwBJXj4RfDUU2XRviaM
al-maqta,high,ChIJz9fcsplJXj4R3XctupxLwzw
al-maqta,high,ChIJmVS7RtpJXj4Rb9wAlFGyBaw
al-maqta,high,ChIJZ1LG5gBDXj4RE09vzn8m_8Q
al-maqta,high,ChIJP_gGHdE3Xj4Rm_qbfE31_R0
al-maqta,high,ChIJVWQVD7E3Xj4RQ-5zO0t9tHU
al-maqta,high,ChIJT3PvNzI3Xj4RJ1wkNwZNvPk
al-maqta,high,ChIJ98vusWNJXj4RXbp7IqKZZgo
al-maqta,high,ChIJQxZCWlw3Xj4RqQ5C33U4JIc
al-maqta,high,ChIJ2wGFVwA3Xj4RRZiJN7Utd3E
al-maqta,high,ChIJJWo7LP43Xj4R-zT_vBfl0Bw
al-maqta,high,ChIJ3_iyPrQ5Xj4RH9UwIvrtDss
al-maqta,high,ChIJ283PSsBBXj4REO-rAvURQTo
al-maqta,high,ChIJE__JMcNBXj4REcdk-ayGa_4
al-maqta,high,ChIJl7_SMwBBXj4RPp45Y4qDIwc
al-maqta,high,ChIJcTxuQwBBXj4RPzFEJ4VnIT8
al-maqta,high,ChIJc22EmKppXj4REIpupbbjOuk
al-maqta,high,ChIJjw-oAIZBXj4RYs_ZF8S82Wc
al-maqta,high,ChIJ_7VnoLNBXj4RAjn-nwWg6Ek
al-maqta,high,ChIJ73UPkVxBXj4RYyfjOtI6t_8
al-maqta,high,ChIJUwh_7hJBXj4RT9ne8taJJjY
al-maqta,high,ChIJOXCASgBBXj4ReiTJQeiDRD8
al-maqta,high,ChIJH70e0D5BXj4RTlmr6g49yAg
al-maqta,high,ChIJgXLLwwB-hWgReooggOGQAOo
al-maqta,high,ChIJzyPbvrtHXj4R6KGLA8AAb2Q
al-maqta,high,ChIJlVCCajQmE6QRPxItws2xgAc
al-maqta,high,ChIJ69xfDaRHXj4R9w_joO8apaw
al-maqta,high,ChIJR8LWo1tGXj4Rx0MLzz2712E
al-maqta,high,ChIJgwQaObtoXj4RnWr9rQqAL9g
al-maqta,high,ChIJKWCUUOFHXj4Rrd1yQPVEeQs
al-maqta,high,ChIJg26InplHXj4RXG9GjMhTi2M
al-maqta,high,ChIJmzfKIsZHXj4Rrih7HO9RVEw
al-maqta,high,ChIJWZqMfGPLXz4RzawoztEqiN8
al-maqta,high,ChIJIdc3eS6CU2oRfKdORtrjY1c
al-maqta,high,ChIJVVVVVWVGXj4RGN8NnKuUiYw
al-maqta,high,ChIJT2jWaABHXj4RnRduqhYIfac
al-maqta,high,ChIJlQA9FmVLXj4RFVoutOwlpcM
al-maqta,high,ChIJvWRdzGpHXj4RVrdYzftLegk
al-maqta,high,ChIJUV6SAl9LXj4RJWzYz9AJzJc
al-maqta,high,ChIJDTDKMwBLXj4RP4aLf7qiIW0
al-maqta,high,ChIJe4z7kLFpXj4R8ChzMToftoQ
al-maqta,high,ChIJZXlAm1JoXj4R6LavbbVS52Y
al-maqta,high,ChIJqfxHJwBpXj4R2mW273YWwbw
al-maqta,high,ChIJF8NlR7NpXj4R3R1apjTHXqw
al-maqta,high,ChIJ8Wb6FwBpXj4RPNJTS1cWs0Q
al-maqta,high,ChIJE__TXa5pXj4RJQijrVSdBso
al-maqta,high,ChIJsaqal7RpXj4RXyel5unpRvk
al-maqta,high,ChIJJY0w0PdpXj4RnI5Xq36sUF0
al-maqta,high,ChIJP1lYpkRnXj4R_-fm4K6DmlA
al-maqta,high,ChIJWwW__3pDXj4ROuUJUpFFRic
al-maqta,high,ChIJzb2iNlJDXj4RCp00sbC5K2E
al-maqta,high,ChIJXSza7bBDXj4RlUamaUqdoJE
al-maqta,high,ChIJxem_UQBpXj4Rj-UHmV5l3Bc
al-maqta,high,ChIJBY9muG5DXj4RV-rTK3YN8mc
al-maqta,high,ChIJidma655DXj4Rd7GNaJdYJPg
al-maqta,high,ChIJjeOuPQBDXj4RymqmgVCSoZc
al-maqta,high,ChIJPX91JwBDXj4RajZtPQQGYWA
al-maqta,high,ChIJD1_g9DpCXj4RWJAagGvwxYA
al-maqta,high,ChIJ98d6OJ1oXj4RGQ8-o1qspv4
al-maqta,high,ChIJFbzk5RNDXj4R3vo4JY7we1U
al-maqta,high,ChIJx5hdNjFDXj4RaCf8w3PXD_w
al-maqta,high,ChIJb1XY6HBDXj4R8gnYqL6bYpU
al-maqta,high,ChIJV_2SfgBDXj4RkemcafiSsFQ
al-maqta,high,ChIJBUAM_NhDXj4RRkVDWdeQrAQ
al-maqta,high,ChIJEeqr-cqrX0ERM21WrfvrUVQ
al-maqta,high,ChIJqyjJBwBDXj4R7RcDQqw3YVI
al-maqta,high,ChIJ6bHnLSfOJGoRUlthxqok0gc
al-maqta,high,ChIJs3UEXetDXj4RHt1DEeZYyhY
al-maqta,high,ChIJcb1OvglBXj4Rpj4qKbJJoW0
al-maqta,high,ChIJ1Rym03lDXj4Ry8HrwL3DgZQ
al-maqta,high,ChIJ7aBvpbBBXj4Rrz5YkTw3PKA
al-maqta,high,ChIJ8Uq1R1lBXj4Rb-6WJo3wDE4
al-maqta,high,ChIJ7YcGHXJBXj4R2XGB_gU-fdU
al-maqta,high,ChIJ2bVES9BDXj4R1GQbwTs4s7U
al-maqta,high,ChIJ60POGgBBXj4RZm8XLPPzC3U
al-maqta,high,ChIJfxeqQk5BXj4RA0PquO-4oMk
al-maqta,high,ChIJ6x3D_plBXj4R-qot1dS-WBE
al-maqta,high,ChIJNaSYXthDXj4RprtgcxKvnds
al-maqta,high,ChIJnexvv2BBXj4RGZ-nIdMn_Y8
al-maqta,high,ChIJ7yIxJNpDXj4R2GCbL6B0_nw
al-maqta,high,ChIJFRhBdlJBXj4RwYy2RLGionw
al-maqta,high,ChIJzeXPk_JBXj4R3ruXrllceTM
al-maqta,high,ChIJHeslLLBHXj4R2k220ct8BWA
al-maqta,high,ChIJHVEMxaRGXj4R85sXAIZsZxA
al-maqta,high,ChIJJT5ZErJGXj4R7VeU-kgIwzI
al-maqta,high,ChIJV4F6t4VHXj4RFM9DyQdTykQ
al-maqta,high,ChIJbzaVH0xFXj4R4sopMv_a0Ts
al-maqta,high,ChIJgVU2UABFXj4RrnJ9POOqlsM
al-maqta,high,ChIJS_qRzU5HXj4RdDHREb3iqr0
al-maqta,high,ChIJcflCD3lHXj4RT3mzoBbL5Xs
al-maqta,high,ChIJu-zyqTFHXj4Rfn0ltDhuQLY
al-maqta,high,ChIJI1MU0phHXj4R9Cwmi8huUZY
al-maqta,high,ChIJBSTDRftHXj4RrjwQvtjVgVY
al-maqta,high,ChIJOXqcoflHXj4Rw9lYL-ImdG0
al-maqta,high,ChIJq4yo9plGXj4Rwg8iScd-r9I
al-maqta,high,ChIJq_2Ft5NGXj4RBu1gRSV_VPU
al-maqta,high,ChIJ14qBf3tmXj4Ryl0XGGlJi5A
al-maqta,high,ChIJA3hjb-NHXj4ROuB2SgejwCc
al-maqta,high,ChIJC5E64aFHXj4Rv3VUWnT-q6E
al-maqta,high,ChIJDQ4dJJFGXj4RvEL8WJHJhKo
al-maqta,high,ChIJraRWc2ZGXj4RHZzmHNkAoVI
al-maqta,high,ChIJV8chu3ZFXj4R8k3bfpbP4yQ
al-maqta,high,ChIJMSB4C35HXj4RZaFWsB2HzPA
al-maqta,high,ChIJ93WxzyVGXj4RV-nEwzu_2CI
al-maqta,high,ChIJR7yaYMIr0A8RJ1xxI2XJjZQ
al-maqta,high,ChIJ7YfCKAXNFAARAun7rUoz3ns
al-maqta,high,ChIJz9Ih5T5GXj4RFa6jMlBD1lU
al-maqta,high,ChIJ_YYU-SlHXj4R_s2xoMvN3H8
al-maqta,high,ChIJCf71DQBHXj4RGSg-Rap3pzQ
al-maqta,high,ChIJq6qq6mlGXj4RO92VESUx4Jc
al-maqta,high,ChIJk3jzKPdHXj4R0MWNKxJuIRI
al-maqta,high,ChIJkWCcYQBHXj4R4DwKrMJEBbc
al-maqta,high,ChIJpYqPLKxHXj4RC99ZOhG1Mbw
al-maqta,high,ChIJAbHY8TNJXj4RCFVFm83o6-w
al-maqta,high,ChIJae_1NFRJXj4RCUMrko0sCNc
al-maqta,high,ChIJpe7674JHXj4R4qEwHDutwpo
al-maqta,high,ChIJ-yPLqWJnXj4RARhFLzDIQDc
al-maqta,high,ChIJf-mskP1LXj4Rwp8hj8OpI4Q
al-maqta,high,ChIJSQFcsM5LXj4RSSQoyypSq7Q
al-maqta,high,ChIJEyNXSwBLXj4Rryi_vyyFOf4
al-maqta,high,ChIJmx1MGFJLXj4R1DeoQzykyR8
al-maqta,high,ChIJBfshCQBLXj4R8lLRss4p7rE
al-maqta,high,ChIJH9OQ6MdLXj4RhHK3jSbdvQg
al-maqta,high,ChIJNcEbcyNpXj4RN7bElDhvr2U
al-maqta,high,ChIJ-YhJtkppXj4Rabaoqq1SQSw
al-maqta,high,ChIJhVWfudppXj4RW1NJDUldjnk
al-maqta,high,ChIJjwQqBABpXj4REuTQ2Av-a9Q
al-maqta,high,ChIJcUCfJsdpXj4Rr4YKloDlJPw
al-maqta,high,ChIJ0TaixelpXj4RNujWv0mWuVk
al-maqta,high,ChIJfTM1sL1pXj4RMz_zxOsTuyM
al-maqta,high,ChIJ_XHbJhZmXj4RZEoLST18fRY
al-maqta,high,ChIJyVN5GCdHXj4ReNVO3YUVu1I
al-maqta,high,ChIJJ6Rmi0NpXj4RirmSVXHGwrE
al-maqta,high,ChIJ_X5_sYloXj4R7yEMS_c4eKE
al-maqta,high,ChIJ6ceRi2pnXj4RO9pOhI7icjE
al-maqta,high,ChIJ43Hi13lpXj4RzzYf8mWbs3A
al-maqta,high,ChIJT7KcLitpXj4Rh5bcE_YzEJE
al-maqta,high,ChIJ3X_JNv1pXj4RqPI030unqzE
al-maqta,high,ChIJDccChn1pXj4RChtxa2C6YOk
al-maqta,high,ChIJRccC8h1pXj4R6bmL4SEfoA0
al-maqta,high,ChIJIQC5B3dpXj4RuLjtnsl-iQg
al-maqta,high,ChIJA8LhDvNpXj4R8vv9oOyrJDw
al-maqta,high,ChIJtaypk6VHXj4Rno3wZUgkHEU
al-maqta,high,ChIJ5Q2p8hxpXj4RW1aP3BZOk1o
al-maqta,high,ChIJ6WvjJUxpXj4RBrEpujZgm_0
al-maqta,high,ChIJASsJwpdpXj4RK-rxI9CDims
al-maqta,high,ChIJLbmsUNVpXj4Rimbd3z_7Zkc
al-maqta,high,ChIJXXEoRatpXj4RAwuSFz46vVo
al-maqta,high,ChIJ8bfdgZ5pXj4Rufma7EEL_sc
al-maqta,high,ChIJBREr7oNDXj4RfhQ5lRfJBPU
al-maqta,high,ChIJwzatXQBpXj4RvqKh4Y4GzcQ
al-maqta,high,ChIJ4RPvP8hpXj4RZyJsF1mf7zA
al-maqta,high,ChIJY59gK9VpXj4ROCwYdCtZdb0
al-maqta,high,ChIJI8v8dWppXj4RWPqjOl9OoXE
al-maqta,high,ChIJ3SEIKAtDXj4R-KbBxJRio3I
al-maqta,high,ChIJ1RNCXzRDXj4RkbuAKXOwcGA
al-maqta,high,ChIJRfTVvZVDXj4RZZRKmMGM9cs
al-maqta,high,ChIJD78jm21DXj4RFJaaFlEWA9U
al-maqta,high,ChIJt8i1c6JDXj4RZT68OZOeZA8
al-maqta,high,ChIJJThiRQBDXj4ReHyHBI8ug-c
al-maqta,high,ChIJn6Y25n5CXj4RNiqHwAV0tvE
al-maqta,high,ChIJ_em4aABDXj4RJvIkDFBUzlU
al-maqta,high,ChIJsZcdI0VCXj4RcqqbomF0j6w
al-maqta,high,ChIJy0gbkiRDXj4RsKUFEhYvICw
al-maqta,high,ChIJi3I6PmpFXj4RvnqAlf-Zj14
al-maqta,high,ChIJObWU69VFXj4RHe9sihg8jm0
al-maqta,high,ChIJP1niJQBHXj4RF3V73XOmjaQ
al-maqta,high,ChIJjVmxV54IyG8Rb6vQGYUtChQ
al-maqta,high,ChIJK756BwBFXj4RNGsyZqGUr0o
al-maqta,high,ChIJBa4fnRRFXj4RPhetV5A5vHI
al-maqta,high,ChIJJb5APb1FXj4RU9aUzn6zONo
al-maqta,high,ChIJDauAueVFXj4R3Xmnuq3eL3M
al-maqta,high,ChIJ2cRwm0lynCgR06QvoTEAUV0
al-maqta,high,ChIJcTgqyBZHXj4Rf5B1BB4WmsQ
al-maqta,high,ChIJdzZoddFFXj4RJUxCBRKNlz8
al-maqta,high,ChIJCcq3fX1GXj4RHBRRQQMXNlE
al-maqta,high,ChIJew69Lv1FXj4RjK59U-COz1k
al-maqta,high,ChIJH26D38ZFXj4RrPiy947PD0w
al-maqta,high,ChIJ32dV6-JFXj4RirMzddSWiYA
al-maqta,high,ChIJieGTC7ZPXj4RX_8hfMRV2HY
al-maqta,high,ChIJV8rMtqhHXj4R1k1OzNyPle4
al-maqta,high,ChIJwReRVwZPXj4RpK7PtgYsZSw
al-maqta,high,ChIJVdq-wf5HXj4RAyEN29J_D4Q
al-maqta,high,ChIJoV3tjb5FXj4RPTMhunNNho0
al-maqta,high,ChIJcRE_l2NmXj4Rs7yNgCkivuE
al-maqta,high,ChIJCRc4ebdFXj4RDqx1r4bzbto
al-maqta,high,ChIJx_35IbpFXj4RiBbhXLiaAmA
al-maqta,high,ChIJQ-xRY6NFXj4Ru-FAiCzJdaQ
al-maqta,high,ChIJg9vaPitJXj4RteR_PONRSLE
al-maqta,high,ChIJaxDupR1JXj4RxkHSywjtQnU
al-maqta,high,ChIJu1fiwWpJXj4RVNRMH1pYlyA
al-maqta,high,ChIJEQ2uFQBJXj4R8QG8_u2Tfu8
al-maqta,high,ChIJp3xbSABJXj4RArqZJvxrev0
al-maqta,high,ChIJURVpPwBJXj4RqJu7MxgB1zo
al-maqta,high,ChIJ7Q7KjQNmXj4ROEhXBTwMTWk
al-maqta,high,ChIJg6FONuBnXj4RkIDJUY_jwfU
al-maqta,high,ChIJkzlGXCZmXj4Rv0Ng_vrsMsI
al-maqta,high,ChIJl5huYkBpXj4RX9faSAjd-iA
al-maqta,high,ChIJB5DRKyZmXj4RDRhF9YlGekM
al-maqta,high,ChIJ-bj4weBlXj4RYa1MziOiO6c
al-maqta,high,ChIJyRCxvUBnXj4R5PTdoN5UFTQ
al-maqta,high,ChIJxw_jYCBmXj4R4W15MAFN0z8
al-maqta,high,ChIJx1BuZIdpXj4RYy4-cDCDdS0
al-maqta,high,ChIJMTJk1YBpXj4Rr8PtSnvwj5M
al-maqta,high,ChIJ3dyLL_hpXj4RY54HfB5SeGk
al-maqta,high,ChIJ_Vu7UilmXj4R0AsGTzHwkaU
al-maqta,high,ChIJxRNBcplpXj4RX-TbGt12084
al-maqta,high,ChIJo1n-M0JnXj4R7PLlSnGxI_Y
al-maqta,high,ChIJb6QgHwBnXj4Ry47XhnrMDQY
al-maqta,high,ChIJ44q9goBDXj4Rw1_ZJL2LHcE
al-maqta,high,ChIJnbuwwDZGXj4R2MuK02ZL3RQ
al-maqta,high,ChIJ_1-JP91nXj4RrBOgLJu35F4
al-maqta,high,ChIJPyQ_-xVpXj4RkJ-p2SBjK8w
al-maqta,high,ChIJuYirVjFnXj4RhJ2QvewLb9Y
al-maqta,high,ChIJ8_vGInVnXj4Rj-RC-PH75Q8
al-maqta,high,ChIJFyiZ0CNpXj4RyziQ0BZlrFQ
al-maqta,high,ChIJX28z48ZnXj4RrrTv2jMdt1s
al-maqta,high,ChIJZ3VuZhBnXj4RyjUlmklyTsI
al-maqta,high,ChIJs0OGRxhmXj4RyqF8O7pRgMs
al-maqta,high,ChIJWXHpIZdnXj4RMfPQcuP8kS4
al-maqta,high,ChIJl_nk5cNnXj4RwjYoWDZgh6g
al-maqta,high,ChIJVZe88pNpXj4RT9AwJCaXtvA
al-maqta,high,ChIJ8z35MOhnXj4RBz5wq89B23E
al-maqta,high,ChIJFRtjJr5nXj4RH8E6eCIm0NM
al-maqta,high,ChIJycSvtZxCXj4R-RJF502OC-k
al-maqta,high,ChIJQS7TRp1CXj4R7kO__gEfjH4
al-maqta,high,ChIJmckIai1FXj4RDJdfcplz-70
al-maqta,high,ChIJbWf7-eFFXj4R3ua_ke0oiTc
al-maqta,high,ChIJZUhSv6tFXj4R7ZpJFnYGOTw
al-maqta,high,ChIJlbPth9ndjWwRRkf1fcPzukU
al-maqta,high,ChIJK1krJPdFXj4RQVCLQY9UeGY
al-maqta,high,ChIJ2TEfXYhnXj4RGxHrc6Ex7DY
al-maqta,high,ChIJTVNlNwBFXj4R54kFMo_W4Fg
al-maqta,high,ChIJz5Tsn31PXj4RrE5jIkDZ7vw
al-maqta,high,ChIJY6BbY3ZPXj4RrUQtPfRTC6M
al-maqta,high,ChIJiZM66x5PXj4RIbSt7qEUTzI
al-maqta,high,ChIJL3H83LJPXj4RKlSye3d8n04
al-maqta,high,ChIJp_cpJsFPXj4RIWhXvPqu7X0
al-maqta,high,ChIJAUJXWQBPXj4RFsvzWMRVP5w
al-maqta,high,ChIJ4yH5BgBPXj4Rq8jB2riSSG0
al-maqta,high,ChIJPeHUOZ9PXj4RP72F07qBF7g
al-maqta,high,ChIJD4c_XalPXj4RdqRn4Ir54qU
al-maqta,high,ChIJA3XvaTVJXj4R4gSJlIkcAPA
al-maqta,high,ChIJ3Tz_hthPXj4Ry_IfDWiVNDg
al-maqta,high,ChIJ9UmGSABPXj4REU0bkml0VRU
al-maqta,high,ChIJW1ZZSkNmXj4ROlTwRMqMJUc
al-maqta,high,ChIJHYAIMgBnXj4RLEfhkv4gRHg
al-maqta,high,ChIJ1_XlqW5mXj4R2AysySiBqcQ
al-maqta,high,ChIJB2qvUzlnXj4Ru2ErXtcNvvk
al-maqta,high,ChIJZRR1sEBmXj4RXNuJ5Ox0s2Q
al-maqta,high,ChIJ09YGNc5nXj4RwhYG0cOt4EA
al-maqta,high,ChIJ9aiQWhRVsk8R7Wc-AZs4BkU
al-maqta,high,ChIJA08z79VnXj4RDoBZEk7Amgs
al-maqta,high,ChIJuaSSHi5nXj4Ra0WscH_VXFg
al-maqta,high,ChIJF4h7eNJnXj4R5ks2kNdQdTA
al-maqta,high,ChIJqTeaHthnXj4R4mu23EJamJY
al-maqta,high,ChIJk8hQALtnXj4R0sneJuNBZPc
al-maqta,high,ChIJVbstSFBmXj4R449I_E3vMkY
al-maqta,high,ChIJkUYZJK5nXj4RiJ9Ku8bXwdM
al-maqta,high,ChIJASsD9DJmXj4ROzoEGOtYpgA
al-maqta,high,ChIJE954bXBnXj4R0i-p2WyA0dk
al-maqta,high,ChIJWbEXrURmXj4RqTlvNIxNwMg
al-maqta,high,ChIJIYAxKfpnXj4RttR5NvR6D0Q
al-maqta,high,ChIJV-MZgqZnXj4RqyrxMfMdd98
al-maqta,high,ChIJNS4mnhZnXj4ROmaMfmpRpog
al-maqta,high,ChIJmY8cvnHui2sRb7FTWZ29zT8
al-maqta,high,ChIJcdzVQ0lmXj4R8LF1iNswxUY
al-maqta,high,ChIJG9QuzEBmXj4RFF3cHMHXnFE
al-maqta,high,ChIJicmWN_5nXj4RlcNpSiVRe_k
al-maqta,high,ChIJGQcdzZNnXj4REEerUGl7wDg
al-maqta,high,ChIJQcy0bbxnXj4R-WqMI3VHVNI
al-maqta,high,ChIJ_d7LWzNnXj4RGDMh0Ss42H8
al-maqta,high,ChIJjxX0knlnXj4R44jguI9QG6w
al-maqta,high,ChIJ8TsCxJ1nXj4RbbrhicyE6kc
al-maqta,high,ChIJ5wt_y71nXj4Rf9V6KjoRaDQ
al-maqta,high,ChIJ7-O7sH1nXj4Ruiwbj6pPfJo
al-maqta,high,ChIJHRSMuBpnXj4ReujgE1dwHj0
al-maqta,high,ChIJTzbECidnXj4RapPAqym1g6g
al-maqta,high,ChIJM_cTHgBnXj4Rcz0pQfziQdc
al-maqta,high,ChIJA0HSlpxnXj4RfrJqY3XlIYQ
al-maqta,high,ChIJjf-Dz21nXj4RW69cUeFr59U
al-maqta,high,ChIJYwNX56JnXj4RdqtWGzb13JA
al-maqta,high,ChIJURfcOI9FXj4RQMm5phqBgY8
al-maqta,high,ChIJ4UkIgGJFXj4Rqq_4olKf64c
al-maqta,high,ChIJFZhIAO5DXj4RzlYwDOcq5NA
al-maqta,high,ChIJX56uiH1FXj4R0q65jZPBHjU
al-maqta,high,ChIJAdgYhN5PXj4RaWe6WoDcrrc
al-maqta,high,ChIJsXh-qCRFXj4RPD1S74hayKA
al-maqta,high,ChIJNe0TlU1PXj4Refjm7kiQahI
al-maqta,high,ChIJnbUMv8FFXj4RNd5I0EaxNd0
al-maqta,high,ChIJldsuf4dPXj4RP-dmBlvAypc
al-maqta,high,ChIJiRA2fSNFXj4RMWrYFpOYLvQ
al-maqta,high,ChIJUa8OzOlFXj4Rwz13Z_Ot4xk
al-maqta,high,ChIJHxjtWBlFXj4RDcKTU8utwso
al-maqta,high,ChIJo0AcVmRFXj4RX_BMC8Yz8Rc
al-maqta,high,ChIJeQR6m39FXj4R_lb3bZ30fCg
al-maqta,high,ChIJ3-uGn0Iz26cR1MLoPgqPDNw
al-maqta,high,ChIJB0itbYNFXj4RSJ3-1CYpOfo
al-maqta,high,ChIJs8VLrXFFXj4RAgma1lPZzZw
al-maqta,high,ChIJ8ZtA3AhPXj4R9bv4hORDLjI
al-maqta,high,ChIJZV66kJhnXj4ReG9g2VN4Fa8
al-maqta,high,ChIJ_S01UQVnXj4Rp9gKj2D00ws
al-maqta,high,ChIJN9mjS01nXj4RjuZGa59Z6Fw
al-maqta,high,ChIJcRgS2eFnXj4RhCRJ8MKJkXM
al-maqta,high,ChIJ-VDAk51nXj4Rgep2KOSVTB4
al-maqta,high,ChIJ5R5zm15mXj4RRrTpMfjvLO4
al-maqta,high,ChIJ5ygF_l1mXj4R3TyhG8g5Ytg
al-maqta,high,ChIJMXrb-ltmXj4R1SYL2CWAIsE
al-maqta,high,ChIJ-d9iPl9mXj4RmAkeDYJ5VyY
al-maqta,high,ChIJ1VAD2FBnXj4RpmMke4lL7oU
al-maqta,high,ChIJf0lCeppnXj4RpNFakW7VXQU
al-maqta,high,ChIJ79IYKRFnXj4RMx7me4gh_Jg
al-maqta,high,ChIJIUtXTBZnXj4Rp3OlWXUTxTo
al-maqta,high,ChIJG3eVAWFmXj4RX_EiWIICdkc
al-maqta,high,ChIJiZseMgBnXj4RLhFPAjVs4Dw
al-maqta,high,ChIJw8rScR1FXj4RqBQrVfnEKSg
al-maqta,high,ChIJ356381xFXj4RleluuqcjXKw
al-maqta,high,ChIJzytGPQBFXj4ROm4eylf7Kho
al-maqta,high,ChIJO454ZwBPXj4RZFsKq4kIvPw
al-maqta,high,ChIJW3C9ewBPXj4REgscJwT0eTs
al-maqta,high,ChIJzQ8rNUhOXj4RGlCfY1LYDIc
al-maqta,high,ChIJc2TrBABPXj4RuGMwJyG_aN4
al-maqta,high,ChIJWUO80Z9PXj4ReoD9XBjFuPM
al-maqta,high,ChIJJZQinK9PXj4R8pDiVbY5L1w
al-maqta,high,ChIJfxUbmz5OXj4Rh_bZxj75WL4
al-maqta,high,ChIJfySZEadpXj4RQFGCOlwRwOg
al-maqta,high,ChIJp323AgBPXj4RrofDoXgnPcg
al-maqta,high,ChIJD4CyS3NOXj4RscRpJQ6SRmc
al-maqta,high,ChIJd4DLeFpPXj4RfCwYjK8HG7o
al-maqta,high,ChIJCZNgIwBPXj4RBXDQ6gQyJZc
al-maqta,high,ChIJ_QS6FTNPXj4Rh1Dtow6vH_Y
al-maqta,high,ChIJ5YtLV7hPXj4R30frPezuOe8
al-maqta,high,ChIJUcq4CQBPXj4RrP8bmXN55UI
al-maqta,high,ChIJbSN1CLFPXj4Rl9x9Aro5dag
al-maqta,high,ChIJhTfJMztRXj4RxFVl3wqJQak
al-maqta,high,ChIJh9wAonFPXj4R6P2_rlevv90
al-maqta,high,ChIJRcFIcQBPXj4R_ffjuPKPC3w
al-maqta,high,ChIJ6xBtUQBPXj4RBIivJTZdPiE
al-maqta,high,ChIJFbcipNZPXj4RDzs7kJAKif8
al-maqta,high,ChIJm4-13dJPXj4RGhVhaDMey88
al-maqta,high,ChIJtcOjwlZPXj4RzHRLm0qD3cg
al-maqta,high,ChIJAQMQu4BPXj4RgzlYD-d7xlE
al-maqta,high,ChIJPaBozw5OXj4RFHmj9O7KVNQ
al-maqta,high,ChIJUayCUE5PXj4Rg1xfk-miDhw
al-maqta,high,ChIJ0buKpw5OXj4R8Q_RMWwMbHU
al-maqta,high,ChIJr3cA2epPXj4RcS6qJB4IjtA
al-maqta,high,ChIJf3cbfzdPXj4RMbH1w9jcBl8
al-maqta,high,ChIJ80o6kQxOXj4R3GhiXR5zl-E
al-maqta,high,ChIJc7DZPwlnXj4RDLTM5fIWTaY
al-maqta,high,ChIJ-WMhQYxPXj4RV48sW_jXqOo
al-maqta,high,ChIJqRwwWXtPXj4RIFw8lRVEroE
al-maqta,high,ChIJq55P8zdPXj4RgpexpFVFk9Q
al-maqta,high,ChIJFbhrTABPXj4RGr41seI0ToA
al-maqta,high,ChIJ05JPFVNPXj4Rs8Z2F_7JQ6E
al-maqta,high,ChIJO5rnYmBRXj4R1pXDgiZmjbw
al-maqta,high,ChIJA_bkfvdRXj4RIn9092gR8BA
al-maqta,high,ChIJt5VoqPdRXj4R15pqzNESzv8
al-maqta,high,ChIJibicqPdRXj4R8213z11_N4Y
al-maqta,high,ChIJab-JA4RRXj4RbxVemc2x5kk
al-maqta,high,ChIJCfv3ErtRXj4RCJFiBgEm7ag
al-maqta,high,ChIJPz1dPzVRXj4RKKiV5j-5NB4
al-maqta,high,ChIJN3D6p8dPXj4R3yBQqwyBw3M
al-maqta,high,ChIJMRP7IAFPXj4RSz1qPAw9NhI
al-maqta,high,ChIJ0eiMDgBPXj4RbtWaL1szmjY
al-maqta,high,ChIJ_3PpKfdFXj4RMHet52RdlMM
al-maqta,high,ChIJF3S7gY5PXj4Rj-9MkNrGVCc
al-maqta,high,ChIJE9GxX6BHXj4RGlt2IQolkFo
al-maqta,high,ChIJrzaR6p5PXj4RhUr3DeYN2qM
al-maqta,high,ChIJUQwY39BPXj4RsxvhH-xf4yg
al-maqta,high,ChIJX0fF9NNFXj4RnoPe9u8IN-0
al-maqta,high,ChIJke2vFUgPQ44RFn9Fo_Dwp0o
al-maqta,high,ChIJjyvQJ3JHXj4RCvnEkHP0x_0
al-maqta,high,ChIJedHeCPBnXj4RxLG6Hrun3XA
al-maqta,high,ChIJwRyMb6U4Xj4R8gq-RkeyZdI
al-maqta,high,ChIJ75cTy_Q5Xj4RLalc3zmVD6k
al-maqta,high,ChIJs3vVRWJpXj4RWFSLjKWVMig
al-maqta,high,ChIJf5ksS1pnXj4R8nGiK6EIavw
al-maqta,high,ChIJ857h14VoXj4R-MivhTIp0zA
al-maqta,high,ChIJR0SITitHXj4RVCWVzbn_lEk
al-maqta,high,ChIJq0b4j1ppXj4RGyoDe94smso
al-maqta,high,ChIJxdrDuv5nXj4RpY-5DF6euTc
al-maqta,high,ChIJyTjTcmtnXj4RQimZyggX-0g
al-maqta,high,ChIJgW7eCQA3Xj4RtaKpBvr7dwo
al-maqta,high,ChIJ--LATKNnXj4RcjNbguWP7XQ
al-maqta,high,ChIJ66GC8lBnXj4RWy2ZqpAMXPs
al-maqta,high,ChIJBR1S6FBHXj4RlHjUu_rqzo0
al-maqta,high,ChIJ039yYpBnXj4R-jriLFdsbhQ
al-maqta,high,ChIJY0o69snGMosRON-icriog-w
al-maqta,high,ChIJseoQLkpnXj4R0ttDnknkwFs
al-maqta,high,ChIJB65Z-txnXj4R1tA3xNsPhuU
al-maqta,high,ChIJlwoJZqtnXj4RWTk4Uc8irM0
al-maqta,high,ChIJKepBesZHXj4RaBj3rjbxowg
al-maqta,high,ChIJb1nZFylnXj4RQ970d7ENh7E
al-maqta,high,ChIJP2wFAmlFXj4RyTAG9SZLuOo
al-maqta,high,ChIJ6Sm2IEM5Xj4RBqYTUK4jEzg
al-maqta,high,ChIJ3en6cZ9nXj4RF2tAl2cNOhY
al-maqta,high,ChIJVeWO8JBnXj4RFTW9auZALEQ
al-maqta,high,ChIJgewjGqg4Xj4RyTXUzZhLSd4
al-maqta,high,ChIJa5lMYwBnXj4RMZ5IObcolEI
al-maqta,high,ChIJD1sARgBnXj4RIsSKjimSOtU
al-maqta,high,ChIJyzQrxX9BXj4R3dgagdsPj3c
al-maqta,high,ChIJ16q9A1NmXj4RlbEye6DidAY
al-maqta,high,ChIJE0h1bvxnXj4RfgC7_mTG3Ac
al-maqta,high,ChIJy3uB4qlnXj4RcO9_SwxyAfs
al-maqta,high,ChIJz27LlA4JIWYR1KLi8sKhdlU
al-maqta,high,ChIJQTdrojBmXj4Rb_9E07pJORU
al-maqta,high,ChIJ3SEMMhNHXj4R6covViidENk
al-maqta,high,ChIJYfQcrDJnXj4Rql8gi5D3N8o
al-maqta,high,ChIJE-5kYTxmXj4Rh-fgMnNBUmQ
al-maqta,high,ChIJ-bSvTvJnXj4RJ44FIOPKvoc
al-maqta,high,ChIJSdNDIwtnXj4RtgRQAVdqGsE
al-maqta,high,ChIJhS5MWfU5Xj4RCmQZfvI7plE
al-maqta,high,ChIJ-yLmBEGo92oRIFpI1-xLi84
al-maqta,high,ChIJXcohuMJnXj4RoWXg91Ni0Ds
al-maqta,high,ChIJQ5y8-ihmXj4R2--Iu91VhF8
al-maqta,high,ChIJ8e8Wzr44Xj4RYCEdDKI7hVs
al-maqta,high,ChIJJa-aG9pHXj4RITVTPeiexls
al-maqta,high,ChIJoxxAhsJpXj4RcYTCJSBnW4E
al-maqta,high,ChIJTSS60x05Xj4RwqbETuIf1qU
al-maqta,high,ChIJ_chcCE9mXj4Ri_BscHtsX9I
al-maqta,high,ChIJu39Q-xztHQsRridqi4XMjY4
al-maqta,high,ChIJTcrTWGGt7mQRXgEix_2_Uq4
al-maqta,high,ChIJ_YyMCwBpXj4RdNchW4I14U4
al-maqta,high,ChIJu7lVNFFnXj4Rh3ZfIeCW_l8
al-maqta,high,ChIJucQxxsRnXj4R512MmgYJ4vQ
al-maqta,high,ChIJBwQQN51nXj4RxvRgy-HYskU
al-maqta,high,ChIJAwEMi9xnXj4RT3boB_iocto
al-maqta,high,ChIJVVVVeVlmXj4R6VS3CRGr4ok
al-maqta,high,ChIJ60v63kRpXj4Rx-2z7cIGd1M
al-maqta,high,ChIJ5xZgC51nXj4R9Q19GGhq79U
al-maqta,high,ChIJISIA0epnXj4R3NPYSWTWMzc
al-maqta,high,ChIJ8c1oDTpnXj4RhWg-OJ1Acwc
al-maqta,high,ChIJX1RX4wo8YW0RWfZ4IhmQ910
al-maqta,high,ChIJN-yizFtHXj4RbeJ-DhbUwHM
al-maqta,high,ChIJ4wFe7_lHXj4RtfXZggHE9rQ
al-maqta,high,ChIJG4PiHHpHXj4Rgotz8EAEtKw
al-maqta,high,ChIJG5Yvx8tBXj4Ry0hMcfLWkQk
al-maqta,high,ChIJX0IhBpZHXj4RiiNGNxkvges
al-maqta,high,ChIJ2dS7qFlHXj4RjQTzdcHobd4
al-maqta,high,ChIJ946Ye1dnXj4RFIZ7eAKoEfs
al-maqta,high,ChIJd2c2cwA5Xj4RjZ8W4tHLMms
al-maqta,high,ChIJmZ06CDlpXj4RCblh8NscV30
al-maqta,high,ChIJdYSb1Kw5Xj4RDDcMzM6IXMM
al-maqta,high,ChIJw8Bw3Tg5Xj4R9-nmzE04CZ8
al-maqta,high,ChIJ355akfo5Xj4RX11z73jrTCg
al-maqta,high,ChIJd8s9Zr2KF6wRfOLuJLQJUBc
al-maqta,high,ChIJTbJqXgdnXj4RxwgM7jWri0k
al-maqta,high,ChIJYe0rouVnXj4RBQKS16aIjdc
al-maqta,high,ChIJqSQmziRnXj4RmeMQxuCyqdE
al-maqta,high,ChIJIcfhikBmXj4RDW08uEX-Z5g
al-maqta,high,ChIJs33dBLxnXj4RMLCKrC_P_8o
al-maqta,high,ChIJr0nXtj1nXj4RRRzISutiKk8
al-maqta,high,ChIJ5ZdMfFpnXj4RogmtEazB4y0
al-maqta,high,ChIJqWcd62dmXj4RhK3HHIGDJU4
al-maqta,high,ChIJadIgXV5mXj4RHvil6PozSWE
al-maqta,high,ChIJD_u7A2ZmXj4RWpXlIFngq0E
al-maqta,high,ChIJWXQkBbNnXj4RH9BkA9ttS4g
al-maqta,high,ChIJycDEwXtnXj4RvJsLPnvqb0M
al-maqta,high,ChIJxSWvhJ9nXj4RAD2csL2tCPs
al-maqta,high,ChIJMx2vVDFnXj4RofkJZHV4AF0
al-maqta,high,ChIJoZ61PXdnXj4RP8OgX34DSZk
al-maqta,high,ChIJ56Heog1nXj4RwXiqmukHXas
al-maqta,high,ChIJUUhQMmFmXj4Rmmo5z04KXOU
al-maqta,high,ChIJ5waOJUFnXj4R9Qe9NGUCeys
al-maqta,high,ChIJZ6QJe0lnXj4RBmyypnUAkmw
al-maqta,high,ChIJJ8ZD0y9nXj4Rgq4iStCwxaQ
al-maqta,high,ChIJ9ePCDDJnXj4R2lE3kpQj14o
al-maqta,high,ChIJE82v1t1nXj4R4TjauuobSTk
al-maqta,high,ChIJCX-p3FZnXj4RxvSlMaCdcjA
al-maqta,high,ChIJDRVrHQBnXj4RQ7zsRdI3hHo
al-maqta,high,ChIJS61JbB5mXj4RgF-hmsgxuBs
al-maqta,high,ChIJq7KQiVkiu44RFiNNjfq-8Qg
al-maqta,high,ChIJDwhDPz5nXj4RYsFFNcfOBsY
al-maqta,high,ChIJC2xhY5osVYcREHYoqqDJMkg
al-maqta,high,ChIJP_qupm5nXj4RbumVBqXp1xQ
al-maqta,high,ChIJIWVIlbRnXj4RgOogtBZgwKs
al-maqta,high,ChIJ9WInBWtnXj4RxEXM3Kxdfh0
al-maqta,high,ChIJS3rYruNnXj4Rkzh6QikQ-7Y
al-maqta,high,ChIJiebkpd5nXj4RX2Mi86natDE
al-maqta,high,ChIJ15sJJShnXj4RQ0eeYXBdZwo
al-maqta,high,ChIJ2wDUJSZnXj4RDEaKjF9OrrY
al-maqta,high,ChIJaQAS82NmXj4Rc7ND45DP_mE
al-maqta,high,ChIJz8os5WRmXj4RT6RASiduQhY
al-maqta,high,ChIJXdfe9ednXj4RJJ-loFBOlbc
al-maqta,high,ChIJT_KD0o5nXj4RnPEbddbl8DE
al-maqta,high,ChIJndvG6k1nXj4Rux7D-1bDDqw
al-maqta,high,ChIJsbAHHABnXj4RS-zsnr4GJaw
al-maqta,high,ChIJtXoBeyNmXj4RNAp0GFV7IWo
al-maqta,high,ChIJS6zSkSBnXj4RqEs00Xw5zDs
al-maqta,high,ChIJI4lXbABnXj4RaN1ZxKqvAUs
al-maqta,high,ChIJvS9WeYlnXj4RRfn1UzM5QRY
al-maqta,high,ChIJaRZUqHZmXj4RpLJ7tHP_RFg
al-maqta,high,ChIJpX_OJYJoXj4Rpjz8-daA5RA
al-maqta,high,ChIJ_wOzsw5nXj4REAiP6OP6nU0
al-maqta,high,ChIJXUjWmR5nXj4R8waZHt49aJA
al-maqta,high,ChIJHydx9CGS2CcRx5ActGmymJ8
al-maqta,high,ChIJA0Zs2CJnXj4Rr0yMvlyjPqk
al-maqta,high,ChIJK7tMZFpmXj4RXCtoBOrjFdE
al-maqta,high,ChIJm0kTSBVmXj4RfDXhsMaQ3hA
al-maqta,high,ChIJiRByoWVmXj4RwyYFrNKx1y4
al-maqta,high,ChIJa_uR1otnXj4RcemH38_7OxM
al-maqta,high,ChIJVfuOjmdmXj4Re4b0WfIcBEk
al-maqta,high,ChIJyWDqRWJnXj4RTZMYi4u1spg
al-maqta,high,ChIJByfkR1JnXj4RjZnK3wXzQsU
al-maqta,high,ChIJDSIpTQxnXj4Ri2TOMbuDqYQ
al-maqta,high,ChIJYzLadgpnXj4RLzJZVi1kNSQ
al-maqta,high,ChIJ83bmZbVnXj4R0qRR4A-B13A
al-maqta,high,ChIJSWDSRvhnXj4R4BtLYbxkGsE
al-maqta,high,ChIJBdF1KLFnXj4RIoI6NE7VsH0
al-maqta,high,ChIJOa6rvn5pXj4RHFhX0FEX7yY
al-maqta,high,ChIJr6wjqh9nXj4ROupP3dicQsc
al-maqta,high,ChIJCcn8d-VnXj4R9liKH-vNo7c
al-maqta,high,ChIJJ-JnA39CXj4R29ei0wLjmCw
al-maqta,high,ChIJzZVKEF5GXj4RN9lxYZQXab4
al-maqta,high,ChIJu5Q_WXBnXj4RRdALUTTrM6k
al-maqta,high,ChIJi2dTOThnXj4RsR8brZ1nOy0
al-maqta,high,ChIJoZVnEQBHXj4RhoneBiTbNw4
al-maqta,high,ChIJJ4wSTrdpXj4R1L8vQ_7a69k
al-maqta,high,ChIJkT7LnDdoXj4RYAutdxTjQN4
al-maqta,high,ChIJYfh3OItpXj4Rt3V__N7ZRco
al-maqta,high,ChIJ-8uEJ7o4Xj4RVtJLCdiSXgs
al-maqta,high,ChIJSZPJAhFpXj4RnXb7lxKNILI
al-maqta,high,ChIJee0fKLBHXj4R3ULumaNyt_E
al-maqta,high,ChIJo4M7ff5HXj4RozyClVf8rfk
al-maqta,high,ChIJXegBnsJLXj4RbvwJRXPu_8o
al-maqta,high,ChIJycN1AhxFXj4RscBwotobRns
al-maqta,high,ChIJqVgBKaRpXj4RQq9wj7RRfN4
al-maqta,high,ChIJqZDQZdFBXj4RVgknuVN2Yt4
al-maqta,high,ChIJP402dFdpXj4RYdkRQwX62T4
al-maqta,high,ChIJt4ngRthFXj4R7qe029dMUJU
al-taif-mall,low,ChIJTxpnBNj_9D4RG2wSOl2G400
al-taif-mall,low,ChIJgy_Wo9759D4R2Nv8viI79eY
al-taif-mall,low,ChIJ08lYm8T59D4RYTrCU8wk8iE
al-taif-mall,low,ChIJZfOpWiD59D4R06wGEJaIDBE
al-taif-mall,low,ChIJ6xHZAAD59D4RdoNFMeICrlY
al-taif-mall,low,ChIJyRKFBgD59D4RfW9dZDMLbqI
al-taif-mall,low,ChIJwUwcvSn59D4Rdtw1WG3kj2w
al-taif-mall,low,ChIJJyrFTQD59D4Rb8-E4DFYNQI
al-taif-mall,low,ChIJmeKrJgz59D4RdbIK0zGnJ78
al-taif-mall,low,ChIJ0cnQ33759D4RQwOlK2BLAgc
al-taif-mall,low,ChIJGUXscAD59D4RqaF9iiysQnw
al-taif-mall,low,ChIJM0ecid359D4Rq20uS8tixXU
al-taif-mall,low,ChIJF4fjcQD59D4RSdnMf42_rt0
al-taif-mall,low,ChIJQ32IFR359D4RA34PgGaWplc
al-taif-mall,low,ChIJ9YdgH_L59D4RwDQsuse0M9s
al-taif-mall,low,ChIJl5EB_Ir_9D4RUajZc46YwEQ
al-taif-mall,low,ChIJIeJVLtz59D4RHrOhPQ9JV_M
al-taif-mall,low,ChIJPyAt7zX59D4R030rG7smEho
al-taif-mall,low,ChIJ7TMj__359D4RYS1TCgwZb3g
al-taif-mall,low,ChIJjUGE3j759D4R7tQ9230j_PM
al-taif-mall,low,ChIJSa4JVJn59D4RaLSRZHAiphE
al-taif-mall,low,ChIJKRkJtP_59D4RheSZoOWtfEA
al-taif-mall,low,ChIJc9EQmxD59D4Rcwsk38AoKtw
al-taif-mall,low,ChIJGUnnZ1VVz60RjrmFKHTQ1m4
al-taif-mall,low,ChIJCXmzTZD59D4RRKy-4elTz3Q
al-taif-mall,low,ChIJc9E-TIz49D4RUQCOxd6_qQM
al-taif-mall,low,ChIJI_nn_cn59D4RuLhSDBG0Z6k
al-taif-mall,low,ChIJO8wAEQD59D4R2E5Qp-yU_-8
al-taif-mall,low,ChIJtzfT2yr59D4RCPXxIkLxN1c
al-taif-mall,low,ChIJA9cyrnr59D4RzVlbytYAiq0
al-taif-mall,low,ChIJbRT00BP59D4Rbv_R_QCqZJ0
al-taif-mall,low,ChIJO7I5Khj59D4RJDlACuffiqg
al-taif-mall,low,ChIJN8Qi_WH49D4RQgSeuX-GN2k
al-taif-mall,low,ChIJF7NML_b59D4Rl3FGWbvMQw8
al-taif-mall,low,ChIJyYqAOIj49D4RZuVZ_rpyEOc
al-taif-mall,low,ChIJCZZ1_Eb59D4RYKTIUV-vlnA
al-taif-mall,low,ChIJLSalP4r59D4ROpOODwvV9fk
al-taif-mall,low,ChIJEXUBpHz49D4RY5EfpwR9bik
al-taif-mall,low,ChIJ7aPMZsH59D4ReOtmGf_raWE
al-taif-mall,low,ChIJuwyURd759D4RqBIxMb5NeZg
al-taif-mall,low,ChIJPx2hVdT59D4RGe6czyZE3PY
al-taif-mall,low,ChIJS-zE0mH49D4R6Q-w7iyxdCo
al-taif-mall,low,ChIJXS-_bGb59D4RPppprculaFM
al-taif-mall,low,ChIJNcdMMTf59D4RPPSKKcYpsns
al-taif-mall,low,ChIJ-eiEMHz59D4R1eP2m7AVlE0
al-taif-mall,low,ChIJ7UUo6RxX9D4RYHufB-ZSpNc
al-taif-mall,low,ChIJjfRLcoL49D4Raqg2zj70WuQ
al-taif-mall,low,ChIJLQ3n7rRX9D4RExSVbDRPnTw
al-taif-mall,low,ChIJKf-PbXhX9D4RmGf9MunuoDE
al-taif-mall,low,ChIJ_____9pX9D4RU7fGy7WyfQY
al-taif-mall,low,ChIJJWW8hWT59D4Ruapb0URffN8
al-taif-mall,low,ChIJY_UvsIhX9D4Rek8rAP8EbQc
al-taif-mall,low,ChIJIbuOwIL49D4RIgYLKgHFxcU
al-taif-mall,low,ChIJUzD_JaT59D4RLQzapvnOnRY
al-taif-mall,low,ChIJ6cNBTFX59D4Rnu2bDQ1kNaY
al-taif-mall,low,ChIJc16kuon49D4ROdEl3dj7GlI
al-taif-mall,low,ChIJMceeZIX49D4R4YbsY9R7Mck
al-taif-mall,low,ChIJ61wQTn759D4RidCBfKi2_HY
al-taif-mall,low,ChIJd4_Mv4X59D4RT8ELJotR3cE
al-taif-mall,low,ChIJWcfpH3T49D4RnSdqoRvfb9E
al-taif-mall,low,ChIJkS2kNAD59D4R1gWfnfj8ApA
al-taif-mall,low,ChIJm9_KjhVX9D4RH5CoevS7NWs
al-taif-mall,low,ChIJPVD01JP49D4RVheBiFC89Yc
al-taif-mall,low,ChIJ_bpCHfb59D4R0qHQZozKEY0
al-taif-mall,low,ChIJ23rrOgD59D4Rn7VrLSi7r8E
al-taif-mall,low,ChIJL3cZuUH59D4RJR0aKCkIQHg
al-taif-mall,low,ChIJfxd-SO759D4RNOogFRhy6QY
al-taif-mall,low,ChIJew18Ljn59D4RPW_itGVtJ5E
al-taif-mall,low,ChIJ2XbNAsP59D4RDZ0MIP7u55I
al-taif-mall,low,ChIJVc308s1X9D4Rl20ej_2WoMA
al-taif-mall,low,ChIJ40OfV7b59D4RmxNC0cQaWnk
al-taif-mall,low,ChIJ3TeRmJlX9D4Rtrxz_LsZWes
al-taif-mall,low,ChIJZZ-I1FJX9D4RlVcSOOwQOVQ
al-taif-mall,low,ChIJ8ao9Vsoc40ER9oFeF_-ZY3E
al-taif-mall,low,ChIJ1-yGJAD59D4RZtlifD_9Wxk
al-taif-mall,low,ChIJX4cBY3n59D4R9zbKJaup9mo
al-taif-mall,low,ChIJt8RNXHT59D4RfwrwpvaAb0k
al-taif-mall,low,ChIJDeadJgD59D4RsVZ-QITRVkg
al-taif-mall,low,ChIJPa_heAD59D4RGkJd8G6pKfU
al-taif-mall,low,ChIJzyN1o-H59D4Rw9iy4vADEeY
al-taif-mall,low,ChIJl_U-NyX59D4RRtufc8fLEaQ
al-taif-mall,low,ChIJ3XQtqGz59D4R-cSQu19crZs
al-taif-mall,low,ChIJWeTnUVD59D4R0JEA-nTOOIo
al-taif-mall,low,ChIJ03lcqzpX9D4R4zeXjQb2Veo
al-taif-mall,low,ChIJYb14Lv5X9D4RI7M-BOY4C1E
al-taif-mall,low,ChIJ32Rmo2D49D4RK0IkD2ObwjY
al-taif-mall,low,ChIJ22TD7gJX9D4RfioVi65JwRk
al-taif-mall,low,ChIJZYlAMwD59D4RLHYEdWj8ANI
al-taif-mall,low,ChIJ6538LLP59D4RVQ3BRznDrcY
al-taif-mall,low,ChIJzX93XwH59D4RFHfXwHvwpqU
al-taif-mall,low,ChIJy3vMsFD59D4Rx_zgk9bk4iM
al-taif-mall,low,ChIJNzMgNxv59D4RLzqPRd7CNsY
al-taif-mall,low,ChIJ1QRAhT759D4RksSB8wHYgL4
al-taif-mall,medium,ChIJoYuaQAD79D4RhOhaNPhQ71c
al-taif-mall,medium,ChIJV_ByagD79D4RPZz86qD9L3E
al-taif-mall,medium,ChIJVVVVVSX69D4RsBMddCd14Lc
al-taif-mall,medium,ChIJjx0ncwb79D4RA2E_huvgtlY
al-taif-mall,medium,ChIJj_II2DT79D4RNpLWXI9OL28
al-taif-mall,medium,ChIJZ0pI9iL69D4RGoGU7BJ20X8
al-taif-mall,medium,ChIJdbiTLRD59D4R8Ri5bpadxAU
al-taif-mall,medium,ChIJA4TxbAD79D4Rw4-u7ALDABs
al-taif-mall,medium,ChIJXQTJEwD59D4Rr-fLQvb8Ev8
al-taif-mall,medium,ChIJSWg28yb79D4RO4ssJ3YyIC8
al-taif-mall,medium,ChIJTxpnBNj_9D4RG2wSOl2G400
al-taif-mall,medium,ChIJgy_Wo9759D4R2Nv8viI79eY
al-taif-mall,medium,ChIJaS_ARAD59D4RxizgunrQirs
al-taif-mall,medium,ChIJ08lYm8T59D4RYTrCU8wk8iE
al-taif-mall,medium,ChIJZfOpWiD59D4R06wGEJaIDBE
al-taif-mall,medium,ChIJ6xHZAAD59D4RdoNFMeICrlY
al-taif-mall,medium,ChIJyRKFBgD59D4RfW9dZDMLbqI
al-taif-mall,medium,ChIJwUwcvSn59D4Rdtw1WG3kj2w
al-taif-mall,medium,ChIJJyrFTQD59D4Rb8-E4DFYNQI
al-taif-mall,medium,ChIJmeKrJgz59D4RdbIK0zGnJ78
al-taif-mall,medium,ChIJ0cnQ33759D4RQwOlK2BLAgc
al-taif-mall,medium,ChIJGUXscAD59D4RqaF9iiysQnw
al-taif-mall,medium,ChIJM0ecid359D4Rq20uS8tixXU
al-taif-mall,medium,ChIJF4fjcQD59D4RSdnMf42_rt0
al-taif-mall,medium,ChIJQ32IFR359D4RA34PgGaWplc
al-taif-mall,medium,ChIJ9YdgH_L59D4RwDQsuse0M9s
al-taif-mall,medium,ChIJl5EB_Ir_9D4RUajZc46YwEQ
al-taif-mall,medium,ChIJIeJVLtz59D4RHrOhPQ9JV_M
al-taif-mall,medium,ChIJPyAt7zX59D4R030rG7smEho
al-taif-mall,medium,ChIJ7TMj__359D4RYS1TCgwZb3g
al-taif-mall,medium,ChIJjUGE3j759D4R7tQ9230j_PM
al-taif-mall,medium,ChIJSa4JVJn59D4RaLSRZHAiphE
al-taif-mall,medium,ChIJKRkJtP_59D4RheSZoOWtfEA
al-taif-mall,medium,ChIJc9EQmxD59D4Rcwsk38AoKtw
al-taif-mall,medium,ChIJGUnnZ1VVz60RjrmFKHTQ1m4
al-taif-mall,medium,ChIJCXmzTZD59D4RRKy-4elTz3Q
al-taif-mall,medium,ChIJc9E-TIz49D4RUQCOxd6_qQM
al-taif-mall,medium,ChIJI_nn_cn59D4RuLhSDBG0Z6k
al-taif-mall,medium,ChIJO8wAEQD59D4R2E5Qp-yU_-8
al-taif-mall,medium,ChIJtzfT2yr59D4RCPXxIkLxN1c
al-taif-mall,medium,ChIJA9cyrnr59D4RzVlbytYAiq0
al-taif-mall,medium,ChIJbRT00BP59D4Rbv_R_QCqZJ0
al-taif-mall,medium,ChIJO7I5Khj59D4RJDlACuffiqg
al-taif-mall,medium,ChIJN8Qi_WH49D4RQgSeuX-GN2k
al-taif-mall,medium,ChIJF7NML_b59D4Rl3FGWbvMQw8
al-taif-mall,medium,ChIJyYqAOIj49D4RZuVZ_rpyEOc
al-taif-mall,medium,ChIJCZZ1_Eb59D4RYKTIUV-vlnA
al-taif-mall,medium,ChIJLSalP4r59D4ROpOODwvV9fk
al-taif-mall,medium,ChIJEXUBpHz49D4RY5EfpwR9bik
al-taif-mall,medium,ChIJ7aPMZsH59D4ReOtmGf_raWE
al-taif-mall,medium,ChIJuwyURd759D4RqBIxMb5NeZg
al-taif-mall,medium,ChIJPx2hVdT59D4RGe6czyZE3PY
al-taif-mall,medium,ChIJS-zE0mH49D4R6Q-w7iyxdCo
al-taif-mall,medium,ChIJXS-_bGb59D4RPppprculaFM
al-taif-mall,medium,ChIJNcdMMTf59D4RPPSKKcYpsns
al-taif-mall,medium,ChIJaeQxwKxV9D4RqP1AXYdNnZY
al-taif-mall,medium,ChIJj0kHfwBV9D4RuQyh8aeCRM4
al-taif-mall,medium,ChIJ-eiEMHz59D4R1eP2m7AVlE0
al-taif-mall,medium,ChIJ7UUo6RxX9D4RYHufB-ZSpNc
al-taif-mall,medium,ChIJjfRLcoL49D4Raqg2zj70WuQ
al-taif-mall,medium,ChIJLQ3n7rRX9D4RExSVbDRPnTw
al-taif-mall,medium,ChIJKf-PbXhX9D4RmGf9MunuoDE
al-taif-mall,medium,ChIJ_____9pX9D4RU7fGy7WyfQY
al-taif-mall,medium,ChIJJWW8hWT59D4Ruapb0URffN8
al-taif-mall,medium,ChIJY_UvsIhX9D4Rek8rAP8EbQc
al-taif-mall,medium,ChIJIbuOwIL49D4RIgYLKgHFxcU
al-taif-mall,medium,ChIJUzD_JaT59D4RLQzapvnOnRY
al-taif-mall,medium,ChIJ6cNBTFX59D4Rnu2bDQ1kNaY
al-taif-mall,medium,ChIJc16kuon49D4ROdEl3dj7GlI
al-taif-mall,medium,ChIJMceeZIX49D4R4YbsY9R7Mck
al-taif-mall,medium,ChIJ61wQTn759D4RidCBfKi2_HY
al-taif-mall,medium,ChIJd4_Mv4X59D4RT8ELJotR3cE
al-taif-mall,medium,ChIJWcfpH3T49D4RnSdqoRvfb9E
al-taif-mall,medium,ChIJkS2kNAD59D4R1gWfnfj8ApA
al-taif-mall,medium,ChIJm9_KjhVX9D4RH5CoevS7NWs
al-taif-mall,medium,ChIJPVD01JP49D4RVheBiFC89Yc
al-taif-mall,medium,ChIJ_bpCHfb59D4R0qHQZozKEY0
al-taif-mall,medium,ChIJ23rrOgD59D4Rn7VrLSi7r8E
al-taif-mall,medium,ChIJL3cZuUH59D4RJR0aKCkIQHg
al-taif-mall,medium,ChIJfxd-SO759D4RNOogFRhy6QY
al-taif-mall,medium,ChIJew18Ljn59D4RPW_itGVtJ5E
al-taif-mall,medium,ChIJ2XbNAsP59D4RDZ0MIP7u55I
al-taif-mall,medium,ChIJVc308s1X9D4Rl20ej_2WoMA
al-taif-mall,medium,ChIJ40OfV7b59D4RmxNC0cQaWnk
al-taif-mall,medium,ChIJFejbttxX9D4R6DndOii7np0
al-taif-mall,medium,ChIJf47Opc9X9D4RU8CdNHz3nRo
al-taif-mall,medium,ChIJX6mpNQBX9D4RX3xr3tlWwk8
al-taif-mall,medium,ChIJQw6k-pVX9D4Rq0lZTq4V374
al-taif-mall,medium,ChIJqf3nVMNX9D4RNxk1S1tk-Jk
al-taif-mall,medium,ChIJgxS3R2FX9D4RQdcQjkrw3R8
al-taif-mall,medium,ChIJ0wLpSGRX9D4RtgPoNG0xhAU
al-taif-mall,medium,ChIJAbpUEzVX9D4RYxko2oeuN1I
al-taif-mall,medium,ChIJ3TeRmJlX9D4Rtrxz_LsZWes
al-taif-mall,medium,ChIJka7OIQBX9D4RykaSV1HbXDs
al-taif-mall,medium,ChIJ46JNaABX9D4RidIJJwkzgZg
al-taif-mall,medium,ChIJZZ-I1FJX9D4RlVcSOOwQOVQ
al-taif-mall,medium,ChIJE7CMU_IvYEARQwxCMchZNKY
al-taif-mall,medium,ChIJ8ao9Vsoc40ER9oFeF_-ZY3E
al-taif-mall,medium,ChIJ1-yGJAD59D4RZtlifD_9Wxk
al-taif-mall,medium,ChIJX4cBY3n59D4R9zbKJaup9mo
al-taif-mall,medium,ChIJt8RNXHT59D4RfwrwpvaAb0k
al-taif-mall,medium,ChIJDeadJgD59D4RsVZ-QITRVkg
al-taif-mall,medium,ChIJPa_heAD59D4RGkJd8G6pKfU
al-taif-mall,medium,ChIJzyN1o-H59D4Rw9iy4vADEeY
al-taif-mall,medium,ChIJl_U-NyX59D4RRtufc8fLEaQ
al-taif-mall,medium,ChIJ3XQtqGz59D4R-cSQu19crZs
al-taif-mall,medium,ChIJWeTnUVD59D4R0JEA-nTOOIo
al-taif-mall,medium,ChIJ03lcqzpX9D4R4zeXjQb2Veo
al-taif-mall,medium,ChIJYb14Lv5X9D4RI7M-BOY4C1E
al-taif-mall,medium,ChIJ32Rmo2D49D4RK0IkD2ObwjY
al-taif-mall,medium,ChIJ22TD7gJX9D4RfioVi65JwRk
al-taif-mall,medium,ChIJZYlAMwD59D4RLHYEdWj8ANI
al-taif-mall,medium,ChIJ6538LLP59D4RVQ3BRznDrcY
al-taif-mall,medium,ChIJzX93XwH59D4RFHfXwHvwpqU
al-taif-mall,medium,ChIJy3vMsFD59D4Rx_zgk9bk4iM
al-taif-mall,medium,ChIJNzMgNxv59D4RLzqPRd7CNsY
al-taif-mall,medium,ChIJ1QRAhT759D4RksSB8wHYgL4
al-taif-mall,high,ChIJCz7NKN379D4RBzpANT4IMpc
al-taif-mall,high,ChIJoYuaQAD79D4RhOhaNPhQ71c
al-taif-mall,high,ChIJV_ByagD79D4RPZz86qD9L3E
al-taif-mall,high,ChIJoeTeIqn79D4RJLMfG313FqE
al-taif-mall,high,ChIJVVVVVSX69D4RsBMddCd14Lc
al-taif-mall,high,ChIJ1fxweg379D4RrWujnJGDI40
al-taif-mall,high,ChIJIceT0av79D4R4cdjYXMmNNM
al-taif-mall,high,ChIJjx0ncwb79D4RA2E_huvgtlY
al-taif-mall,high,ChIJcXUWXaf79D4RvLXn3NvVWys
al-taif-mall,high,ChIJz_GHBQD79D4RIJjMF27qThg
al-taif-mall,high,ChIJPfgDVED69D4RLErO9hGaSX4
al-taif-mall,high,ChIJicqsIU379D4RzAfA3JP5lAU
al-taif-mall,high,ChIJk8tlKar79D4RdJB0gx4aF_A
al-taif-mall,high,ChIJj_II2DT79D4RNpLWXI9OL28
al-taif-mall,high,ChIJuTPqMCL79D4RMhnVOJ5ihZI
al-taif-mall,high,ChIJD15RBun79D4RTpnG2iGKPA4
al-taif-mall,high,ChIJZ0pI9iL69D4RGoGU7BJ20X8
al-taif-mall,high,ChIJz8qn65v79D4R8eGvWKpt_LY
al-taif-mall,high,ChIJFdlzdQD79D4RkOWAfaaZts0
al-taif-mall,high,ChIJdbiTLRD59D4R8Ri5bpadxAU
al-taif-mall,high,ChIJA4TxbAD79D4Rw4-u7ALDABs
al-taif-mall,high,ChIJXQTJEwD59D4Rr-fLQvb8Ev8
al-taif-mall,high,ChIJSWg28yb79D4RO4ssJ3YyIC8
al-taif-mall,high,ChIJTxpnBNj_9D4RG2wSOl2G400
al-taif-mall,high,ChIJgy_Wo9759D4R2Nv8viI79eY
al-taif-mall,high,ChIJaS_ARAD59D4RxizgunrQirs
al-taif-mall,high,ChIJ08lYm8T59D4RYTrCU8wk8iE
al-taif-mall,high,ChIJZfOpWiD59D4R06wGEJaIDBE
al-taif-mall,high,ChIJ6xHZAAD59D4RdoNFMeICrlY
al-taif-mall,high,ChIJyRKFBgD59D4RfW9dZDMLbqI
al-taif-mall,high,ChIJwUwcvSn59D4Rdtw1WG3kj2w
al-taif-mall,high,ChIJJyrFTQD59D4Rb8-E4DFYNQI
al-taif-mall,high,ChIJmeKrJgz59D4RdbIK0zGnJ78
al-taif-mall,high,ChIJ0cnQ33759D4RQwOlK2BLAgc
al-taif-mall,high,ChIJGUXscAD59D4RqaF9iiysQnw
al-taif-mall,high,ChIJM0ecid359D4Rq20uS8tixXU
al-taif-mall,high,ChIJF4fjcQD59D4RSdnMf42_rt0
al-taif-mall,high,ChIJQ32IFR359D4RA34PgGaWplc
al-taif-mall,high,ChIJ9YdgH_L59D4RwDQsuse0M9s
al-taif-mall,high,ChIJl5EB_Ir_9D4RUajZc46YwEQ
al-taif-mall,high,ChIJIeJVLtz59D4RHrOhPQ9JV_M
al-taif-mall,high,ChIJPyAt7zX59D4R030rG7smEho
al-taif-mall,high,ChIJ7TMj__359D4RYS1TCgwZb3g
al-taif-mall,high,ChIJjUGE3j759D4R7tQ9230j_PM
al-taif-mall,high,ChIJSa4JVJn59D4RaLSRZHAiphE
al-taif-mall,high,ChIJKRkJtP_59D4RheSZoOWtfEA
al-taif-mall,high,ChIJc9EQmxD59D4Rcwsk38AoKtw
al-taif-mall,high,ChIJGUnnZ1VVz60RjrmFKHTQ1m4
al-taif-mall,high,ChIJCXmzTZD59D4RRKy-4elTz3Q
al-taif-mall,high,ChIJc9E-TIz49D4RUQCOxd6_qQM
al-taif-mall,high,ChIJI_nn_cn59D4RuLhSDBG0Z6k
al-taif-mall,high,ChIJO8wAEQD59D4R2E5Qp-yU_-8
al-taif-mall,high,ChIJtzfT2yr59D4RCPXxIkLxN1c
al-taif-mall,high,ChIJA9cyrnr59D4RzVlbytYAiq0
al-taif-mall,high,ChIJbRT00BP59D4Rbv_R_QCqZJ0
al-taif-mall,high,ChIJO7I5Khj59D4RJDlACuffiqg
al-taif-mall,high,ChIJN8Qi_WH49D4RQgSeuX-GN2k
al-taif-mall,high,ChIJF7NML_b59D4Rl3FGWbvMQw8
al-taif-mall,high,ChIJyYqAOIj49D4RZuVZ_rpyEOc
al-taif-mall,high,ChIJCZZ1_Eb59D4RYKTIUV-vlnA
al-taif-mall,high,ChIJLSalP4r59D4ROpOODwvV9fk
al-taif-mall,high,ChIJEXUBpHz49D4RY5EfpwR9bik
al-taif-mall,high,ChIJ7aPMZsH59D4ReOtmGf_raWE
al-taif-mall,high,ChIJuwyURd759D4RqBIxMb5NeZg
al-taif-mall,high,ChIJPx2hVdT59D4RGe6czyZE3PY
al-taif-mall,high,ChIJS-zE0mH49D4R6Q-w7iyxdCo
al-taif-mall,high,ChIJXS-_bGb59D4RPppprculaFM
al-taif-mall,high,ChIJNcdMMTf59D4RPPSKKcYpsns
al-taif-mall,high,ChIJaeQxwKxV9D4RqP1AXYdNnZY
al-taif-mall,high,ChIJj0kHfwBV9D4RuQyh8aeCRM4
al-taif-mall,high,ChIJ-eiEMHz59D4R1eP2m7AVlE0
al-taif-mall,high,ChIJ7UUo6RxX9D4RYHufB-ZSpNc
al-taif-mall,high,ChIJjfRLcoL49D4Raqg2zj70WuQ
al-taif-mall,high,ChIJLQ3n7rRX9D4RExSVbDRPnTw
al-taif-mall,high,ChIJKf-PbXhX9D4RmGf9MunuoDE
al-taif-mall,high,ChIJ_____9pX9D4RU7fGy7WyfQY
al-taif-mall,high,ChIJJWW8hWT59D4Ruapb0URffN8
al-taif-mall,high,ChIJY_UvsIhX9D4Rek8rAP8EbQc
al-taif-mall,high,ChIJIbuOwIL49D4RIgYLKgHFxcU
al-taif-mall,high,ChIJUzD_JaT59D4RLQzapvnOnRY
al-taif-mall,high,ChIJ6cNBTFX59D4Rnu2bDQ1kNaY
al-taif-mall,high,ChIJc16kuon49D4ROdEl3dj7GlI
al-taif-mall,high,ChIJMceeZIX49D4R4YbsY9R7Mck
al-taif-mall,high,ChIJ61wQTn759D4RidCBfKi2_HY
al-taif-mall,high,ChIJd4_Mv4X59D4RT8ELJotR3cE
al-taif-mall,high,ChIJWcfpH3T49D4RnSdqoRvfb9E
al-taif-mall,high,ChIJkS2kNAD59D4R1gWfnfj8ApA
al-taif-mall,high,ChIJm9_KjhVX9D4RH5CoevS7NWs
al-taif-mall,high,ChIJPVD01JP49D4RVheBiFC89Yc
al-taif-mall,high,ChIJ_bpCHfb59D4R0qHQZozKEY0
al-taif-mall,high,ChIJ23rrOgD59D4Rn7VrLSi7r8E
al-taif-mall,high,ChIJL3cZuUH59D4RJR0aKCkIQHg
al-taif-mall,high,ChIJfxd-SO759D4RNOogFRhy6QY
al-taif-mall,high,ChIJew18Ljn59D4RPW_itGVtJ5E
al-taif-mall,high,ChIJ2XbNAsP59D4RDZ0MIP7u55I
al-taif-mall,high,ChIJVc308s1X9D4Rl20ej_2WoMA
al-taif-mall,high,ChIJ40OfV7b59D4RmxNC0cQaWnk
al-taif-mall,high,ChIJFejbttxX9D4R6DndOii7np0
al-taif-mall,high,ChIJf47Opc9X9D4RU8CdNHz3nRo
al-taif-mall,high,ChIJX6mpNQBX9D4RX3xr3tlWwk8
al-taif-mall,high,ChIJQw6k-pVX9D4Rq0lZTq4V374
al-taif-mall,high,ChIJqf3nVMNX9D4RNxk1S1tk-Jk
al-taif-mall,high,ChIJgxS3R2FX9D4RQdcQjkrw3R8
al-taif-mall,high,ChIJ0wLpSGRX9D4RtgPoNG0xhAU
al-taif-mall,high,ChIJAbpUEzVX9D4RYxko2oeuN1I
al-taif-mall,high,ChIJ3TeRmJlX9D4Rtrxz_LsZWes
al-taif-mall,high,ChIJka7OIQBX9D4RykaSV1HbXDs
al-taif-mall,high,ChIJ46JNaABX9D4RidIJJwkzgZg
al-taif-mall,high,ChIJZZ-I1FJX9D4RlVcSOOwQOVQ
al-taif-mall,high,ChIJE7CMU_IvYEARQwxCMchZNKY
al-taif-mall,high,ChIJgzpa8rFV9D4RynLRYBgVR6Q
al-taif-mall,high,ChIJv-aiajD79D4RffkK7fT2DUY
al-taif-mall,high,ChIJ_QkIr1X69D4R7X2SObj8SMQ
al-taif-mall,high,ChIJEcjOVAD79D4RECIFHqmBdq0
al-taif-mall,high,ChIJaZUU4qr79D4RuouvHX1xfTM
al-taif-mall,high,ChIJna6GYVf69D4RXIJyBQOR5Rc
al-taif-mall,high,ChIJT_V_iGr79D4RwrLnlsnSJNA
al-taif-mall,high,ChIJ1WFVl_z79D4RhWg21WOzyfQ
al-taif-mall,high,ChIJczbMgzT79D4RJpFKyeTevxA
al-taif-mall,high,ChIJIcWKHQD79D4RzK6iUhiNGrc
al-taif-mall,high,ChIJ4ygfc0f69D4R6h6JmuE9mMY
al-taif-mall,high,ChIJh-xcZABR9D4RHDn2xL27Hcs
al-taif-mall,high,ChIJv3riXwBR9D4RAHpGkY_Vj54
al-taif-mall,high,ChIJQbe9ptFR9D4R7HucUSW3XVw
al-taif-mall,high,ChIJv0TtNwBR9D4Rmj-HEu7kc2E
al-taif-mall,high,ChIJ8ao9Vsoc40ER9oFeF_-ZY3E
al-taif-mall,high,ChIJ1-yGJAD59D4RZtlifD_9Wxk
al-taif-mall,high,ChIJX4cBY3n59D4R9zbKJaup9mo
al-taif-mall,high,ChIJt8RNXHT59D4RfwrwpvaAb0k
al-taif-mall,high,ChIJDeadJgD59D4RsVZ-QITRVkg
al-taif-mall,high,ChIJPa_heAD59D4RGkJd8G6pKfU
al-taif-mall,high,ChIJzyN1o-H59D4Rw9iy4vADEeY
al-taif-mall,high,ChIJl_U-NyX59D4RRtufc8fLEaQ
al-taif-mall,high,ChIJ3XQtqGz59D4R-cSQu19crZs
al-taif-mall,high,ChIJWeTnUVD59D4R0JEA-nTOOIo
al-taif-mall,high,ChIJ03lcqzpX9D4R4zeXjQb2Veo
al-taif-mall,high,ChIJYb14Lv5X9D4RI7M-BOY4C1E
al-taif-mall,high,ChIJ32Rmo2D49D4RK0IkD2ObwjY
al-taif-mall,high,ChIJ22TD7gJX9D4RfioVi65JwRk
al-taif-mall,high,ChIJZYlAMwD59D4RLHYEdWj8ANI
al-taif-mall,high,ChIJ6538LLP59D4RVQ3BRznDrcY
al-taif-mall,high,ChIJzX93XwH59D4RFHfXwHvwpqU
al-taif-mall,high,ChIJy3vMsFD59D4Rx_zgk9bk4iM
al-taif-mall,high,ChIJNzMgNxv59D4RLzqPRd7CNsY
al-taif-mall,high,ChIJ1QRAhT759D4RksSB8wHYgL4
baniyas,low,ChIJTQLaGGwxXj4RtC5iJ9F4WH4
baniyas,low,ChIJS3E1SQAxXj4RxnPr3mawtWI
baniyas,low,ChIJYcOSndMwXj4Rs4bcGo-cl3A
baniyas,low,ChIJ_-MkY6U3Xj4Ra1MET4K3Szk
baniyas,low,ChIJXSo9rpoxXj4RHqVO5MTBqnM
baniyas,low,ChIJ6Zahg84xXj4RWrLGHhmXVFU
baniyas,low,ChIJL-4MydMwXj4RwCG1pUPCqBE
baniyas,low,ChIJ_XrQiNMwXj4Rw92Z_nekmI0
baniyas,low,ChIJcZqDBgAxXj4RARRPAyKMcKM
baniyas,low,ChIJXS0tH9wxXj4R5ldIJYJr4-g
baniyas,low,ChIJe8yFjyY5Xj4R4XF7d9fE92I
baniyas,low,ChIJqbZoi0E3Xj4RqvcwgAiD-I0
baniyas,low,ChIJ2Vb-EwA3Xj4Rvihc0dAhjho
baniyas,low,ChIJ0-UqaLA3Xj4RQyw3xdUBT8Y
baniyas,low,ChIJo43uxzs3Xj4RVXtbF8SINMg
baniyas,low,ChIJZaPHks03Xj4R6n0H-_TPtQw
baniyas,low,ChIJm1gKcAhpXj4RtVHtytsjU04
baniyas,low,ChIJxfs_Lzo3Xj4RU0tYtvjdnGk
baniyas,low,ChIJLYzElP03Xj4REreRhHMZUxA
baniyas,low,ChIJ08woPh43Xj4RLQn9RfK_d-g
baniyas,low,ChIJtfowytc5Xj4RNDIQaQ9jm1g
baniyas,low,ChIJN2YaKjo3Xj4RP5c-7TO_fxk
baniyas,low,ChIJySPEeAA3Xj4R86ydETlyKcI
baniyas,low,ChIJt1f8pV43Xj4R275r0Rk9rLQ
baniyas,low,ChIJvwV1Ojg3Xj4RKv8KM-y2oV0
baniyas,low,ChIJnXM8Kjo3Xj4R0nTG9oRpbxc
baniyas,low,ChIJjV4_8zo3Xj4Rimg3RsMt3mU
baniyas,low,ChIJOUYK5mQ3Xj4RgsLlrhLrwdk
baniyas,low,ChIJ_zKmtTs3Xj4RYRpi9OuNKb0
baniyas,low,ChIJOcOsNcE3Xj4RhBFGnss57Aw
baniyas,low,ChIJY5YI9essoS4RMF0Pwj868uk
baniyas,low,ChIJ714SwUI3Xj4RaVZ4gcav8po
baniyas,low,ChIJV6YIh8k3Xj4RrOj5e4LpLng
baniyas,low,ChIJY9wBUAA3Xj4RHgCm5aISavs
baniyas,low,ChIJn8JqQR03Xj4REWqgFbMUIYQ
baniyas,low,ChIJ39lgm6M3Xj4RbqH0Ipuq43c
baniyas,low,ChIJfdd0XWc5Xj4R7X8N9miotYw
baniyas,low,ChIJOyibkek3Xj4RNtUWnHkJcHs
baniyas,low,ChIJBfiK_gU3Xj4RveC4lqwKWko
baniyas,low,ChIJP62LnMA3Xj4RIszOUCkof-4
baniyas,low,ChIJRYqhWAA3Xj4RHPWhQzSfkWI
baniyas,low,ChIJNUWVaoM3Xj4RHWdV5LZ8nYM
baniyas,low,ChIJt_rot6w3Xj4RywzijzxGx14
baniyas,low,ChIJLwJz4iE3Xj4RJU4kyWBwJD8
baniyas,low,ChIJOzO8UBo3Xj4RhBpJW_9Clik
baniyas,low,ChIJPd5FGSs3Xj4RY5IWOucozsc
baniyas,low,ChIJabO2FcM3Xj4RjG434cOBstU
baniyas,low,ChIJ445rqPg3Xj4RO1U_JhJFh8c
baniyas,low,ChIJZbAdeyg3Xj4RhrWxz1sAecs
baniyas,low,ChIJg-4lyOM3Xj4RjXGHH6n7wOw
baniyas,low,ChIJHTzshj03Xj4Rl2iPemwnqi0
baniyas,low,ChIJhzTbC103Xj4RjodcumrbGZw
baniyas,low,ChIJgW7eCQA3Xj4RtaKpBvr7dwo
baniyas,medium,ChIJNzVAYUMzXj4RGYUnve5FYX0
baniyas,medium,ChIJaQ0plTcyXj4R_hsiC2uzYF4
baniyas,medium,ChIJBakSoX85Xj4RkYjk5vwovD4
baniyas,medium,ChIJp39vgc8xXj4R0enSOIbQ8YM
baniyas,medium,ChIJTQLaGGwxXj4RtC5iJ9F4WH4
baniyas,medium,ChIJS3E1SQAxXj4RxnPr3mawtWI
baniyas,medium,ChIJYcOSndMwXj4Rs4bcGo-cl3A
baniyas,medium,ChIJ_-MkY6U3Xj4Ra1MET4K3Szk
baniyas,medium,ChIJXSo9rpoxXj4RHqVO5MTBqnM
baniyas,medium,ChIJ6Zahg84xXj4RWrLGHhmXVFU
baniyas,medium,ChIJL-4MydMwXj4RwCG1pUPCqBE
baniyas,medium,ChIJ_XrQiNMwXj4Rw92Z_nekmI0
baniyas,medium,ChIJcZqDBgAxXj4RARRPAyKMcKM
baniyas,medium,ChIJXS0tH9wxXj4R5ldIJYJr4-g
baniyas,medium,ChIJAQAAAAc5Xj4RyYZgcl6Qj6I
baniyas,medium,ChIJMUsdLAA5Xj4R38lHVrv-1uw
baniyas,medium,ChIJ6QMpZAA5Xj4RoTxDuIcwqrk
baniyas,medium,ChIJE9YDJCc5Xj4R7cgEdN_5kug
baniyas,medium,ChIJicjNWjA5Xj4Rs_XYoRMaURY
baniyas,medium,ChIJM3LYPwA5Xj4RrG-NL0wf-jw
baniyas,medium,ChIJl3lAeAA5Xj4RygyB26dQkRk
baniyas,medium,ChIJe8yFjyY5Xj4R4XF7d9fE92I
baniyas,medium,ChIJqbZoi0E3Xj4RqvcwgAiD-I0
baniyas,medium,ChIJ2Vb-EwA3Xj4Rvihc0dAhjho
baniyas,medium,ChIJ0-UqaLA3Xj4RQyw3xdUBT8Y
baniyas,medium,ChIJo43uxzs3Xj4RVXtbF8SINMg
baniyas,medium,ChIJZaPHks03Xj4R6n0H-_TPtQw
baniyas,medium,ChIJm1gKcAhpXj4RtVHtytsjU04
baniyas,medium,ChIJxfs_Lzo3Xj4RU0tYtvjdnGk
baniyas,medium,ChIJLYzElP03Xj4REreRhHMZUxA
baniyas,medium,ChIJ08woPh43Xj4RLQn9RfK_d-g
baniyas,medium,ChIJtfowytc5Xj4RNDIQaQ9jm1g
baniyas,medium,ChIJN2YaKjo3Xj4RP5c-7TO_fxk
baniyas,medium,ChIJySPEeAA3Xj4R86ydETlyKcI
baniyas,medium,ChIJt1f8pV43Xj4R275r0Rk9rLQ
baniyas,medium,ChIJvwV1Ojg3Xj4RKv8KM-y2oV0
baniyas,medium,ChIJnXM8Kjo3Xj4R0nTG9oRpbxc
baniyas,medium,ChIJjV4_8zo3Xj4Rimg3RsMt3mU
baniyas,medium,ChIJOUYK5mQ3Xj4RgsLlrhLrwdk
baniyas,medium,ChIJ_zKmtTs3Xj4RYRpi9OuNKb0
baniyas,medium,ChIJOcOsNcE3Xj4RhBFGnss57Aw
baniyas,medium,ChIJY5YI9essoS4RMF0Pwj868uk
baniyas,medium,ChIJ714SwUI3Xj4RaVZ4gcav8po
baniyas,medium,ChIJ5dmFEQA5Xj4RUUhWfRGaTWA
baniyas,medium,ChIJifIQ9Lk4Xj4RvyIgEGAO9Mo
baniyas,medium,ChIJ803MSw85Xj4R8gBaPIO3lJA
baniyas,medium,ChIJOdy0rpM5Xj4RyYrr8KmUcQU
baniyas,medium,ChIJP8IJcLw5Xj4RV_3UnhRln20
baniyas,medium,ChIJ0aF1awA5Xj4RzsnvtOgyrIo
baniyas,medium,ChIJkdfyBfY5Xj4R6Ssl9zGJNrE
baniyas,medium,ChIJhVfAK4k5Xj4RbHhZUFTulLQ
baniyas,medium,ChIJk52ZdNo5Xj4RB1qWnAG5aXA
baniyas,medium,ChIJNzGvYmxmXj4RiZGijh7LIvo
baniyas,medium,ChIJwRAhTuw5Xj4Rby1hbkcY9ms
baniyas,medium,ChIJyeR_SNA5Xj4RvJ2RJp75KbE
baniyas,medium,ChIJZZQ3B9g5Xj4Ru6ePF4wxb1c
baniyas,medium,ChIJh_uD3m85Xj4RBJOJd5VJwQ8
baniyas,medium,ChIJ2djxtgk5Xj4RxiaaioL9bg8
baniyas,medium,ChIJV6YIh8k3Xj4RrOj5e4LpLng
baniyas,medium,ChIJY9wBUAA3Xj4RHgCm5aISavs
baniyas,medium,ChIJn8JqQR03Xj4REWqgFbMUIYQ
baniyas,medium,ChIJ39lgm6M3Xj4RbqH0Ipuq43c
baniyas,medium,ChIJfdd0XWc5Xj4R7X8N9miotYw
baniyas,medium,ChIJOyibkek3Xj4RNtUWnHkJcHs
baniyas,medium,ChIJBfiK_gU3Xj4RveC4lqwKWko
baniyas,medium,ChIJP62LnMA3Xj4RIszOUCkof-4
baniyas,medium,ChIJRYqhWAA3Xj4RHPWhQzSfkWI
baniyas,medium,ChIJNUWVaoM3Xj4RHWdV5LZ8nYM
baniyas,medium,ChIJt_rot6w3Xj4RywzijzxGx14
baniyas,medium,ChIJLwJz4iE3Xj4RJU4kyWBwJD8
baniyas,medium,ChIJOzO8UBo3Xj4RhBpJW_9Clik
baniyas,medium,ChIJPd5FGSs3Xj4RY5IWOucozsc
baniyas,medium,ChIJabO2FcM3Xj4RjG434cOBstU
baniyas,medium,ChIJ445rqPg3Xj4RO1U_JhJFh8c
baniyas,medium,ChIJZbAdeyg3Xj4RhrWxz1sAecs
baniyas,medium,ChIJg-4lyOM3Xj4RjXGHH6n7wOw
baniyas,medium,ChIJHTzshj03Xj4Rl2iPemwnqi0
baniyas,medium,ChIJlUSPaHk3Xj4R-ujE-YJrULs
baniyas,medium,ChIJ30QrfVlHXj4RNznnw6DrRt8
baniyas,medium,ChIJsw6LWwA5Xj4RW_AF0uHPbZo
baniyas,medium,ChIJ6_WfJ3dmXj4RZQmzEt54c2U
baniyas,medium,ChIJjUAl_p05Xj4RrzZQVGSfVV0
baniyas,medium,ChIJ8ex8GXI5Xj4Rc5m8NvenPh0
baniyas,medium,ChIJywlzodE5Xj4RF1q0f3U82vs
baniyas,medium,ChIJnS98uac4Xj4R3BbG-ufXM_E
baniyas,medium,ChIJ370tt8s5Xj4RbzcVsDTjo3s
baniyas,medium,ChIJ1TavO7FHXj4RggvNIQ2170I
baniyas,medium,ChIJayuaDsM5Xj4RdUrjCnR9yOg
baniyas,medium,ChIJdwN6yac4Xj4Rjoks1vUX42w
baniyas,medium,ChIJ2SOz_FI5Xj4Rb4VZoGTYkqQ
baniyas,medium,ChIJDbcz2A9tXz4RnqvVPtIP15c
baniyas,medium,ChIJZ3vcheo3Xj4RnSWZDXWS72k
baniyas,medium,ChIJlwG5_DI3Xj4RXNhToLQcoWw
baniyas,medium,ChIJhzTbC103Xj4RjodcumrbGZw
baniyas,medium,ChIJFSj2a4k3Xj4RTujzuydX3ys
baniyas,medium,ChIJHcgoVCs3Xj4RRjOpdRRXIHg
baniyas,medium,ChIJC5OFi0BHXj4RAuJqyhWbkJY
baniyas,medium,ChIJ1acVeH1HXj4RSli59C2hk2k
baniyas,medium,ChIJDfakpIJHXj4R3WYRCyOrI74
baniyas,medium,ChIJXy21KDxHXj4RIdV7o7AKBeU
baniyas,medium,ChIJJY0cP_ZHXj4Rezb6C_enoRc
baniyas,medium,ChIJhXJdydZHXj4RqFWkuoidlqA
baniyas,medium,ChIJ7dsioyZBXj4RzIkYAl0M0OY
baniyas,medium,ChIJUWAtgZZBXj4RXG5RVhUuGYA
baniyas,medium,ChIJA3AAmCVHXj4Rd8NywioXdIc
baniyas,medium,ChIJmZTGYwZHXj4RUVITzCRY67A
baniyas,medium,ChIJK2_bRwBHXj4RIGTTZCUQak0
baniyas,medium,ChIJ45jENidHXj4RbsTlCPw-bLk
baniyas,medium,ChIJW-umFABHXj4RodLZiPhbEqU
baniyas,medium,ChIJqWvdQgBJXj4RWBnsE2sHUHY
baniyas,medium,ChIJT6HWvGA3Xj4Rmf8dQzGbtGY
baniyas,medium,ChIJO_qHc_43Xj4R-51XaEJ9OPQ
baniyas,medium,ChIJAV19Lv83Xj4R1oqXSoHmJGk
baniyas,medium,ChIJTcAI62k3Xj4RrDfM2aTKmJ8
baniyas,medium,ChIJjX-vDS5HXj4RdLKTuTi86Vs
baniyas,medium,ChIJRwdqDwBJXj4RfDUU2XRviaM
baniyas,medium,ChIJz9fcsplJXj4R3XctupxLwzw
baniyas,medium,ChIJmVS7RtpJXj4Rb9wAlFGyBaw
baniyas,medium,ChIJZ1LG5gBDXj4RE09vzn8m_8Q
baniyas,medium,ChIJP_gGHdE3Xj4Rm_qbfE31_R0
baniyas,medium,ChIJVWQVD7E3Xj4RQ-5zO0t9tHU
baniyas,medium,ChIJT3PvNzI3Xj4RJ1wkNwZNvPk
baniyas,medium,ChIJ98vusWNJXj4RXbp7IqKZZgo
baniyas,medium,ChIJQxZCWlw3Xj4RqQ5C33U4JIc
baniyas,medium,ChIJ2wGFVwA3Xj4RRZiJN7Utd3E
baniyas,medium,ChIJJWo7LP43Xj4R-zT_vBfl0Bw
baniyas,medium,ChIJjw-oAIZBXj4RYs_ZF8S82Wc
baniyas,medium,ChIJH70e0D5BXj4RTlmr6g49yAg
baniyas,medium,ChIJgXLLwwB-hWgReooggOGQAOo
baniyas,medium,ChIJke2vFUgPQ44RFn9Fo_Dwp0o
baniyas,medium,ChIJjyvQJ3JHXj4RCvnEkHP0x_0
baniyas,medium,ChIJwRyMb6U4Xj4R8gq-RkeyZdI
baniyas,medium,ChIJ75cTy_Q5Xj4RLalc3zmVD6k
baniyas,medium,ChIJR0SITitHXj4RVCWVzbn_lEk
baniyas,medium,ChIJgW7eCQA3Xj4RtaKpBvr7dwo
baniyas,medium,ChIJBR1S6FBHXj4RlHjUu_rqzo0
baniyas,medium,ChIJ6Sm2IEM5Xj4RBqYTUK4jEzg
baniyas,medium,ChIJgewjGqg4Xj4RyTXUzZhLSd4
baniyas,medium,ChIJz27LlA4JIWYR1KLi8sKhdlU
baniyas,medium,ChIJ3SEMMhNHXj4R6covViidENk
baniyas,medium,ChIJhS5MWfU5Xj4RCmQZfvI7plE
baniyas,medium,ChIJ8e8Wzr44Xj4RYCEdDKI7hVs
baniyas,medium,ChIJTSS60x05Xj4RwqbETuIf1qU
baniyas,medium,ChIJN-yizFtHXj4RbeJ-DhbUwHM
baniyas,medium,ChIJG5Yvx8tBXj4Ry0hMcfLWkQk
baniyas,medium,ChIJX0IhBpZHXj4RiiNGNxkvges
baniyas,medium,ChIJ2dS7qFlHXj4RjQTzdcHobd4
baniyas,medium,ChIJ946Ye1dnXj4RFIZ7eAKoEfs
baniyas,medium,ChIJd2c2cwA5Xj4RjZ8W4tHLMms
baniyas,medium,ChIJmZ06CDlpXj4RCblh8NscV30
baniyas,medium,ChIJdYSb1Kw5Xj4RDDcMzM6IXMM
baniyas,medium,ChIJw8Bw3Tg5Xj4R9-nmzE04CZ8
baniyas,medium,ChIJ355akfo5Xj4RX11z73jrTCg
baniyas,medium,ChIJd8s9Zr2KF6wRfOLuJLQJUBc
baniyas,medium,ChIJ-8uEJ7o4Xj4RVtJLCdiSXgs
baniyas,high,ChIJNzVAYUMzXj4RGYUnve5FYX0
baniyas,high,ChIJaQ0plTcyXj4R_hsiC2uzYF4
baniyas,high,ChIJBakSoX85Xj4RkYjk5vwovD4
baniyas,high,ChIJp39vgc8xXj4R0enSOIbQ8YM
baniyas,high,ChIJTQLaGGwxXj4RtC5iJ9F4WH4
baniyas,high,ChIJS3E1SQAxXj4RxnPr3mawtWI
baniyas,high,ChIJYcOSndMwXj4Rs4bcGo-cl3A
baniyas,high,ChIJ_-MkY6U3Xj4Ra1MET4K3Szk
baniyas,high,ChIJXSo9rpoxXj4RHqVO5MTBqnM
baniyas,high,ChIJ6Zahg84xXj4RWrLGHhmXVFU
baniyas,high,ChIJL-4MydMwXj4RwCG1pUPCqBE
baniyas,high,ChIJ_XrQiNMwXj4Rw92Z_nekmI0
baniyas,high,ChIJcZqDBgAxXj4RARRPAyKMcKM
baniyas,high,ChIJXS0tH9wxXj4R5ldIJYJr4-g
baniyas,high,ChIJAQAAAAc5Xj4RyYZgcl6Qj6I
baniyas,high,ChIJMUsdLAA5Xj4R38lHVrv-1uw
baniyas,high,ChIJ6QMpZAA5Xj4RoTxDuIcwqrk
baniyas,high,ChIJE9YDJCc5Xj4R7cgEdN_5kug
baniyas,high,ChIJicjNWjA5Xj4Rs_XYoRMaURY
baniyas,high,ChIJM3LYPwA5Xj4RrG-NL0wf-jw
baniyas,high,ChIJl3lAeAA5Xj4RygyB26dQkRk
baniyas,high,ChIJe8yFjyY5Xj4R4XF7d9fE92I
baniyas,high,ChIJqbZoi0E3Xj4RqvcwgAiD-I0
baniyas,high,ChIJ2Vb-EwA3Xj4Rvihc0dAhjho
baniyas,high,ChIJ0-UqaLA3Xj4RQyw3xdUBT8Y
baniyas,high,ChIJo43uxzs3Xj4RVXtbF8SINMg
baniyas,high,ChIJZaPHks03Xj4R6n0H-_TPtQw
baniyas,high,ChIJm1gKcAhpXj4RtVHtytsjU04
baniyas,high,ChIJxfs_Lzo3Xj4RU0tYtvjdnGk
baniyas,high,ChIJLYzElP03Xj4REreRhHMZUxA
baniyas,high,ChIJ08woPh43Xj4RLQn9RfK_d-g
baniyas,high,ChIJtfowytc5Xj4RNDIQaQ9jm1g
baniyas,high,ChIJN2YaKjo3Xj4RP5c-7TO_fxk
baniyas,high,ChIJySPEeAA3Xj4R86ydETlyKcI
baniyas,high,ChIJt1f8pV43Xj4R275r0Rk9rLQ
baniyas,high,ChIJvwV1Ojg3Xj4RKv8KM-y2oV0
baniyas,high,ChIJnXM8Kjo3Xj4R0nTG9oRpbxc
baniyas,high,ChIJjV4_8zo3Xj4Rimg3RsMt3mU
baniyas,high,ChIJOUYK5mQ3Xj4RgsLlrhLrwdk
baniyas,high,ChIJ_zKmtTs3Xj4RYRpi9OuNKb0
baniyas,high,ChIJOcOsNcE3Xj4RhBFGnss57Aw
baniyas,high,ChIJY5YI9essoS4RMF0Pwj868uk
baniyas,high,ChIJ714SwUI3Xj4RaVZ4gcav8po
baniyas,high,ChIJXZUIhwRBXj4RlyoX8A77Oc0
baniyas,high,ChIJ5dmFEQA5Xj4RUUhWfRGaTWA
baniyas,high,ChIJifIQ9Lk4Xj4RvyIgEGAO9Mo
baniyas,high,ChIJ803MSw85Xj4R8gBaPIO3lJA
baniyas,high,ChIJOdy0rpM5Xj4RyYrr8KmUcQU
baniyas,high,ChIJP8IJcLw5Xj4RV_3UnhRln20
baniyas,high,ChIJ0aF1awA5Xj4RzsnvtOgyrIo
baniyas,high,ChIJkdfyBfY5Xj4R6Ssl9zGJNrE
baniyas,high,ChIJhVfAK4k5Xj4RbHhZUFTulLQ
baniyas,high,ChIJk52ZdNo5Xj4RB1qWnAG5aXA
baniyas,high,ChIJNzGvYmxmXj4RiZGijh7LIvo
baniyas,high,ChIJwRAhTuw5Xj4Rby1hbkcY9ms
baniyas,high,ChIJyeR_SNA5Xj4RvJ2RJp75KbE
baniyas,high,ChIJZZQ3B9g5Xj4Ru6ePF4wxb1c
baniyas,high,ChIJh_uD3m85Xj4RBJOJd5VJwQ8
baniyas,high,ChIJ2djxtgk5Xj4RxiaaioL9bg8
baniyas,high,ChIJV6YIh8k3Xj4RrOj5e4LpLng
baniyas,high,ChIJY9wBUAA3Xj4RHgCm5aISavs
baniyas,high,ChIJn8JqQR03Xj4REWqgFbMUIYQ
baniyas,high,ChIJ39lgm6M3Xj4RbqH0Ipuq43c
baniyas,high,ChIJfdd0XWc5Xj4R7X8N9miotYw
baniyas,high,ChIJOyibkek3Xj4RNtUWnHkJcHs
baniyas,high,ChIJBfiK_gU3Xj4RveC4lqwKWko
baniyas,high,ChIJP62LnMA3Xj4RIszOUCkof-4
baniyas,high,ChIJRYqhWAA3Xj4RHPWhQzSfkWI
baniyas,high,ChIJNUWVaoM3Xj4RHWdV5LZ8nYM
baniyas,high,ChIJt_rot6w3Xj4RywzijzxGx14
baniyas,high,ChIJLwJz4iE3Xj4RJU4kyWBwJD8
baniyas,high,ChIJOzO8UBo3Xj4RhBpJW_9Clik
baniyas,high,ChIJPd5FGSs3Xj4RY5IWOucozsc
baniyas,high,ChIJabO2FcM3Xj4RjG434cOBstU
baniyas,high,ChIJ445rqPg3Xj4RO1U_JhJFh8c
baniyas,high,ChIJZbAdeyg3Xj4RhrWxz1sAecs
baniyas,high,ChIJg-4lyOM3Xj4RjXGHH6n7wOw
baniyas,high,ChIJHTzshj03Xj4Rl2iPemwnqi0
baniyas,high,ChIJlUSPaHk3Xj4R-ujE-YJrULs
baniyas,high,ChIJU7GpxLA1Xj4RSKr9u9jzzUQ
baniyas,high,ChIJg8R44gs1Xj4RZiQAYg7yCFE
baniyas,high,ChIJqQF5TQA1Xj4RO5cgOoFEFwA
baniyas,high,ChIJuUeP8ao4Xj4RxMi6isbzXA4
baniyas,high,ChIJ-2RJpOtBXj4Rp4TlKDZ7vsE
baniyas,high,ChIJrzco_UdBXj4RQJPS7RSKTt4
baniyas,high,ChIJKUIDIy9BXj4R6UaKJFEJwKk
baniyas,high,ChIJC_6gQJY5Xj4RvlU8hx0MrtM
baniyas,high,ChIJ30QrfVlHXj4RNznnw6DrRt8
baniyas,high,ChIJsw6LWwA5Xj4RW_AF0uHPbZo
baniyas,high,ChIJ6_WfJ3dmXj4RZQmzEt54c2U
baniyas,high,ChIJjUAl_p05Xj4RrzZQVGSfVV0
baniyas,high,ChIJ8ex8GXI5Xj4Rc5m8NvenPh0
baniyas,high,ChIJywlzodE5Xj4RF1q0f3U82vs
baniyas,high,ChIJnS98uac4Xj4R3BbG-ufXM_E
baniyas,high,ChIJ370tt8s5Xj4RbzcVsDTjo3s
baniyas,high,ChIJ1TavO7FHXj4RggvNIQ2170I
baniyas,high,ChIJayuaDsM5Xj4RdUrjCnR9yOg
baniyas,high,ChIJdwN6yac4Xj4Rjoks1vUX42w
baniyas,high,ChIJ2SOz_FI5Xj4Rb4VZoGTYkqQ
baniyas,high,ChIJ22Wcv7M5Xj4RHiLNi34QnEI
baniyas,high,ChIJDbcz2A9tXz4RnqvVPtIP15c
baniyas,high,ChIJZ3vcheo3Xj4RnSWZDXWS72k
baniyas,high,ChIJlwG5_DI3Xj4RXNhToLQcoWw
baniyas,high,ChIJhzTbC103Xj4RjodcumrbGZw
baniyas,high,ChIJFSj2a4k3Xj4RTujzuydX3ys
baniyas,high,ChIJHcgoVCs3Xj4RRjOpdRRXIHg
baniyas,high,ChIJtQjdJQA1Xj4RP5yMaTP93hg
baniyas,high,ChIJU71fTgA3Xj4R1bZcBypM_6E
baniyas,high,ChIJ7UcHfQA3Xj4R62hNLli-kxI
baniyas,high,ChIJhdQYIydBXj4RqWi2HUxr2Ok
baniyas,high,ChIJC5OFi0BHXj4RAuJqyhWbkJY
baniyas,high,ChIJ1acVeH1HXj4RSli59C2hk2k
baniyas,high,ChIJDfakpIJHXj4R3WYRCyOrI74
baniyas,high,ChIJXy21KDxHXj4RIdV7o7AKBeU
baniyas,high,ChIJJY0cP_ZHXj4Rezb6C_enoRc
baniyas,high,ChIJhXJdydZHXj4RqFWkuoidlqA
baniyas,high,ChIJ7dsioyZBXj4RzIkYAl0M0OY
baniyas,high,ChIJUWAtgZZBXj4RXG5RVhUuGYA
baniyas,high,ChIJA3AAmCVHXj4Rd8NywioXdIc
baniyas,high,ChIJmZTGYwZHXj4RUVITzCRY67A
baniyas,high,ChIJK2_bRwBHXj4RIGTTZCUQak0
baniyas,high,ChIJ45jENidHXj4RbsTlCPw-bLk
baniyas,high,ChIJW-umFABHXj4RodLZiPhbEqU
baniyas,high,ChIJqWvdQgBJXj4RWBnsE2sHUHY
baniyas,high,ChIJT6HWvGA3Xj4Rmf8dQzGbtGY
baniyas,high,ChIJO_qHc_43Xj4R-51XaEJ9OPQ
baniyas,high,ChIJAV19Lv83Xj4R1oqXSoHmJGk
baniyas,high,ChIJTcAI62k3Xj4RrDfM2aTKmJ8
baniyas,high,ChIJjX-vDS5HXj4RdLKTuTi86Vs
baniyas,high,ChIJRwdqDwBJXj4RfDUU2XRviaM
baniyas,high,ChIJz9fcsplJXj4R3XctupxLwzw
baniyas,high,ChIJmVS7RtpJXj4Rb9wAlFGyBaw
baniyas,high,ChIJZ1LG5gBDXj4RE09vzn8m_8Q
baniyas,high,ChIJP_gGHdE3Xj4Rm_qbfE31_R0
baniyas,high,ChIJVWQVD7E3Xj4RQ-5zO0t9tHU
baniyas,high,ChIJT3PvNzI3Xj4RJ1wkNwZNvPk
baniyas,high,ChIJ98vusWNJXj4RXbp7IqKZZgo
baniyas,high,ChIJQxZCWlw3Xj4RqQ5C33U4JIc
baniyas,high,ChIJ2wGFVwA3Xj4RRZiJN7Utd3E
baniyas,high,ChIJJWo7LP43Xj4R-zT_vBfl0Bw
baniyas,high,ChIJTfx2Fas1Xj4RXXv7RfOXp_s
baniyas,high,ChIJ7WLNYuY1Xj4RBxk-Ae-QjbY
baniyas,high,ChIJM-YUZ141Xj4RLhK3ykbv0bs
baniyas,high,ChIJd4rl_D81Xj4RVl6fU4mhLwQ
baniyas,high,ChIJDwJ1_qo1Xj4Ryf1W99mZ24k
baniyas,high,ChIJ26YpFQA1Xj4RctDbCx9h3_U
baniyas,high,ChIJo7CnN4Y1Xj4RfWHJLmKkqGw
baniyas,high,ChIJN_IABwA1Xj4R44U4ZKasTRk
baniyas,high,ChIJ889aKgA1Xj4RONebCsiXQh8
baniyas,high,ChIJBcz3X3M1Xj4RocQJ6R9_yao
baniyas,high,ChIJ0-Mws2o1Xj4RW4GwqWyhMgI
baniyas,high,ChIJM3Y7MQA1Xj4RMi1NpCifzoI
baniyas,high,ChIJrU6TKAA1Xj4RsCw6icItnQQ
baniyas,high,ChIJ50g2PzL07k0RZ8HvOz5zVsY
baniyas,high,ChIJ283PSsBBXj4REO-rAvURQTo
baniyas,high,ChIJE__JMcNBXj4REcdk-ayGa_4
baniyas,high,ChIJc22EmKppXj4REIpupbbjOuk
baniyas,high,ChIJjw-oAIZBXj4RYs_ZF8S82Wc
baniyas,high,ChIJ_7VnoLNBXj4RAjn-nwWg6Ek
baniyas,high,ChIJ73UPkVxBXj4RYyfjOtI6t_8
baniyas,high,ChIJUwh_7hJBXj4RT9ne8taJJjY
baniyas,high,ChIJOXCASgBBXj4ReiTJQeiDRD8
baniyas,high,ChIJH70e0D5BXj4RTlmr6g49yAg
baniyas,high,ChIJgXLLwwB-hWgReooggOGQAOo
baniyas,high,ChIJzyPbvrtHXj4R6KGLA8AAb2Q
baniyas,high,ChIJlVCCajQmE6QRPxItws2xgAc
baniyas,high,ChIJ69xfDaRHXj4R9w_joO8apaw
baniyas,high,ChIJR8LWo1tGXj4Rx0MLzz2712E
baniyas,high,ChIJgwQaObtoXj4RnWr9rQqAL9g
baniyas,high,ChIJKWCUUOFHXj4Rrd1yQPVEeQs
baniyas,high,ChIJg26InplHXj4RXG9GjMhTi2M
baniyas,high,ChIJmzfKIsZHXj4Rrih7HO9RVEw
baniyas,high,ChIJWZqMfGPLXz4RzawoztEqiN8
baniyas,high,ChIJIdc3eS6CU2oRfKdORtrjY1c
baniyas,high,ChIJVVVVVWVGXj4RGN8NnKuUiYw
baniyas,high,ChIJT2jWaABHXj4RnRduqhYIfac
baniyas,high,ChIJlQA9FmVLXj4RFVoutOwlpcM
baniyas,high,ChIJvWRdzGpHXj4RVrdYzftLegk
baniyas,high,ChIJnT93iPc1Xj4RWqAWhWyU8V0
baniyas,high,ChIJa0OxPwA1Xj4RnegqtFIPNZ0
baniyas,high,ChIJJwJRkhhLXj4RHg-05l3AHaM
baniyas,high,ChIJsX_aaoo1Xj4RIcWrAVwQBAQ
baniyas,high,ChIJ-Rufg89LXj4R9LX9JgimYwE
baniyas,high,ChIJbcsDXkQ1Xj4RgOPhTD1rMSE
baniyas,high,ChIJCZuYUIQ1Xj4Ryjo4wDZZLZM
baniyas,high,ChIJ4VOTJQA1Xj4R_WMsbGV9LTc
baniyas,high,ChIJoehW3PVLXj4RU3UN_7ClLuM
baniyas,high,ChIJ5RK9QAY1Xj4RFTSWJtfRiGs
baniyas,high,ChIJpxu_lnI1Xj4RK0jVxTFi64k
baniyas,high,ChIJWeldMhI1Xj4RKHbtwmzZg9Y
baniyas,high,ChIJUV6SAl9LXj4RJWzYz9AJzJc
baniyas,high,ChIJDTDKMwBLXj4RP4aLf7qiIW0
baniyas,high,ChIJX2AtOQBLXj4RV43R0rNhdX8
baniyas,high,ChIJgTTmDAA1Xj4RO-lptUYgWHk
baniyas,high,ChIJP1lYpkRnXj4R_-fm4K6DmlA
baniyas,high,ChIJWwW__3pDXj4ROuUJUpFFRic
baniyas,high,ChIJXSza7bBDXj4RlUamaUqdoJE
baniyas,high,ChIJBY9muG5DXj4RV-rTK3YN8mc
baniyas,high,ChIJidma655DXj4Rd7GNaJdYJPg
baniyas,high,ChIJjeOuPQBDXj4RymqmgVCSoZc
baniyas,high,ChIJPX91JwBDXj4RajZtPQQGYWA
baniyas,high,ChIJD1_g9DpCXj4RWJAagGvwxYA
baniyas,high,ChIJ98d6OJ1oXj4RGQ8-o1qspv4
baniyas,high,ChIJFbzk5RNDXj4R3vo4JY7we1U
baniyas,high,ChIJx5hdNjFDXj4RaCf8w3PXD_w
baniyas,high,ChIJb1XY6HBDXj4R8gnYqL6bYpU
baniyas,high,ChIJV_2SfgBDXj4RkemcafiSsFQ
baniyas,high,ChIJBUAM_NhDXj4RRkVDWdeQrAQ
baniyas,high,ChIJEeqr-cqrX0ERM21WrfvrUVQ
baniyas,high,ChIJqyjJBwBDXj4R7RcDQqw3YVI
baniyas,high,ChIJ6bHnLSfOJGoRUlthxqok0gc
baniyas,high,ChIJs3UEXetDXj4RHt1DEeZYyhY
baniyas,high,ChIJcb1OvglBXj4Rpj4qKbJJoW0
baniyas,high,ChIJIcgTO9ZDXj4RbWXJ_yrpjuM
baniyas,high,ChIJ1Rym03lDXj4Ry8HrwL3DgZQ
baniyas,high,ChIJ7aBvpbBBXj4Rrz5YkTw3PKA
baniyas,high,ChIJ8Uq1R1lBXj4Rb-6WJo3wDE4
baniyas,high,ChIJ7YcGHXJBXj4R2XGB_gU-fdU
baniyas,high,ChIJ2bVES9BDXj4R1GQbwTs4s7U
baniyas,high,ChIJ60POGgBBXj4RZm8XLPPzC3U
baniyas,high,ChIJfxeqQk5BXj4RA0PquO-4oMk
baniyas,high,ChIJ6x3D_plBXj4R-qot1dS-WBE
baniyas,high,ChIJNaSYXthDXj4RprtgcxKvnds
baniyas,high,ChIJnexvv2BBXj4RGZ-nIdMn_Y8
baniyas,high,ChIJ7yIxJNpDXj4R2GCbL6B0_nw
baniyas,high,ChIJFRhBdlJBXj4RwYy2RLGionw
baniyas,high,ChIJzeXPk_JBXj4R3ruXrllceTM
baniyas,high,ChIJJT5ZErJGXj4R7VeU-kgIwzI
baniyas,high,ChIJbzaVH0xFXj4R4sopMv_a0Ts
baniyas,high,ChIJgVU2UABFXj4RrnJ9POOqlsM
baniyas,high,ChIJcflCD3lHXj4RT3mzoBbL5Xs
baniyas,high,ChIJBSTDRftHXj4RrjwQvtjVgVY
baniyas,high,ChIJOXqcoflHXj4Rw9lYL-ImdG0
baniyas,high,ChIJq_2Ft5NGXj4RBu1gRSV_VPU
baniyas,high,ChIJ14qBf3tmXj4Ryl0XGGlJi5A
baniyas,high,ChIJA3hjb-NHXj4ROuB2SgejwCc
baniyas,high,ChIJC5E64aFHXj4Rv3VUWnT-q6E
baniyas,high,ChIJraRWc2ZGXj4RHZzmHNkAoVI
baniyas,high,ChIJV8chu3ZFXj4R8k3bfpbP4yQ
baniyas,high,ChIJMSB4C35HXj4RZaFWsB2HzPA
baniyas,high,ChIJR7yaYMIr0A8RJ1xxI2XJjZQ
baniyas,high,ChIJ7YfCKAXNFAARAun7rUoz3ns
baniyas,high,ChIJCf71DQBHXj4RGSg-Rap3pzQ
baniyas,high,ChIJq6qq6mlGXj4RO92VESUx4Jc
baniyas,high,ChIJpYqPLKxHXj4RC99ZOhG1Mbw
baniyas,high,ChIJ-yPLqWJnXj4RARhFLzDIQDc
baniyas,high,ChIJf-mskP1LXj4Rwp8hj8OpI4Q
baniyas,high,ChIJbTzHK9BLXj4Rkf2blpN_OHs
baniyas,high,ChIJS4LrXUJKXj4R06eLXSFl_HI
baniyas,high,ChIJcRPc8q5LXj4RBYS7OqLRv-4
baniyas,high,ChIJSQFcsM5LXj4RSSQoyypSq7Q
baniyas,high,ChIJEyNXSwBLXj4Rryi_vyyFOf4
baniyas,high,ChIJmx1MGFJLXj4R1DeoQzykyR8
baniyas,high,ChIJBfshCQBLXj4R8lLRss4p7rE
baniyas,high,ChIJH9OQ6MdLXj4RhHK3jSbdvQg
baniyas,high,ChIJu0XIBgBLXj4RNXhuRCd-vW8
baniyas,high,ChIJ9yCOWgBLXj4RNpETWETZQIs
baniyas,high,ChIJDUqQz7xLXj4RmjBT0eLZ-aY
baniyas,high,ChIJHTnQlVZKXj4RiaTEYsOcroA
baniyas,high,ChIJ2wgq0cKDfq8RI1aJLtodTok
baniyas,high,ChIJU-Jvx8ZLXj4ROEepDo8c2do
baniyas,high,ChIJRfTVvZVDXj4RZZRKmMGM9cs
baniyas,high,ChIJD78jm21DXj4RFJaaFlEWA9U
baniyas,high,ChIJJThiRQBDXj4ReHyHBI8ug-c
baniyas,high,ChIJsZcdI0VCXj4RcqqbomF0j6w
baniyas,high,ChIJy0gbkiRDXj4RsKUFEhYvICw
baniyas,high,ChIJi3I6PmpFXj4RvnqAlf-Zj14
baniyas,high,ChIJcTgqyBZHXj4Rf5B1BB4WmsQ
baniyas,high,ChIJdzZoddFFXj4RJUxCBRKNlz8
baniyas,high,ChIJmzoJWuVLXj4RqBn0BWJ2yrk
baniyas,high,ChIJB9iPPgBLXj4RcvY_sB8WxMA
baniyas,high,ChIJdUbDqP9LXj4RSAKS5ScIBrI
baniyas,high,ChIJL34CrU5KXj4RgMSMmWEYPcs
baniyas,high,ChIJA3XvaTVJXj4R4gSJlIkcAPA
baniyas,high,ChIJ3Tz_hthPXj4Ry_IfDWiVNDg
baniyas,high,ChIJ9UmGSABPXj4REU0bkml0VRU
baniyas,high,ChIJz2ltkixLXj4R7VAg6B_e7jg
baniyas,high,ChIJGUvxqCQMLi4RhzATSVQSUus
baniyas,high,ChIJke2vFUgPQ44RFn9Fo_Dwp0o
baniyas,high,ChIJjyvQJ3JHXj4RCvnEkHP0x_0
baniyas,high,ChIJwRyMb6U4Xj4R8gq-RkeyZdI
baniyas,high,ChIJ75cTy_Q5Xj4RLalc3zmVD6k
baniyas,high,ChIJR0SITitHXj4RVCWVzbn_lEk
baniyas,high,ChIJgW7eCQA3Xj4RtaKpBvr7dwo
baniyas,high,ChIJBR1S6FBHXj4RlHjUu_rqzo0
baniyas,high,ChIJKepBesZHXj4RaBj3rjbxowg
baniyas,high,ChIJ6Sm2IEM5Xj4RBqYTUK4jEzg
baniyas,high,ChIJgewjGqg4Xj4RyTXUzZhLSd4
baniyas,high,ChIJyzQrxX9BXj4R3dgagdsPj3c
baniyas,high,ChIJz27LlA4JIWYR1KLi8sKhdlU
baniyas,high,ChIJ3SEMMhNHXj4R6covViidENk
baniyas,high,ChIJhS5MWfU5Xj4RCmQZfvI7plE
baniyas,high,ChIJ8e8Wzr44Xj4RYCEdDKI7hVs
baniyas,high,ChIJJa-aG9pHXj4RITVTPeiexls
baniyas,high,ChIJTSS60x05Xj4RwqbETuIf1qU
baniyas,high,ChIJN-yizFtHXj4RbeJ-DhbUwHM
baniyas,high,ChIJ4wFe7_lHXj4RtfXZggHE9rQ
baniyas,high,ChIJG4PiHHpHXj4Rgotz8EAEtKw
baniyas,high,ChIJG5Yvx8tBXj4Ry0hMcfLWkQk
baniyas,high,ChIJX0IhBpZHXj4RiiNGNxkvges
baniyas,high,ChIJ2dS7qFlHXj4RjQTzdcHobd4
baniyas,high,ChIJ946Ye1dnXj4RFIZ7eAKoEfs
baniyas,high,ChIJd2c2cwA5Xj4RjZ8W4tHLMms
baniyas,high,ChIJmZ06CDlpXj4RCblh8NscV30
baniyas,high,ChIJdYSb1Kw5Xj4RDDcMzM6IXMM
baniyas,high,ChIJw8Bw3Tg5Xj4R9-nmzE04CZ8
baniyas,high,ChIJ355akfo5Xj4RX11z73jrTCg
baniyas,high,ChIJd8s9Zr2KF6wRfOLuJLQJUBc
baniyas,high,ChIJzZVKEF5GXj4RN9lxYZQXab4
baniyas,high,ChIJ-8uEJ7o4Xj4RVtJLCdiSXgs
baniyas,high,ChIJee0fKLBHXj4R3ULumaNyt_E
baniyas,high,ChIJo4M7ff5HXj4RozyClVf8rfk
baniyas,high,ChIJycN1AhxFXj4RscBwotobRns
city-walk,low,ChIJDSh_I65rXz4RxfTrHI_J8b4
city-walk,low,ChIJY0phdN1rXz4REnOYlJUocFA
city-walk,low,ChIJmwSByiZqXz4R71zuNrtpdQQ
city-walk,low,ChIJAf6vLtZpXz4R5apQG1K1RzI
city-walk,low,ChIJN6beLyZrXz4RyeVXHz4c7Ck
city-walk,low,ChIJB3ibexBpXz4RWUiiiIhfd3E
city-walk,low,ChIJgXm1JUBrXz4RytE-OTZQYvM
city-walk,low,ChIJ8-2cniRqXz4RxP4N5tsMRIs
city-walk,low,ChIJ-x2G8eFrXz4RTbYOYqcjbzw
city-walk,low,ChIJt7gZNidrXz4RhTQkfNNsyhQ
city-walk,low,ChIJ06d9E-BpXz4R1NMNghcBTMs
city-walk,low,ChIJ5T7zUJtpXz4RKjmYJalkRLE
city-walk,low,ChIJzckmtpRpXz4Ryjt_12Z3QsA
city-walk,low,ChIJccJ83etpXz4R2crhhTWvWUM
city-walk,low,ChIJJTOjShRpXz4Rz89x3PV_ClA
city-walk,low,ChIJ01kQZkVpXz4RuWinByM2B94
city-walk,low,ChIJPyCPNnBrXz4RnvTY2E0sr0U
city-walk,low,ChIJNyDuH3VpXz4RzBl3M_1dpdI
city-walk,low,ChIJKfGJ-9lpXz4R_aJd2kNBjnA
city-walk,low,ChIJvY8VYoFpXz4R3WZqLQyUOYo
city-walk,low,ChIJi6kBHCJqXz4R1LSoBgFHpC4
city-walk,low,ChIJmbQT5Q9pXz4RTcITLViIWjM
city-walk,low,ChIJ0Y0DQ-1DXz4RCSA0T_vf9P8
city-walk,low,ChIJhaG4jh5pXz4RRgJr20PuSWo
city-walk,low,ChIJ6SoDggRqXz4R7BAvkaFzkRk
city-walk,low,ChIJ905RFkNpXz4R5ABvz9GUTwo
city-walk,low,ChIJ_6O7ZhgsmEMRDRb3so4R4O0
city-walk,low,ChIJHbEf4F65eiURxBnD7-heiBg
city-walk,low,ChIJcUON1vVpXz4R7_DyGfj8ljw
city-walk,low,ChIJ2bVGXh1pXz4RAFaCrsWU1R4
city-walk,low,ChIJg-gkNrppXz4RNh9RysXlWcg
city-walk,low,ChIJQWakM0BpXz4RWiHoZdv1lVA
city-walk,low,ChIJF-Ow-SdpXz4R_0n40jRhQNo
city-walk,low,ChIJ8QQdkq5pXz4RX3FnLte83Rk
city-walk,low,ChIJmRKa_5hpXz4R_9Hpp02ls90
city-walk,low,ChIJ82MttINpXz4RmdheptphCSQ
city-walk,low,ChIJfxKczKBpXz4R5_eQ3rHhTp0
city-walk,low,ChIJY99J8J1pXz4R6vYZRRjwm2E
city-walk,low,ChIJpXfDnTUnRggRqNJ7dLJVWXE
city-walk,low,ChIJWd2MolBpXz4RMaI1wxGdL74
city-walk,low,ChIJpWQUEjJoXz4RlI6OwXS5va8
city-walk,low,ChIJC635ED9pXz4Rzy7DksENhsE
city-walk,low,ChIJx9yRrY5pXz4RVwMdh-0rbIk
city-walk,low,ChIJ9fiqSGFpXz4RzQVfvnoD0eM
city-walk,low,ChIJpcG8VL9pXz4Rx8R4UD6Qjyg
city-walk,low,ChIJj9Mr4JBDXz4Rv6KTbCsoszY
city-walk,low,ChIJHVXH-_ZpXz4R-yZ5Da8l_fI
city-walk,low,ChIJTZQd4v9pXz4RUFUMrWEyff0
city-walk,low,ChIJxyO0XT1DXz4R7VZlMXG-I_c
city-walk,low,ChIJ64YtRDJDXz4R7mFPuC4lgB0
city-walk,low,ChIJO_iqMetCXz4R0JHA1kRnG6s
city-walk,low,ChIJI1r4IP1CXz4RcTn5yOX5MXg
city-walk,low,ChIJ0UD1bJRDXz4R6WaTdVoYRZ8
city-walk,low,ChIJre3cwVhrXz4Ryya3lYa7Slk
city-walk,low,ChIJi_f1ZQFqXz4ReNLWfJ6MFEE
city-walk,low,ChIJQYuPrm1DXz4RnfOXvLVDXb0
city-walk,low,ChIJB1KUASZDXz4Rjn8jkMaI0QA
city-walk,low,ChIJj7jMk9dpXz4RpgWmZysF8Mk
city-walk,low,ChIJIfaNTpJpXz4Rf2hAPr4ITJY
city-walk,low,ChIJjTTlILtpXz4R9D--AtcxpyI
city-walk,low,ChIJ8YM0cOlpXz4RAmBHRrU5TVg
city-walk,low,ChIJCQB88-JpXz4RU_pzq5Fp4JA
city-walk,low,ChIJR4QYtRZCXz4Rrj6Pg9cUZ3Y
city-walk,low,ChIJ90ydelZDXz4RQc9i3swo3eU
city-walk,low,ChIJO_6URRppXz4Rp3WvCoOj6zg
city-walk,low,ChIJH2Pi7h9rXz4RAoP2g7eSxhE
city-walk,low,ChIJfdpFo1FpXz4R4AsBNpmPgYg
city-walk,low,ChIJQaw2fwtCXz4Rnvy3bF4gae4
city-walk,low,ChIJB_1pvVdpXz4Rv1nTixHTcJY
city-walk,low,ChIJdWPzvGhDXz4Rb-ODwtXveo4
city-walk,low,ChIJj4ruxS5DXz4Rnwa0xss7RRc
city-walk,low,ChIJk7BNq4JpXz4R32UzidiqOF8
city-walk,low,ChIJ00cEbsBpXz4RP7zwiBHcMCY
city-walk,low,ChIJK1VAzatDXz4Rq-4cA4BIN14
city-walk,low,ChIJlcpfSXxCXz4RSCAq5R26n3c
city-walk,low,ChIJ74TuJThpXz4R0grQUFgC4YU
city-walk,low,ChIJU9tRFZBpXz4RCtjRVR5Mbrs
city-walk,low,ChIJ7ddNpqppXz4RUcsINlXKdig
city-walk,low,ChIJx0WdTdtpXz4R-rWz9lgwd8I
city-walk,low,ChIJC-YJFChoXz4Ru7vsBmyQHMg
city-walk,low,ChIJA0TF43hpXz4R1xS9rpItnnM
city-walk,low,ChIJe6f_Kp1pXz4R4Hlh1KIojoc
city-walk,low,ChIJcdNVXdhpXz4RholO2M5netU
city-walk,low,ChIJ25If95RpXz4Rf__xdh5OTXg
city-walk,low,ChIJI4elhJxpXz4RxxBRnNA489w
city-walk,low,ChIJh1suPOdpXz4RSxCY97bhkNM
city-walk,low,ChIJPSv6UmVpXz4RD8D6scSDhmI
city-walk,low,ChIJl_V8WalpXz4RXKaTB_V_y2U
city-walk,low,ChIJy64j2UxpXz4RbA3zoorvT8M
city-walk,low,ChIJSVZc4NFpXz4RcxNHrgH5Cew
city-walk,low,ChIJQ1Qz_sFpXz4R10KhyIosOfE
city-walk,low,ChIJn8ZZQ_lpXz4RY4Eyx61aJfk
city-walk,low,ChIJmwKh-SlDXz4RlBAPowFqGmY
city-walk,low,ChIJGfFPsRZCXz4RPj3idpca4x8
city-walk,low,ChIJl1U2ctlDXz4RQ0r2Nfavuxg
city-walk,low,ChIJPSys-v1DXz4RBCy9x6Z6W7M
city-walk,low,ChIJwZpk-11DXz4RpXWNPfc_7j0
city-walk,low,ChIJYYU_KS1DXz4RdcjCg_AwXeE
city-walk,low,ChIJw5hG6zZqXz4RMwxx2F-B6QE
city-walk,low,ChIJPd_il09CXz4RNCGy4Mah_Mo
city-walk,low,ChIJU6AlfpVbXz4RGFbwztuNhVQ
city-walk,low,ChIJsx8-I0FCXz4RkF31mTk1790
city-walk,low,ChIJA4o41LVDXz4RcA2P_3VqBsU
city-walk,low,ChIJnSNwimRCXz4RFzl5J6yPzDU
city-walk,low,ChIJL463FRFDXz4ReHgw1Q3vvYA
city-walk,low,ChIJS15ZNqBDXz4RWD6tXpCSYCk
city-walk,low,ChIJKYrtrEVDXz4RcIuya45HC2s
city-walk,low,ChIJoch8ETpDXz4RQJhQJcNI_eA
city-walk,low,ChIJ__-vrIlCXz4RU6n0DOZPvK0
city-walk,low,ChIJqdPpEmZDXz4RUv5OMpmsX8M
city-walk,low,ChIJSczn7OhDXz4Rx15psO4LBMc
city-walk,low,ChIJI_Ppl_JCXz4RyW7l5QTBQjs
city-walk,low,ChIJM8YbS4hDXz4RunUs-JfLIUY
city-walk,low,ChIJnXnqttZDXz4RvEdHTZdkRT0
city-walk,low,ChIJiTDAc45CXz4R1sFRBmmcgdg
city-walk,low,ChIJ9bLfzDJDXz4RbUxa6BfnulM
city-walk,low,ChIJaTs5JpZDXz4RWVY_icT2GvA
city-walk,low,ChIJq2MX2l9DXz4RX6In4hKNMvo
city-walk,low,ChIJ65jZ-V5DXz4R5SvthuZhiTE
city-walk,low,ChIJA5NM7-1CXz4Rx5rqB7fcZuE
city-walk,low,ChIJ6yfuNu9CXz4RSZxfr53hK6A
city-walk,low,ChIJ8ayA7fxDXz4Rav_b-4pF62U
city-walk,low,ChIJg_bFekddXz4REnOm468lyLk
city-walk,low,ChIJX3KcVdddXz4R2cZ32MtzAkY
city-walk,low,ChIJgdmN5AldXz4RrUS80Bn7Itc
city-walk,low,ChIJK0bEWOldXz4Rk-HOBfGDFm8
city-walk,low,ChIJJcv-FDlDXz4ReaQQGfjufRU
city-walk,low,ChIJ173lcARDXz4RsOtGVejMk_Q
city-walk,low,ChIJn9YOcoVDXz4RW8qGFkArogE
city-walk,low,ChIJ_R3F1YVDXz4RUZ9OtziZ20E
city-walk,low,ChIJMaWgeOVDXz4Rb0ejuFUxp3o
city-walk,low,ChIJs5DYDwFDXz4RWjm47yZqAkI
city-walk,low,ChIJdWqSLe5DXz4RFI6VkXTwzRU
city-walk,low,ChIJS_Bm19dCXz4RoldSfGCt6rE
city-walk,low,ChIJ445b-mJDXz4RhC-FtqY1pdI
city-walk,low,ChIJSboImmdDXz4RvsmtSWva3UM
city-walk,low,ChIJUTC8XH1DXz4Rmk3LUBlh1GE
city-walk,low,ChIJj8Yznu5dXz4Rjf59z-Uk9tY
city-walk,low,ChIJmTxeuidDXz4R7tfgd4ZbbWk
city-walk,low,ChIJoUlx-ydDXz4RH-9QPpRFqrE
city-walk,low,ChIJveiAjwVDXz4Rob9Ord9EE3o
city-walk,low,ChIJ-06zQGlCXz4RxoQycX_Se1c
city-walk,low,ChIJ141sFWlCXz4Rj2Dw2v03Oo4
city-walk,low,ChIJdW0cWHhfXz4RNQheC98DG8o
city-walk,low,ChIJYdUFhOPo-28R7NBnxGazjm8
city-walk,low,ChIJPfQtSJZDXz4R-NYmM5I4aus
city-walk,low,ChIJc4Y5kBJDXz4R_RpHhPXEQPg
city-walk,low,ChIJU-K50VtCXz4RmV9kzMv8u3g
city-walk,low,ChIJ13g1usVDXz4RdLinKpuurv0
city-walk,low,ChIJpX2T-lxpXz4RjDY730JqBmQ
city-walk,low,ChIJGSGo8EtpXz4RWtwP7ziX03Y
city-walk,low,ChIJjZKyiOFvXz4RthD5WyFx86A
city-walk,low,ChIJ0bkI2LtDXz4RvvLcg34Dmwk
city-walk,low,ChIJzb3LsI5CXz4Rk1w6UF3Gn6k
city-walk,low,ChIJw2SgmU5pXz4Rfz58NkfTqSU
city-walk,low,ChIJGVuPdplpXz4RL9_-8NUgIVA
city-walk,low,ChIJv9rfIaBpXz4RlVqMpulSc-w
city-walk,low,ChIJgcnc3-RDXz4R7cWCOIC2Y9Q
city-walk,low,ChIJOaAvx2tDXz4RNo_FZjkZ1W0
city-walk,low,ChIJcXCcMHhrXz4RIE7nzeaM8KM
city-walk,low,ChIJSxQmTzBpXz4RfvSmWsvy1wQ
city-walk,low,ChIJ43MrMgVpXz4RGP6bYu8gaXQ
city-walk,low,ChIJnUpu9MZpXz4R4jTWAjnQEW0
city-walk,low,ChIJ4032HgBDXz4RJrXjEABBKuI
city-walk,low,ChIJ2Tvo4C5oXz4Rd-Ojr80KO2g
city-walk,low,ChIJESSte7JrXz4RwuVSlRhyVu0
city-walk,low,ChIJD_VnCxtpXz4Rmdp00bGDF48
city-walk,low,ChIJnXETLo9pXz4RJ14BPaC1JNk
city-walk,low,ChIJNUuRdEBDXz4ReiYCZtYLdm4
city-walk,low,ChIJyXFULOlpXz4Rr24af9L_HYY
city-walk,low,ChIJp49fVuhrXz4RetghndQh8Lk
city-walk,low,ChIJs909jE5pXz4RtKSpN4vHHUI
city-walk,low,ChIJe96AarFdXz4R1fa8vqt9Qr4
city-walk,low,ChIJZ0wpICZDXz4RIivO07Wjb8A
city-walk,low,ChIJR6AmByZDXz4RcDJ-Hm49CG4
city-walk,low,ChIJ8UKn1ylDXz4RaucGDyd1da8
city-walk,low,ChIJVYO3BghDXz4Rbvm2TBB9710
city-walk,low,ChIJCz-6WSZrXz4R5cgJFTDmh9k
city-walk,low,ChIJc5PkVpRpXz4Rq_2Cbs_CmJI
city-walk,low,ChIJ6R7MbkVDXz4RvIQRwaQlCig
city-walk,low,ChIJg4btG9pCXz4R1r5dPsWE98c
city-walk,low,ChIJ9b4SdwJDXz4RSdNpXQUmjLM
city-walk,low,ChIJ2wqQDEdDXz4R82zluMG_8ME
city-walk,low,ChIJX6Tp4M1CXz4Rkq8OIcnyYTg
city-walk,low,ChIJg8cLzLddXz4RWHcYWUmLgEo
city-walk,low,ChIJz5XN8SdDXz4RJ7h1_E6AUxA
city-walk,low,ChIJoddFISZDXz4RxjSNygBWt5U
city-walk,low,ChIJSWGZBFFDXz4RSkxPwdhI9NY
city-walk,low,ChIJLxiFomptr4kRaWFjTp0jPPs
city-walk,low,ChIJ89MxA45rXz4RQsLKOxKv22E
city-walk,low,ChIJR0XIt9RCXz4Rk6VA1cczWXI
city-walk,low,ChIJV3iM8rdDXz4RO_pncMJf4ss
city-walk,low,ChIJj8yAU8tCXz4ROU_DEpwV0cA
city-walk,low,ChIJpaWtyddCXz4RduS_UQE9Zvo
city-walk,low,ChIJ2TuInGdDXz4RJK1DpAaVPi0
city-walk,low,ChIJE1sanaJDXz4Rch9MnF_pIgI
city-walk,low,ChIJN0xJr9hCXz4RD9DxN1F8_tA
city-walk,low,ChIJ02ad-ltDXz4Rr_OFpmACFyk
city-walk,medium,ChIJLfby84FrXz4ReCf-3ArfkN0
city-walk,medium,ChIJpdwj3YVrXz4RwQq2vbFqc-s
city-walk,medium,ChIJ9bJ680NrXz4Rj_yWJ0q_eQk
city-walk,medium,ChIJtU9-uPRrXz4RN3R6liZ223g
city-walk,medium,ChIJGzGWmElrXz4RvqIF6_LqQJk
city-walk,medium,ChIJldzzkhZvXz4RqP58EX3zYQ0
city-walk,medium,ChIJZzQyyVFqXz4RIHidgDF01FA
city-walk,medium,ChIJIWujKHtrXz4RE-7llgiR4N0
city-walk,medium,ChIJ_YpjhmJrXz4RD-SdWVqhWCA
city-walk,medium,ChIJrR3Ef9prXz4RPa9jzsXsgzE
city-walk,medium,ChIJ7xuNn8FrXz4RB3dSnDLcPIg
city-walk,medium,ChIJQ44YqBNrXz4RR_DLtbYjO_Y
city-walk,medium,ChIJmXmD0yhrXz4RZLjcBRXnJ6o
city-walk,medium,ChIJbVx-iq1rXz4R5wi7QFRwMCA
city-walk,medium,ChIJZQxNp4BrXz4RGG36xMjuoJI
city-walk,medium,ChIJSTj_IsZrXz4RjkgnU6ZMk2A
city-walk,medium,ChIJ3R8VfyBrXz4RzQB2VOn8F8w
city-walk,medium,ChIJDSh_I65rXz4RxfTrHI_J8b4
city-walk,medium,ChIJOw_2bhNrXz4R6El-vfiOYp8
city-walk,medium,ChIJa4CFpv1rXz4Rb8J-J6i-ArI
city-walk,medium,ChIJ692_u5NrXz4RTD99fc17TzU
city-walk,medium,ChIJ7SYyfihrXz4RXLClE0wn5Fs
city-walk,medium,ChIJAc2mBNVrXz4R4eKQ2a-yvLA
city-walk,medium,ChIJqwq2NVFpXz4RMjx88Nz2EaU
city-walk,medium,ChIJK1hHUcRrXz4RXEJ4FE4pJN4
city-walk,medium,ChIJI296UTRpXz4RMRbdqPYaXJ8
city-walk,medium,ChIJvYtMcgBpXz4RderZ6nPPbws
city-walk,medium,ChIJJbUDMXxpXz4RxDAEmJ-kHIU
city-walk,medium,ChIJhbXVqRtpXz4RFkKE772AO8Q
city-walk,medium,ChIJGQHuH9tpXz4RCdhOYe4zaVQ
city-walk,medium,ChIJD7jeX01vXz4RVRMCBIiPawE
city-walk,medium,ChIJbev-qwNpXz4R92w3l3EeDN0
city-walk,medium,ChIJc2Txbq5pXz4RRlzAkygTmhg
city-walk,medium,ChIJWVOdSRVpXz4RuVCIucyY-as
city-walk,medium,ChIJpcEpTollXz4RYWx3J_3jiFI
city-walk,medium,ChIJNRSSi0xqXz4RK6puzEPZpA4
city-walk,medium,ChIJMciDnXRrXz4RTN8ha8OmReA
city-walk,medium,ChIJQWUxURlrXz4Rw8PsX6p1y-A
city-walk,medium,ChIJz6C6gOJpXz4Rbu0J8dO7ajk
city-walk,medium,ChIJGcXffoxrXz4RXktJR3_duiw
city-walk,medium,ChIJuVtFGABrXz4RzzgtNI1g-_s
city-walk,medium,ChIJP6910blrXz4RDBrB-jf74Zg
city-walk,medium,ChIJoXaB0r9rXz4ROgb7NzM9Hh4
city-walk,medium,ChIJF4k5d_hrXz4R0EjhASdjQu4
city-walk,medium,ChIJrwHLMpBDXz4RG-p5G02RNLg
city-walk,medium,ChIJ_zUVh5NpXz4RqddTRQjn7EM
city-walk,medium,ChIJwVS4G5NrXz4RKW68ddfWAVQ
city-walk,medium,ChIJNZV-h0ppXz4RX1x_21do2ts
city-walk,medium,ChIJi0XhEeFrXz4Rt4tw37GjwWk
city-walk,medium,ChIJ5zK5CZVDXz4RVnD8Fm9pVk4
city-walk,medium,ChIJY0phdN1rXz4REnOYlJUocFA
city-walk,medium,ChIJmwSByiZqXz4R71zuNrtpdQQ
city-walk,medium,ChIJR0do5TZqXz4RF7ibiW3Pcr8
city-walk,medium,ChIJAf6vLtZpXz4R5apQG1K1RzI
city-walk,medium,ChIJN6beLyZrXz4RyeVXHz4c7Ck
city-walk,medium,ChIJB3ibexBpXz4RWUiiiIhfd3E
city-walk,medium,ChIJ4wIIjUBqXz4RMpLJ4g4MDKk
city-walk,medium,ChIJgXm1JUBrXz4RytE-OTZQYvM
city-walk,medium,ChIJBW8b_L5rXz4ROct4NjxpLmY
city-walk,medium,ChIJB_vhFk9rXz4R-nmqKBxTRKY
city-walk,medium,ChIJ8-2cniRqXz4RxP4N5tsMRIs
city-walk,medium,ChIJ-x2G8eFrXz4RTbYOYqcjbzw
city-walk,medium,ChIJt7gZNidrXz4RhTQkfNNsyhQ
city-walk,medium,ChIJZxi8datrXz4RHIphRY2kC0w
city-walk,medium,ChIJW2LRvOFpXz4R9PtTPVun_dM
city-walk,medium,ChIJ06d9E-BpXz4R1NMNghcBTMs
city-walk,medium,ChIJ5T7zUJtpXz4RKjmYJalkRLE
city-walk,medium,ChIJ-9qNpUxpXz4R8LBiFZRzURk
city-walk,medium,ChIJMbEyjAxpXz4REHnzrDi162k
city-walk,medium,ChIJzckmtpRpXz4Ryjt_12Z3QsA
city-walk,medium,ChIJccJ83etpXz4R2crhhTWvWUM
city-walk,medium,ChIJVew1lrdpXz4RMXwmYrWcwbI
city-walk,medium,ChIJF6qiTdZpXz4RC91u2RSbWo4
city-walk,medium,ChIJJTOjShRpXz4Rz89x3PV_ClA
city-walk,medium,ChIJ01kQZkVpXz4RuWinByM2B94
city-walk,medium,ChIJPyCPNnBrXz4RnvTY2E0sr0U
city-walk,medium,ChIJPVos8UhpXz4RJOi12LXUmMg
city-walk,medium,ChIJIwLD1L1vXz4RIO8T1NHJUxA
city-walk,medium,ChIJg-5VBQBpXz4RlWgmAoyu3Uo
city-walk,medium,ChIJnUQzSQBpXz4RVjwEb294ia8
city-walk,medium,ChIJNyDuH3VpXz4RzBl3M_1dpdI
city-walk,medium,ChIJKfGJ-9lpXz4R_aJd2kNBjnA
city-walk,medium,ChIJvY8VYoFpXz4R3WZqLQyUOYo
city-walk,medium,ChIJu8zvAndpXz4RTqEb041058E
city-walk,medium,ChIJLSKu0D5nXz4RGBDK06c050k
city-walk,medium,ChIJL1pAXxlpXz4REYAGY2DQ7oE
city-walk,medium,ChIJfyvyeJxpXz4R95d_eDOquYM
city-walk,medium,ChIJ7XW19Bz0uw8RACWkZpqJL1s
city-walk,medium,ChIJo9BeWK1pXz4R2PtK_CJ-H3U
city-walk,medium,ChIJf5kyjC5pXz4R56eq5RQat2Q
city-walk,medium,ChIJcdO6tMppXz4RmM-QqbWBV5A
city-walk,medium,ChIJddXIf85rXz4RaLcWJAcido0
city-walk,medium,ChIJ1SgeOZJDXz4ROaObLUh_Aec
city-walk,medium,ChIJGcBVQRpDXz4RUPrFktjufz0
city-walk,medium,ChIJo1Ydk0BqXz4R8slljwdDzrs
city-walk,medium,ChIJcTDxWJtrXz4ROFwZqnTaIvM
city-walk,medium,ChIJma5AbM9rXz4Ri9f410RNpw4
city-walk,medium,ChIJF9jrFCRrXz4R60mSuWNNu0c
city-walk,medium,ChIJRd6p1fNrXz4Rb_vndkRnyO0
city-walk,medium,ChIJp-9jLxFqXz4RBz0pOnf356k
city-walk,medium,ChIJi6kBHCJqXz4R1LSoBgFHpC4
city-walk,medium,ChIJmbQT5Q9pXz4RTcITLViIWjM
city-walk,medium,ChIJ0Y0DQ-1DXz4RCSA0T_vf9P8
city-walk,medium,ChIJhaG4jh5pXz4RRgJr20PuSWo
city-walk,medium,ChIJP51lMQVqXz4RD6HqPxzgfo8
city-walk,medium,ChIJqWuPhpFrXz4RxunMP9bef2I
city-walk,medium,ChIJ6SoDggRqXz4R7BAvkaFzkRk
city-walk,medium,ChIJ905RFkNpXz4R5ABvz9GUTwo
city-walk,medium,ChIJ_6O7ZhgsmEMRDRb3so4R4O0
city-walk,medium,ChIJHbEf4F65eiURxBnD7-heiBg
city-walk,medium,ChIJcUON1vVpXz4R7_DyGfj8ljw
city-walk,medium,ChIJ2bVGXh1pXz4RAFaCrsWU1R4
city-walk,medium,ChIJg-gkNrppXz4RNh9RysXlWcg
city-walk,medium,ChIJQWakM0BpXz4RWiHoZdv1lVA
city-walk,medium,ChIJF-Ow-SdpXz4R_0n40jRhQNo
city-walk,medium,ChIJ8QQdkq5pXz4RX3FnLte83Rk
city-walk,medium,ChIJmRKa_5hpXz4R_9Hpp02ls90
city-walk,medium,ChIJ82MttINpXz4RmdheptphCSQ
city-walk,medium,ChIJfxKczKBpXz4R5_eQ3rHhTp0
city-walk,medium,ChIJY99J8J1pXz4R6vYZRRjwm2E
city-walk,medium,ChIJpXfDnTUnRggRqNJ7dLJVWXE
city-walk,medium,ChIJWd2MolBpXz4RMaI1wxGdL74
city-walk,medium,ChIJpWQUEjJoXz4RlI6OwXS5va8
city-walk,medium,ChIJC635ED9pXz4Rzy7DksENhsE
city-walk,medium,ChIJx9yRrY5pXz4RVwMdh-0rbIk
city-walk,medium,ChIJ9fiqSGFpXz4RzQVfvnoD0eM
city-walk,medium,ChIJMciJj51pXz4RBhHoFazX-mw
city-walk,medium,ChIJuQSymgdpXz4RQMKEUEuNCvc
city-walk,medium,ChIJSYDoMPRpXz4RO37A4YnIg_c
city-walk,medium,ChIJpcG8VL9pXz4Rx8R4UD6Qjyg
city-walk,medium,ChIJL5Vn-WZpXz4R84H3ZwDMXNQ
city-walk,medium,ChIJNYpoaktpXz4RvWyXhptbmGA
city-walk,medium,ChIJMaXbMwBpXz4Rfy9Nu7-IpLc
city-walk,medium,ChIJh_lp3yBpXz4R5i25x2_o-Pw
city-walk,medium,ChIJ55fnfRldXz4Rhugo9GcCMRg
city-walk,medium,ChIJDa8wWtNpXz4RpPMYhiW0Cvc
city-walk,medium,ChIJ2-cSD2ppXz4RgieAyPBDatg
city-walk,medium,ChIJQVQek59rXz4RAG7c_F1lfF4
city-walk,medium,ChIJwQZOJ_V7Xz4R-GbG3nOBR9s
city-walk,medium,ChIJ2bmyEMZrXz4R_OLIvz40tDI
city-walk,medium,ChIJcYYO9NJpXz4R5ayXhS1-h08
city-walk,medium,ChIJj8yR8RppXz4Ro1SLfUtxPZk
city-walk,medium,ChIJLQrX-sJpXz4ROS8lWWkR62g
city-walk,medium,ChIJ8cF-LmhpXz4Rqqda-d055es
city-walk,medium,ChIJ6RREWe1pXz4RX7j2D37MuOo
city-walk,medium,ChIJFZjcVgBpXz4R6Md6mHK7nG4
city-walk,medium,ChIJ-4aAroJoyocRmi2d7LwBVcg
city-walk,medium,ChIJj9Mr4JBDXz4Rv6KTbCsoszY
city-walk,medium,ChIJHVXH-_ZpXz4R-yZ5Da8l_fI
city-walk,medium,ChIJTZQd4v9pXz4RUFUMrWEyff0
city-walk,medium,ChIJxyO0XT1DXz4R7VZlMXG-I_c
city-walk,medium,ChIJhdA3WABDXz4Rj6MPltJF_nY
city-walk,medium,ChIJ64YtRDJDXz4R7mFPuC4lgB0
city-walk,medium,ChIJO_iqMetCXz4R0JHA1kRnG6s
city-walk,medium,ChIJI1r4IP1CXz4RcTn5yOX5MXg
city-walk,medium,ChIJ0UD1bJRDXz4R6WaTdVoYRZ8
city-walk,medium,ChIJre3cwVhrXz4Ryya3lYa7Slk
city-walk,medium,ChIJi_f1ZQFqXz4ReNLWfJ6MFEE
city-walk,medium,ChIJQYuPrm1DXz4RnfOXvLVDXb0
city-walk,medium,ChIJB1KUASZDXz4Rjn8jkMaI0QA
city-walk,medium,ChIJj7jMk9dpXz4RpgWmZysF8Mk
city-walk,medium,ChIJIfaNTpJpXz4Rf2hAPr4ITJY
city-walk,medium,ChIJjTTlILtpXz4R9D--AtcxpyI
city-walk,medium,ChIJ8YM0cOlpXz4RAmBHRrU5TVg
city-walk,medium,ChIJCQB88-JpXz4RU_pzq5Fp4JA
city-walk,medium,ChIJR4QYtRZCXz4Rrj6Pg9cUZ3Y
city-walk,medium,ChIJ90ydelZDXz4RQc9i3swo3eU
city-walk,medium,ChIJO_6URRppXz4Rp3WvCoOj6zg
city-walk,medium,ChIJH2Pi7h9rXz4RAoP2g7eSxhE
city-walk,medium,ChIJfdpFo1FpXz4R4AsBNpmPgYg
city-walk,medium,ChIJQaw2fwtCXz4Rnvy3bF4gae4
city-walk,medium,ChIJB_1pvVdpXz4Rv1nTixHTcJY
city-walk,medium,ChIJdWPzvGhDXz4Rb-ODwtXveo4
city-walk,medium,ChIJj4ruxS5DXz4Rnwa0xss7RRc
city-walk,medium,ChIJk7BNq4JpXz4R32UzidiqOF8
city-walk,medium,ChIJ00cEbsBpXz4RP7zwiBHcMCY
city-walk,medium,ChIJK1VAzatDXz4Rq-4cA4BIN14
city-walk,medium,ChIJlcpfSXxCXz4RSCAq5R26n3c
city-walk,medium,ChIJ74TuJThpXz4R0grQUFgC4YU
city-walk,medium,ChIJU9tRFZBpXz4RCtjRVR5Mbrs
city-walk,medium,ChIJ7ddNpqppXz4RUcsINlXKdig
city-walk,medium,ChIJx0WdTdtpXz4R-rWz9lgwd8I
city-walk,medium,ChIJC-YJFChoXz4Ru7vsBmyQHMg
city-walk,medium,ChIJA0TF43hpXz4R1xS9rpItnnM
city-walk,medium,ChIJe6f_Kp1pXz4R4Hlh1KIojoc
city-walk,medium,ChIJcdNVXdhpXz4RholO2M5netU
city-walk,medium,ChIJ25If95RpXz4Rf__xdh5OTXg
city-walk,medium,ChIJI4elhJxpXz4RxxBRnNA489w
city-walk,medium,ChIJh1suPOdpXz4RSxCY97bhkNM
city-walk,medium,ChIJPSv6UmVpXz4RD8D6scSDhmI
city-walk,medium,ChIJM5UAbTlpXz4RTzNOf_SieYE
city-walk,medium,ChIJqeQKEosVuywRK5aPS93zj48
city-walk,medium,ChIJl_V8WalpXz4RXKaTB_V_y2U
city-walk,medium,ChIJy64j2UxpXz4RbA3zoorvT8M
city-walk,medium,ChIJJ2j7HCVpXz4RCuSqWS9uCWA
city-walk,medium,ChIJjdvGXWj8rUwRPZW9_g5XC3E
city-walk,medium,ChIJgUaLe9tDXz4Rn5r_LHtoGZQ
city-walk,medium,ChIJSVZc4NFpXz4RcxNHrgH5Cew
city-walk,medium,ChIJQ1Qz_sFpXz4R10KhyIosOfE
city-walk,medium,ChIJn8ZZQ_lpXz4RY4Eyx61aJfk
city-walk,medium,ChIJTTjZohJnXz4RLZO4TXpG-qk
city-walk,medium,ChIJT0AQ1n5nXz4RjOKXwpkzhEY
city-walk,medium,ChIJ3XPBxZlhXz4RRQ7K1QNxXfA
city-walk,medium,ChIJc-XHkRJJC4ARQioJL4ZTssI
city-walk,medium,ChIJk2vrMWppXz4RGutjLinVmmI
city-walk,medium,ChIJPw22BMZnXz4R9f0kWfaMBcg
city-walk,medium,ChIJoajPqSdnXz4RDl2n5wydMTQ
city-walk,medium,ChIJ6ZQxC7RnXz4RqnCroiwMuMY
city-walk,medium,ChIJhV-jWiVnXz4RRvhjLDI4eeY
city-walk,medium,ChIJj8F2ecRnXz4RwM7JfxJy_rY
city-walk,medium,ChIJa6VH7T1nXz4RYkIkzdemfr8
city-walk,medium,ChIJm2u4GLVDXz4RbYGrEsK1mgY
city-walk,medium,ChIJmwKh-SlDXz4RlBAPowFqGmY
city-walk,medium,ChIJGfFPsRZCXz4RPj3idpca4x8
city-walk,medium,ChIJl1U2ctlDXz4RQ0r2Nfavuxg
city-walk,medium,ChIJPSys-v1DXz4RBCy9x6Z6W7M
city-walk,medium,ChIJwZpk-11DXz4RpXWNPfc_7j0
city-walk,medium,ChIJYYU_KS1DXz4RdcjCg_AwXeE
city-walk,medium,ChIJw5hG6zZqXz4RMwxx2F-B6QE
city-walk,medium,ChIJPd_il09CXz4RNCGy4Mah_Mo
city-walk,medium,ChIJU6AlfpVbXz4RGFbwztuNhVQ
city-walk,medium,ChIJsx8-I0FCXz4RkF31mTk1790
city-walk,medium,ChIJA4o41LVDXz4RcA2P_3VqBsU
city-walk,medium,ChIJnSNwimRCXz4RFzl5J6yPzDU
city-walk,medium,ChIJL463FRFDXz4ReHgw1Q3vvYA
city-walk,medium,ChIJS15ZNqBDXz4RWD6tXpCSYCk
city-walk,medium,ChIJKYrtrEVDXz4RcIuya45HC2s
city-walk,medium,ChIJoch8ETpDXz4RQJhQJcNI_eA
city-walk,medium,ChIJ__-vrIlCXz4RU6n0DOZPvK0
city-walk,medium,ChIJqdPpEmZDXz4RUv5OMpmsX8M
city-walk,medium,ChIJSczn7OhDXz4Rx15psO4LBMc
city-walk,medium,ChIJI_Ppl_JCXz4RyW7l5QTBQjs
city-walk,medium,ChIJM8YbS4hDXz4RunUs-JfLIUY
city-walk,medium,ChIJnXnqttZDXz4RvEdHTZdkRT0
city-walk,medium,ChIJiTDAc45CXz4R1sFRBmmcgdg
city-walk,medium,ChIJ9bLfzDJDXz4RbUxa6BfnulM
city-walk,medium,ChIJaTs5JpZDXz4RWVY_icT2GvA
city-walk,medium,ChIJq2MX2l9DXz4RX6In4hKNMvo
city-walk,medium,ChIJ65jZ-V5DXz4R5SvthuZhiTE
city-walk,medium,ChIJA5NM7-1CXz4Rx5rqB7fcZuE
city-walk,medium,ChIJ6yfuNu9CXz4RSZxfr53hK6A
city-walk,medium,ChIJ8ayA7fxDXz4Rav_b-4pF62U
city-walk,medium,ChIJg_bFekddXz4REnOm468lyLk
city-walk,medium,ChIJYdknQNxdXz4R-qdL_1jzhgE
city-walk,medium,ChIJHYCY2gBdXz4Rhmm3ZEuuzys
city-walk,medium,ChIJwcT0JgBdXz4R-DwAh-82h-o
city-walk,medium,ChIJX3KcVdddXz4R2cZ32MtzAkY
city-walk,medium,ChIJfbr9uSBdXz4RpYKsKMbx1-Q
city-walk,medium,ChIJgdmN5AldXz4RrUS80Bn7Itc
city-walk,medium,ChIJl0RB9xD_tgsRegMj41YzE5Q
city-walk,medium,ChIJ_9dvpTNdXz4RKngx7hesHp4
city-walk,medium,ChIJK0bEWOldXz4Rk-HOBfGDFm8
city-walk,medium,ChIJNcZgOsxdXz4RGKFABH5lZaQ
city-walk,medium,ChIJ3djCs8VdXz4RIESwvoo65t4
city-walk,medium,ChIJAQIraVFnXz4R8UyNKUHARJg
city-walk,medium,ChIJ_____35nXz4Rqm1F4eeHBBw
city-walk,medium,ChIJRyja_X5nXz4RF_HBCeYZ9Ko
city-walk,medium,ChIJa-tOPy9nXz4RO-a7rmFRpek
city-walk,medium,ChIJnWUXitBnXz4RpsQGJYttC-g
city-walk,medium,ChIJ9zni5CxnXz4RYkBFMmjm6MM
city-walk,medium,ChIJe6Kzb3xdXz4RKzjTc4Q0VsA
city-walk,medium,ChIJ7XTRCvxdXz4RvoYk1lrTwHw
city-walk,medium,ChIJ54PE32NnXz4RggzfKf_eLyw
city-walk,medium,ChIJ-6lvMLlnXz4RAWRCDUhTRy0
city-walk,medium,ChIJUWD2BlxnXz4RADoI3-el_64
city-walk,medium,ChIJaTqGt_NdXz4RJPCbJqOZF2E
city-walk,medium,ChIJiV8912VnXz4R9S0cBE9nfrQ
city-walk,medium,ChIJRx7AE-lnXz4RwqOU8-tGkUU
city-walk,medium,ChIJFdgpCWRnXz4Rns1aRLL0NbA
city-walk,medium,ChIJ990ttmNdXz4RNIfeNp9L4ok
city-walk,medium,ChIJx_FHjb5dXz4RiYZKjAiLGnY
city-walk,medium,ChIJd10kwPddXz4RqMNSzN-RMwE
city-walk,medium,ChIJYZDSemlnXz4Ro8iX-HS7dRU
city-walk,medium,ChIJ6czHN_pnXz4RcZVIDp-k3JA
city-walk,medium,ChIJy67R6jtdXz4RTz5cT1JOL3A
city-walk,medium,ChIJZweKLtZDXz4RbpT20aXl9WA
city-walk,medium,ChIJJcv-FDlDXz4ReaQQGfjufRU
city-walk,medium,ChIJVXuVdgRDXz4R1_fh8fSzBB8
city-walk,medium,ChIJ173lcARDXz4RsOtGVejMk_Q
city-walk,medium,ChIJL6mc-5BDXz4R9pu0yyhHx5w
city-walk,medium,ChIJn9YOcoVDXz4RW8qGFkArogE
city-walk,medium,ChIJ8xifsMZDXz4RCtka8ZHGSHM
city-walk,medium,ChIJ_R3F1YVDXz4RUZ9OtziZ20E
city-walk,medium,ChIJMaWgeOVDXz4Rb0ejuFUxp3o
city-walk,medium,ChIJs5DYDwFDXz4RWjm47yZqAkI
city-walk,medium,ChIJdWqSLe5DXz4RFI6VkXTwzRU
city-walk,medium,ChIJb63oRkJDXz4RTjHA6eW7Xq8
city-walk,medium,ChIJS_Bm19dCXz4RoldSfGCt6rE
city-walk,medium,ChIJ445b-mJDXz4RhC-FtqY1pdI
city-walk,medium,ChIJ0_62TctCXz4RcoHXK9X6ZCo
city-walk,medium,ChIJzYyp-npDXz4RMvc8cbmKdfA
city-walk,medium,ChIJ5X5ZzqhDXz4RkPi33Lq0vVU
city-walk,medium,ChIJSboImmdDXz4RvsmtSWva3UM
city-walk,medium,ChIJUTC8XH1DXz4Rmk3LUBlh1GE
city-walk,medium,ChIJj8Yznu5dXz4Rjf59z-Uk9tY
city-walk,medium,ChIJlbi2Ry9DXz4R2vX342Rv1lk
city-walk,medium,ChIJmTxeuidDXz4R7tfgd4ZbbWk
city-walk,medium,ChIJpxgrVi5DXz4Rm2MXZvrmZhk
city-walk,medium,ChIJoUlx-ydDXz4RH-9QPpRFqrE
city-walk,medium,ChIJveiAjwVDXz4Rob9Ord9EE3o
city-walk,medium,ChIJobqykDRdXz4RFn4I97LEYKU
city-walk,medium,ChIJUax1zSldXz4REsvSzLAKQq0
city-walk,medium,ChIJ9fGtyhtdXz4R7QA59nTMK3s
city-walk,medium,ChIJc0IZaw5dXz4RRGESwJ79GQo
city-walk,medium,ChIJJSFzLBZdXz4RhhEaAriQEZ4
city-walk,medium,ChIJJ-Z1J7FdXz4RaXvI0VPa0N8
city-walk,medium,ChIJl7fLPNpnXz4R_zkMbuFuC3Y
city-walk,medium,ChIJ18BykgldXz4RVtoNdClWLXQ
city-walk,medium,ChIJJYbFgyBdXz4RCDzOz2PHTO4
city-walk,medium,ChIJEbdYNWRdXz4R9r6q0ml0BV8
city-walk,medium,ChIJf7NQ1xldXz4RXGh4KNFmrIo
city-walk,medium,ChIJgQkiixBdXz4RnN3lfLQA_g4
city-walk,medium,ChIJq6qqqjddXz4Rhrp-LIcaijk
city-walk,medium,ChIJAfinfbVdXz4Rv2Xdo8HyP-M
city-walk,medium,ChIJb4P-ikxqXz4RU5uH6EZ1neM
city-walk,medium,ChIJa6RFMfZdXz4Rm9vEZ_bENLw
city-walk,medium,ChIJUWJnWDBdXz4RIsmVjOuqFQM
city-walk,medium,ChIJO0HYnY5dXz4RzE6uk-ihc_E
city-walk,medium,ChIJnww0x_NdXz4R27oSQJ6hRig
city-walk,medium,ChIJyfPItvNdXz4RqEoYtb40LwM
city-walk,medium,ChIJv3Tju_NdXz4R8AwrSB2Op5o
city-walk,medium,ChIJC2S2-MddXz4RPO6OJQFIeNE
city-walk,medium,ChIJHRRLx59dXz4RIEeraUE_0C4
city-walk,medium,ChIJaQ06FQ1nXz4R1PXstZ5Ez1I
city-walk,medium,ChIJp5bnwWFdXz4RjsoXr7dbUyQ
city-walk,medium,ChIJiUHQkvddXz4RdY5qWkxKfL4
city-walk,medium,ChIJ1bxyuxVDXz4RgP1WYjxMCws
city-walk,medium,ChIJT3dW8K9DXz4RlnEhlk-Sf8Q
city-walk,medium,ChIJIfRUokZDXz4RkgA4pP9MCgg
city-walk,medium,ChIJewKrHLlDXz4RrXuiRQtbc3o
city-walk,medium,ChIJf3Xns3VDXz4RVYt9uJAdmPQ
city-walk,medium,ChIJq5pVYwBDXz4R1skfI97mr3g
city-walk,medium,ChIJ3THkWC9DXz4RPrvau-G5j-I
city-walk,medium,ChIJEzrgOcRdXz4R561Fb5N9u4k
city-walk,medium,ChIJpUt9g0FdXz4RyuGJqPnJ3pc
city-walk,medium,ChIJDXnxMiFdXz4RQDkdOXMt4Vc
city-walk,medium,ChIJDY4-VABdXz4R8osfXZ1-8T8
city-walk,medium,ChIJh9g_XEddXz4RKQAs10kQ0p8
city-walk,medium,ChIJcXq0KXFdXz4RaF00PwCjsUY
city-walk,medium,ChIJv9tXBYddXz4R_wce6BkpdWY
city-walk,medium,ChIJ-YIfJNJDXz4R4jONMChgek8
city-walk,medium,ChIJwa3qsYBdXz4RK86NSMW3ub0
city-walk,medium,ChIJoZabF25dXz4R4nH6kE69fG8
city-walk,medium,ChIJu5UUt_FdXz4RrKREpX9XUAA
city-walk,medium,ChIJBb2DkUxdXz4Re1MH93ktLeg
city-walk,medium,ChIJ-SAM485cXz4RfEM1CojmEks
city-walk,medium,ChIJF_6s24ddXz4RArh7t0rhCgs
city-walk,medium,ChIJqb6nqc9dXz4RpN9XVwjj_so
city-walk,medium,ChIJ0-eEY7VdXz4R2MwIjjEkDTA
city-walk,medium,ChIJyaBr37ZdXz4RogkYWeRtKvA
city-walk,medium,ChIJ8ctH3RNdXz4Rxs6StJZWoGo
city-walk,medium,ChIJhVVL3PJcXz4REhRyMbtoOoQ
city-walk,medium,ChIJBxuV5E1DXz4R_xJU139vabY
city-walk,medium,ChIJT5rpzwdrXz4RWNnWqoExxoU
city-walk,medium,ChIJ0xf8VY1cXz4R3q7MDV_wqZI
city-walk,medium,ChIJhflyUqlDXz4RqZE4OJXyWT0
city-walk,medium,ChIJzxAUPwBDXz4RuTalg7m9NRA
city-walk,medium,ChIJKYtv291DXz4Ref9-qswte-k
city-walk,medium,ChIJryyWFiRDXz4RZUzwWFKFy7g
city-walk,medium,ChIJfaOzawBDXz4RkVof15S2wUU
city-walk,medium,ChIJ-06zQGlCXz4RxoQycX_Se1c
city-walk,medium,ChIJ141sFWlCXz4Rj2Dw2v03Oo4
city-walk,medium,ChIJdW0cWHhfXz4RNQheC98DG8o
city-walk,medium,ChIJYdUFhOPo-28R7NBnxGazjm8
city-walk,medium,ChIJPfQtSJZDXz4R-NYmM5I4aus
city-walk,medium,ChIJc4Y5kBJDXz4R_RpHhPXEQPg
city-walk,medium,ChIJU-K50VtCXz4RmV9kzMv8u3g
city-walk,medium,ChIJ13g1usVDXz4RdLinKpuurv0
city-walk,medium,ChIJd5uwaS9dXz4Rxxx0z4wKAZM
city-walk,medium,ChIJ9aZfR-BdXz4RxVneMRl4sug
city-walk,medium,ChIJ5cQON2RdXz4RO1wvbNMjPp8
city-walk,medium,ChIJC1ubeU1DXz4RxN7loVKa2F8
city-walk,medium,ChIJPx42z3pDXz4Rp-KNlMNkXeI
city-walk,medium,ChIJpX2T-lxpXz4RjDY730JqBmQ
city-walk,medium,ChIJGSGo8EtpXz4RWtwP7ziX03Y
city-walk,medium,ChIJjZKyiOFvXz4RthD5WyFx86A
city-walk,medium,ChIJ0bkI2LtDXz4RvvLcg34Dmwk
city-walk,medium,ChIJWWmtp5RrXz4RKAOob3bZ8Xs
city-walk,medium,ChIJzb3LsI5CXz4Rk1w6UF3Gn6k
city-walk,medium,ChIJw2SgmU5pXz4Rfz58NkfTqSU
city-walk,medium,ChIJGVuPdplpXz4RL9_-8NUgIVA
city-walk,medium,ChIJ3Z_dNr1rXz4RM-IIH0gIP5s
city-walk,medium,ChIJv9rfIaBpXz4RlVqMpulSc-w
city-walk,medium,ChIJCTJbKcBrXz4ROxdrt_AN3HU
city-walk,medium,ChIJgcnc3-RDXz4R7cWCOIC2Y9Q
city-walk,medium,ChIJ3dMkZ51rXz4RbblnFNSf_GM
city-walk,medium,ChIJT1Hj18NpXz4ROKPmlp3fPqI
city-walk,medium,ChIJHwO0dwBpXz4RM5-hbuPJfew
city-walk,medium,ChIJOaAvx2tDXz4RNo_FZjkZ1W0
city-walk,medium,ChIJl2VXm15pXz4RRORHRQfgAZU
city-walk,medium,ChIJiXcYek5rXz4R2iwZ70XCrYA
city-walk,medium,ChIJcXCcMHhrXz4RIE7nzeaM8KM
city-walk,medium,ChIJSxQmTzBpXz4RfvSmWsvy1wQ
city-walk,medium,ChIJ43MrMgVpXz4RGP6bYu8gaXQ
city-walk,medium,ChIJnUpu9MZpXz4R4jTWAjnQEW0
city-walk,medium,ChIJ4032HgBDXz4RJrXjEABBKuI
city-walk,medium,ChIJ2Tvo4C5oXz4Rd-Ojr80KO2g
city-walk,medium,ChIJESSte7JrXz4RwuVSlRhyVu0
city-walk,medium,ChIJIfW1ZF1pXz4Rzv60ZNi17yw
city-walk,medium,ChIJD_VnCxtpXz4Rmdp00bGDF48
city-walk,medium,ChIJnXETLo9pXz4RJ14BPaC1JNk
city-walk,medium,ChIJNUuRdEBDXz4ReiYCZtYLdm4
city-walk,medium,ChIJyXFULOlpXz4Rr24af9L_HYY
city-walk,medium,ChIJp49fVuhrXz4RetghndQh8Lk
city-walk,medium,ChIJka-2aL1rXz4Ru4lK6zytvrQ
city-walk,medium,ChIJs909jE5pXz4RtKSpN4vHHUI
city-walk,medium,ChIJe96AarFdXz4R1fa8vqt9Qr4
city-walk,medium,ChIJndz_sdJrXz4RnLd0xbg03go
city-walk,medium,ChIJlx4xcC9DXz4Rq6WIc5xTVfg
city-walk,medium,ChIJ_WDFXipDXz4R37Sn4n_OojM
city-walk,medium,ChIJZ0wpICZDXz4RIivO07Wjb8A
city-walk,medium,ChIJvzExJjlDXz4R3ZUZLq8axUM
city-walk,medium,ChIJa9Vi-yhDXz4RQOagiFI85pQ
city-walk,medium,ChIJLUQnWxVDXz4RXziYnrpfK2c
city-walk,medium,ChIJR6AmByZDXz4RcDJ-Hm49CG4
city-walk,medium,ChIJ0T2RPuhdXz4RF6SRJ00GtIc
city-walk,medium,ChIJ8UKn1ylDXz4RaucGDyd1da8
city-walk,medium,ChIJVYO3BghDXz4Rbvm2TBB9710
city-walk,medium,ChIJJyD2H0FDXz4RHG3r1mfchlE
city-walk,medium,ChIJ87t0EBtDXz4RVF3OSeINq_Q
city-walk,medium,ChIJCz-6WSZrXz4R5cgJFTDmh9k
city-walk,medium,ChIJy6W-QxdDXz4RDBxKakIIo-8
city-walk,medium,ChIJc5PkVpRpXz4Rq_2Cbs_CmJI
city-walk,medium,ChIJ6R7MbkVDXz4RvIQRwaQlCig
city-walk,medium,ChIJWULC7ptdXz4RXhDPrgMPxNk
city-walk,medium,ChIJg4btG9pCXz4R1r5dPsWE98c
city-walk,medium,ChIJ9b4SdwJDXz4RSdNpXQUmjLM
city-walk,medium,ChIJ2wqQDEdDXz4R82zluMG_8ME
city-walk,medium,ChIJ4YZCSldDXz4RwEdIzlkoWBY
city-walk,medium,ChIJX6Tp4M1CXz4Rkq8OIcnyYTg
city-walk,medium,ChIJV18Q4LpKpw0R1kpF_oKbxQg
city-walk,medium,ChIJM8kc7XVdXz4RT4QYeg9qVk8
city-walk,medium,ChIJQZPIa6pDXz4RPKdDOQkMAvQ
city-walk,medium,ChIJXYh_eRZDXz4RIXUSjFsJ-38
city-walk,medium,ChIJg8cLzLddXz4RWHcYWUmLgEo
city-walk,medium,ChIJz5XN8SdDXz4RJ7h1_E6AUxA
city-walk,medium,ChIJvz_4C9xDXz4ROkmxONcNesg
city-walk,medium,ChIJ599h4FxDXz4Ruk8OOd2YqH0
city-walk,medium,ChIJi848muRDXz4RNKTYdhed97s
city-walk,medium,ChIJH4K4CrddXz4RNEVDWiqgGxs
city-walk,medium,ChIJrTFv04pdXz4Rc5ViGesV_2s
city-walk,medium,ChIJLXFZ_LxdXz4RNeq5EdmmN_0
city-walk,medium,ChIJoddFISZDXz4RxjSNygBWt5U
city-walk,medium,ChIJs7Q1msJdXz4RpS94mnvcMNI
city-walk,medium,ChIJSWGZBFFDXz4RSkxPwdhI9NY
city-walk,medium,ChIJ9c8YPZddXz4RApj9Pns_1vg
city-walk,medium,ChIJ3R84tj9DXz4RPJHY77M7qzc
city-walk,medium,ChIJYRUp2yVDXz4RxHmTuKu331o
city-walk,medium,ChIJLxiFomptr4kRaWFjTp0jPPs
city-walk,medium,ChIJ89MxA45rXz4RQsLKOxKv22E
city-walk,medium,ChIJVxagOW5dXz4RuDYJwCVTyyw
city-walk,medium,ChIJR0XIt9RCXz4Rk6VA1cczWXI
city-walk,medium,ChIJ_6YEFBZDXz4RpzyGPMWOMUQ
city-walk,medium,ChIJG4FDtShDXz4RkKsg3TARiAY
city-walk,medium,ChIJV3iM8rdDXz4RO_pncMJf4ss
city-walk,medium,ChIJj8yAU8tCXz4ROU_DEpwV0cA
city-walk,medium,ChIJzXrMixZDXz4RR0QbkRkLi4Y
city-walk,medium,ChIJFXPta_lDXz4RsNHsBGiM9os
city-walk,medium,ChIJK7mTfYFDXz4RJpImTkOu3Qw
city-walk,medium,ChIJpxzVPxBDXz4RnGTvndFZ62c
city-walk,medium,ChIJpaWtyddCXz4RduS_UQE9Zvo
city-walk,medium,ChIJ2TuInGdDXz4RJK1DpAaVPi0
city-walk,medium,ChIJh_QAmLFdXz4RT3w6IILifkQ
city-walk,medium,ChIJE1sanaJDXz4Rch9MnF_pIgI
city-walk,medium,ChIJZ5Ytac9DXz4ROrZpfXWJZ9s
city-walk,medium,ChIJAVByhiZDXz4Ry9g6sHUeqTc
city-walk,medium,ChIJN0xJr9hCXz4RD9DxN1F8_tA
city-walk,medium,ChIJcSNl1ApDXz4Rycqc9GrgEug
city-walk,medium,ChIJv815OLRDXz4RHEw3GnV604Q
city-walk,medium,ChIJ6-O78dhcXz4RY5P19DCNDrs
city-walk,medium,ChIJXYnEnxZDXz4RL-0ai9I9jM4
city-walk,medium,ChIJt7g76v5DXz4RhXbaNnObgw4
city-walk,medium,ChIJ02ad-ltDXz4Rr_OFpmACFyk
city-walk,medium,ChIJXxEMQzxDXz4R809rN0-wc8M
city-walk,medium,ChIJz-D_LUxDXz4Rw5eIXQEmfnQ
city-walk,medium,ChIJF5uvt6xdXz4RcH7QgngHefs
city-walk,medium,ChIJoYIqGRpDXz4RpbxTKU4Y-sc
city-walk,high,ChIJx6Te75NtXz4Rsmj3p0qtE7I
city-walk,high,ChIJj1ve_eldXz4RGjEWSq6f9Z0
city-walk,high,ChIJrwaWdhRtXz4RZdzBgyHtIaw
city-walk,high,ChIJGVsHtbNtXz4RrOYLqo7Jcuc
city-walk,high,ChIJ6ZNQrbNtXz4RcJs8XZxFPT4
city-walk,high,ChIJaXRKzyhhXz4Rgco-Kv7KkGw
city-walk,high,ChIJK-7lVO1tXz4RMr9whME7dJY
city-walk,high,ChIJBa4VrhZtXz4RBILEucrVUEc
city-walk,high,ChIJLWXAa5ttXz4R90i2vNMocj8
city-walk,high,ChIJzynOTXJtXz4R-WtRuvgtE5Y
city-walk,high,ChIJH32H67ZtXz4R8CNbPtkHgtg
city-walk,high,ChIJAeX3S6htXz4RprfwZfXyLcY
city-walk,high,ChIJl2qKJgltXz4ReuBuwKKMYvw
city-walk,high,ChIJC4J6G2VtXz4R4RsTT8qB6ac
city-walk,high,ChIJa1InCzVtXz4Rihe5RIz6XGc
city-walk,high,ChIJQ7UJcfttXz4RoBTDuI2qAvs
city-walk,high,ChIJ2-ovMplvXz4RyX4r_oQ7ycA
city-walk,high,ChIJhR7xgQ9vXz4R_DHNyab7d0E
city-walk,high,ChIJ4zlwjihvXz4RgRVZyYd1gic
city-walk,high,ChIJxYEDqrtvXz4ROdRxDwW98lE
city-walk,high,ChIJ_3cd8NtvXz4RdhT5_M0FRoI
city-walk,high,ChIJiZEgcYnacoERdctf7dzpZWY
city-walk,high,ChIJccLd2X9vXz4Rei7lzTt5N78
city-walk,high,ChIJ6zPLjxZvXz4RBi8Z_6P-kPo
city-walk,high,ChIJ4V7lZhBvXz4RgbOwhFmVkKM
city-walk,high,ChIJUdN_NbNvXz4Rn-_W_7yLKrc
city-walk,high,ChIJEQAPcthrXz4R3RTM5SJQyrc
city-walk,high,ChIJvcTyx0NtXz4Rac1Gnsk9Jzc
city-walk,high,ChIJO96ntmJtXz4RR1nUd6qXzIo
city-walk,high,ChIJa17sR5ZtXz4RMNhHiMM0Zsw
city-walk,high,ChIJi3fzHnRxXz4R9CwkfSdz09k
city-walk,high,ChIJbQepX4NtXz4R8Xcv4BeD8mg
city-walk,high,ChIJK2kMNQttXz4RSwr6ashIbvw
city-walk,high,ChIJCSbQ9uNtXz4Rd7PasTLpvzw
city-walk,high,ChIJrz3XvhptXz4R4wDdcB9IE_Y
city-walk,high,ChIJX3PyIE1tXz4R51483ZNsyx4
city-walk,high,ChIJv8jrgpttXz4RsVuFSw-cgIo
city-walk,high,ChIJyR0D6zZsXz4RHT0ZIk1MVKs
city-walk,high,ChIJtQVHyThvXz4Rlt7agELQepk
city-walk,high,ChIJtS1tnJ9rXz4RHzfSa65XG7w
city-walk,high,ChIJey-AeARvXz4RYT4o2ICbfkQ
city-walk,high,ChIJgzFdhEVvXz4RfFUxi7RUxzQ
city-walk,high,ChIJ45xjV7dvXz4Rs6aRKTp46Bg
city-walk,high,ChIJH7f3XthvXz4R88x3K_nW814
city-walk,high,ChIJTV_hyeZtXz4Rju47jz_CRK0
city-walk,high,ChIJUT9-0hZvXz4RZw7yu7JXlZo
city-walk,high,ChIJO55c5TlvXz4RnSwQJqkRQ2Y
city-walk,high,ChIJUVdlILJvXz4Rkgl6CUtm4hk
city-walk,high,ChIJfX-wmphvXz4R2FjbEsZ9zjo
city-walk,high,ChIJZUUZelhvXz4R03pu6KUwLDk
city-walk,high,ChIJJ6SgNf9nXz4Rbi-MxPKgNX0
city-walk,high,ChIJf1uHVF1vXz4R_PgvE_iDdeg
city-walk,high,ChIJG_lBnh5vXz4RFf-fzpViDVU
city-walk,high,ChIJ_ytLU8hvXz4RZhKQkKfJiSk
city-walk,high,ChIJZwNBTwVvXz4RdP-Y_XSAFAc
city-walk,high,ChIJ-VZVpCRvXz4R9geUkFI53TA
city-walk,high,ChIJ__8_94puXz4RRr6WQ2wLdBU
city-walk,high,ChIJXbX5Y0ZvXz4R-DgfAQPgZkM
city-walk,high,ChIJ51gyj4puXz4R4MBu-EV-Hqs
city-walk,high,ChIJY2PJKEdlXz4RXvLNfkJEjIA
city-walk,high,ChIJkVpdJetrXz4R2v9qP9A2AYg
city-walk,high,ChIJzbQmWi5rXz4RDRz-3XIcbaY
city-walk,high,ChIJY5xG-adrXz4RRGRjUX6IX44
city-walk,high,ChIJt61bfPRrXz4R--uyPFsQffQ
city-walk,high,ChIJu-rs299rXz4Rf6H8NIgAEvg
city-walk,high,ChIJz4GoXLxrXz4RS4Hp4z4ZOPI
city-walk,high,ChIJYczZwaNDXz4RVUkLBjBhJ2I
city-walk,high,ChIJMeSaCWVrXz4RveubZkApFLk
city-walk,high,ChIJp6EpTHprXz4RGABjzaVtGq8
city-walk,high,ChIJB1eybbhrXz4RfNr5DkIOkvQ
city-walk,high,ChIJpfLIdP1rXz4R_R7xnlyKBJk
city-walk,high,ChIJ0-w-wVxrXz4RYc37MlYKCbE
city-walk,high,ChIJH5dUcoFrXz4RWOBrkjL0Wzw
city-walk,high,ChIJXUoCz0ZtXz4Res-r0ofyu3k
city-walk,high,ChIJkz0IbwBrXz4RIwqLuYA0bD4
city-walk,high,ChIJrxTUycpDXz4R_z1tNuPd2cA
city-walk,high,ChIJ2fLyQXlrXz4Rl6K19ZHZSSc
city-walk,high,ChIJlWNJ7G1rXz4RjLW-0wzJSt8
city-walk,high,ChIJec_eH3VrXz4R7F-kRtcUXaI
city-walk,high,ChIJW_vhozhrXz4RmzolAlSh74k
city-walk,high,ChIJRbNfwhVrXz4RnpZhckAR_cc
city-walk,high,ChIJK8wwz3FrXz4Rw2gJhSlSU2k
city-walk,high,ChIJXyZO3NBrXz4RXZf2d5HfGyU
city-walk,high,ChIJLfby84FrXz4ReCf-3ArfkN0
city-walk,high,ChIJpdwj3YVrXz4RwQq2vbFqc-s
city-walk,high,ChIJz2ApzP5tXz4RR1A2SJQhumg
city-walk,high,ChIJ9bJ680NrXz4Rj_yWJ0q_eQk
city-walk,high,ChIJCYKz2FJrXz4RNGlMQNegMFQ
city-walk,high,ChIJtU9-uPRrXz4RN3R6liZ223g
city-walk,high,ChIJ9yBJjwhsXz4RdzOzU_uq7DQ
city-walk,high,ChIJXaK8uCNrXz4R0aW_t1ImN0Q
city-walk,high,ChIJGzGWmElrXz4RvqIF6_LqQJk
city-walk,high,ChIJNY4YQIFvXz4RuE3Gy4NpBf4
city-walk,high,ChIJKVma2d1vXz4RO3KzvSzSBP4
city-walk,high,ChIJPRDTDUdvXz4RB2FprX5HeYg
city-walk,high,ChIJQwBJk8NvXz4RkIx_tAQYo4o
city-walk,high,ChIJzx81zK9vXz4RHN3UOtKrKi4
city-walk,high,ChIJq0UBBuhvXz4RTmeulwgAkCQ
city-walk,high,ChIJf6CO9v9vXz4RPz89YP4GQnk
city-walk,high,ChIJYeLHIKxDXz4Rb1a_NVBlntY
city-walk,high,ChIJ7TiGQZNvXz4RsQBI4VvYsnM
city-walk,high,ChIJ94qvnXdvXz4RSyovDe-z77Y
city-walk,high,ChIJldzzkhZvXz4RqP58EX3zYQ0
city-walk,high,ChIJl13_eyVpXz4RuyD2Mdz4dQ0
city-walk,high,ChIJ6yo1xAVDXz4RRB-E6eBv3Uk
city-walk,high,ChIJEULr2U1vXz4REyipqD_3eAs
city-walk,high,ChIJrdyGHIxlXz4RMXqOynIPONk
city-walk,high,ChIJ_Rz8ffBlXz4RixdA6P0BB6c
city-walk,high,ChIJ_zanGIVlXz4RHcGTjal0YLE
city-walk,high,ChIJm9oqm41kXz4RR_VFWRZ8j3A
city-walk,high,ChIJ07r3PPhlXz4R-I79DdPzB74
city-walk,high,ChIJWZALWPNkXz4RCGktGh7MECQ
city-walk,high,ChIJCSFxyI1kXz4RhK8kGl3WHrc
city-walk,high,ChIJiZv--UNlXz4RAS-NyEJ2YVQ
city-walk,high,ChIJc1_0JGJlXz4RvF_0DH0U62g
city-walk,high,ChIJY3kRIKhlXz4R_pWQqmSHv40
city-walk,high,ChIJVT51brdlXz4R82FpvmSZaEw
city-walk,high,ChIJPQT7VMFlXz4R-vM1YJcR0r0
city-walk,high,ChIJiR6yLYNlXz4RcnsRKn2pJko
city-walk,high,ChIJywgCk5qPOUgR4NOYnBx_4Q8
city-walk,high,ChIJqbF3oddlXz4R8JAAkszwPKg
city-walk,high,ChIJy9JKGPBlXz4RiRZO7zcHVbk
city-walk,high,ChIJaXwb3aRrXz4RAzpj7IpzKvg
city-walk,high,ChIJD5PwivlrXz4RDU4oUcEBl0U
city-walk,high,ChIJVyfUzl9rXz4RCK9R7pn1vis
city-walk,high,ChIJs_eK9yxrXz4RzOBm4aMC_HU
city-walk,high,ChIJFf99ixxrXz4Rnip_Ns4PpBg
city-walk,high,ChIJe63--TBrXz4R4NKODsQUYmc
city-walk,high,ChIJwVknQB1rXz4RUmMkorXxZaI
city-walk,high,ChIJLeWVEQBrXz4RNvbgOR-dD_0
city-walk,high,ChIJxVg52EdrXz4RQnkKjDeWGew
city-walk,high,ChIJb6ujzs5rXz4RQ_2sNmN5WRU
city-walk,high,ChIJ49Z7XVdrXz4RoIv7siBSqEw
city-walk,high,ChIJ8f8nFj1rXz4RVvHyg7cmvLI
city-walk,high,ChIJS4uv1PZrXz4RrxyMoF1U0ko
city-walk,high,ChIJS5XPi3prXz4Rei1aMIOC6ng
city-walk,high,ChIJ11il0yeQMioRcY99sg7ykZs
city-walk,high,ChIJU3XoVANrXz4RU30Ih_o90Q0
city-walk,high,ChIJxWdj6MNrXz4RbL2IH8EYfFo
city-walk,high,ChIJsz4djPdrXz4R1-Rt0aWmHKw
city-walk,high,ChIJnTV05xRrXz4Rk_ymTk8TL_Q
city-walk,high,ChIJD4bp5lRrXz4RbSHxZ-kIxYM
city-walk,high,ChIJnVgaLwBrXz4RhpUHa5ytUHE
city-walk,high,ChIJr2VKFixrXz4RiQgP2XD3vw0
city-walk,high,ChIJRxWUdgBrXz4Rv7hVj9UWcXA
city-walk,high,ChIJD1ePLKdrXz4R4ff-YEShxvs
city-walk,high,ChIJZzQyyVFqXz4RIHidgDF01FA
city-walk,high,ChIJIWujKHtrXz4RE-7llgiR4N0
city-walk,high,ChIJ_YpjhmJrXz4RD-SdWVqhWCA
city-walk,high,ChIJrR3Ef9prXz4RPa9jzsXsgzE
city-walk,high,ChIJ7xuNn8FrXz4RB3dSnDLcPIg
city-walk,high,ChIJQ44YqBNrXz4RR_DLtbYjO_Y
city-walk,high,ChIJmXmD0yhrXz4RZLjcBRXnJ6o
city-walk,high,ChIJbVx-iq1rXz4R5wi7QFRwMCA
city-walk,high,ChIJZQxNp4BrXz4RGG36xMjuoJI
city-walk,high,ChIJSTj_IsZrXz4RjkgnU6ZMk2A
city-walk,high,ChIJ3R8VfyBrXz4RzQB2VOn8F8w
city-walk,high,ChIJDSh_I65rXz4RxfTrHI_J8b4
city-walk,high,ChIJOw_2bhNrXz4R6El-vfiOYp8
city-walk,high,ChIJa4CFpv1rXz4Rb8J-J6i-ArI
city-walk,high,ChIJ692_u5NrXz4RTD99fc17TzU
city-walk,high,ChIJ7SYyfihrXz4RXLClE0wn5Fs
city-walk,high,ChIJAc2mBNVrXz4R4eKQ2a-yvLA
city-walk,high,ChIJqwq2NVFpXz4RMjx88Nz2EaU
city-walk,high,ChIJK1hHUcRrXz4RXEJ4FE4pJN4
city-walk,high,ChIJI296UTRpXz4RMRbdqPYaXJ8
city-walk,high,ChIJvYtMcgBpXz4RderZ6nPPbws
city-walk,high,ChIJJbUDMXxpXz4RxDAEmJ-kHIU
city-walk,high,ChIJhbXVqRtpXz4RFkKE772AO8Q
city-walk,high,ChIJGQHuH9tpXz4RCdhOYe4zaVQ
city-walk,high,ChIJD7jeX01vXz4RVRMCBIiPawE
city-walk,high,ChIJbev-qwNpXz4R92w3l3EeDN0
city-walk,high,ChIJc2Txbq5pXz4RRlzAkygTmhg
city-walk,high,ChIJb3hmvhhpXz4RgFy4CfzNLoE
city-walk,high,ChIJWVOdSRVpXz4RuVCIucyY-as
city-walk,high,ChIJo5_Sy5VlXz4R3dERIYwva4s
city-walk,high,ChIJpcEpTollXz4RYWx3J_3jiFI
city-walk,high,ChIJwfOXOuNlXz4Rhv9XhOocsEw
city-walk,high,ChIJNw6Op_1lXz4RiraAUs5U76E
city-walk,high,ChIJjSHYKmdlXz4R7199l-Nl7Pw
city-walk,high,ChIJT0MB79BlXz4R3Ue-of9OgY8
city-walk,high,ChIJC-2Th4xlXz4Rw5caWKJ5tYc
city-walk,high,ChIJHf1YcR1lXz4R_GhOxTT3lJA
city-walk,high,ChIJx6wkCWtlXz4RX7Ku5gat0DU
city-walk,high,ChIJAemqn4tlXz4RluxuNtm2n_0
city-walk,high,ChIJ--suGWRlXz4RxJXiRY8kj0s
city-walk,high,ChIJH3yBpCplXz4RZonQD1ayXQo
city-walk,high,ChIJT-CEh2hkXz4Rqi92Z6ZL_nw
city-walk,high,ChIJ57SKJG5kXz4ROxQxs202Ozk
city-walk,high,ChIJ4yLyvpJlXz4R9mnI2Y4Podc
city-walk,high,ChIJrQxExWhlXz4ROCa5WYFMqI8
city-walk,high,ChIJUWxyKNFlXz4RVXAWN5T6lPs
city-walk,high,ChIJhdXRHKRlXz4RqVR2Jdq1YKw
city-walk,high,ChIJT35jK25kXz4RqiqOZ4KTtwk
city-walk,high,ChIJn-15vKhlXz4RjvDBtBNWL6c
city-walk,high,ChIJNRSSi0xqXz4RK6puzEPZpA4
city-walk,high,ChIJMciDnXRrXz4RTN8ha8OmReA
city-walk,high,ChIJQWUxURlrXz4Rw8PsX6p1y-A
city-walk,high,ChIJz6C6gOJpXz4Rbu0J8dO7ajk
city-walk,high,ChIJGcXffoxrXz4RXktJR3_duiw
city-walk,high,ChIJuVtFGABrXz4RzzgtNI1g-_s
city-walk,high,ChIJP6910blrXz4RDBrB-jf74Zg
city-walk,high,ChIJoXaB0r9rXz4ROgb7NzM9Hh4
city-walk,high,ChIJF4k5d_hrXz4R0EjhASdjQu4
city-walk,high,ChIJgadI4RtrXz4R8BEcIUEHX9E
city-walk,high,ChIJrwHLMpBDXz4RG-p5G02RNLg
city-walk,high,ChIJ_zUVh5NpXz4RqddTRQjn7EM
city-walk,high,ChIJwVS4G5NrXz4RKW68ddfWAVQ
city-walk,high,ChIJNZV-h0ppXz4RX1x_21do2ts
city-walk,high,ChIJi0XhEeFrXz4Rt4tw37GjwWk
city-walk,high,ChIJ5zK5CZVDXz4RVnD8Fm9pVk4
city-walk,high,ChIJY0phdN1rXz4REnOYlJUocFA
city-walk,high,ChIJmwSByiZqXz4R71zuNrtpdQQ
city-walk,high,ChIJR0do5TZqXz4RF7ibiW3Pcr8
city-walk,high,ChIJAf6vLtZpXz4R5apQG1K1RzI
city-walk,high,ChIJN6beLyZrXz4RyeVXHz4c7Ck
city-walk,high,ChIJB3ibexBpXz4RWUiiiIhfd3E
city-walk,high,ChIJ4wIIjUBqXz4RMpLJ4g4MDKk
city-walk,high,ChIJgXm1JUBrXz4RytE-OTZQYvM
city-walk,high,ChIJBW8b_L5rXz4ROct4NjxpLmY
city-walk,high,ChIJB_vhFk9rXz4R-nmqKBxTRKY
city-walk,high,ChIJ8-2cniRqXz4RxP4N5tsMRIs
city-walk,high,ChIJ-x2G8eFrXz4RTbYOYqcjbzw
city-walk,high,ChIJt7gZNidrXz4RhTQkfNNsyhQ
city-walk,high,ChIJZxi8datrXz4RHIphRY2kC0w
city-walk,high,ChIJW2LRvOFpXz4R9PtTPVun_dM
city-walk,high,ChIJ06d9E-BpXz4R1NMNghcBTMs
city-walk,high,ChIJ5T7zUJtpXz4RKjmYJalkRLE
city-walk,high,ChIJ-9qNpUxpXz4R8LBiFZRzURk
city-walk,high,ChIJMbEyjAxpXz4REHnzrDi162k
city-walk,high,ChIJzckmtpRpXz4Ryjt_12Z3QsA
city-walk,high,ChIJccJ83etpXz4R2crhhTWvWUM
city-walk,high,ChIJVew1lrdpXz4RMXwmYrWcwbI
city-walk,high,ChIJF6qiTdZpXz4RC91u2RSbWo4
city-walk,high,ChIJJTOjShRpXz4Rz89x3PV_ClA
city-walk,high,ChIJ01kQZkVpXz4RuWinByM2B94
city-walk,high,ChIJPyCPNnBrXz4RnvTY2E0sr0U
city-walk,high,ChIJPVos8UhpXz4RJOi12LXUmMg
city-walk,high,ChIJIwLD1L1vXz4RIO8T1NHJUxA
city-walk,high,ChIJg-5VBQBpXz4RlWgmAoyu3Uo
city-walk,high,ChIJnUQzSQBpXz4RVjwEb294ia8
city-walk,high,ChIJNyDuH3VpXz4RzBl3M_1dpdI
city-walk,high,ChIJKfGJ-9lpXz4R_aJd2kNBjnA
city-walk,high,ChIJvY8VYoFpXz4R3WZqLQyUOYo
city-walk,high,ChIJu8zvAndpXz4RTqEb041058E
city-walk,high,ChIJLSKu0D5nXz4RGBDK06c050k
city-walk,high,ChIJL1pAXxlpXz4REYAGY2DQ7oE
city-walk,high,ChIJfyvyeJxpXz4R95d_eDOquYM
city-walk,high,ChIJ7XW19Bz0uw8RACWkZpqJL1s
city-walk,high,ChIJo9BeWK1pXz4R2PtK_CJ-H3U
city-walk,high,ChIJf5kyjC5pXz4R56eq5RQat2Q
city-walk,high,ChIJcdO6tMppXz4RmM-QqbWBV5A
city-walk,high,ChIJV8xH9xZnXz4Rzp-5IMdmyCY
city-walk,high,ChIJQ0rUvPZnXz4RKQZx1N6r8ro
city-walk,high,ChIJrwz-6ktnXz4RThRfJCdAdsM
city-walk,high,ChIJZ_wIswtnXz4RdMnU_26j8yk
city-walk,high,ChIJLRC3h4VDXz4RqDuOWPkR1v0
city-walk,high,ChIJ2xuub2NnXz4RW-ld2i0rn5Y
city-walk,high,ChIJByQWay9nXz4RdepbnyXyo_Q
city-walk,high,ChIJgY2AawBnXz4RvrQgAzAaYGc
city-walk,high,ChIJ57yPnRBlXz4RRiimmiiLf5U
city-walk,high,ChIJy4AVMdZhXz4RWS2ku-D22NU
city-walk,high,ChIJHZTtagBnXz4R-T_iYrv9Y-4
city-walk,high,ChIJ39L9PCBnXz4Ruj0HEMZVO9Y
city-walk,high,ChIJwRk_qm1DXz4RNPf8_w03wfU
city-walk,high,ChIJddXIf85rXz4RaLcWJAcido0
city-walk,high,ChIJ1SgeOZJDXz4ROaObLUh_Aec
city-walk,high,ChIJGcBVQRpDXz4RUPrFktjufz0
city-walk,high,ChIJo1Ydk0BqXz4R8slljwdDzrs
city-walk,high,ChIJcTDxWJtrXz4ROFwZqnTaIvM
city-walk,high,ChIJma5AbM9rXz4Ri9f410RNpw4
city-walk,high,ChIJF9jrFCRrXz4R60mSuWNNu0c
city-walk,high,ChIJRd6p1fNrXz4Rb_vndkRnyO0
city-walk,high,ChIJp-9jLxFqXz4RBz0pOnf356k
city-walk,high,ChIJi6kBHCJqXz4R1LSoBgFHpC4
city-walk,high,ChIJmbQT5Q9pXz4RTcITLViIWjM
city-walk,high,ChIJ0Y0DQ-1DXz4RCSA0T_vf9P8
city-walk,high,ChIJhaG4jh5pXz4RRgJr20PuSWo
city-walk,high,ChIJP51lMQVqXz4RD6HqPxzgfo8
city-walk,high,ChIJqWuPhpFrXz4RxunMP9bef2I
city-walk,high,ChIJ6SoDggRqXz4R7BAvkaFzkRk
city-walk,high,ChIJ905RFkNpXz4R5ABvz9GUTwo
city-walk,high,ChIJ_6O7ZhgsmEMRDRb3so4R4O0
city-walk,high,ChIJHbEf4F65eiURxBnD7-heiBg
city-walk,high,ChIJcUON1vVpXz4R7_DyGfj8ljw
city-walk,high,ChIJ2bVGXh1pXz4RAFaCrsWU1R4
city-walk,high,ChIJg-gkNrppXz4RNh9RysXlWcg
city-walk,high,ChIJQWakM0BpXz4RWiHoZdv1lVA
city-walk,high,ChIJF-Ow-SdpXz4R_0n40jRhQNo
city-walk,high,ChIJ8QQdkq5pXz4RX3FnLte83Rk
city-walk,high,ChIJmRKa_5hpXz4R_9Hpp02ls90
city-walk,high,ChIJ82MttINpXz4RmdheptphCSQ
city-walk,high,ChIJfxKczKBpXz4R5_eQ3rHhTp0
city-walk,high,ChIJY99J8J1pXz4R6vYZRRjwm2E
city-walk,high,ChIJpXfDnTUnRggRqNJ7dLJVWXE
city-walk,high,ChIJWd2MolBpXz4RMaI1wxGdL74
city-walk,high,ChIJpWQUEjJoXz4RlI6OwXS5va8
city-walk,high,ChIJC635ED9pXz4Rzy7DksENhsE
city-walk,high,ChIJx9yRrY5pXz4RVwMdh-0rbIk
city-walk,high,ChIJ9fiqSGFpXz4RzQVfvnoD0eM
city-walk,high,ChIJMciJj51pXz4RBhHoFazX-mw
city-walk,high,ChIJuQSymgdpXz4RQMKEUEuNCvc
city-walk,high,ChIJSYDoMPRpXz4RO37A4YnIg_c
city-walk,high,ChIJpcG8VL9pXz4Rx8R4UD6Qjyg
city-walk,high,ChIJL5Vn-WZpXz4R84H3ZwDMXNQ
city-walk,high,ChIJNYpoaktpXz4RvWyXhptbmGA
city-walk,high,ChIJMaXbMwBpXz4Rfy9Nu7-IpLc
city-walk,high,ChIJh_lp3yBpXz4R5i25x2_o-Pw
city-walk,high,ChIJ55fnfRldXz4Rhugo9GcCMRg
city-walk,high,ChIJDa8wWtNpXz4RpPMYhiW0Cvc
city-walk,high,ChIJ2-cSD2ppXz4RgieAyPBDatg
city-walk,high,ChIJQVQek59rXz4RAG7c_F1lfF4
city-walk,high,ChIJwQZOJ_V7Xz4R-GbG3nOBR9s
city-walk,high,ChIJ2bmyEMZrXz4R_OLIvz40tDI
city-walk,high,ChIJcYYO9NJpXz4R5ayXhS1-h08
city-walk,high,ChIJj8yR8RppXz4Ro1SLfUtxPZk
city-walk,high,ChIJLQrX-sJpXz4ROS8lWWkR62g
city-walk,high,ChIJ8cF-LmhpXz4Rqqda-d055es
city-walk,high,ChIJ6RREWe1pXz4RX7j2D37MuOo
city-walk,high,ChIJFZjcVgBpXz4R6Md6mHK7nG4
city-walk,high,ChIJR6DuRulnXz4RsewBFpNYmzQ
city-walk,high,ChIJxSCQ0ltmXz4RBDXnZ2z93kY
city-walk,high,ChIJ22tpJuhnXz4RpijOmmdUyq0
city-walk,high,ChIJXTH26w5nXz4Rl4CiRKs9tt4
city-walk,high,ChIJiw35AzdnXz4RVRJ6F9-ggkM
city-walk,high,ChIJuWItKrRmXz4Rv5r4d0Bt0l0
city-walk,high,ChIJ-cOVENZhXz4RHu_PvQSKXgc
city-walk,high,ChIJs4jpcKxnXz4R-oJyGOwSU-c
city-walk,high,ChIJxTKT9PZnXz4RTeQKr9lpxH8
city-walk,high,ChIJhw_xEt0qL4gR6Bishu08MI8
city-walk,high,ChIJ-4aAroJoyocRmi2d7LwBVcg
city-walk,high,ChIJoUdhgmFnXz4RVzMJYbIVrxo
city-walk,high,ChIJgyzBRgVnXz4RZhemhYppi_Q
city-walk,high,ChIJ7ZL6WrRmXz4RWJI163Dc7UQ
city-walk,high,ChIJuzmZrS1nXz4RzjAWSyBIqvg
city-walk,high,ChIJUeqh-bNmXz4R0G9XxI5cJPs
city-walk,high,ChIJ82nBnRhhXz4Rv1KPOxbejJk
city-walk,high,ChIJ8Uc3ZS5hXz4RVamF1VJU_yA
city-walk,high,ChIJAch-r0hhXz4RqhO-RtZjmJU
city-walk,high,ChIJ-bwr_cBhXz4R_A7f-_yL6CE
city-walk,high,ChIJ2wrcY99hXz4REOoLVtiJjGQ
city-walk,high,ChIJk27KicFhXz4RQpyMtihuVLo
city-walk,high,ChIJ2Z-uxVlhXz4RYxCu15KDbYE
city-walk,high,ChIJmbrs0SNhXz4RjWt44UckSIw
city-walk,high,ChIJLbYRUTVhXz4RNhPFDAH3VdQ
city-walk,high,ChIJtcE4rb9hXz4RqM9jKkNVzZQ
city-walk,high,ChIJj9Mr4JBDXz4Rv6KTbCsoszY
city-walk,high,ChIJHVXH-_ZpXz4R-yZ5Da8l_fI
city-walk,high,ChIJTZQd4v9pXz4RUFUMrWEyff0
city-walk,high,ChIJxyO0XT1DXz4R7VZlMXG-I_c
city-walk,high,ChIJhdA3WABDXz4Rj6MPltJF_nY
city-walk,high,ChIJ64YtRDJDXz4R7mFPuC4lgB0
city-walk,high,ChIJO_iqMetCXz4R0JHA1kRnG6s
city-walk,high,ChIJI1r4IP1CXz4RcTn5yOX5MXg
city-walk,high,ChIJ0UD1bJRDXz4R6WaTdVoYRZ8
city-walk,high,ChIJre3cwVhrXz4Ryya3lYa7Slk
city-walk,high,ChIJi_f1ZQFqXz4ReNLWfJ6MFEE
city-walk,high,ChIJQYuPrm1DXz4RnfOXvLVDXb0
city-walk,high,ChIJB1KUASZDXz4Rjn8jkMaI0QA
city-walk,high,ChIJj7jMk9dpXz4RpgWmZysF8Mk
city-walk,high,ChIJIfaNTpJpXz4Rf2hAPr4ITJY
city-walk,high,ChIJjTTlILtpXz4R9D--AtcxpyI
city-walk,high,ChIJ8YM0cOlpXz4RAmBHRrU5TVg
city-walk,high,ChIJCQB88-JpXz4RU_pzq5Fp4JA
city-walk,high,ChIJR4QYtRZCXz4Rrj6Pg9cUZ3Y
city-walk,high,ChIJ90ydelZDXz4RQc9i3swo3eU
city-walk,high,ChIJO_6URRppXz4Rp3WvCoOj6zg
city-walk,high,ChIJH2Pi7h9rXz4RAoP2g7eSxhE
city-walk,high,ChIJfdpFo1FpXz4R4AsBNpmPgYg
city-walk,high,ChIJQaw2fwtCXz4Rnvy3bF4gae4
city-walk,high,ChIJB_1pvVdpXz4Rv1nTixHTcJY
city-walk,high,ChIJdWPzvGhDXz4Rb-ODwtXveo4
city-walk,high,ChIJj4ruxS5DXz4Rnwa0xss7RRc
city-walk,high,ChIJk7BNq4JpXz4R32UzidiqOF8
city-walk,high,ChIJ00cEbsBpXz4RP7zwiBHcMCY
city-walk,high,ChIJK1VAzatDXz4Rq-4cA4BIN14
city-walk,high,ChIJlcpfSXxCXz4RSCAq5R26n3c
city-walk,high,ChIJ74TuJThpXz4R0grQUFgC4YU
city-walk,high,ChIJU9tRFZBpXz4RCtjRVR5Mbrs
city-walk,high,ChIJ7ddNpqppXz4RUcsINlXKdig
city-walk,high,ChIJx0WdTdtpXz4R-rWz9lgwd8I
city-walk,high,ChIJC-YJFChoXz4Ru7vsBmyQHMg
city-walk,high,ChIJA0TF43hpXz4R1xS9rpItnnM
city-walk,high,ChIJe6f_Kp1pXz4R4Hlh1KIojoc
city-walk,high,ChIJcdNVXdhpXz4RholO2M5netU
city-walk,high,ChIJ25If95RpXz4Rf__xdh5OTXg
city-walk,high,ChIJI4elhJxpXz4RxxBRnNA489w
city-walk,high,ChIJh1suPOdpXz4RSxCY97bhkNM
city-walk,high,ChIJPSv6UmVpXz4RD8D6scSDhmI
city-walk,high,ChIJM5UAbTlpXz4RTzNOf_SieYE
city-walk,high,ChIJqeQKEosVuywRK5aPS93zj48
city-walk,high,ChIJl_V8WalpXz4RXKaTB_V_y2U
city-walk,high,ChIJy64j2UxpXz4RbA3zoorvT8M
city-walk,high,ChIJJ2j7HCVpXz4RCuSqWS9uCWA
city-walk,high,ChIJjdvGXWj8rUwRPZW9_g5XC3E
city-walk,high,ChIJgUaLe9tDXz4Rn5r_LHtoGZQ
city-walk,high,ChIJSVZc4NFpXz4RcxNHrgH5Cew
city-walk,high,ChIJQ1Qz_sFpXz4R10KhyIosOfE
city-walk,high,ChIJn8ZZQ_lpXz4RY4Eyx61aJfk
city-walk,high,ChIJTTjZohJnXz4RLZO4TXpG-qk
city-walk,high,ChIJT0AQ1n5nXz4RjOKXwpkzhEY
city-walk,high,ChIJ3XPBxZlhXz4RRQ7K1QNxXfA
city-walk,high,ChIJc-XHkRJJC4ARQioJL4ZTssI
city-walk,high,ChIJk2vrMWppXz4RGutjLinVmmI
city-walk,high,ChIJPw22BMZnXz4R9f0kWfaMBcg
city-walk,high,ChIJoajPqSdnXz4RDl2n5wydMTQ
city-walk,high,ChIJ6ZQxC7RnXz4RqnCroiwMuMY
city-walk,high,ChIJhV-jWiVnXz4RRvhjLDI4eeY
city-walk,high,ChIJt0PRI9VnXz4R6cLfcZ2CQqA
city-walk,high,ChIJ96MBJCJnXz4R3fmAVRU8dkc
city-walk,high,ChIJNVRR1jxnXz4RgUheGZafAng
city-walk,high,ChIJbZ9sKCJnXz4R5etfw8-hPrk
city-walk,high,ChIJaU06UbJnXz4RjymQpMEOrlI
city-walk,high,ChIJN9GXfiFnXz4RB1h1C-0HwyU
city-walk,high,ChIJCQ-j-rVnXz4RAc55X4uk7MQ
city-walk,high,ChIJZcp6qrNnXz4RgjHeyT2fs80
city-walk,high,ChIJj8F2ecRnXz4RwM7JfxJy_rY
city-walk,high,ChIJD7RMJyJnXz4R-2RiGsWUzhU
city-walk,high,ChIJieL6pPBnXz4RlHCXGysyqXM
city-walk,high,ChIJa6VH7T1nXz4RYkIkzdemfr8
city-walk,high,ChIJVZxgDwBnXz4R4UwUSaQtENs
city-walk,high,ChIJxbo1zKhtXz4RlJIfAV8ap3A
city-walk,high,ChIJS7h9niphXz4Rj-MRTZZ5FhM
city-walk,high,ChIJ3RuWcyxnXz4RCLO-jnWZGz0
city-walk,high,ChIJIWnOw6xnXz4RUEkZG9Bb87M
city-walk,high,ChIJPbDoe05hXz4RP77AYns8EZM
city-walk,high,ChIJU90E1hVhXz4RKbhXBXGvb2w
city-walk,high,ChIJzyOoiNVnXz4R3-OlizbH3yE
city-walk,high,ChIJXxhsHtVgXz4RPqhOOKX78gI
city-walk,high,ChIJX8JEWtRgXz4R8lwfLlrHRww
city-walk,high,ChIJAYtbRnBhXz4R_1Hf8c6DSYQ
city-walk,high,ChIJJygT_P1gXz4RggrF7atrAkg
city-walk,high,ChIJ0UDwxztcXz4R_WI_BKhMQMo
city-walk,high,ChIJ7zNRkgFhXz4R-0gn-lWqmpg
city-walk,high,ChIJ8T1hzpZcXz4RN0Yw4opznAo
city-walk,high,ChIJaQ9wZeNhXz4RR0dWJH5iQnE
city-walk,high,ChIJHWsZFt5hXz4RpOwEA-S8SI0
city-walk,high,ChIJRRqnottgXz4RrzDx1wDnLig
city-walk,high,ChIJmRWH5F9hXz4RhGk4MRZLPUc
city-walk,high,ChIJJUS1xjphXz4R7SfAMZyI8r4
city-walk,high,ChIJm2u4GLVDXz4RbYGrEsK1mgY
city-walk,high,ChIJmwKh-SlDXz4RlBAPowFqGmY
city-walk,high,ChIJGfFPsRZCXz4RPj3idpca4x8
city-walk,high,ChIJl1U2ctlDXz4RQ0r2Nfavuxg
city-walk,high,ChIJPSys-v1DXz4RBCy9x6Z6W7M
city-walk,high,ChIJwZpk-11DXz4RpXWNPfc_7j0
city-walk,high,ChIJYYU_KS1DXz4RdcjCg_AwXeE
city-walk,high,ChIJw5hG6zZqXz4RMwxx2F-B6QE
city-walk,high,ChIJPd_il09CXz4RNCGy4Mah_Mo
city-walk,high,ChIJU6AlfpVbXz4RGFbwztuNhVQ
city-walk,high,ChIJsx8-I0FCXz4RkF31mTk1790
city-walk,high,ChIJA4o41LVDXz4RcA2P_3VqBsU
city-walk,high,ChIJnSNwimRCXz4RFzl5J6yPzDU
city-walk,high,ChIJL463FRFDXz4ReHgw1Q3vvYA
city-walk,high,ChIJS15ZNqBDXz4RWD6tXpCSYCk
city-walk,high,ChIJKYrtrEVDXz4RcIuya45HC2s
city-walk,high,ChIJoch8ETpDXz4RQJhQJcNI_eA
city-walk,high,ChIJ__-vrIlCXz4RU6n0DOZPvK0
city-walk,high,ChIJqdPpEmZDXz4RUv5OMpmsX8M
city-walk,high,ChIJSczn7OhDXz4Rx15psO4LBMc
city-walk,high,ChIJI_Ppl_JCXz4RyW7l5QTBQjs
city-walk,high,ChIJM8YbS4hDXz4RunUs-JfLIUY
city-walk,high,ChIJnXnqttZDXz4RvEdHTZdkRT0
city-walk,high,ChIJiTDAc45CXz4R1sFRBmmcgdg
city-walk,high,ChIJ9bLfzDJDXz4RbUxa6BfnulM
city-walk,high,ChIJaTs5JpZDXz4RWVY_icT2GvA
city-walk,high,ChIJq2MX2l9DXz4RX6In4hKNMvo
city-walk,high,ChIJ65jZ-V5DXz4R5SvthuZhiTE
city-walk,high,ChIJA5NM7-1CXz4Rx5rqB7fcZuE
city-walk,high,ChIJ6yfuNu9CXz4RSZxfr53hK6A
city-walk,high,ChIJ8ayA7fxDXz4Rav_b-4pF62U
city-walk,high,ChIJg_bFekddXz4REnOm468lyLk
city-walk,high,ChIJYdknQNxdXz4R-qdL_1jzhgE
city-walk,high,ChIJHYCY2gBdXz4Rhmm3ZEuuzys
city-walk,high,ChIJwcT0JgBdXz4R-DwAh-82h-o
city-walk,high,ChIJX3KcVdddXz4R2cZ32MtzAkY
city-walk,high,ChIJfbr9uSBdXz4RpYKsKMbx1-Q
city-walk,high,ChIJgdmN5AldXz4RrUS80Bn7Itc
city-walk,high,ChIJl0RB9xD_tgsRegMj41YzE5Q
city-walk,high,ChIJ_9dvpTNdXz4RKngx7hesHp4
city-walk,high,ChIJK0bEWOldXz4Rk-HOBfGDFm8
city-walk,high,ChIJNcZgOsxdXz4RGKFABH5lZaQ
city-walk,high,ChIJ3djCs8VdXz4RIESwvoo65t4
city-walk,high,ChIJAQIraVFnXz4R8UyNKUHARJg
city-walk,high,ChIJ_____35nXz4Rqm1F4eeHBBw
city-walk,high,ChIJRyja_X5nXz4RF_HBCeYZ9Ko
city-walk,high,ChIJa-tOPy9nXz4RO-a7rmFRpek
city-walk,high,ChIJnWUXitBnXz4RpsQGJYttC-g
city-walk,high,ChIJ9zni5CxnXz4RYkBFMmjm6MM
city-walk,high,ChIJe6Kzb3xdXz4RKzjTc4Q0VsA
city-walk,high,ChIJ7XTRCvxdXz4RvoYk1lrTwHw
city-walk,high,ChIJ54PE32NnXz4RggzfKf_eLyw
city-walk,high,ChIJ-6lvMLlnXz4RAWRCDUhTRy0
city-walk,high,ChIJUWD2BlxnXz4RADoI3-el_64
city-walk,high,ChIJaTqGt_NdXz4RJPCbJqOZF2E
city-walk,high,ChIJ50DICttnXz4Ra3KfHgO3HZU
city-walk,high,ChIJiV8912VnXz4R9S0cBE9nfrQ
city-walk,high,ChIJRx7AE-lnXz4RwqOU8-tGkUU
city-walk,high,ChIJFdgpCWRnXz4Rns1aRLL0NbA
city-walk,high,ChIJ990ttmNdXz4RNIfeNp9L4ok
city-walk,high,ChIJx_FHjb5dXz4RiYZKjAiLGnY
city-walk,high,ChIJd10kwPddXz4RqMNSzN-RMwE
city-walk,high,ChIJYZDSemlnXz4Ro8iX-HS7dRU
city-walk,high,ChIJ6czHN_pnXz4RcZVIDp-k3JA
city-walk,high,ChIJy67R6jtdXz4RTz5cT1JOL3A
city-walk,high,ChIJgy_72bZhXz4R2Ai3UayDt7c
city-walk,high,ChIJtcmijnhhXz4R6Mvnk0xrhr4
city-walk,high,ChIJ3WcHYKJgXz4R-qKbDTrZVog
city-walk,high,ChIJScplBrRgXz4RLPW3nEWNtuQ
city-walk,high,ChIJiylkaSdhXz4RE0nwVI4OR2Q
city-walk,high,ChIJA74ot6RgXz4RClsSDg2I2OE
city-walk,high,ChIJi3Oh9EhhXz4RrFHQy8FnM9w
city-walk,high,ChIJe-0wLMthXz4R0j9s_Y0a9FU
city-walk,high,ChIJRQHEp-tgXz4RjPFNhFYZlVc
city-walk,high,ChIJQQ2WSlxhXz4R9tsVXUmEjcM
city-walk,high,ChIJfWjzrZVhXz4R2gOQ46Ams9o
city-walk,high,ChIJMRLGEU1hXz4RPj3LAt32oCo
city-walk,high,ChIJoxAi2QxhXz4RW8iaxk-7jo0
city-walk,high,ChIJOxA3apJgXz4RS1_ETpmpCzQ
city-walk,high,ChIJ15PLWpJgXz4R5U6x1jNpKmA
city-walk,high,ChIJkZWwGlphXz4RSyv2Ojl-cWs
city-walk,high,ChIJBTAVWr1gXz4R2Rm3lu_LsZY
city-walk,high,ChIJK2Od559hXz4RbGXCEq7mPzw
city-walk,high,ChIJFwlHIVVDXz4RDOazhfWIlFI
city-walk,high,ChIJZweKLtZDXz4RbpT20aXl9WA
city-walk,high,ChIJ4c8po3FDXz4RuCh8-gOjma4
city-walk,high,ChIJJcv-FDlDXz4ReaQQGfjufRU
city-walk,high,ChIJVXuVdgRDXz4R1_fh8fSzBB8
city-walk,high,ChIJ173lcARDXz4RsOtGVejMk_Q
city-walk,high,ChIJL6mc-5BDXz4R9pu0yyhHx5w
city-walk,high,ChIJn9YOcoVDXz4RW8qGFkArogE
city-walk,high,ChIJ8xifsMZDXz4RCtka8ZHGSHM
city-walk,high,ChIJ_R3F1YVDXz4RUZ9OtziZ20E
city-walk,high,ChIJMaWgeOVDXz4Rb0ejuFUxp3o
city-walk,high,ChIJs5DYDwFDXz4RWjm47yZqAkI
city-walk,high,ChIJdWqSLe5DXz4RFI6VkXTwzRU
city-walk,high,ChIJb63oRkJDXz4RTjHA6eW7Xq8
city-walk,high,ChIJS_Bm19dCXz4RoldSfGCt6rE
city-walk,high,ChIJ445b-mJDXz4RhC-FtqY1pdI
city-walk,high,ChIJ0_62TctCXz4RcoHXK9X6ZCo
city-walk,high,ChIJzYyp-npDXz4RMvc8cbmKdfA
city-walk,high,ChIJ5X5ZzqhDXz4RkPi33Lq0vVU
city-walk,high,ChIJSboImmdDXz4RvsmtSWva3UM
city-walk,high,ChIJUTC8XH1DXz4Rmk3LUBlh1GE
city-walk,high,ChIJj8Yznu5dXz4Rjf59z-Uk9tY
city-walk,high,ChIJlbi2Ry9DXz4R2vX342Rv1lk
city-walk,high,ChIJmTxeuidDXz4R7tfgd4ZbbWk
city-walk,high,ChIJpxgrVi5DXz4Rm2MXZvrmZhk
city-walk,high,ChIJoUlx-ydDXz4RH-9QPpRFqrE
city-walk,high,ChIJveiAjwVDXz4Rob9Ord9EE3o
city-walk,high,ChIJobqykDRdXz4RFn4I97LEYKU
city-walk,high,ChIJUax1zSldXz4REsvSzLAKQq0
city-walk,high,ChIJ9fGtyhtdXz4R7QA59nTMK3s
city-walk,high,ChIJc0IZaw5dXz4RRGESwJ79GQo
city-walk,high,ChIJJSFzLBZdXz4RhhEaAriQEZ4
city-walk,high,ChIJJ-Z1J7FdXz4RaXvI0VPa0N8
city-walk,high,ChIJl7fLPNpnXz4R_zkMbuFuC3Y
city-walk,high,ChIJ18BykgldXz4RVtoNdClWLXQ
city-walk,high,ChIJJYbFgyBdXz4RCDzOz2PHTO4
city-walk,high,ChIJEbdYNWRdXz4R9r6q0ml0BV8
city-walk,high,ChIJf7NQ1xldXz4RXGh4KNFmrIo
city-walk,high,ChIJgQkiixBdXz4RnN3lfLQA_g4
city-walk,high,ChIJq6qqqjddXz4Rhrp-LIcaijk
city-walk,high,ChIJAfinfbVdXz4Rv2Xdo8HyP-M
city-walk,high,ChIJb4P-ikxqXz4RU5uH6EZ1neM
city-walk,high,ChIJa6RFMfZdXz4Rm9vEZ_bENLw
city-walk,high,ChIJUWJnWDBdXz4RIsmVjOuqFQM
city-walk,high,ChIJO0HYnY5dXz4RzE6uk-ihc_E
city-walk,high,ChIJnww0x_NdXz4R27oSQJ6hRig
city-walk,high,ChIJyfPItvNdXz4RqEoYtb40LwM
city-walk,high,ChIJv3Tju_NdXz4R8AwrSB2Op5o
city-walk,high,ChIJC2S2-MddXz4RPO6OJQFIeNE
city-walk,high,ChIJ8VFklKZdXz4RpWBVJ8NC4bc
city-walk,high,ChIJRZwdLpZdXz4RHHEUXyKEIfs
city-walk,high,ChIJCb4Nk6ZdXz4RSM9yg0NxgjE
city-walk,high,ChIJHRRLx59dXz4RIEeraUE_0C4
city-walk,high,ChIJ1RFJ6QddXz4RhG3ONUD8zNQ
city-walk,high,ChIJBTzrgYZDXz4R4k3BNQwPjhs
city-walk,high,ChIJaQ06FQ1nXz4R1PXstZ5Ez1I
city-walk,high,ChIJXZYxUuhDXz4Ryj9adQUkUic
city-walk,high,ChIJqxrlxd5dXz4Rczmmr0avRmw
city-walk,high,ChIJg3KJ-dtdXz4RWh5XMgAtnno
city-walk,high,ChIJp5bnwWFdXz4RjsoXr7dbUyQ
city-walk,high,ChIJiUHQkvddXz4RdY5qWkxKfL4
city-walk,high,ChIJ4dmgO-9hXz4Rs5WytTfD5r4
city-walk,high,ChIJSW1zuyBhXz4RqFo3pM3UzRw
city-walk,high,ChIJ13X3hjxhXz4RmyOc4SN8FVc
city-walk,high,ChIJT4n6R0phXz4RPwat6Axi93g
city-walk,high,ChIJJym1WZlgXz4RDU-v4mRhckE
city-walk,high,ChIJE1CVe7ZhXz4RPi3-mmioJNc
city-walk,high,ChIJyxgqYEBhXz4RAZNvYw_LX3E
city-walk,high,ChIJjQm_aR5eXz4RBuSMIYXLnQE
city-walk,high,ChIJcSTLPuBhXz4RdV6E3PdOMGA
city-walk,high,ChIJNaFSzPJhXz4ReVV0OP6vyd0
city-walk,high,ChIJ8Yc6IgBhXz4Rdx4fS5Ow0SQ
city-walk,high,ChIJa0rqaZJgXz4Re1XxxSHj5Ms
city-walk,high,ChIJkWpwh_BhXz4R4dJNEDAXwmU
city-walk,high,ChIJXf3q1wRqXz4RSrgwabJZY7Y
city-walk,high,ChIJUX2qSwBhXz4RptuSK0u82tI
city-walk,high,ChIJYch0DJpgXz4RNOdsjPZt4I8
city-walk,high,ChIJlwYu_B1hXz4RZTOwsrvsdO0
city-walk,high,ChIJ1bxyuxVDXz4RgP1WYjxMCws
city-walk,high,ChIJT3dW8K9DXz4RlnEhlk-Sf8Q
city-walk,high,ChIJaaOLmrZDXz4RNhVFqgvsW7Y
city-walk,high,ChIJIfRUokZDXz4RkgA4pP9MCgg
city-walk,high,ChIJewKrHLlDXz4RrXuiRQtbc3o
city-walk,high,ChIJf3Xns3VDXz4RVYt9uJAdmPQ
city-walk,high,ChIJq5pVYwBDXz4R1skfI97mr3g
city-walk,high,ChIJ3THkWC9DXz4RPrvau-G5j-I
city-walk,high,ChIJEzrgOcRdXz4R561Fb5N9u4k
city-walk,high,ChIJpUt9g0FdXz4RyuGJqPnJ3pc
city-walk,high,ChIJDXnxMiFdXz4RQDkdOXMt4Vc
city-walk,high,ChIJDY4-VABdXz4R8osfXZ1-8T8
city-walk,high,ChIJh9g_XEddXz4RKQAs10kQ0p8
city-walk,high,ChIJcXq0KXFdXz4RaF00PwCjsUY
city-walk,high,ChIJv9tXBYddXz4R_wce6BkpdWY
city-walk,high,ChIJ-YIfJNJDXz4R4jONMChgek8
city-walk,high,ChIJwysPorBcXz4RVl92CibxB2c
city-walk,high,ChIJwa3qsYBdXz4RK86NSMW3ub0
city-walk,high,ChIJoZabF25dXz4R4nH6kE69fG8
city-walk,high,ChIJu5UUt_FdXz4RrKREpX9XUAA
city-walk,high,ChIJBb2DkUxdXz4Re1MH93ktLeg
city-walk,high,ChIJ-SAM485cXz4RfEM1CojmEks
city-walk,high,ChIJF_6s24ddXz4RArh7t0rhCgs
city-walk,high,ChIJqb6nqc9dXz4RpN9XVwjj_so
city-walk,high,ChIJ0-eEY7VdXz4R2MwIjjEkDTA
city-walk,high,ChIJ10YA6zRdXz4RYFVmTR_FCkc
city-walk,high,ChIJyaBr37ZdXz4RogkYWeRtKvA
city-walk,high,ChIJ8ctH3RNdXz4Rxs6StJZWoGo
city-walk,high,ChIJp4hUH41cXz4RcsIB_AEpdjk
city-walk,high,ChIJKV3--o5dXz4Robu3RXb1B8w
city-walk,high,ChIJhVVL3PJcXz4REhRyMbtoOoQ
city-walk,high,ChIJBxuV5E1DXz4R_xJU139vabY
city-walk,high,ChIJSzcULI1cXz4RoMEDYbrvBNs
city-walk,high,ChIJT5rpzwdrXz4RWNnWqoExxoU
city-walk,high,ChIJiencRA9dXz4Rj9VKMog1XHE
city-walk,high,ChIJ0xf8VY1cXz4R3q7MDV_wqZI
city-walk,high,ChIJhflyUqlDXz4RqZE4OJXyWT0
city-walk,high,ChIJ_d1QA5ZdXz4RaOJErnOSNEs
city-walk,high,ChIJJw0fUqpdXz4Rp5zGUOHHvO4
city-walk,high,ChIJjW3qyTdcXz4ReawLpDKzfZQ
city-walk,high,ChIJHczgbTdcXz4RtMBSE8265p4
city-walk,high,ChIJixkr1gpdXz4RsyFhhsO1plQ
city-walk,high,ChIJg8NAHpRdXz4R674YLWLRFA4
city-walk,high,ChIJ7QZKOa1dXz4R0SulC-Xxoig
city-walk,high,ChIJTwgtSTVcXz4RIjgKUHZYlKg
city-walk,high,ChIJZc5bnktcXz4RchtiK-npzcM
city-walk,high,ChIJm7X5E6XXoaERWIIXJ-zV3SM
city-walk,high,ChIJV27GvdJdXz4RIkSfEiyRxJs
city-walk,high,ChIJlUgUk0pcXz4R8WgkFFJ94do
city-walk,high,ChIJi6JYazFdXz4R82JZL0Bui88
city-walk,high,ChIJbZdnMgBdXz4RzWgw9k2uD4w
city-walk,high,ChIJkZ8VmBJdXz4RzBql3DA8hH8
city-walk,high,ChIJdxD0W9ZdXz4Rqdgdp6RlSsk
city-walk,high,ChIJvbkgdAJDXz4RPFwLsh8Kxts
city-walk,high,ChIJzzqTZoFdXz4RWl_Yaz50pcQ
city-walk,high,ChIJ-apF9S1DXz4RjdS0ei_RODE
city-walk,high,ChIJzxAUPwBDXz4RuTalg7m9NRA
city-walk,high,ChIJiY2HNGxdXz4RqshYC6bEOIM
city-walk,high,ChIJKYtv291DXz4Ref9-qswte-k
city-walk,high,ChIJryyWFiRDXz4RZUzwWFKFy7g
city-walk,high,ChIJ1cxbYgBDXz4REPoABB-de3g
city-walk,high,ChIJP9DoLgBdXz4R3jtsAD5LnRw
city-walk,high,ChIJ_5AEIk1DXz4R_6aJtapFdn8
city-walk,high,ChIJXURTRtpdXz4RXQE5MQDE5jA
city-walk,high,ChIJfaOzawBDXz4RkVof15S2wUU
city-walk,high,ChIJ2W1kEE1DXz4R0QYaUraGpnE
city-walk,high,ChIJudtsyI1cXz4RrSkRkc1RisQ
city-walk,high,ChIJezuPA75dXz4RipQxILZnm_w
city-walk,high,ChIJJTX4t7ldXz4RS1cyrHBIlYY
city-walk,high,ChIJ518gputdXz4RVX4YX8wqU2A
city-walk,high,ChIJ_XfJgIVcXz4RgFWpiWenWt8
city-walk,high,ChIJXegPKwBdXz4RBK8FobLCP-Q
city-walk,high,ChIJBeHd9AZdXz4RibHcQe1QwOI
city-walk,high,ChIJPTpScGVcXz4RGDcRWO_Dkp8
city-walk,high,ChIJdWNgwnVdXz4Rakx92n7ACh8
city-walk,high,ChIJDcrq3ABdXz4RMSRDg1NXe3w
city-walk,high,ChIJp1bBDyZcXz4R-_1hE0ra_Ow
city-walk,high,ChIJN_DWUZNdXz4R768kyy6GpEU
city-walk,high,ChIJB_FBOgBdXz4Rzv1HuzwXmRU
city-walk,high,ChIJv1x4_URdXz4RjKMFG3dGylc
city-walk,high,ChIJwa_PajZcXz4RLar0UQTyHbg
city-walk,high,ChIJ4YSlr31fXz4R3O5UIlKb4X4
city-walk,high,ChIJz9CTbIIBjkQRosDOC6oKDdU
city-walk,high,ChIJYVP9wiZcXz4Ryr1f5m2No8Q
city-walk,high,ChIJLY85Mz1cXz4Ry6IMj7ARBzk
city-walk,high,ChIJSRBRezxrXz4R8HJR0L4_WXY
city-walk,high,ChIJGRbY3F1lXz4RULbZs8s6cjk
city-walk,high,ChIJMWSJVgDzUoURYiOuBKNTleI
city-walk,high,ChIJze8iUQBlXz4R_c4OyWx_dWY
city-walk,high,ChIJi2h76DhrXz4R-b2FRnFktSE
city-walk,high,ChIJL_nVglBrXz4Re74KBLPLBFI
city-walk,high,ChIJf2h746VrXz4RxivFTcunQoQ
city-walk,high,ChIJETrUK4BlXz4R49zoFOqvvJA
city-walk,high,ChIJscJVW4FDXz4RQ88a-DznFsE
city-walk,high,ChIJjR8pyCxrXz4RZZIL-wNsLzA
city-walk,high,ChIJP22zRXNrXz4RXY4f1HG84PM
city-walk,high,ChIJa25nZJxrXz4RuGbDyTFG53E
city-walk,high,ChIJ-06zQGlCXz4RxoQycX_Se1c
city-walk,high,ChIJ141sFWlCXz4Rj2Dw2v03Oo4
city-walk,high,ChIJdW0cWHhfXz4RNQheC98DG8o
city-walk,high,ChIJYdUFhOPo-28R7NBnxGazjm8
city-walk,high,ChIJPfQtSJZDXz4R-NYmM5I4aus
city-walk,high,ChIJc4Y5kBJDXz4R_RpHhPXEQPg
city-walk,high,ChIJU-K50VtCXz4RmV9kzMv8u3g
city-walk,high,ChIJ13g1usVDXz4RdLinKpuurv0
city-walk,high,ChIJd5uwaS9dXz4Rxxx0z4wKAZM
city-walk,high,ChIJv69zWLldXz4RLEerAw8CNaU
city-walk,high,ChIJ9aZfR-BdXz4RxVneMRl4sug
city-walk,high,ChIJ5cQON2RdXz4RO1wvbNMjPp8
city-walk,high,ChIJC1ubeU1DXz4RxN7loVKa2F8
city-walk,high,ChIJBX3UocxdXz4RjW-Dk5jchUA
city-walk,high,ChIJoydfZftbXz4RU747ITIOjqE
city-walk,high,ChIJPx42z3pDXz4Rp-KNlMNkXeI
city-walk,high,ChIJ489gzppcXz4RuvosOpfaSa4
city-walk,high,ChIJAxtZ2eVdXz4RPVmwm7XhFqw
city-walk,high,ChIJB3AmdwBbXz4Rh1h_lobBe04
city-walk,high,ChIJ8T1hzpZcXz4RSkIEvxSbIks
city-walk,high,ChIJn1FBhotcXz4RfDSus5qqx04
city-walk,high,ChIJr3PpB41cXz4RxdJ-C_-GjwM
city-walk,high,ChIJHV0FIIZcXz4R1WT7lNfIMMU
city-walk,high,ChIJW2_1DZ9dXz4RYHtz1TTU-OI
city-walk,high,ChIJpX2T-lxpXz4RjDY730JqBmQ
city-walk,high,ChIJGSGo8EtpXz4RWtwP7ziX03Y
city-walk,high,ChIJkUyZtuxrXz4RWmh1jznT4GI
city-walk,high,ChIJk5O0ns1tXz4RpuLbhCUHm-4
city-walk,high,ChIJjZKyiOFvXz4RthD5WyFx86A
city-walk,high,ChIJ0bkI2LtDXz4RvvLcg34Dmwk
city-walk,high,ChIJWWmtp5RrXz4RKAOob3bZ8Xs
city-walk,high,ChIJzb3LsI5CXz4Rk1w6UF3Gn6k
city-walk,high,ChIJm4JrEiprXz4RRCbXT6RD-Cs
city-walk,high,ChIJw2SgmU5pXz4Rfz58NkfTqSU
city-walk,high,ChIJGVuPdplpXz4RL9_-8NUgIVA
city-walk,high,ChIJo3q5flMTXz4RlPYpV6U5_Bs
city-walk,high,ChIJGWfxwXZrXz4RaDExsAf_1VQ
city-walk,high,ChIJ3Z_dNr1rXz4RM-IIH0gIP5s
city-walk,high,ChIJv9rfIaBpXz4RlVqMpulSc-w
city-walk,high,ChIJxWcdeHFrXz4RSS5cDxk3Ipk
city-walk,high,ChIJCTJbKcBrXz4ROxdrt_AN3HU
city-walk,high,ChIJmRqgKs5tXz4ROaLUO5o3xrE
city-walk,high,ChIJgcnc3-RDXz4R7cWCOIC2Y9Q
city-walk,high,ChIJa3nmeU5rXz4RUnQeGiTE-20
city-walk,high,ChIJHa7EkXBrXz4R9zC6WIolZhw
city-walk,high,ChIJ3dMkZ51rXz4RbblnFNSf_GM
city-walk,high,ChIJmwaCxdlrXz4RPPmVoL5YHys
city-walk,high,ChIJT1Hj18NpXz4ROKPmlp3fPqI
city-walk,high,ChIJHwO0dwBpXz4RM5-hbuPJfew
city-walk,high,ChIJOaAvx2tDXz4RNo_FZjkZ1W0
city-walk,high,ChIJl2VXm15pXz4RRORHRQfgAZU
city-walk,high,ChIJiXcYek5rXz4R2iwZ70XCrYA
city-walk,high,ChIJcXCcMHhrXz4RIE7nzeaM8KM
city-walk,high,ChIJSxQmTzBpXz4RfvSmWsvy1wQ
city-walk,high,ChIJ43MrMgVpXz4RGP6bYu8gaXQ
city-walk,high,ChIJwSx5FthvXz4RmtHASAsN-fs
city-walk,high,ChIJnUpu9MZpXz4R4jTWAjnQEW0
city-walk,high,ChIJF1wJzmlrXz4RZrgGIfIS2EA
city-walk,high,ChIJ1VFR4cVrXz4RKt_2S2nZOXY
city-walk,high,ChIJ4032HgBDXz4RJrXjEABBKuI
city-walk,high,ChIJ2Tvo4C5oXz4Rd-Ojr80KO2g
city-walk,high,ChIJESSte7JrXz4RwuVSlRhyVu0
city-walk,high,ChIJIfW1ZF1pXz4Rzv60ZNi17yw
city-walk,high,ChIJD_VnCxtpXz4Rmdp00bGDF48
city-walk,high,ChIJ_bSHEy5tXz4Rx6pzU9p40IU
city-walk,high,ChIJnXETLo9pXz4RJ14BPaC1JNk
city-walk,high,ChIJNUuRdEBDXz4ReiYCZtYLdm4
city-walk,high,ChIJyXFULOlpXz4Rr24af9L_HYY
city-walk,high,ChIJp49fVuhrXz4RetghndQh8Lk
city-walk,high,ChIJyTrWHnprXz4Rto8FGnV5ZPY
city-walk,high,ChIJka-2aL1rXz4Ru4lK6zytvrQ
city-walk,high,ChIJs909jE5pXz4RtKSpN4vHHUI
city-walk,high,ChIJix4s2Y5rXz4RSoYML3j8MT4
city-walk,high,ChIJe96AarFdXz4R1fa8vqt9Qr4
city-walk,high,ChIJhasAvIZvXz4R81gKxwIcsIw
city-walk,high,ChIJmXOXV9drXz4RzJ06x8lorjg
city-walk,high,ChIJndz_sdJrXz4RnLd0xbg03go
city-walk,high,ChIJlx4xcC9DXz4Rq6WIc5xTVfg
city-walk,high,ChIJNXUCdLJdXz4RnjnW6dySgCg
city-walk,high,ChIJ_WDFXipDXz4R37Sn4n_OojM
city-walk,high,ChIJZ0wpICZDXz4RIivO07Wjb8A
city-walk,high,ChIJvzExJjlDXz4R3ZUZLq8axUM
city-walk,high,ChIJa9Vi-yhDXz4RQOagiFI85pQ
city-walk,high,ChIJLUQnWxVDXz4RXziYnrpfK2c
city-walk,high,ChIJR6AmByZDXz4RcDJ-Hm49CG4
city-walk,high,ChIJ0T2RPuhdXz4RF6SRJ00GtIc
city-walk,high,ChIJ8UKn1ylDXz4RaucGDyd1da8
city-walk,high,ChIJVYO3BghDXz4Rbvm2TBB9710
city-walk,high,ChIJJyD2H0FDXz4RHG3r1mfchlE
city-walk,high,ChIJ87t0EBtDXz4RVF3OSeINq_Q
city-walk,high,ChIJE_tab0VhXz4ReV_bHaTmvz8
city-walk,high,ChIJs6axapVdXz4RKTjeKhUIsNA
city-walk,high,ChIJCz-6WSZrXz4R5cgJFTDmh9k
city-walk,high,ChIJy6W-QxdDXz4RDBxKakIIo-8
city-walk,high,ChIJc5PkVpRpXz4Rq_2Cbs_CmJI
city-walk,high,ChIJ6R7MbkVDXz4RvIQRwaQlCig
city-walk,high,ChIJWULC7ptdXz4RXhDPrgMPxNk
city-walk,high,ChIJ50TTpI1nXz4RaqSoKFjAEW8
city-walk,high,ChIJg4btG9pCXz4R1r5dPsWE98c
city-walk,high,ChIJ9b4SdwJDXz4RSdNpXQUmjLM
city-walk,high,ChIJ2wqQDEdDXz4R82zluMG_8ME
city-walk,high,ChIJ4YZCSldDXz4RwEdIzlkoWBY
city-walk,high,ChIJX6Tp4M1CXz4Rkq8OIcnyYTg
city-walk,high,ChIJV18Q4LpKpw0R1kpF_oKbxQg
city-walk,high,ChIJM8kc7XVdXz4RT4QYeg9qVk8
city-walk,high,ChIJQZPIa6pDXz4RPKdDOQkMAvQ
city-walk,high,ChIJXYh_eRZDXz4RIXUSjFsJ-38
city-walk,high,ChIJg8cLzLddXz4RWHcYWUmLgEo
city-walk,high,ChIJz5XN8SdDXz4RJ7h1_E6AUxA
city-walk,high,ChIJvz_4C9xDXz4ROkmxONcNesg
city-walk,high,ChIJ1-SAD6JdXz4RlsbZOakKkJU
city-walk,high,ChIJ599h4FxDXz4Ruk8OOd2YqH0
city-walk,high,ChIJi848muRDXz4RNKTYdhed97s
city-walk,high,ChIJH4K4CrddXz4RNEVDWiqgGxs
city-walk,high,ChIJrTFv04pdXz4Rc5ViGesV_2s
city-walk,high,ChIJLXFZ_LxdXz4RNeq5EdmmN_0
city-walk,high,ChIJoddFISZDXz4RxjSNygBWt5U
city-walk,high,ChIJs7Q1msJdXz4RpS94mnvcMNI
city-walk,high,ChIJSWGZBFFDXz4RSkxPwdhI9NY
city-walk,high,ChIJu-vSyFZlXz4RdtTYEsLN1DU
city-walk,high,ChIJgUEYTPlrXz4RyElaEd8a3gc
city-walk,high,ChIJg1-LDFhtXz4R-tPU9bdlyT8
city-walk,high,ChIJVVWVQHdrXz4RPyGhBUN7i8g
city-walk,high,ChIJc-HKfQBtXz4R0-f1OQ-CH-U
city-walk,high,ChIJRw2SMABtXz4RCzlw8YvdDLE
city-walk,high,ChIJ603DYu9vXz4RhEUkV03iHNI
city-walk,high,ChIJcwjt1udtXz4Rs0ripEKHkKw
city-walk,high,ChIJWz3DmjltXz4R2EWn06BCDRM
city-walk,high,ChIJ9c8YPZddXz4RApj9Pns_1vg
city-walk,high,ChIJ37eYXT1dXz4Ryz1W_rK6-TY
city-walk,high,ChIJiV6M0nddXz4RsKdwvfl39jo
city-walk,high,ChIJ3R84tj9DXz4RPJHY77M7qzc
city-walk,high,ChIJYRUp2yVDXz4RxHmTuKu331o
city-walk,high,ChIJLxiFomptr4kRaWFjTp0jPPs
city-walk,high,ChIJffs70exhXz4RZT7sYRh88us
city-walk,high,ChIJ89MxA45rXz4RQsLKOxKv22E
city-walk,high,ChIJVxagOW5dXz4RuDYJwCVTyyw
city-walk,high,ChIJR0XIt9RCXz4Rk6VA1cczWXI
city-walk,high,ChIJ_6YEFBZDXz4RpzyGPMWOMUQ
city-walk,high,ChIJG4FDtShDXz4RkKsg3TARiAY
city-walk,high,ChIJV3iM8rdDXz4RO_pncMJf4ss
city-walk,high,ChIJj8yAU8tCXz4ROU_DEpwV0cA
city-walk,high,ChIJzXrMixZDXz4RR0QbkRkLi4Y
city-walk,high,ChIJFXPta_lDXz4RsNHsBGiM9os
city-walk,high,ChIJK7mTfYFDXz4RJpImTkOu3Qw
city-walk,high,ChIJpxzVPxBDXz4RnGTvndFZ62c
city-walk,high,ChIJpaWtyddCXz4RduS_UQE9Zvo
city-walk,high,ChIJ2TuInGdDXz4RJK1DpAaVPi0
city-walk,high,ChIJh_QAmLFdXz4RT3w6IILifkQ
city-walk,high,ChIJE1sanaJDXz4Rch9MnF_pIgI
city-walk,high,ChIJZ5Ytac9DXz4ROrZpfXWJZ9s
city-walk,high,ChIJAVByhiZDXz4Ry9g6sHUeqTc
city-walk,high,ChIJN0xJr9hCXz4RD9DxN1F8_tA
city-walk,high,ChIJB01DrkthXz4Ra6_U9r6optU
city-walk,high,ChIJcSNl1ApDXz4Rycqc9GrgEug
city-walk,high,ChIJv815OLRDXz4RHEw3GnV604Q
city-walk,high,ChIJ6-O78dhcXz4RY5P19DCNDrs
city-walk,high,ChIJQWSBZGthXz4Ro4fbXJE_78o
city-walk,high,ChIJXYnEnxZDXz4RL-0ai9I9jM4
city-walk,high,ChIJt7g76v5DXz4RhXbaNnObgw4
city-walk,high,ChIJ02ad-ltDXz4Rr_OFpmACFyk
city-walk,high,ChIJXxEMQzxDXz4R809rN0-wc8M
city-walk,high,ChIJz-D_LUxDXz4Rw5eIXQEmfnQ
city-walk,high,ChIJF5uvt6xdXz4RcH7QgngHefs
city-walk,high,ChIJ__uojk9hXz4RZ8Rn2DxoMWg
city-walk,high,ChIJoYIqGRpDXz4RpbxTKU4Y-sc
city-walk,high,ChIJ__-_p2ZcXz4R5q6lBuGYmkU
city-walk,high,ChIJQcOkZ25dXz4R30pInhh9IXA
city-walk,high,ChIJ8w4DF25cXz4RhMxLQiSi8mo
city-walk,high,ChIJlxyKaz9dXz4RDX9slAB1vpg
city-walk,high,ChIJX11j3lBdXz4RqwjkdmswaN4
delma,low,ChIJZXlAm1JoXj4R6LavbbVS52Y
delma,low,ChIJqfxHJwBpXj4R2mW273YWwbw
delma,low,ChIJF8NlR7NpXj4R3R1apjTHXqw
delma,low,ChIJ8Wb6FwBpXj4RPNJTS1cWs0Q
delma,low,ChIJE__TXa5pXj4RJQijrVSdBso
delma,low,ChIJsaqal7RpXj4RXyel5unpRvk
delma,low,ChIJJY0w0PdpXj4RnI5Xq36sUF0
delma,low,ChIJzb2iNlJDXj4RCp00sbC5K2E
delma,low,ChIJxem_UQBpXj4Rj-UHmV5l3Bc
delma,low,ChIJNcEbcyNpXj4RN7bElDhvr2U
delma,low,ChIJ-YhJtkppXj4Rabaoqq1SQSw
delma,low,ChIJhVWfudppXj4RW1NJDUldjnk
delma,low,ChIJjwQqBABpXj4REuTQ2Av-a9Q
delma,low,ChIJcUCfJsdpXj4Rr4YKloDlJPw
delma,low,ChIJ0TaixelpXj4RNujWv0mWuVk
delma,low,ChIJfTM1sL1pXj4RMz_zxOsTuyM
delma,low,ChIJ_XHbJhZmXj4RZEoLST18fRY
delma,low,ChIJyVN5GCdHXj4ReNVO3YUVu1I
delma,low,ChIJJ6Rmi0NpXj4RirmSVXHGwrE
delma,low,ChIJ_X5_sYloXj4R7yEMS_c4eKE
delma,low,ChIJ6ceRi2pnXj4RO9pOhI7icjE
delma,low,ChIJ43Hi13lpXj4RzzYf8mWbs3A
delma,low,ChIJT7KcLitpXj4Rh5bcE_YzEJE
delma,low,ChIJ3X_JNv1pXj4RqPI030unqzE
delma,low,ChIJDccChn1pXj4RChtxa2C6YOk
delma,low,ChIJRccC8h1pXj4R6bmL4SEfoA0
delma,low,ChIJIQC5B3dpXj4RuLjtnsl-iQg
delma,low,ChIJA8LhDvNpXj4R8vv9oOyrJDw
delma,low,ChIJtaypk6VHXj4Rno3wZUgkHEU
delma,low,ChIJ5Q2p8hxpXj4RW1aP3BZOk1o
delma,low,ChIJ6WvjJUxpXj4RBrEpujZgm_0
delma,low,ChIJASsJwpdpXj4RK-rxI9CDims
delma,low,ChIJLbmsUNVpXj4Rimbd3z_7Zkc
delma,low,ChIJXXEoRatpXj4RAwuSFz46vVo
delma,low,ChIJ8bfdgZ5pXj4Rufma7EEL_sc
delma,low,ChIJBREr7oNDXj4RfhQ5lRfJBPU
delma,low,ChIJwzatXQBpXj4RvqKh4Y4GzcQ
delma,low,ChIJ4RPvP8hpXj4RZyJsF1mf7zA
delma,low,ChIJY59gK9VpXj4ROCwYdCtZdb0
delma,low,ChIJI8v8dWppXj4RWPqjOl9OoXE
delma,low,ChIJ3SEIKAtDXj4R-KbBxJRio3I
delma,low,ChIJ1RNCXzRDXj4RkbuAKXOwcGA
delma,low,ChIJRfTVvZVDXj4RZZRKmMGM9cs
delma,low,ChIJD78jm21DXj4RFJaaFlEWA9U
delma,low,ChIJJThiRQBDXj4ReHyHBI8ug-c
delma,low,ChIJn6Y25n5CXj4RNiqHwAV0tvE
delma,low,ChIJ_em4aABDXj4RJvIkDFBUzlU
delma,low,ChIJsZcdI0VCXj4RcqqbomF0j6w
delma,low,ChIJy0gbkiRDXj4RsKUFEhYvICw
delma,low,ChIJ7Q7KjQNmXj4ROEhXBTwMTWk
delma,low,ChIJsa0vizFnXj4RdKePMZEwcsY
delma,low,ChIJiZPMTaJnXj4RHOK4tARmadY
delma,low,ChIJkfB4BgVmXj4RCj9l9s0IATk
delma,low,ChIJfS8fdSdnXj4Re-Hd6z48PNs
delma,low,ChIJz6dobOJlXj4RX9XDqXofqHE
delma,low,ChIJQTsb0AhmXj4RdCam14AheBk
delma,low,ChIJg6FONuBnXj4RkIDJUY_jwfU
delma,low,ChIJaYW4UClnXj4R2OH_mVOFax8
delma,low,ChIJnziwXgtmXj4RAe6_Mb7E0TA
delma,low,ChIJZ-M2UgBnXj4RscZnYuRSk1Y
delma,low,ChIJkzlGXCZmXj4Rv0Ng_vrsMsI
delma,low,ChIJl5huYkBpXj4RX9faSAjd-iA
delma,low,ChIJB5DRKyZmXj4RDRhF9YlGekM
delma,low,ChIJ-bj4weBlXj4RYa1MziOiO6c
delma,low,ChIJyRCxvUBnXj4R5PTdoN5UFTQ
delma,low,ChIJxw_jYCBmXj4R4W15MAFN0z8
delma,low,ChIJx1BuZIdpXj4RYy4-cDCDdS0
delma,low,ChIJMTJk1YBpXj4Rr8PtSnvwj5M
delma,low,ChIJ3dyLL_hpXj4RY54HfB5SeGk
delma,low,ChIJxRNBcplpXj4RX-TbGt12084
delma,low,ChIJo1n-M0JnXj4R7PLlSnGxI_Y
delma,low,ChIJb6QgHwBnXj4Ry47XhnrMDQY
delma,low,ChIJ44q9goBDXj4Rw1_ZJL2LHcE
delma,low,ChIJnbuwwDZGXj4R2MuK02ZL3RQ
delma,low,ChIJ_1-JP91nXj4RrBOgLJu35F4
delma,low,ChIJPyQ_-xVpXj4RkJ-p2SBjK8w
delma,low,ChIJuYirVjFnXj4RhJ2QvewLb9Y
delma,low,ChIJ8_vGInVnXj4Rj-RC-PH75Q8
delma,low,ChIJFyiZ0CNpXj4RyziQ0BZlrFQ
delma,low,ChIJX28z48ZnXj4RrrTv2jMdt1s
delma,low,ChIJZ3VuZhBnXj4RyjUlmklyTsI
delma,low,ChIJs0OGRxhmXj4RyqF8O7pRgMs
delma,low,ChIJWXHpIZdnXj4RMfPQcuP8kS4
delma,low,ChIJl_nk5cNnXj4RwjYoWDZgh6g
delma,low,ChIJVZe88pNpXj4RT9AwJCaXtvA
delma,low,ChIJ8z35MOhnXj4RBz5wq89B23E
delma,low,ChIJFRtjJr5nXj4RH8E6eCIm0NM
delma,low,ChIJycSvtZxCXj4R-RJF502OC-k
delma,low,ChIJQS7TRp1CXj4R7kO__gEfjH4
delma,low,ChIJW1ZZSkNmXj4ROlTwRMqMJUc
delma,low,ChIJV_fiWINnXj4RSVmfyhdlhnI
delma,low,ChIJHYAIMgBnXj4RLEfhkv4gRHg
delma,low,ChIJn-VSqNlnXj4R47V-_I-fBjI
delma,low,ChIJ1_XlqW5mXj4R2AysySiBqcQ
delma,low,ChIJB2qvUzlnXj4Ru2ErXtcNvvk
delma,low,ChIJZRR1sEBmXj4RXNuJ5Ox0s2Q
delma,low,ChIJ09YGNc5nXj4RwhYG0cOt4EA
delma,low,ChIJ9aiQWhRVsk8R7Wc-AZs4BkU
delma,low,ChIJA08z79VnXj4RDoBZEk7Amgs
delma,low,ChIJPU5JKHFmXj4RrYmSwxlGq80
delma,low,ChIJuaSSHi5nXj4Ra0WscH_VXFg
delma,low,ChIJF4h7eNJnXj4R5ks2kNdQdTA
delma,low,ChIJqTeaHthnXj4R4mu23EJamJY
delma,low,ChIJk8hQALtnXj4R0sneJuNBZPc
delma,low,ChIJVbstSFBmXj4R449I_E3vMkY
delma,low,ChIJkUYZJK5nXj4RiJ9Ku8bXwdM
delma,low,ChIJASsD9DJmXj4ROzoEGOtYpgA
delma,low,ChIJE954bXBnXj4R0i-p2WyA0dk
delma,low,ChIJWbEXrURmXj4RqTlvNIxNwMg
delma,low,ChIJIYAxKfpnXj4RttR5NvR6D0Q
delma,low,ChIJV-MZgqZnXj4RqyrxMfMdd98
delma,low,ChIJNS4mnhZnXj4ROmaMfmpRpog
delma,low,ChIJmY8cvnHui2sRb7FTWZ29zT8
delma,low,ChIJcdzVQ0lmXj4R8LF1iNswxUY
delma,low,ChIJG9QuzEBmXj4RFF3cHMHXnFE
delma,low,ChIJicmWN_5nXj4RlcNpSiVRe_k
delma,low,ChIJGQcdzZNnXj4REEerUGl7wDg
delma,low,ChIJQcy0bbxnXj4R-WqMI3VHVNI
delma,low,ChIJ_d7LWzNnXj4RGDMh0Ss42H8
delma,low,ChIJjxX0knlnXj4R44jguI9QG6w
delma,low,ChIJ8TsCxJ1nXj4RbbrhicyE6kc
delma,low,ChIJ5wt_y71nXj4Rf9V6KjoRaDQ
delma,low,ChIJ7-O7sH1nXj4Ruiwbj6pPfJo
delma,low,ChIJHRSMuBpnXj4ReujgE1dwHj0
delma,low,ChIJTzbECidnXj4RapPAqym1g6g
delma,low,ChIJM_cTHgBnXj4Rcz0pQfziQdc
delma,low,ChIJA0HSlpxnXj4RfrJqY3XlIYQ
delma,low,ChIJjf-Dz21nXj4RW69cUeFr59U
delma,low,ChIJYwNX56JnXj4RdqtWGzb13JA
delma,low,ChIJZV66kJhnXj4ReG9g2VN4Fa8
delma,low,ChIJ_S01UQVnXj4Rp9gKj2D00ws
delma,low,ChIJN9mjS01nXj4RjuZGa59Z6Fw
delma,low,ChIJcRgS2eFnXj4RhCRJ8MKJkXM
delma,low,ChIJ-VDAk51nXj4Rgep2KOSVTB4
delma,low,ChIJ5R5zm15mXj4RRrTpMfjvLO4
delma,low,ChIJ5ygF_l1mXj4R3TyhG8g5Ytg
delma,low,ChIJMXrb-ltmXj4R1SYL2CWAIsE
delma,low,ChIJ-d9iPl9mXj4RmAkeDYJ5VyY
delma,low,ChIJ1VAD2FBnXj4RpmMke4lL7oU
delma,low,ChIJ46n5PadnXj4RQxaG0H7wG1c
delma,low,ChIJf0lCeppnXj4RpNFakW7VXQU
delma,low,ChIJ79IYKRFnXj4RMx7me4gh_Jg
delma,low,ChIJIUtXTBZnXj4Rp3OlWXUTxTo
delma,low,ChIJG3eVAWFmXj4RX_EiWIICdkc
delma,low,ChIJYypGG5BnXj4RZGQ25vMinrE
delma,low,ChIJiZseMgBnXj4RLhFPAjVs4Dw
delma,low,ChIJ0aqt6ztz_a8Rrw4sUQPIb8c
delma,low,ChIJscAhvklnXj4RPJwXl-xvlhs
delma,low,ChIJedHeCPBnXj4RxLG6Hrun3XA
delma,low,ChIJs3vVRWJpXj4RWFSLjKWVMig
delma,low,ChIJf5ksS1pnXj4R8nGiK6EIavw
delma,low,ChIJ857h14VoXj4R-MivhTIp0zA
delma,low,ChIJq0b4j1ppXj4RGyoDe94smso
delma,low,ChIJxdrDuv5nXj4RpY-5DF6euTc
delma,low,ChIJyTjTcmtnXj4RQimZyggX-0g
delma,low,ChIJ--LATKNnXj4RcjNbguWP7XQ
delma,low,ChIJ66GC8lBnXj4RWy2ZqpAMXPs
delma,low,ChIJ039yYpBnXj4R-jriLFdsbhQ
delma,low,ChIJY0o69snGMosRON-icriog-w
delma,low,ChIJseoQLkpnXj4R0ttDnknkwFs
delma,low,ChIJB65Z-txnXj4R1tA3xNsPhuU
delma,low,ChIJlwoJZqtnXj4RWTk4Uc8irM0
delma,low,ChIJb1nZFylnXj4RQ970d7ENh7E
delma,low,ChIJ3en6cZ9nXj4RF2tAl2cNOhY
delma,low,ChIJVeWO8JBnXj4RFTW9auZALEQ
delma,low,ChIJa5lMYwBnXj4RMZ5IObcolEI
delma,low,ChIJD1sARgBnXj4RIsSKjimSOtU
delma,low,ChIJ16q9A1NmXj4RlbEye6DidAY
delma,low,ChIJE0h1bvxnXj4RfgC7_mTG3Ac
delma,low,ChIJy3uB4qlnXj4RcO9_SwxyAfs
delma,low,ChIJQTdrojBmXj4Rb_9E07pJORU
delma,low,ChIJYfQcrDJnXj4Rql8gi5D3N8o
delma,low,ChIJE-5kYTxmXj4Rh-fgMnNBUmQ
delma,low,ChIJ-bSvTvJnXj4RJ44FIOPKvoc
delma,low,ChIJSdNDIwtnXj4RtgRQAVdqGsE
delma,low,ChIJ-yLmBEGo92oRIFpI1-xLi84
delma,low,ChIJXcohuMJnXj4RoWXg91Ni0Ds
delma,low,ChIJQ5y8-ihmXj4R2--Iu91VhF8
delma,low,ChIJoxxAhsJpXj4RcYTCJSBnW4E
delma,low,ChIJ_chcCE9mXj4Ri_BscHtsX9I
delma,low,ChIJu39Q-xztHQsRridqi4XMjY4
delma,low,ChIJTcrTWGGt7mQRXgEix_2_Uq4
delma,low,ChIJ_YyMCwBpXj4RdNchW4I14U4
delma,low,ChIJu7lVNFFnXj4Rh3ZfIeCW_l8
delma,low,ChIJucQxxsRnXj4R512MmgYJ4vQ
delma,low,ChIJBwQQN51nXj4RxvRgy-HYskU
delma,low,ChIJAwEMi9xnXj4RT3boB_iocto
delma,low,ChIJVVVVeVlmXj4R6VS3CRGr4ok
delma,low,ChIJ60v63kRpXj4Rx-2z7cIGd1M
delma,low,ChIJ5xZgC51nXj4R9Q19GGhq79U
delma,low,ChIJISIA0epnXj4R3NPYSWTWMzc
delma,low,ChIJ8c1oDTpnXj4RhWg-OJ1Acwc
delma,low,ChIJX1RX4wo8YW0RWfZ4IhmQ910
delma,low,ChIJTbJqXgdnXj4RxwgM7jWri0k
delma,low,ChIJYe0rouVnXj4RBQKS16aIjdc
delma,low,ChIJrdP5fzVnXj4RMa-wVitoTkg
delma,low,ChIJqSQmziRnXj4RmeMQxuCyqdE
delma,low,ChIJqWOcxKZnXj4REDnFq7XplL4
delma,low,ChIJ2R_mwgpmXj4RFBUQ0mAaS0g
delma,low,ChIJIcfhikBmXj4RDW08uEX-Z5g
delma,low,ChIJs33dBLxnXj4RMLCKrC_P_8o
delma,low,ChIJr0nXtj1nXj4RRRzISutiKk8
delma,low,ChIJ5ZdMfFpnXj4RogmtEazB4y0
delma,low,ChIJqWcd62dmXj4RhK3HHIGDJU4
delma,low,ChIJaXKPMvRnXj4RRPVd1vS7_-4
delma,low,ChIJadIgXV5mXj4RHvil6PozSWE
delma,low,ChIJD_u7A2ZmXj4RWpXlIFngq0E
delma,low,ChIJWXQkBbNnXj4RH9BkA9ttS4g
delma,low,ChIJycDEwXtnXj4RvJsLPnvqb0M
delma,low,ChIJxSWvhJ9nXj4RAD2csL2tCPs
delma,low,ChIJMx2vVDFnXj4RofkJZHV4AF0
delma,low,ChIJvYuUk31nXj4RAIboTOIYjjw
delma,low,ChIJOT5Vq4VnXj4RUX2e0_2hhFM
delma,low,ChIJoZ61PXdnXj4RP8OgX34DSZk
delma,low,ChIJ56Heog1nXj4RwXiqmukHXas
delma,low,ChIJUUhQMmFmXj4Rmmo5z04KXOU
delma,low,ChIJ5waOJUFnXj4R9Qe9NGUCeys
delma,low,ChIJZ6QJe0lnXj4RBmyypnUAkmw
delma,low,ChIJJ8ZD0y9nXj4Rgq4iStCwxaQ
delma,low,ChIJ9ePCDDJnXj4R2lE3kpQj14o
delma,low,ChIJE82v1t1nXj4R4TjauuobSTk
delma,low,ChIJCX-p3FZnXj4RxvSlMaCdcjA
delma,low,ChIJDRVrHQBnXj4RQ7zsRdI3hHo
delma,low,ChIJS61JbB5mXj4RgF-hmsgxuBs
delma,low,ChIJq7KQiVkiu44RFiNNjfq-8Qg
delma,low,ChIJDwhDPz5nXj4RYsFFNcfOBsY
delma,low,ChIJC2xhY5osVYcREHYoqqDJMkg
delma,low,ChIJC-qSZ9VnXj4Rl4-9xeIvBfM
delma,low,ChIJFf5hotJnXj4RaeQ_fkV8Cvk
delma,low,ChIJP_qupm5nXj4RbumVBqXp1xQ
delma,low,ChIJIWVIlbRnXj4RgOogtBZgwKs
delma,low,ChIJQ8ljpdVnXj4RXbKAYsbdZ4A
delma,low,ChIJ9WInBWtnXj4RxEXM3Kxdfh0
delma,low,ChIJpY8eIopnXj4R-W--X2TfcdA
delma,low,ChIJS3rYruNnXj4Rkzh6QikQ-7Y
delma,low,ChIJiebkpd5nXj4RX2Mi86natDE
delma,low,ChIJ15sJJShnXj4RQ0eeYXBdZwo
delma,low,ChIJ2wDUJSZnXj4RDEaKjF9OrrY
delma,low,ChIJaQAS82NmXj4Rc7ND45DP_mE
delma,low,ChIJYw2ruydmXj4RBVpf7T18Iv8
delma,low,ChIJz8os5WRmXj4RT6RASiduQhY
delma,low,ChIJXdfe9ednXj4RJJ-loFBOlbc
delma,low,ChIJT_KD0o5nXj4RnPEbddbl8DE
delma,low,ChIJndvG6k1nXj4Rux7D-1bDDqw
delma,low,ChIJsbAHHABnXj4RS-zsnr4GJaw
delma,low,ChIJtXoBeyNmXj4RNAp0GFV7IWo
delma,low,ChIJk-wHqNtnXj4RCnLfnouEc_c
delma,low,ChIJS6zSkSBnXj4RqEs00Xw5zDs
delma,low,ChIJI4lXbABnXj4RaN1ZxKqvAUs
delma,low,ChIJvS9WeYlnXj4RRfn1UzM5QRY
delma,low,ChIJaRZUqHZmXj4RpLJ7tHP_RFg
delma,low,ChIJpX_OJYJoXj4Rpjz8-daA5RA
delma,low,ChIJ_wOzsw5nXj4REAiP6OP6nU0
delma,low,ChIJXUjWmR5nXj4R8waZHt49aJA
delma,low,ChIJHydx9CGS2CcRx5ActGmymJ8
delma,low,ChIJA0Zs2CJnXj4Rr0yMvlyjPqk
delma,low,ChIJK7tMZFpmXj4RXCtoBOrjFdE
delma,low,ChIJm0kTSBVmXj4RfDXhsMaQ3hA
delma,low,ChIJiRByoWVmXj4RwyYFrNKx1y4
delma,low,ChIJa_uR1otnXj4RcemH38_7OxM
delma,low,ChIJVfuOjmdmXj4Re4b0WfIcBEk
delma,low,ChIJyWDqRWJnXj4RTZMYi4u1spg
delma,low,ChIJByfkR1JnXj4RjZnK3wXzQsU
delma,low,ChIJDSIpTQxnXj4Ri2TOMbuDqYQ
delma,low,ChIJYzLadgpnXj4RLzJZVi1kNSQ
delma,low,ChIJ83bmZbVnXj4R0qRR4A-B13A
delma,low,ChIJSWDSRvhnXj4R4BtLYbxkGsE
delma,low,ChIJBdF1KLFnXj4RIoI6NE7VsH0
delma,low,ChIJOa6rvn5pXj4RHFhX0FEX7yY
delma,low,ChIJr6wjqh9nXj4ROupP3dicQsc
delma,low,ChIJCcn8d-VnXj4R9liKH-vNo7c
delma,low,ChIJJ-JnA39CXj4R29ei0wLjmCw
delma,low,ChIJu5Q_WXBnXj4RRdALUTTrM6k
delma,low,ChIJi2dTOThnXj4RsR8brZ1nOy0
delma,low,ChIJJ4wSTrdpXj4R1L8vQ_7a69k
delma,low,ChIJkT7LnDdoXj4RYAutdxTjQN4
delma,low,ChIJSZPJAhFpXj4RnXb7lxKNILI
delma,low,ChIJqVgBKaRpXj4RQq9wj7RRfN4
delma,low,ChIJqZDQZdFBXj4RVgknuVN2Yt4
delma,low,ChIJP402dFdpXj4RYdkRQwX62T4
delma,medium,ChIJ3_iyPrQ5Xj4RH9UwIvrtDss
delma,medium,ChIJ283PSsBBXj4REO-rAvURQTo
delma,medium,ChIJE__JMcNBXj4REcdk-ayGa_4
delma,medium,ChIJl7_SMwBBXj4RPp45Y4qDIwc
delma,medium,ChIJcTxuQwBBXj4RPzFEJ4VnIT8
delma,medium,ChIJc22EmKppXj4REIpupbbjOuk
delma,medium,ChIJjw-oAIZBXj4RYs_ZF8S82Wc
delma,medium,ChIJ73UPkVxBXj4RYyfjOtI6t_8
delma,medium,ChIJe4z7kLFpXj4R8ChzMToftoQ
delma,medium,ChIJZXlAm1JoXj4R6LavbbVS52Y
delma,medium,ChIJqfxHJwBpXj4R2mW273YWwbw
delma,medium,ChIJF8NlR7NpXj4R3R1apjTHXqw
delma,medium,ChIJ8Wb6FwBpXj4RPNJTS1cWs0Q
delma,medium,ChIJE__TXa5pXj4RJQijrVSdBso
delma,medium,ChIJsaqal7RpXj4RXyel5unpRvk
delma,medium,ChIJJY0w0PdpXj4RnI5Xq36sUF0
delma,medium,ChIJP1lYpkRnXj4R_-fm4K6DmlA
delma,medium,ChIJWwW__3pDXj4ROuUJUpFFRic
delma,medium,ChIJzb2iNlJDXj4RCp00sbC5K2E
delma,medium,ChIJXSza7bBDXj4RlUamaUqdoJE
delma,medium,ChIJxem_UQBpXj4Rj-UHmV5l3Bc
delma,medium,ChIJBY9muG5DXj4RV-rTK3YN8mc
delma,medium,ChIJidma655DXj4Rd7GNaJdYJPg
delma,medium,ChIJjeOuPQBDXj4RymqmgVCSoZc
delma,medium,ChIJPX91JwBDXj4RajZtPQQGYWA
delma,medium,ChIJD1_g9DpCXj4RWJAagGvwxYA
delma,medium,ChIJ98d6OJ1oXj4RGQ8-o1qspv4
delma,medium,ChIJFbzk5RNDXj4R3vo4JY7we1U
delma,medium,ChIJx5hdNjFDXj4RaCf8w3PXD_w
delma,medium,ChIJb1XY6HBDXj4R8gnYqL6bYpU
delma,medium,ChIJV_2SfgBDXj4RkemcafiSsFQ
delma,medium,ChIJBUAM_NhDXj4RRkVDWdeQrAQ
delma,medium,ChIJEeqr-cqrX0ERM21WrfvrUVQ
delma,medium,ChIJqyjJBwBDXj4R7RcDQqw3YVI
delma,medium,ChIJ6bHnLSfOJGoRUlthxqok0gc
delma,medium,ChIJs3UEXetDXj4RHt1DEeZYyhY
delma,medium,ChIJcb1OvglBXj4Rpj4qKbJJoW0
delma,medium,ChIJIcgTO9ZDXj4RbWXJ_yrpjuM
delma,medium,ChIJ1Rym03lDXj4Ry8HrwL3DgZQ
delma,medium,ChIJ7aBvpbBBXj4Rrz5YkTw3PKA
delma,medium,ChIJ8Uq1R1lBXj4Rb-6WJo3wDE4
delma,medium,ChIJ7YcGHXJBXj4R2XGB_gU-fdU
delma,medium,ChIJ2bVES9BDXj4R1GQbwTs4s7U
delma,medium,ChIJ60POGgBBXj4RZm8XLPPzC3U
delma,medium,ChIJfxeqQk5BXj4RA0PquO-4oMk
delma,medium,ChIJ6x3D_plBXj4R-qot1dS-WBE
delma,medium,ChIJNaSYXthDXj4RprtgcxKvnds
delma,medium,ChIJnexvv2BBXj4RGZ-nIdMn_Y8
delma,medium,ChIJ7yIxJNpDXj4R2GCbL6B0_nw
delma,medium,ChIJFRhBdlJBXj4RwYy2RLGionw
delma,medium,ChIJzeXPk_JBXj4R3ruXrllceTM
delma,medium,ChIJbzaVH0xFXj4R4sopMv_a0Ts
delma,medium,ChIJWZU8RV5pXj4RQh7WVMBVA4M
delma,medium,ChIJQdR3YXhlXj4Rs1lVb0ScdqY
delma,medium,ChIJUR0MMCtlXj4RCrmzug27EF4
delma,medium,ChIJ9aiDGABvXj4Rmqzih9RDTWM
delma,medium,ChIJNcEbcyNpXj4RN7bElDhvr2U
delma,medium,ChIJ-YhJtkppXj4Rabaoqq1SQSw
delma,medium,ChIJhVWfudppXj4RW1NJDUldjnk
delma,medium,ChIJjwQqBABpXj4REuTQ2Av-a9Q
delma,medium,ChIJcUCfJsdpXj4Rr4YKloDlJPw
delma,medium,ChIJ0TaixelpXj4RNujWv0mWuVk
delma,medium,ChIJfTM1sL1pXj4RMz_zxOsTuyM
delma,medium,ChIJ_XHbJhZmXj4RZEoLST18fRY
delma,medium,ChIJyVN5GCdHXj4ReNVO3YUVu1I
delma,medium,ChIJJ6Rmi0NpXj4RirmSVXHGwrE
delma,medium,ChIJ_X5_sYloXj4R7yEMS_c4eKE
delma,medium,ChIJ6ceRi2pnXj4RO9pOhI7icjE
delma,medium,ChIJ43Hi13lpXj4RzzYf8mWbs3A
delma,medium,ChIJT7KcLitpXj4Rh5bcE_YzEJE
delma,medium,ChIJ3X_JNv1pXj4RqPI030unqzE
delma,medium,ChIJDccChn1pXj4RChtxa2C6YOk
delma,medium,ChIJRccC8h1pXj4R6bmL4SEfoA0
delma,medium,ChIJIQC5B3dpXj4RuLjtnsl-iQg
delma,medium,ChIJA8LhDvNpXj4R8vv9oOyrJDw
delma,medium,ChIJtaypk6VHXj4Rno3wZUgkHEU
delma,medium,ChIJ5Q2p8hxpXj4RW1aP3BZOk1o
delma,medium,ChIJ6WvjJUxpXj4RBrEpujZgm_0
delma,medium,ChIJASsJwpdpXj4RK-rxI9CDims
delma,medium,ChIJLbmsUNVpXj4Rimbd3z_7Zkc
delma,medium,ChIJXXEoRatpXj4RAwuSFz46vVo
delma,medium,ChIJ8bfdgZ5pXj4Rufma7EEL_sc
delma,medium,ChIJBREr7oNDXj4RfhQ5lRfJBPU
delma,medium,ChIJwzatXQBpXj4RvqKh4Y4GzcQ
delma,medium,ChIJ4RPvP8hpXj4RZyJsF1mf7zA
delma,medium,ChIJY59gK9VpXj4ROCwYdCtZdb0
delma,medium,ChIJI8v8dWppXj4RWPqjOl9OoXE
delma,medium,ChIJ3SEIKAtDXj4R-KbBxJRio3I
delma,medium,ChIJ1RNCXzRDXj4RkbuAKXOwcGA
delma,medium,ChIJRfTVvZVDXj4RZZRKmMGM9cs
delma,medium,ChIJD78jm21DXj4RFJaaFlEWA9U
delma,medium,ChIJt8i1c6JDXj4RZT68OZOeZA8
delma,medium,ChIJJThiRQBDXj4ReHyHBI8ug-c
delma,medium,ChIJn6Y25n5CXj4RNiqHwAV0tvE
delma,medium,ChIJ_em4aABDXj4RJvIkDFBUzlU
delma,medium,ChIJsZcdI0VCXj4RcqqbomF0j6w
delma,medium,ChIJy0gbkiRDXj4RsKUFEhYvICw
delma,medium,ChIJi3I6PmpFXj4RvnqAlf-Zj14
delma,medium,ChIJxQc-metlXj4RA2Np0qHrA70
delma,medium,ChIJUQmc5sVlXj4R2PCDAWYrzt0
delma,medium,ChIJvzTI6fZlXj4RF8U8gHHjyio
delma,medium,ChIJNYLTB-tlXj4RSEYSqRV0fDE
delma,medium,ChIJYXvJfPdlXj4RmcqPihLlFT8
delma,medium,ChIJP8lwH-tlXj4R7n0s3BN0qpg
delma,medium,ChIJIdnAcBtlXj4ReLhQ8LafChQ
delma,medium,ChIJd23po5NlXj4RwUreEU0itg8
delma,medium,ChIJ935DJ0BnXj4REi93Www6b6w
delma,medium,ChIJtX9tROtlXj4RIk-cLGMAvcY
delma,medium,ChIJm5L3bxxnXj4R2bVCq7eRdF0
delma,medium,ChIJ7Q7KjQNmXj4ROEhXBTwMTWk
delma,medium,ChIJsa0vizFnXj4RdKePMZEwcsY
delma,medium,ChIJqWAauUtlXj4R5CEvqGsTNdk
delma,medium,ChIJiZPMTaJnXj4RHOK4tARmadY
delma,medium,ChIJkfB4BgVmXj4RCj9l9s0IATk
delma,medium,ChIJfS8fdSdnXj4Re-Hd6z48PNs
delma,medium,ChIJUy6LoMNlXj4RbjQD6nE6-kQ
delma,medium,ChIJz6dobOJlXj4RX9XDqXofqHE
delma,medium,ChIJQTsb0AhmXj4RdCam14AheBk
delma,medium,ChIJg6FONuBnXj4RkIDJUY_jwfU
delma,medium,ChIJaYW4UClnXj4R2OH_mVOFax8
delma,medium,ChIJv_c8XKhlXj4R37pIbgaaggo
delma,medium,ChIJnziwXgtmXj4RAe6_Mb7E0TA
delma,medium,ChIJ-xQ51yplXj4R0C5AxmRh0KM
delma,medium,ChIJZ-M2UgBnXj4RscZnYuRSk1Y
delma,medium,ChIJkzlGXCZmXj4Rv0Ng_vrsMsI
delma,medium,ChIJl5huYkBpXj4RX9faSAjd-iA
delma,medium,ChIJB5DRKyZmXj4RDRhF9YlGekM
delma,medium,ChIJ-bj4weBlXj4RYa1MziOiO6c
delma,medium,ChIJyRCxvUBnXj4R5PTdoN5UFTQ
delma,medium,ChIJxw_jYCBmXj4R4W15MAFN0z8
delma,medium,ChIJx1BuZIdpXj4RYy4-cDCDdS0
delma,medium,ChIJMTJk1YBpXj4Rr8PtSnvwj5M
delma,medium,ChIJ3dyLL_hpXj4RY54HfB5SeGk
delma,medium,ChIJxRNBcplpXj4RX-TbGt12084
delma,medium,ChIJo1n-M0JnXj4R7PLlSnGxI_Y
delma,medium,ChIJb6QgHwBnXj4Ry47XhnrMDQY
delma,medium,ChIJ44q9goBDXj4Rw1_ZJL2LHcE
delma,medium,ChIJnbuwwDZGXj4R2MuK02ZL3RQ
delma,medium,ChIJ_1-JP91nXj4RrBOgLJu35F4
delma,medium,ChIJPyQ_-xVpXj4RkJ-p2SBjK8w
delma,medium,ChIJuYirVjFnXj4RhJ2QvewLb9Y
delma,medium,ChIJ8_vGInVnXj4Rj-RC-PH75Q8
delma,medium,ChIJFyiZ0CNpXj4RyziQ0BZlrFQ
delma,medium,ChIJX28z48ZnXj4RrrTv2jMdt1s
delma,medium,ChIJZ3VuZhBnXj4RyjUlmklyTsI
delma,medium,ChIJs0OGRxhmXj4RyqF8O7pRgMs
delma,medium,ChIJWXHpIZdnXj4RMfPQcuP8kS4
delma,medium,ChIJl_nk5cNnXj4RwjYoWDZgh6g
delma,medium,ChIJVZe88pNpXj4RT9AwJCaXtvA
delma,medium,ChIJ8z35MOhnXj4RBz5wq89B23E
delma,medium,ChIJFRtjJr5nXj4RH8E6eCIm0NM
delma,medium,ChIJycSvtZxCXj4R-RJF502OC-k
delma,medium,ChIJQS7TRp1CXj4R7kO__gEfjH4
delma,medium,ChIJn9KShVdpXj4RDEEMcAqN5gA
delma,medium,ChIJW1ZZSkNmXj4ROlTwRMqMJUc
delma,medium,ChIJV_fiWINnXj4RSVmfyhdlhnI
delma,medium,ChIJHYAIMgBnXj4RLEfhkv4gRHg
delma,medium,ChIJn-VSqNlnXj4R47V-_I-fBjI
delma,medium,ChIJ1_XlqW5mXj4R2AysySiBqcQ
delma,medium,ChIJB2qvUzlnXj4Ru2ErXtcNvvk
delma,medium,ChIJZRR1sEBmXj4RXNuJ5Ox0s2Q
delma,medium,ChIJ09YGNc5nXj4RwhYG0cOt4EA
delma,medium,ChIJ9aiQWhRVsk8R7Wc-AZs4BkU
delma,medium,ChIJA08z79VnXj4RDoBZEk7Amgs
delma,medium,ChIJPU5JKHFmXj4RrYmSwxlGq80
delma,medium,ChIJuaSSHi5nXj4Ra0WscH_VXFg
delma,medium,ChIJF4h7eNJnXj4R5ks2kNdQdTA
delma,medium,ChIJqTeaHthnXj4R4mu23EJamJY
delma,medium,ChIJk8hQALtnXj4R0sneJuNBZPc
delma,medium,ChIJVbstSFBmXj4R449I_E3vMkY
delma,medium,ChIJkUYZJK5nXj4RiJ9Ku8bXwdM
delma,medium,ChIJASsD9DJmXj4ROzoEGOtYpgA
delma,medium,ChIJE954bXBnXj4R0i-p2WyA0dk
delma,medium,ChIJWbEXrURmXj4RqTlvNIxNwMg
delma,medium,ChIJIYAxKfpnXj4RttR5NvR6D0Q
delma,medium,ChIJV-MZgqZnXj4RqyrxMfMdd98
delma,medium,ChIJNS4mnhZnXj4ROmaMfmpRpog
delma,medium,ChIJmY8cvnHui2sRb7FTWZ29zT8
delma,medium,ChIJcdzVQ0lmXj4R8LF1iNswxUY
delma,medium,ChIJG9QuzEBmXj4RFF3cHMHXnFE
delma,medium,ChIJicmWN_5nXj4RlcNpSiVRe_k
delma,medium,ChIJGQcdzZNnXj4REEerUGl7wDg
delma,medium,ChIJQcy0bbxnXj4R-WqMI3VHVNI
delma,medium,ChIJ_d7LWzNnXj4RGDMh0Ss42H8
delma,medium,ChIJjxX0knlnXj4R44jguI9QG6w
delma,medium,ChIJ8TsCxJ1nXj4RbbrhicyE6kc
delma,medium,ChIJ5wt_y71nXj4Rf9V6KjoRaDQ
delma,medium,ChIJ7-O7sH1nXj4Ruiwbj6pPfJo
delma,medium,ChIJHRSMuBpnXj4ReujgE1dwHj0
delma,medium,ChIJTzbECidnXj4RapPAqym1g6g
delma,medium,ChIJM_cTHgBnXj4Rcz0pQfziQdc
delma,medium,ChIJA0HSlpxnXj4RfrJqY3XlIYQ
delma,medium,ChIJjf-Dz21nXj4RW69cUeFr59U
delma,medium,ChIJYwNX56JnXj4RdqtWGzb13JA
delma,medium,ChIJZV66kJhnXj4ReG9g2VN4Fa8
delma,medium,ChIJ_S01UQVnXj4Rp9gKj2D00ws
delma,medium,ChIJN9mjS01nXj4RjuZGa59Z6Fw
delma,medium,ChIJcRgS2eFnXj4RhCRJ8MKJkXM
delma,medium,ChIJ-VDAk51nXj4Rgep2KOSVTB4
delma,medium,ChIJ5R5zm15mXj4RRrTpMfjvLO4
delma,medium,ChIJ5ygF_l1mXj4R3TyhG8g5Ytg
delma,medium,ChIJMXrb-ltmXj4R1SYL2CWAIsE
delma,medium,ChIJ-d9iPl9mXj4RmAkeDYJ5VyY
delma,medium,ChIJ1VAD2FBnXj4RpmMke4lL7oU
delma,medium,ChIJ46n5PadnXj4RQxaG0H7wG1c
delma,medium,ChIJf0lCeppnXj4RpNFakW7VXQU
delma,medium,ChIJJRQvpxpnXj4RWzb_3l_p7l0
delma,medium,ChIJ79IYKRFnXj4RMx7me4gh_Jg
delma,medium,ChIJIUtXTBZnXj4Rp3OlWXUTxTo
delma,medium,ChIJG3eVAWFmXj4RX_EiWIICdkc
delma,medium,ChIJYypGG5BnXj4RZGQ25vMinrE
delma,medium,ChIJiZseMgBnXj4RLhFPAjVs4Dw
delma,medium,ChIJ0aqt6ztz_a8Rrw4sUQPIb8c
delma,medium,ChIJscAhvklnXj4RPJwXl-xvlhs
delma,medium,ChIJ4fKvQapdXj4RR4R8aMsOKH0
delma,medium,ChIJsci4XkJnXj4RdFbLSs1RTaM
delma,medium,ChIJCULiVB5nXj4RrriEuVkzcCg
delma,medium,ChIJYY-i2nlnXj4RZaHk_hMG7hw
delma,medium,ChIJc2LcxaxnXj4RlYm5aUKnvuM
delma,medium,ChIJ684164pnXj4R7iGsef52v7w
delma,medium,ChIJMQDQxVxnXj4RaEL-lsslhxo
delma,medium,ChIJq6qqatNpXj4RG-LPAvrvE9o
delma,medium,ChIJoyzRazppXj4RbE9fTX--YgY
delma,medium,ChIJ59T1ESdnXj4Rf1TGNNax3LE
delma,medium,ChIJ15JvYpZnXj4RhJkLzg3Yo50
delma,medium,ChIJO19xxlxnXj4RCj2gDk8OZws
delma,medium,ChIJNxIMOABdXj4RlXDKCcO8GOA
delma,medium,ChIJedHeCPBnXj4RxLG6Hrun3XA
delma,medium,ChIJs3vVRWJpXj4RWFSLjKWVMig
delma,medium,ChIJf5ksS1pnXj4R8nGiK6EIavw
delma,medium,ChIJ857h14VoXj4R-MivhTIp0zA
delma,medium,ChIJq0b4j1ppXj4RGyoDe94smso
delma,medium,ChIJxdrDuv5nXj4RpY-5DF6euTc
delma,medium,ChIJyTjTcmtnXj4RQimZyggX-0g
delma,medium,ChIJ--LATKNnXj4RcjNbguWP7XQ
delma,medium,ChIJ66GC8lBnXj4RWy2ZqpAMXPs
delma,medium,ChIJ039yYpBnXj4R-jriLFdsbhQ
delma,medium,ChIJY0o69snGMosRON-icriog-w
delma,medium,ChIJseoQLkpnXj4R0ttDnknkwFs
delma,medium,ChIJB65Z-txnXj4R1tA3xNsPhuU
delma,medium,ChIJlwoJZqtnXj4RWTk4Uc8irM0
delma,medium,ChIJb1nZFylnXj4RQ970d7ENh7E
delma,medium,ChIJ3en6cZ9nXj4RF2tAl2cNOhY
delma,medium,ChIJVeWO8JBnXj4RFTW9auZALEQ
delma,medium,ChIJa5lMYwBnXj4RMZ5IObcolEI
delma,medium,ChIJD1sARgBnXj4RIsSKjimSOtU
delma,medium,ChIJyzQrxX9BXj4R3dgagdsPj3c
delma,medium,ChIJ16q9A1NmXj4RlbEye6DidAY
delma,medium,ChIJE0h1bvxnXj4RfgC7_mTG3Ac
delma,medium,ChIJy3uB4qlnXj4RcO9_SwxyAfs
delma,medium,ChIJQTdrojBmXj4Rb_9E07pJORU
delma,medium,ChIJYfQcrDJnXj4Rql8gi5D3N8o
delma,medium,ChIJE-5kYTxmXj4Rh-fgMnNBUmQ
delma,medium,ChIJ-bSvTvJnXj4RJ44FIOPKvoc
delma,medium,ChIJSdNDIwtnXj4RtgRQAVdqGsE
delma,medium,ChIJ-yLmBEGo92oRIFpI1-xLi84
delma,medium,ChIJXcohuMJnXj4RoWXg91Ni0Ds
delma,medium,ChIJQ5y8-ihmXj4R2--Iu91VhF8
delma,medium,ChIJoxxAhsJpXj4RcYTCJSBnW4E
delma,medium,ChIJ_chcCE9mXj4Ri_BscHtsX9I
delma,medium,ChIJu39Q-xztHQsRridqi4XMjY4
delma,medium,ChIJTcrTWGGt7mQRXgEix_2_Uq4
delma,medium,ChIJ_YyMCwBpXj4RdNchW4I14U4
delma,medium,ChIJu7lVNFFnXj4Rh3ZfIeCW_l8
delma,medium,ChIJucQxxsRnXj4R512MmgYJ4vQ
delma,medium,ChIJBwQQN51nXj4RxvRgy-HYskU
delma,medium,ChIJAwEMi9xnXj4RT3boB_iocto
delma,medium,ChIJVVVVeVlmXj4R6VS3CRGr4ok
delma,medium,ChIJ60v63kRpXj4Rx-2z7cIGd1M
delma,medium,ChIJ5xZgC51nXj4R9Q19GGhq79U
delma,medium,ChIJISIA0epnXj4R3NPYSWTWMzc
delma,medium,ChIJ8c1oDTpnXj4RhWg-OJ1Acwc
delma,medium,ChIJX1RX4wo8YW0RWfZ4IhmQ910
delma,medium,ChIJTbJqXgdnXj4RxwgM7jWri0k
delma,medium,ChIJYe0rouVnXj4RBQKS16aIjdc
delma,medium,ChIJrdP5fzVnXj4RMa-wVitoTkg
delma,medium,ChIJqSQmziRnXj4RmeMQxuCyqdE
delma,medium,ChIJqWOcxKZnXj4REDnFq7XplL4
delma,medium,ChIJ2R_mwgpmXj4RFBUQ0mAaS0g
delma,medium,ChIJIcfhikBmXj4RDW08uEX-Z5g
delma,medium,ChIJs33dBLxnXj4RMLCKrC_P_8o
delma,medium,ChIJr0nXtj1nXj4RRRzISutiKk8
delma,medium,ChIJ5ZdMfFpnXj4RogmtEazB4y0
delma,medium,ChIJqWcd62dmXj4RhK3HHIGDJU4
delma,medium,ChIJaXKPMvRnXj4RRPVd1vS7_-4
delma,medium,ChIJadIgXV5mXj4RHvil6PozSWE
delma,medium,ChIJD_u7A2ZmXj4RWpXlIFngq0E
delma,medium,ChIJWXQkBbNnXj4RH9BkA9ttS4g
delma,medium,ChIJycDEwXtnXj4RvJsLPnvqb0M
delma,medium,ChIJxSWvhJ9nXj4RAD2csL2tCPs
delma,medium,ChIJMx2vVDFnXj4RofkJZHV4AF0
delma,medium,ChIJvYuUk31nXj4RAIboTOIYjjw
delma,medium,ChIJOT5Vq4VnXj4RUX2e0_2hhFM
delma,medium,ChIJoZ61PXdnXj4RP8OgX34DSZk
delma,medium,ChIJ56Heog1nXj4RwXiqmukHXas
delma,medium,ChIJUUhQMmFmXj4Rmmo5z04KXOU
delma,medium,ChIJ5waOJUFnXj4R9Qe9NGUCeys
delma,medium,ChIJZ6QJe0lnXj4RBmyypnUAkmw
delma,medium,ChIJJ8ZD0y9nXj4Rgq4iStCwxaQ
delma,medium,ChIJ9ePCDDJnXj4R2lE3kpQj14o
delma,medium,ChIJE82v1t1nXj4R4TjauuobSTk
delma,medium,ChIJCX-p3FZnXj4RxvSlMaCdcjA
delma,medium,ChIJDRVrHQBnXj4RQ7zsRdI3hHo
delma,medium,ChIJS61JbB5mXj4RgF-hmsgxuBs
delma,medium,ChIJq7KQiVkiu44RFiNNjfq-8Qg
delma,medium,ChIJDwhDPz5nXj4RYsFFNcfOBsY
delma,medium,ChIJC2xhY5osVYcREHYoqqDJMkg
delma,medium,ChIJC-qSZ9VnXj4Rl4-9xeIvBfM
delma,medium,ChIJFf5hotJnXj4RaeQ_fkV8Cvk
delma,medium,ChIJP_qupm5nXj4RbumVBqXp1xQ
delma,medium,ChIJIWVIlbRnXj4RgOogtBZgwKs
delma,medium,ChIJQ8ljpdVnXj4RXbKAYsbdZ4A
delma,medium,ChIJ9WInBWtnXj4RxEXM3Kxdfh0
delma,medium,ChIJpY8eIopnXj4R-W--X2TfcdA
delma,medium,ChIJS3rYruNnXj4Rkzh6QikQ-7Y
delma,medium,ChIJiebkpd5nXj4RX2Mi86natDE
delma,medium,ChIJ15sJJShnXj4RQ0eeYXBdZwo
delma,medium,ChIJ2wDUJSZnXj4RDEaKjF9OrrY
delma,medium,ChIJaQAS82NmXj4Rc7ND45DP_mE
delma,medium,ChIJYw2ruydmXj4RBVpf7T18Iv8
delma,medium,ChIJz8os5WRmXj4RT6RASiduQhY
delma,medium,ChIJXdfe9ednXj4RJJ-loFBOlbc
delma,medium,ChIJT_KD0o5nXj4RnPEbddbl8DE
delma,medium,ChIJndvG6k1nXj4Rux7D-1bDDqw
delma,medium,ChIJsbAHHABnXj4RS-zsnr4GJaw
delma,medium,ChIJtXoBeyNmXj4RNAp0GFV7IWo
delma,medium,ChIJk-wHqNtnXj4RCnLfnouEc_c
delma,medium,ChIJS6zSkSBnXj4RqEs00Xw5zDs
delma,medium,ChIJI4lXbABnXj4RaN1ZxKqvAUs
delma,medium,ChIJvS9WeYlnXj4RRfn1UzM5QRY
delma,medium,ChIJaRZUqHZmXj4RpLJ7tHP_RFg
delma,medium,ChIJpX_OJYJoXj4Rpjz8-daA5RA
delma,medium,ChIJ_wOzsw5nXj4REAiP6OP6nU0
delma,medium,ChIJXUjWmR5nXj4R8waZHt49aJA
delma,medium,ChIJHydx9CGS2CcRx5ActGmymJ8
delma,medium,ChIJA0Zs2CJnXj4Rr0yMvlyjPqk
delma,medium,ChIJK7tMZFpmXj4RXCtoBOrjFdE
delma,medium,ChIJm0kTSBVmXj4RfDXhsMaQ3hA
delma,medium,ChIJiRByoWVmXj4RwyYFrNKx1y4
delma,medium,ChIJa_uR1otnXj4RcemH38_7OxM
delma,medium,ChIJVfuOjmdmXj4Re4b0WfIcBEk
delma,medium,ChIJyWDqRWJnXj4RTZMYi4u1spg
delma,medium,ChIJByfkR1JnXj4RjZnK3wXzQsU
delma,medium,ChIJDSIpTQxnXj4Ri2TOMbuDqYQ
delma,medium,ChIJYzLadgpnXj4RLzJZVi1kNSQ
delma,medium,ChIJ83bmZbVnXj4R0qRR4A-B13A
delma,medium,ChIJSWDSRvhnXj4R4BtLYbxkGsE
delma,medium,ChIJBdF1KLFnXj4RIoI6NE7VsH0
delma,medium,ChIJOa6rvn5pXj4RHFhX0FEX7yY
delma,medium,ChIJr6wjqh9nXj4ROupP3dicQsc
delma,medium,ChIJCcn8d-VnXj4R9liKH-vNo7c
delma,medium,ChIJJ-JnA39CXj4R29ei0wLjmCw
delma,medium,ChIJu5Q_WXBnXj4RRdALUTTrM6k
delma,medium,ChIJi2dTOThnXj4RsR8brZ1nOy0
delma,medium,ChIJJ4wSTrdpXj4R1L8vQ_7a69k
delma,medium,ChIJkT7LnDdoXj4RYAutdxTjQN4
delma,medium,ChIJSZPJAhFpXj4RnXb7lxKNILI
delma,medium,ChIJqVgBKaRpXj4RQq9wj7RRfN4
delma,medium,ChIJqZDQZdFBXj4RVgknuVN2Yt4
delma,medium,ChIJP402dFdpXj4RYdkRQwX62T4
delma,high,ChIJDfakpIJHXj4R3WYRCyOrI74
delma,high,ChIJJY0cP_ZHXj4Rezb6C_enoRc
delma,high,ChIJhXJdydZHXj4RqFWkuoidlqA
delma,high,ChIJUWAtgZZBXj4RXG5RVhUuGYA
delma,high,ChIJA3AAmCVHXj4Rd8NywioXdIc
delma,high,ChIJ3_iyPrQ5Xj4RH9UwIvrtDss
delma,high,ChIJ283PSsBBXj4REO-rAvURQTo
delma,high,ChIJE__JMcNBXj4REcdk-ayGa_4
delma,high,ChIJl7_SMwBBXj4RPp45Y4qDIwc
delma,high,ChIJcTxuQwBBXj4RPzFEJ4VnIT8
delma,high,ChIJc22EmKppXj4REIpupbbjOuk
delma,high,ChIJjw-oAIZBXj4RYs_ZF8S82Wc
delma,high,ChIJ73UPkVxBXj4RYyfjOtI6t_8
delma,high,ChIJUwh_7hJBXj4RT9ne8taJJjY
delma,high,ChIJOXCASgBBXj4ReiTJQeiDRD8
delma,high,ChIJH70e0D5BXj4RTlmr6g49yAg
delma,high,ChIJgXLLwwB-hWgReooggOGQAOo
delma,high,ChIJzyPbvrtHXj4R6KGLA8AAb2Q
delma,high,ChIJe4z7kLFpXj4R8ChzMToftoQ
delma,high,ChIJZXlAm1JoXj4R6LavbbVS52Y
delma,high,ChIJqfxHJwBpXj4R2mW273YWwbw
delma,high,ChIJF8NlR7NpXj4R3R1apjTHXqw
delma,high,ChIJ8Wb6FwBpXj4RPNJTS1cWs0Q
delma,high,ChIJE__TXa5pXj4RJQijrVSdBso
delma,high,ChIJsaqal7RpXj4RXyel5unpRvk
delma,high,ChIJJY0w0PdpXj4RnI5Xq36sUF0
delma,high,ChIJP1lYpkRnXj4R_-fm4K6DmlA
delma,high,ChIJWwW__3pDXj4ROuUJUpFFRic
delma,high,ChIJzb2iNlJDXj4RCp00sbC5K2E
delma,high,ChIJXSza7bBDXj4RlUamaUqdoJE
delma,high,ChIJxem_UQBpXj4Rj-UHmV5l3Bc
delma,high,ChIJBY9muG5DXj4RV-rTK3YN8mc
delma,high,ChIJidma655DXj4Rd7GNaJdYJPg
delma,high,ChIJjeOuPQBDXj4RymqmgVCSoZc
delma,high,ChIJPX91JwBDXj4RajZtPQQGYWA
delma,high,ChIJD1_g9DpCXj4RWJAagGvwxYA
delma,high,ChIJ98d6OJ1oXj4RGQ8-o1qspv4
delma,high,ChIJFbzk5RNDXj4R3vo4JY7we1U
delma,high,ChIJx5hdNjFDXj4RaCf8w3PXD_w
delma,high,ChIJb1XY6HBDXj4R8gnYqL6bYpU
delma,high,ChIJV_2SfgBDXj4RkemcafiSsFQ
delma,high,ChIJBUAM_NhDXj4RRkVDWdeQrAQ
delma,high,ChIJEeqr-cqrX0ERM21WrfvrUVQ
delma,high,ChIJqyjJBwBDXj4R7RcDQqw3YVI
delma,high,ChIJ6bHnLSfOJGoRUlthxqok0gc
delma,high,ChIJs3UEXetDXj4RHt1DEeZYyhY
delma,high,ChIJcb1OvglBXj4Rpj4qKbJJoW0
delma,high,ChIJIcgTO9ZDXj4RbWXJ_yrpjuM
delma,high,ChIJ1Rym03lDXj4Ry8HrwL3DgZQ
delma,high,ChIJ7aBvpbBBXj4Rrz5YkTw3PKA
delma,high,ChIJ8Uq1R1lBXj4Rb-6WJo3wDE4
delma,high,ChIJ7YcGHXJBXj4R2XGB_gU-fdU
delma,high,ChIJ2bVES9BDXj4R1GQbwTs4s7U
delma,high,ChIJ60POGgBBXj4RZm8XLPPzC3U
delma,high,ChIJfxeqQk5BXj4RA0PquO-4oMk
delma,high,ChIJ6x3D_plBXj4R-qot1dS-WBE
delma,high,ChIJNaSYXthDXj4RprtgcxKvnds
delma,high,ChIJnexvv2BBXj4RGZ-nIdMn_Y8
delma,high,ChIJ7yIxJNpDXj4R2GCbL6B0_nw
delma,high,ChIJFRhBdlJBXj4RwYy2RLGionw
delma,high,ChIJzeXPk_JBXj4R3ruXrllceTM
delma,high,ChIJJT5ZErJGXj4R7VeU-kgIwzI
delma,high,ChIJbzaVH0xFXj4R4sopMv_a0Ts
delma,high,ChIJgVU2UABFXj4RrnJ9POOqlsM
delma,high,ChIJS_qRzU5HXj4RdDHREb3iqr0
delma,high,ChIJcflCD3lHXj4RT3mzoBbL5Xs
delma,high,ChIJu-zyqTFHXj4Rfn0ltDhuQLY
delma,high,ChIJI1MU0phHXj4R9Cwmi8huUZY
delma,high,ChIJq4yo9plGXj4Rwg8iScd-r9I
delma,high,ChIJq_2Ft5NGXj4RBu1gRSV_VPU
delma,high,ChIJA3hjb-NHXj4ROuB2SgejwCc
delma,high,ChIJC5E64aFHXj4Rv3VUWnT-q6E
delma,high,ChIJDQ4dJJFGXj4RvEL8WJHJhKo
delma,high,ChIJV8chu3ZFXj4R8k3bfpbP4yQ
delma,high,ChIJWZU8RV5pXj4RQh7WVMBVA4M
delma,high,ChIJQdR3YXhlXj4Rs1lVb0ScdqY
delma,high,ChIJUR0MMCtlXj4RCrmzug27EF4
delma,high,ChIJ9aiDGABvXj4Rmqzih9RDTWM
delma,high,ChIJNcEbcyNpXj4RN7bElDhvr2U
delma,high,ChIJ-YhJtkppXj4Rabaoqq1SQSw
delma,high,ChIJhVWfudppXj4RW1NJDUldjnk
delma,high,ChIJjwQqBABpXj4REuTQ2Av-a9Q
delma,high,ChIJcUCfJsdpXj4Rr4YKloDlJPw
delma,high,ChIJ0TaixelpXj4RNujWv0mWuVk
delma,high,ChIJfTM1sL1pXj4RMz_zxOsTuyM
delma,high,ChIJ_XHbJhZmXj4RZEoLST18fRY
delma,high,ChIJyVN5GCdHXj4ReNVO3YUVu1I
delma,high,ChIJJ6Rmi0NpXj4RirmSVXHGwrE
delma,high,ChIJ_X5_sYloXj4R7yEMS_c4eKE
delma,high,ChIJ6ceRi2pnXj4RO9pOhI7icjE
delma,high,ChIJ43Hi13lpXj4RzzYf8mWbs3A
delma,high,ChIJT7KcLitpXj4Rh5bcE_YzEJE
delma,high,ChIJ3X_JNv1pXj4RqPI030unqzE
delma,high,ChIJDccChn1pXj4RChtxa2C6YOk
delma,high,ChIJRccC8h1pXj4R6bmL4SEfoA0
delma,high,ChIJIQC5B3dpXj4RuLjtnsl-iQg
delma,high,ChIJA8LhDvNpXj4R8vv9oOyrJDw
delma,high,ChIJtaypk6VHXj4Rno3wZUgkHEU
delma,high,ChIJ5Q2p8hxpXj4RW1aP3BZOk1o
delma,high,ChIJ6WvjJUxpXj4RBrEpujZgm_0
delma,high,ChIJASsJwpdpXj4RK-rxI9CDims
delma,high,ChIJLbmsUNVpXj4Rimbd3z_7Zkc
delma,high,ChIJXXEoRatpXj4RAwuSFz46vVo
delma,high,ChIJ8bfdgZ5pXj4Rufma7EEL_sc
delma,high,ChIJBREr7oNDXj4RfhQ5lRfJBPU
delma,high,ChIJwzatXQBpXj4RvqKh4Y4GzcQ
delma,high,ChIJ4RPvP8hpXj4RZyJsF1mf7zA
delma,high,ChIJY59gK9VpXj4ROCwYdCtZdb0
delma,high,ChIJI8v8dWppXj4RWPqjOl9OoXE
delma,high,ChIJ3SEIKAtDXj4R-KbBxJRio3I
delma,high,ChIJ1RNCXzRDXj4RkbuAKXOwcGA
delma,high,ChIJRfTVvZVDXj4RZZRKmMGM9cs
delma,high,ChIJD78jm21DXj4RFJaaFlEWA9U
delma,high,ChIJt8i1c6JDXj4RZT68OZOeZA8
delma,high,ChIJJThiRQBDXj4ReHyHBI8ug-c
delma,high,ChIJn6Y25n5CXj4RNiqHwAV0tvE
delma,high,ChIJ_em4aABDXj4RJvIkDFBUzlU
delma,high,ChIJsZcdI0VCXj4RcqqbomF0j6w
delma,high,ChIJy0gbkiRDXj4RsKUFEhYvICw
delma,high,ChIJi3I6PmpFXj4RvnqAlf-Zj14
delma,high,ChIJObWU69VFXj4RHe9sihg8jm0
delma,high,ChIJP1niJQBHXj4RF3V73XOmjaQ
delma,high,ChIJjVmxV54IyG8Rb6vQGYUtChQ
delma,high,ChIJK756BwBFXj4RNGsyZqGUr0o
delma,high,ChIJJb5APb1FXj4RU9aUzn6zONo
delma,high,ChIJDauAueVFXj4R3Xmnuq3eL3M
delma,high,ChIJ2cRwm0lynCgR06QvoTEAUV0
delma,high,ChIJcTgqyBZHXj4Rf5B1BB4WmsQ
delma,high,ChIJdzZoddFFXj4RJUxCBRKNlz8
delma,high,ChIJCcq3fX1GXj4RHBRRQQMXNlE
delma,high,ChIJew69Lv1FXj4RjK59U-COz1k
delma,high,ChIJH26D38ZFXj4RrPiy947PD0w
delma,high,ChIJ32dV6-JFXj4RirMzddSWiYA
delma,high,ChIJieGTC7ZPXj4RX_8hfMRV2HY
delma,high,ChIJwReRVwZPXj4RpK7PtgYsZSw
delma,high,ChIJVdq-wf5HXj4RAyEN29J_D4Q
delma,high,ChIJoV3tjb5FXj4RPTMhunNNho0
delma,high,ChIJCRc4ebdFXj4RDqx1r4bzbto
delma,high,ChIJx_35IbpFXj4RiBbhXLiaAmA
delma,high,ChIJEQ2uFQBJXj4R8QG8_u2Tfu8
delma,high,ChIJxQc-metlXj4RA2Np0qHrA70
delma,high,ChIJUQmc5sVlXj4R2PCDAWYrzt0
delma,high,ChIJvzTI6fZlXj4RF8U8gHHjyio
delma,high,ChIJId_FDZtoXj4RtLMGvvUMFc0
delma,high,ChIJfZhovYdlXj4RhiiooGvSt7s
delma,high,ChIJNYLTB-tlXj4RSEYSqRV0fDE
delma,high,ChIJYXvJfPdlXj4RmcqPihLlFT8
delma,high,ChIJP8lwH-tlXj4R7n0s3BN0qpg
delma,high,ChIJIdnAcBtlXj4ReLhQ8LafChQ
delma,high,ChIJd23po5NlXj4RwUreEU0itg8
delma,high,ChIJM38BGwBlXj4RXvM9xafewTw
delma,high,ChIJ935DJ0BnXj4REi93Www6b6w
delma,high,ChIJtX9tROtlXj4RIk-cLGMAvcY
delma,high,ChIJm5L3bxxnXj4R2bVCq7eRdF0
delma,high,ChIJ7Q7KjQNmXj4ROEhXBTwMTWk
delma,high,ChIJsa0vizFnXj4RdKePMZEwcsY
delma,high,ChIJqWAauUtlXj4R5CEvqGsTNdk
delma,high,ChIJiZPMTaJnXj4RHOK4tARmadY
delma,high,ChIJkfB4BgVmXj4RCj9l9s0IATk
delma,high,ChIJfS8fdSdnXj4Re-Hd6z48PNs
delma,high,ChIJUy6LoMNlXj4RbjQD6nE6-kQ
delma,high,ChIJz6dobOJlXj4RX9XDqXofqHE
delma,high,ChIJQTsb0AhmXj4RdCam14AheBk
delma,high,ChIJg6FONuBnXj4RkIDJUY_jwfU
delma,high,ChIJaYW4UClnXj4R2OH_mVOFax8
delma,high,ChIJv_c8XKhlXj4R37pIbgaaggo
delma,high,ChIJnziwXgtmXj4RAe6_Mb7E0TA
delma,high,ChIJ-xQ51yplXj4R0C5AxmRh0KM
delma,high,ChIJZ-M2UgBnXj4RscZnYuRSk1Y
delma,high,ChIJkzlGXCZmXj4Rv0Ng_vrsMsI
delma,high,ChIJl5huYkBpXj4RX9faSAjd-iA
delma,high,ChIJB5DRKyZmXj4RDRhF9YlGekM
delma,high,ChIJ-bj4weBlXj4RYa1MziOiO6c
delma,high,ChIJyRCxvUBnXj4R5PTdoN5UFTQ
delma,high,ChIJxw_jYCBmXj4R4W15MAFN0z8
delma,high,ChIJx1BuZIdpXj4RYy4-cDCDdS0
delma,high,ChIJMTJk1YBpXj4Rr8PtSnvwj5M
delma,high,ChIJ3dyLL_hpXj4RY54HfB5SeGk
delma,high,ChIJxRNBcplpXj4RX-TbGt12084
delma,high,ChIJo1n-M0JnXj4R7PLlSnGxI_Y
delma,high,ChIJb6QgHwBnXj4Ry47XhnrMDQY
delma,high,ChIJ44q9goBDXj4Rw1_ZJL2LHcE
delma,high,ChIJnbuwwDZGXj4R2MuK02ZL3RQ
delma,high,ChIJ_1-JP91nXj4RrBOgLJu35F4
delma,high,ChIJPyQ_-xVpXj4RkJ-p2SBjK8w
delma,high,ChIJuYirVjFnXj4RhJ2QvewLb9Y
delma,high,ChIJ8_vGInVnXj4Rj-RC-PH75Q8
delma,high,ChIJFyiZ0CNpXj4RyziQ0BZlrFQ
delma,high,ChIJX28z48ZnXj4RrrTv2jMdt1s
delma,high,ChIJZ3VuZhBnXj4RyjUlmklyTsI
delma,high,ChIJs0OGRxhmXj4RyqF8O7pRgMs
delma,high,ChIJWXHpIZdnXj4RMfPQcuP8kS4
delma,high,ChIJl_nk5cNnXj4RwjYoWDZgh6g
delma,high,ChIJVZe88pNpXj4RT9AwJCaXtvA
delma,high,ChIJ8z35MOhnXj4RBz5wq89B23E
delma,high,ChIJFRtjJr5nXj4RH8E6eCIm0NM
delma,high,ChIJycSvtZxCXj4R-RJF502OC-k
delma,high,ChIJQS7TRp1CXj4R7kO__gEfjH4
delma,high,ChIJZUhSv6tFXj4R7ZpJFnYGOTw
delma,high,ChIJNUZcwFxlXj4R1UGyZkyy7vk
delma,high,ChIJ4x5Z0rllXj4RX0TozoUVNCM
delma,high,ChIJxftp17llXj4RR6iKQLzAZSE
delma,high,ChIJk2y5S1hlXj4RaU-V3GxHYZ4
delma,high,ChIJE41fxbllXj4RaqLEAd7ULzA
delma,high,ChIJhUJoI2hlXj4RWMgLSf9uN1o
delma,high,ChIJ4x5Z0rllXj4RLtJ5OoBzSig
delma,high,ChIJH3UftbtlXj4R_Gp1GDNG7Dg
delma,high,ChIJ4x5Z0rllXj4R_-VAv4ifxYU
delma,high,ChIJ4x5Z0rllXj4RjjjlVYEGEbY
delma,high,ChIJq6ZwLwBlXj4R5_xaVc_AL5M
delma,high,ChIJ4x5Z0rllXj4Req_RsypIwio
delma,high,ChIJn9KShVdpXj4RDEEMcAqN5gA
delma,high,ChIJW1ZZSkNmXj4ROlTwRMqMJUc
delma,high,ChIJV_fiWINnXj4RSVmfyhdlhnI
delma,high,ChIJHYAIMgBnXj4RLEfhkv4gRHg
delma,high,ChIJn-VSqNlnXj4R47V-_I-fBjI
delma,high,ChIJ1_XlqW5mXj4R2AysySiBqcQ
delma,high,ChIJB2qvUzlnXj4Ru2ErXtcNvvk
delma,high,ChIJZRR1sEBmXj4RXNuJ5Ox0s2Q
delma,high,ChIJ09YGNc5nXj4RwhYG0cOt4EA
delma,high,ChIJ9aiQWhRVsk8R7Wc-AZs4BkU
delma,high,ChIJA08z79VnXj4RDoBZEk7Amgs
delma,high,ChIJPU5JKHFmXj4RrYmSwxlGq80
delma,high,ChIJuaSSHi5nXj4Ra0WscH_VXFg
delma,high,ChIJF4h7eNJnXj4R5ks2kNdQdTA
delma,high,ChIJqTeaHthnXj4R4mu23EJamJY
delma,high,ChIJk8hQALtnXj4R0sneJuNBZPc
delma,high,ChIJVbstSFBmXj4R449I_E3vMkY
delma,high,ChIJkUYZJK5nXj4RiJ9Ku8bXwdM
delma,high,ChIJASsD9DJmXj4ROzoEGOtYpgA
delma,high,ChIJE954bXBnXj4R0i-p2WyA0dk
delma,high,ChIJWbEXrURmXj4RqTlvNIxNwMg
delma,high,ChIJIYAxKfpnXj4RttR5NvR6D0Q
delma,high,ChIJV-MZgqZnXj4RqyrxMfMdd98
delma,high,ChIJNS4mnhZnXj4ROmaMfmpRpog
delma,high,ChIJmY8cvnHui2sRb7FTWZ29zT8
delma,high,ChIJcdzVQ0lmXj4R8LF1iNswxUY
delma,high,ChIJG9QuzEBmXj4RFF3cHMHXnFE
delma,high,ChIJicmWN_5nXj4RlcNpSiVRe_k
delma,high,ChIJGQcdzZNnXj4REEerUGl7wDg
delma,high,ChIJQcy0bbxnXj4R-WqMI3VHVNI
delma,high,ChIJ_d7LWzNnXj4RGDMh0Ss42H8
delma,high,ChIJjxX0knlnXj4R44jguI9QG6w
delma,high,ChIJ8TsCxJ1nXj4RbbrhicyE6kc
delma,high,ChIJ5wt_y71nXj4Rf9V6KjoRaDQ
delma,high,ChIJ7-O7sH1nXj4Ruiwbj6pPfJo
delma,high,ChIJHRSMuBpnXj4ReujgE1dwHj0
delma,high,ChIJTzbECidnXj4RapPAqym1g6g
delma,high,ChIJM_cTHgBnXj4Rcz0pQfziQdc
delma,high,ChIJA0HSlpxnXj4RfrJqY3XlIYQ
delma,high,ChIJjf-Dz21nXj4RW69cUeFr59U
delma,high,ChIJYwNX56JnXj4RdqtWGzb13JA
delma,high,ChIJZV66kJhnXj4ReG9g2VN4Fa8
delma,high,ChIJ_S01UQVnXj4Rp9gKj2D00ws
delma,high,ChIJN9mjS01nXj4RjuZGa59Z6Fw
delma,high,ChIJcRgS2eFnXj4RhCRJ8MKJkXM
delma,high,ChIJ-VDAk51nXj4Rgep2KOSVTB4
delma,high,ChIJ5R5zm15mXj4RRrTpMfjvLO4
delma,high,ChIJ5ygF_l1mXj4R3TyhG8g5Ytg
delma,high,ChIJMXrb-ltmXj4R1SYL2CWAIsE
delma,high,ChIJ-d9iPl9mXj4RmAkeDYJ5VyY
delma,high,ChIJ1VAD2FBnXj4RpmMke4lL7oU
delma,high,ChIJ46n5PadnXj4RQxaG0H7wG1c
delma,high,ChIJf0lCeppnXj4RpNFakW7VXQU
delma,high,ChIJJRQvpxpnXj4RWzb_3l_p7l0
delma,high,ChIJ79IYKRFnXj4RMx7me4gh_Jg
delma,high,ChIJIUtXTBZnXj4Rp3OlWXUTxTo
delma,high,ChIJG3eVAWFmXj4RX_EiWIICdkc
delma,high,ChIJYypGG5BnXj4RZGQ25vMinrE
delma,high,ChIJiZseMgBnXj4RLhFPAjVs4Dw
delma,high,ChIJ0aqt6ztz_a8Rrw4sUQPIb8c
delma,high,ChIJscAhvklnXj4RPJwXl-xvlhs
delma,high,ChIJ4fKvQapdXj4RR4R8aMsOKH0
delma,high,ChIJsci4XkJnXj4RdFbLSs1RTaM
delma,high,ChIJCULiVB5nXj4RrriEuVkzcCg
delma,high,ChIJYY-i2nlnXj4RZaHk_hMG7hw
delma,high,ChIJc2LcxaxnXj4RlYm5aUKnvuM
delma,high,ChIJ684164pnXj4R7iGsef52v7w
delma,high,ChIJMQDQxVxnXj4RaEL-lsslhxo
delma,high,ChIJq6qqatNpXj4RG-LPAvrvE9o
delma,high,ChIJoyzRazppXj4RbE9fTX--YgY
delma,high,ChIJ59T1ESdnXj4Rf1TGNNax3LE
delma,high,ChIJ15JvYpZnXj4RhJkLzg3Yo50
delma,high,ChIJO19xxlxnXj4RCj2gDk8OZws
delma,high,ChIJi71ebABdXj4RxZxHjJ8O_p0
delma,high,ChIJNxIMOABdXj4RlXDKCcO8GOA
delma,high,ChIJX78DV_BFXj4RN5nviRuPI5Q
delma,high,ChIJmcDLX4ddXj4RTFm5SNq45uM
delma,high,ChIJ332nEJ9dXj4RYkL1dRzw7x8
delma,high,ChIJnWNRuh9pXj4R93AxarN6zlI
delma,high,ChIJ74u6ERZdXj4R_UOyeBtrBRw
delma,high,ChIJEQDnOQBdXj4RANnNr0KE6H0
delma,high,ChIJQ-vjMIdfXj4Rv__UgWAIaN4
delma,high,ChIJF3S7gY5PXj4Rj-9MkNrGVCc
delma,high,ChIJedHeCPBnXj4RxLG6Hrun3XA
delma,high,ChIJs3vVRWJpXj4RWFSLjKWVMig
delma,high,ChIJf5ksS1pnXj4R8nGiK6EIavw
delma,high,ChIJ857h14VoXj4R-MivhTIp0zA
delma,high,ChIJq0b4j1ppXj4RGyoDe94smso
delma,high,ChIJxdrDuv5nXj4RpY-5DF6euTc
delma,high,ChIJyTjTcmtnXj4RQimZyggX-0g
delma,high,ChIJ--LATKNnXj4RcjNbguWP7XQ
delma,high,ChIJ66GC8lBnXj4RWy2ZqpAMXPs
delma,high,ChIJ039yYpBnXj4R-jriLFdsbhQ
delma,high,ChIJY0o69snGMosRON-icriog-w
delma,high,ChIJseoQLkpnXj4R0ttDnknkwFs
delma,high,ChIJB65Z-txnXj4R1tA3xNsPhuU
delma,high,ChIJlwoJZqtnXj4RWTk4Uc8irM0
delma,high,ChIJKepBesZHXj4RaBj3rjbxowg
delma,high,ChIJb1nZFylnXj4RQ970d7ENh7E
delma,high,ChIJP2wFAmlFXj4RyTAG9SZLuOo
delma,high,ChIJ3en6cZ9nXj4RF2tAl2cNOhY
delma,high,ChIJVeWO8JBnXj4RFTW9auZALEQ
delma,high,ChIJa5lMYwBnXj4RMZ5IObcolEI
delma,high,ChIJD1sARgBnXj4RIsSKjimSOtU
delma,high,ChIJyzQrxX9BXj4R3dgagdsPj3c
delma,high,ChIJ16q9A1NmXj4RlbEye6DidAY
delma,high,ChIJE0h1bvxnXj4RfgC7_mTG3Ac
delma,high,ChIJy3uB4qlnXj4RcO9_SwxyAfs
delma,high,ChIJQTdrojBmXj4Rb_9E07pJORU
delma,high,ChIJYfQcrDJnXj4Rql8gi5D3N8o
delma,high,ChIJE-5kYTxmXj4Rh-fgMnNBUmQ
delma,high,ChIJ-bSvTvJnXj4RJ44FIOPKvoc
delma,high,ChIJSdNDIwtnXj4RtgRQAVdqGsE
delma,high,ChIJ-yLmBEGo92oRIFpI1-xLi84
delma,high,ChIJXcohuMJnXj4RoWXg91Ni0Ds
delma,high,ChIJQ5y8-ihmXj4R2--Iu91VhF8
delma,high,ChIJoxxAhsJpXj4RcYTCJSBnW4E
delma,high,ChIJ_chcCE9mXj4Ri_BscHtsX9I
delma,high,ChIJu39Q-xztHQsRridqi4XMjY4
delma,high,ChIJTcrTWGGt7mQRXgEix_2_Uq4
delma,high,ChIJ_YyMCwBpXj4RdNchW4I14U4
delma,high,ChIJu7lVNFFnXj4Rh3ZfIeCW_l8
delma,high,ChIJucQxxsRnXj4R512MmgYJ4vQ
delma,high,ChIJBwQQN51nXj4RxvRgy-HYskU
delma,high,ChIJAwEMi9xnXj4RT3boB_iocto
delma,high,ChIJVVVVeVlmXj4R6VS3CRGr4ok
delma,high,ChIJ60v63kRpXj4Rx-2z7cIGd1M
delma,high,ChIJ5xZgC51nXj4R9Q19GGhq79U
delma,high,ChIJISIA0epnXj4R3NPYSWTWMzc
delma,high,ChIJ8c1oDTpnXj4RhWg-OJ1Acwc
delma,high,ChIJX1RX4wo8YW0RWfZ4IhmQ910
delma,high,ChIJG4PiHHpHXj4Rgotz8EAEtKw
delma,high,ChIJTbJqXgdnXj4RxwgM7jWri0k
delma,high,ChIJYe0rouVnXj4RBQKS16aIjdc
delma,high,ChIJrdP5fzVnXj4RMa-wVitoTkg
delma,high,ChIJqSQmziRnXj4RmeMQxuCyqdE
delma,high,ChIJqWOcxKZnXj4REDnFq7XplL4
delma,high,ChIJ2R_mwgpmXj4RFBUQ0mAaS0g
delma,high,ChIJIcfhikBmXj4RDW08uEX-Z5g
delma,high,ChIJs33dBLxnXj4RMLCKrC_P_8o
delma,high,ChIJr0nXtj1nXj4RRRzISutiKk8
delma,high,ChIJ5ZdMfFpnXj4RogmtEazB4y0
delma,high,ChIJqWcd62dmXj4RhK3HHIGDJU4
delma,high,ChIJaXKPMvRnXj4RRPVd1vS7_-4
delma,high,ChIJadIgXV5mXj4RHvil6PozSWE
delma,high,ChIJD_u7A2ZmXj4RWpXlIFngq0E
delma,high,ChIJWXQkBbNnXj4RH9BkA9ttS4g
delma,high,ChIJycDEwXtnXj4RvJsLPnvqb0M
delma,high,ChIJxSWvhJ9nXj4RAD2csL2tCPs
delma,high,ChIJMx2vVDFnXj4RofkJZHV4AF0
delma,high,ChIJvYuUk31nXj4RAIboTOIYjjw
delma,high,ChIJOT5Vq4VnXj4RUX2e0_2hhFM
delma,high,ChIJoZ61PXdnXj4RP8OgX34DSZk
delma,high,ChIJ56Heog1nXj4RwXiqmukHXas
delma,high,ChIJUUhQMmFmXj4Rmmo5z04KXOU
delma,high,ChIJ5waOJUFnXj4R9Qe9NGUCeys
delma,high,ChIJZ6QJe0lnXj4RBmyypnUAkmw
delma,high,ChIJJ8ZD0y9nXj4Rgq4iStCwxaQ
delma,high,ChIJ9ePCDDJnXj4R2lE3kpQj14o
delma,high,ChIJE82v1t1nXj4R4TjauuobSTk
delma,high,ChIJCX-p3FZnXj4RxvSlMaCdcjA
delma,high,ChIJDRVrHQBnXj4RQ7zsRdI3hHo
delma,high,ChIJS61JbB5mXj4RgF-hmsgxuBs
delma,high,ChIJq7KQiVkiu44RFiNNjfq-8Qg
delma,high,ChIJDwhDPz5nXj4RYsFFNcfOBsY
delma,high,ChIJC2xhY5osVYcREHYoqqDJMkg
delma,high,ChIJC-qSZ9VnXj4Rl4-9xeIvBfM
delma,high,ChIJFf5hotJnXj4RaeQ_fkV8Cvk
delma,high,ChIJP_qupm5nXj4RbumVBqXp1xQ
delma,high,ChIJIWVIlbRnXj4RgOogtBZgwKs
delma,high,ChIJQ8ljpdVnXj4RXbKAYsbdZ4A
delma,high,ChIJ9WInBWtnXj4RxEXM3Kxdfh0
delma,high,ChIJpY8eIopnXj4R-W--X2TfcdA
delma,high,ChIJS3rYruNnXj4Rkzh6QikQ-7Y
delma,high,ChIJiebkpd5nXj4RX2Mi86natDE
delma,high,ChIJ15sJJShnXj4RQ0eeYXBdZwo
delma,high,ChIJ2wDUJSZnXj4RDEaKjF9OrrY
delma,high,ChIJaQAS82NmXj4Rc7ND45DP_mE
delma,high,ChIJYw2ruydmXj4RBVpf7T18Iv8
delma,high,ChIJz8os5WRmXj4RT6RASiduQhY
delma,high,ChIJXdfe9ednXj4RJJ-loFBOlbc
delma,high,ChIJT_KD0o5nXj4RnPEbddbl8DE
delma,high,ChIJndvG6k1nXj4Rux7D-1bDDqw
delma,high,ChIJsbAHHABnXj4RS-zsnr4GJaw
delma,high,ChIJtXoBeyNmXj4RNAp0GFV7IWo
delma,high,ChIJk-wHqNtnXj4RCnLfnouEc_c
delma,high,ChIJS6zSkSBnXj4RqEs00Xw5zDs
delma,high,ChIJI4lXbABnXj4RaN1ZxKqvAUs
delma,high,ChIJvS9WeYlnXj4RRfn1UzM5QRY
delma,high,ChIJaRZUqHZmXj4RpLJ7tHP_RFg
delma,high,ChIJpX_OJYJoXj4Rpjz8-daA5RA
delma,high,ChIJ_wOzsw5nXj4REAiP6OP6nU0
delma,high,ChIJXUjWmR5nXj4R8waZHt49aJA
delma,high,ChIJHydx9CGS2CcRx5ActGmymJ8
delma,high,ChIJA0Zs2CJnXj4Rr0yMvlyjPqk
delma,high,ChIJK7tMZFpmXj4RXCtoBOrjFdE
delma,high,ChIJm0kTSBVmXj4RfDXhsMaQ3hA
delma,high,ChIJiRByoWVmXj4RwyYFrNKx1y4
delma,high,ChIJa_uR1otnXj4RcemH38_7OxM
delma,high,ChIJVfuOjmdmXj4Re4b0WfIcBEk
delma,high,ChIJyWDqRWJnXj4RTZMYi4u1spg
delma,high,ChIJByfkR1JnXj4RjZnK3wXzQsU
delma,high,ChIJDSIpTQxnXj4Ri2TOMbuDqYQ
delma,high,ChIJYzLadgpnXj4RLzJZVi1kNSQ
delma,high,ChIJ83bmZbVnXj4R0qRR4A-B13A
delma,high,ChIJSWDSRvhnXj4R4BtLYbxkGsE
delma,high,ChIJBdF1KLFnXj4RIoI6NE7VsH0
delma,high,ChIJOa6rvn5pXj4RHFhX0FEX7yY
delma,high,ChIJr6wjqh9nXj4ROupP3dicQsc
delma,high,ChIJCcn8d-VnXj4R9liKH-vNo7c
delma,high,ChIJJ-JnA39CXj4R29ei0wLjmCw
delma,high,ChIJu5Q_WXBnXj4RRdALUTTrM6k
delma,high,ChIJi2dTOThnXj4RsR8brZ1nOy0
delma,high,ChIJoZVnEQBHXj4RhoneBiTbNw4
delma,high,ChIJJ4wSTrdpXj4R1L8vQ_7a69k
delma,high,ChIJkT7LnDdoXj4RYAutdxTjQN4
delma,high,ChIJYfh3OItpXj4Rt3V__N7ZRco
delma,high,ChIJSZPJAhFpXj4RnXb7lxKNILI
delma,high,ChIJXegBnsJLXj4RbvwJRXPu_8o
delma,high,ChIJycN1AhxFXj4RscBwotobRns
delma,high,ChIJqVgBKaRpXj4RQq9wj7RRfN4
delma,high,ChIJqZDQZdFBXj4RVgknuVN2Yt4
delma,high,ChIJP402dFdpXj4RYdkRQwX62T4
delma,high,ChIJt4ngRthFXj4R7qe029dMUJU
jumeirah-park,low,ChIJiZQzQd5tXz4RpZpIxBBEbIc
jumeirah-park,low,ChIJMzPF6ZZtXz4Rx0s_zlZyioE
jumeirah-park,low,ChIJW4wwOd9tXz4RyYU_5slz5Lg
jumeirah-park,low,ChIJvaDnjb1tXz4Rx0XkYIh7BK8
jumeirah-park,low,ChIJW-0RDINtXz4R-PR22ETHCI4
jumeirah-park,low,ChIJ0SctRSVtXz4RCZyZRHoRUgU
jumeirah-park,low,ChIJLfqWekhtXz4R2evgQqknHso
jumeirah-park,low,ChIJeRSOP0htXz4RAxBfsOZg2VA
jumeirah-park,low,ChIJvyAnXABtXz4RAPIlDUMQsnk
jumeirah-park,low,ChIJPWvkYH1tXz4RXf0Zcca1LwE
jumeirah-park,low,ChIJn_rhhwdtXz4RVxPr2F7oTxA
jumeirah-park,low,ChIJdzDwuXv3NAoRpv5ZrUa0FHM
jumeirah-park,low,ChIJxYTfREVtXz4Rs3jUmZCAO9Y
jumeirah-park,low,ChIJyd4g_pptXz4RkOGnZHR6XVo
jumeirah-park,low,ChIJL0WozWRtXz4RrIU7_16-yO0
jumeirah-park,low,ChIJy0WgZQBtXz4R4FvmqLRMmao
jumeirah-park,low,ChIJLR4ydBRtXz4R4D643joO_Ig
jumeirah-park,low,ChIJiwe0qHBrXz4RjEMJraSg8cI
jumeirah-park,low,ChIJxVt4blkTXz4Rd2u_R0AqBVs
jumeirah-park,low,ChIJwflAdUUTXz4RiHzn2Z3_AUc
jumeirah-park,low,ChIJh2140HwTXz4RdZGKPmUiksc
jumeirah-park,low,ChIJv7ArzDYTXz4Rcbrjg4tuQeE
jumeirah-park,low,ChIJl5NnLDETXz4RkmOuqobecKE
jumeirah-park,low,ChIJD-AMzTATXz4RdArMURJdaRk
jumeirah-park,low,ChIJLZ4RLTcTXz4Rkp_H-CHCd1o
jumeirah-park,low,ChIJT8sO8IETXz4RvHgp8L42WD4
jumeirah-park,low,ChIJZR_lhhhtXz4RqarjuJzbGtc
jumeirah-park,low,ChIJQ20Q4t9sXz4RXdmqnHykV_o
jumeirah-park,low,ChIJEy4q3t9sXz4RoIIRLAFe1PI
jumeirah-park,low,ChIJj_pqhGBtXz4RTs4UjuBCKc4
jumeirah-park,low,ChIJZbBg6ihtXz4RzkyQMCZHSWo
jumeirah-park,low,ChIJbe5lUn5tXz4R7vU7HpkjHSc
jumeirah-park,low,ChIJYz5VGJVDXz4Rnm-Fq2l1WjY
jumeirah-park,low,ChIJCVQWGwBtXz4RraEvUe4A_VY
jumeirah-park,low,ChIJ3bYQmRJtXz4RfgBW44vVHDw
jumeirah-park,low,ChIJGVsHtbNtXz4RrOYLqo7Jcuc
jumeirah-park,low,ChIJ6ZNQrbNtXz4RcJs8XZxFPT4
jumeirah-park,low,ChIJ2bny5oZtXz4RmHYfIgIp-c0
jumeirah-park,low,ChIJTc8aR-VsXz4RF5-Volg8EbU
jumeirah-park,low,ChIJM7-UJbptXz4R3yQ6jeUWHsg
jumeirah-park,low,ChIJiZsbz5ZtXz4RhAc9F3Y0SMk
jumeirah-park,low,ChIJq2_GrGBtXz4Rb3uoss5ALuo
jumeirah-park,low,ChIJbx3zbs1tXz4RYWuD2zQHnBI
jumeirah-park,low,ChIJN1xMJf9tXz4RLuPTojI9uEo
jumeirah-park,low,ChIJsXxEXqZtXz4Ro4u9Db1gDuY
jumeirah-park,low,ChIJsQNsE_9tXz4RtkipklfpFmE
jumeirah-park,low,ChIJLfsLPFQTXz4RX_4X2fhzqfU
jumeirah-park,low,ChIJDfWiCfltXz4Rusomg1MTsa4
jumeirah-park,low,ChIJjXtdokFtXz4RL83O2a0D6ZE
jumeirah-park,low,ChIJZzmYK6MTXz4RgF2mPRGbNd0
jumeirah-park,low,ChIJm1pVp0BtXz4Rpgo2ztoaZEA
jumeirah-park,low,ChIJU_QK2KoUXz4Ru93PuJFIupY
jumeirah-park,low,ChIJx5BOfa5sXz4RXNsRSY2lun4
jumeirah-park,low,ChIJWzSmhLNrXz4RHXehJpUg3E0
jumeirah-park,low,ChIJp991Ws8TXz4RVATWrbaOyC8
jumeirah-park,low,ChIJ6ZsuhmFtXz4R47TQ90ZHCzE
jumeirah-park,low,ChIJpf9cxi1tXz4RbtgU9W1DO4I
jumeirah-park,low,ChIJwcoaR6dsXz4RDLheu2Bp538
jumeirah-park,low,ChIJM-KxW6FsXz4RjrMlJoqqJWM
jumeirah-park,low,ChIJ5f2XdotDXz4RMj_NhIGHozU
jumeirah-park,low,ChIJA6g3FNFtXz4Rt4V5ajzhvlk
jumeirah-park,low,ChIJ_aEXB79sXz4RnviPOYGaj2E
jumeirah-park,low,ChIJn2iIevJrXz4RX00nr_Slasg
jumeirah-park,low,ChIJ67goKABtXz4RXHhw0ECjnFw
jumeirah-park,low,ChIJa17sR5ZtXz4RMNhHiMM0Zsw
jumeirah-park,low,ChIJX3PyIE1tXz4R51483ZNsyx4
jumeirah-park,low,ChIJv_FEbKdsXz4RS0OpAt_a7WA
jumeirah-park,low,ChIJCy_EPG9tXz4R80PflAhihV8
jumeirah-park,low,ChIJwaaXuTNtXz4RjEA_RaTUJhg
jumeirah-park,low,ChIJs_iAc6BtXz4RnAvJoL57H18
jumeirah-park,low,ChIJFaPiRZhtXz4RzXH5e8LrOEo
jumeirah-park,low,ChIJU9ssk9BtXz4R1W0SPxKuVwQ
jumeirah-park,low,ChIJrTQwIZttXz4RQ18tPmUFlbg
jumeirah-park,low,ChIJ8cfFmiC6f2oRnTWcMfVVOsQ
jumeirah-park,low,ChIJuS_s02VtXz4R7Xt1H7EA498
jumeirah-park,low,ChIJxw3DBjETXz4RrPkUIXBMD7A
jumeirah-park,low,ChIJ9eFOZPoTXz4RWJdd9j75_Ww
jumeirah-park,low,ChIJibSOk3ATXz4Ru9kk0k27QLc
jumeirah-park,low,ChIJr5cq53FtXz4Rgck5mrpdndU
jumeirah-park,low,ChIJSaevdyVDXz4Rr54SlMnK6S4
jumeirah-park,low,ChIJPaLZE61sXz4RbhYuDkxDmfo
jumeirah-park,low,ChIJu-ch-ThtXz4R5JwTE1GI3w8
jumeirah-park,low,ChIJg_m-X3MTXz4RlUVHkObT4Ow
jumeirah-park,low,ChIJCx0fu7kTXz4RIIq2xQCEQ1o
jumeirah-park,low,ChIJFxrEMPhSiiQRRkTNEUkUeQw
jumeirah-park,low,ChIJi1-YOO8TXz4RhdAD7OyN-Ec
jumeirah-park,low,ChIJSY86HQATXz4R-BYQRQIpg-8
jumeirah-park,low,ChIJwfH3M1JCXz4RXNFepB9FH5k
jumeirah-park,low,ChIJycbpu34TXz4RFUI9UzN9iQQ
jumeirah-park,medium,ChIJ0xJNJSZzXz4RQ846shrt3Lc
jumeirah-park,medium,ChIJQYcVZIkNXz4RYFxLHJjbGfA
jumeirah-park,medium,ChIJf44m4B5zXz4RDc9u3CqRczM
jumeirah-park,medium,ChIJ-TPt1QpzXz4R27dKO5NNWTw
jumeirah-park,medium,ChIJk0IQhIJzXz4RAMT7QM01P7E
jumeirah-park,medium,ChIJpfOXeGxzXz4RLzWKQdVc8XU
jumeirah-park,medium,ChIJF07vlkhzXz4RoG7_c686iYA
jumeirah-park,medium,ChIJZT43DL9yXz4RAvU9OL33nqI
jumeirah-park,medium,ChIJjSUEOoUTXz4RidlUibu2gXE
jumeirah-park,medium,ChIJgzcwKgwTXz4R5RVpp0Xuk2U
jumeirah-park,medium,ChIJH4HsYwgTXz4RnFfRp2wIZDU
jumeirah-park,medium,ChIJz_JrbwANXz4RE1yLzAdPxWU
jumeirah-park,medium,ChIJQQ9HfGFtXz4Rcqp-MgnFtYs
jumeirah-park,medium,ChIJFYM39WFtXz4RmuHdt8OHkaU
jumeirah-park,medium,ChIJAQzhvRZzXz4R7LB3xAxA2R8
jumeirah-park,medium,ChIJRd0oCmttXz4RgljcoxztV-w
jumeirah-park,medium,ChIJlZnuSCptXz4RkPej8K7FhgA
jumeirah-park,medium,ChIJPUzATcttXz4RYU9GiywYy48
jumeirah-park,medium,ChIJvTZLAiMTXz4R3H3zDnNdHxA
jumeirah-park,medium,ChIJUVp9dgBtXz4RvJE993SwGYA
jumeirah-park,medium,ChIJnayY5GBtXz4RKym4qjw4Z94
jumeirah-park,medium,ChIJy1JfMEtzXz4RsZMQzfZFpy0
jumeirah-park,medium,ChIJU6qE5mpbXz4Rd2R_DW1mf34
jumeirah-park,medium,ChIJAeeQOIRyXz4RirpCKt2YzMI
jumeirah-park,medium,ChIJVY3jmoRyXz4RNXucNW735AA
jumeirah-park,medium,ChIJ2YzCa_tzXz4R99BFw5m7-Cg
jumeirah-park,medium,ChIJSwsA8-xtXz4R-hn-0S1Da6s
jumeirah-park,medium,ChIJdYZ52odyXz4R2F8T3JPful4
jumeirah-park,medium,ChIJU9L0HABzXz4RZeyesg08rMo
jumeirah-park,medium,ChIJ79opllUTXz4RpHddFZ0jXEo
jumeirah-park,medium,ChIJiZQzQd5tXz4RpZpIxBBEbIc
jumeirah-park,medium,ChIJMzPF6ZZtXz4Rx0s_zlZyioE
jumeirah-park,medium,ChIJW4wwOd9tXz4RyYU_5slz5Lg
jumeirah-park,medium,ChIJvaDnjb1tXz4Rx0XkYIh7BK8
jumeirah-park,medium,ChIJW-0RDINtXz4R-PR22ETHCI4
jumeirah-park,medium,ChIJ0SctRSVtXz4RCZyZRHoRUgU
jumeirah-park,medium,ChIJLfqWekhtXz4R2evgQqknHso
jumeirah-park,medium,ChIJeRSOP0htXz4RAxBfsOZg2VA
jumeirah-park,medium,ChIJvyAnXABtXz4RAPIlDUMQsnk
jumeirah-park,medium,ChIJPWvkYH1tXz4RXf0Zcca1LwE
jumeirah-park,medium,ChIJn_rhhwdtXz4RVxPr2F7oTxA
jumeirah-park,medium,ChIJdzDwuXv3NAoRpv5ZrUa0FHM
jumeirah-park,medium,ChIJxYTfREVtXz4Rs3jUmZCAO9Y
jumeirah-park,medium,ChIJyd4g_pptXz4RkOGnZHR6XVo
jumeirah-park,medium,ChIJL0WozWRtXz4RrIU7_16-yO0
jumeirah-park,medium,ChIJ11Vs8WNtXz4RfNkV0GBBdH8
jumeirah-park,medium,ChIJ1cHNmXZtXz4RTQ4zuuiuoSo
jumeirah-park,medium,ChIJy0WgZQBtXz4R4FvmqLRMmao
jumeirah-park,medium,ChIJwZsVA5xtXz4RU5FQwpuKqAs
jumeirah-park,medium,ChIJLR4ydBRtXz4R4D643joO_Ig
jumeirah-park,medium,ChIJH6BhdmttXz4R6qFnHkj5XSw
jumeirah-park,medium,ChIJx6Te75NtXz4Rsmj3p0qtE7I
jumeirah-park,medium,ChIJJ423AiGqsAkRciWCRv5Wri4
jumeirah-park,medium,ChIJ3RiWBWdtXz4RMxjFdoI8lM0
jumeirah-park,medium,ChIJ4yiZA4JtXz4RyHOqaHDbi2Q
jumeirah-park,medium,ChIJj1ve_eldXz4RGjEWSq6f9Z0
jumeirah-park,medium,ChIJrwaWdhRtXz4RZdzBgyHtIaw
jumeirah-park,medium,ChIJE9U6SqhtXz4RieMmZ4jyBLk
jumeirah-park,medium,ChIJHxzurtbByQQRwAWu-oB9X2Y
jumeirah-park,medium,ChIJWbDLOlJtXz4ROrG0ixz94ZA
jumeirah-park,medium,ChIJ8dQJgZBtXz4RFxFYRl20DJY
jumeirah-park,medium,ChIJfTsjowdtXz4RfqaeZosQfGc
jumeirah-park,medium,ChIJiwe0qHBrXz4RjEMJraSg8cI
jumeirah-park,medium,ChIJX60WmAcTXz4RtBaDubm2ofY
jumeirah-park,medium,ChIJxVt4blkTXz4Rd2u_R0AqBVs
jumeirah-park,medium,ChIJwflAdUUTXz4RiHzn2Z3_AUc
jumeirah-park,medium,ChIJh2140HwTXz4RdZGKPmUiksc
jumeirah-park,medium,ChIJv7ArzDYTXz4Rcbrjg4tuQeE
jumeirah-park,medium,ChIJl5NnLDETXz4RkmOuqobecKE
jumeirah-park,medium,ChIJD-AMzTATXz4RdArMURJdaRk
jumeirah-park,medium,ChIJLZ4RLTcTXz4Rkp_H-CHCd1o
jumeirah-park,medium,ChIJT8sO8IETXz4RvHgp8L42WD4
jumeirah-park,medium,ChIJZR_lhhhtXz4RqarjuJzbGtc
jumeirah-park,medium,ChIJQ20Q4t9sXz4RXdmqnHykV_o
jumeirah-park,medium,ChIJEy4q3t9sXz4RoIIRLAFe1PI
jumeirah-park,medium,ChIJj_pqhGBtXz4RTs4UjuBCKc4
jumeirah-park,medium,ChIJZbBg6ihtXz4RzkyQMCZHSWo
jumeirah-park,medium,ChIJbe5lUn5tXz4R7vU7HpkjHSc
jumeirah-park,medium,ChIJYz5VGJVDXz4Rnm-Fq2l1WjY
jumeirah-park,medium,ChIJCVQWGwBtXz4RraEvUe4A_VY
jumeirah-park,medium,ChIJ3bYQmRJtXz4RfgBW44vVHDw
jumeirah-park,medium,ChIJGVsHtbNtXz4RrOYLqo7Jcuc
jumeirah-park,medium,ChIJ6ZNQrbNtXz4RcJs8XZxFPT4
jumeirah-park,medium,ChIJ2bny5oZtXz4RmHYfIgIp-c0
jumeirah-park,medium,ChIJTc8aR-VsXz4RF5-Volg8EbU
jumeirah-park,medium,ChIJM7-UJbptXz4R3yQ6jeUWHsg
jumeirah-park,medium,ChIJiZsbz5ZtXz4RhAc9F3Y0SMk
jumeirah-park,medium,ChIJq2_GrGBtXz4Rb3uoss5ALuo
jumeirah-park,medium,ChIJbx3zbs1tXz4RYWuD2zQHnBI
jumeirah-park,medium,ChIJN1xMJf9tXz4RLuPTojI9uEo
jumeirah-park,medium,ChIJsXxEXqZtXz4Ro4u9Db1gDuY
jumeirah-park,medium,ChIJsQNsE_9tXz4RtkipklfpFmE
jumeirah-park,medium,ChIJaXRKzyhhXz4Rgco-Kv7KkGw
jumeirah-park,medium,ChIJK-7lVO1tXz4RMr9whME7dJY
jumeirah-park,medium,ChIJBa4VrhZtXz4RBILEucrVUEc
jumeirah-park,medium,ChIJLWXAa5ttXz4R90i2vNMocj8
jumeirah-park,medium,ChIJzynOTXJtXz4R-WtRuvgtE5Y
jumeirah-park,medium,ChIJH32H67ZtXz4R8CNbPtkHgtg
jumeirah-park,medium,ChIJAeX3S6htXz4RprfwZfXyLcY
jumeirah-park,medium,ChIJl2qKJgltXz4ReuBuwKKMYvw
jumeirah-park,medium,ChIJC4J6G2VtXz4R4RsTT8qB6ac
jumeirah-park,medium,ChIJa1InCzVtXz4Rihe5RIz6XGc
jumeirah-park,medium,ChIJQ7UJcfttXz4RoBTDuI2qAvs
jumeirah-park,medium,ChIJuVb7JFZvXz4R4i2GWXDiSyo
jumeirah-park,medium,ChIJ2-ovMplvXz4RyX4r_oQ7ycA
jumeirah-park,medium,ChIJV1t8T_FvXz4RQxzTeykQ-64
jumeirah-park,medium,ChIJ4zlwjihvXz4RgRVZyYd1gic
jumeirah-park,medium,ChIJuRItV1pvXz4RDyikHbCwXtE
jumeirah-park,medium,ChIJj5yMIXJuXz4RRDbWKMTCPu0
jumeirah-park,medium,ChIJ_3cd8NtvXz4RdhT5_M0FRoI
jumeirah-park,medium,ChIJccLd2X9vXz4Rei7lzTt5N78
jumeirah-park,medium,ChIJ3aP6j7hvXz4Rf8nb_6qElnI
jumeirah-park,medium,ChIJ6zPLjxZvXz4RBi8Z_6P-kPo
jumeirah-park,medium,ChIJ0yIYUnFuXz4RxEeQNv2BzdM
jumeirah-park,medium,ChIJ4V7lZhBvXz4RgbOwhFmVkKM
jumeirah-park,medium,ChIJUdN_NbNvXz4Rn-_W_7yLKrc
jumeirah-park,medium,ChIJLfsLPFQTXz4RX_4X2fhzqfU
jumeirah-park,medium,ChIJDfWiCfltXz4Rusomg1MTsa4
jumeirah-park,medium,ChIJjXtdokFtXz4RL83O2a0D6ZE
jumeirah-park,medium,ChIJEQAPcthrXz4R3RTM5SJQyrc
jumeirah-park,medium,ChIJZzmYK6MTXz4RgF2mPRGbNd0
jumeirah-park,medium,ChIJm1pVp0BtXz4Rpgo2ztoaZEA
jumeirah-park,medium,ChIJM-19L-cVXz4REIhLIFnnVr8
jumeirah-park,medium,ChIJU_QK2KoUXz4Ru93PuJFIupY
jumeirah-park,medium,ChIJx5BOfa5sXz4RXNsRSY2lun4
jumeirah-park,medium,ChIJ5S0k-lNrXz4RQHWm2twWnbM
jumeirah-park,medium,ChIJhdRRgeVrXz4RuC0c19eOEis
jumeirah-park,medium,ChIJWzSmhLNrXz4RHXehJpUg3E0
jumeirah-park,medium,ChIJPxviM1VrXz4R0KxbSC9YcNc
jumeirah-park,medium,ChIJp991Ws8TXz4RVATWrbaOyC8
jumeirah-park,medium,ChIJ6ZsuhmFtXz4R47TQ90ZHCzE
jumeirah-park,medium,ChIJpf9cxi1tXz4RbtgU9W1DO4I
jumeirah-park,medium,ChIJwcoaR6dsXz4RDLheu2Bp538
jumeirah-park,medium,ChIJzXuUo5tsXz4RzzSoaPXEn5c
jumeirah-park,medium,ChIJOwhDoWFDXz4RmQU9ldvvwWY
jumeirah-park,medium,ChIJM-KxW6FsXz4RjrMlJoqqJWM
jumeirah-park,medium,ChIJ5f2XdotDXz4RMj_NhIGHozU
jumeirah-park,medium,ChIJA6g3FNFtXz4Rt4V5ajzhvlk
jumeirah-park,medium,ChIJ_aEXB79sXz4RnviPOYGaj2E
jumeirah-park,medium,ChIJVVVA7JhsXz4RpDbMLQunIKU
jumeirah-park,medium,ChIJn2iIevJrXz4RX00nr_Slasg
jumeirah-park,medium,ChIJPycKFHltXz4RUZ1LzXwyJAg
jumeirah-park,medium,ChIJ67goKABtXz4RXHhw0ECjnFw
jumeirah-park,medium,ChIJvcTyx0NtXz4Rac1Gnsk9Jzc
jumeirah-park,medium,ChIJO96ntmJtXz4RR1nUd6qXzIo
jumeirah-park,medium,ChIJa17sR5ZtXz4RMNhHiMM0Zsw
jumeirah-park,medium,ChIJi3fzHnRxXz4R9CwkfSdz09k
jumeirah-park,medium,ChIJbQepX4NtXz4R8Xcv4BeD8mg
jumeirah-park,medium,ChIJK2kMNQttXz4RSwr6ashIbvw
jumeirah-park,medium,ChIJCSbQ9uNtXz4Rd7PasTLpvzw
jumeirah-park,medium,ChIJrz3XvhptXz4R4wDdcB9IE_Y
jumeirah-park,medium,ChIJX3PyIE1tXz4R51483ZNsyx4
jumeirah-park,medium,ChIJv8jrgpttXz4RsVuFSw-cgIo
jumeirah-park,medium,ChIJyR0D6zZsXz4RHT0ZIk1MVKs
jumeirah-park,medium,ChIJTV_hyeZtXz4Rju47jz_CRK0
jumeirah-park,medium,ChIJUT9-0hZvXz4RZw7yu7JXlZo
jumeirah-park,medium,ChIJIXoYDu0VXz4RQgMgF8eRDvI
jumeirah-park,medium,ChIJzwtZOSQVXz4RIDAOvN9ycHQ
jumeirah-park,medium,ChIJv_FEbKdsXz4RS0OpAt_a7WA
jumeirah-park,medium,ChIJkVpdJetrXz4R2v9qP9A2AYg
jumeirah-park,medium,ChIJzbQmWi5rXz4RDRz-3XIcbaY
jumeirah-park,medium,ChIJY5xG-adrXz4RRGRjUX6IX44
jumeirah-park,medium,ChIJt61bfPRrXz4R--uyPFsQffQ
jumeirah-park,medium,ChIJu-rs299rXz4Rf6H8NIgAEvg
jumeirah-park,medium,ChIJz4GoXLxrXz4RS4Hp4z4ZOPI
jumeirah-park,medium,ChIJYczZwaNDXz4RVUkLBjBhJ2I
jumeirah-park,medium,ChIJMeSaCWVrXz4RveubZkApFLk
jumeirah-park,medium,ChIJn0hk6OVrXz4RlDHlwMNraBc
jumeirah-park,medium,ChIJVaa5b91rXz4R49LpEhPbiJ0
jumeirah-park,medium,ChIJp6EpTHprXz4RGABjzaVtGq8
jumeirah-park,medium,ChIJB1eybbhrXz4RfNr5DkIOkvQ
jumeirah-park,medium,ChIJpfLIdP1rXz4R_R7xnlyKBJk
jumeirah-park,medium,ChIJ0-w-wVxrXz4RYc37MlYKCbE
jumeirah-park,medium,ChIJH5dUcoFrXz4RWOBrkjL0Wzw
jumeirah-park,medium,ChIJXUoCz0ZtXz4Res-r0ofyu3k
jumeirah-park,medium,ChIJkz0IbwBrXz4RIwqLuYA0bD4
jumeirah-park,medium,ChIJrxTUycpDXz4R_z1tNuPd2cA
jumeirah-park,medium,ChIJ2fLyQXlrXz4Rl6K19ZHZSSc
jumeirah-park,medium,ChIJlWNJ7G1rXz4RjLW-0wzJSt8
jumeirah-park,medium,ChIJec_eH3VrXz4R7F-kRtcUXaI
jumeirah-park,medium,ChIJW_vhozhrXz4RmzolAlSh74k
jumeirah-park,medium,ChIJRbNfwhVrXz4RnpZhckAR_cc
jumeirah-park,medium,ChIJK8wwz3FrXz4Rw2gJhSlSU2k
jumeirah-park,medium,ChIJXyZO3NBrXz4RXZf2d5HfGyU
jumeirah-park,medium,ChIJLfby84FrXz4ReCf-3ArfkN0
jumeirah-park,medium,ChIJpdwj3YVrXz4RwQq2vbFqc-s
jumeirah-park,medium,ChIJz2ApzP5tXz4RR1A2SJQhumg
jumeirah-park,medium,ChIJ9bJ680NrXz4Rj_yWJ0q_eQk
jumeirah-park,medium,ChIJCYKz2FJrXz4RNGlMQNegMFQ
jumeirah-park,medium,ChIJtU9-uPRrXz4RN3R6liZ223g
jumeirah-park,medium,ChIJ9yBJjwhsXz4RdzOzU_uq7DQ
jumeirah-park,medium,ChIJXaK8uCNrXz4R0aW_t1ImN0Q
jumeirah-park,medium,ChIJGzGWmElrXz4RvqIF6_LqQJk
jumeirah-park,medium,ChIJNY4YQIFvXz4RuE3Gy4NpBf4
jumeirah-park,medium,ChIJaXwb3aRrXz4RAzpj7IpzKvg
jumeirah-park,medium,ChIJD5PwivlrXz4RDU4oUcEBl0U
jumeirah-park,medium,ChIJVyfUzl9rXz4RCK9R7pn1vis
jumeirah-park,medium,ChIJs_eK9yxrXz4RzOBm4aMC_HU
jumeirah-park,medium,ChIJAfkYH_xrXz4R9NtW4vGoDL4
jumeirah-park,medium,ChIJFf99ixxrXz4Rnip_Ns4PpBg
jumeirah-park,medium,ChIJtY3W8CBrXz4R2LE5GFldpVc
jumeirah-park,medium,ChIJe63--TBrXz4R4NKODsQUYmc
jumeirah-park,medium,ChIJwVknQB1rXz4RUmMkorXxZaI
jumeirah-park,medium,ChIJLeWVEQBrXz4RNvbgOR-dD_0
jumeirah-park,medium,ChIJxVg52EdrXz4RQnkKjDeWGew
jumeirah-park,medium,ChIJb6ujzs5rXz4RQ_2sNmN5WRU
jumeirah-park,medium,ChIJ49Z7XVdrXz4RoIv7siBSqEw
jumeirah-park,medium,ChIJ8f8nFj1rXz4RVvHyg7cmvLI
jumeirah-park,medium,ChIJS4uv1PZrXz4RrxyMoF1U0ko
jumeirah-park,medium,ChIJS5XPi3prXz4Rei1aMIOC6ng
jumeirah-park,medium,ChIJ11il0yeQMioRcY99sg7ykZs
jumeirah-park,medium,ChIJU3XoVANrXz4RU30Ih_o90Q0
jumeirah-park,medium,ChIJxWdj6MNrXz4RbL2IH8EYfFo
jumeirah-park,medium,ChIJsz4djPdrXz4R1-Rt0aWmHKw
jumeirah-park,medium,ChIJnTV05xRrXz4Rk_ymTk8TL_Q
jumeirah-park,medium,ChIJD4bp5lRrXz4RbSHxZ-kIxYM
jumeirah-park,medium,ChIJnVgaLwBrXz4RhpUHa5ytUHE
jumeirah-park,medium,ChIJr2VKFixrXz4RiQgP2XD3vw0
jumeirah-park,medium,ChIJRxWUdgBrXz4Rv7hVj9UWcXA
jumeirah-park,medium,ChIJD1ePLKdrXz4R4ff-YEShxvs
jumeirah-park,medium,ChIJIWujKHtrXz4RE-7llgiR4N0
jumeirah-park,medium,ChIJrR3Ef9prXz4RPa9jzsXsgzE
jumeirah-park,medium,ChIJbVx-iq1rXz4R5wi7QFRwMCA
jumeirah-park,medium,ChIJSTj_IsZrXz4RjkgnU6ZMk2A
jumeirah-park,medium,ChIJ3R8VfyBrXz4RzQB2VOn8F8w
jumeirah-park,medium,ChIJOw_2bhNrXz4R6El-vfiOYp8
jumeirah-park,medium,ChIJCy_EPG9tXz4R80PflAhihV8
jumeirah-park,medium,ChIJwaaXuTNtXz4RjEA_RaTUJhg
jumeirah-park,medium,ChIJs_iAc6BtXz4RnAvJoL57H18
jumeirah-park,medium,ChIJSRBRezxrXz4R8HJR0L4_WXY
jumeirah-park,medium,ChIJFaPiRZhtXz4RzXH5e8LrOEo
jumeirah-park,medium,ChIJU9ssk9BtXz4R1W0SPxKuVwQ
jumeirah-park,medium,ChIJrTQwIZttXz4RQ18tPmUFlbg
jumeirah-park,medium,ChIJ8cfFmiC6f2oRnTWcMfVVOsQ
jumeirah-park,medium,ChIJuS_s02VtXz4R7Xt1H7EA498
jumeirah-park,medium,ChIJi2h76DhrXz4R-b2FRnFktSE
jumeirah-park,medium,ChIJL_nVglBrXz4Re74KBLPLBFI
jumeirah-park,medium,ChIJHcdw6asTXz4R0tYj2ow-BzQ
jumeirah-park,medium,ChIJf2h746VrXz4RxivFTcunQoQ
jumeirah-park,medium,ChIJP22zRXNrXz4RXY4f1HG84PM
jumeirah-park,medium,ChIJa25nZJxrXz4RuGbDyTFG53E
jumeirah-park,medium,ChIJJ2j7G-VrXz4R-LXk1GHVhrI
jumeirah-park,medium,ChIJkUyZtuxrXz4RWmh1jznT4GI
jumeirah-park,medium,ChIJxw3DBjETXz4RrPkUIXBMD7A
jumeirah-park,medium,ChIJk5O0ns1tXz4RpuLbhCUHm-4
jumeirah-park,medium,ChIJw8V9XABrXz4RvZrjKdUiFxA
jumeirah-park,medium,ChIJ73kkjwprXz4RPQf7k34mCrM
jumeirah-park,medium,ChIJ9eFOZPoTXz4RWJdd9j75_Ww
jumeirah-park,medium,ChIJibSOk3ATXz4Ru9kk0k27QLc
jumeirah-park,medium,ChIJeb6R7-VtXz4R2jyela2LY3M
jumeirah-park,medium,ChIJWWmtp5RrXz4RKAOob3bZ8Xs
jumeirah-park,medium,ChIJr5cq53FtXz4Rgck5mrpdndU
jumeirah-park,medium,ChIJSaevdyVDXz4Rr54SlMnK6S4
jumeirah-park,medium,ChIJm4JrEiprXz4RRCbXT6RD-Cs
jumeirah-park,medium,ChIJo3q5flMTXz4RlPYpV6U5_Bs
jumeirah-park,medium,ChIJGWfxwXZrXz4RaDExsAf_1VQ
jumeirah-park,medium,ChIJ3Z_dNr1rXz4RM-IIH0gIP5s
jumeirah-park,medium,ChIJxWcdeHFrXz4RSS5cDxk3Ipk
jumeirah-park,medium,ChIJmRqgKs5tXz4ROaLUO5o3xrE
jumeirah-park,medium,ChIJPaLZE61sXz4RbhYuDkxDmfo
jumeirah-park,medium,ChIJa3nmeU5rXz4RUnQeGiTE-20
jumeirah-park,medium,ChIJHa7EkXBrXz4R9zC6WIolZhw
jumeirah-park,medium,ChIJ3dMkZ51rXz4RbblnFNSf_GM
jumeirah-park,medium,ChIJmwaCxdlrXz4RPPmVoL5YHys
jumeirah-park,medium,ChIJwSx5FthvXz4RmtHASAsN-fs
jumeirah-park,medium,ChIJF1wJzmlrXz4RZrgGIfIS2EA
jumeirah-park,medium,ChIJ1VFR4cVrXz4RKt_2S2nZOXY
jumeirah-park,medium,ChIJ_bSHEy5tXz4Rx6pzU9p40IU
jumeirah-park,medium,ChIJyTrWHnprXz4Rto8FGnV5ZPY
jumeirah-park,medium,ChIJix4s2Y5rXz4RSoYML3j8MT4
jumeirah-park,medium,ChIJhasAvIZvXz4R81gKxwIcsIw
jumeirah-park,medium,ChIJmXOXV9drXz4RzJ06x8lorjg
jumeirah-park,medium,ChIJgUEYTPlrXz4RyElaEd8a3gc
jumeirah-park,medium,ChIJg1-LDFhtXz4R-tPU9bdlyT8
jumeirah-park,medium,ChIJVyXWg1JvXz4R9KoUis_6TT4
jumeirah-park,medium,ChIJQYK-GYAVXz4RqTJjGBLQWB0
jumeirah-park,medium,ChIJu-ch-ThtXz4R5JwTE1GI3w8
jumeirah-park,medium,ChIJVVWVQHdrXz4RPyGhBUN7i8g
jumeirah-park,medium,ChIJg_m-X3MTXz4RlUVHkObT4Ow
jumeirah-park,medium,ChIJCx0fu7kTXz4RIIq2xQCEQ1o
jumeirah-park,medium,ChIJFxrEMPhSiiQRRkTNEUkUeQw
jumeirah-park,medium,ChIJi1-YOO8TXz4RhdAD7OyN-Ec
jumeirah-park,medium,ChIJSY86HQATXz4R-BYQRQIpg-8
jumeirah-park,medium,ChIJc-HKfQBtXz4R0-f1OQ-CH-U
jumeirah-park,medium,ChIJDYokjKoUXz4RWa3CUoZHhrs
jumeirah-park,medium,ChIJRw2SMABtXz4RCzlw8YvdDLE
jumeirah-park,medium,ChIJ603DYu9vXz4RhEUkV03iHNI
jumeirah-park,medium,ChIJwfH3M1JCXz4RXNFepB9FH5k
jumeirah-park,medium,ChIJcwjt1udtXz4Rs0ripEKHkKw
jumeirah-park,medium,ChIJWz3DmjltXz4R2EWn06BCDRM
jumeirah-park,medium,ChIJ9c8YPZddXz4RApj9Pns_1vg
jumeirah-park,medium,ChIJycbpu34TXz4RFUI9UzN9iQQ
jumeirah-park,high,ChIJcbn2GgUNXz4Rmt-pHlI-Sb0
jumeirah-park,high,ChIJ0xJNJSZzXz4RQ846shrt3Lc
jumeirah-park,high,ChIJKQZp0FFzXz4Rf2987ChVOcc
jumeirah-park,high,ChIJsd5XRwBzXz4RS67h9o1q1QU
jumeirah-park,high,ChIJPbvAVd5zXz4RX_2kt3PSfPo
jumeirah-park,high,ChIJ05_TeIFxXz4RWSulgqPpPR4
jumeirah-park,high,ChIJ68-sC6oNXz4R5owjVpqnDcw
jumeirah-park,high,ChIJ3-KNfjoNXz4RpKt4Zb5rnfc
jumeirah-park,high,ChIJQYcVZIkNXz4RYFxLHJjbGfA
jumeirah-park,high,ChIJf44m4B5zXz4RDc9u3CqRczM
jumeirah-park,high,ChIJ-TPt1QpzXz4R27dKO5NNWTw
jumeirah-park,high,ChIJk0IQhIJzXz4RAMT7QM01P7E
jumeirah-park,high,ChIJpfOXeGxzXz4RLzWKQdVc8XU
jumeirah-park,high,ChIJF07vlkhzXz4RoG7_c686iYA
jumeirah-park,high,ChIJZT43DL9yXz4RAvU9OL33nqI
jumeirah-park,high,ChIJW_OefQNzXz4RNgaqsmbzJtQ
jumeirah-park,high,ChIJhc9Bu0ByXz4RJ5Lr24SibQU
jumeirah-park,high,ChIJn-ByaehzXz4RnDNK8jFV_6Q
jumeirah-park,high,ChIJNyPnSYkYqEIRRlh6aDeAi5Y
jumeirah-park,high,ChIJB_l2dwpzXz4RVX7CoymUfmA
jumeirah-park,high,ChIJ_5BrJABzXz4RqCAk1JYmw84
jumeirah-park,high,ChIJsdl7Z1JzXz4RdCZ5UoeKNGs
jumeirah-park,high,ChIJvxRNUExyXz4RVZgI_ZDT7j4
jumeirah-park,high,ChIJGXBybUJyXz4RlUg4ZiGdYgI
jumeirah-park,high,ChIJjSUEOoUTXz4RidlUibu2gXE
jumeirah-park,high,ChIJgzcwKgwTXz4R5RVpp0Xuk2U
jumeirah-park,high,ChIJH4HsYwgTXz4RnFfRp2wIZDU
jumeirah-park,high,ChIJz_JrbwANXz4RE1yLzAdPxWU
jumeirah-park,high,ChIJQQ9HfGFtXz4Rcqp-MgnFtYs
jumeirah-park,high,ChIJFYM39WFtXz4RmuHdt8OHkaU
jumeirah-park,high,ChIJAQzhvRZzXz4R7LB3xAxA2R8
jumeirah-park,high,ChIJRd0oCmttXz4RgljcoxztV-w
jumeirah-park,high,ChIJlZnuSCptXz4RkPej8K7FhgA
jumeirah-park,high,ChIJPUzATcttXz4RYU9GiywYy48
jumeirah-park,high,ChIJvTZLAiMTXz4R3H3zDnNdHxA
jumeirah-park,high,ChIJUVp9dgBtXz4RvJE993SwGYA
jumeirah-park,high,ChIJnayY5GBtXz4RKym4qjw4Z94
jumeirah-park,high,ChIJy1JfMEtzXz4RsZMQzfZFpy0
jumeirah-park,high,ChIJU6qE5mpbXz4Rd2R_DW1mf34
jumeirah-park,high,ChIJAeeQOIRyXz4RirpCKt2YzMI
jumeirah-park,high,ChIJVY3jmoRyXz4RNXucNW735AA
jumeirah-park,high,ChIJ2YzCa_tzXz4R99BFw5m7-Cg
jumeirah-park,high,ChIJSwsA8-xtXz4R-hn-0S1Da6s
jumeirah-park,high,ChIJdYZ52odyXz4R2F8T3JPful4
jumeirah-park,high,ChIJU9L0HABzXz4RZeyesg08rMo
jumeirah-park,high,ChIJ5ze4b0BzXz4RJUuytcUYezY
jumeirah-park,high,ChIJK3t17zxzXz4RVfrpbqsjF6k
jumeirah-park,high,ChIJDQwaOcBxXz4RiKiPNrhC0B8
jumeirah-park,high,ChIJnbgZ0DZxXz4RcCgUSnMXktA
jumeirah-park,high,ChIJU5t7lGdxXz4R-OGTPyptdMY
jumeirah-park,high,ChIJdSesLxpxXz4RM1bACiVK1zU
jumeirah-park,high,ChIJ6SbmmzJlXz4RIFQWZ0cCUh8
jumeirah-park,high,ChIJASaS2CRxXz4R8csNCKEtw04
jumeirah-park,high,ChIJ9ztEA-FtXz4RAGemqVYec5w
jumeirah-park,high,ChIJ79opllUTXz4RpHddFZ0jXEo
jumeirah-park,high,ChIJiZQzQd5tXz4RpZpIxBBEbIc
jumeirah-park,high,ChIJMzPF6ZZtXz4Rx0s_zlZyioE
jumeirah-park,high,ChIJW4wwOd9tXz4RyYU_5slz5Lg
jumeirah-park,high,ChIJvaDnjb1tXz4Rx0XkYIh7BK8
jumeirah-park,high,ChIJW-0RDINtXz4R-PR22ETHCI4
jumeirah-park,high,ChIJ0SctRSVtXz4RCZyZRHoRUgU
jumeirah-park,high,ChIJLfqWekhtXz4R2evgQqknHso
jumeirah-park,high,ChIJeRSOP0htXz4RAxBfsOZg2VA
jumeirah-park,high,ChIJvyAnXABtXz4RAPIlDUMQsnk
jumeirah-park,high,ChIJPWvkYH1tXz4RXf0Zcca1LwE
jumeirah-park,high,ChIJn_rhhwdtXz4RVxPr2F7oTxA
jumeirah-park,high,ChIJdzDwuXv3NAoRpv5ZrUa0FHM
jumeirah-park,high,ChIJxYTfREVtXz4Rs3jUmZCAO9Y
jumeirah-park,high,ChIJyd4g_pptXz4RkOGnZHR6XVo
jumeirah-park,high,ChIJL0WozWRtXz4RrIU7_16-yO0
jumeirah-park,high,ChIJ11Vs8WNtXz4RfNkV0GBBdH8
jumeirah-park,high,ChIJ1cHNmXZtXz4RTQ4zuuiuoSo
jumeirah-park,high,ChIJy0WgZQBtXz4R4FvmqLRMmao
jumeirah-park,high,ChIJwZsVA5xtXz4RU5FQwpuKqAs
jumeirah-park,high,ChIJLR4ydBRtXz4R4D643joO_Ig
jumeirah-park,high,ChIJH6BhdmttXz4R6qFnHkj5XSw
jumeirah-park,high,ChIJx6Te75NtXz4Rsmj3p0qtE7I
jumeirah-park,high,ChIJJ423AiGqsAkRciWCRv5Wri4
jumeirah-park,high,ChIJ3RiWBWdtXz4RMxjFdoI8lM0
jumeirah-park,high,ChIJ4yiZA4JtXz4RyHOqaHDbi2Q
jumeirah-park,high,ChIJj1ve_eldXz4RGjEWSq6f9Z0
jumeirah-park,high,ChIJrwaWdhRtXz4RZdzBgyHtIaw
jumeirah-park,high,ChIJE9U6SqhtXz4RieMmZ4jyBLk
jumeirah-park,high,ChIJHxzurtbByQQRwAWu-oB9X2Y
jumeirah-park,high,ChIJWbDLOlJtXz4ROrG0ixz94ZA
jumeirah-park,high,ChIJ8xCzIFBtXz4Rw2fM2k0qHRE
jumeirah-park,high,ChIJhzOwdARvXz4RvQtECCtDJeU
jumeirah-park,high,ChIJ8dQJgZBtXz4RFxFYRl20DJY
jumeirah-park,high,ChIJfTsjowdtXz4RfqaeZosQfGc
jumeirah-park,high,ChIJTTn1ObxxXz4Rr6xLe3sTJ7M
jumeirah-park,high,ChIJ04qA-IxxXz4RQJ73k0cbT5Y
jumeirah-park,high,ChIJM8fdRdVvXz4Renbv4kiHe7k
jumeirah-park,high,ChIJsQaIhpxxXz4RvkSCjY5xvl0
jumeirah-park,high,ChIJ09XSVOtxXz4RnkSNm1FGWEk
jumeirah-park,high,ChIJpbcAKFZxXz4RxSkZ_TAJ69E
jumeirah-park,high,ChIJE5Ou_LpvXz4ROLr_fRQOwrM
jumeirah-park,high,ChIJFy58IWNxXz4R7vZRt7pdvL8
jumeirah-park,high,ChIJB5jPJQBvXz4RNV14eDEZsjI
jumeirah-park,high,ChIJjToFURFvXz4R6vYsL0ElwE0
jumeirah-park,high,ChIJwxrt1eVxXz4RBrAvN6_Fk-Q
jumeirah-park,high,ChIJr0DM93hxXz4RK-gsY2Qx8dw
jumeirah-park,high,ChIJdyraDPh5Xz4R34aO9wPm56E
jumeirah-park,high,ChIJa0TN9-VxXz4RxSMbxpXzac0
jumeirah-park,high,ChIJpauUu-5xXz4RgooM9W3Oa6k
jumeirah-park,high,ChIJu-seIOhxXz4REDI59Lky-K8
jumeirah-park,high,ChIJiwe0qHBrXz4RjEMJraSg8cI
jumeirah-park,high,ChIJX60WmAcTXz4RtBaDubm2ofY
jumeirah-park,high,ChIJxVt4blkTXz4Rd2u_R0AqBVs
jumeirah-park,high,ChIJwflAdUUTXz4RiHzn2Z3_AUc
jumeirah-park,high,ChIJh2140HwTXz4RdZGKPmUiksc
jumeirah-park,high,ChIJv7ArzDYTXz4Rcbrjg4tuQeE
jumeirah-park,high,ChIJl5NnLDETXz4RkmOuqobecKE
jumeirah-park,high,ChIJD-AMzTATXz4RdArMURJdaRk
jumeirah-park,high,ChIJLZ4RLTcTXz4Rkp_H-CHCd1o
jumeirah-park,high,ChIJT8sO8IETXz4RvHgp8L42WD4
jumeirah-park,high,ChIJZR_lhhhtXz4RqarjuJzbGtc
jumeirah-park,high,ChIJQ20Q4t9sXz4RXdmqnHykV_o
jumeirah-park,high,ChIJEy4q3t9sXz4RoIIRLAFe1PI
jumeirah-park,high,ChIJj_pqhGBtXz4RTs4UjuBCKc4
jumeirah-park,high,ChIJZbBg6ihtXz4RzkyQMCZHSWo
jumeirah-park,high,ChIJbe5lUn5tXz4R7vU7HpkjHSc
jumeirah-park,high,ChIJYz5VGJVDXz4Rnm-Fq2l1WjY
jumeirah-park,high,ChIJCVQWGwBtXz4RraEvUe4A_VY
jumeirah-park,high,ChIJ3bYQmRJtXz4RfgBW44vVHDw
jumeirah-park,high,ChIJGVsHtbNtXz4RrOYLqo7Jcuc
jumeirah-park,high,ChIJ6ZNQrbNtXz4RcJs8XZxFPT4
jumeirah-park,high,ChIJ2bny5oZtXz4RmHYfIgIp-c0
jumeirah-park,high,ChIJTc8aR-VsXz4RF5-Volg8EbU
jumeirah-park,high,ChIJM7-UJbptXz4R3yQ6jeUWHsg
jumeirah-park,high,ChIJiZsbz5ZtXz4RhAc9F3Y0SMk
jumeirah-park,high,ChIJq2_GrGBtXz4Rb3uoss5ALuo
jumeirah-park,high,ChIJbx3zbs1tXz4RYWuD2zQHnBI
jumeirah-park,high,ChIJN1xMJf9tXz4RLuPTojI9uEo
jumeirah-park,high,ChIJsXxEXqZtXz4Ro4u9Db1gDuY
jumeirah-park,high,ChIJsQNsE_9tXz4RtkipklfpFmE
jumeirah-park,high,ChIJaXRKzyhhXz4Rgco-Kv7KkGw
jumeirah-park,high,ChIJK-7lVO1tXz4RMr9whME7dJY
jumeirah-park,high,ChIJBa4VrhZtXz4RBILEucrVUEc
jumeirah-park,high,ChIJLWXAa5ttXz4R90i2vNMocj8
jumeirah-park,high,ChIJzynOTXJtXz4R-WtRuvgtE5Y
jumeirah-park,high,ChIJH32H67ZtXz4R8CNbPtkHgtg
jumeirah-park,high,ChIJAeX3S6htXz4RprfwZfXyLcY
jumeirah-park,high,ChIJl2qKJgltXz4ReuBuwKKMYvw
jumeirah-park,high,ChIJC4J6G2VtXz4R4RsTT8qB6ac
jumeirah-park,high,ChIJa1InCzVtXz4Rihe5RIz6XGc
jumeirah-park,high,ChIJQ7UJcfttXz4RoBTDuI2qAvs
jumeirah-park,high,ChIJuVb7JFZvXz4R4i2GWXDiSyo
jumeirah-park,high,ChIJ2-ovMplvXz4RyX4r_oQ7ycA
jumeirah-park,high,ChIJhR7xgQ9vXz4R_DHNyab7d0E
jumeirah-park,high,ChIJV1t8T_FvXz4RQxzTeykQ-64
jumeirah-park,high,ChIJ4zlwjihvXz4RgRVZyYd1gic
jumeirah-park,high,ChIJxYEDqrtvXz4ROdRxDwW98lE
jumeirah-park,high,ChIJuRItV1pvXz4RDyikHbCwXtE
jumeirah-park,high,ChIJj5yMIXJuXz4RRDbWKMTCPu0
jumeirah-park,high,ChIJ_3cd8NtvXz4RdhT5_M0FRoI
jumeirah-park,high,ChIJiZEgcYnacoERdctf7dzpZWY
jumeirah-park,high,ChIJccLd2X9vXz4Rei7lzTt5N78
jumeirah-park,high,ChIJ3aP6j7hvXz4Rf8nb_6qElnI
jumeirah-park,high,ChIJ6zPLjxZvXz4RBi8Z_6P-kPo
jumeirah-park,high,ChIJ0yIYUnFuXz4RxEeQNv2BzdM
jumeirah-park,high,ChIJ2bDzTzVuXz4RTJkqKFMgz1Q
jumeirah-park,high,ChIJ206iCbZvXz4Rq3Zwg1M9RoY
jumeirah-park,high,ChIJV1uf80puXz4Rc52nnaN4zr4
jumeirah-park,high,ChIJ4V7lZhBvXz4RgbOwhFmVkKM
jumeirah-park,high,ChIJUdN_NbNvXz4Rn-_W_7yLKrc
jumeirah-park,high,ChIJWzXPzmNvXz4RJfl6Aix_b74
jumeirah-park,high,ChIJMxIuLABvXz4RNsNPqOvXxjw
jumeirah-park,high,ChIJ-RIG-T1vXz4RfJS75Xz-zoE
jumeirah-park,high,ChIJLfsLPFQTXz4RX_4X2fhzqfU
jumeirah-park,high,ChIJDfWiCfltXz4Rusomg1MTsa4
jumeirah-park,high,ChIJjXtdokFtXz4RL83O2a0D6ZE
jumeirah-park,high,ChIJEQAPcthrXz4R3RTM5SJQyrc
jumeirah-park,high,ChIJZzmYK6MTXz4RgF2mPRGbNd0
jumeirah-park,high,ChIJm1pVp0BtXz4Rpgo2ztoaZEA
jumeirah-park,high,ChIJM-19L-cVXz4REIhLIFnnVr8
jumeirah-park,high,ChIJU_QK2KoUXz4Ru93PuJFIupY
jumeirah-park,high,ChIJx5BOfa5sXz4RXNsRSY2lun4
jumeirah-park,high,ChIJ5S0k-lNrXz4RQHWm2twWnbM
jumeirah-park,high,ChIJhdRRgeVrXz4RuC0c19eOEis
jumeirah-park,high,ChIJWzSmhLNrXz4RHXehJpUg3E0
jumeirah-park,high,ChIJPxviM1VrXz4R0KxbSC9YcNc
jumeirah-park,high,ChIJp991Ws8TXz4RVATWrbaOyC8
jumeirah-park,high,ChIJ6ZsuhmFtXz4R47TQ90ZHCzE
jumeirah-park,high,ChIJpf9cxi1tXz4RbtgU9W1DO4I
jumeirah-park,high,ChIJwcoaR6dsXz4RDLheu2Bp538
jumeirah-park,high,ChIJzXuUo5tsXz4RzzSoaPXEn5c
jumeirah-park,high,ChIJOwhDoWFDXz4RmQU9ldvvwWY
jumeirah-park,high,ChIJM-KxW6FsXz4RjrMlJoqqJWM
jumeirah-park,high,ChIJ5f2XdotDXz4RMj_NhIGHozU
jumeirah-park,high,ChIJA6g3FNFtXz4Rt4V5ajzhvlk
jumeirah-park,high,ChIJ_aEXB79sXz4RnviPOYGaj2E
jumeirah-park,high,ChIJVVVA7JhsXz4RpDbMLQunIKU
jumeirah-park,high,ChIJn2iIevJrXz4RX00nr_Slasg
jumeirah-park,high,ChIJPycKFHltXz4RUZ1LzXwyJAg
jumeirah-park,high,ChIJ67goKABtXz4RXHhw0ECjnFw
jumeirah-park,high,ChIJvcTyx0NtXz4Rac1Gnsk9Jzc
jumeirah-park,high,ChIJO96ntmJtXz4RR1nUd6qXzIo
jumeirah-park,high,ChIJa17sR5ZtXz4RMNhHiMM0Zsw
jumeirah-park,high,ChIJi3fzHnRxXz4R9CwkfSdz09k
jumeirah-park,high,ChIJbQepX4NtXz4R8Xcv4BeD8mg
jumeirah-park,high,ChIJK2kMNQttXz4RSwr6ashIbvw
jumeirah-park,high,ChIJCSbQ9uNtXz4Rd7PasTLpvzw
jumeirah-park,high,ChIJrz3XvhptXz4R4wDdcB9IE_Y
jumeirah-park,high,ChIJX3PyIE1tXz4R51483ZNsyx4
jumeirah-park,high,ChIJv8jrgpttXz4RsVuFSw-cgIo
jumeirah-park,high,ChIJyR0D6zZsXz4RHT0ZIk1MVKs
jumeirah-park,high,ChIJtQVHyThvXz4Rlt7agELQepk
jumeirah-park,high,ChIJtS1tnJ9rXz4RHzfSa65XG7w
jumeirah-park,high,ChIJey-AeARvXz4RYT4o2ICbfkQ
jumeirah-park,high,ChIJgzFdhEVvXz4RfFUxi7RUxzQ
jumeirah-park,high,ChIJ45xjV7dvXz4Rs6aRKTp46Bg
jumeirah-park,high,ChIJH7f3XthvXz4R88x3K_nW814
jumeirah-park,high,ChIJTV_hyeZtXz4Rju47jz_CRK0
jumeirah-park,high,ChIJUT9-0hZvXz4RZw7yu7JXlZo
jumeirah-park,high,ChIJO55c5TlvXz4RnSwQJqkRQ2Y
jumeirah-park,high,ChIJUVdlILJvXz4Rkgl6CUtm4hk
jumeirah-park,high,ChIJfX-wmphvXz4R2FjbEsZ9zjo
jumeirah-park,high,ChIJZUUZelhvXz4R03pu6KUwLDk
jumeirah-park,high,ChIJJ6SgNf9nXz4Rbi-MxPKgNX0
jumeirah-park,high,ChIJf1uHVF1vXz4R_PgvE_iDdeg
jumeirah-park,high,ChIJG_lBnh5vXz4RFf-fzpViDVU
jumeirah-park,high,ChIJ_ytLU8hvXz4RZhKQkKfJiSk
jumeirah-park,high,ChIJZwNBTwVvXz4RdP-Y_XSAFAc
jumeirah-park,high,ChIJ-VZVpCRvXz4R9geUkFI53TA
jumeirah-park,high,ChIJ__8_94puXz4RRr6WQ2wLdBU
jumeirah-park,high,ChIJXbX5Y0ZvXz4R-DgfAQPgZkM
jumeirah-park,high,ChIJ51gyj4puXz4R4MBu-EV-Hqs
jumeirah-park,high,ChIJPdYXxPtvXz4RlLjDjn0h96c
jumeirah-park,high,ChIJb1rjB8RvXz4RoHKEfoR_gA8
jumeirah-park,high,ChIJO6eueq4EDowR5Y39_qFmCK0
jumeirah-park,high,ChIJIXoYDu0VXz4RQgMgF8eRDvI
jumeirah-park,high,ChIJzwtZOSQVXz4RIDAOvN9ycHQ
jumeirah-park,high,ChIJv_FEbKdsXz4RS0OpAt_a7WA
jumeirah-park,high,ChIJkVpdJetrXz4R2v9qP9A2AYg
jumeirah-park,high,ChIJzbQmWi5rXz4RDRz-3XIcbaY
jumeirah-park,high,ChIJY5xG-adrXz4RRGRjUX6IX44
jumeirah-park,high,ChIJt61bfPRrXz4R--uyPFsQffQ
jumeirah-park,high,ChIJu-rs299rXz4Rf6H8NIgAEvg
jumeirah-park,high,ChIJz4GoXLxrXz4RS4Hp4z4ZOPI
jumeirah-park,high,ChIJYczZwaNDXz4RVUkLBjBhJ2I
jumeirah-park,high,ChIJMeSaCWVrXz4RveubZkApFLk
jumeirah-park,high,ChIJn0hk6OVrXz4RlDHlwMNraBc
jumeirah-park,high,ChIJVaa5b91rXz4R49LpEhPbiJ0
jumeirah-park,high,ChIJp6EpTHprXz4RGABjzaVtGq8
jumeirah-park,high,ChIJB1eybbhrXz4RfNr5DkIOkvQ
jumeirah-park,high,ChIJpfLIdP1rXz4R_R7xnlyKBJk
jumeirah-park,high,ChIJ0-w-wVxrXz4RYc37MlYKCbE
jumeirah-park,high,ChIJH5dUcoFrXz4RWOBrkjL0Wzw
jumeirah-park,high,ChIJXUoCz0ZtXz4Res-r0ofyu3k
jumeirah-park,high,ChIJkz0IbwBrXz4RIwqLuYA0bD4
jumeirah-park,high,ChIJrxTUycpDXz4R_z1tNuPd2cA
jumeirah-park,high,ChIJ2fLyQXlrXz4Rl6K19ZHZSSc
jumeirah-park,high,ChIJlWNJ7G1rXz4RjLW-0wzJSt8
jumeirah-park,high,ChIJec_eH3VrXz4R7F-kRtcUXaI
jumeirah-park,high,ChIJW_vhozhrXz4RmzolAlSh74k
jumeirah-park,high,ChIJRbNfwhVrXz4RnpZhckAR_cc
jumeirah-park,high,ChIJK8wwz3FrXz4Rw2gJhSlSU2k
jumeirah-park,high,ChIJXyZO3NBrXz4RXZf2d5HfGyU
jumeirah-park,high,ChIJLfby84FrXz4ReCf-3ArfkN0
jumeirah-park,high,ChIJpdwj3YVrXz4RwQq2vbFqc-s
jumeirah-park,high,ChIJz2ApzP5tXz4RR1A2SJQhumg
jumeirah-park,high,ChIJ9bJ680NrXz4Rj_yWJ0q_eQk
jumeirah-park,high,ChIJCYKz2FJrXz4RNGlMQNegMFQ
jumeirah-park,high,ChIJtU9-uPRrXz4RN3R6liZ223g
jumeirah-park,high,ChIJ9yBJjwhsXz4RdzOzU_uq7DQ
jumeirah-park,high,ChIJXaK8uCNrXz4R0aW_t1ImN0Q
jumeirah-park,high,ChIJGzGWmElrXz4RvqIF6_LqQJk
jumeirah-park,high,ChIJNY4YQIFvXz4RuE3Gy4NpBf4
jumeirah-park,high,ChIJKVma2d1vXz4RO3KzvSzSBP4
jumeirah-park,high,ChIJPRDTDUdvXz4RB2FprX5HeYg
jumeirah-park,high,ChIJQwBJk8NvXz4RkIx_tAQYo4o
jumeirah-park,high,ChIJzx81zK9vXz4RHN3UOtKrKi4
jumeirah-park,high,ChIJq0UBBuhvXz4RTmeulwgAkCQ
jumeirah-park,high,ChIJf6CO9v9vXz4RPz89YP4GQnk
jumeirah-park,high,ChIJYeLHIKxDXz4Rb1a_NVBlntY
jumeirah-park,high,ChIJ7TiGQZNvXz4RsQBI4VvYsnM
jumeirah-park,high,ChIJ94qvnXdvXz4RSyovDe-z77Y
jumeirah-park,high,ChIJldzzkhZvXz4RqP58EX3zYQ0
jumeirah-park,high,ChIJl13_eyVpXz4RuyD2Mdz4dQ0
jumeirah-park,high,ChIJ6yo1xAVDXz4RRB-E6eBv3Uk
jumeirah-park,high,ChIJEULr2U1vXz4REyipqD_3eAs
jumeirah-park,high,ChIJrdyGHIxlXz4RMXqOynIPONk
jumeirah-park,high,ChIJaXwb3aRrXz4RAzpj7IpzKvg
jumeirah-park,high,ChIJD5PwivlrXz4RDU4oUcEBl0U
jumeirah-park,high,ChIJVyfUzl9rXz4RCK9R7pn1vis
jumeirah-park,high,ChIJs_eK9yxrXz4RzOBm4aMC_HU
jumeirah-park,high,ChIJAfkYH_xrXz4R9NtW4vGoDL4
jumeirah-park,high,ChIJFf99ixxrXz4Rnip_Ns4PpBg
jumeirah-park,high,ChIJtY3W8CBrXz4R2LE5GFldpVc
jumeirah-park,high,ChIJe63--TBrXz4R4NKODsQUYmc
jumeirah-park,high,ChIJwVknQB1rXz4RUmMkorXxZaI
jumeirah-park,high,ChIJLeWVEQBrXz4RNvbgOR-dD_0
jumeirah-park,high,ChIJxVg52EdrXz4RQnkKjDeWGew
jumeirah-park,high,ChIJb6ujzs5rXz4RQ_2sNmN5WRU
jumeirah-park,high,ChIJ49Z7XVdrXz4RoIv7siBSqEw
jumeirah-park,high,ChIJ8f8nFj1rXz4RVvHyg7cmvLI
jumeirah-park,high,ChIJS4uv1PZrXz4RrxyMoF1U0ko
jumeirah-park,high,ChIJS5XPi3prXz4Rei1aMIOC6ng
jumeirah-park,high,ChIJ11il0yeQMioRcY99sg7ykZs
jumeirah-park,high,ChIJU3XoVANrXz4RU30Ih_o90Q0
jumeirah-park,high,ChIJxWdj6MNrXz4RbL2IH8EYfFo
jumeirah-park,high,ChIJsz4djPdrXz4R1-Rt0aWmHKw
jumeirah-park,high,ChIJnTV05xRrXz4Rk_ymTk8TL_Q
jumeirah-park,high,ChIJD4bp5lRrXz4RbSHxZ-kIxYM
jumeirah-park,high,ChIJnVgaLwBrXz4RhpUHa5ytUHE
jumeirah-park,high,ChIJr2VKFixrXz4RiQgP2XD3vw0
jumeirah-park,high,ChIJRxWUdgBrXz4Rv7hVj9UWcXA
jumeirah-park,high,ChIJD1ePLKdrXz4R4ff-YEShxvs
jumeirah-park,high,ChIJZzQyyVFqXz4RIHidgDF01FA
jumeirah-park,high,ChIJIWujKHtrXz4RE-7llgiR4N0
jumeirah-park,high,ChIJ_YpjhmJrXz4RD-SdWVqhWCA
jumeirah-park,high,ChIJrR3Ef9prXz4RPa9jzsXsgzE
jumeirah-park,high,ChIJ7xuNn8FrXz4RB3dSnDLcPIg
jumeirah-park,high,ChIJQ44YqBNrXz4RR_DLtbYjO_Y
jumeirah-park,high,ChIJmXmD0yhrXz4RZLjcBRXnJ6o
jumeirah-park,high,ChIJbVx-iq1rXz4R5wi7QFRwMCA
jumeirah-park,high,ChIJZQxNp4BrXz4RGG36xMjuoJI
jumeirah-park,high,ChIJSTj_IsZrXz4RjkgnU6ZMk2A
jumeirah-park,high,ChIJ3R8VfyBrXz4RzQB2VOn8F8w
jumeirah-park,high,ChIJDSh_I65rXz4RxfTrHI_J8b4
jumeirah-park,high,ChIJOw_2bhNrXz4R6El-vfiOYp8
jumeirah-park,high,ChIJa4CFpv1rXz4Rb8J-J6i-ArI
jumeirah-park,high,ChIJ692_u5NrXz4RTD99fc17TzU
jumeirah-park,high,ChIJ7SYyfihrXz4RXLClE0wn5Fs
jumeirah-park,high,ChIJAc2mBNVrXz4R4eKQ2a-yvLA
jumeirah-park,high,ChIJqwq2NVFpXz4RMjx88Nz2EaU
jumeirah-park,high,ChIJK1hHUcRrXz4RXEJ4FE4pJN4
jumeirah-park,high,ChIJI296UTRpXz4RMRbdqPYaXJ8
jumeirah-park,high,ChIJvYtMcgBpXz4RderZ6nPPbws
jumeirah-park,high,ChIJJbUDMXxpXz4RxDAEmJ-kHIU
jumeirah-park,high,ChIJhbXVqRtpXz4RFkKE772AO8Q
jumeirah-park,high,ChIJGQHuH9tpXz4RCdhOYe4zaVQ
jumeirah-park,high,ChIJD7jeX01vXz4RVRMCBIiPawE
jumeirah-park,high,ChIJbev-qwNpXz4R92w3l3EeDN0
jumeirah-park,high,ChIJc2Txbq5pXz4RRlzAkygTmhg
jumeirah-park,high,ChIJb3hmvhhpXz4RgFy4CfzNLoE
jumeirah-park,high,ChIJWVOdSRVpXz4RuVCIucyY-as
jumeirah-park,high,ChIJMciDnXRrXz4RTN8ha8OmReA
jumeirah-park,high,ChIJQWUxURlrXz4Rw8PsX6p1y-A
jumeirah-park,high,ChIJz6C6gOJpXz4Rbu0J8dO7ajk
jumeirah-park,high,ChIJGcXffoxrXz4RXktJR3_duiw
jumeirah-park,high,ChIJuVtFGABrXz4RzzgtNI1g-_s
jumeirah-park,high,ChIJP6910blrXz4RDBrB-jf74Zg
jumeirah-park,high,ChIJoXaB0r9rXz4ROgb7NzM9Hh4
jumeirah-park,high,ChIJF4k5d_hrXz4R0EjhASdjQu4
jumeirah-park,high,ChIJrwHLMpBDXz4RG-p5G02RNLg
jumeirah-park,high,ChIJ_zUVh5NpXz4RqddTRQjn7EM
jumeirah-park,high,ChIJwVS4G5NrXz4RKW68ddfWAVQ
jumeirah-park,high,ChIJNZV-h0ppXz4RX1x_21do2ts
jumeirah-park,high,ChIJi0XhEeFrXz4Rt4tw37GjwWk
jumeirah-park,high,ChIJ06d9E-BpXz4R1NMNghcBTMs
jumeirah-park,high,ChIJccJ83etpXz4R2crhhTWvWUM
jumeirah-park,high,ChIJJTOjShRpXz4Rz89x3PV_ClA
jumeirah-park,high,ChIJNyDuH3VpXz4RzBl3M_1dpdI
jumeirah-park,high,ChIJKfGJ-9lpXz4R_aJd2kNBjnA
jumeirah-park,high,ChIJvY8VYoFpXz4R3WZqLQyUOYo
jumeirah-park,high,ChIJR8Ad9OYNXz4RehyvZDU7uXg
jumeirah-park,high,ChIJD0vsBQANXz4RpBsVPI6ZC-Y
jumeirah-park,high,ChIJT2cyLgANXz4RVZeISio3oNE
jumeirah-park,high,ChIJCy_EPG9tXz4R80PflAhihV8
jumeirah-park,high,ChIJwaaXuTNtXz4RjEA_RaTUJhg
jumeirah-park,high,ChIJs_iAc6BtXz4RnAvJoL57H18
jumeirah-park,high,ChIJSRBRezxrXz4R8HJR0L4_WXY
jumeirah-park,high,ChIJFaPiRZhtXz4RzXH5e8LrOEo
jumeirah-park,high,ChIJU9ssk9BtXz4R1W0SPxKuVwQ
jumeirah-park,high,ChIJrTQwIZttXz4RQ18tPmUFlbg
jumeirah-park,high,ChIJ8cfFmiC6f2oRnTWcMfVVOsQ
jumeirah-park,high,ChIJuS_s02VtXz4R7Xt1H7EA498
jumeirah-park,high,ChIJMWSJVgDzUoURYiOuBKNTleI
jumeirah-park,high,ChIJOb4AmPsVXz4R2AQVLCfOiKM
jumeirah-park,high,ChIJDTk-v_IVXz4RHStAG3k3W0Q
jumeirah-park,high,ChIJi2h76DhrXz4R-b2FRnFktSE
jumeirah-park,high,ChIJL_nVglBrXz4Re74KBLPLBFI
jumeirah-park,high,ChIJHcdw6asTXz4R0tYj2ow-BzQ
jumeirah-park,high,ChIJf2h746VrXz4RxivFTcunQoQ
jumeirah-park,high,ChIJF6NqioMVXz4RlRenX1kYXpA
jumeirah-park,high,ChIJC6ZGvswVXz4RRyzdMUDHmz0
jumeirah-park,high,ChIJjR8pyCxrXz4RZZIL-wNsLzA
jumeirah-park,high,ChIJP22zRXNrXz4RXY4f1HG84PM
jumeirah-park,high,ChIJa25nZJxrXz4RuGbDyTFG53E
jumeirah-park,high,ChIJJ2j7G-VrXz4R-LXk1GHVhrI
jumeirah-park,high,ChIJkUyZtuxrXz4RWmh1jznT4GI
jumeirah-park,high,ChIJxw3DBjETXz4RrPkUIXBMD7A
jumeirah-park,high,ChIJk5O0ns1tXz4RpuLbhCUHm-4
jumeirah-park,high,ChIJw8V9XABrXz4RvZrjKdUiFxA
jumeirah-park,high,ChIJ73kkjwprXz4RPQf7k34mCrM
jumeirah-park,high,ChIJ9eFOZPoTXz4RWJdd9j75_Ww
jumeirah-park,high,ChIJibSOk3ATXz4Ru9kk0k27QLc
jumeirah-park,high,ChIJeb6R7-VtXz4R2jyela2LY3M
jumeirah-park,high,ChIJWWmtp5RrXz4RKAOob3bZ8Xs
jumeirah-park,high,ChIJr5cq53FtXz4Rgck5mrpdndU
jumeirah-park,high,ChIJSaevdyVDXz4Rr54SlMnK6S4
jumeirah-park,high,ChIJm4JrEiprXz4RRCbXT6RD-Cs
jumeirah-park,high,ChIJo3q5flMTXz4RlPYpV6U5_Bs
jumeirah-park,high,ChIJGWfxwXZrXz4RaDExsAf_1VQ
jumeirah-park,high,ChIJ3Z_dNr1rXz4RM-IIH0gIP5s
jumeirah-park,high,ChIJxWcdeHFrXz4RSS5cDxk3Ipk
jumeirah-park,high,ChIJCTJbKcBrXz4ROxdrt_AN3HU
jumeirah-park,high,ChIJmRqgKs5tXz4ROaLUO5o3xrE
jumeirah-park,high,ChIJPaLZE61sXz4RbhYuDkxDmfo
jumeirah-park,high,ChIJa3nmeU5rXz4RUnQeGiTE-20
jumeirah-park,high,ChIJHa7EkXBrXz4R9zC6WIolZhw
jumeirah-park,high,ChIJ3dMkZ51rXz4RbblnFNSf_GM
jumeirah-park,high,ChIJmwaCxdlrXz4RPPmVoL5YHys
jumeirah-park,high,ChIJiXcYek5rXz4R2iwZ70XCrYA
jumeirah-park,high,ChIJcXCcMHhrXz4RIE7nzeaM8KM
jumeirah-park,high,ChIJwSx5FthvXz4RmtHASAsN-fs
jumeirah-park,high,ChIJF1wJzmlrXz4RZrgGIfIS2EA
jumeirah-park,high,ChIJ1VFR4cVrXz4RKt_2S2nZOXY
jumeirah-park,high,ChIJESSte7JrXz4RwuVSlRhyVu0
jumeirah-park,high,ChIJ_bSHEy5tXz4Rx6pzU9p40IU
jumeirah-park,high,ChIJyTrWHnprXz4Rto8FGnV5ZPY
jumeirah-park,high,ChIJka-2aL1rXz4Ru4lK6zytvrQ
jumeirah-park,high,ChIJix4s2Y5rXz4RSoYML3j8MT4
jumeirah-park,high,ChIJhasAvIZvXz4R81gKxwIcsIw
jumeirah-park,high,ChIJmXOXV9drXz4RzJ06x8lorjg
jumeirah-park,high,ChIJndz_sdJrXz4RnLd0xbg03go
jumeirah-park,high,ChIJgUEYTPlrXz4RyElaEd8a3gc
jumeirah-park,high,ChIJg1-LDFhtXz4R-tPU9bdlyT8
jumeirah-park,high,ChIJVyXWg1JvXz4R9KoUis_6TT4
jumeirah-park,high,ChIJQYK-GYAVXz4RqTJjGBLQWB0
jumeirah-park,high,ChIJu-ch-ThtXz4R5JwTE1GI3w8
jumeirah-park,high,ChIJVVWVQHdrXz4RPyGhBUN7i8g
jumeirah-park,high,ChIJg_m-X3MTXz4RlUVHkObT4Ow
jumeirah-park,high,ChIJCx0fu7kTXz4RIIq2xQCEQ1o
jumeirah-park,high,ChIJFxrEMPhSiiQRRkTNEUkUeQw
jumeirah-park,high,ChIJi1-YOO8TXz4RhdAD7OyN-Ec
jumeirah-park,high,ChIJSY86HQATXz4R-BYQRQIpg-8
jumeirah-park,high,ChIJc-HKfQBtXz4R0-f1OQ-CH-U
jumeirah-park,high,ChIJDYokjKoUXz4RWa3CUoZHhrs
jumeirah-park,high,ChIJRw2SMABtXz4RCzlw8YvdDLE
jumeirah-park,high,ChIJ603DYu9vXz4RhEUkV03iHNI
jumeirah-park,high,ChIJwfH3M1JCXz4RXNFepB9FH5k
jumeirah-park,high,ChIJcwjt1udtXz4Rs0ripEKHkKw
jumeirah-park,high,ChIJWz3DmjltXz4R2EWn06BCDRM
jumeirah-park,high,ChIJ9c8YPZddXz4RApj9Pns_1vg
jumeirah-park,high,ChIJycbpu34TXz4RFUI9UzN9iQQ
khaleej-al-arabi,low,ChIJWZU8RV5pXj4RQh7WVMBVA4M
khaleej-al-arabi,low,ChIJQdR3YXhlXj4Rs1lVb0ScdqY
khaleej-al-arabi,low,ChIJUR0MMCtlXj4RCrmzug27EF4
khaleej-al-arabi,low,ChIJ9aiDGABvXj4Rmqzih9RDTWM
khaleej-al-arabi,low,ChIJNcEbcyNpXj4RN7bElDhvr2U
khaleej-al-arabi,low,ChIJ-YhJtkppXj4Rabaoqq1SQSw
khaleej-al-arabi,low,ChIJhVWfudppXj4RW1NJDUldjnk
khaleej-al-arabi,low,ChIJjwQqBABpXj4REuTQ2Av-a9Q
khaleej-al-arabi,low,ChIJcUCfJsdpXj4Rr4YKloDlJPw
khaleej-al-arabi,low,ChIJ0TaixelpXj4RNujWv0mWuVk
khaleej-al-arabi,low,ChIJfTM1sL1pXj4RMz_zxOsTuyM
khaleej-al-arabi,low,ChIJyVN5GCdHXj4ReNVO3YUVu1I
khaleej-al-arabi,low,ChIJ_X5_sYloXj4R7yEMS_c4eKE
khaleej-al-arabi,low,ChIJ6ceRi2pnXj4RO9pOhI7icjE
khaleej-al-arabi,low,ChIJ3X_JNv1pXj4RqPI030unqzE
khaleej-al-arabi,low,ChIJRccC8h1pXj4R6bmL4SEfoA0
khaleej-al-arabi,low,ChIJA8LhDvNpXj4R8vv9oOyrJDw
khaleej-al-arabi,low,ChIJtaypk6VHXj4Rno3wZUgkHEU
khaleej-al-arabi,low,ChIJxQc-metlXj4RA2Np0qHrA70
khaleej-al-arabi,low,ChIJUQmc5sVlXj4R2PCDAWYrzt0
khaleej-al-arabi,low,ChIJvzTI6fZlXj4RF8U8gHHjyio
khaleej-al-arabi,low,ChIJId_FDZtoXj4RtLMGvvUMFc0
khaleej-al-arabi,low,ChIJfZhovYdlXj4RhiiooGvSt7s
khaleej-al-arabi,low,ChIJNYLTB-tlXj4RSEYSqRV0fDE
khaleej-al-arabi,low,ChIJYXvJfPdlXj4RmcqPihLlFT8
khaleej-al-arabi,low,ChIJP8lwH-tlXj4R7n0s3BN0qpg
khaleej-al-arabi,low,ChIJIdnAcBtlXj4ReLhQ8LafChQ
khaleej-al-arabi,low,ChIJd23po5NlXj4RwUreEU0itg8
khaleej-al-arabi,low,ChIJ935DJ0BnXj4REi93Www6b6w
khaleej-al-arabi,low,ChIJtX9tROtlXj4RIk-cLGMAvcY
khaleej-al-arabi,low,ChIJm5L3bxxnXj4R2bVCq7eRdF0
khaleej-al-arabi,low,ChIJsa0vizFnXj4RdKePMZEwcsY
khaleej-al-arabi,low,ChIJqWAauUtlXj4R5CEvqGsTNdk
khaleej-al-arabi,low,ChIJiZPMTaJnXj4RHOK4tARmadY
khaleej-al-arabi,low,ChIJkfB4BgVmXj4RCj9l9s0IATk
khaleej-al-arabi,low,ChIJfS8fdSdnXj4Re-Hd6z48PNs
khaleej-al-arabi,low,ChIJUy6LoMNlXj4RbjQD6nE6-kQ
khaleej-al-arabi,low,ChIJz6dobOJlXj4RX9XDqXofqHE
khaleej-al-arabi,low,ChIJQTsb0AhmXj4RdCam14AheBk
khaleej-al-arabi,low,ChIJg6FONuBnXj4RkIDJUY_jwfU
khaleej-al-arabi,low,ChIJaYW4UClnXj4R2OH_mVOFax8
khaleej-al-arabi,low,ChIJv_c8XKhlXj4R37pIbgaaggo
khaleej-al-arabi,low,ChIJnziwXgtmXj4RAe6_Mb7E0TA
khaleej-al-arabi,low,ChIJ-xQ51yplXj4R0C5AxmRh0KM
khaleej-al-arabi,low,ChIJZ-M2UgBnXj4RscZnYuRSk1Y
khaleej-al-arabi,low,ChIJkzlGXCZmXj4Rv0Ng_vrsMsI
khaleej-al-arabi,low,ChIJl5huYkBpXj4RX9faSAjd-iA
khaleej-al-arabi,low,ChIJB5DRKyZmXj4RDRhF9YlGekM
khaleej-al-arabi,low,ChIJ-bj4weBlXj4RYa1MziOiO6c
khaleej-al-arabi,low,ChIJyRCxvUBnXj4R5PTdoN5UFTQ
khaleej-al-arabi,low,ChIJxw_jYCBmXj4R4W15MAFN0z8
khaleej-al-arabi,low,ChIJx1BuZIdpXj4RYy4-cDCDdS0
khaleej-al-arabi,low,ChIJMTJk1YBpXj4Rr8PtSnvwj5M
khaleej-al-arabi,low,ChIJ3dyLL_hpXj4RY54HfB5SeGk
khaleej-al-arabi,low,ChIJ_Vu7UilmXj4R0AsGTzHwkaU
khaleej-al-arabi,low,ChIJxRNBcplpXj4RX-TbGt12084
khaleej-al-arabi,low,ChIJo1n-M0JnXj4R7PLlSnGxI_Y
khaleej-al-arabi,low,ChIJb6QgHwBnXj4Ry47XhnrMDQY
khaleej-al-arabi,low,ChIJ44q9goBDXj4Rw1_ZJL2LHcE
khaleej-al-arabi,low,ChIJnbuwwDZGXj4R2MuK02ZL3RQ
khaleej-al-arabi,low,ChIJ_1-JP91nXj4RrBOgLJu35F4
khaleej-al-arabi,low,ChIJPyQ_-xVpXj4RkJ-p2SBjK8w
khaleej-al-arabi,low,ChIJuYirVjFnXj4RhJ2QvewLb9Y
khaleej-al-arabi,low,ChIJ8_vGInVnXj4Rj-RC-PH75Q8
khaleej-al-arabi,low,ChIJFyiZ0CNpXj4RyziQ0BZlrFQ
khaleej-al-arabi,low,ChIJX28z48ZnXj4RrrTv2jMdt1s
khaleej-al-arabi,low,ChIJZ3VuZhBnXj4RyjUlmklyTsI
khaleej-al-arabi,low,ChIJs0OGRxhmXj4RyqF8O7pRgMs
khaleej-al-arabi,low,ChIJWXHpIZdnXj4RMfPQcuP8kS4
khaleej-al-arabi,low,ChIJl_nk5cNnXj4RwjYoWDZgh6g
khaleej-al-arabi,low,ChIJ8z35MOhnXj4RBz5wq89B23E
khaleej-al-arabi,low,ChIJFRtjJr5nXj4RH8E6eCIm0NM
khaleej-al-arabi,low,ChIJNUZcwFxlXj4R1UGyZkyy7vk
khaleej-al-arabi,low,ChIJ4x5Z0rllXj4RX0TozoUVNCM
khaleej-al-arabi,low,ChIJxftp17llXj4RR6iKQLzAZSE
khaleej-al-arabi,low,ChIJk2y5S1hlXj4RaU-V3GxHYZ4
khaleej-al-arabi,low,ChIJE41fxbllXj4RaqLEAd7ULzA
khaleej-al-arabi,low,ChIJhUJoI2hlXj4RWMgLSf9uN1o
khaleej-al-arabi,low,ChIJ4x5Z0rllXj4RLtJ5OoBzSig
khaleej-al-arabi,low,ChIJH3UftbtlXj4R_Gp1GDNG7Dg
khaleej-al-arabi,low,ChIJ4x5Z0rllXj4R_-VAv4ifxYU
khaleej-al-arabi,low,ChIJ4x5Z0rllXj4RjjjlVYEGEbY
khaleej-al-arabi,low,ChIJ4x5Z0rllXj4Req_RsypIwio
khaleej-al-arabi,low,ChIJn9KShVdpXj4RDEEMcAqN5gA
khaleej-al-arabi,low,ChIJW1ZZSkNmXj4ROlTwRMqMJUc
khaleej-al-arabi,low,ChIJV_fiWINnXj4RSVmfyhdlhnI
khaleej-al-arabi,low,ChIJHYAIMgBnXj4RLEfhkv4gRHg
khaleej-al-arabi,low,ChIJn-VSqNlnXj4R47V-_I-fBjI
khaleej-al-arabi,low,ChIJ1_XlqW5mXj4R2AysySiBqcQ
khaleej-al-arabi,low,ChIJB2qvUzlnXj4Ru2ErXtcNvvk
khaleej-al-arabi,low,ChIJZRR1sEBmXj4RXNuJ5Ox0s2Q
khaleej-al-arabi,low,ChIJ09YGNc5nXj4RwhYG0cOt4EA
khaleej-al-arabi,low,ChIJ9aiQWhRVsk8R7Wc-AZs4BkU
khaleej-al-arabi,low,ChIJA08z79VnXj4RDoBZEk7Amgs
khaleej-al-arabi,low,ChIJPU5JKHFmXj4RrYmSwxlGq80
khaleej-al-arabi,low,ChIJuaSSHi5nXj4Ra0WscH_VXFg
khaleej-al-arabi,low,ChIJF4h7eNJnXj4R5ks2kNdQdTA
khaleej-al-arabi,low,ChIJqTeaHthnXj4R4mu23EJamJY
khaleej-al-arabi,low,ChIJk8hQALtnXj4R0sneJuNBZPc
khaleej-al-arabi,low,ChIJVbstSFBmXj4R449I_E3vMkY
khaleej-al-arabi,low,ChIJkUYZJK5nXj4RiJ9Ku8bXwdM
khaleej-al-arabi,low,ChIJASsD9DJmXj4ROzoEGOtYpgA
khaleej-al-arabi,low,ChIJE954bXBnXj4R0i-p2WyA0dk
khaleej-al-arabi,low,ChIJWbEXrURmXj4RqTlvNIxNwMg
khaleej-al-arabi,low,ChIJIYAxKfpnXj4RttR5NvR6D0Q
khaleej-al-arabi,low,ChIJV-MZgqZnXj4RqyrxMfMdd98
khaleej-al-arabi,low,ChIJNS4mnhZnXj4ROmaMfmpRpog
khaleej-al-arabi,low,ChIJmY8cvnHui2sRb7FTWZ29zT8
khaleej-al-arabi,low,ChIJcdzVQ0lmXj4R8LF1iNswxUY
khaleej-al-arabi,low,ChIJG9QuzEBmXj4RFF3cHMHXnFE
khaleej-al-arabi,low,ChIJN9mjS01nXj4RjuZGa59Z6Fw
khaleej-al-arabi,low,ChIJ-VDAk51nXj4Rgep2KOSVTB4
khaleej-al-arabi,low,ChIJ5R5zm15mXj4RRrTpMfjvLO4
khaleej-al-arabi,low,ChIJ5ygF_l1mXj4R3TyhG8g5Ytg
khaleej-al-arabi,low,ChIJMXrb-ltmXj4R1SYL2CWAIsE
khaleej-al-arabi,low,ChIJ-d9iPl9mXj4RmAkeDYJ5VyY
khaleej-al-arabi,low,ChIJ1VAD2FBnXj4RpmMke4lL7oU
khaleej-al-arabi,low,ChIJedHeCPBnXj4RxLG6Hrun3XA
khaleej-al-arabi,low,ChIJs3vVRWJpXj4RWFSLjKWVMig
khaleej-al-arabi,low,ChIJ857h14VoXj4R-MivhTIp0zA
khaleej-al-arabi,low,ChIJxdrDuv5nXj4RpY-5DF6euTc
khaleej-al-arabi,low,ChIJyTjTcmtnXj4RQimZyggX-0g
khaleej-al-arabi,low,ChIJ--LATKNnXj4RcjNbguWP7XQ
khaleej-al-arabi,low,ChIJ66GC8lBnXj4RWy2ZqpAMXPs
khaleej-al-arabi,low,ChIJY0o69snGMosRON-icriog-w
khaleej-al-arabi,low,ChIJseoQLkpnXj4R0ttDnknkwFs
khaleej-al-arabi,low,ChIJB65Z-txnXj4R1tA3xNsPhuU
khaleej-al-arabi,low,ChIJlwoJZqtnXj4RWTk4Uc8irM0
khaleej-al-arabi,low,ChIJb1nZFylnXj4RQ970d7ENh7E
khaleej-al-arabi,low,ChIJ3en6cZ9nXj4RF2tAl2cNOhY
khaleej-al-arabi,low,ChIJVeWO8JBnXj4RFTW9auZALEQ
khaleej-al-arabi,low,ChIJa5lMYwBnXj4RMZ5IObcolEI
khaleej-al-arabi,low,ChIJD1sARgBnXj4RIsSKjimSOtU
khaleej-al-arabi,low,ChIJE0h1bvxnXj4RfgC7_mTG3Ac
khaleej-al-arabi,low,ChIJy3uB4qlnXj4RcO9_SwxyAfs
khaleej-al-arabi,low,ChIJQTdrojBmXj4Rb_9E07pJORU
khaleej-al-arabi,low,ChIJYfQcrDJnXj4Rql8gi5D3N8o
khaleej-al-arabi,low,ChIJE-5kYTxmXj4Rh-fgMnNBUmQ
khaleej-al-arabi,low,ChIJ-bSvTvJnXj4RJ44FIOPKvoc
khaleej-al-arabi,low,ChIJSdNDIwtnXj4RtgRQAVdqGsE
khaleej-al-arabi,low,ChIJ-yLmBEGo92oRIFpI1-xLi84
khaleej-al-arabi,low,ChIJXcohuMJnXj4RoWXg91Ni0Ds
khaleej-al-arabi,low,ChIJQ5y8-ihmXj4R2--Iu91VhF8
khaleej-al-arabi,low,ChIJoxxAhsJpXj4RcYTCJSBnW4E
khaleej-al-arabi,low,ChIJ_chcCE9mXj4Ri_BscHtsX9I
khaleej-al-arabi,low,ChIJu39Q-xztHQsRridqi4XMjY4
khaleej-al-arabi,low,ChIJTcrTWGGt7mQRXgEix_2_Uq4
khaleej-al-arabi,low,ChIJu7lVNFFnXj4Rh3ZfIeCW_l8
khaleej-al-arabi,low,ChIJucQxxsRnXj4R512MmgYJ4vQ
khaleej-al-arabi,low,ChIJAwEMi9xnXj4RT3boB_iocto
khaleej-al-arabi,low,ChIJVVVVeVlmXj4R6VS3CRGr4ok
khaleej-al-arabi,low,ChIJ5xZgC51nXj4R9Q19GGhq79U
khaleej-al-arabi,low,ChIJISIA0epnXj4R3NPYSWTWMzc
khaleej-al-arabi,low,ChIJ8c1oDTpnXj4RhWg-OJ1Acwc
khaleej-al-arabi,low,ChIJX1RX4wo8YW0RWfZ4IhmQ910
khaleej-al-arabi,low,ChIJTbJqXgdnXj4RxwgM7jWri0k
khaleej-al-arabi,low,ChIJYe0rouVnXj4RBQKS16aIjdc
khaleej-al-arabi,low,ChIJrdP5fzVnXj4RMa-wVitoTkg
khaleej-al-arabi,low,ChIJqSQmziRnXj4RmeMQxuCyqdE
khaleej-al-arabi,low,ChIJqWOcxKZnXj4REDnFq7XplL4
khaleej-al-arabi,low,ChIJ2R_mwgpmXj4RFBUQ0mAaS0g
khaleej-al-arabi,low,ChIJIcfhikBmXj4RDW08uEX-Z5g
khaleej-al-arabi,low,ChIJs33dBLxnXj4RMLCKrC_P_8o
khaleej-al-arabi,low,ChIJr0nXtj1nXj4RRRzISutiKk8
khaleej-al-arabi,low,ChIJ5ZdMfFpnXj4RogmtEazB4y0
khaleej-al-arabi,low,ChIJqWcd62dmXj4RhK3HHIGDJU4
khaleej-al-arabi,low,ChIJaXKPMvRnXj4RRPVd1vS7_-4
khaleej-al-arabi,low,ChIJadIgXV5mXj4RHvil6PozSWE
khaleej-al-arabi,low,ChIJD_u7A2ZmXj4RWpXlIFngq0E
khaleej-al-arabi,low,ChIJWXQkBbNnXj4RH9BkA9ttS4g
khaleej-al-arabi,low,ChIJycDEwXtnXj4RvJsLPnvqb0M
khaleej-al-arabi,low,ChIJxSWvhJ9nXj4RAD2csL2tCPs
khaleej-al-arabi,low,ChIJMx2vVDFnXj4RofkJZHV4AF0
khaleej-al-arabi,low,ChIJvYuUk31nXj4RAIboTOIYjjw
khaleej-al-arabi,low,ChIJOT5Vq4VnXj4RUX2e0_2hhFM
khaleej-al-arabi,low,ChIJoZ61PXdnXj4RP8OgX34DSZk
khaleej-al-arabi,low,ChIJ56Heog1nXj4RwXiqmukHXas
khaleej-al-arabi,low,ChIJUUhQMmFmXj4Rmmo5z04KXOU
khaleej-al-arabi,low,ChIJ5waOJUFnXj4R9Qe9NGUCeys
khaleej-al-arabi,low,ChIJZ6QJe0lnXj4RBmyypnUAkmw
khaleej-al-arabi,low,ChIJJ8ZD0y9nXj4Rgq4iStCwxaQ
khaleej-al-arabi,low,ChIJ9ePCDDJnXj4R2lE3kpQj14o
khaleej-al-arabi,low,ChIJE82v1t1nXj4R4TjauuobSTk
khaleej-al-arabi,low,ChIJCX-p3FZnXj4RxvSlMaCdcjA
khaleej-al-arabi,low,ChIJDRVrHQBnXj4RQ7zsRdI3hHo
khaleej-al-arabi,low,ChIJS61JbB5mXj4RgF-hmsgxuBs
khaleej-al-arabi,low,ChIJq7KQiVkiu44RFiNNjfq-8Qg
khaleej-al-arabi,low,ChIJDwhDPz5nXj4RYsFFNcfOBsY
khaleej-al-arabi,low,ChIJC2xhY5osVYcREHYoqqDJMkg
khaleej-al-arabi,low,ChIJC-qSZ9VnXj4Rl4-9xeIvBfM
khaleej-al-arabi,low,ChIJFf5hotJnXj4RaeQ_fkV8Cvk
khaleej-al-arabi,low,ChIJP_qupm5nXj4RbumVBqXp1xQ
khaleej-al-arabi,low,ChIJIWVIlbRnXj4RgOogtBZgwKs
khaleej-al-arabi,low,ChIJQ8ljpdVnXj4RXbKAYsbdZ4A
khaleej-al-arabi,low,ChIJ9WInBWtnXj4RxEXM3Kxdfh0
khaleej-al-arabi,low,ChIJpY8eIopnXj4R-W--X2TfcdA
khaleej-al-arabi,low,ChIJS3rYruNnXj4Rkzh6QikQ-7Y
khaleej-al-arabi,low,ChIJiebkpd5nXj4RX2Mi86natDE
khaleej-al-arabi,low,ChIJ15sJJShnXj4RQ0eeYXBdZwo
khaleej-al-arabi,low,ChIJ2wDUJSZnXj4RDEaKjF9OrrY
khaleej-al-arabi,low,ChIJaQAS82NmXj4Rc7ND45DP_mE
khaleej-al-arabi,low,ChIJYw2ruydmXj4RBVpf7T18Iv8
khaleej-al-arabi,low,ChIJz8os5WRmXj4RT6RASiduQhY
khaleej-al-arabi,low,ChIJT_KD0o5nXj4RnPEbddbl8DE
khaleej-al-arabi,low,ChIJndvG6k1nXj4Rux7D-1bDDqw
khaleej-al-arabi,low,ChIJsbAHHABnXj4RS-zsnr4GJaw
khaleej-al-arabi,low,ChIJtXoBeyNmXj4RNAp0GFV7IWo
khaleej-al-arabi,low,ChIJk-wHqNtnXj4RCnLfnouEc_c
khaleej-al-arabi,low,ChIJS6zSkSBnXj4RqEs00Xw5zDs
khaleej-al-arabi,low,ChIJvS9WeYlnXj4RRfn1UzM5QRY
khaleej-al-arabi,low,ChIJaRZUqHZmXj4RpLJ7tHP_RFg
khaleej-al-arabi,low,ChIJpX_OJYJoXj4Rpjz8-daA5RA
khaleej-al-arabi,low,ChIJ_wOzsw5nXj4REAiP6OP6nU0
khaleej-al-arabi,low,ChIJXUjWmR5nXj4R8waZHt49aJA
khaleej-al-arabi,low,ChIJHydx9CGS2CcRx5ActGmymJ8
khaleej-al-arabi,low,ChIJA0Zs2CJnXj4Rr0yMvlyjPqk
khaleej-al-arabi,low,ChIJm0kTSBVmXj4RfDXhsMaQ3hA
khaleej-al-arabi,low,ChIJiRByoWVmXj4RwyYFrNKx1y4
khaleej-al-arabi,low,ChIJa_uR1otnXj4RcemH38_7OxM
khaleej-al-arabi,low,ChIJVfuOjmdmXj4Re4b0WfIcBEk
khaleej-al-arabi,low,ChIJyWDqRWJnXj4RTZMYi4u1spg
khaleej-al-arabi,low,ChIJByfkR1JnXj4RjZnK3wXzQsU
khaleej-al-arabi,low,ChIJDSIpTQxnXj4Ri2TOMbuDqYQ
khaleej-al-arabi,low,ChIJYzLadgpnXj4RLzJZVi1kNSQ
khaleej-al-arabi,low,ChIJ83bmZbVnXj4R0qRR4A-B13A
khaleej-al-arabi,low,ChIJSWDSRvhnXj4R4BtLYbxkGsE
khaleej-al-arabi,low,ChIJBdF1KLFnXj4RIoI6NE7VsH0
khaleej-al-arabi,low,ChIJOa6rvn5pXj4RHFhX0FEX7yY
khaleej-al-arabi,low,ChIJr6wjqh9nXj4ROupP3dicQsc
khaleej-al-arabi,low,ChIJCcn8d-VnXj4R9liKH-vNo7c
khaleej-al-arabi,low,ChIJu5Q_WXBnXj4RRdALUTTrM6k
khaleej-al-arabi,low,ChIJi2dTOThnXj4RsR8brZ1nOy0
khaleej-al-arabi,low,ChIJJ4wSTrdpXj4R1L8vQ_7a69k
khaleej-al-arabi,medium,ChIJ3_iyPrQ5Xj4RH9UwIvrtDss
khaleej-al-arabi,medium,ChIJe4z7kLFpXj4R8ChzMToftoQ
khaleej-al-arabi,medium,ChIJZXlAm1JoXj4R6LavbbVS52Y
khaleej-al-arabi,medium,ChIJqfxHJwBpXj4R2mW273YWwbw
khaleej-al-arabi,medium,ChIJF8NlR7NpXj4R3R1apjTHXqw
khaleej-al-arabi,medium,ChIJ8Wb6FwBpXj4RPNJTS1cWs0Q
khaleej-al-arabi,medium,ChIJE__TXa5pXj4RJQijrVSdBso
khaleej-al-arabi,medium,ChIJsaqal7RpXj4RXyel5unpRvk
khaleej-al-arabi,medium,ChIJJY0w0PdpXj4RnI5Xq36sUF0
khaleej-al-arabi,medium,ChIJP1lYpkRnXj4R_-fm4K6DmlA
khaleej-al-arabi,medium,ChIJWwW__3pDXj4ROuUJUpFFRic
khaleej-al-arabi,medium,ChIJzb2iNlJDXj4RCp00sbC5K2E
khaleej-al-arabi,medium,ChIJXSza7bBDXj4RlUamaUqdoJE
khaleej-al-arabi,medium,ChIJxem_UQBpXj4Rj-UHmV5l3Bc
khaleej-al-arabi,medium,ChIJBY9muG5DXj4RV-rTK3YN8mc
khaleej-al-arabi,medium,ChIJidma655DXj4Rd7GNaJdYJPg
khaleej-al-arabi,medium,ChIJjeOuPQBDXj4RymqmgVCSoZc
khaleej-al-arabi,medium,ChIJPX91JwBDXj4RajZtPQQGYWA
khaleej-al-arabi,medium,ChIJb1XY6HBDXj4R8gnYqL6bYpU
khaleej-al-arabi,medium,ChIJV_2SfgBDXj4RkemcafiSsFQ
khaleej-al-arabi,medium,ChIJBUAM_NhDXj4RRkVDWdeQrAQ
khaleej-al-arabi,medium,ChIJ6bHnLSfOJGoRUlthxqok0gc
khaleej-al-arabi,medium,ChIJs3UEXetDXj4RHt1DEeZYyhY
khaleej-al-arabi,medium,ChIJWZU8RV5pXj4RQh7WVMBVA4M
khaleej-al-arabi,medium,ChIJQdR3YXhlXj4Rs1lVb0ScdqY
khaleej-al-arabi,medium,ChIJUR0MMCtlXj4RCrmzug27EF4
khaleej-al-arabi,medium,ChIJ9aiDGABvXj4Rmqzih9RDTWM
khaleej-al-arabi,medium,ChIJNcEbcyNpXj4RN7bElDhvr2U
khaleej-al-arabi,medium,ChIJ-YhJtkppXj4Rabaoqq1SQSw
khaleej-al-arabi,medium,ChIJhVWfudppXj4RW1NJDUldjnk
khaleej-al-arabi,medium,ChIJjwQqBABpXj4REuTQ2Av-a9Q
khaleej-al-arabi,medium,ChIJcUCfJsdpXj4Rr4YKloDlJPw
khaleej-al-arabi,medium,ChIJ0TaixelpXj4RNujWv0mWuVk
khaleej-al-arabi,medium,ChIJfTM1sL1pXj4RMz_zxOsTuyM
khaleej-al-arabi,medium,ChIJ_XHbJhZmXj4RZEoLST18fRY
khaleej-al-arabi,medium,ChIJyVN5GCdHXj4ReNVO3YUVu1I
khaleej-al-arabi,medium,ChIJJ6Rmi0NpXj4RirmSVXHGwrE
khaleej-al-arabi,medium,ChIJ_X5_sYloXj4R7yEMS_c4eKE
khaleej-al-arabi,medium,ChIJ6ceRi2pnXj4RO9pOhI7icjE
khaleej-al-arabi,medium,ChIJ43Hi13lpXj4RzzYf8mWbs3A
khaleej-al-arabi,medium,ChIJT7KcLitpXj4Rh5bcE_YzEJE
khaleej-al-arabi,medium,ChIJ3X_JNv1pXj4RqPI030unqzE
khaleej-al-arabi,medium,ChIJDccChn1pXj4RChtxa2C6YOk
khaleej-al-arabi,medium,ChIJRccC8h1pXj4R6bmL4SEfoA0
khaleej-al-arabi,medium,ChIJIQC5B3dpXj4RuLjtnsl-iQg
khaleej-al-arabi,medium,ChIJA8LhDvNpXj4R8vv9oOyrJDw
khaleej-al-arabi,medium,ChIJtaypk6VHXj4Rno3wZUgkHEU
khaleej-al-arabi,medium,ChIJ5Q2p8hxpXj4RW1aP3BZOk1o
khaleej-al-arabi,medium,ChIJ6WvjJUxpXj4RBrEpujZgm_0
khaleej-al-arabi,medium,ChIJASsJwpdpXj4RK-rxI9CDims
khaleej-al-arabi,medium,ChIJLbmsUNVpXj4Rimbd3z_7Zkc
khaleej-al-arabi,medium,ChIJXXEoRatpXj4RAwuSFz46vVo
khaleej-al-arabi,medium,ChIJ8bfdgZ5pXj4Rufma7EEL_sc
khaleej-al-arabi,medium,ChIJBREr7oNDXj4RfhQ5lRfJBPU
khaleej-al-arabi,medium,ChIJwzatXQBpXj4RvqKh4Y4GzcQ
khaleej-al-arabi,medium,ChIJ4RPvP8hpXj4RZyJsF1mf7zA
khaleej-al-arabi,medium,ChIJY59gK9VpXj4ROCwYdCtZdb0
khaleej-al-arabi,medium,ChIJI8v8dWppXj4RWPqjOl9OoXE
khaleej-al-arabi,medium,ChIJ3SEIKAtDXj4R-KbBxJRio3I
khaleej-al-arabi,medium,ChIJ1RNCXzRDXj4RkbuAKXOwcGA
khaleej-al-arabi,medium,ChIJn6Y25n5CXj4RNiqHwAV0tvE
khaleej-al-arabi,medium,ChIJ_em4aABDXj4RJvIkDFBUzlU
khaleej-al-arabi,medium,ChIJxQc-metlXj4RA2Np0qHrA70
khaleej-al-arabi,medium,ChIJUQmc5sVlXj4R2PCDAWYrzt0
khaleej-al-arabi,medium,ChIJvzTI6fZlXj4RF8U8gHHjyio
khaleej-al-arabi,medium,ChIJId_FDZtoXj4RtLMGvvUMFc0
khaleej-al-arabi,medium,ChIJfZhovYdlXj4RhiiooGvSt7s
khaleej-al-arabi,medium,ChIJNYLTB-tlXj4RSEYSqRV0fDE
khaleej-al-arabi,medium,ChIJYXvJfPdlXj4RmcqPihLlFT8
khaleej-al-arabi,medium,ChIJP8lwH-tlXj4R7n0s3BN0qpg
khaleej-al-arabi,medium,ChIJIdnAcBtlXj4ReLhQ8LafChQ
khaleej-al-arabi,medium,ChIJd23po5NlXj4RwUreEU0itg8
khaleej-al-arabi,medium,ChIJM38BGwBlXj4RXvM9xafewTw
khaleej-al-arabi,medium,ChIJ935DJ0BnXj4REi93Www6b6w
khaleej-al-arabi,medium,ChIJtX9tROtlXj4RIk-cLGMAvcY
khaleej-al-arabi,medium,ChIJm5L3bxxnXj4R2bVCq7eRdF0
khaleej-al-arabi,medium,ChIJsa0vizFnXj4RdKePMZEwcsY
khaleej-al-arabi,medium,ChIJqWAauUtlXj4R5CEvqGsTNdk
khaleej-al-arabi,medium,ChIJiZPMTaJnXj4RHOK4tARmadY
khaleej-al-arabi,medium,ChIJkfB4BgVmXj4RCj9l9s0IATk
khaleej-al-arabi,medium,ChIJfS8fdSdnXj4Re-Hd6z48PNs
khaleej-al-arabi,medium,ChIJUy6LoMNlXj4RbjQD6nE6-kQ
khaleej-al-arabi,medium,ChIJz6dobOJlXj4RX9XDqXofqHE
khaleej-al-arabi,medium,ChIJQTsb0AhmXj4RdCam14AheBk
khaleej-al-arabi,medium,ChIJg6FONuBnXj4RkIDJUY_jwfU
khaleej-al-arabi,medium,ChIJaYW4UClnXj4R2OH_mVOFax8
khaleej-al-arabi,medium,ChIJv_c8XKhlXj4R37pIbgaaggo
khaleej-al-arabi,medium,ChIJnziwXgtmXj4RAe6_Mb7E0TA
khaleej-al-arabi,medium,ChIJ-xQ51yplXj4R0C5AxmRh0KM
khaleej-al-arabi,medium,ChIJZ-M2UgBnXj4RscZnYuRSk1Y
khaleej-al-arabi,medium,ChIJkzlGXCZmXj4Rv0Ng_vrsMsI
khaleej-al-arabi,medium,ChIJl5huYkBpXj4RX9faSAjd-iA
khaleej-al-arabi,medium,ChIJB5DRKyZmXj4RDRhF9YlGekM
khaleej-al-arabi,medium,ChIJ-bj4weBlXj4RYa1MziOiO6c
khaleej-al-arabi,medium,ChIJyRCxvUBnXj4R5PTdoN5UFTQ
khaleej-al-arabi,medium,ChIJxw_jYCBmXj4R4W15MAFN0z8
khaleej-al-arabi,medium,ChIJx1BuZIdpXj4RYy4-cDCDdS0
khaleej-al-arabi,medium,ChIJMTJk1YBpXj4Rr8PtSnvwj5M
khaleej-al-arabi,medium,ChIJ3dyLL_hpXj4RY54HfB5SeGk
khaleej-al-arabi,medium,ChIJ_Vu7UilmXj4R0AsGTzHwkaU
khaleej-al-arabi,medium,ChIJxRNBcplpXj4RX-TbGt12084
khaleej-al-arabi,medium,ChIJo1n-M0JnXj4R7PLlSnGxI_Y
khaleej-al-arabi,medium,ChIJb6QgHwBnXj4Ry47XhnrMDQY
khaleej-al-arabi,medium,ChIJ44q9goBDXj4Rw1_ZJL2LHcE
khaleej-al-arabi,medium,ChIJnbuwwDZGXj4R2MuK02ZL3RQ
khaleej-al-arabi,medium,ChIJ_1-JP91nXj4RrBOgLJu35F4
khaleej-al-arabi,medium,ChIJPyQ_-xVpXj4RkJ-p2SBjK8w
khaleej-al-arabi,medium,ChIJuYirVjFnXj4RhJ2QvewLb9Y
khaleej-al-arabi,medium,ChIJ8_vGInVnXj4Rj-RC-PH75Q8
khaleej-al-arabi,medium,ChIJFyiZ0CNpXj4RyziQ0BZlrFQ
khaleej-al-arabi,medium,ChIJX28z48ZnXj4RrrTv2jMdt1s
khaleej-al-arabi,medium,ChIJZ3VuZhBnXj4RyjUlmklyTsI
khaleej-al-arabi,medium,ChIJs0OGRxhmXj4RyqF8O7pRgMs
khaleej-al-arabi,medium,ChIJWXHpIZdnXj4RMfPQcuP8kS4
khaleej-al-arabi,medium,ChIJl_nk5cNnXj4RwjYoWDZgh6g
khaleej-al-arabi,medium,ChIJVZe88pNpXj4RT9AwJCaXtvA
khaleej-al-arabi,medium,ChIJ8z35MOhnXj4RBz5wq89B23E
khaleej-al-arabi,medium,ChIJFRtjJr5nXj4RH8E6eCIm0NM
khaleej-al-arabi,medium,ChIJQS7TRp1CXj4R7kO__gEfjH4
khaleej-al-arabi,medium,ChIJNUZcwFxlXj4R1UGyZkyy7vk
khaleej-al-arabi,medium,ChIJ4x5Z0rllXj4RX0TozoUVNCM
khaleej-al-arabi,medium,ChIJxftp17llXj4RR6iKQLzAZSE
khaleej-al-arabi,medium,ChIJk2y5S1hlXj4RaU-V3GxHYZ4
khaleej-al-arabi,medium,ChIJE41fxbllXj4RaqLEAd7ULzA
khaleej-al-arabi,medium,ChIJhUJoI2hlXj4RWMgLSf9uN1o
khaleej-al-arabi,medium,ChIJ4x5Z0rllXj4RLtJ5OoBzSig
khaleej-al-arabi,medium,ChIJH3UftbtlXj4R_Gp1GDNG7Dg
khaleej-al-arabi,medium,ChIJ4x5Z0rllXj4R_-VAv4ifxYU
khaleej-al-arabi,medium,ChIJ4x5Z0rllXj4RjjjlVYEGEbY
khaleej-al-arabi,medium,ChIJbefoOABlXj4R17KuY77z_5E
khaleej-al-arabi,medium,ChIJq6ZwLwBlXj4R5_xaVc_AL5M
khaleej-al-arabi,medium,ChIJ4x5Z0rllXj4Req_RsypIwio
khaleej-al-arabi,medium,ChIJn9KShVdpXj4RDEEMcAqN5gA
khaleej-al-arabi,medium,ChIJW1ZZSkNmXj4ROlTwRMqMJUc
khaleej-al-arabi,medium,ChIJV_fiWINnXj4RSVmfyhdlhnI
khaleej-al-arabi,medium,ChIJHYAIMgBnXj4RLEfhkv4gRHg
khaleej-al-arabi,medium,ChIJn-VSqNlnXj4R47V-_I-fBjI
khaleej-al-arabi,medium,ChIJ1_XlqW5mXj4R2AysySiBqcQ
khaleej-al-arabi,medium,ChIJB2qvUzlnXj4Ru2ErXtcNvvk
khaleej-al-arabi,medium,ChIJZRR1sEBmXj4RXNuJ5Ox0s2Q
khaleej-al-arabi,medium,ChIJ09YGNc5nXj4RwhYG0cOt4EA
khaleej-al-arabi,medium,ChIJ9aiQWhRVsk8R7Wc-AZs4BkU
khaleej-al-arabi,medium,ChIJA08z79VnXj4RDoBZEk7Amgs
khaleej-al-arabi,medium,ChIJPU5JKHFmXj4RrYmSwxlGq80
khaleej-al-arabi,medium,ChIJuaSSHi5nXj4Ra0WscH_VXFg
khaleej-al-arabi,medium,ChIJF4h7eNJnXj4R5ks2kNdQdTA
khaleej-al-arabi,medium,ChIJqTeaHthnXj4R4mu23EJamJY
khaleej-al-arabi,medium,ChIJk8hQALtnXj4R0sneJuNBZPc
khaleej-al-arabi,medium,ChIJVbstSFBmXj4R449I_E3vMkY
khaleej-al-arabi,medium,ChIJkUYZJK5nXj4RiJ9Ku8bXwdM
khaleej-al-arabi,medium,ChIJASsD9DJmXj4ROzoEGOtYpgA
khaleej-al-arabi,medium,ChIJE954bXBnXj4R0i-p2WyA0dk
khaleej-al-arabi,medium,ChIJWbEXrURmXj4RqTlvNIxNwMg
khaleej-al-arabi,medium,ChIJIYAxKfpnXj4RttR5NvR6D0Q
khaleej-al-arabi,medium,ChIJV-MZgqZnXj4RqyrxMfMdd98
khaleej-al-arabi,medium,ChIJNS4mnhZnXj4ROmaMfmpRpog
khaleej-al-arabi,medium,ChIJmY8cvnHui2sRb7FTWZ29zT8
khaleej-al-arabi,medium,ChIJcdzVQ0lmXj4R8LF1iNswxUY
khaleej-al-arabi,medium,ChIJG9QuzEBmXj4RFF3cHMHXnFE
khaleej-al-arabi,medium,ChIJicmWN_5nXj4RlcNpSiVRe_k
khaleej-al-arabi,medium,ChIJGQcdzZNnXj4REEerUGl7wDg
khaleej-al-arabi,medium,ChIJQcy0bbxnXj4R-WqMI3VHVNI
khaleej-al-arabi,medium,ChIJ_d7LWzNnXj4RGDMh0Ss42H8
khaleej-al-arabi,medium,ChIJjxX0knlnXj4R44jguI9QG6w
khaleej-al-arabi,medium,ChIJ8TsCxJ1nXj4RbbrhicyE6kc
khaleej-al-arabi,medium,ChIJ5wt_y71nXj4Rf9V6KjoRaDQ
khaleej-al-arabi,medium,ChIJ7-O7sH1nXj4Ruiwbj6pPfJo
khaleej-al-arabi,medium,ChIJHRSMuBpnXj4ReujgE1dwHj0
khaleej-al-arabi,medium,ChIJTzbECidnXj4RapPAqym1g6g
khaleej-al-arabi,medium,ChIJM_cTHgBnXj4Rcz0pQfziQdc
khaleej-al-arabi,medium,ChIJA0HSlpxnXj4RfrJqY3XlIYQ
khaleej-al-arabi,medium,ChIJjf-Dz21nXj4RW69cUeFr59U
khaleej-al-arabi,medium,ChIJYwNX56JnXj4RdqtWGzb13JA
khaleej-al-arabi,medium,ChIJZV66kJhnXj4ReG9g2VN4Fa8
khaleej-al-arabi,medium,ChIJ_S01UQVnXj4Rp9gKj2D00ws
khaleej-al-arabi,medium,ChIJN9mjS01nXj4RjuZGa59Z6Fw
khaleej-al-arabi,medium,ChIJcRgS2eFnXj4RhCRJ8MKJkXM
khaleej-al-arabi,medium,ChIJ-VDAk51nXj4Rgep2KOSVTB4
khaleej-al-arabi,medium,ChIJ5R5zm15mXj4RRrTpMfjvLO4
khaleej-al-arabi,medium,ChIJ5ygF_l1mXj4R3TyhG8g5Ytg
khaleej-al-arabi,medium,ChIJMXrb-ltmXj4R1SYL2CWAIsE
khaleej-al-arabi,medium,ChIJ-d9iPl9mXj4RmAkeDYJ5VyY
khaleej-al-arabi,medium,ChIJ1VAD2FBnXj4RpmMke4lL7oU
khaleej-al-arabi,medium,ChIJ46n5PadnXj4RQxaG0H7wG1c
khaleej-al-arabi,medium,ChIJf0lCeppnXj4RpNFakW7VXQU
khaleej-al-arabi,medium,ChIJ79IYKRFnXj4RMx7me4gh_Jg
khaleej-al-arabi,medium,ChIJIUtXTBZnXj4Rp3OlWXUTxTo
khaleej-al-arabi,medium,ChIJG3eVAWFmXj4RX_EiWIICdkc
khaleej-al-arabi,medium,ChIJYypGG5BnXj4RZGQ25vMinrE
khaleej-al-arabi,medium,ChIJiZseMgBnXj4RLhFPAjVs4Dw
khaleej-al-arabi,medium,ChIJ0aqt6ztz_a8Rrw4sUQPIb8c
khaleej-al-arabi,medium,ChIJscAhvklnXj4RPJwXl-xvlhs
khaleej-al-arabi,medium,ChIJedHeCPBnXj4RxLG6Hrun3XA
khaleej-al-arabi,medium,ChIJs3vVRWJpXj4RWFSLjKWVMig
khaleej-al-arabi,medium,ChIJf5ksS1pnXj4R8nGiK6EIavw
khaleej-al-arabi,medium,ChIJ857h14VoXj4R-MivhTIp0zA
khaleej-al-arabi,medium,ChIJq0b4j1ppXj4RGyoDe94smso
khaleej-al-arabi,medium,ChIJxdrDuv5nXj4RpY-5DF6euTc
khaleej-al-arabi,medium,ChIJyTjTcmtnXj4RQimZyggX-0g
khaleej-al-arabi,medium,ChIJ--LATKNnXj4RcjNbguWP7XQ
khaleej-al-arabi,medium,ChIJ66GC8lBnXj4RWy2ZqpAMXPs
khaleej-al-arabi,medium,ChIJ039yYpBnXj4R-jriLFdsbhQ
khaleej-al-arabi,medium,ChIJY0o69snGMosRON-icriog-w
khaleej-al-arabi,medium,ChIJseoQLkpnXj4R0ttDnknkwFs
khaleej-al-arabi,medium,ChIJB65Z-txnXj4R1tA3xNsPhuU
khaleej-al-arabi,medium,ChIJlwoJZqtnXj4RWTk4Uc8irM0
khaleej-al-arabi,medium,ChIJb1nZFylnXj4RQ970d7ENh7E
khaleej-al-arabi,medium,ChIJ3en6cZ9nXj4RF2tAl2cNOhY
khaleej-al-arabi,medium,ChIJVeWO8JBnXj4RFTW9auZALEQ
khaleej-al-arabi,medium,ChIJa5lMYwBnXj4RMZ5IObcolEI
khaleej-al-arabi,medium,ChIJD1sARgBnXj4RIsSKjimSOtU
khaleej-al-arabi,medium,ChIJ16q9A1NmXj4RlbEye6DidAY
khaleej-al-arabi,medium,ChIJE0h1bvxnXj4RfgC7_mTG3Ac
khaleej-al-arabi,medium,ChIJy3uB4qlnXj4RcO9_SwxyAfs
khaleej-al-arabi,medium,ChIJQTdrojBmXj4Rb_9E07pJORU
khaleej-al-arabi,medium,ChIJYfQcrDJnXj4Rql8gi5D3N8o
khaleej-al-arabi,medium,ChIJE-5kYTxmXj4Rh-fgMnNBUmQ
khaleej-al-arabi,medium,ChIJ-bSvTvJnXj4RJ44FIOPKvoc
khaleej-al-arabi,medium,ChIJSdNDIwtnXj4RtgRQAVdqGsE
khaleej-al-arabi,medium,ChIJ-yLmBEGo92oRIFpI1-xLi84
khaleej-al-arabi,medium,ChIJXcohuMJnXj4RoWXg91Ni0Ds
khaleej-al-arabi,medium,ChIJQ5y8-ihmXj4R2--Iu91VhF8
khaleej-al-arabi,medium,ChIJoxxAhsJpXj4RcYTCJSBnW4E
khaleej-al-arabi,medium,ChIJ_chcCE9mXj4Ri_BscHtsX9I
khaleej-al-arabi,medium,ChIJu39Q-xztHQsRridqi4XMjY4
khaleej-al-arabi,medium,ChIJTcrTWGGt7mQRXgEix_2_Uq4
khaleej-al-arabi,medium,ChIJ_YyMCwBpXj4RdNchW4I14U4
khaleej-al-arabi,medium,ChIJu7lVNFFnXj4Rh3ZfIeCW_l8
khaleej-al-arabi,medium,ChIJucQxxsRnXj4R512MmgYJ4vQ
khaleej-al-arabi,medium,ChIJBwQQN51nXj4RxvRgy-HYskU
khaleej-al-arabi,medium,ChIJAwEMi9xnXj4RT3boB_iocto
khaleej-al-arabi,medium,ChIJVVVVeVlmXj4R6VS3CRGr4ok
khaleej-al-arabi,medium,ChIJ60v63kRpXj4Rx-2z7cIGd1M
khaleej-al-arabi,medium,ChIJ5xZgC51nXj4R9Q19GGhq79U
khaleej-al-arabi,medium,ChIJISIA0epnXj4R3NPYSWTWMzc
khaleej-al-arabi,medium,ChIJ8c1oDTpnXj4RhWg-OJ1Acwc
khaleej-al-arabi,medium,ChIJX1RX4wo8YW0RWfZ4IhmQ910
khaleej-al-arabi,medium,ChIJTbJqXgdnXj4RxwgM7jWri0k
khaleej-al-arabi,medium,ChIJYe0rouVnXj4RBQKS16aIjdc
khaleej-al-arabi,medium,ChIJrdP5fzVnXj4RMa-wVitoTkg
khaleej-al-arabi,medium,ChIJqSQmziRnXj4RmeMQxuCyqdE
khaleej-al-arabi,medium,ChIJqWOcxKZnXj4REDnFq7XplL4
khaleej-al-arabi,medium,ChIJ2R_mwgpmXj4RFBUQ0mAaS0g
khaleej-al-arabi,medium,ChIJIcfhikBmXj4RDW08uEX-Z5g
khaleej-al-arabi,medium,ChIJs33dBLxnXj4RMLCKrC_P_8o
khaleej-al-arabi,medium,ChIJr0nXtj1nXj4RRRzISutiKk8
khaleej-al-arabi,medium,ChIJ5ZdMfFpnXj4RogmtEazB4y0
khaleej-al-arabi,medium,ChIJqWcd62dmXj4RhK3HHIGDJU4
khaleej-al-arabi,medium,ChIJaXKPMvRnXj4RRPVd1vS7_-4
khaleej-al-arabi,medium,ChIJadIgXV5mXj4RHvil6PozSWE
khaleej-al-arabi,medium,ChIJD_u7A2ZmXj4RWpXlIFngq0E
khaleej-al-arabi,medium,ChIJWXQkBbNnXj4RH9BkA9ttS4g
khaleej-al-arabi,medium,ChIJycDEwXtnXj4RvJsLPnvqb0M
khaleej-al-arabi,medium,ChIJxSWvhJ9nXj4RAD2csL2tCPs
khaleej-al-arabi,medium,ChIJMx2vVDFnXj4RofkJZHV4AF0
khaleej-al-arabi,medium,ChIJvYuUk31nXj4RAIboTOIYjjw
khaleej-al-arabi,medium,ChIJOT5Vq4VnXj4RUX2e0_2hhFM
khaleej-al-arabi,medium,ChIJoZ61PXdnXj4RP8OgX34DSZk
khaleej-al-arabi,medium,ChIJ56Heog1nXj4RwXiqmukHXas
khaleej-al-arabi,medium,ChIJUUhQMmFmXj4Rmmo5z04KXOU
khaleej-al-arabi,medium,ChIJ5waOJUFnXj4R9Qe9NGUCeys
khaleej-al-arabi,medium,ChIJZ6QJe0lnXj4RBmyypnUAkmw
khaleej-al-arabi,medium,ChIJJ8ZD0y9nXj4Rgq4iStCwxaQ
khaleej-al-arabi,medium,ChIJ9ePCDDJnXj4R2lE3kpQj14o
khaleej-al-arabi,medium,ChIJE82v1t1nXj4R4TjauuobSTk
khaleej-al-arabi,medium,ChIJCX-p3FZnXj4RxvSlMaCdcjA
khaleej-al-arabi,medium,ChIJDRVrHQBnXj4RQ7zsRdI3hHo
khaleej-al-arabi,medium,ChIJS61JbB5mXj4RgF-hmsgxuBs
khaleej-al-arabi,medium,ChIJq7KQiVkiu44RFiNNjfq-8Qg
khaleej-al-arabi,medium,ChIJDwhDPz5nXj4RYsFFNcfOBsY
khaleej-al-arabi,medium,ChIJC2xhY5osVYcREHYoqqDJMkg
khaleej-al-arabi,medium,ChIJC-qSZ9VnXj4Rl4-9xeIvBfM
khaleej-al-arabi,medium,ChIJFf5hotJnXj4RaeQ_fkV8Cvk
khaleej-al-arabi,medium,ChIJP_qupm5nXj4RbumVBqXp1xQ
khaleej-al-arabi,medium,ChIJIWVIlbRnXj4RgOogtBZgwKs
khaleej-al-arabi,medium,ChIJQ8ljpdVnXj4RXbKAYsbdZ4A
khaleej-al-arabi,medium,ChIJ9WInBWtnXj4RxEXM3Kxdfh0
khaleej-al-arabi,medium,ChIJpY8eIopnXj4R-W--X2TfcdA
khaleej-al-arabi,medium,ChIJS3rYruNnXj4Rkzh6QikQ-7Y
khaleej-al-arabi,medium,ChIJiebkpd5nXj4RX2Mi86natDE
khaleej-al-arabi,medium,ChIJ15sJJShnXj4RQ0eeYXBdZwo
khaleej-al-arabi,medium,ChIJ2wDUJSZnXj4RDEaKjF9OrrY
khaleej-al-arabi,medium,ChIJaQAS82NmXj4Rc7ND45DP_mE
khaleej-al-arabi,medium,ChIJYw2ruydmXj4RBVpf7T18Iv8
khaleej-al-arabi,medium,ChIJz8os5WRmXj4RT6RASiduQhY
khaleej-al-arabi,medium,ChIJXdfe9ednXj4RJJ-loFBOlbc
khaleej-al-arabi,medium,ChIJT_KD0o5nXj4RnPEbddbl8DE
khaleej-al-arabi,medium,ChIJndvG6k1nXj4Rux7D-1bDDqw
khaleej-al-arabi,medium,ChIJsbAHHABnXj4RS-zsnr4GJaw
khaleej-al-arabi,medium,ChIJtXoBeyNmXj4RNAp0GFV7IWo
khaleej-al-arabi,medium,ChIJk-wHqNtnXj4RCnLfnouEc_c
khaleej-al-arabi,medium,ChIJS6zSkSBnXj4RqEs00Xw5zDs
khaleej-al-arabi,medium,ChIJI4lXbABnXj4RaN1ZxKqvAUs
khaleej-al-arabi,medium,ChIJvS9WeYlnXj4RRfn1UzM5QRY
khaleej-al-arabi,medium,ChIJaRZUqHZmXj4RpLJ7tHP_RFg
khaleej-al-arabi,medium,ChIJpX_OJYJoXj4Rpjz8-daA5RA
khaleej-al-arabi,medium,ChIJ_wOzsw5nXj4REAiP6OP6nU0
khaleej-al-arabi,medium,ChIJXUjWmR5nXj4R8waZHt49aJA
khaleej-al-arabi,medium,ChIJHydx9CGS2CcRx5ActGmymJ8
khaleej-al-arabi,medium,ChIJA0Zs2CJnXj4Rr0yMvlyjPqk
khaleej-al-arabi,medium,ChIJK7tMZFpmXj4RXCtoBOrjFdE
khaleej-al-arabi,medium,ChIJm0kTSBVmXj4RfDXhsMaQ3hA
khaleej-al-arabi,medium,ChIJiRByoWVmXj4RwyYFrNKx1y4
khaleej-al-arabi,medium,ChIJa_uR1otnXj4RcemH38_7OxM
khaleej-al-arabi,medium,ChIJVfuOjmdmXj4Re4b0WfIcBEk
khaleej-al-arabi,medium,ChIJyWDqRWJnXj4RTZMYi4u1spg
khaleej-al-arabi,medium,ChIJByfkR1JnXj4RjZnK3wXzQsU
khaleej-al-arabi,medium,ChIJDSIpTQxnXj4Ri2TOMbuDqYQ
khaleej-al-arabi,medium,ChIJYzLadgpnXj4RLzJZVi1kNSQ
khaleej-al-arabi,medium,ChIJ83bmZbVnXj4R0qRR4A-B13A
khaleej-al-arabi,medium,ChIJSWDSRvhnXj4R4BtLYbxkGsE
khaleej-al-arabi,medium,ChIJBdF1KLFnXj4RIoI6NE7VsH0
khaleej-al-arabi,medium,ChIJOa6rvn5pXj4RHFhX0FEX7yY
khaleej-al-arabi,medium,ChIJr6wjqh9nXj4ROupP3dicQsc
khaleej-al-arabi,medium,ChIJCcn8d-VnXj4R9liKH-vNo7c
khaleej-al-arabi,medium,ChIJJ-JnA39CXj4R29ei0wLjmCw
khaleej-al-arabi,medium,ChIJu5Q_WXBnXj4RRdALUTTrM6k
khaleej-al-arabi,medium,ChIJi2dTOThnXj4RsR8brZ1nOy0
khaleej-al-arabi,medium,ChIJJ4wSTrdpXj4R1L8vQ_7a69k
khaleej-al-arabi,medium,ChIJkT7LnDdoXj4RYAutdxTjQN4
khaleej-al-arabi,medium,ChIJSZPJAhFpXj4RnXb7lxKNILI
khaleej-al-arabi,medium,ChIJqVgBKaRpXj4RQq9wj7RRfN4
khaleej-al-arabi,medium,ChIJqZDQZdFBXj4RVgknuVN2Yt4
khaleej-al-arabi,medium,ChIJP402dFdpXj4RYdkRQwX62T4
khaleej-al-arabi,high,ChIJUWAtgZZBXj4RXG5RVhUuGYA
khaleej-al-arabi,high,ChIJA3AAmCVHXj4Rd8NywioXdIc
khaleej-al-arabi,high,ChIJ3_iyPrQ5Xj4RH9UwIvrtDss
khaleej-al-arabi,high,ChIJ283PSsBBXj4REO-rAvURQTo
khaleej-al-arabi,high,ChIJE__JMcNBXj4REcdk-ayGa_4
khaleej-al-arabi,high,ChIJl7_SMwBBXj4RPp45Y4qDIwc
khaleej-al-arabi,high,ChIJcTxuQwBBXj4RPzFEJ4VnIT8
khaleej-al-arabi,high,ChIJc22EmKppXj4REIpupbbjOuk
khaleej-al-arabi,high,ChIJjw-oAIZBXj4RYs_ZF8S82Wc
khaleej-al-arabi,high,ChIJ73UPkVxBXj4RYyfjOtI6t_8
khaleej-al-arabi,high,ChIJUwh_7hJBXj4RT9ne8taJJjY
khaleej-al-arabi,high,ChIJOXCASgBBXj4ReiTJQeiDRD8
khaleej-al-arabi,high,ChIJe4z7kLFpXj4R8ChzMToftoQ
khaleej-al-arabi,high,ChIJZXlAm1JoXj4R6LavbbVS52Y
khaleej-al-arabi,high,ChIJqfxHJwBpXj4R2mW273YWwbw
khaleej-al-arabi,high,ChIJF8NlR7NpXj4R3R1apjTHXqw
khaleej-al-arabi,high,ChIJ8Wb6FwBpXj4RPNJTS1cWs0Q
khaleej-al-arabi,high,ChIJE__TXa5pXj4RJQijrVSdBso
khaleej-al-arabi,high,ChIJsaqal7RpXj4RXyel5unpRvk
khaleej-al-arabi,high,ChIJJY0w0PdpXj4RnI5Xq36sUF0
khaleej-al-arabi,high,ChIJP1lYpkRnXj4R_-fm4K6DmlA
khaleej-al-arabi,high,ChIJWwW__3pDXj4ROuUJUpFFRic
khaleej-al-arabi,high,ChIJzb2iNlJDXj4RCp00sbC5K2E
khaleej-al-arabi,high,ChIJXSza7bBDXj4RlUamaUqdoJE
khaleej-al-arabi,high,ChIJxem_UQBpXj4Rj-UHmV5l3Bc
khaleej-al-arabi,high,ChIJBY9muG5DXj4RV-rTK3YN8mc
khaleej-al-arabi,high,ChIJidma655DXj4Rd7GNaJdYJPg
khaleej-al-arabi,high,ChIJjeOuPQBDXj4RymqmgVCSoZc
khaleej-al-arabi,high,ChIJPX91JwBDXj4RajZtPQQGYWA
khaleej-al-arabi,high,ChIJD1_g9DpCXj4RWJAagGvwxYA
khaleej-al-arabi,high,ChIJ98d6OJ1oXj4RGQ8-o1qspv4
khaleej-al-arabi,high,ChIJFbzk5RNDXj4R3vo4JY7we1U
khaleej-al-arabi,high,ChIJx5hdNjFDXj4RaCf8w3PXD_w
khaleej-al-arabi,high,ChIJb1XY6HBDXj4R8gnYqL6bYpU
khaleej-al-arabi,high,ChIJV_2SfgBDXj4RkemcafiSsFQ
khaleej-al-arabi,high,ChIJBUAM_NhDXj4RRkVDWdeQrAQ
khaleej-al-arabi,high,ChIJEeqr-cqrX0ERM21WrfvrUVQ
khaleej-al-arabi,high,ChIJqyjJBwBDXj4R7RcDQqw3YVI
khaleej-al-arabi,high,ChIJ6bHnLSfOJGoRUlthxqok0gc
khaleej-al-arabi,high,ChIJs3UEXetDXj4RHt1DEeZYyhY
khaleej-al-arabi,high,ChIJcb1OvglBXj4Rpj4qKbJJoW0
khaleej-al-arabi,high,ChIJIcgTO9ZDXj4RbWXJ_yrpjuM
khaleej-al-arabi,high,ChIJ1Rym03lDXj4Ry8HrwL3DgZQ
khaleej-al-arabi,high,ChIJ7aBvpbBBXj4Rrz5YkTw3PKA
khaleej-al-arabi,high,ChIJ8Uq1R1lBXj4Rb-6WJo3wDE4
khaleej-al-arabi,high,ChIJ7YcGHXJBXj4R2XGB_gU-fdU
khaleej-al-arabi,high,ChIJ2bVES9BDXj4R1GQbwTs4s7U
khaleej-al-arabi,high,ChIJ60POGgBBXj4RZm8XLPPzC3U
khaleej-al-arabi,high,ChIJfxeqQk5BXj4RA0PquO-4oMk
khaleej-al-arabi,high,ChIJ6x3D_plBXj4R-qot1dS-WBE
khaleej-al-arabi,high,ChIJNaSYXthDXj4RprtgcxKvnds
khaleej-al-arabi,high,ChIJnexvv2BBXj4RGZ-nIdMn_Y8
khaleej-al-arabi,high,ChIJ7yIxJNpDXj4R2GCbL6B0_nw
khaleej-al-arabi,high,ChIJFRhBdlJBXj4RwYy2RLGionw
khaleej-al-arabi,high,ChIJzeXPk_JBXj4R3ruXrllceTM
khaleej-al-arabi,high,ChIJWZU8RV5pXj4RQh7WVMBVA4M
khaleej-al-arabi,high,ChIJQdR3YXhlXj4Rs1lVb0ScdqY
khaleej-al-arabi,high,ChIJUR0MMCtlXj4RCrmzug27EF4
khaleej-al-arabi,high,ChIJ9aiDGABvXj4Rmqzih9RDTWM
khaleej-al-arabi,high,ChIJNcEbcyNpXj4RN7bElDhvr2U
khaleej-al-arabi,high,ChIJ-YhJtkppXj4Rabaoqq1SQSw
khaleej-al-arabi,high,ChIJhVWfudppXj4RW1NJDUldjnk
khaleej-al-arabi,high,ChIJjwQqBABpXj4REuTQ2Av-a9Q
khaleej-al-arabi,high,ChIJcUCfJsdpXj4Rr4YKloDlJPw
khaleej-al-arabi,high,ChIJ0TaixelpXj4RNujWv0mWuVk
khaleej-al-arabi,high,ChIJfTM1sL1pXj4RMz_zxOsTuyM
khaleej-al-arabi,high,ChIJ_XHbJhZmXj4RZEoLST18fRY
khaleej-al-arabi,high,ChIJyVN5GCdHXj4ReNVO3YUVu1I
khaleej-al-arabi,high,ChIJJ6Rmi0NpXj4RirmSVXHGwrE
khaleej-al-arabi,high,ChIJ_X5_sYloXj4R7yEMS_c4eKE
khaleej-al-arabi,high,ChIJ6ceRi2pnXj4RO9pOhI7icjE
khaleej-al-arabi,high,ChIJ43Hi13lpXj4RzzYf8mWbs3A
khaleej-al-arabi,high,ChIJT7KcLitpXj4Rh5bcE_YzEJE
khaleej-al-arabi,high,ChIJ3X_JNv1pXj4RqPI030unqzE
khaleej-al-arabi,high,ChIJDccChn1pXj4RChtxa2C6YOk
khaleej-al-arabi,high,ChIJRccC8h1pXj4R6bmL4SEfoA0
khaleej-al-arabi,high,ChIJIQC5B3dpXj4RuLjtnsl-iQg
khaleej-al-arabi,high,ChIJA8LhDvNpXj4R8vv9oOyrJDw
khaleej-al-arabi,high,ChIJtaypk6VHXj4Rno3wZUgkHEU
khaleej-al-arabi,high,ChIJ5Q2p8hxpXj4RW1aP3BZOk1o
khaleej-al-arabi,high,ChIJ6WvjJUxpXj4RBrEpujZgm_0
khaleej-al-arabi,high,ChIJASsJwpdpXj4RK-rxI9CDims
khaleej-al-arabi,high,ChIJLbmsUNVpXj4Rimbd3z_7Zkc
khaleej-al-arabi,high,ChIJXXEoRatpXj4RAwuSFz46vVo
khaleej-al-arabi,high,ChIJ8bfdgZ5pXj4Rufma7EEL_sc
khaleej-al-arabi,high,ChIJBREr7oNDXj4RfhQ5lRfJBPU
khaleej-al-arabi,high,ChIJwzatXQBpXj4RvqKh4Y4GzcQ
khaleej-al-arabi,high,ChIJ4RPvP8hpXj4RZyJsF1mf7zA
khaleej-al-arabi,high,ChIJY59gK9VpXj4ROCwYdCtZdb0
khaleej-al-arabi,high,ChIJI8v8dWppXj4RWPqjOl9OoXE
khaleej-al-arabi,high,ChIJ3SEIKAtDXj4R-KbBxJRio3I
khaleej-al-arabi,high,ChIJ1RNCXzRDXj4RkbuAKXOwcGA
khaleej-al-arabi,high,ChIJRfTVvZVDXj4RZZRKmMGM9cs
khaleej-al-arabi,high,ChIJD78jm21DXj4RFJaaFlEWA9U
khaleej-al-arabi,high,ChIJt8i1c6JDXj4RZT68OZOeZA8
khaleej-al-arabi,high,ChIJJThiRQBDXj4ReHyHBI8ug-c
khaleej-al-arabi,high,ChIJn6Y25n5CXj4RNiqHwAV0tvE
khaleej-al-arabi,high,ChIJ_em4aABDXj4RJvIkDFBUzlU
khaleej-al-arabi,high,ChIJsZcdI0VCXj4RcqqbomF0j6w
khaleej-al-arabi,high,ChIJy0gbkiRDXj4RsKUFEhYvICw
khaleej-al-arabi,high,ChIJxQc-metlXj4RA2Np0qHrA70
khaleej-al-arabi,high,ChIJUQmc5sVlXj4R2PCDAWYrzt0
khaleej-al-arabi,high,ChIJvzTI6fZlXj4RF8U8gHHjyio
khaleej-al-arabi,high,ChIJId_FDZtoXj4RtLMGvvUMFc0
khaleej-al-arabi,high,ChIJfZhovYdlXj4RhiiooGvSt7s
khaleej-al-arabi,high,ChIJNYLTB-tlXj4RSEYSqRV0fDE
khaleej-al-arabi,high,ChIJYXvJfPdlXj4RmcqPihLlFT8
khaleej-al-arabi,high,ChIJP8lwH-tlXj4R7n0s3BN0qpg
khaleej-al-arabi,high,ChIJIdnAcBtlXj4ReLhQ8LafChQ
khaleej-al-arabi,high,ChIJd23po5NlXj4RwUreEU0itg8
khaleej-al-arabi,high,ChIJM38BGwBlXj4RXvM9xafewTw
khaleej-al-arabi,high,ChIJ935DJ0BnXj4REi93Www6b6w
khaleej-al-arabi,high,ChIJtX9tROtlXj4RIk-cLGMAvcY
khaleej-al-arabi,high,ChIJm5L3bxxnXj4R2bVCq7eRdF0
khaleej-al-arabi,high,ChIJsa0vizFnXj4RdKePMZEwcsY
khaleej-al-arabi,high,ChIJqWAauUtlXj4R5CEvqGsTNdk
khaleej-al-arabi,high,ChIJiZPMTaJnXj4RHOK4tARmadY
khaleej-al-arabi,high,ChIJkfB4BgVmXj4RCj9l9s0IATk
khaleej-al-arabi,high,ChIJfS8fdSdnXj4Re-Hd6z48PNs
khaleej-al-arabi,high,ChIJUy6LoMNlXj4RbjQD6nE6-kQ
khaleej-al-arabi,high,ChIJz6dobOJlXj4RX9XDqXofqHE
khaleej-al-arabi,high,ChIJQTsb0AhmXj4RdCam14AheBk
khaleej-al-arabi,high,ChIJg6FONuBnXj4RkIDJUY_jwfU
khaleej-al-arabi,high,ChIJaYW4UClnXj4R2OH_mVOFax8
khaleej-al-arabi,high,ChIJv_c8XKhlXj4R37pIbgaaggo
khaleej-al-arabi,high,ChIJnziwXgtmXj4RAe6_Mb7E0TA
khaleej-al-arabi,high,ChIJ-xQ51yplXj4R0C5AxmRh0KM
khaleej-al-arabi,high,ChIJZ-M2UgBnXj4RscZnYuRSk1Y
khaleej-al-arabi,high,ChIJkzlGXCZmXj4Rv0Ng_vrsMsI
khaleej-al-arabi,high,ChIJl5huYkBpXj4RX9faSAjd-iA
khaleej-al-arabi,high,ChIJB5DRKyZmXj4RDRhF9YlGekM
khaleej-al-arabi,high,ChIJ-bj4weBlXj4RYa1MziOiO6c
khaleej-al-arabi,high,ChIJyRCxvUBnXj4R5PTdoN5UFTQ
khaleej-al-arabi,high,ChIJxw_jYCBmXj4R4W15MAFN0z8
khaleej-al-arabi,high,ChIJx1BuZIdpXj4RYy4-cDCDdS0
khaleej-al-arabi,high,ChIJMTJk1YBpXj4Rr8PtSnvwj5M
khaleej-al-arabi,high,ChIJ3dyLL_hpXj4RY54HfB5SeGk
khaleej-al-arabi,high,ChIJ_Vu7UilmXj4R0AsGTzHwkaU
khaleej-al-arabi,high,ChIJxRNBcplpXj4RX-TbGt12084
khaleej-al-arabi,high,ChIJo1n-M0JnXj4R7PLlSnGxI_Y
khaleej-al-arabi,high,ChIJb6QgHwBnXj4Ry47XhnrMDQY
khaleej-al-arabi,high,ChIJ44q9goBDXj4Rw1_ZJL2LHcE
khaleej-al-arabi,high,ChIJnbuwwDZGXj4R2MuK02ZL3RQ
khaleej-al-arabi,high,ChIJ_1-JP91nXj4RrBOgLJu35F4
khaleej-al-arabi,high,ChIJPyQ_-xVpXj4RkJ-p2SBjK8w
khaleej-al-arabi,high,ChIJuYirVjFnXj4RhJ2QvewLb9Y
khaleej-al-arabi,high,ChIJ8_vGInVnXj4Rj-RC-PH75Q8
khaleej-al-arabi,high,ChIJFyiZ0CNpXj4RyziQ0BZlrFQ
khaleej-al-arabi,high,ChIJX28z48ZnXj4RrrTv2jMdt1s
khaleej-al-arabi,high,ChIJZ3VuZhBnXj4RyjUlmklyTsI
khaleej-al-arabi,high,ChIJs0OGRxhmXj4RyqF8O7pRgMs
khaleej-al-arabi,high,ChIJWXHpIZdnXj4RMfPQcuP8kS4
khaleej-al-arabi,high,ChIJl_nk5cNnXj4RwjYoWDZgh6g
khaleej-al-arabi,high,ChIJVZe88pNpXj4RT9AwJCaXtvA
khaleej-al-arabi,high,ChIJ8z35MOhnXj4RBz5wq89B23E
khaleej-al-arabi,high,ChIJFRtjJr5nXj4RH8E6eCIm0NM
khaleej-al-arabi,high,ChIJycSvtZxCXj4R-RJF502OC-k
khaleej-al-arabi,high,ChIJQS7TRp1CXj4R7kO__gEfjH4
khaleej-al-arabi,high,ChIJNUZcwFxlXj4R1UGyZkyy7vk
khaleej-al-arabi,high,ChIJ4x5Z0rllXj4RX0TozoUVNCM
khaleej-al-arabi,high,ChIJxftp17llXj4RR6iKQLzAZSE
khaleej-al-arabi,high,ChIJk2y5S1hlXj4RaU-V3GxHYZ4
khaleej-al-arabi,high,ChIJE41fxbllXj4RaqLEAd7ULzA
khaleej-al-arabi,high,ChIJhUJoI2hlXj4RWMgLSf9uN1o
khaleej-al-arabi,high,ChIJ4x5Z0rllXj4RLtJ5OoBzSig
khaleej-al-arabi,high,ChIJH3UftbtlXj4R_Gp1GDNG7Dg
khaleej-al-arabi,high,ChIJ4x5Z0rllXj4R_-VAv4ifxYU
khaleej-al-arabi,high,ChIJ4x5Z0rllXj4RjjjlVYEGEbY
khaleej-al-arabi,high,ChIJbefoOABlXj4R17KuY77z_5E
khaleej-al-arabi,high,ChIJq6ZwLwBlXj4R5_xaVc_AL5M
khaleej-al-arabi,high,ChIJ4x5Z0rllXj4Req_RsypIwio
khaleej-al-arabi,high,ChIJn9KShVdpXj4RDEEMcAqN5gA
khaleej-al-arabi,high,ChIJW1ZZSkNmXj4ROlTwRMqMJUc
khaleej-al-arabi,high,ChIJV_fiWINnXj4RSVmfyhdlhnI
khaleej-al-arabi,high,ChIJHYAIMgBnXj4RLEfhkv4gRHg
khaleej-al-arabi,high,ChIJn-VSqNlnXj4R47V-_I-fBjI
khaleej-al-arabi,high,ChIJ1_XlqW5mXj4R2AysySiBqcQ
khaleej-al-arabi,high,ChIJB2qvUzlnXj4Ru2ErXtcNvvk
khaleej-al-arabi,high,ChIJZRR1sEBmXj4RXNuJ5Ox0s2Q
khaleej-al-arabi,high,ChIJ09YGNc5nXj4RwhYG0cOt4EA
khaleej-al-arabi,high,ChIJ9aiQWhRVsk8R7Wc-AZs4BkU
khaleej-al-arabi,high,ChIJA08z79VnXj4RDoBZEk7Amgs
khaleej-al-arabi,high,ChIJPU5JKHFmXj4RrYmSwxlGq80
khaleej-al-arabi,high,ChIJuaSSHi5nXj4Ra0WscH_VXFg
khaleej-al-arabi,high,ChIJF4h7eNJnXj4R5ks2kNdQdTA
khaleej-al-arabi,high,ChIJqTeaHthnXj4R4mu23EJamJY
khaleej-al-arabi,high,ChIJk8hQALtnXj4R0sneJuNBZPc
khaleej-al-arabi,high,ChIJVbstSFBmXj4R449I_E3vMkY
khaleej-al-arabi,high,ChIJkUYZJK5nXj4RiJ9Ku8bXwdM
khaleej-al-arabi,high,ChIJASsD9DJmXj4ROzoEGOtYpgA
khaleej-al-arabi,high,ChIJE954bXBnXj4R0i-p2WyA0dk
khaleej-al-arabi,high,ChIJWbEXrURmXj4RqTlvNIxNwMg
khaleej-al-arabi,high,ChIJIYAxKfpnXj4RttR5NvR6D0Q
khaleej-al-arabi,high,ChIJV-MZgqZnXj4RqyrxMfMdd98
khaleej-al-arabi,high,ChIJNS4mnhZnXj4ROmaMfmpRpog
khaleej-al-arabi,high,ChIJmY8cvnHui2sRb7FTWZ29zT8
khaleej-al-arabi,high,ChIJcdzVQ0lmXj4R8LF1iNswxUY
khaleej-al-arabi,high,ChIJG9QuzEBmXj4RFF3cHMHXnFE
khaleej-al-arabi,high,ChIJicmWN_5nXj4RlcNpSiVRe_k
khaleej-al-arabi,high,ChIJGQcdzZNnXj4REEerUGl7wDg
khaleej-al-arabi,high,ChIJQcy0bbxnXj4R-WqMI3VHVNI
khaleej-al-arabi,high,ChIJ_d7LWzNnXj4RGDMh0Ss42H8
khaleej-al-arabi,high,ChIJjxX0knlnXj4R44jguI9QG6w
khaleej-al-arabi,high,ChIJ8TsCxJ1nXj4RbbrhicyE6kc
khaleej-al-arabi,high,ChIJ5wt_y71nXj4Rf9V6KjoRaDQ
khaleej-al-arabi,high,ChIJ7-O7sH1nXj4Ruiwbj6pPfJo
khaleej-al-arabi,high,ChIJHRSMuBpnXj4ReujgE1dwHj0
khaleej-al-arabi,high,ChIJTzbECidnXj4RapPAqym1g6g
khaleej-al-arabi,high,ChIJM_cTHgBnXj4Rcz0pQfziQdc
khaleej-al-arabi,high,ChIJA0HSlpxnXj4RfrJqY3XlIYQ
khaleej-al-arabi,high,ChIJjf-Dz21nXj4RW69cUeFr59U
khaleej-al-arabi,high,ChIJYwNX56JnXj4RdqtWGzb13JA
khaleej-al-arabi,high,ChIJZV66kJhnXj4ReG9g2VN4Fa8
khaleej-al-arabi,high,ChIJ_S01UQVnXj4Rp9gKj2D00ws
khaleej-al-arabi,high,ChIJN9mjS01nXj4RjuZGa59Z6Fw
khaleej-al-arabi,high,ChIJcRgS2eFnXj4RhCRJ8MKJkXM
khaleej-al-arabi,high,ChIJ-VDAk51nXj4Rgep2KOSVTB4
khaleej-al-arabi,high,ChIJ5R5zm15mXj4RRrTpMfjvLO4
khaleej-al-arabi,high,ChIJ5ygF_l1mXj4R3TyhG8g5Ytg
khaleej-al-arabi,high,ChIJMXrb-ltmXj4R1SYL2CWAIsE
khaleej-al-arabi,high,ChIJ-d9iPl9mXj4RmAkeDYJ5VyY
khaleej-al-arabi,high,ChIJ1VAD2FBnXj4RpmMke4lL7oU
khaleej-al-arabi,high,ChIJ46n5PadnXj4RQxaG0H7wG1c
khaleej-al-arabi,high,ChIJf0lCeppnXj4RpNFakW7VXQU
khaleej-al-arabi,high,ChIJJRQvpxpnXj4RWzb_3l_p7l0
khaleej-al-arabi,high,ChIJ79IYKRFnXj4RMx7me4gh_Jg
khaleej-al-arabi,high,ChIJIUtXTBZnXj4Rp3OlWXUTxTo
khaleej-al-arabi,high,ChIJG3eVAWFmXj4RX_EiWIICdkc
khaleej-al-arabi,high,ChIJYypGG5BnXj4RZGQ25vMinrE
khaleej-al-arabi,high,ChIJiZseMgBnXj4RLhFPAjVs4Dw
khaleej-al-arabi,high,ChIJ0aqt6ztz_a8Rrw4sUQPIb8c
khaleej-al-arabi,high,ChIJscAhvklnXj4RPJwXl-xvlhs
khaleej-al-arabi,high,ChIJ4fKvQapdXj4RR4R8aMsOKH0
khaleej-al-arabi,high,ChIJsci4XkJnXj4RdFbLSs1RTaM
khaleej-al-arabi,high,ChIJCULiVB5nXj4RrriEuVkzcCg
khaleej-al-arabi,high,ChIJYY-i2nlnXj4RZaHk_hMG7hw
khaleej-al-arabi,high,ChIJc2LcxaxnXj4RlYm5aUKnvuM
khaleej-al-arabi,high,ChIJ684164pnXj4R7iGsef52v7w
khaleej-al-arabi,high,ChIJMQDQxVxnXj4RaEL-lsslhxo
khaleej-al-arabi,high,ChIJq6qqatNpXj4RG-LPAvrvE9o
khaleej-al-arabi,high,ChIJoyzRazppXj4RbE9fTX--YgY
khaleej-al-arabi,high,ChIJ59T1ESdnXj4Rf1TGNNax3LE
khaleej-al-arabi,high,ChIJ15JvYpZnXj4RhJkLzg3Yo50
khaleej-al-arabi,high,ChIJO19xxlxnXj4RCj2gDk8OZws
khaleej-al-arabi,high,ChIJi71ebABdXj4RxZxHjJ8O_p0
khaleej-al-arabi,high,ChIJNxIMOABdXj4RlXDKCcO8GOA
khaleej-al-arabi,high,ChIJmcDLX4ddXj4RTFm5SNq45uM
khaleej-al-arabi,high,ChIJedHeCPBnXj4RxLG6Hrun3XA
khaleej-al-arabi,high,ChIJs3vVRWJpXj4RWFSLjKWVMig
khaleej-al-arabi,high,ChIJf5ksS1pnXj4R8nGiK6EIavw
khaleej-al-arabi,high,ChIJ857h14VoXj4R-MivhTIp0zA
khaleej-al-arabi,high,ChIJq0b4j1ppXj4RGyoDe94smso
khaleej-al-arabi,high,ChIJxdrDuv5nXj4RpY-5DF6euTc
khaleej-al-arabi,high,ChIJyTjTcmtnXj4RQimZyggX-0g
khaleej-al-arabi,high,ChIJ--LATKNnXj4RcjNbguWP7XQ
khaleej-al-arabi,high,ChIJ66GC8lBnXj4RWy2ZqpAMXPs
khaleej-al-arabi,high,ChIJ039yYpBnXj4R-jriLFdsbhQ
khaleej-al-arabi,high,ChIJY0o69snGMosRON-icriog-w
khaleej-al-arabi,high,ChIJseoQLkpnXj4R0ttDnknkwFs
khaleej-al-arabi,high,ChIJB65Z-txnXj4R1tA3xNsPhuU
khaleej-al-arabi,high,ChIJlwoJZqtnXj4RWTk4Uc8irM0
khaleej-al-arabi,high,ChIJb1nZFylnXj4RQ970d7ENh7E
khaleej-al-arabi,high,ChIJ3en6cZ9nXj4RF2tAl2cNOhY
khaleej-al-arabi,high,ChIJVeWO8JBnXj4RFTW9auZALEQ
khaleej-al-arabi,high,ChIJa5lMYwBnXj4RMZ5IObcolEI
khaleej-al-arabi,high,ChIJD1sARgBnXj4RIsSKjimSOtU
khaleej-al-arabi,high,ChIJyzQrxX9BXj4R3dgagdsPj3c
khaleej-al-arabi,high,ChIJ16q9A1NmXj4RlbEye6DidAY
khaleej-al-arabi,high,ChIJE0h1bvxnXj4RfgC7_mTG3Ac
khaleej-al-arabi,high,ChIJy3uB4qlnXj4RcO9_SwxyAfs
khaleej-al-arabi,high,ChIJQTdrojBmXj4Rb_9E07pJORU
khaleej-al-arabi,high,ChIJYfQcrDJnXj4Rql8gi5D3N8o
khaleej-al-arabi,high,ChIJE-5kYTxmXj4Rh-fgMnNBUmQ
khaleej-al-arabi,high,ChIJ-bSvTvJnXj4RJ44FIOPKvoc
khaleej-al-arabi,high,ChIJSdNDIwtnXj4RtgRQAVdqGsE
khaleej-al-arabi,high,ChIJ-yLmBEGo92oRIFpI1-xLi84
khaleej-al-arabi,high,ChIJXcohuMJnXj4RoWXg91Ni0Ds
khaleej-al-arabi,high,ChIJQ5y8-ihmXj4R2--Iu91VhF8
khaleej-al-arabi,high,ChIJoxxAhsJpXj4RcYTCJSBnW4E
khaleej-al-arabi,high,ChIJ_chcCE9mXj4Ri_BscHtsX9I
khaleej-al-arabi,high,ChIJu39Q-xztHQsRridqi4XMjY4
khaleej-al-arabi,high,ChIJTcrTWGGt7mQRXgEix_2_Uq4
khaleej-al-arabi,high,ChIJ_YyMCwBpXj4RdNchW4I14U4
khaleej-al-arabi,high,ChIJu7lVNFFnXj4Rh3ZfIeCW_l8
khaleej-al-arabi,high,ChIJucQxxsRnXj4R512MmgYJ4vQ
khaleej-al-arabi,high,ChIJBwQQN51nXj4RxvRgy-HYskU
khaleej-al-arabi,high,ChIJAwEMi9xnXj4RT3boB_iocto
khaleej-al-arabi,high,ChIJVVVVeVlmXj4R6VS3CRGr4ok
khaleej-al-arabi,high,ChIJ60v63kRpXj4Rx-2z7cIGd1M
khaleej-al-arabi,high,ChIJ5xZgC51nXj4R9Q19GGhq79U
khaleej-al-arabi,high,ChIJISIA0epnXj4R3NPYSWTWMzc
khaleej-al-arabi,high,ChIJ8c1oDTpnXj4RhWg-OJ1Acwc
khaleej-al-arabi,high,ChIJX1RX4wo8YW0RWfZ4IhmQ910
khaleej-al-arabi,high,ChIJTbJqXgdnXj4RxwgM7jWri0k
khaleej-al-arabi,high,ChIJYe0rouVnXj4RBQKS16aIjdc
khaleej-al-arabi,high,ChIJrdP5fzVnXj4RMa-wVitoTkg
khaleej-al-arabi,high,ChIJqSQmziRnXj4RmeMQxuCyqdE
khaleej-al-arabi,high,ChIJqWOcxKZnXj4REDnFq7XplL4
khaleej-al-arabi,high,ChIJ2R_mwgpmXj4RFBUQ0mAaS0g
khaleej-al-arabi,high,ChIJIcfhikBmXj4RDW08uEX-Z5g
khaleej-al-arabi,high,ChIJs33dBLxnXj4RMLCKrC_P_8o
khaleej-al-arabi,high,ChIJr0nXtj1nXj4RRRzISutiKk8
khaleej-al-arabi,high,ChIJ5ZdMfFpnXj4RogmtEazB4y0
khaleej-al-arabi,high,ChIJqWcd62dmXj4RhK3HHIGDJU4
khaleej-al-arabi,high,ChIJaXKPMvRnXj4RRPVd1vS7_-4
khaleej-al-arabi,high,ChIJadIgXV5mXj4RHvil6PozSWE
khaleej-al-arabi,high,ChIJD_u7A2ZmXj4RWpXlIFngq0E
khaleej-al-arabi,high,ChIJWXQkBbNnXj4RH9BkA9ttS4g
khaleej-al-arabi,high,ChIJycDEwXtnXj4RvJsLPnvqb0M
khaleej-al-arabi,high,ChIJxSWvhJ9nXj4RAD2csL2tCPs
khaleej-al-arabi,high,ChIJMx2vVDFnXj4RofkJZHV4AF0
khaleej-al-arabi,high,ChIJvYuUk31nXj4RAIboTOIYjjw
khaleej-al-arabi,high,ChIJOT5Vq4VnXj4RUX2e0_2hhFM
khaleej-al-arabi,high,ChIJoZ61PXdnXj4RP8OgX34DSZk
khaleej-al-arabi,high,ChIJ56Heog1nXj4RwXiqmukHXas
khaleej-al-arabi,high,ChIJUUhQMmFmXj4Rmmo5z04KXOU
khaleej-al-arabi,high,ChIJ5waOJUFnXj4R9Qe9NGUCeys
khaleej-al-arabi,high,ChIJZ6QJe0lnXj4RBmyypnUAkmw
khaleej-al-arabi,high,ChIJJ8ZD0y9nXj4Rgq4iStCwxaQ
khaleej-al-arabi,high,ChIJ9ePCDDJnXj4R2lE3kpQj14o
khaleej-al-arabi,high,ChIJE82v1t1nXj4R4TjauuobSTk
khaleej-al-arabi,high,ChIJCX-p3FZnXj4RxvSlMaCdcjA
khaleej-al-arabi,high,ChIJDRVrHQBnXj4RQ7zsRdI3hHo
khaleej-al-arabi,high,ChIJS61JbB5mXj4RgF-hmsgxuBs
khaleej-al-arabi,high,ChIJq7KQiVkiu44RFiNNjfq-8Qg
khaleej-al-arabi,high,ChIJDwhDPz5nXj4RYsFFNcfOBsY
khaleej-al-arabi,high,ChIJC2xhY5osVYcREHYoqqDJMkg
khaleej-al-arabi,high,ChIJC-qSZ9VnXj4Rl4-9xeIvBfM
khaleej-al-arabi,high,ChIJFf5hotJnXj4RaeQ_fkV8Cvk
khaleej-al-arabi,high,ChIJP_qupm5nXj4RbumVBqXp1xQ
khaleej-al-arabi,high,ChIJIWVIlbRnXj4RgOogtBZgwKs
khaleej-al-arabi,high,ChIJQ8ljpdVnXj4RXbKAYsbdZ4A
khaleej-al-arabi,high,ChIJ9WInBWtnXj4RxEXM3Kxdfh0
khaleej-al-arabi,high,ChIJpY8eIopnXj4R-W--X2TfcdA
khaleej-al-arabi,high,ChIJS3rYruNnXj4Rkzh6QikQ-7Y
khaleej-al-arabi,high,ChIJiebkpd5nXj4RX2Mi86natDE
khaleej-al-arabi,high,ChIJ15sJJShnXj4RQ0eeYXBdZwo
khaleej-al-arabi,high,ChIJ2wDUJSZnXj4RDEaKjF9OrrY
khaleej-al-arabi,high,ChIJaQAS82NmXj4Rc7ND45DP_mE
khaleej-al-arabi,high,ChIJYw2ruydmXj4RBVpf7T18Iv8
khaleej-al-arabi,high,ChIJz8os5WRmXj4RT6RASiduQhY
khaleej-al-arabi,high,ChIJXdfe9ednXj4RJJ-loFBOlbc
khaleej-al-arabi,high,ChIJT_KD0o5nXj4RnPEbddbl8DE
khaleej-al-arabi,high,ChIJndvG6k1nXj4Rux7D-1bDDqw
khaleej-al-arabi,high,ChIJsbAHHABnXj4RS-zsnr4GJaw
khaleej-al-arabi,high,ChIJtXoBeyNmXj4RNAp0GFV7IWo
khaleej-al-arabi,high,ChIJk-wHqNtnXj4RCnLfnouEc_c
khaleej-al-arabi,high,ChIJS6zSkSBnXj4RqEs00Xw5zDs
khaleej-al-arabi,high,ChIJI4lXbABnXj4RaN1ZxKqvAUs
khaleej-al-arabi,high,ChIJvS9WeYlnXj4RRfn1UzM5QRY
khaleej-al-arabi,high,ChIJaRZUqHZmXj4RpLJ7tHP_RFg
khaleej-al-arabi,high,ChIJpX_OJYJoXj4Rpjz8-daA5RA
khaleej-al-arabi,high,ChIJ_wOzsw5nXj4REAiP6OP6nU0
khaleej-al-arabi,high,ChIJXUjWmR5nXj4R8waZHt49aJA
khaleej-al-arabi,high,ChIJHydx9CGS2CcRx5ActGmymJ8
khaleej-al-arabi,high,ChIJA0Zs2CJnXj4Rr0yMvlyjPqk
khaleej-al-arabi,high,ChIJK7tMZFpmXj4RXCtoBOrjFdE
khaleej-al-arabi,high,ChIJm0kTSBVmXj4RfDXhsMaQ3hA
khaleej-al-arabi,high,ChIJiRByoWVmXj4RwyYFrNKx1y4
khaleej-al-arabi,high,ChIJa_uR1otnXj4RcemH38_7OxM
khaleej-al-arabi,high,ChIJVfuOjmdmXj4Re4b0WfIcBEk
khaleej-al-arabi,high,ChIJyWDqRWJnXj4RTZMYi4u1spg
khaleej-al-arabi,high,ChIJByfkR1JnXj4RjZnK3wXzQsU
khaleej-al-arabi,high,ChIJDSIpTQxnXj4Ri2TOMbuDqYQ
khaleej-al-arabi,high,ChIJYzLadgpnXj4RLzJZVi1kNSQ
khaleej-al-arabi,high,ChIJ83bmZbVnXj4R0qRR4A-B13A
khaleej-al-arabi,high,ChIJSWDSRvhnXj4R4BtLYbxkGsE
khaleej-al-arabi,high,ChIJBdF1KLFnXj4RIoI6NE7VsH0
khaleej-al-arabi,high,ChIJOa6rvn5pXj4RHFhX0FEX7yY
khaleej-al-arabi,high,ChIJr6wjqh9nXj4ROupP3dicQsc
khaleej-al-arabi,high,ChIJCcn8d-VnXj4R9liKH-vNo7c
khaleej-al-arabi,high,ChIJJ-JnA39CXj4R29ei0wLjmCw
khaleej-al-arabi,high,ChIJu5Q_WXBnXj4RRdALUTTrM6k
khaleej-al-arabi,high,ChIJi2dTOThnXj4RsR8brZ1nOy0
khaleej-al-arabi,high,ChIJJ4wSTrdpXj4R1L8vQ_7a69k
khaleej-al-arabi,high,ChIJkT7LnDdoXj4RYAutdxTjQN4
khaleej-al-arabi,high,ChIJSZPJAhFpXj4RnXb7lxKNILI
khaleej-al-arabi,high,ChIJqVgBKaRpXj4RQq9wj7RRfN4
khaleej-al-arabi,high,ChIJqZDQZdFBXj4RVgknuVN2Yt4
khaleej-al-arabi,high,ChIJP402dFdpXj4RYdkRQwX62T4
khalifa-city-a,low,ChIJR8LWo1tGXj4Rx0MLzz2712E
khalifa-city-a,low,ChIJS_qRzU5HXj4RdDHREb3iqr0
khalifa-city-a,low,ChIJcflCD3lHXj4RT3mzoBbL5Xs
khalifa-city-a,low,ChIJu-zyqTFHXj4Rfn0ltDhuQLY
khalifa-city-a,low,ChIJI1MU0phHXj4R9Cwmi8huUZY
khalifa-city-a,low,ChIJBSTDRftHXj4RrjwQvtjVgVY
khalifa-city-a,low,ChIJC5E64aFHXj4Rv3VUWnT-q6E
khalifa-city-a,low,ChIJraRWc2ZGXj4RHZzmHNkAoVI
khalifa-city-a,low,ChIJV8chu3ZFXj4R8k3bfpbP4yQ
khalifa-city-a,low,ChIJMSB4C35HXj4RZaFWsB2HzPA
khalifa-city-a,low,ChIJ93WxzyVGXj4RV-nEwzu_2CI
khalifa-city-a,low,ChIJR7yaYMIr0A8RJ1xxI2XJjZQ
khalifa-city-a,low,ChIJ7YfCKAXNFAARAun7rUoz3ns
khalifa-city-a,low,ChIJz9Ih5T5GXj4RFa6jMlBD1lU
khalifa-city-a,low,ChIJ_YYU-SlHXj4R_s2xoMvN3H8
khalifa-city-a,low,ChIJCf71DQBHXj4RGSg-Rap3pzQ
khalifa-city-a,low,ChIJq6qq6mlGXj4RO92VESUx4Jc
khalifa-city-a,low,ChIJk3jzKPdHXj4R0MWNKxJuIRI
khalifa-city-a,low,ChIJkWCcYQBHXj4R4DwKrMJEBbc
khalifa-city-a,low,ChIJpYqPLKxHXj4RC99ZOhG1Mbw
khalifa-city-a,low,ChIJAbHY8TNJXj4RCFVFm83o6-w
khalifa-city-a,low,ChIJae_1NFRJXj4RCUMrko0sCNc
khalifa-city-a,low,ChIJpe7674JHXj4R4qEwHDutwpo
khalifa-city-a,low,ChIJi3I6PmpFXj4RvnqAlf-Zj14
khalifa-city-a,low,ChIJObWU69VFXj4RHe9sihg8jm0
khalifa-city-a,low,ChIJP1niJQBHXj4RF3V73XOmjaQ
khalifa-city-a,low,ChIJjVmxV54IyG8Rb6vQGYUtChQ
khalifa-city-a,low,ChIJK756BwBFXj4RNGsyZqGUr0o
khalifa-city-a,low,ChIJBa4fnRRFXj4RPhetV5A5vHI
khalifa-city-a,low,ChIJJb5APb1FXj4RU9aUzn6zONo
khalifa-city-a,low,ChIJDauAueVFXj4R3Xmnuq3eL3M
khalifa-city-a,low,ChIJ2cRwm0lynCgR06QvoTEAUV0
khalifa-city-a,low,ChIJcTgqyBZHXj4Rf5B1BB4WmsQ
khalifa-city-a,low,ChIJdzZoddFFXj4RJUxCBRKNlz8
khalifa-city-a,low,ChIJCcq3fX1GXj4RHBRRQQMXNlE
khalifa-city-a,low,ChIJH26D38ZFXj4RrPiy947PD0w
khalifa-city-a,low,ChIJ32dV6-JFXj4RirMzddSWiYA
khalifa-city-a,low,ChIJieGTC7ZPXj4RX_8hfMRV2HY
khalifa-city-a,low,ChIJV8rMtqhHXj4R1k1OzNyPle4
khalifa-city-a,low,ChIJwReRVwZPXj4RpK7PtgYsZSw
khalifa-city-a,low,ChIJVdq-wf5HXj4RAyEN29J_D4Q
khalifa-city-a,low,ChIJoV3tjb5FXj4RPTMhunNNho0
khalifa-city-a,low,ChIJcRE_l2NmXj4Rs7yNgCkivuE
khalifa-city-a,low,ChIJCRc4ebdFXj4RDqx1r4bzbto
khalifa-city-a,low,ChIJx_35IbpFXj4RiBbhXLiaAmA
khalifa-city-a,low,ChIJQ-xRY6NFXj4Ru-FAiCzJdaQ
khalifa-city-a,low,ChIJg9vaPitJXj4RteR_PONRSLE
khalifa-city-a,low,ChIJaxDupR1JXj4RxkHSywjtQnU
khalifa-city-a,low,ChIJu1fiwWpJXj4RVNRMH1pYlyA
khalifa-city-a,low,ChIJEQ2uFQBJXj4R8QG8_u2Tfu8
khalifa-city-a,low,ChIJp3xbSABJXj4RArqZJvxrev0
khalifa-city-a,low,ChIJURVpPwBJXj4RqJu7MxgB1zo
khalifa-city-a,low,ChIJmckIai1FXj4RDJdfcplz-70
khalifa-city-a,low,ChIJbWf7-eFFXj4R3ua_ke0oiTc
khalifa-city-a,low,ChIJZUhSv6tFXj4R7ZpJFnYGOTw
khalifa-city-a,low,ChIJlbPth9ndjWwRRkf1fcPzukU
khalifa-city-a,low,ChIJK1krJPdFXj4RQVCLQY9UeGY
khalifa-city-a,low,ChIJTVNlNwBFXj4R54kFMo_W4Fg
khalifa-city-a,low,ChIJz5Tsn31PXj4RrE5jIkDZ7vw
khalifa-city-a,low,ChIJY6BbY3ZPXj4RrUQtPfRTC6M
khalifa-city-a,low,ChIJiZM66x5PXj4RIbSt7qEUTzI
khalifa-city-a,low,ChIJL3H83LJPXj4RKlSye3d8n04
khalifa-city-a,low,ChIJp_cpJsFPXj4RIWhXvPqu7X0
khalifa-city-a,low,ChIJAUJXWQBPXj4RFsvzWMRVP5w
khalifa-city-a,low,ChIJ4yH5BgBPXj4Rq8jB2riSSG0
khalifa-city-a,low,ChIJPeHUOZ9PXj4RP72F07qBF7g
khalifa-city-a,low,ChIJD4c_XalPXj4RdqRn4Ir54qU
khalifa-city-a,low,ChIJ3Tz_hthPXj4Ry_IfDWiVNDg
khalifa-city-a,low,ChIJ9UmGSABPXj4REU0bkml0VRU
khalifa-city-a,low,ChIJX56uiH1FXj4R0q65jZPBHjU
khalifa-city-a,low,ChIJNe0TlU1PXj4Refjm7kiQahI
khalifa-city-a,low,ChIJW3C9ewBPXj4REgscJwT0eTs
khalifa-city-a,low,ChIJzQ8rNUhOXj4RGlCfY1LYDIc
khalifa-city-a,low,ChIJc2TrBABPXj4RuGMwJyG_aN4
khalifa-city-a,low,ChIJJZQinK9PXj4R8pDiVbY5L1w
khalifa-city-a,low,ChIJ_QS6FTNPXj4Rh1Dtow6vH_Y
khalifa-city-a,low,ChIJ5YtLV7hPXj4R30frPezuOe8
khalifa-city-a,low,ChIJbSN1CLFPXj4Rl9x9Aro5dag
khalifa-city-a,low,ChIJRcFIcQBPXj4R_ffjuPKPC3w
khalifa-city-a,low,ChIJ6xBtUQBPXj4RBIivJTZdPiE
khalifa-city-a,low,ChIJm4-13dJPXj4RGhVhaDMey88
khalifa-city-a,low,ChIJtcOjwlZPXj4RzHRLm0qD3cg
khalifa-city-a,low,ChIJ0eiMDgBPXj4RbtWaL1szmjY
khalifa-city-a,low,ChIJ_3PpKfdFXj4RMHet52RdlMM
khalifa-city-a,low,ChIJF3S7gY5PXj4Rj-9MkNrGVCc
khalifa-city-a,low,ChIJE9GxX6BHXj4RGlt2IQolkFo
khalifa-city-a,low,ChIJX0fF9NNFXj4RnoPe9u8IN-0
khalifa-city-a,low,ChIJP2wFAmlFXj4RyTAG9SZLuOo
khalifa-city-a,low,ChIJJa-aG9pHXj4RITVTPeiexls
khalifa-city-a,low,ChIJ4wFe7_lHXj4RtfXZggHE9rQ
khalifa-city-a,low,ChIJzZVKEF5GXj4RN9lxYZQXab4
khalifa-city-a,low,ChIJYfh3OItpXj4Rt3V__N7ZRco
khalifa-city-a,low,ChIJXegBnsJLXj4RbvwJRXPu_8o
khalifa-city-a,low,ChIJycN1AhxFXj4RscBwotobRns
khalifa-city-a,low,ChIJt4ngRthFXj4R7qe029dMUJU
khalifa-city-a,medium,ChIJW-umFABHXj4RodLZiPhbEqU
khalifa-city-a,medium,ChIJc22EmKppXj4REIpupbbjOuk
khalifa-city-a,medium,ChIJjw-oAIZBXj4RYs_ZF8S82Wc
khalifa-city-a,medium,ChIJ73UPkVxBXj4RYyfjOtI6t_8
khalifa-city-a,medium,ChIJzyPbvrtHXj4R6KGLA8AAb2Q
khalifa-city-a,medium,ChIJlVCCajQmE6QRPxItws2xgAc
khalifa-city-a,medium,ChIJ69xfDaRHXj4R9w_joO8apaw
khalifa-city-a,medium,ChIJR8LWo1tGXj4Rx0MLzz2712E
khalifa-city-a,medium,ChIJgwQaObtoXj4RnWr9rQqAL9g
khalifa-city-a,medium,ChIJKWCUUOFHXj4Rrd1yQPVEeQs
khalifa-city-a,medium,ChIJg26InplHXj4RXG9GjMhTi2M
khalifa-city-a,medium,ChIJmzfKIsZHXj4Rrih7HO9RVEw
khalifa-city-a,medium,ChIJWZqMfGPLXz4RzawoztEqiN8
khalifa-city-a,medium,ChIJIdc3eS6CU2oRfKdORtrjY1c
khalifa-city-a,medium,ChIJVVVVVWVGXj4RGN8NnKuUiYw
khalifa-city-a,medium,ChIJT2jWaABHXj4RnRduqhYIfac
khalifa-city-a,medium,ChIJlQA9FmVLXj4RFVoutOwlpcM
khalifa-city-a,medium,ChIJzb2iNlJDXj4RCp00sbC5K2E
khalifa-city-a,medium,ChIJBY9muG5DXj4RV-rTK3YN8mc
khalifa-city-a,medium,ChIJD1_g9DpCXj4RWJAagGvwxYA
khalifa-city-a,medium,ChIJ98d6OJ1oXj4RGQ8-o1qspv4
khalifa-city-a,medium,ChIJFbzk5RNDXj4R3vo4JY7we1U
khalifa-city-a,medium,ChIJx5hdNjFDXj4RaCf8w3PXD_w
khalifa-city-a,medium,ChIJb1XY6HBDXj4R8gnYqL6bYpU
khalifa-city-a,medium,ChIJV_2SfgBDXj4RkemcafiSsFQ
khalifa-city-a,medium,ChIJBUAM_NhDXj4RRkVDWdeQrAQ
khalifa-city-a,medium,ChIJEeqr-cqrX0ERM21WrfvrUVQ
khalifa-city-a,medium,ChIJqyjJBwBDXj4R7RcDQqw3YVI
khalifa-city-a,medium,ChIJ6bHnLSfOJGoRUlthxqok0gc
khalifa-city-a,medium,ChIJs3UEXetDXj4RHt1DEeZYyhY
khalifa-city-a,medium,ChIJcb1OvglBXj4Rpj4qKbJJoW0
khalifa-city-a,medium,ChIJIcgTO9ZDXj4RbWXJ_yrpjuM
khalifa-city-a,medium,ChIJ1Rym03lDXj4Ry8HrwL3DgZQ
khalifa-city-a,medium,ChIJ7aBvpbBBXj4Rrz5YkTw3PKA
khalifa-city-a,medium,ChIJ8Uq1R1lBXj4Rb-6WJo3wDE4
khalifa-city-a,medium,ChIJ7YcGHXJBXj4R2XGB_gU-fdU
khalifa-city-a,medium,ChIJ2bVES9BDXj4R1GQbwTs4s7U
khalifa-city-a,medium,ChIJ60POGgBBXj4RZm8XLPPzC3U
khalifa-city-a,medium,ChIJfxeqQk5BXj4RA0PquO-4oMk
khalifa-city-a,medium,ChIJ6x3D_plBXj4R-qot1dS-WBE
khalifa-city-a,medium,ChIJNaSYXthDXj4RprtgcxKvnds
khalifa-city-a,medium,ChIJnexvv2BBXj4RGZ-nIdMn_Y8
khalifa-city-a,medium,ChIJ7yIxJNpDXj4R2GCbL6B0_nw
khalifa-city-a,medium,ChIJFRhBdlJBXj4RwYy2RLGionw
khalifa-city-a,medium,ChIJzeXPk_JBXj4R3ruXrllceTM
khalifa-city-a,medium,ChIJHeslLLBHXj4R2k220ct8BWA
khalifa-city-a,medium,ChIJHVEMxaRGXj4R85sXAIZsZxA
khalifa-city-a,medium,ChIJJT5ZErJGXj4R7VeU-kgIwzI
khalifa-city-a,medium,ChIJV4F6t4VHXj4RFM9DyQdTykQ
khalifa-city-a,medium,ChIJbzaVH0xFXj4R4sopMv_a0Ts
khalifa-city-a,medium,ChIJgVU2UABFXj4RrnJ9POOqlsM
khalifa-city-a,medium,ChIJS_qRzU5HXj4RdDHREb3iqr0
khalifa-city-a,medium,ChIJcflCD3lHXj4RT3mzoBbL5Xs
khalifa-city-a,medium,ChIJu-zyqTFHXj4Rfn0ltDhuQLY
khalifa-city-a,medium,ChIJI1MU0phHXj4R9Cwmi8huUZY
khalifa-city-a,medium,ChIJBSTDRftHXj4RrjwQvtjVgVY
khalifa-city-a,medium,ChIJOXqcoflHXj4Rw9lYL-ImdG0
khalifa-city-a,medium,ChIJq4yo9plGXj4Rwg8iScd-r9I
khalifa-city-a,medium,ChIJq_2Ft5NGXj4RBu1gRSV_VPU
khalifa-city-a,medium,ChIJ14qBf3tmXj4Ryl0XGGlJi5A
khalifa-city-a,medium,ChIJA3hjb-NHXj4ROuB2SgejwCc
khalifa-city-a,medium,ChIJC5E64aFHXj4Rv3VUWnT-q6E
khalifa-city-a,medium,ChIJDQ4dJJFGXj4RvEL8WJHJhKo
khalifa-city-a,medium,ChIJraRWc2ZGXj4RHZzmHNkAoVI
khalifa-city-a,medium,ChIJV8chu3ZFXj4R8k3bfpbP4yQ
khalifa-city-a,medium,ChIJMSB4C35HXj4RZaFWsB2HzPA
khalifa-city-a,medium,ChIJ93WxzyVGXj4RV-nEwzu_2CI
khalifa-city-a,medium,ChIJR7yaYMIr0A8RJ1xxI2XJjZQ
khalifa-city-a,medium,ChIJ7YfCKAXNFAARAun7rUoz3ns
khalifa-city-a,medium,ChIJz9Ih5T5GXj4RFa6jMlBD1lU
khalifa-city-a,medium,ChIJ_YYU-SlHXj4R_s2xoMvN3H8
khalifa-city-a,medium,ChIJCf71DQBHXj4RGSg-Rap3pzQ
khalifa-city-a,medium,ChIJq6qq6mlGXj4RO92VESUx4Jc
khalifa-city-a,medium,ChIJk3jzKPdHXj4R0MWNKxJuIRI
khalifa-city-a,medium,ChIJkWCcYQBHXj4R4DwKrMJEBbc
khalifa-city-a,medium,ChIJpYqPLKxHXj4RC99ZOhG1Mbw
khalifa-city-a,medium,ChIJAbHY8TNJXj4RCFVFm83o6-w
khalifa-city-a,medium,ChIJae_1NFRJXj4RCUMrko0sCNc
khalifa-city-a,medium,ChIJpe7674JHXj4R4qEwHDutwpo
khalifa-city-a,medium,ChIJLbmsUNVpXj4Rimbd3z_7Zkc
khalifa-city-a,medium,ChIJBREr7oNDXj4RfhQ5lRfJBPU
khalifa-city-a,medium,ChIJY59gK9VpXj4ROCwYdCtZdb0
khalifa-city-a,medium,ChIJ3SEIKAtDXj4R-KbBxJRio3I
khalifa-city-a,medium,ChIJ1RNCXzRDXj4RkbuAKXOwcGA
khalifa-city-a,medium,ChIJRfTVvZVDXj4RZZRKmMGM9cs
khalifa-city-a,medium,ChIJD78jm21DXj4RFJaaFlEWA9U
khalifa-city-a,medium,ChIJt8i1c6JDXj4RZT68OZOeZA8
khalifa-city-a,medium,ChIJJThiRQBDXj4ReHyHBI8ug-c
khalifa-city-a,medium,ChIJn6Y25n5CXj4RNiqHwAV0tvE
khalifa-city-a,medium,ChIJ_em4aABDXj4RJvIkDFBUzlU
khalifa-city-a,medium,ChIJsZcdI0VCXj4RcqqbomF0j6w
khalifa-city-a,medium,ChIJy0gbkiRDXj4RsKUFEhYvICw
khalifa-city-a,medium,ChIJi3I6PmpFXj4RvnqAlf-Zj14
khalifa-city-a,medium,ChIJObWU69VFXj4RHe9sihg8jm0
khalifa-city-a,medium,ChIJP1niJQBHXj4RF3V73XOmjaQ
khalifa-city-a,medium,ChIJjVmxV54IyG8Rb6vQGYUtChQ
khalifa-city-a,medium,ChIJK756BwBFXj4RNGsyZqGUr0o
khalifa-city-a,medium,ChIJBa4fnRRFXj4RPhetV5A5vHI
khalifa-city-a,medium,ChIJJb5APb1FXj4RU9aUzn6zONo
khalifa-city-a,medium,ChIJDauAueVFXj4R3Xmnuq3eL3M
khalifa-city-a,medium,ChIJ2cRwm0lynCgR06QvoTEAUV0
khalifa-city-a,medium,ChIJcTgqyBZHXj4Rf5B1BB4WmsQ
khalifa-city-a,medium,ChIJdzZoddFFXj4RJUxCBRKNlz8
khalifa-city-a,medium,ChIJCcq3fX1GXj4RHBRRQQMXNlE
khalifa-city-a,medium,ChIJH26D38ZFXj4RrPiy947PD0w
khalifa-city-a,medium,ChIJ32dV6-JFXj4RirMzddSWiYA
khalifa-city-a,medium,ChIJieGTC7ZPXj4RX_8hfMRV2HY
khalifa-city-a,medium,ChIJV8rMtqhHXj4R1k1OzNyPle4
khalifa-city-a,medium,ChIJwReRVwZPXj4RpK7PtgYsZSw
khalifa-city-a,medium,ChIJVdq-wf5HXj4RAyEN29J_D4Q
khalifa-city-a,medium,ChIJoV3tjb5FXj4RPTMhunNNho0
khalifa-city-a,medium,ChIJcRE_l2NmXj4Rs7yNgCkivuE
khalifa-city-a,medium,ChIJCRc4ebdFXj4RDqx1r4bzbto
khalifa-city-a,medium,ChIJx_35IbpFXj4RiBbhXLiaAmA
khalifa-city-a,medium,ChIJQ-xRY6NFXj4Ru-FAiCzJdaQ
khalifa-city-a,medium,ChIJg9vaPitJXj4RteR_PONRSLE
khalifa-city-a,medium,ChIJaxDupR1JXj4RxkHSywjtQnU
khalifa-city-a,medium,ChIJu1fiwWpJXj4RVNRMH1pYlyA
khalifa-city-a,medium,ChIJEQ2uFQBJXj4R8QG8_u2Tfu8
khalifa-city-a,medium,ChIJp3xbSABJXj4RArqZJvxrev0
khalifa-city-a,medium,ChIJURVpPwBJXj4RqJu7MxgB1zo
khalifa-city-a,medium,ChIJycSvtZxCXj4R-RJF502OC-k
khalifa-city-a,medium,ChIJQS7TRp1CXj4R7kO__gEfjH4
khalifa-city-a,medium,ChIJmckIai1FXj4RDJdfcplz-70
khalifa-city-a,medium,ChIJbWf7-eFFXj4R3ua_ke0oiTc
khalifa-city-a,medium,ChIJZUhSv6tFXj4R7ZpJFnYGOTw
khalifa-city-a,medium,ChIJlbPth9ndjWwRRkf1fcPzukU
khalifa-city-a,medium,ChIJK1krJPdFXj4RQVCLQY9UeGY
khalifa-city-a,medium,ChIJ2TEfXYhnXj4RGxHrc6Ex7DY
khalifa-city-a,medium,ChIJTVNlNwBFXj4R54kFMo_W4Fg
khalifa-city-a,medium,ChIJz5Tsn31PXj4RrE5jIkDZ7vw
khalifa-city-a,medium,ChIJY6BbY3ZPXj4RrUQtPfRTC6M
khalifa-city-a,medium,ChIJiZM66x5PXj4RIbSt7qEUTzI
khalifa-city-a,medium,ChIJL3H83LJPXj4RKlSye3d8n04
khalifa-city-a,medium,ChIJp_cpJsFPXj4RIWhXvPqu7X0
khalifa-city-a,medium,ChIJAUJXWQBPXj4RFsvzWMRVP5w
khalifa-city-a,medium,ChIJ4yH5BgBPXj4Rq8jB2riSSG0
khalifa-city-a,medium,ChIJPeHUOZ9PXj4RP72F07qBF7g
khalifa-city-a,medium,ChIJD4c_XalPXj4RdqRn4Ir54qU
khalifa-city-a,medium,ChIJA3XvaTVJXj4R4gSJlIkcAPA
khalifa-city-a,medium,ChIJ3Tz_hthPXj4Ry_IfDWiVNDg
khalifa-city-a,medium,ChIJ9UmGSABPXj4REU0bkml0VRU
khalifa-city-a,medium,ChIJkcOkHe1LXj4RoGvVx_GBerI
khalifa-city-a,medium,ChIJ8U8s0m1LXj4Ro5PzKtDofJA
khalifa-city-a,medium,ChIJi8b_JRRLXj4RpcuKoAG2qjQ
khalifa-city-a,medium,ChIJp-oXb_NLXj4RBDc3QGLm-uE
khalifa-city-a,medium,ChIJ25NhJwBLXj4RR7-_dUZ3l7k
khalifa-city-a,medium,ChIJURfcOI9FXj4RQMm5phqBgY8
khalifa-city-a,medium,ChIJ4UkIgGJFXj4Rqq_4olKf64c
khalifa-city-a,medium,ChIJFZhIAO5DXj4RzlYwDOcq5NA
khalifa-city-a,medium,ChIJX56uiH1FXj4R0q65jZPBHjU
khalifa-city-a,medium,ChIJAdgYhN5PXj4RaWe6WoDcrrc
khalifa-city-a,medium,ChIJsXh-qCRFXj4RPD1S74hayKA
khalifa-city-a,medium,ChIJNe0TlU1PXj4Refjm7kiQahI
khalifa-city-a,medium,ChIJnbUMv8FFXj4RNd5I0EaxNd0
khalifa-city-a,medium,ChIJldsuf4dPXj4RP-dmBlvAypc
khalifa-city-a,medium,ChIJiRA2fSNFXj4RMWrYFpOYLvQ
khalifa-city-a,medium,ChIJUa8OzOlFXj4Rwz13Z_Ot4xk
khalifa-city-a,medium,ChIJHxjtWBlFXj4RDcKTU8utwso
khalifa-city-a,medium,ChIJo0AcVmRFXj4RX_BMC8Yz8Rc
khalifa-city-a,medium,ChIJeQR6m39FXj4R_lb3bZ30fCg
khalifa-city-a,medium,ChIJ3-uGn0Iz26cR1MLoPgqPDNw
khalifa-city-a,medium,ChIJB0itbYNFXj4RSJ3-1CYpOfo
khalifa-city-a,medium,ChIJs8VLrXFFXj4RAgma1lPZzZw
khalifa-city-a,medium,ChIJ8ZtA3AhPXj4R9bv4hORDLjI
khalifa-city-a,medium,ChIJw8rScR1FXj4RqBQrVfnEKSg
khalifa-city-a,medium,ChIJ356381xFXj4RleluuqcjXKw
khalifa-city-a,medium,ChIJzytGPQBFXj4ROm4eylf7Kho
khalifa-city-a,medium,ChIJO454ZwBPXj4RZFsKq4kIvPw
khalifa-city-a,medium,ChIJW3C9ewBPXj4REgscJwT0eTs
khalifa-city-a,medium,ChIJzQ8rNUhOXj4RGlCfY1LYDIc
khalifa-city-a,medium,ChIJc2TrBABPXj4RuGMwJyG_aN4
khalifa-city-a,medium,ChIJWUO80Z9PXj4ReoD9XBjFuPM
khalifa-city-a,medium,ChIJJZQinK9PXj4R8pDiVbY5L1w
khalifa-city-a,medium,ChIJfxUbmz5OXj4Rh_bZxj75WL4
khalifa-city-a,medium,ChIJfySZEadpXj4RQFGCOlwRwOg
khalifa-city-a,medium,ChIJp323AgBPXj4RrofDoXgnPcg
khalifa-city-a,medium,ChIJD4CyS3NOXj4RscRpJQ6SRmc
khalifa-city-a,medium,ChIJd4DLeFpPXj4RfCwYjK8HG7o
khalifa-city-a,medium,ChIJCZNgIwBPXj4RBXDQ6gQyJZc
khalifa-city-a,medium,ChIJ_QS6FTNPXj4Rh1Dtow6vH_Y
khalifa-city-a,medium,ChIJ5YtLV7hPXj4R30frPezuOe8
khalifa-city-a,medium,ChIJUcq4CQBPXj4RrP8bmXN55UI
khalifa-city-a,medium,ChIJa-JXp4dRXj4RwYg3Nwqibmo
khalifa-city-a,medium,ChIJbSN1CLFPXj4Rl9x9Aro5dag
khalifa-city-a,medium,ChIJhTfJMztRXj4RxFVl3wqJQak
khalifa-city-a,medium,ChIJh9wAonFPXj4R6P2_rlevv90
khalifa-city-a,medium,ChIJRcFIcQBPXj4R_ffjuPKPC3w
khalifa-city-a,medium,ChIJ6xBtUQBPXj4RBIivJTZdPiE
khalifa-city-a,medium,ChIJFbcipNZPXj4RDzs7kJAKif8
khalifa-city-a,medium,ChIJm4-13dJPXj4RGhVhaDMey88
khalifa-city-a,medium,ChIJtcOjwlZPXj4RzHRLm0qD3cg
khalifa-city-a,medium,ChIJAQMQu4BPXj4RgzlYD-d7xlE
khalifa-city-a,medium,ChIJPaBozw5OXj4RFHmj9O7KVNQ
khalifa-city-a,medium,ChIJUayCUE5PXj4Rg1xfk-miDhw
khalifa-city-a,medium,ChIJ0buKpw5OXj4R8Q_RMWwMbHU
khalifa-city-a,medium,ChIJr3cA2epPXj4RcS6qJB4IjtA
khalifa-city-a,medium,ChIJf3cbfzdPXj4RMbH1w9jcBl8
khalifa-city-a,medium,ChIJ80o6kQxOXj4R3GhiXR5zl-E
khalifa-city-a,medium,ChIJc7DZPwlnXj4RDLTM5fIWTaY
khalifa-city-a,medium,ChIJ-WMhQYxPXj4RV48sW_jXqOo
khalifa-city-a,medium,ChIJqRwwWXtPXj4RIFw8lRVEroE
khalifa-city-a,medium,ChIJq55P8zdPXj4RgpexpFVFk9Q
khalifa-city-a,medium,ChIJFbhrTABPXj4RGr41seI0ToA
khalifa-city-a,medium,ChIJ05JPFVNPXj4Rs8Z2F_7JQ6E
khalifa-city-a,medium,ChIJO5rnYmBRXj4R1pXDgiZmjbw
khalifa-city-a,medium,ChIJA_bkfvdRXj4RIn9092gR8BA
khalifa-city-a,medium,ChIJt5VoqPdRXj4R15pqzNESzv8
khalifa-city-a,medium,ChIJibicqPdRXj4R8213z11_N4Y
khalifa-city-a,medium,ChIJ1zUsWro4Xj4RPiP1sG2UhqM
khalifa-city-a,medium,ChIJBcezDOBRXj4ReyZ1UMIFj00
khalifa-city-a,medium,ChIJab-JA4RRXj4RbxVemc2x5kk
khalifa-city-a,medium,ChIJCfv3ErtRXj4RCJFiBgEm7ag
khalifa-city-a,medium,ChIJPz1dPzVRXj4RKKiV5j-5NB4
khalifa-city-a,medium,ChIJ3ziKcCpTXj4RwqXtq8cgUOg
khalifa-city-a,medium,ChIJN3D6p8dPXj4R3yBQqwyBw3M
khalifa-city-a,medium,ChIJMRP7IAFPXj4RSz1qPAw9NhI
khalifa-city-a,medium,ChIJ0eiMDgBPXj4RbtWaL1szmjY
khalifa-city-a,medium,ChIJ_3PpKfdFXj4RMHet52RdlMM
khalifa-city-a,medium,ChIJF3S7gY5PXj4Rj-9MkNrGVCc
khalifa-city-a,medium,ChIJE9GxX6BHXj4RGlt2IQolkFo
khalifa-city-a,medium,ChIJrzaR6p5PXj4RhUr3DeYN2qM
khalifa-city-a,medium,ChIJUQwY39BPXj4RsxvhH-xf4yg
khalifa-city-a,medium,ChIJX0fF9NNFXj4RnoPe9u8IN-0
khalifa-city-a,medium,ChIJKepBesZHXj4RaBj3rjbxowg
khalifa-city-a,medium,ChIJP2wFAmlFXj4RyTAG9SZLuOo
khalifa-city-a,medium,ChIJyzQrxX9BXj4R3dgagdsPj3c
khalifa-city-a,medium,ChIJJa-aG9pHXj4RITVTPeiexls
khalifa-city-a,medium,ChIJ4wFe7_lHXj4RtfXZggHE9rQ
khalifa-city-a,medium,ChIJG4PiHHpHXj4Rgotz8EAEtKw
khalifa-city-a,medium,ChIJJ-JnA39CXj4R29ei0wLjmCw
khalifa-city-a,medium,ChIJzZVKEF5GXj4RN9lxYZQXab4
khalifa-city-a,medium,ChIJoZVnEQBHXj4RhoneBiTbNw4
khalifa-city-a,medium,ChIJkT7LnDdoXj4RYAutdxTjQN4
khalifa-city-a,medium,ChIJYfh3OItpXj4Rt3V__N7ZRco
khalifa-city-a,medium,ChIJSZPJAhFpXj4RnXb7lxKNILI
khalifa-city-a,medium,ChIJee0fKLBHXj4R3ULumaNyt_E
khalifa-city-a,medium,ChIJo4M7ff5HXj4RozyClVf8rfk
khalifa-city-a,medium,ChIJXegBnsJLXj4RbvwJRXPu_8o
khalifa-city-a,medium,ChIJycN1AhxFXj4RscBwotobRns
khalifa-city-a,medium,ChIJqZDQZdFBXj4RVgknuVN2Yt4
khalifa-city-a,medium,ChIJP402dFdpXj4RYdkRQwX62T4
khalifa-city-a,medium,ChIJt4ngRthFXj4R7qe029dMUJU
khalifa-city-a,high,ChIJY9wBUAA3Xj4RHgCm5aISavs
khalifa-city-a,high,ChIJfdd0XWc5Xj4R7X8N9miotYw
khalifa-city-a,high,ChIJuUeP8ao4Xj4RxMi6isbzXA4
khalifa-city-a,high,ChIJ-2RJpOtBXj4Rp4TlKDZ7vsE
khalifa-city-a,high,ChIJrzco_UdBXj4RQJPS7RSKTt4
khalifa-city-a,high,ChIJKUIDIy9BXj4R6UaKJFEJwKk
khalifa-city-a,high,ChIJC_6gQJY5Xj4RvlU8hx0MrtM
khalifa-city-a,high,ChIJ30QrfVlHXj4RNznnw6DrRt8
khalifa-city-a,high,ChIJ1TavO7FHXj4RggvNIQ2170I
khalifa-city-a,high,ChIJ2SOz_FI5Xj4Rb4VZoGTYkqQ
khalifa-city-a,high,ChIJ22Wcv7M5Xj4RHiLNi34QnEI
khalifa-city-a,high,ChIJDbcz2A9tXz4RnqvVPtIP15c
khalifa-city-a,high,ChIJZ3vcheo3Xj4RnSWZDXWS72k
khalifa-city-a,high,ChIJlwG5_DI3Xj4RXNhToLQcoWw
khalifa-city-a,high,ChIJhzTbC103Xj4RjodcumrbGZw
khalifa-city-a,high,ChIJFSj2a4k3Xj4RTujzuydX3ys
khalifa-city-a,high,ChIJhdQYIydBXj4RqWi2HUxr2Ok
khalifa-city-a,high,ChIJC5OFi0BHXj4RAuJqyhWbkJY
khalifa-city-a,high,ChIJ1acVeH1HXj4RSli59C2hk2k
khalifa-city-a,high,ChIJDfakpIJHXj4R3WYRCyOrI74
khalifa-city-a,high,ChIJXy21KDxHXj4RIdV7o7AKBeU
khalifa-city-a,high,ChIJJY0cP_ZHXj4Rezb6C_enoRc
khalifa-city-a,high,ChIJhXJdydZHXj4RqFWkuoidlqA
khalifa-city-a,high,ChIJ7dsioyZBXj4RzIkYAl0M0OY
khalifa-city-a,high,ChIJUWAtgZZBXj4RXG5RVhUuGYA
khalifa-city-a,high,ChIJA3AAmCVHXj4Rd8NywioXdIc
khalifa-city-a,high,ChIJmZTGYwZHXj4RUVITzCRY67A
khalifa-city-a,high,ChIJK2_bRwBHXj4RIGTTZCUQak0
khalifa-city-a,high,ChIJ45jENidHXj4RbsTlCPw-bLk
khalifa-city-a,high,ChIJW-umFABHXj4RodLZiPhbEqU
khalifa-city-a,high,ChIJqWvdQgBJXj4RWBnsE2sHUHY
khalifa-city-a,high,ChIJT6HWvGA3Xj4Rmf8dQzGbtGY
khalifa-city-a,high,ChIJO_qHc_43Xj4R-51XaEJ9OPQ
khalifa-city-a,high,ChIJAV19Lv83Xj4R1oqXSoHmJGk
khalifa-city-a,high,ChIJTcAI62k3Xj4RrDfM2aTKmJ8
khalifa-city-a,high,ChIJjX-vDS5HXj4RdLKTuTi86Vs
khalifa-city-a,high,ChIJRwdqDwBJXj4RfDUU2XRviaM
khalifa-city-a,high,ChIJz9fcsplJXj4R3XctupxLwzw
khalifa-city-a,high,ChIJmVS7RtpJXj4Rb9wAlFGyBaw
khalifa-city-a,high,ChIJZ1LG5gBDXj4RE09vzn8m_8Q
khalifa-city-a,high,ChIJP_gGHdE3Xj4Rm_qbfE31_R0
khalifa-city-a,high,ChIJVWQVD7E3Xj4RQ-5zO0t9tHU
khalifa-city-a,high,ChIJT3PvNzI3Xj4RJ1wkNwZNvPk
khalifa-city-a,high,ChIJ98vusWNJXj4RXbp7IqKZZgo
khalifa-city-a,high,ChIJQxZCWlw3Xj4RqQ5C33U4JIc
khalifa-city-a,high,ChIJ2wGFVwA3Xj4RRZiJN7Utd3E
khalifa-city-a,high,ChIJJWo7LP43Xj4R-zT_vBfl0Bw
khalifa-city-a,high,ChIJ3_iyPrQ5Xj4RH9UwIvrtDss
khalifa-city-a,high,ChIJ283PSsBBXj4REO-rAvURQTo
khalifa-city-a,high,ChIJE__JMcNBXj4REcdk-ayGa_4
khalifa-city-a,high,ChIJl7_SMwBBXj4RPp45Y4qDIwc
khalifa-city-a,high,ChIJcTxuQwBBXj4RPzFEJ4VnIT8
khalifa-city-a,high,ChIJc22EmKppXj4REIpupbbjOuk
khalifa-city-a,high,ChIJjw-oAIZBXj4RYs_ZF8S82Wc
khalifa-city-a,high,ChIJ_7VnoLNBXj4RAjn-nwWg6Ek
khalifa-city-a,high,ChIJ73UPkVxBXj4RYyfjOtI6t_8
khalifa-city-a,high,ChIJUwh_7hJBXj4RT9ne8taJJjY
khalifa-city-a,high,ChIJOXCASgBBXj4ReiTJQeiDRD8
khalifa-city-a,high,ChIJH70e0D5BXj4RTlmr6g49yAg
khalifa-city-a,high,ChIJgXLLwwB-hWgReooggOGQAOo
khalifa-city-a,high,ChIJzyPbvrtHXj4R6KGLA8AAb2Q
khalifa-city-a,high,ChIJlVCCajQmE6QRPxItws2xgAc
khalifa-city-a,high,ChIJ69xfDaRHXj4R9w_joO8apaw
khalifa-city-a,high,ChIJR8LWo1tGXj4Rx0MLzz2712E
khalifa-city-a,high,ChIJgwQaObtoXj4RnWr9rQqAL9g
khalifa-city-a,high,ChIJKWCUUOFHXj4Rrd1yQPVEeQs
khalifa-city-a,high,ChIJg26InplHXj4RXG9GjMhTi2M
khalifa-city-a,high,ChIJmzfKIsZHXj4Rrih7HO9RVEw
khalifa-city-a,high,ChIJWZqMfGPLXz4RzawoztEqiN8
khalifa-city-a,high,ChIJIdc3eS6CU2oRfKdORtrjY1c
khalifa-city-a,high,ChIJVVVVVWVGXj4RGN8NnKuUiYw
khalifa-city-a,high,ChIJT2jWaABHXj4RnRduqhYIfac
khalifa-city-a,high,ChIJlQA9FmVLXj4RFVoutOwlpcM
khalifa-city-a,high,ChIJvWRdzGpHXj4RVrdYzftLegk
khalifa-city-a,high,ChIJJwJRkhhLXj4RHg-05l3AHaM
khalifa-city-a,high,ChIJsX_aaoo1Xj4RIcWrAVwQBAQ
khalifa-city-a,high,ChIJ-Rufg89LXj4R9LX9JgimYwE
khalifa-city-a,high,ChIJbcsDXkQ1Xj4RgOPhTD1rMSE
khalifa-city-a,high,ChIJoehW3PVLXj4RU3UN_7ClLuM
khalifa-city-a,high,ChIJ5RK9QAY1Xj4RFTSWJtfRiGs
khalifa-city-a,high,ChIJUV6SAl9LXj4RJWzYz9AJzJc
khalifa-city-a,high,ChIJDTDKMwBLXj4RP4aLf7qiIW0
khalifa-city-a,high,ChIJX2AtOQBLXj4RV43R0rNhdX8
khalifa-city-a,high,ChIJZXlAm1JoXj4R6LavbbVS52Y
khalifa-city-a,high,ChIJqfxHJwBpXj4R2mW273YWwbw
khalifa-city-a,high,ChIJF8NlR7NpXj4R3R1apjTHXqw
khalifa-city-a,high,ChIJ8Wb6FwBpXj4RPNJTS1cWs0Q
khalifa-city-a,high,ChIJE__TXa5pXj4RJQijrVSdBso
khalifa-city-a,high,ChIJsaqal7RpXj4RXyel5unpRvk
khalifa-city-a,high,ChIJJY0w0PdpXj4RnI5Xq36sUF0
khalifa-city-a,high,ChIJP1lYpkRnXj4R_-fm4K6DmlA
khalifa-city-a,high,ChIJWwW__3pDXj4ROuUJUpFFRic
khalifa-city-a,high,ChIJzb2iNlJDXj4RCp00sbC5K2E
khalifa-city-a,high,ChIJXSza7bBDXj4RlUamaUqdoJE
khalifa-city-a,high,ChIJxem_UQBpXj4Rj-UHmV5l3Bc
khalifa-city-a,high,ChIJBY9muG5DXj4RV-rTK3YN8mc
khalifa-city-a,high,ChIJidma655DXj4Rd7GNaJdYJPg
khalifa-city-a,high,ChIJjeOuPQBDXj4RymqmgVCSoZc
khalifa-city-a,high,ChIJPX91JwBDXj4RajZtPQQGYWA
khalifa-city-a,high,ChIJD1_g9DpCXj4RWJAagGvwxYA
khalifa-city-a,high,ChIJ98d6OJ1oXj4RGQ8-o1qspv4
khalifa-city-a,high,ChIJFbzk5RNDXj4R3vo4JY7we1U
khalifa-city-a,high,ChIJx5hdNjFDXj4RaCf8w3PXD_w
khalifa-city-a,high,ChIJb1XY6HBDXj4R8gnYqL6bYpU
khalifa-city-a,high,ChIJV_2SfgBDXj4RkemcafiSsFQ
khalifa-city-a,high,ChIJBUAM_NhDXj4RRkVDWdeQrAQ
khalifa-city-a,high,ChIJEeqr-cqrX0ERM21WrfvrUVQ
khalifa-city-a,high,ChIJqyjJBwBDXj4R7RcDQqw3YVI
khalifa-city-a,high,ChIJ6bHnLSfOJGoRUlthxqok0gc
khalifa-city-a,high,ChIJs3UEXetDXj4RHt1DEeZYyhY
khalifa-city-a,high,ChIJcb1OvglBXj4Rpj4qKbJJoW0
khalifa-city-a,high,ChIJIcgTO9ZDXj4RbWXJ_yrpjuM
khalifa-city-a,high,ChIJ1Rym03lDXj4Ry8HrwL3DgZQ
khalifa-city-a,high,ChIJ7aBvpbBBXj4Rrz5YkTw3PKA
khalifa-city-a,high,ChIJ8Uq1R1lBXj4Rb-6WJo3wDE4
khalifa-city-a,high,ChIJ7YcGHXJBXj4R2XGB_gU-fdU
khalifa-city-a,high,ChIJ2bVES9BDXj4R1GQbwTs4s7U
khalifa-city-a,high,ChIJ60POGgBBXj4RZm8XLPPzC3U
khalifa-city-a,high,ChIJfxeqQk5BXj4RA0PquO-4oMk
khalifa-city-a,high,ChIJ6x3D_plBXj4R-qot1dS-WBE
khalifa-city-a,high,ChIJNaSYXthDXj4RprtgcxKvnds
khalifa-city-a,high,ChIJnexvv2BBXj4RGZ-nIdMn_Y8
khalifa-city-a,high,ChIJ7yIxJNpDXj4R2GCbL6B0_nw
khalifa-city-a,high,ChIJFRhBdlJBXj4RwYy2RLGionw
khalifa-city-a,high,ChIJzeXPk_JBXj4R3ruXrllceTM
khalifa-city-a,high,ChIJHeslLLBHXj4R2k220ct8BWA
khalifa-city-a,high,ChIJHVEMxaRGXj4R85sXAIZsZxA
khalifa-city-a,high,ChIJJT5ZErJGXj4R7VeU-kgIwzI
khalifa-city-a,high,ChIJV4F6t4VHXj4RFM9DyQdTykQ
khalifa-city-a,high,ChIJbzaVH0xFXj4R4sopMv_a0Ts
khalifa-city-a,high,ChIJgVU2UABFXj4RrnJ9POOqlsM
khalifa-city-a,high,ChIJS_qRzU5HXj4RdDHREb3iqr0
khalifa-city-a,high,ChIJcflCD3lHXj4RT3mzoBbL5Xs
khalifa-city-a,high,ChIJu-zyqTFHXj4Rfn0ltDhuQLY
khalifa-city-a,high,ChIJI1MU0phHXj4R9Cwmi8huUZY
khalifa-city-a,high,ChIJBSTDRftHXj4RrjwQvtjVgVY
khalifa-city-a,high,ChIJOXqcoflHXj4Rw9lYL-ImdG0
khalifa-city-a,high,ChIJq4yo9plGXj4Rwg8iScd-r9I
khalifa-city-a,high,ChIJq_2Ft5NGXj4RBu1gRSV_VPU
khalifa-city-a,high,ChIJ14qBf3tmXj4Ryl0XGGlJi5A
khalifa-city-a,high,ChIJA3hjb-NHXj4ROuB2SgejwCc
khalifa-city-a,high,ChIJC5E64aFHXj4Rv3VUWnT-q6E
khalifa-city-a,high,ChIJDQ4dJJFGXj4RvEL8WJHJhKo
khalifa-city-a,high,ChIJraRWc2ZGXj4RHZzmHNkAoVI
khalifa-city-a,high,ChIJV8chu3ZFXj4R8k3bfpbP4yQ
khalifa-city-a,high,ChIJMSB4C35HXj4RZaFWsB2HzPA
khalifa-city-a,high,ChIJ93WxzyVGXj4RV-nEwzu_2CI
khalifa-city-a,high,ChIJR7yaYMIr0A8RJ1xxI2XJjZQ
khalifa-city-a,high,ChIJ7YfCKAXNFAARAun7rUoz3ns
khalifa-city-a,high,ChIJz9Ih5T5GXj4RFa6jMlBD1lU
khalifa-city-a,high,ChIJ_YYU-SlHXj4R_s2xoMvN3H8
khalifa-city-a,high,ChIJCf71DQBHXj4RGSg-Rap3pzQ
khalifa-city-a,high,ChIJq6qq6mlGXj4RO92VESUx4Jc
khalifa-city-a,high,ChIJk3jzKPdHXj4R0MWNKxJuIRI
khalifa-city-a,high,ChIJkWCcYQBHXj4R4DwKrMJEBbc
khalifa-city-a,high,ChIJpYqPLKxHXj4RC99ZOhG1Mbw
khalifa-city-a,high,ChIJAbHY8TNJXj4RCFVFm83o6-w
khalifa-city-a,high,ChIJae_1NFRJXj4RCUMrko0sCNc
khalifa-city-a,high,ChIJpe7674JHXj4R4qEwHDutwpo
khalifa-city-a,high,ChIJ-yPLqWJnXj4RARhFLzDIQDc
khalifa-city-a,high,ChIJf-mskP1LXj4Rwp8hj8OpI4Q
khalifa-city-a,high,ChIJbTzHK9BLXj4Rkf2blpN_OHs
khalifa-city-a,high,ChIJS4LrXUJKXj4R06eLXSFl_HI
khalifa-city-a,high,ChIJcRPc8q5LXj4RBYS7OqLRv-4
khalifa-city-a,high,ChIJSQFcsM5LXj4RSSQoyypSq7Q
khalifa-city-a,high,ChIJEyNXSwBLXj4Rryi_vyyFOf4
khalifa-city-a,high,ChIJmx1MGFJLXj4R1DeoQzykyR8
khalifa-city-a,high,ChIJBfshCQBLXj4R8lLRss4p7rE
khalifa-city-a,high,ChIJH9OQ6MdLXj4RhHK3jSbdvQg
khalifa-city-a,high,ChIJu0XIBgBLXj4RNXhuRCd-vW8
khalifa-city-a,high,ChIJ9yCOWgBLXj4RNpETWETZQIs
khalifa-city-a,high,ChIJpyiz9sFLXj4R44LdwEBpgA0
khalifa-city-a,high,ChIJDUqQz7xLXj4RmjBT0eLZ-aY
khalifa-city-a,high,ChIJHTnQlVZKXj4RiaTEYsOcroA
khalifa-city-a,high,ChIJ2wgq0cKDfq8RI1aJLtodTok
khalifa-city-a,high,ChIJU-Jvx8ZLXj4ROEepDo8c2do
khalifa-city-a,high,ChIJ_XHbJhZmXj4RZEoLST18fRY
khalifa-city-a,high,ChIJyVN5GCdHXj4ReNVO3YUVu1I
khalifa-city-a,high,ChIJJ6Rmi0NpXj4RirmSVXHGwrE
khalifa-city-a,high,ChIJ_X5_sYloXj4R7yEMS_c4eKE
khalifa-city-a,high,ChIJ6ceRi2pnXj4RO9pOhI7icjE
khalifa-city-a,high,ChIJ43Hi13lpXj4RzzYf8mWbs3A
khalifa-city-a,high,ChIJT7KcLitpXj4Rh5bcE_YzEJE
khalifa-city-a,high,ChIJ3X_JNv1pXj4RqPI030unqzE
khalifa-city-a,high,ChIJDccChn1pXj4RChtxa2C6YOk
khalifa-city-a,high,ChIJRccC8h1pXj4R6bmL4SEfoA0
khalifa-city-a,high,ChIJIQC5B3dpXj4RuLjtnsl-iQg
khalifa-city-a,high,ChIJA8LhDvNpXj4R8vv9oOyrJDw
khalifa-city-a,high,ChIJtaypk6VHXj4Rno3wZUgkHEU
khalifa-city-a,high,ChIJ5Q2p8hxpXj4RW1aP3BZOk1o
khalifa-city-a,high,ChIJ6WvjJUxpXj4RBrEpujZgm_0
khalifa-city-a,high,ChIJASsJwpdpXj4RK-rxI9CDims
khalifa-city-a,high,ChIJLbmsUNVpXj4Rimbd3z_7Zkc
khalifa-city-a,high,ChIJXXEoRatpXj4RAwuSFz46vVo
khalifa-city-a,high,ChIJ8bfdgZ5pXj4Rufma7EEL_sc
khalifa-city-a,high,ChIJBREr7oNDXj4RfhQ5lRfJBPU
khalifa-city-a,high,ChIJwzatXQBpXj4RvqKh4Y4GzcQ
khalifa-city-a,high,ChIJ4RPvP8hpXj4RZyJsF1mf7zA
khalifa-city-a,high,ChIJY59gK9VpXj4ROCwYdCtZdb0
khalifa-city-a,high,ChIJI8v8dWppXj4RWPqjOl9OoXE
khalifa-city-a,high,ChIJ3SEIKAtDXj4R-KbBxJRio3I
khalifa-city-a,high,ChIJ1RNCXzRDXj4RkbuAKXOwcGA
khalifa-city-a,high,ChIJRfTVvZVDXj4RZZRKmMGM9cs
khalifa-city-a,high,ChIJD78jm21DXj4RFJaaFlEWA9U
khalifa-city-a,high,ChIJt8i1c6JDXj4RZT68OZOeZA8
khalifa-city-a,high,ChIJJThiRQBDXj4ReHyHBI8ug-c
khalifa-city-a,high,ChIJn6Y25n5CXj4RNiqHwAV0tvE
khalifa-city-a,high,ChIJ_em4aABDXj4RJvIkDFBUzlU
khalifa-city-a,high,ChIJsZcdI0VCXj4RcqqbomF0j6w
khalifa-city-a,high,ChIJy0gbkiRDXj4RsKUFEhYvICw
khalifa-city-a,high,ChIJi3I6PmpFXj4RvnqAlf-Zj14
khalifa-city-a,high,ChIJObWU69VFXj4RHe9sihg8jm0
khalifa-city-a,high,ChIJP1niJQBHXj4RF3V73XOmjaQ
khalifa-city-a,high,ChIJjVmxV54IyG8Rb6vQGYUtChQ
khalifa-city-a,high,ChIJK756BwBFXj4RNGsyZqGUr0o
khalifa-city-a,high,ChIJBa4fnRRFXj4RPhetV5A5vHI
khalifa-city-a,high,ChIJJb5APb1FXj4RU9aUzn6zONo
khalifa-city-a,high,ChIJDauAueVFXj4R3Xmnuq3eL3M
khalifa-city-a,high,ChIJ2cRwm0lynCgR06QvoTEAUV0
khalifa-city-a,high,ChIJcTgqyBZHXj4Rf5B1BB4WmsQ
khalifa-city-a,high,ChIJdzZoddFFXj4RJUxCBRKNlz8
khalifa-city-a,high,ChIJCcq3fX1GXj4RHBRRQQMXNlE
khalifa-city-a,high,ChIJH26D38ZFXj4RrPiy947PD0w
khalifa-city-a,high,ChIJ32dV6-JFXj4RirMzddSWiYA
khalifa-city-a,high,ChIJieGTC7ZPXj4RX_8hfMRV2HY
khalifa-city-a,high,ChIJV8rMtqhHXj4R1k1OzNyPle4
khalifa-city-a,high,ChIJwReRVwZPXj4RpK7PtgYsZSw
khalifa-city-a,high,ChIJVdq-wf5HXj4RAyEN29J_D4Q
khalifa-city-a,high,ChIJoV3tjb5FXj4RPTMhunNNho0
khalifa-city-a,high,ChIJcRE_l2NmXj4Rs7yNgCkivuE
khalifa-city-a,high,ChIJCRc4ebdFXj4RDqx1r4bzbto
khalifa-city-a,high,ChIJx_35IbpFXj4RiBbhXLiaAmA
khalifa-city-a,high,ChIJQ-xRY6NFXj4Ru-FAiCzJdaQ
khalifa-city-a,high,ChIJg9vaPitJXj4RteR_PONRSLE
khalifa-city-a,high,ChIJaxDupR1JXj4RxkHSywjtQnU
khalifa-city-a,high,ChIJu1fiwWpJXj4RVNRMH1pYlyA
khalifa-city-a,high,ChIJEQ2uFQBJXj4R8QG8_u2Tfu8
khalifa-city-a,high,ChIJp3xbSABJXj4RArqZJvxrev0
khalifa-city-a,high,ChIJURVpPwBJXj4RqJu7MxgB1zo
khalifa-city-a,high,ChIJmzoJWuVLXj4RqBn0BWJ2yrk
khalifa-city-a,high,ChIJB9iPPgBLXj4RcvY_sB8WxMA
khalifa-city-a,high,ChIJhST-PqhLXj4R4Ns1HCNIcjA
khalifa-city-a,high,ChIJv066Aa1LXj4RLnzJJT43tGQ
khalifa-city-a,high,ChIJCWVOVMBLXj4R3mIpsIuRc0w
khalifa-city-a,high,ChIJJS9H8odLXj4RMBB1xetn8ZA
khalifa-city-a,high,ChIJ4bpFkLxLXj4RuvHAx35d5a0
khalifa-city-a,high,ChIJdUbDqP9LXj4RSAKS5ScIBrI
khalifa-city-a,high,ChIJL34CrU5KXj4RgMSMmWEYPcs
khalifa-city-a,high,ChIJiY916chLXj4RDkfGzvC9L9Y
khalifa-city-a,high,ChIJkzlGXCZmXj4Rv0Ng_vrsMsI
khalifa-city-a,high,ChIJB5DRKyZmXj4RDRhF9YlGekM
khalifa-city-a,high,ChIJx1BuZIdpXj4RYy4-cDCDdS0
khalifa-city-a,high,ChIJ3dyLL_hpXj4RY54HfB5SeGk
khalifa-city-a,high,ChIJ_Vu7UilmXj4R0AsGTzHwkaU
khalifa-city-a,high,ChIJo1n-M0JnXj4R7PLlSnGxI_Y
khalifa-city-a,high,ChIJ44q9goBDXj4Rw1_ZJL2LHcE
khalifa-city-a,high,ChIJnbuwwDZGXj4R2MuK02ZL3RQ
khalifa-city-a,high,ChIJ_1-JP91nXj4RrBOgLJu35F4
khalifa-city-a,high,ChIJPyQ_-xVpXj4RkJ-p2SBjK8w
khalifa-city-a,high,ChIJuYirVjFnXj4RhJ2QvewLb9Y
khalifa-city-a,high,ChIJ8_vGInVnXj4Rj-RC-PH75Q8
khalifa-city-a,high,ChIJFyiZ0CNpXj4RyziQ0BZlrFQ
khalifa-city-a,high,ChIJX28z48ZnXj4RrrTv2jMdt1s
khalifa-city-a,high,ChIJZ3VuZhBnXj4RyjUlmklyTsI
khalifa-city-a,high,ChIJs0OGRxhmXj4RyqF8O7pRgMs
khalifa-city-a,high,ChIJWXHpIZdnXj4RMfPQcuP8kS4
khalifa-city-a,high,ChIJl_nk5cNnXj4RwjYoWDZgh6g
khalifa-city-a,high,ChIJVZe88pNpXj4RT9AwJCaXtvA
khalifa-city-a,high,ChIJ8z35MOhnXj4RBz5wq89B23E
khalifa-city-a,high,ChIJFRtjJr5nXj4RH8E6eCIm0NM
khalifa-city-a,high,ChIJycSvtZxCXj4R-RJF502OC-k
khalifa-city-a,high,ChIJQS7TRp1CXj4R7kO__gEfjH4
khalifa-city-a,high,ChIJmckIai1FXj4RDJdfcplz-70
khalifa-city-a,high,ChIJbWf7-eFFXj4R3ua_ke0oiTc
khalifa-city-a,high,ChIJZUhSv6tFXj4R7ZpJFnYGOTw
khalifa-city-a,high,ChIJlbPth9ndjWwRRkf1fcPzukU
khalifa-city-a,high,ChIJK1krJPdFXj4RQVCLQY9UeGY
khalifa-city-a,high,ChIJ2TEfXYhnXj4RGxHrc6Ex7DY
khalifa-city-a,high,ChIJTVNlNwBFXj4R54kFMo_W4Fg
khalifa-city-a,high,ChIJz5Tsn31PXj4RrE5jIkDZ7vw
khalifa-city-a,high,ChIJY6BbY3ZPXj4RrUQtPfRTC6M
khalifa-city-a,high,ChIJiZM66x5PXj4RIbSt7qEUTzI
khalifa-city-a,high,ChIJL3H83LJPXj4RKlSye3d8n04
khalifa-city-a,high,ChIJp_cpJsFPXj4RIWhXvPqu7X0
khalifa-city-a,high,ChIJAUJXWQBPXj4RFsvzWMRVP5w
khalifa-city-a,high,ChIJ4yH5BgBPXj4Rq8jB2riSSG0
khalifa-city-a,high,ChIJPeHUOZ9PXj4RP72F07qBF7g
khalifa-city-a,high,ChIJD4c_XalPXj4RdqRn4Ir54qU
khalifa-city-a,high,ChIJA3XvaTVJXj4R4gSJlIkcAPA
khalifa-city-a,high,ChIJ3Tz_hthPXj4Ry_IfDWiVNDg
khalifa-city-a,high,ChIJ9UmGSABPXj4REU0bkml0VRU
khalifa-city-a,high,ChIJHdY88ulLXj4RxJwFo9jhF2g
khalifa-city-a,high,ChIJkcOkHe1LXj4RoGvVx_GBerI
khalifa-city-a,high,ChIJ8U8s0m1LXj4Ro5PzKtDofJA
khalifa-city-a,high,ChIJi8b_JRRLXj4RpcuKoAG2qjQ
khalifa-city-a,high,ChIJp-oXb_NLXj4RBDc3QGLm-uE
khalifa-city-a,high,ChIJ25NhJwBLXj4RR7-_dUZ3l7k
khalifa-city-a,high,ChIJwRS3lGZLXj4RBdg5XZufD1Y
khalifa-city-a,high,ChIJYQXTWupLXj4Rq7nhwQ2tKK4
khalifa-city-a,high,ChIJt5zCMjRLXj4RpfBYXaplTHw
khalifa-city-a,high,ChIJqTJYp2lLXj4RoBypwhbNdf0
khalifa-city-a,high,ChIJk8hQALtnXj4R0sneJuNBZPc
khalifa-city-a,high,ChIJVbstSFBmXj4R449I_E3vMkY
khalifa-city-a,high,ChIJkUYZJK5nXj4RiJ9Ku8bXwdM
khalifa-city-a,high,ChIJASsD9DJmXj4ROzoEGOtYpgA
khalifa-city-a,high,ChIJE954bXBnXj4R0i-p2WyA0dk
khalifa-city-a,high,ChIJWbEXrURmXj4RqTlvNIxNwMg
khalifa-city-a,high,ChIJIYAxKfpnXj4RttR5NvR6D0Q
khalifa-city-a,high,ChIJV-MZgqZnXj4RqyrxMfMdd98
khalifa-city-a,high,ChIJNS4mnhZnXj4ROmaMfmpRpog
khalifa-city-a,high,ChIJmY8cvnHui2sRb7FTWZ29zT8
khalifa-city-a,high,ChIJcdzVQ0lmXj4R8LF1iNswxUY
khalifa-city-a,high,ChIJG9QuzEBmXj4RFF3cHMHXnFE
khalifa-city-a,high,ChIJ_d7LWzNnXj4RGDMh0Ss42H8
khalifa-city-a,high,ChIJ5wt_y71nXj4Rf9V6KjoRaDQ
khalifa-city-a,high,ChIJTzbECidnXj4RapPAqym1g6g
khalifa-city-a,high,ChIJURfcOI9FXj4RQMm5phqBgY8
khalifa-city-a,high,ChIJ4UkIgGJFXj4Rqq_4olKf64c
khalifa-city-a,high,ChIJFZhIAO5DXj4RzlYwDOcq5NA
khalifa-city-a,high,ChIJX56uiH1FXj4R0q65jZPBHjU
khalifa-city-a,high,ChIJAdgYhN5PXj4RaWe6WoDcrrc
khalifa-city-a,high,ChIJsXh-qCRFXj4RPD1S74hayKA
khalifa-city-a,high,ChIJNe0TlU1PXj4Refjm7kiQahI
khalifa-city-a,high,ChIJnbUMv8FFXj4RNd5I0EaxNd0
khalifa-city-a,high,ChIJldsuf4dPXj4RP-dmBlvAypc
khalifa-city-a,high,ChIJiRA2fSNFXj4RMWrYFpOYLvQ
khalifa-city-a,high,ChIJUa8OzOlFXj4Rwz13Z_Ot4xk
khalifa-city-a,high,ChIJHxjtWBlFXj4RDcKTU8utwso
khalifa-city-a,high,ChIJo0AcVmRFXj4RX_BMC8Yz8Rc
khalifa-city-a,high,ChIJeQR6m39FXj4R_lb3bZ30fCg
khalifa-city-a,high,ChIJ3-uGn0Iz26cR1MLoPgqPDNw
khalifa-city-a,high,ChIJB0itbYNFXj4RSJ3-1CYpOfo
khalifa-city-a,high,ChIJs8VLrXFFXj4RAgma1lPZzZw
khalifa-city-a,high,ChIJ8ZtA3AhPXj4R9bv4hORDLjI
khalifa-city-a,high,ChIJ-VDAk51nXj4Rgep2KOSVTB4
khalifa-city-a,high,ChIJ5R5zm15mXj4RRrTpMfjvLO4
khalifa-city-a,high,ChIJMXrb-ltmXj4R1SYL2CWAIsE
khalifa-city-a,high,ChIJ-d9iPl9mXj4RmAkeDYJ5VyY
khalifa-city-a,high,ChIJw8rScR1FXj4RqBQrVfnEKSg
khalifa-city-a,high,ChIJ356381xFXj4RleluuqcjXKw
khalifa-city-a,high,ChIJzytGPQBFXj4ROm4eylf7Kho
khalifa-city-a,high,ChIJO454ZwBPXj4RZFsKq4kIvPw
khalifa-city-a,high,ChIJW3C9ewBPXj4REgscJwT0eTs
khalifa-city-a,high,ChIJzQ8rNUhOXj4RGlCfY1LYDIc
khalifa-city-a,high,ChIJc2TrBABPXj4RuGMwJyG_aN4
khalifa-city-a,high,ChIJWUO80Z9PXj4ReoD9XBjFuPM
khalifa-city-a,high,ChIJJZQinK9PXj4R8pDiVbY5L1w
khalifa-city-a,high,ChIJfxUbmz5OXj4Rh_bZxj75WL4
khalifa-city-a,high,ChIJfySZEadpXj4RQFGCOlwRwOg
khalifa-city-a,high,ChIJp323AgBPXj4RrofDoXgnPcg
khalifa-city-a,high,ChIJD4CyS3NOXj4RscRpJQ6SRmc
khalifa-city-a,high,ChIJd4DLeFpPXj4RfCwYjK8HG7o
khalifa-city-a,high,ChIJCZNgIwBPXj4RBXDQ6gQyJZc
khalifa-city-a,high,ChIJ_QS6FTNPXj4Rh1Dtow6vH_Y
khalifa-city-a,high,ChIJ5YtLV7hPXj4R30frPezuOe8
khalifa-city-a,high,ChIJUcq4CQBPXj4RrP8bmXN55UI
khalifa-city-a,high,ChIJNxIMOABdXj4RlXDKCcO8GOA
khalifa-city-a,high,ChIJa-JXp4dRXj4RwYg3Nwqibmo
khalifa-city-a,high,ChIJQRT3IABRXj4RhK_Znr1OILM
khalifa-city-a,high,ChIJbSN1CLFPXj4Rl9x9Aro5dag
khalifa-city-a,high,ChIJhTfJMztRXj4RxFVl3wqJQak
khalifa-city-a,high,ChIJh9wAonFPXj4R6P2_rlevv90
khalifa-city-a,high,ChIJRcFIcQBPXj4R_ffjuPKPC3w
khalifa-city-a,high,ChIJ6xBtUQBPXj4RBIivJTZdPiE
khalifa-city-a,high,ChIJFbcipNZPXj4RDzs7kJAKif8
khalifa-city-a,high,ChIJm4-13dJPXj4RGhVhaDMey88
khalifa-city-a,high,ChIJtcOjwlZPXj4RzHRLm0qD3cg
khalifa-city-a,high,ChIJAQMQu4BPXj4RgzlYD-d7xlE
khalifa-city-a,high,ChIJPaBozw5OXj4RFHmj9O7KVNQ
khalifa-city-a,high,ChIJUayCUE5PXj4Rg1xfk-miDhw
khalifa-city-a,high,ChIJ0buKpw5OXj4R8Q_RMWwMbHU
khalifa-city-a,high,ChIJr3cA2epPXj4RcS6qJB4IjtA
khalifa-city-a,high,ChIJf3cbfzdPXj4RMbH1w9jcBl8
khalifa-city-a,high,ChIJ80o6kQxOXj4R3GhiXR5zl-E
khalifa-city-a,high,ChIJc7DZPwlnXj4RDLTM5fIWTaY
khalifa-city-a,high,ChIJ-WMhQYxPXj4RV48sW_jXqOo
khalifa-city-a,high,ChIJqRwwWXtPXj4RIFw8lRVEroE
khalifa-city-a,high,ChIJq55P8zdPXj4RgpexpFVFk9Q
khalifa-city-a,high,ChIJFbhrTABPXj4RGr41seI0ToA
khalifa-city-a,high,ChIJ05JPFVNPXj4Rs8Z2F_7JQ6E
khalifa-city-a,high,ChIJO5rnYmBRXj4R1pXDgiZmjbw
khalifa-city-a,high,ChIJA_bkfvdRXj4RIn9092gR8BA
khalifa-city-a,high,ChIJt5VoqPdRXj4R15pqzNESzv8
khalifa-city-a,high,ChIJibicqPdRXj4R8213z11_N4Y
khalifa-city-a,high,ChIJ1zUsWro4Xj4RPiP1sG2UhqM
khalifa-city-a,high,ChIJBcezDOBRXj4ReyZ1UMIFj00
khalifa-city-a,high,ChIJab-JA4RRXj4RbxVemc2x5kk
khalifa-city-a,high,ChIJCfv3ErtRXj4RCJFiBgEm7ag
khalifa-city-a,high,ChIJPz1dPzVRXj4RKKiV5j-5NB4
khalifa-city-a,high,ChIJi2-5U-JQXj4RmwTYBRtggI0
khalifa-city-a,high,ChIJq5ONTeJQXj4RPygnsSHohfo
khalifa-city-a,high,ChIJu4bD1_tRXj4ROPAfbx-56ZQ
khalifa-city-a,high,ChIJc_5igYhRXj4RffnMtilTDoM
khalifa-city-a,high,ChIJz_enoPRTXj4RVH3vL0Ra3vg
khalifa-city-a,high,ChIJU1UVxdBTXj4RzpS8lHFzIXk
khalifa-city-a,high,ChIJ7UBjdwBTXj4RDw3kK6HKUj4
khalifa-city-a,high,ChIJ07zx0dBTXj4RHfn6zx0uWys
khalifa-city-a,high,ChIJEc5nE4dRXj4ROdauxmUuvg8
khalifa-city-a,high,ChIJ5VRBLABRXj4R1L7jmeybm0k
khalifa-city-a,high,ChIJHRHEdABTXj4RHV8GDF6GJnc
khalifa-city-a,high,ChIJD0W-SABRXj4RrzbXBZFrWOc
khalifa-city-a,high,ChIJEZ20muRTXj4RUyA9gbLP178
khalifa-city-a,high,ChIJhTWMCwBTXj4RcbqH-FrIlh4
khalifa-city-a,high,ChIJ3ziKcCpTXj4RwqXtq8cgUOg
khalifa-city-a,high,ChIJhUGNSspTXj4RiOO6P3BKeXY
khalifa-city-a,high,ChIJg0g1FgBTXj4Rmoec2de02ag
khalifa-city-a,high,ChIJLS6N-09VXj4RbfbzABrqwKA
khalifa-city-a,high,ChIJE4NdzHpVXj4RoL9Hiy_phuM
khalifa-city-a,high,ChIJK893qr1UXj4Rp6kDeZ1ogg4
khalifa-city-a,high,ChIJuegG0rZVXj4RDFF9Zo1WhtM
khalifa-city-a,high,ChIJb93JIBlVXj4ReEJI8IfLCu0
khalifa-city-a,high,ChIJ1wXhfNNVXj4Ratll-WibPf0
khalifa-city-a,high,ChIJN3D6p8dPXj4R3yBQqwyBw3M
khalifa-city-a,high,ChIJMRP7IAFPXj4RSz1qPAw9NhI
khalifa-city-a,high,ChIJ0eiMDgBPXj4RbtWaL1szmjY
khalifa-city-a,high,ChIJ_3PpKfdFXj4RMHet52RdlMM
khalifa-city-a,high,ChIJF3S7gY5PXj4Rj-9MkNrGVCc
khalifa-city-a,high,ChIJE9GxX6BHXj4RGlt2IQolkFo
khalifa-city-a,high,ChIJrzaR6p5PXj4RhUr3DeYN2qM
khalifa-city-a,high,ChIJz2ltkixLXj4R7VAg6B_e7jg
khalifa-city-a,high,ChIJUQwY39BPXj4RsxvhH-xf4yg
khalifa-city-a,high,ChIJX0fF9NNFXj4RnoPe9u8IN-0
khalifa-city-a,high,ChIJhTH3IQA3Xj4RxufTBS3mKI0
khalifa-city-a,high,ChIJGUvxqCQMLi4RhzATSVQSUus
khalifa-city-a,high,ChIJke2vFUgPQ44RFn9Fo_Dwp0o
khalifa-city-a,high,ChIJedHeCPBnXj4RxLG6Hrun3XA
khalifa-city-a,high,ChIJs3vVRWJpXj4RWFSLjKWVMig
khalifa-city-a,high,ChIJ857h14VoXj4R-MivhTIp0zA
khalifa-city-a,high,ChIJq0b4j1ppXj4RGyoDe94smso
khalifa-city-a,high,ChIJxdrDuv5nXj4RpY-5DF6euTc
khalifa-city-a,high,ChIJyTjTcmtnXj4RQimZyggX-0g
khalifa-city-a,high,ChIJ--LATKNnXj4RcjNbguWP7XQ
khalifa-city-a,high,ChIJ66GC8lBnXj4RWy2ZqpAMXPs
khalifa-city-a,high,ChIJBR1S6FBHXj4RlHjUu_rqzo0
khalifa-city-a,high,ChIJY0o69snGMosRON-icriog-w
khalifa-city-a,high,ChIJB65Z-txnXj4R1tA3xNsPhuU
khalifa-city-a,high,ChIJlwoJZqtnXj4RWTk4Uc8irM0
khalifa-city-a,high,ChIJKepBesZHXj4RaBj3rjbxowg
khalifa-city-a,high,ChIJb1nZFylnXj4RQ970d7ENh7E
khalifa-city-a,high,ChIJP2wFAmlFXj4RyTAG9SZLuOo
khalifa-city-a,high,ChIJVeWO8JBnXj4RFTW9auZALEQ
khalifa-city-a,high,ChIJa5lMYwBnXj4RMZ5IObcolEI
khalifa-city-a,high,ChIJD1sARgBnXj4RIsSKjimSOtU
khalifa-city-a,high,ChIJyzQrxX9BXj4R3dgagdsPj3c
khalifa-city-a,high,ChIJE0h1bvxnXj4RfgC7_mTG3Ac
khalifa-city-a,high,ChIJy3uB4qlnXj4RcO9_SwxyAfs
khalifa-city-a,high,ChIJQTdrojBmXj4Rb_9E07pJORU
khalifa-city-a,high,ChIJ3SEMMhNHXj4R6covViidENk
khalifa-city-a,high,ChIJYfQcrDJnXj4Rql8gi5D3N8o
khalifa-city-a,high,ChIJE-5kYTxmXj4Rh-fgMnNBUmQ
khalifa-city-a,high,ChIJ-bSvTvJnXj4RJ44FIOPKvoc
khalifa-city-a,high,ChIJSdNDIwtnXj4RtgRQAVdqGsE
khalifa-city-a,high,ChIJ-yLmBEGo92oRIFpI1-xLi84
khalifa-city-a,high,ChIJQ5y8-ihmXj4R2--Iu91VhF8
khalifa-city-a,high,ChIJJa-aG9pHXj4RITVTPeiexls
khalifa-city-a,high,ChIJ_chcCE9mXj4Ri_BscHtsX9I
khalifa-city-a,high,ChIJu39Q-xztHQsRridqi4XMjY4
khalifa-city-a,high,ChIJTcrTWGGt7mQRXgEix_2_Uq4
khalifa-city-a,high,ChIJ_YyMCwBpXj4RdNchW4I14U4
khalifa-city-a,high,ChIJu7lVNFFnXj4Rh3ZfIeCW_l8
khalifa-city-a,high,ChIJucQxxsRnXj4R512MmgYJ4vQ
khalifa-city-a,high,ChIJAwEMi9xnXj4RT3boB_iocto
khalifa-city-a,high,ChIJVVVVeVlmXj4R6VS3CRGr4ok
khalifa-city-a,high,ChIJ60v63kRpXj4Rx-2z7cIGd1M
khalifa-city-a,high,ChIJ5xZgC51nXj4R9Q19GGhq79U
khalifa-city-a,high,ChIJISIA0epnXj4R3NPYSWTWMzc
khalifa-city-a,high,ChIJ8c1oDTpnXj4RhWg-OJ1Acwc
khalifa-city-a,high,ChIJX1RX4wo8YW0RWfZ4IhmQ910
khalifa-city-a,high,ChIJN-yizFtHXj4RbeJ-DhbUwHM
khalifa-city-a,high,ChIJ4wFe7_lHXj4RtfXZggHE9rQ
khalifa-city-a,high,ChIJG4PiHHpHXj4Rgotz8EAEtKw
khalifa-city-a,high,ChIJX0IhBpZHXj4RiiNGNxkvges
khalifa-city-a,high,ChIJd8s9Zr2KF6wRfOLuJLQJUBc
khalifa-city-a,high,ChIJvS9WeYlnXj4RRfn1UzM5QRY
khalifa-city-a,high,ChIJpX_OJYJoXj4Rpjz8-daA5RA
khalifa-city-a,high,ChIJXUjWmR5nXj4R8waZHt49aJA
khalifa-city-a,high,ChIJHydx9CGS2CcRx5ActGmymJ8
khalifa-city-a,high,ChIJA0Zs2CJnXj4Rr0yMvlyjPqk
khalifa-city-a,high,ChIJK7tMZFpmXj4RXCtoBOrjFdE
khalifa-city-a,high,ChIJa_uR1otnXj4RcemH38_7OxM
khalifa-city-a,high,ChIJDSIpTQxnXj4Ri2TOMbuDqYQ
khalifa-city-a,high,ChIJ83bmZbVnXj4R0qRR4A-B13A
khalifa-city-a,high,ChIJJ-JnA39CXj4R29ei0wLjmCw
khalifa-city-a,high,ChIJzZVKEF5GXj4RN9lxYZQXab4
khalifa-city-a,high,ChIJi2dTOThnXj4RsR8brZ1nOy0
khalifa-city-a,high,ChIJoZVnEQBHXj4RhoneBiTbNw4
khalifa-city-a,high,ChIJJ4wSTrdpXj4R1L8vQ_7a69k
khalifa-city-a,high,ChIJkT7LnDdoXj4RYAutdxTjQN4
khalifa-city-a,high,ChIJYfh3OItpXj4Rt3V__N7ZRco
khalifa-city-a,high,ChIJSZPJAhFpXj4RnXb7lxKNILI
khalifa-city-a,high,ChIJee0fKLBHXj4R3ULumaNyt_E
khalifa-city-a,high,ChIJo4M7ff5HXj4RozyClVf8rfk
khalifa-city-a,high,ChIJXegBnsJLXj4RbvwJRXPu_8o
khalifa-city-a,high,ChIJycN1AhxFXj4RscBwotobRns
khalifa-city-a,high,ChIJqVgBKaRpXj4RQq9wj7RRfN4
khalifa-city-a,high,ChIJqZDQZdFBXj4RVgknuVN2Yt4
khalifa-city-a,high,ChIJP402dFdpXj4RYdkRQwX62T4
khalifa-city-a,high,ChIJt4ngRthFXj4R7qe029dMUJU
ministries-complex,low,ChIJ3_iyPrQ5Xj4RH9UwIvrtDss
ministries-complex,low,ChIJ283PSsBBXj4REO-rAvURQTo
ministries-complex,low,ChIJE__JMcNBXj4REcdk-ayGa_4
ministries-complex,low,ChIJl7_SMwBBXj4RPp45Y4qDIwc
ministries-complex,low,ChIJcTxuQwBBXj4RPzFEJ4VnIT8
ministries-complex,low,ChIJc22EmKppXj4REIpupbbjOuk
ministries-complex,low,ChIJjw-oAIZBXj4RYs_ZF8S82Wc
ministries-complex,low,ChIJ73UPkVxBXj4RYyfjOtI6t_8
ministries-complex,low,ChIJZXlAm1JoXj4R6LavbbVS52Y
ministries-complex,low,ChIJqfxHJwBpXj4R2mW273YWwbw
ministries-complex,low,ChIJF8NlR7NpXj4R3R1apjTHXqw
ministries-complex,low,ChIJ8Wb6FwBpXj4RPNJTS1cWs0Q
ministries-complex,low,ChIJE__TXa5pXj4RJQijrVSdBso
ministries-complex,low,ChIJsaqal7RpXj4RXyel5unpRvk
ministries-complex,low,ChIJJY0w0PdpXj4RnI5Xq36sUF0
ministries-complex,low,ChIJP1lYpkRnXj4R_-fm4K6DmlA
ministries-complex,low,ChIJWwW__3pDXj4ROuUJUpFFRic
ministries-complex,low,ChIJzb2iNlJDXj4RCp00sbC5K2E
ministries-complex,low,ChIJXSza7bBDXj4RlUamaUqdoJE
ministries-complex,low,ChIJxem_UQBpXj4Rj-UHmV5l3Bc
ministries-complex,low,ChIJBY9muG5DXj4RV-rTK3YN8mc
ministries-complex,low,ChIJidma655DXj4Rd7GNaJdYJPg
ministries-complex,low,ChIJjeOuPQBDXj4RymqmgVCSoZc
ministries-complex,low,ChIJPX91JwBDXj4RajZtPQQGYWA
ministries-complex,low,ChIJD1_g9DpCXj4RWJAagGvwxYA
ministries-complex,low,ChIJ98d6OJ1oXj4RGQ8-o1qspv4
ministries-complex,low,ChIJFbzk5RNDXj4R3vo4JY7we1U
ministries-complex,low,ChIJx5hdNjFDXj4RaCf8w3PXD_w
ministries-complex,low,ChIJb1XY6HBDXj4R8gnYqL6bYpU
ministries-complex,low,ChIJV_2SfgBDXj4RkemcafiSsFQ
ministries-complex,low,ChIJBUAM_NhDXj4RRkVDWdeQrAQ
ministries-complex,low,ChIJEeqr-cqrX0ERM21WrfvrUVQ
ministries-complex,low,ChIJqyjJBwBDXj4R7RcDQqw3YVI
ministries-complex,low,ChIJ6bHnLSfOJGoRUlthxqok0gc
ministries-complex,low,ChIJs3UEXetDXj4RHt1DEeZYyhY
ministries-complex,low,ChIJcb1OvglBXj4Rpj4qKbJJoW0
ministries-complex,low,ChIJIcgTO9ZDXj4RbWXJ_yrpjuM
ministries-complex,low,ChIJ1Rym03lDXj4Ry8HrwL3DgZQ
ministries-complex,low,ChIJ7aBvpbBBXj4Rrz5YkTw3PKA
ministries-complex,low,ChIJ8Uq1R1lBXj4Rb-6WJo3wDE4
ministries-complex,low,ChIJ7YcGHXJBXj4R2XGB_gU-fdU
ministries-complex,low,ChIJ2bVES9BDXj4R1GQbwTs4s7U
ministries-complex,low,ChIJ60POGgBBXj4RZm8XLPPzC3U
ministries-complex,low,ChIJfxeqQk5BXj4RA0PquO-4oMk
ministries-complex,low,ChIJ6x3D_plBXj4R-qot1dS-WBE
ministries-complex,low,ChIJNaSYXthDXj4RprtgcxKvnds
ministries-complex,low,ChIJnexvv2BBXj4RGZ-nIdMn_Y8
ministries-complex,low,ChIJ7yIxJNpDXj4R2GCbL6B0_nw
ministries-complex,low,ChIJFRhBdlJBXj4RwYy2RLGionw
ministries-complex,low,ChIJzeXPk_JBXj4R3ruXrllceTM
ministries-complex,low,ChIJbzaVH0xFXj4R4sopMv_a0Ts
ministries-complex,low,ChIJgVU2UABFXj4RrnJ9POOqlsM
ministries-complex,low,ChIJ6WvjJUxpXj4RBrEpujZgm_0
ministries-complex,low,ChIJASsJwpdpXj4RK-rxI9CDims
ministries-complex,low,ChIJLbmsUNVpXj4Rimbd3z_7Zkc
ministries-complex,low,ChIJBREr7oNDXj4RfhQ5lRfJBPU
ministries-complex,low,ChIJ4RPvP8hpXj4RZyJsF1mf7zA
ministries-complex,low,ChIJY59gK9VpXj4ROCwYdCtZdb0
ministries-complex,low,ChIJ3SEIKAtDXj4R-KbBxJRio3I
ministries-complex,low,ChIJ1RNCXzRDXj4RkbuAKXOwcGA
ministries-complex,low,ChIJD78jm21DXj4RFJaaFlEWA9U
ministries-complex,low,ChIJt8i1c6JDXj4RZT68OZOeZA8
ministries-complex,low,ChIJJThiRQBDXj4ReHyHBI8ug-c
ministries-complex,low,ChIJn6Y25n5CXj4RNiqHwAV0tvE
ministries-complex,low,ChIJ_em4aABDXj4RJvIkDFBUzlU
ministries-complex,low,ChIJsZcdI0VCXj4RcqqbomF0j6w
ministries-complex,low,ChIJy0gbkiRDXj4RsKUFEhYvICw
ministries-complex,low,ChIJi3I6PmpFXj4RvnqAlf-Zj14
ministries-complex,low,ChIJdzZoddFFXj4RJUxCBRKNlz8
ministries-complex,low,ChIJycSvtZxCXj4R-RJF502OC-k
ministries-complex,low,ChIJQS7TRp1CXj4R7kO__gEfjH4
ministries-complex,low,ChIJyzQrxX9BXj4R3dgagdsPj3c
ministries-complex,low,ChIJJ-JnA39CXj4R29ei0wLjmCw
ministries-complex,low,ChIJkT7LnDdoXj4RYAutdxTjQN4
ministries-complex,low,ChIJSZPJAhFpXj4RnXb7lxKNILI
ministries-complex,low,ChIJycN1AhxFXj4RscBwotobRns
ministries-complex,low,ChIJqZDQZdFBXj4RVgknuVN2Yt4
ministries-complex,low,ChIJP402dFdpXj4RYdkRQwX62T4
ministries-complex,medium,ChIJC5OFi0BHXj4RAuJqyhWbkJY
ministries-complex,medium,ChIJ1acVeH1HXj4RSli59C2hk2k
ministries-complex,medium,ChIJDfakpIJHXj4R3WYRCyOrI74
ministries-complex,medium,ChIJXy21KDxHXj4RIdV7o7AKBeU
ministries-complex,medium,ChIJJY0cP_ZHXj4Rezb6C_enoRc
ministries-complex,medium,ChIJhXJdydZHXj4RqFWkuoidlqA
ministries-complex,medium,ChIJ7dsioyZBXj4RzIkYAl0M0OY
ministries-complex,medium,ChIJUWAtgZZBXj4RXG5RVhUuGYA
ministries-complex,medium,ChIJA3AAmCVHXj4Rd8NywioXdIc
ministries-complex,medium,ChIJmZTGYwZHXj4RUVITzCRY67A
ministries-complex,medium,ChIJ3_iyPrQ5Xj4RH9UwIvrtDss
ministries-complex,medium,ChIJ283PSsBBXj4REO-rAvURQTo
ministries-complex,medium,ChIJE__JMcNBXj4REcdk-ayGa_4
ministries-complex,medium,ChIJl7_SMwBBXj4RPp45Y4qDIwc
ministries-complex,medium,ChIJcTxuQwBBXj4RPzFEJ4VnIT8
ministries-complex,medium,ChIJc22EmKppXj4REIpupbbjOuk
ministries-complex,medium,ChIJjw-oAIZBXj4RYs_ZF8S82Wc
ministries-complex,medium,ChIJ_7VnoLNBXj4RAjn-nwWg6Ek
ministries-complex,medium,ChIJ73UPkVxBXj4RYyfjOtI6t_8
ministries-complex,medium,ChIJUwh_7hJBXj4RT9ne8taJJjY
ministries-complex,medium,ChIJOXCASgBBXj4ReiTJQeiDRD8
ministries-complex,medium,ChIJH70e0D5BXj4RTlmr6g49yAg
ministries-complex,medium,ChIJgXLLwwB-hWgReooggOGQAOo
ministries-complex,medium,ChIJzyPbvrtHXj4R6KGLA8AAb2Q
ministries-complex,medium,ChIJR8LWo1tGXj4Rx0MLzz2712E
ministries-complex,medium,ChIJgwQaObtoXj4RnWr9rQqAL9g
ministries-complex,medium,ChIJWZqMfGPLXz4RzawoztEqiN8
ministries-complex,medium,ChIJe4z7kLFpXj4R8ChzMToftoQ
ministries-complex,medium,ChIJZXlAm1JoXj4R6LavbbVS52Y
ministries-complex,medium,ChIJqfxHJwBpXj4R2mW273YWwbw
ministries-complex,medium,ChIJF8NlR7NpXj4R3R1apjTHXqw
ministries-complex,medium,ChIJ8Wb6FwBpXj4RPNJTS1cWs0Q
ministries-complex,medium,ChIJE__TXa5pXj4RJQijrVSdBso
ministries-complex,medium,ChIJsaqal7RpXj4RXyel5unpRvk
ministries-complex,medium,ChIJJY0w0PdpXj4RnI5Xq36sUF0
ministries-complex,medium,ChIJP1lYpkRnXj4R_-fm4K6DmlA
ministries-complex,medium,ChIJWwW__3pDXj4ROuUJUpFFRic
ministries-complex,medium,ChIJzb2iNlJDXj4RCp00sbC5K2E
ministries-complex,medium,ChIJXSza7bBDXj4RlUamaUqdoJE
ministries-complex,medium,ChIJxem_UQBpXj4Rj-UHmV5l3Bc
ministries-complex,medium,ChIJBY9muG5DXj4RV-rTK3YN8mc
ministries-complex,medium,ChIJidma655DXj4Rd7GNaJdYJPg
ministries-complex,medium,ChIJjeOuPQBDXj4RymqmgVCSoZc
ministries-complex,medium,ChIJPX91JwBDXj4RajZtPQQGYWA
ministries-complex,medium,ChIJD1_g9DpCXj4RWJAagGvwxYA
ministries-complex,medium,ChIJ98d6OJ1oXj4RGQ8-o1qspv4
ministries-complex,medium,ChIJFbzk5RNDXj4R3vo4JY7we1U
ministries-complex,medium,ChIJx5hdNjFDXj4RaCf8w3PXD_w
ministries-complex,medium,ChIJb1XY6HBDXj4R8gnYqL6bYpU
ministries-complex,medium,ChIJV_2SfgBDXj4RkemcafiSsFQ
ministries-complex,medium,ChIJBUAM_NhDXj4RRkVDWdeQrAQ
ministries-complex,medium,ChIJEeqr-cqrX0ERM21WrfvrUVQ
ministries-complex,medium,ChIJqyjJBwBDXj4R7RcDQqw3YVI
ministries-complex,medium,ChIJ6bHnLSfOJGoRUlthxqok0gc
ministries-complex,medium,ChIJs3UEXetDXj4RHt1DEeZYyhY
ministries-complex,medium,ChIJcb1OvglBXj4Rpj4qKbJJoW0
ministries-complex,medium,ChIJIcgTO9ZDXj4RbWXJ_yrpjuM
ministries-complex,medium,ChIJ1Rym03lDXj4Ry8HrwL3DgZQ
ministries-complex,medium,ChIJ7aBvpbBBXj4Rrz5YkTw3PKA
ministries-complex,medium,ChIJ8Uq1R1lBXj4Rb-6WJo3wDE4
ministries-complex,medium,ChIJ7YcGHXJBXj4R2XGB_gU-fdU
ministries-complex,medium,ChIJ2bVES9BDXj4R1GQbwTs4s7U
ministries-complex,medium,ChIJ60POGgBBXj4RZm8XLPPzC3U
ministries-complex,medium,ChIJfxeqQk5BXj4RA0PquO-4oMk
ministries-complex,medium,ChIJ6x3D_plBXj4R-qot1dS-WBE
ministries-complex,medium,ChIJNaSYXthDXj4RprtgcxKvnds
ministries-complex,medium,ChIJnexvv2BBXj4RGZ-nIdMn_Y8
ministries-complex,medium,ChIJ7yIxJNpDXj4R2GCbL6B0_nw
ministries-complex,medium,ChIJFRhBdlJBXj4RwYy2RLGionw
ministries-complex,medium,ChIJzeXPk_JBXj4R3ruXrllceTM
ministries-complex,medium,ChIJHeslLLBHXj4R2k220ct8BWA
ministries-complex,medium,ChIJHVEMxaRGXj4R85sXAIZsZxA
ministries-complex,medium,ChIJJT5ZErJGXj4R7VeU-kgIwzI
ministries-complex,medium,ChIJV4F6t4VHXj4RFM9DyQdTykQ
ministries-complex,medium,ChIJbzaVH0xFXj4R4sopMv_a0Ts
ministries-complex,medium,ChIJgVU2UABFXj4RrnJ9POOqlsM
ministries-complex,medium,ChIJS_qRzU5HXj4RdDHREb3iqr0
ministries-complex,medium,ChIJcflCD3lHXj4RT3mzoBbL5Xs
ministries-complex,medium,ChIJu-zyqTFHXj4Rfn0ltDhuQLY
ministries-complex,medium,ChIJI1MU0phHXj4R9Cwmi8huUZY
ministries-complex,medium,ChIJBSTDRftHXj4RrjwQvtjVgVY
ministries-complex,medium,ChIJOXqcoflHXj4Rw9lYL-ImdG0
ministries-complex,medium,ChIJq4yo9plGXj4Rwg8iScd-r9I
ministries-complex,medium,ChIJq_2Ft5NGXj4RBu1gRSV_VPU
ministries-complex,medium,ChIJA3hjb-NHXj4ROuB2SgejwCc
ministries-complex,medium,ChIJC5E64aFHXj4Rv3VUWnT-q6E
ministries-complex,medium,ChIJDQ4dJJFGXj4RvEL8WJHJhKo
ministries-complex,medium,ChIJraRWc2ZGXj4RHZzmHNkAoVI
ministries-complex,medium,ChIJV8chu3ZFXj4R8k3bfpbP4yQ
ministries-complex,medium,ChIJMSB4C35HXj4RZaFWsB2HzPA
ministries-complex,medium,ChIJkWCcYQBHXj4R4DwKrMJEBbc
ministries-complex,medium,ChIJNcEbcyNpXj4RN7bElDhvr2U
ministries-complex,medium,ChIJ-YhJtkppXj4Rabaoqq1SQSw
ministries-complex,medium,ChIJhVWfudppXj4RW1NJDUldjnk
ministries-complex,medium,ChIJcUCfJsdpXj4Rr4YKloDlJPw
ministries-complex,medium,ChIJ0TaixelpXj4RNujWv0mWuVk
ministries-complex,medium,ChIJfTM1sL1pXj4RMz_zxOsTuyM
ministries-complex,medium,ChIJ_XHbJhZmXj4RZEoLST18fRY
ministries-complex,medium,ChIJyVN5GCdHXj4ReNVO3YUVu1I
ministries-complex,medium,ChIJJ6Rmi0NpXj4RirmSVXHGwrE
ministries-complex,medium,ChIJ_X5_sYloXj4R7yEMS_c4eKE
ministries-complex,medium,ChIJ6ceRi2pnXj4RO9pOhI7icjE
ministries-complex,medium,ChIJ43Hi13lpXj4RzzYf8mWbs3A
ministries-complex,medium,ChIJT7KcLitpXj4Rh5bcE_YzEJE
ministries-complex,medium,ChIJ3X_JNv1pXj4RqPI030unqzE
ministries-complex,medium,ChIJDccChn1pXj4RChtxa2C6YOk
ministries-complex,medium,ChIJRccC8h1pXj4R6bmL4SEfoA0
ministries-complex,medium,ChIJIQC5B3dpXj4RuLjtnsl-iQg
ministries-complex,medium,ChIJA8LhDvNpXj4R8vv9oOyrJDw
ministries-complex,medium,ChIJtaypk6VHXj4Rno3wZUgkHEU
ministries-complex,medium,ChIJ5Q2p8hxpXj4RW1aP3BZOk1o
ministries-complex,medium,ChIJ6WvjJUxpXj4RBrEpujZgm_0
ministries-complex,medium,ChIJASsJwpdpXj4RK-rxI9CDims
ministries-complex,medium,ChIJLbmsUNVpXj4Rimbd3z_7Zkc
ministries-complex,medium,ChIJXXEoRatpXj4RAwuSFz46vVo
ministries-complex,medium,ChIJ8bfdgZ5pXj4Rufma7EEL_sc
ministries-complex,medium,ChIJBREr7oNDXj4RfhQ5lRfJBPU
ministries-complex,medium,ChIJwzatXQBpXj4RvqKh4Y4GzcQ
ministries-complex,medium,ChIJ4RPvP8hpXj4RZyJsF1mf7zA
ministries-complex,medium,ChIJY59gK9VpXj4ROCwYdCtZdb0
ministries-complex,medium,ChIJI8v8dWppXj4RWPqjOl9OoXE
ministries-complex,medium,ChIJ3SEIKAtDXj4R-KbBxJRio3I
ministries-complex,medium,ChIJ1RNCXzRDXj4RkbuAKXOwcGA
ministries-complex,medium,ChIJD78jm21DXj4RFJaaFlEWA9U
ministries-complex,medium,ChIJt8i1c6JDXj4RZT68OZOeZA8
ministries-complex,medium,ChIJJThiRQBDXj4ReHyHBI8ug-c
ministries-complex,medium,ChIJn6Y25n5CXj4RNiqHwAV0tvE
ministries-complex,medium,ChIJ_em4aABDXj4RJvIkDFBUzlU
ministries-complex,medium,ChIJsZcdI0VCXj4RcqqbomF0j6w
ministries-complex,medium,ChIJy0gbkiRDXj4RsKUFEhYvICw
ministries-complex,medium,ChIJi3I6PmpFXj4RvnqAlf-Zj14
ministries-complex,medium,ChIJObWU69VFXj4RHe9sihg8jm0
ministries-complex,medium,ChIJP1niJQBHXj4RF3V73XOmjaQ
ministries-complex,medium,ChIJjVmxV54IyG8Rb6vQGYUtChQ
ministries-complex,medium,ChIJK756BwBFXj4RNGsyZqGUr0o
ministries-complex,medium,ChIJBa4fnRRFXj4RPhetV5A5vHI
ministries-complex,medium,ChIJJb5APb1FXj4RU9aUzn6zONo
ministries-complex,medium,ChIJDauAueVFXj4R3Xmnuq3eL3M
ministries-complex,medium,ChIJ2cRwm0lynCgR06QvoTEAUV0
ministries-complex,medium,ChIJcTgqyBZHXj4Rf5B1BB4WmsQ
ministries-complex,medium,ChIJdzZoddFFXj4RJUxCBRKNlz8
ministries-complex,medium,ChIJCcq3fX1GXj4RHBRRQQMXNlE
ministries-complex,medium,ChIJew69Lv1FXj4RjK59U-COz1k
ministries-complex,medium,ChIJH26D38ZFXj4RrPiy947PD0w
ministries-complex,medium,ChIJ32dV6-JFXj4RirMzddSWiYA
ministries-complex,medium,ChIJieGTC7ZPXj4RX_8hfMRV2HY
ministries-complex,medium,ChIJV8rMtqhHXj4R1k1OzNyPle4
ministries-complex,medium,ChIJwReRVwZPXj4RpK7PtgYsZSw
ministries-complex,medium,ChIJVdq-wf5HXj4RAyEN29J_D4Q
ministries-complex,medium,ChIJoV3tjb5FXj4RPTMhunNNho0
ministries-complex,medium,ChIJcRE_l2NmXj4Rs7yNgCkivuE
ministries-complex,medium,ChIJCRc4ebdFXj4RDqx1r4bzbto
ministries-complex,medium,ChIJx_35IbpFXj4RiBbhXLiaAmA
ministries-complex,medium,ChIJg9vaPitJXj4RteR_PONRSLE
ministries-complex,medium,ChIJaxDupR1JXj4RxkHSywjtQnU
ministries-complex,medium,ChIJu1fiwWpJXj4RVNRMH1pYlyA
ministries-complex,medium,ChIJEQ2uFQBJXj4R8QG8_u2Tfu8
ministries-complex,medium,ChIJp3xbSABJXj4RArqZJvxrev0
ministries-complex,medium,ChIJkzlGXCZmXj4Rv0Ng_vrsMsI
ministries-complex,medium,ChIJl5huYkBpXj4RX9faSAjd-iA
ministries-complex,medium,ChIJB5DRKyZmXj4RDRhF9YlGekM
ministries-complex,medium,ChIJyRCxvUBnXj4R5PTdoN5UFTQ
ministries-complex,medium,ChIJxw_jYCBmXj4R4W15MAFN0z8
ministries-complex,medium,ChIJx1BuZIdpXj4RYy4-cDCDdS0
ministries-complex,medium,ChIJMTJk1YBpXj4Rr8PtSnvwj5M
ministries-complex,medium,ChIJ3dyLL_hpXj4RY54HfB5SeGk
ministries-complex,medium,ChIJ_Vu7UilmXj4R0AsGTzHwkaU
ministries-complex,medium,ChIJxRNBcplpXj4RX-TbGt12084
ministries-complex,medium,ChIJo1n-M0JnXj4R7PLlSnGxI_Y
ministries-complex,medium,ChIJb6QgHwBnXj4Ry47XhnrMDQY
ministries-complex,medium,ChIJ44q9goBDXj4Rw1_ZJL2LHcE
ministries-complex,medium,ChIJnbuwwDZGXj4R2MuK02ZL3RQ
ministries-complex,medium,ChIJ_1-JP91nXj4RrBOgLJu35F4
ministries-complex,medium,ChIJPyQ_-xVpXj4RkJ-p2SBjK8w
ministries-complex,medium,ChIJuYirVjFnXj4RhJ2QvewLb9Y
ministries-complex,medium,ChIJ8_vGInVnXj4Rj-RC-PH75Q8
ministries-complex,medium,ChIJFyiZ0CNpXj4RyziQ0BZlrFQ
ministries-complex,medium,ChIJX28z48ZnXj4RrrTv2jMdt1s
ministries-complex,medium,ChIJZ3VuZhBnXj4RyjUlmklyTsI
ministries-complex,medium,ChIJs0OGRxhmXj4RyqF8O7pRgMs
ministries-complex,medium,ChIJWXHpIZdnXj4RMfPQcuP8kS4
ministries-complex,medium,ChIJl_nk5cNnXj4RwjYoWDZgh6g
ministries-complex,medium,ChIJVZe88pNpXj4RT9AwJCaXtvA
ministries-complex,medium,ChIJ8z35MOhnXj4RBz5wq89B23E
ministries-complex,medium,ChIJFRtjJr5nXj4RH8E6eCIm0NM
ministries-complex,medium,ChIJycSvtZxCXj4R-RJF502OC-k
ministries-complex,medium,ChIJQS7TRp1CXj4R7kO__gEfjH4
ministries-complex,medium,ChIJZUhSv6tFXj4R7ZpJFnYGOTw
ministries-complex,medium,ChIJTVNlNwBFXj4R54kFMo_W4Fg
ministries-complex,medium,ChIJY6BbY3ZPXj4RrUQtPfRTC6M
ministries-complex,medium,ChIJiZM66x5PXj4RIbSt7qEUTzI
ministries-complex,medium,ChIJL3H83LJPXj4RKlSye3d8n04
ministries-complex,medium,ChIJp_cpJsFPXj4RIWhXvPqu7X0
ministries-complex,medium,ChIJD4c_XalPXj4RdqRn4Ir54qU
ministries-complex,medium,ChIJW1ZZSkNmXj4ROlTwRMqMJUc
ministries-complex,medium,ChIJHYAIMgBnXj4RLEfhkv4gRHg
ministries-complex,medium,ChIJB2qvUzlnXj4Ru2ErXtcNvvk
ministries-complex,medium,ChIJZRR1sEBmXj4RXNuJ5Ox0s2Q
ministries-complex,medium,ChIJ09YGNc5nXj4RwhYG0cOt4EA
ministries-complex,medium,ChIJ9aiQWhRVsk8R7Wc-AZs4BkU
ministries-complex,medium,ChIJk8hQALtnXj4R0sneJuNBZPc
ministries-complex,medium,ChIJVbstSFBmXj4R449I_E3vMkY
ministries-complex,medium,ChIJkUYZJK5nXj4RiJ9Ku8bXwdM
ministries-complex,medium,ChIJASsD9DJmXj4ROzoEGOtYpgA
ministries-complex,medium,ChIJE954bXBnXj4R0i-p2WyA0dk
ministries-complex,medium,ChIJWbEXrURmXj4RqTlvNIxNwMg
ministries-complex,medium,ChIJIYAxKfpnXj4RttR5NvR6D0Q
ministries-complex,medium,ChIJV-MZgqZnXj4RqyrxMfMdd98
ministries-complex,medium,ChIJNS4mnhZnXj4ROmaMfmpRpog
ministries-complex,medium,ChIJmY8cvnHui2sRb7FTWZ29zT8
ministries-complex,medium,ChIJcdzVQ0lmXj4R8LF1iNswxUY
ministries-complex,medium,ChIJG9QuzEBmXj4RFF3cHMHXnFE
ministries-complex,medium,ChIJicmWN_5nXj4RlcNpSiVRe_k
ministries-complex,medium,ChIJGQcdzZNnXj4REEerUGl7wDg
ministries-complex,medium,ChIJ_d7LWzNnXj4RGDMh0Ss42H8
ministries-complex,medium,ChIJjxX0knlnXj4R44jguI9QG6w
ministries-complex,medium,ChIJ5wt_y71nXj4Rf9V6KjoRaDQ
ministries-complex,medium,ChIJTzbECidnXj4RapPAqym1g6g
ministries-complex,medium,ChIJA0HSlpxnXj4RfrJqY3XlIYQ
ministries-complex,medium,ChIJjf-Dz21nXj4RW69cUeFr59U
ministries-complex,medium,ChIJYwNX56JnXj4RdqtWGzb13JA
ministries-complex,medium,ChIJ_S01UQVnXj4Rp9gKj2D00ws
ministries-complex,medium,ChIJcRgS2eFnXj4RhCRJ8MKJkXM
ministries-complex,medium,ChIJ-VDAk51nXj4Rgep2KOSVTB4
ministries-complex,medium,ChIJ5R5zm15mXj4RRrTpMfjvLO4
ministries-complex,medium,ChIJ5ygF_l1mXj4R3TyhG8g5Ytg
ministries-complex,medium,ChIJMXrb-ltmXj4R1SYL2CWAIsE
ministries-complex,medium,ChIJ-d9iPl9mXj4RmAkeDYJ5VyY
ministries-complex,medium,ChIJ1VAD2FBnXj4RpmMke4lL7oU
ministries-complex,medium,ChIJG3eVAWFmXj4RX_EiWIICdkc
ministries-complex,medium,ChIJF3S7gY5PXj4Rj-9MkNrGVCc
ministries-complex,medium,ChIJke2vFUgPQ44RFn9Fo_Dwp0o
ministries-complex,medium,ChIJedHeCPBnXj4RxLG6Hrun3XA
ministries-complex,medium,ChIJs3vVRWJpXj4RWFSLjKWVMig
ministries-complex,medium,ChIJf5ksS1pnXj4R8nGiK6EIavw
ministries-complex,medium,ChIJ857h14VoXj4R-MivhTIp0zA
ministries-complex,medium,ChIJq0b4j1ppXj4RGyoDe94smso
ministries-complex,medium,ChIJxdrDuv5nXj4RpY-5DF6euTc
ministries-complex,medium,ChIJyTjTcmtnXj4RQimZyggX-0g
ministries-complex,medium,ChIJ--LATKNnXj4RcjNbguWP7XQ
ministries-complex,medium,ChIJ66GC8lBnXj4RWy2ZqpAMXPs
ministries-complex,medium,ChIJBR1S6FBHXj4RlHjUu_rqzo0
ministries-complex,medium,ChIJ039yYpBnXj4R-jriLFdsbhQ
ministries-complex,medium,ChIJY0o69snGMosRON-icriog-w
ministries-complex,medium,ChIJseoQLkpnXj4R0ttDnknkwFs
ministries-complex,medium,ChIJB65Z-txnXj4R1tA3xNsPhuU
ministries-complex,medium,ChIJlwoJZqtnXj4RWTk4Uc8irM0
ministries-complex,medium,ChIJKepBesZHXj4RaBj3rjbxowg
ministries-complex,medium,ChIJb1nZFylnXj4RQ970d7ENh7E
ministries-complex,medium,ChIJP2wFAmlFXj4RyTAG9SZLuOo
ministries-complex,medium,ChIJ3en6cZ9nXj4RF2tAl2cNOhY
ministries-complex,medium,ChIJVeWO8JBnXj4RFTW9auZALEQ
ministries-complex,medium,ChIJa5lMYwBnXj4RMZ5IObcolEI
ministries-complex,medium,ChIJD1sARgBnXj4RIsSKjimSOtU
ministries-complex,medium,ChIJyzQrxX9BXj4R3dgagdsPj3c
ministries-complex,medium,ChIJE0h1bvxnXj4RfgC7_mTG3Ac
ministries-complex,medium,ChIJy3uB4qlnXj4RcO9_SwxyAfs
ministries-complex,medium,ChIJQTdrojBmXj4Rb_9E07pJORU
ministries-complex,medium,ChIJYfQcrDJnXj4Rql8gi5D3N8o
ministries-complex,medium,ChIJE-5kYTxmXj4Rh-fgMnNBUmQ
ministries-complex,medium,ChIJ-bSvTvJnXj4RJ44FIOPKvoc
ministries-complex,medium,ChIJSdNDIwtnXj4RtgRQAVdqGsE
ministries-complex,medium,ChIJ-yLmBEGo92oRIFpI1-xLi84
ministries-complex,medium,ChIJXcohuMJnXj4RoWXg91Ni0Ds
ministries-complex,medium,ChIJQ5y8-ihmXj4R2--Iu91VhF8
ministries-complex,medium,ChIJJa-aG9pHXj4RITVTPeiexls
ministries-complex,medium,ChIJoxxAhsJpXj4RcYTCJSBnW4E
ministries-complex,medium,ChIJ_chcCE9mXj4Ri_BscHtsX9I
ministries-complex,medium,ChIJu39Q-xztHQsRridqi4XMjY4
ministries-complex,medium,ChIJTcrTWGGt7mQRXgEix_2_Uq4
ministries-complex,medium,ChIJ_YyMCwBpXj4RdNchW4I14U4
ministries-complex,medium,ChIJu7lVNFFnXj4Rh3ZfIeCW_l8
ministries-complex,medium,ChIJucQxxsRnXj4R512MmgYJ4vQ
ministries-complex,medium,ChIJAwEMi9xnXj4RT3boB_iocto
ministries-complex,medium,ChIJVVVVeVlmXj4R6VS3CRGr4ok
ministries-complex,medium,ChIJ60v63kRpXj4Rx-2z7cIGd1M
ministries-complex,medium,ChIJ5xZgC51nXj4R9Q19GGhq79U
ministries-complex,medium,ChIJISIA0epnXj4R3NPYSWTWMzc
ministries-complex,medium,ChIJ8c1oDTpnXj4RhWg-OJ1Acwc
ministries-complex,medium,ChIJX1RX4wo8YW0RWfZ4IhmQ910
ministries-complex,medium,ChIJ4wFe7_lHXj4RtfXZggHE9rQ
ministries-complex,medium,ChIJG4PiHHpHXj4Rgotz8EAEtKw
ministries-complex,medium,ChIJX0IhBpZHXj4RiiNGNxkvges
ministries-complex,medium,ChIJd8s9Zr2KF6wRfOLuJLQJUBc
ministries-complex,medium,ChIJIcfhikBmXj4RDW08uEX-Z5g
ministries-complex,medium,ChIJs33dBLxnXj4RMLCKrC_P_8o
ministries-complex,medium,ChIJr0nXtj1nXj4RRRzISutiKk8
ministries-complex,medium,ChIJ5waOJUFnXj4R9Qe9NGUCeys
ministries-complex,medium,ChIJ9ePCDDJnXj4R2lE3kpQj14o
ministries-complex,medium,ChIJCX-p3FZnXj4RxvSlMaCdcjA
ministries-complex,medium,ChIJq7KQiVkiu44RFiNNjfq-8Qg
ministries-complex,medium,ChIJC2xhY5osVYcREHYoqqDJMkg
ministries-complex,medium,ChIJP_qupm5nXj4RbumVBqXp1xQ
ministries-complex,medium,ChIJ9WInBWtnXj4RxEXM3Kxdfh0
ministries-complex,medium,ChIJS3rYruNnXj4Rkzh6QikQ-7Y
ministries-complex,medium,ChIJ2wDUJSZnXj4RDEaKjF9OrrY
ministries-complex,medium,ChIJtXoBeyNmXj4RNAp0GFV7IWo
ministries-complex,medium,ChIJS6zSkSBnXj4RqEs00Xw5zDs
ministries-complex,medium,ChIJvS9WeYlnXj4RRfn1UzM5QRY
ministries-complex,medium,ChIJaRZUqHZmXj4RpLJ7tHP_RFg
ministries-complex,medium,ChIJpX_OJYJoXj4Rpjz8-daA5RA
ministries-complex,medium,ChIJXUjWmR5nXj4R8waZHt49aJA
ministries-complex,medium,ChIJHydx9CGS2CcRx5ActGmymJ8
ministries-complex,medium,ChIJA0Zs2CJnXj4Rr0yMvlyjPqk
ministries-complex,medium,ChIJK7tMZFpmXj4RXCtoBOrjFdE
ministries-complex,medium,ChIJm0kTSBVmXj4RfDXhsMaQ3hA
ministries-complex,medium,ChIJa_uR1otnXj4RcemH38_7OxM
ministries-complex,medium,ChIJVfuOjmdmXj4Re4b0WfIcBEk
ministries-complex,medium,ChIJDSIpTQxnXj4Ri2TOMbuDqYQ
ministries-complex,medium,ChIJYzLadgpnXj4RLzJZVi1kNSQ
ministries-complex,medium,ChIJ83bmZbVnXj4R0qRR4A-B13A
ministries-complex,medium,ChIJSWDSRvhnXj4R4BtLYbxkGsE
ministries-complex,medium,ChIJBdF1KLFnXj4RIoI6NE7VsH0
ministries-complex,medium,ChIJCcn8d-VnXj4R9liKH-vNo7c
ministries-complex,medium,ChIJJ-JnA39CXj4R29ei0wLjmCw
ministries-complex,medium,ChIJzZVKEF5GXj4RN9lxYZQXab4
ministries-complex,medium,ChIJi2dTOThnXj4RsR8brZ1nOy0
ministries-complex,medium,ChIJoZVnEQBHXj4RhoneBiTbNw4
ministries-complex,medium,ChIJJ4wSTrdpXj4R1L8vQ_7a69k
ministries-complex,medium,ChIJkT7LnDdoXj4RYAutdxTjQN4
ministries-complex,medium,ChIJYfh3OItpXj4Rt3V__N7ZRco
ministries-complex,medium,ChIJSZPJAhFpXj4RnXb7lxKNILI
ministries-complex,medium,ChIJo4M7ff5HXj4RozyClVf8rfk
ministries-complex,medium,ChIJXegBnsJLXj4RbvwJRXPu_8o
ministries-complex,medium,ChIJycN1AhxFXj4RscBwotobRns
ministries-complex,medium,ChIJqVgBKaRpXj4RQq9wj7RRfN4
ministries-complex,medium,ChIJqZDQZdFBXj4RVgknuVN2Yt4
ministries-complex,medium,ChIJP402dFdpXj4RYdkRQwX62T4
ministries-complex,medium,ChIJt4ngRthFXj4R7qe029dMUJU
ministries-complex,high,ChIJTQLaGGwxXj4RtC5iJ9F4WH4
ministries-complex,high,ChIJS3E1SQAxXj4RxnPr3mawtWI
ministries-complex,high,ChIJYcOSndMwXj4Rs4bcGo-cl3A
ministries-complex,high,ChIJ_-MkY6U3Xj4Ra1MET4K3Szk
ministries-complex,high,ChIJXSo9rpoxXj4RHqVO5MTBqnM
ministries-complex,high,ChIJ6Zahg84xXj4RWrLGHhmXVFU
ministries-complex,high,ChIJL-4MydMwXj4RwCG1pUPCqBE
ministries-complex,high,ChIJ_XrQiNMwXj4Rw92Z_nekmI0
ministries-complex,high,ChIJcZqDBgAxXj4RARRPAyKMcKM
ministries-complex,high,ChIJAQAAAAc5Xj4RyYZgcl6Qj6I
ministries-complex,high,ChIJicjNWjA5Xj4Rs_XYoRMaURY
ministries-complex,high,ChIJM3LYPwA5Xj4RrG-NL0wf-jw
ministries-complex,high,ChIJe8yFjyY5Xj4R4XF7d9fE92I
ministries-complex,high,ChIJqbZoi0E3Xj4RqvcwgAiD-I0
ministries-complex,high,ChIJ2Vb-EwA3Xj4Rvihc0dAhjho
ministries-complex,high,ChIJ0-UqaLA3Xj4RQyw3xdUBT8Y
ministries-complex,high,ChIJo43uxzs3Xj4RVXtbF8SINMg
ministries-complex,high,ChIJ5ch6Hag3Xj4RlU_4s1p7o8s
ministries-complex,high,ChIJtfowytc5Xj4RNDIQaQ9jm1g
ministries-complex,high,ChIJt1f8pV43Xj4R275r0Rk9rLQ
ministries-complex,high,ChIJvwV1Ojg3Xj4RKv8KM-y2oV0
ministries-complex,high,ChIJjV4_8zo3Xj4Rimg3RsMt3mU
ministries-complex,high,ChIJOUYK5mQ3Xj4RgsLlrhLrwdk
ministries-complex,high,ChIJ_zKmtTs3Xj4RYRpi9OuNKb0
ministries-complex,high,ChIJOcOsNcE3Xj4RhBFGnss57Aw
ministries-complex,high,ChIJXZUIhwRBXj4RlyoX8A77Oc0
ministries-complex,high,ChIJ5dmFEQA5Xj4RUUhWfRGaTWA
ministries-complex,high,ChIJifIQ9Lk4Xj4RvyIgEGAO9Mo
ministries-complex,high,ChIJ803MSw85Xj4R8gBaPIO3lJA
ministries-complex,high,ChIJOdy0rpM5Xj4RyYrr8KmUcQU
ministries-complex,high,ChIJP8IJcLw5Xj4RV_3UnhRln20
ministries-complex,high,ChIJ0aF1awA5Xj4RzsnvtOgyrIo
ministries-complex,high,ChIJkdfyBfY5Xj4R6Ssl9zGJNrE
ministries-complex,high,ChIJhVfAK4k5Xj4RbHhZUFTulLQ
ministries-complex,high,ChIJk52ZdNo5Xj4RB1qWnAG5aXA
ministries-complex,high,ChIJNzGvYmxmXj4RiZGijh7LIvo
ministries-complex,high,ChIJwRAhTuw5Xj4Rby1hbkcY9ms
ministries-complex,high,ChIJyeR_SNA5Xj4RvJ2RJp75KbE
ministries-complex,high,ChIJZZQ3B9g5Xj4Ru6ePF4wxb1c
ministries-complex,high,ChIJh_uD3m85Xj4RBJOJd5VJwQ8
ministries-complex,high,ChIJ2djxtgk5Xj4RxiaaioL9bg8
ministries-complex,high,ChIJV6YIh8k3Xj4RrOj5e4LpLng
ministries-complex,high,ChIJY9wBUAA3Xj4RHgCm5aISavs
ministries-complex,high,ChIJn8JqQR03Xj4REWqgFbMUIYQ
ministries-complex,high,ChIJ39lgm6M3Xj4RbqH0Ipuq43c
ministries-complex,high,ChIJfdd0XWc5Xj4R7X8N9miotYw
ministries-complex,high,ChIJOyibkek3Xj4RNtUWnHkJcHs
ministries-complex,high,ChIJBfiK_gU3Xj4RveC4lqwKWko
ministries-complex,high,ChIJP62LnMA3Xj4RIszOUCkof-4
ministries-complex,high,ChIJRYqhWAA3Xj4RHPWhQzSfkWI
ministries-complex,high,ChIJ445rqPg3Xj4RO1U_JhJFh8c
ministries-complex,high,ChIJZbAdeyg3Xj4RhrWxz1sAecs
ministries-complex,high,ChIJHTzshj03Xj4Rl2iPemwnqi0
ministries-complex,high,ChIJA34HWS1BXj4RF-llU6km1aM
ministries-complex,high,ChIJuUeP8ao4Xj4RxMi6isbzXA4
ministries-complex,high,ChIJ-2RJpOtBXj4Rp4TlKDZ7vsE
ministries-complex,high,ChIJrzco_UdBXj4RQJPS7RSKTt4
ministries-complex,high,ChIJKUIDIy9BXj4R6UaKJFEJwKk
ministries-complex,high,ChIJC_6gQJY5Xj4RvlU8hx0MrtM
ministries-complex,high,ChIJHUJjt4VBXj4Rri2SeVpBo-g
ministries-complex,high,ChIJ30QrfVlHXj4RNznnw6DrRt8
ministries-complex,high,ChIJsw6LWwA5Xj4RW_AF0uHPbZo
ministries-complex,high,ChIJ6_WfJ3dmXj4RZQmzEt54c2U
ministries-complex,high,ChIJjUAl_p05Xj4RrzZQVGSfVV0
ministries-complex,high,ChIJ8ex8GXI5Xj4Rc5m8NvenPh0
ministries-complex,high,ChIJywlzodE5Xj4RF1q0f3U82vs
ministries-complex,high,ChIJnS98uac4Xj4R3BbG-ufXM_E
ministries-complex,high,ChIJ370tt8s5Xj4RbzcVsDTjo3s
ministries-complex,high,ChIJ1TavO7FHXj4RggvNIQ2170I
ministries-complex,high,ChIJayuaDsM5Xj4RdUrjCnR9yOg
ministries-complex,high,ChIJdwN6yac4Xj4Rjoks1vUX42w
ministries-complex,high,ChIJ2SOz_FI5Xj4Rb4VZoGTYkqQ
ministries-complex,high,ChIJ22Wcv7M5Xj4RHiLNi34QnEI
ministries-complex,high,ChIJhzTbC103Xj4RjodcumrbGZw
ministries-complex,high,ChIJtcJvK9lBXj4Rx8OIYr8cAgU
ministries-complex,high,ChIJwTfCb19BXj4Rjav9VmrFmWo
ministries-complex,high,ChIJhdQYIydBXj4RqWi2HUxr2Ok
ministries-complex,high,ChIJgSu-zBxBXj4Rz8Jg9k1AQK8
ministries-complex,high,ChIJAb0bBM9BXj4RpNLev9Hb6Bw
ministries-complex,high,ChIJC5OFi0BHXj4RAuJqyhWbkJY
ministries-complex,high,ChIJ1acVeH1HXj4RSli59C2hk2k
ministries-complex,high,ChIJDfakpIJHXj4R3WYRCyOrI74
ministries-complex,high,ChIJXy21KDxHXj4RIdV7o7AKBeU
ministries-complex,high,ChIJJY0cP_ZHXj4Rezb6C_enoRc
ministries-complex,high,ChIJhXJdydZHXj4RqFWkuoidlqA
ministries-complex,high,ChIJ7dsioyZBXj4RzIkYAl0M0OY
ministries-complex,high,ChIJUWAtgZZBXj4RXG5RVhUuGYA
ministries-complex,high,ChIJA3AAmCVHXj4Rd8NywioXdIc
ministries-complex,high,ChIJmZTGYwZHXj4RUVITzCRY67A
ministries-complex,high,ChIJK2_bRwBHXj4RIGTTZCUQak0
ministries-complex,high,ChIJ45jENidHXj4RbsTlCPw-bLk
ministries-complex,high,ChIJW-umFABHXj4RodLZiPhbEqU
ministries-complex,high,ChIJqWvdQgBJXj4RWBnsE2sHUHY
ministries-complex,high,ChIJT6HWvGA3Xj4Rmf8dQzGbtGY
ministries-complex,high,ChIJO_qHc_43Xj4R-51XaEJ9OPQ
ministries-complex,high,ChIJAV19Lv83Xj4R1oqXSoHmJGk
ministries-complex,high,ChIJTcAI62k3Xj4RrDfM2aTKmJ8
ministries-complex,high,ChIJjX-vDS5HXj4RdLKTuTi86Vs
ministries-complex,high,ChIJRwdqDwBJXj4RfDUU2XRviaM
ministries-complex,high,ChIJ3_iyPrQ5Xj4RH9UwIvrtDss
ministries-complex,high,ChIJ283PSsBBXj4REO-rAvURQTo
ministries-complex,high,ChIJE__JMcNBXj4REcdk-ayGa_4
ministries-complex,high,ChIJl7_SMwBBXj4RPp45Y4qDIwc
ministries-complex,high,ChIJcTxuQwBBXj4RPzFEJ4VnIT8
ministries-complex,high,ChIJc22EmKppXj4REIpupbbjOuk
ministries-complex,high,ChIJjw-oAIZBXj4RYs_ZF8S82Wc
ministries-complex,high,ChIJ_7VnoLNBXj4RAjn-nwWg6Ek
ministries-complex,high,ChIJ73UPkVxBXj4RYyfjOtI6t_8
ministries-complex,high,ChIJUwh_7hJBXj4RT9ne8taJJjY
ministries-complex,high,ChIJOXCASgBBXj4ReiTJQeiDRD8
ministries-complex,high,ChIJH70e0D5BXj4RTlmr6g49yAg
ministries-complex,high,ChIJgXLLwwB-hWgReooggOGQAOo
ministries-complex,high,ChIJzyPbvrtHXj4R6KGLA8AAb2Q
ministries-complex,high,ChIJlVCCajQmE6QRPxItws2xgAc
ministries-complex,high,ChIJ69xfDaRHXj4R9w_joO8apaw
ministries-complex,high,ChIJR8LWo1tGXj4Rx0MLzz2712E
ministries-complex,high,ChIJgwQaObtoXj4RnWr9rQqAL9g
ministries-complex,high,ChIJKWCUUOFHXj4Rrd1yQPVEeQs
ministries-complex,high,ChIJg26InplHXj4RXG9GjMhTi2M
ministries-complex,high,ChIJmzfKIsZHXj4Rrih7HO9RVEw
ministries-complex,high,ChIJWZqMfGPLXz4RzawoztEqiN8
ministries-complex,high,ChIJIdc3eS6CU2oRfKdORtrjY1c
ministries-complex,high,ChIJVVVVVWVGXj4RGN8NnKuUiYw
ministries-complex,high,ChIJT2jWaABHXj4RnRduqhYIfac
ministries-complex,high,ChIJlQA9FmVLXj4RFVoutOwlpcM
ministries-complex,high,ChIJe4z7kLFpXj4R8ChzMToftoQ
ministries-complex,high,ChIJZXlAm1JoXj4R6LavbbVS52Y
ministries-complex,high,ChIJqfxHJwBpXj4R2mW273YWwbw
ministries-complex,high,ChIJF8NlR7NpXj4R3R1apjTHXqw
ministries-complex,high,ChIJ8Wb6FwBpXj4RPNJTS1cWs0Q
ministries-complex,high,ChIJE__TXa5pXj4RJQijrVSdBso
ministries-complex,high,ChIJsaqal7RpXj4RXyel5unpRvk
ministries-complex,high,ChIJJY0w0PdpXj4RnI5Xq36sUF0
ministries-complex,high,ChIJP1lYpkRnXj4R_-fm4K6DmlA
ministries-complex,high,ChIJWwW__3pDXj4ROuUJUpFFRic
ministries-complex,high,ChIJzb2iNlJDXj4RCp00sbC5K2E
ministries-complex,high,ChIJXSza7bBDXj4RlUamaUqdoJE
ministries-complex,high,ChIJxem_UQBpXj4Rj-UHmV5l3Bc
ministries-complex,high,ChIJBY9muG5DXj4RV-rTK3YN8mc
ministries-complex,high,ChIJidma655DXj4Rd7GNaJdYJPg
ministries-complex,high,ChIJjeOuPQBDXj4RymqmgVCSoZc
ministries-complex,high,ChIJPX91JwBDXj4RajZtPQQGYWA
ministries-complex,high,ChIJD1_g9DpCXj4RWJAagGvwxYA
ministries-complex,high,ChIJ98d6OJ1oXj4RGQ8-o1qspv4
ministries-complex,high,ChIJFbzk5RNDXj4R3vo4JY7we1U
ministries-complex,high,ChIJx5hdNjFDXj4RaCf8w3PXD_w
ministries-complex,high,ChIJb1XY6HBDXj4R8gnYqL6bYpU
ministries-complex,high,ChIJV_2SfgBDXj4RkemcafiSsFQ
ministries-complex,high,ChIJBUAM_NhDXj4RRkVDWdeQrAQ
ministries-complex,high,ChIJEeqr-cqrX0ERM21WrfvrUVQ
ministries-complex,high,ChIJqyjJBwBDXj4R7RcDQqw3YVI
ministries-complex,high,ChIJ6bHnLSfOJGoRUlthxqok0gc
ministries-complex,high,ChIJs3UEXetDXj4RHt1DEeZYyhY
ministries-complex,high,ChIJcb1OvglBXj4Rpj4qKbJJoW0
ministries-complex,high,ChIJIcgTO9ZDXj4RbWXJ_yrpjuM
ministries-complex,high,ChIJ1Rym03lDXj4Ry8HrwL3DgZQ
ministries-complex,high,ChIJ7aBvpbBBXj4Rrz5YkTw3PKA
ministries-complex,high,ChIJ8Uq1R1lBXj4Rb-6WJo3wDE4
ministries-complex,high,ChIJ7YcGHXJBXj4R2XGB_gU-fdU
ministries-complex,high,ChIJ2bVES9BDXj4R1GQbwTs4s7U
ministries-complex,high,ChIJ60POGgBBXj4RZm8XLPPzC3U
ministries-complex,high,ChIJfxeqQk5BXj4RA0PquO-4oMk
ministries-complex,high,ChIJ6x3D_plBXj4R-qot1dS-WBE
ministries-complex,high,ChIJNaSYXthDXj4RprtgcxKvnds
ministries-complex,high,ChIJnexvv2BBXj4RGZ-nIdMn_Y8
ministries-complex,high,ChIJ7yIxJNpDXj4R2GCbL6B0_nw
ministries-complex,high,ChIJFRhBdlJBXj4RwYy2RLGionw
ministries-complex,high,ChIJzeXPk_JBXj4R3ruXrllceTM
ministries-complex,high,ChIJHeslLLBHXj4R2k220ct8BWA
ministries-complex,high,ChIJHVEMxaRGXj4R85sXAIZsZxA
ministries-complex,high,ChIJJT5ZErJGXj4R7VeU-kgIwzI
ministries-complex,high,ChIJV4F6t4VHXj4RFM9DyQdTykQ
ministries-complex,high,ChIJbzaVH0xFXj4R4sopMv_a0Ts
ministries-complex,high,ChIJgVU2UABFXj4RrnJ9POOqlsM
ministries-complex,high,ChIJS_qRzU5HXj4RdDHREb3iqr0
ministries-complex,high,ChIJcflCD3lHXj4RT3mzoBbL5Xs
ministries-complex,high,ChIJu-zyqTFHXj4Rfn0ltDhuQLY
ministries-complex,high,ChIJI1MU0phHXj4R9Cwmi8huUZY
ministries-complex,high,ChIJBSTDRftHXj4RrjwQvtjVgVY
ministries-complex,high,ChIJOXqcoflHXj4Rw9lYL-ImdG0
ministries-complex,high,ChIJq4yo9plGXj4Rwg8iScd-r9I
ministries-complex,high,ChIJq_2Ft5NGXj4RBu1gRSV_VPU
ministries-complex,high,ChIJ14qBf3tmXj4Ryl0XGGlJi5A
ministries-complex,high,ChIJA3hjb-NHXj4ROuB2SgejwCc
ministries-complex,high,ChIJC5E64aFHXj4Rv3VUWnT-q6E
ministries-complex,high,ChIJDQ4dJJFGXj4RvEL8WJHJhKo
ministries-complex,high,ChIJraRWc2ZGXj4RHZzmHNkAoVI
ministries-complex,high,ChIJV8chu3ZFXj4R8k3bfpbP4yQ
ministries-complex,high,ChIJMSB4C35HXj4RZaFWsB2HzPA
ministries-complex,high,ChIJ93WxzyVGXj4RV-nEwzu_2CI
ministries-complex,high,ChIJR7yaYMIr0A8RJ1xxI2XJjZQ
ministries-complex,high,ChIJ7YfCKAXNFAARAun7rUoz3ns
ministries-complex,high,ChIJz9Ih5T5GXj4RFa6jMlBD1lU
ministries-complex,high,ChIJ_YYU-SlHXj4R_s2xoMvN3H8
ministries-complex,high,ChIJCf71DQBHXj4RGSg-Rap3pzQ
ministries-complex,high,ChIJq6qq6mlGXj4RO92VESUx4Jc
ministries-complex,high,ChIJk3jzKPdHXj4R0MWNKxJuIRI
ministries-complex,high,ChIJkWCcYQBHXj4R4DwKrMJEBbc
ministries-complex,high,ChIJpYqPLKxHXj4RC99ZOhG1Mbw
ministries-complex,high,ChIJAbHY8TNJXj4RCFVFm83o6-w
ministries-complex,high,ChIJae_1NFRJXj4RCUMrko0sCNc
ministries-complex,high,ChIJpe7674JHXj4R4qEwHDutwpo
ministries-complex,high,ChIJNcEbcyNpXj4RN7bElDhvr2U
ministries-complex,high,ChIJ-YhJtkppXj4Rabaoqq1SQSw
ministries-complex,high,ChIJhVWfudppXj4RW1NJDUldjnk
ministries-complex,high,ChIJjwQqBABpXj4REuTQ2Av-a9Q
ministries-complex,high,ChIJcUCfJsdpXj4Rr4YKloDlJPw
ministries-complex,high,ChIJ0TaixelpXj4RNujWv0mWuVk
ministries-complex,high,ChIJfTM1sL1pXj4RMz_zxOsTuyM
ministries-complex,high,ChIJ_XHbJhZmXj4RZEoLST18fRY
ministries-complex,high,ChIJyVN5GCdHXj4ReNVO3YUVu1I
ministries-complex,high,ChIJJ6Rmi0NpXj4RirmSVXHGwrE
ministries-complex,high,ChIJ_X5_sYloXj4R7yEMS_c4eKE
ministries-complex,high,ChIJ6ceRi2pnXj4RO9pOhI7icjE
ministries-complex,high,ChIJ43Hi13lpXj4RzzYf8mWbs3A
ministries-complex,high,ChIJT7KcLitpXj4Rh5bcE_YzEJE
ministries-complex,high,ChIJ3X_JNv1pXj4RqPI030unqzE
ministries-complex,high,ChIJDccChn1pXj4RChtxa2C6YOk
ministries-complex,high,ChIJRccC8h1pXj4R6bmL4SEfoA0
ministries-complex,high,ChIJIQC5B3dpXj4RuLjtnsl-iQg
ministries-complex,high,ChIJA8LhDvNpXj4R8vv9oOyrJDw
ministries-complex,high,ChIJtaypk6VHXj4Rno3wZUgkHEU
ministries-complex,high,ChIJ5Q2p8hxpXj4RW1aP3BZOk1o
ministries-complex,high,ChIJ6WvjJUxpXj4RBrEpujZgm_0
ministries-complex,high,ChIJASsJwpdpXj4RK-rxI9CDims
ministries-complex,high,ChIJLbmsUNVpXj4Rimbd3z_7Zkc
ministries-complex,high,ChIJXXEoRatpXj4RAwuSFz46vVo
ministries-complex,high,ChIJ8bfdgZ5pXj4Rufma7EEL_sc
ministries-complex,high,ChIJBREr7oNDXj4RfhQ5lRfJBPU
ministries-complex,high,ChIJwzatXQBpXj4RvqKh4Y4GzcQ
ministries-complex,high,ChIJ4RPvP8hpXj4RZyJsF1mf7zA
ministries-complex,high,ChIJY59gK9VpXj4ROCwYdCtZdb0
ministries-complex,high,ChIJI8v8dWppXj4RWPqjOl9OoXE
ministries-complex,high,ChIJ3SEIKAtDXj4R-KbBxJRio3I
ministries-complex,high,ChIJ1RNCXzRDXj4RkbuAKXOwcGA
ministries-complex,high,ChIJD78jm21DXj4RFJaaFlEWA9U
ministries-complex,high,ChIJt8i1c6JDXj4RZT68OZOeZA8
ministries-complex,high,ChIJJThiRQBDXj4ReHyHBI8ug-c
ministries-complex,high,ChIJn6Y25n5CXj4RNiqHwAV0tvE
ministries-complex,high,ChIJ_em4aABDXj4RJvIkDFBUzlU
ministries-complex,high,ChIJsZcdI0VCXj4RcqqbomF0j6w
ministries-complex,high,ChIJy0gbkiRDXj4RsKUFEhYvICw
ministries-complex,high,ChIJi3I6PmpFXj4RvnqAlf-Zj14
ministries-complex,high,ChIJObWU69VFXj4RHe9sihg8jm0
ministries-complex,high,ChIJP1niJQBHXj4RF3V73XOmjaQ
ministries-complex,high,ChIJjVmxV54IyG8Rb6vQGYUtChQ
ministries-complex,high,ChIJK756BwBFXj4RNGsyZqGUr0o
ministries-complex,high,ChIJBa4fnRRFXj4RPhetV5A5vHI
ministries-complex,high,ChIJJb5APb1FXj4RU9aUzn6zONo
ministries-complex,high,ChIJDauAueVFXj4R3Xmnuq3eL3M
ministries-complex,high,ChIJ2cRwm0lynCgR06QvoTEAUV0
ministries-complex,high,ChIJcTgqyBZHXj4Rf5B1BB4WmsQ
ministries-complex,high,ChIJdzZoddFFXj4RJUxCBRKNlz8
ministries-complex,high,ChIJCcq3fX1GXj4RHBRRQQMXNlE
ministries-complex,high,ChIJew69Lv1FXj4RjK59U-COz1k
ministries-complex,high,ChIJH26D38ZFXj4RrPiy947PD0w
ministries-complex,high,ChIJ32dV6-JFXj4RirMzddSWiYA
ministries-complex,high,ChIJieGTC7ZPXj4RX_8hfMRV2HY
ministries-complex,high,ChIJV8rMtqhHXj4R1k1OzNyPle4
ministries-complex,high,ChIJwReRVwZPXj4RpK7PtgYsZSw
ministries-complex,high,ChIJVdq-wf5HXj4RAyEN29J_D4Q
ministries-complex,high,ChIJoV3tjb5FXj4RPTMhunNNho0
ministries-complex,high,ChIJcRE_l2NmXj4Rs7yNgCkivuE
ministries-complex,high,ChIJCRc4ebdFXj4RDqx1r4bzbto
ministries-complex,high,ChIJx_35IbpFXj4RiBbhXLiaAmA
ministries-complex,high,ChIJQ-xRY6NFXj4Ru-FAiCzJdaQ
ministries-complex,high,ChIJg9vaPitJXj4RteR_PONRSLE
ministries-complex,high,ChIJaxDupR1JXj4RxkHSywjtQnU
ministries-complex,high,ChIJu1fiwWpJXj4RVNRMH1pYlyA
ministries-complex,high,ChIJEQ2uFQBJXj4R8QG8_u2Tfu8
ministries-complex,high,ChIJp3xbSABJXj4RArqZJvxrev0
ministries-complex,high,ChIJURVpPwBJXj4RqJu7MxgB1zo
ministries-complex,high,ChIJUQmc5sVlXj4R2PCDAWYrzt0
ministries-complex,high,ChIJYXvJfPdlXj4RmcqPihLlFT8
ministries-complex,high,ChIJ7Q7KjQNmXj4ROEhXBTwMTWk
ministries-complex,high,ChIJsa0vizFnXj4RdKePMZEwcsY
ministries-complex,high,ChIJqWAauUtlXj4R5CEvqGsTNdk
ministries-complex,high,ChIJiZPMTaJnXj4RHOK4tARmadY
ministries-complex,high,ChIJkfB4BgVmXj4RCj9l9s0IATk
ministries-complex,high,ChIJfS8fdSdnXj4Re-Hd6z48PNs
ministries-complex,high,ChIJUy6LoMNlXj4RbjQD6nE6-kQ
ministries-complex,high,ChIJz6dobOJlXj4RX9XDqXofqHE
ministries-complex,high,ChIJQTsb0AhmXj4RdCam14AheBk
ministries-complex,high,ChIJg6FONuBnXj4RkIDJUY_jwfU
ministries-complex,high,ChIJaYW4UClnXj4R2OH_mVOFax8
ministries-complex,high,ChIJv_c8XKhlXj4R37pIbgaaggo
ministries-complex,high,ChIJnziwXgtmXj4RAe6_Mb7E0TA
ministries-complex,high,ChIJ-xQ51yplXj4R0C5AxmRh0KM
ministries-complex,high,ChIJZ-M2UgBnXj4RscZnYuRSk1Y
ministries-complex,high,ChIJkzlGXCZmXj4Rv0Ng_vrsMsI
ministries-complex,high,ChIJl5huYkBpXj4RX9faSAjd-iA
ministries-complex,high,ChIJB5DRKyZmXj4RDRhF9YlGekM
ministries-complex,high,ChIJ-bj4weBlXj4RYa1MziOiO6c
ministries-complex,high,ChIJyRCxvUBnXj4R5PTdoN5UFTQ
ministries-complex,high,ChIJxw_jYCBmXj4R4W15MAFN0z8
ministries-complex,high,ChIJx1BuZIdpXj4RYy4-cDCDdS0
ministries-complex,high,ChIJMTJk1YBpXj4Rr8PtSnvwj5M
ministries-complex,high,ChIJ3dyLL_hpXj4RY54HfB5SeGk
ministries-complex,high,ChIJ_Vu7UilmXj4R0AsGTzHwkaU
ministries-complex,high,ChIJxRNBcplpXj4RX-TbGt12084
ministries-complex,high,ChIJo1n-M0JnXj4R7PLlSnGxI_Y
ministries-complex,high,ChIJb6QgHwBnXj4Ry47XhnrMDQY
ministries-complex,high,ChIJ44q9goBDXj4Rw1_ZJL2LHcE
ministries-complex,high,ChIJnbuwwDZGXj4R2MuK02ZL3RQ
ministries-complex,high,ChIJ_1-JP91nXj4RrBOgLJu35F4
ministries-complex,high,ChIJPyQ_-xVpXj4RkJ-p2SBjK8w
ministries-complex,high,ChIJuYirVjFnXj4RhJ2QvewLb9Y
ministries-complex,high,ChIJ8_vGInVnXj4Rj-RC-PH75Q8
ministries-complex,high,ChIJFyiZ0CNpXj4RyziQ0BZlrFQ
ministries-complex,high,ChIJX28z48ZnXj4RrrTv2jMdt1s
ministries-complex,high,ChIJZ3VuZhBnXj4RyjUlmklyTsI
ministries-complex,high,ChIJs0OGRxhmXj4RyqF8O7pRgMs
ministries-complex,high,ChIJWXHpIZdnXj4RMfPQcuP8kS4
ministries-complex,high,ChIJl_nk5cNnXj4RwjYoWDZgh6g
ministries-complex,high,ChIJVZe88pNpXj4RT9AwJCaXtvA
ministries-complex,high,ChIJ8z35MOhnXj4RBz5wq89B23E
ministries-complex,high,ChIJFRtjJr5nXj4RH8E6eCIm0NM
ministries-complex,high,ChIJycSvtZxCXj4R-RJF502OC-k
ministries-complex,high,ChIJQS7TRp1CXj4R7kO__gEfjH4
ministries-complex,high,ChIJmckIai1FXj4RDJdfcplz-70
ministries-complex,high,ChIJbWf7-eFFXj4R3ua_ke0oiTc
ministries-complex,high,ChIJZUhSv6tFXj4R7ZpJFnYGOTw
ministries-complex,high,ChIJlbPth9ndjWwRRkf1fcPzukU
ministries-complex,high,ChIJK1krJPdFXj4RQVCLQY9UeGY
ministries-complex,high,ChIJTVNlNwBFXj4R54kFMo_W4Fg
ministries-complex,high,ChIJz5Tsn31PXj4RrE5jIkDZ7vw
ministries-complex,high,ChIJY6BbY3ZPXj4RrUQtPfRTC6M
ministries-complex,high,ChIJiZM66x5PXj4RIbSt7qEUTzI
ministries-complex,high,ChIJL3H83LJPXj4RKlSye3d8n04
ministries-complex,high,ChIJp_cpJsFPXj4RIWhXvPqu7X0
ministries-complex,high,ChIJAUJXWQBPXj4RFsvzWMRVP5w
ministries-complex,high,ChIJ4yH5BgBPXj4Rq8jB2riSSG0
ministries-complex,high,ChIJPeHUOZ9PXj4RP72F07qBF7g
ministries-complex,high,ChIJD4c_XalPXj4RdqRn4Ir54qU
ministries-complex,high,ChIJA3XvaTVJXj4R4gSJlIkcAPA
ministries-complex,high,ChIJ3Tz_hthPXj4Ry_IfDWiVNDg
ministries-complex,high,ChIJ9UmGSABPXj4REU0bkml0VRU
ministries-complex,high,ChIJW1ZZSkNmXj4ROlTwRMqMJUc
ministries-complex,high,ChIJV_fiWINnXj4RSVmfyhdlhnI
ministries-complex,high,ChIJHYAIMgBnXj4RLEfhkv4gRHg
ministries-complex,high,ChIJn-VSqNlnXj4R47V-_I-fBjI
ministries-complex,high,ChIJ1_XlqW5mXj4R2AysySiBqcQ
ministries-complex,high,ChIJB2qvUzlnXj4Ru2ErXtcNvvk
ministries-complex,high,ChIJZRR1sEBmXj4RXNuJ5Ox0s2Q
ministries-complex,high,ChIJ09YGNc5nXj4RwhYG0cOt4EA
ministries-complex,high,ChIJ9aiQWhRVsk8R7Wc-AZs4BkU
ministries-complex,high,ChIJA08z79VnXj4RDoBZEk7Amgs
ministries-complex,high,ChIJPU5JKHFmXj4RrYmSwxlGq80
ministries-complex,high,ChIJuaSSHi5nXj4Ra0WscH_VXFg
ministries-complex,high,ChIJF4h7eNJnXj4R5ks2kNdQdTA
ministries-complex,high,ChIJqTeaHthnXj4R4mu23EJamJY
ministries-complex,high,ChIJk8hQALtnXj4R0sneJuNBZPc
ministries-complex,high,ChIJVbstSFBmXj4R449I_E3vMkY
ministries-complex,high,ChIJkUYZJK5nXj4RiJ9Ku8bXwdM
ministries-complex,high,ChIJASsD9DJmXj4ROzoEGOtYpgA
ministries-complex,high,ChIJE954bXBnXj4R0i-p2WyA0dk
ministries-complex,high,ChIJWbEXrURmXj4RqTlvNIxNwMg
ministries-complex,high,ChIJIYAxKfpnXj4RttR5NvR6D0Q
ministries-complex,high,ChIJV-MZgqZnXj4RqyrxMfMdd98
ministries-complex,high,ChIJNS4mnhZnXj4ROmaMfmpRpog
ministries-complex,high,ChIJmY8cvnHui2sRb7FTWZ29zT8
ministries-complex,high,ChIJcdzVQ0lmXj4R8LF1iNswxUY
ministries-complex,high,ChIJG9QuzEBmXj4RFF3cHMHXnFE
ministries-complex,high,ChIJicmWN_5nXj4RlcNpSiVRe_k
ministries-complex,high,ChIJGQcdzZNnXj4REEerUGl7wDg
ministries-complex,high,ChIJQcy0bbxnXj4R-WqMI3VHVNI
ministries-complex,high,ChIJ_d7LWzNnXj4RGDMh0Ss42H8
ministries-complex,high,ChIJjxX0knlnXj4R44jguI9QG6w
ministries-complex,high,ChIJ8TsCxJ1nXj4RbbrhicyE6kc
ministries-complex,high,ChIJ5wt_y71nXj4Rf9V6KjoRaDQ
ministries-complex,high,ChIJ7-O7sH1nXj4Ruiwbj6pPfJo
ministries-complex,high,ChIJHRSMuBpnXj4ReujgE1dwHj0
ministries-complex,high,ChIJTzbECidnXj4RapPAqym1g6g
ministries-complex,high,ChIJM_cTHgBnXj4Rcz0pQfziQdc
ministries-complex,high,ChIJA0HSlpxnXj4RfrJqY3XlIYQ
ministries-complex,high,ChIJjf-Dz21nXj4RW69cUeFr59U
ministries-complex,high,ChIJYwNX56JnXj4RdqtWGzb13JA
ministries-complex,high,ChIJX56uiH1FXj4R0q65jZPBHjU
ministries-complex,high,ChIJAdgYhN5PXj4RaWe6WoDcrrc
ministries-complex,high,ChIJsXh-qCRFXj4RPD1S74hayKA
ministries-complex,high,ChIJNe0TlU1PXj4Refjm7kiQahI
ministries-complex,high,ChIJnbUMv8FFXj4RNd5I0EaxNd0
ministries-complex,high,ChIJldsuf4dPXj4RP-dmBlvAypc
ministries-complex,high,ChIJiRA2fSNFXj4RMWrYFpOYLvQ
ministries-complex,high,ChIJUa8OzOlFXj4Rwz13Z_Ot4xk
ministries-complex,high,ChIJHxjtWBlFXj4RDcKTU8utwso
ministries-complex,high,ChIJo0AcVmRFXj4RX_BMC8Yz8Rc
ministries-complex,high,ChIJeQR6m39FXj4R_lb3bZ30fCg
ministries-complex,high,ChIJ3-uGn0Iz26cR1MLoPgqPDNw
ministries-complex,high,ChIJB0itbYNFXj4RSJ3-1CYpOfo
ministries-complex,high,ChIJs8VLrXFFXj4RAgma1lPZzZw
ministries-complex,high,ChIJ8ZtA3AhPXj4R9bv4hORDLjI
ministries-complex,high,ChIJZV66kJhnXj4ReG9g2VN4Fa8
ministries-complex,high,ChIJ_S01UQVnXj4Rp9gKj2D00ws
ministries-complex,high,ChIJN9mjS01nXj4RjuZGa59Z6Fw
ministries-complex,high,ChIJcRgS2eFnXj4RhCRJ8MKJkXM
ministries-complex,high,ChIJ-VDAk51nXj4Rgep2KOSVTB4
ministries-complex,high,ChIJ5R5zm15mXj4RRrTpMfjvLO4
ministries-complex,high,ChIJ5ygF_l1mXj4R3TyhG8g5Ytg
ministries-complex,high,ChIJMXrb-ltmXj4R1SYL2CWAIsE
ministries-complex,high,ChIJ-d9iPl9mXj4RmAkeDYJ5VyY
ministries-complex,high,ChIJ1VAD2FBnXj4RpmMke4lL7oU
ministries-complex,high,ChIJ46n5PadnXj4RQxaG0H7wG1c
ministries-complex,high,ChIJf0lCeppnXj4RpNFakW7VXQU
ministries-complex,high,ChIJJRQvpxpnXj4RWzb_3l_p7l0
ministries-complex,high,ChIJ79IYKRFnXj4RMx7me4gh_Jg
ministries-complex,high,ChIJIUtXTBZnXj4Rp3OlWXUTxTo
ministries-complex,high,ChIJG3eVAWFmXj4RX_EiWIICdkc
ministries-complex,high,ChIJYypGG5BnXj4RZGQ25vMinrE
ministries-complex,high,ChIJiZseMgBnXj4RLhFPAjVs4Dw
ministries-complex,high,ChIJ0aqt6ztz_a8Rrw4sUQPIb8c
ministries-complex,high,ChIJscAhvklnXj4RPJwXl-xvlhs
ministries-complex,high,ChIJzytGPQBFXj4ROm4eylf7Kho
ministries-complex,high,ChIJO454ZwBPXj4RZFsKq4kIvPw
ministries-complex,high,ChIJW3C9ewBPXj4REgscJwT0eTs
ministries-complex,high,ChIJzQ8rNUhOXj4RGlCfY1LYDIc
ministries-complex,high,ChIJc2TrBABPXj4RuGMwJyG_aN4
ministries-complex,high,ChIJJZQinK9PXj4R8pDiVbY5L1w
ministries-complex,high,ChIJfxUbmz5OXj4Rh_bZxj75WL4
ministries-complex,high,ChIJp323AgBPXj4RrofDoXgnPcg
ministries-complex,high,ChIJD4CyS3NOXj4RscRpJQ6SRmc
ministries-complex,high,ChIJd4DLeFpPXj4RfCwYjK8HG7o
ministries-complex,high,ChIJCZNgIwBPXj4RBXDQ6gQyJZc
ministries-complex,high,ChIJ_QS6FTNPXj4Rh1Dtow6vH_Y
ministries-complex,high,ChIJ5YtLV7hPXj4R30frPezuOe8
ministries-complex,high,ChIJUcq4CQBPXj4RrP8bmXN55UI
ministries-complex,high,ChIJbSN1CLFPXj4Rl9x9Aro5dag
ministries-complex,high,ChIJh9wAonFPXj4R6P2_rlevv90
ministries-complex,high,ChIJRcFIcQBPXj4R_ffjuPKPC3w
ministries-complex,high,ChIJ6xBtUQBPXj4RBIivJTZdPiE
ministries-complex,high,ChIJFbcipNZPXj4RDzs7kJAKif8
ministries-complex,high,ChIJm4-13dJPXj4RGhVhaDMey88
ministries-complex,high,ChIJtcOjwlZPXj4RzHRLm0qD3cg
ministries-complex,high,ChIJAQMQu4BPXj4RgzlYD-d7xlE
ministries-complex,high,ChIJPaBozw5OXj4RFHmj9O7KVNQ
ministries-complex,high,ChIJUayCUE5PXj4Rg1xfk-miDhw
ministries-complex,high,ChIJ0buKpw5OXj4R8Q_RMWwMbHU
ministries-complex,high,ChIJr3cA2epPXj4RcS6qJB4IjtA
ministries-complex,high,ChIJf3cbfzdPXj4RMbH1w9jcBl8
ministries-complex,high,ChIJ80o6kQxOXj4R3GhiXR5zl-E
ministries-complex,high,ChIJc7DZPwlnXj4RDLTM5fIWTaY
ministries-complex,high,ChIJ-WMhQYxPXj4RV48sW_jXqOo
ministries-complex,high,ChIJqRwwWXtPXj4RIFw8lRVEroE
ministries-complex,high,ChIJq55P8zdPXj4RgpexpFVFk9Q
ministries-complex,high,ChIJFbhrTABPXj4RGr41seI0ToA
ministries-complex,high,ChIJ05JPFVNPXj4Rs8Z2F_7JQ6E
ministries-complex,high,ChIJO5rnYmBRXj4R1pXDgiZmjbw
ministries-complex,high,ChIJA_bkfvdRXj4RIn9092gR8BA
ministries-complex,high,ChIJt5VoqPdRXj4R15pqzNESzv8
ministries-complex,high,ChIJibicqPdRXj4R8213z11_N4Y
ministries-complex,high,ChIJab-JA4RRXj4RbxVemc2x5kk
ministries-complex,high,ChIJCfv3ErtRXj4RCJFiBgEm7ag
ministries-complex,high,ChIJPz1dPzVRXj4RKKiV5j-5NB4
ministries-complex,high,ChIJN3D6p8dPXj4R3yBQqwyBw3M
ministries-complex,high,ChIJ0eiMDgBPXj4RbtWaL1szmjY
ministries-complex,high,ChIJ_3PpKfdFXj4RMHet52RdlMM
ministries-complex,high,ChIJF3S7gY5PXj4Rj-9MkNrGVCc
ministries-complex,high,ChIJE9GxX6BHXj4RGlt2IQolkFo
ministries-complex,high,ChIJrzaR6p5PXj4RhUr3DeYN2qM
ministries-complex,high,ChIJUQwY39BPXj4RsxvhH-xf4yg
ministries-complex,high,ChIJX0fF9NNFXj4RnoPe9u8IN-0
ministries-complex,high,ChIJke2vFUgPQ44RFn9Fo_Dwp0o
ministries-complex,high,ChIJjyvQJ3JHXj4RCvnEkHP0x_0
ministries-complex,high,ChIJedHeCPBnXj4RxLG6Hrun3XA
ministries-complex,high,ChIJwRyMb6U4Xj4R8gq-RkeyZdI
ministries-complex,high,ChIJ75cTy_Q5Xj4RLalc3zmVD6k
ministries-complex,high,ChIJs3vVRWJpXj4RWFSLjKWVMig
ministries-complex,high,ChIJf5ksS1pnXj4R8nGiK6EIavw
ministries-complex,high,ChIJ857h14VoXj4R-MivhTIp0zA
ministries-complex,high,ChIJR0SITitHXj4RVCWVzbn_lEk
ministries-complex,high,ChIJq0b4j1ppXj4RGyoDe94smso
ministries-complex,high,ChIJxdrDuv5nXj4RpY-5DF6euTc
ministries-complex,high,ChIJyTjTcmtnXj4RQimZyggX-0g
ministries-complex,high,ChIJgW7eCQA3Xj4RtaKpBvr7dwo
ministries-complex,high,ChIJ--LATKNnXj4RcjNbguWP7XQ
ministries-complex,high,ChIJ66GC8lBnXj4RWy2ZqpAMXPs
ministries-complex,high,ChIJBR1S6FBHXj4RlHjUu_rqzo0
ministries-complex,high,ChIJ039yYpBnXj4R-jriLFdsbhQ
ministries-complex,high,ChIJY0o69snGMosRON-icriog-w
ministries-complex,high,ChIJseoQLkpnXj4R0ttDnknkwFs
ministries-complex,high,ChIJB65Z-txnXj4R1tA3xNsPhuU
ministries-complex,high,ChIJlwoJZqtnXj4RWTk4Uc8irM0
ministries-complex,high,ChIJKepBesZHXj4RaBj3rjbxowg
ministries-complex,high,ChIJb1nZFylnXj4RQ970d7ENh7E
ministries-complex,high,ChIJP2wFAmlFXj4RyTAG9SZLuOo
ministries-complex,high,ChIJ6Sm2IEM5Xj4RBqYTUK4jEzg
ministries-complex,high,ChIJ3en6cZ9nXj4RF2tAl2cNOhY
ministries-complex,high,ChIJVeWO8JBnXj4RFTW9auZALEQ
ministries-complex,high,ChIJgewjGqg4Xj4RyTXUzZhLSd4
ministries-complex,high,ChIJa5lMYwBnXj4RMZ5IObcolEI
ministries-complex,high,ChIJD1sARgBnXj4RIsSKjimSOtU
ministries-complex,high,ChIJyzQrxX9BXj4R3dgagdsPj3c
ministries-complex,high,ChIJ16q9A1NmXj4RlbEye6DidAY
ministries-complex,high,ChIJE0h1bvxnXj4RfgC7_mTG3Ac
ministries-complex,high,ChIJy3uB4qlnXj4RcO9_SwxyAfs
ministries-complex,high,ChIJz27LlA4JIWYR1KLi8sKhdlU
ministries-complex,high,ChIJQTdrojBmXj4Rb_9E07pJORU
ministries-complex,high,ChIJ3SEMMhNHXj4R6covViidENk
ministries-complex,high,ChIJYfQcrDJnXj4Rql8gi5D3N8o
ministries-complex,high,ChIJE-5kYTxmXj4Rh-fgMnNBUmQ
ministries-complex,high,ChIJ-bSvTvJnXj4RJ44FIOPKvoc
ministries-complex,high,ChIJSdNDIwtnXj4RtgRQAVdqGsE
ministries-complex,high,ChIJhS5MWfU5Xj4RCmQZfvI7plE
ministries-complex,high,ChIJ-yLmBEGo92oRIFpI1-xLi84
ministries-complex,high,ChIJXcohuMJnXj4RoWXg91Ni0Ds
ministries-complex,high,ChIJQ5y8-ihmXj4R2--Iu91VhF8
ministries-complex,high,ChIJ8e8Wzr44Xj4RYCEdDKI7hVs
ministries-complex,high,ChIJJa-aG9pHXj4RITVTPeiexls
ministries-complex,high,ChIJoxxAhsJpXj4RcYTCJSBnW4E
ministries-complex,high,ChIJTSS60x05Xj4RwqbETuIf1qU
ministries-complex,high,ChIJ_chcCE9mXj4Ri_BscHtsX9I
ministries-complex,high,ChIJu39Q-xztHQsRridqi4XMjY4
ministries-complex,high,ChIJTcrTWGGt7mQRXgEix_2_Uq4
ministries-complex,high,ChIJ_YyMCwBpXj4RdNchW4I14U4
ministries-complex,high,ChIJu7lVNFFnXj4Rh3ZfIeCW_l8
ministries-complex,high,ChIJucQxxsRnXj4R512MmgYJ4vQ
ministries-complex,high,ChIJBwQQN51nXj4RxvRgy-HYskU
ministries-complex,high,ChIJAwEMi9xnXj4RT3boB_iocto
ministries-complex,high,ChIJVVVVeVlmXj4R6VS3CRGr4ok
ministries-complex,high,ChIJ60v63kRpXj4Rx-2z7cIGd1M
ministries-complex,high,ChIJ5xZgC51nXj4R9Q19GGhq79U
ministries-complex,high,ChIJISIA0epnXj4R3NPYSWTWMzc
ministries-complex,high,ChIJ8c1oDTpnXj4RhWg-OJ1Acwc
ministries-complex,high,ChIJX1RX4wo8YW0RWfZ4IhmQ910
ministries-complex,high,ChIJN-yizFtHXj4RbeJ-DhbUwHM
ministries-complex,high,ChIJ4wFe7_lHXj4RtfXZggHE9rQ
ministries-complex,high,ChIJG4PiHHpHXj4Rgotz8EAEtKw
ministries-complex,high,ChIJG5Yvx8tBXj4Ry0hMcfLWkQk
ministries-complex,high,ChIJX0IhBpZHXj4RiiNGNxkvges
ministries-complex,high,ChIJ2dS7qFlHXj4RjQTzdcHobd4
ministries-complex,high,ChIJ946Ye1dnXj4RFIZ7eAKoEfs
ministries-complex,high,ChIJd2c2cwA5Xj4RjZ8W4tHLMms
ministries-complex,high,ChIJmZ06CDlpXj4RCblh8NscV30
ministries-complex,high,ChIJdYSb1Kw5Xj4RDDcMzM6IXMM
ministries-complex,high,ChIJw8Bw3Tg5Xj4R9-nmzE04CZ8
ministries-complex,high,ChIJ355akfo5Xj4RX11z73jrTCg
ministries-complex,high,ChIJd8s9Zr2KF6wRfOLuJLQJUBc
ministries-complex,high,ChIJTbJqXgdnXj4RxwgM7jWri0k
ministries-complex,high,ChIJYe0rouVnXj4RBQKS16aIjdc
ministries-complex,high,ChIJrdP5fzVnXj4RMa-wVitoTkg
ministries-complex,high,ChIJqSQmziRnXj4RmeMQxuCyqdE
ministries-complex,high,ChIJqWOcxKZnXj4REDnFq7XplL4
ministries-complex,high,ChIJ2R_mwgpmXj4RFBUQ0mAaS0g
ministries-complex,high,ChIJIcfhikBmXj4RDW08uEX-Z5g
ministries-complex,high,ChIJs33dBLxnXj4RMLCKrC_P_8o
ministries-complex,high,ChIJr0nXtj1nXj4RRRzISutiKk8
ministries-complex,high,ChIJ5ZdMfFpnXj4RogmtEazB4y0
ministries-complex,high,ChIJqWcd62dmXj4RhK3HHIGDJU4
ministries-complex,high,ChIJaXKPMvRnXj4RRPVd1vS7_-4
ministries-complex,high,ChIJadIgXV5mXj4RHvil6PozSWE
ministries-complex,high,ChIJD_u7A2ZmXj4RWpXlIFngq0E
ministries-complex,high,ChIJWXQkBbNnXj4RH9BkA9ttS4g
ministries-complex,high,ChIJycDEwXtnXj4RvJsLPnvqb0M
ministries-complex,high,ChIJxSWvhJ9nXj4RAD2csL2tCPs
ministries-complex,high,ChIJMx2vVDFnXj4RofkJZHV4AF0
ministries-complex,high,ChIJvYuUk31nXj4RAIboTOIYjjw
ministries-complex,high,ChIJOT5Vq4VnXj4RUX2e0_2hhFM
ministries-complex,high,ChIJoZ61PXdnXj4RP8OgX34DSZk
ministries-complex,high,ChIJ56Heog1nXj4RwXiqmukHXas
ministries-complex,high,ChIJUUhQMmFmXj4Rmmo5z04KXOU
ministries-complex,high,ChIJ5waOJUFnXj4R9Qe9NGUCeys
ministries-complex,high,ChIJZ6QJe0lnXj4RBmyypnUAkmw
ministries-complex,high,ChIJJ8ZD0y9nXj4Rgq4iStCwxaQ
ministries-complex,high,ChIJ9ePCDDJnXj4R2lE3kpQj14o
ministries-complex,high,ChIJE82v1t1nXj4R4TjauuobSTk
ministries-complex,high,ChIJCX-p3FZnXj4RxvSlMaCdcjA
ministries-complex,high,ChIJDRVrHQBnXj4RQ7zsRdI3hHo
ministries-complex,high,ChIJS61JbB5mXj4RgF-hmsgxuBs
ministries-complex,high,ChIJq7KQiVkiu44RFiNNjfq-8Qg
ministries-complex,high,ChIJDwhDPz5nXj4RYsFFNcfOBsY
ministries-complex,high,ChIJC2xhY5osVYcREHYoqqDJMkg
ministries-complex,high,ChIJC-qSZ9VnXj4Rl4-9xeIvBfM
ministries-complex,high,ChIJFf5hotJnXj4RaeQ_fkV8Cvk
ministries-complex,high,ChIJP_qupm5nXj4RbumVBqXp1xQ
ministries-complex,high,ChIJIWVIlbRnXj4RgOogtBZgwKs
ministries-complex,high,ChIJQ8ljpdVnXj4RXbKAYsbdZ4A
ministries-complex,high,ChIJ9WInBWtnXj4RxEXM3Kxdfh0
ministries-complex,high,ChIJpY8eIopnXj4R-W--X2TfcdA
ministries-complex,high,ChIJS3rYruNnXj4Rkzh6QikQ-7Y
ministries-complex,high,ChIJiebkpd5nXj4RX2Mi86natDE
ministries-complex,high,ChIJ15sJJShnXj4RQ0eeYXBdZwo
ministries-complex,high,ChIJ2wDUJSZnXj4RDEaKjF9OrrY
ministries-complex,high,ChIJaQAS82NmXj4Rc7ND45DP_mE
ministries-complex,high,ChIJYw2ruydmXj4RBVpf7T18Iv8
ministries-complex,high,ChIJz8os5WRmXj4RT6RASiduQhY
ministries-complex,high,ChIJXdfe9ednXj4RJJ-loFBOlbc
ministries-complex,high,ChIJT_KD0o5nXj4RnPEbddbl8DE
ministries-complex,high,ChIJndvG6k1nXj4Rux7D-1bDDqw
ministries-complex,high,ChIJsbAHHABnXj4RS-zsnr4GJaw
ministries-complex,high,ChIJtXoBeyNmXj4RNAp0GFV7IWo
ministries-complex,high,ChIJk-wHqNtnXj4RCnLfnouEc_c
ministries-complex,high,ChIJS6zSkSBnXj4RqEs00Xw5zDs
ministries-complex,high,ChIJI4lXbABnXj4RaN1ZxKqvAUs
ministries-complex,high,ChIJvS9WeYlnXj4RRfn1UzM5QRY
ministries-complex,high,ChIJaRZUqHZmXj4RpLJ7tHP_RFg
ministries-complex,high,ChIJpX_OJYJoXj4Rpjz8-daA5RA
ministries-complex,high,ChIJ_wOzsw5nXj4REAiP6OP6nU0
ministries-complex,high,ChIJXUjWmR5nXj4R8waZHt49aJA
ministries-complex,high,ChIJHydx9CGS2CcRx5ActGmymJ8
ministries-complex,high,ChIJA0Zs2CJnXj4Rr0yMvlyjPqk
ministries-complex,high,ChIJK7tMZFpmXj4RXCtoBOrjFdE
ministries-complex,high,ChIJm0kTSBVmXj4RfDXhsMaQ3hA
ministries-complex,high,ChIJiRByoWVmXj4RwyYFrNKx1y4
ministries-complex,high,ChIJa_uR1otnXj4RcemH38_7OxM
ministries-complex,high,ChIJVfuOjmdmXj4Re4b0WfIcBEk
ministries-complex,high,ChIJyWDqRWJnXj4RTZMYi4u1spg
ministries-complex,high,ChIJByfkR1JnXj4RjZnK3wXzQsU
ministries-complex,high,ChIJDSIpTQxnXj4Ri2TOMbuDqYQ
ministries-complex,high,ChIJYzLadgpnXj4RLzJZVi1kNSQ
ministries-complex,high,ChIJ83bmZbVnXj4R0qRR4A-B13A
ministries-complex,high,ChIJSWDSRvhnXj4R4BtLYbxkGsE
ministries-complex,high,ChIJBdF1KLFnXj4RIoI6NE7VsH0
ministries-complex,high,ChIJOa6rvn5pXj4RHFhX0FEX7yY
ministries-complex,high,ChIJr6wjqh9nXj4ROupP3dicQsc
ministries-complex,high,ChIJCcn8d-VnXj4R9liKH-vNo7c
ministries-complex,high,ChIJJ-JnA39CXj4R29ei0wLjmCw
ministries-complex,high,ChIJzZVKEF5GXj4RN9lxYZQXab4
ministries-complex,high,ChIJu5Q_WXBnXj4RRdALUTTrM6k
ministries-complex,high,ChIJi2dTOThnXj4RsR8brZ1nOy0
ministries-complex,high,ChIJoZVnEQBHXj4RhoneBiTbNw4
ministries-complex,high,ChIJJ4wSTrdpXj4R1L8vQ_7a69k
ministries-complex,high,ChIJkT7LnDdoXj4RYAutdxTjQN4
ministries-complex,high,ChIJYfh3OItpXj4Rt3V__N7ZRco
ministries-complex,high,ChIJ-8uEJ7o4Xj4RVtJLCdiSXgs
ministries-complex,high,ChIJSZPJAhFpXj4RnXb7lxKNILI
ministries-complex,high,ChIJee0fKLBHXj4R3ULumaNyt_E
ministries-complex,high,ChIJo4M7ff5HXj4RozyClVf8rfk
ministries-complex,high,ChIJXegBnsJLXj4RbvwJRXPu_8o
ministries-complex,high,ChIJycN1AhxFXj4RscBwotobRns
ministries-complex,high,ChIJqVgBKaRpXj4RQq9wj7RRfN4
ministries-complex,high,ChIJqZDQZdFBXj4RVgknuVN2Yt4
ministries-complex,high,ChIJP402dFdpXj4RYdkRQwX62T4
ministries-complex,high,ChIJt4ngRthFXj4R7qe029dMUJU
mirdif-35,low,ChIJU90E1hVhXz4RKbhXBXGvb2w
mirdif-35,low,ChIJJygT_P1gXz4RggrF7atrAkg
mirdif-35,low,ChIJ0UDwxztcXz4R_WI_BKhMQMo
mirdif-35,low,ChIJ7zNRkgFhXz4R-0gn-lWqmpg
mirdif-35,low,ChIJ8T1hzpZcXz4RN0Yw4opznAo
mirdif-35,low,ChIJaQ9wZeNhXz4RR0dWJH5iQnE
mirdif-35,low,ChIJHWsZFt5hXz4RpOwEA-S8SI0
mirdif-35,low,ChIJRRqnottgXz4RrzDx1wDnLig
mirdif-35,low,ChIJmRWH5F9hXz4RhGk4MRZLPUc
mirdif-35,low,ChIJJUS1xjphXz4R7SfAMZyI8r4
mirdif-35,low,ChIJ54PE32NnXz4RggzfKf_eLyw
mirdif-35,low,ChIJUWD2BlxnXz4RADoI3-el_64
mirdif-35,low,ChIJaTqGt_NdXz4RJPCbJqOZF2E
mirdif-35,low,ChIJ50DICttnXz4Ra3KfHgO3HZU
mirdif-35,low,ChIJFdgpCWRnXz4Rns1aRLL0NbA
mirdif-35,low,ChIJ990ttmNdXz4RNIfeNp9L4ok
mirdif-35,low,ChIJx_FHjb5dXz4RiYZKjAiLGnY
mirdif-35,low,ChIJd10kwPddXz4RqMNSzN-RMwE
mirdif-35,low,ChIJYZDSemlnXz4Ro8iX-HS7dRU
mirdif-35,low,ChIJy67R6jtdXz4RTz5cT1JOL3A
mirdif-35,low,ChIJgy_72bZhXz4R2Ai3UayDt7c
mirdif-35,low,ChIJtcmijnhhXz4R6Mvnk0xrhr4
mirdif-35,low,ChIJ3WcHYKJgXz4R-qKbDTrZVog
mirdif-35,low,ChIJScplBrRgXz4RLPW3nEWNtuQ
mirdif-35,low,ChIJiylkaSdhXz4RE0nwVI4OR2Q
mirdif-35,low,ChIJA74ot6RgXz4RClsSDg2I2OE
mirdif-35,low,ChIJi3Oh9EhhXz4RrFHQy8FnM9w
mirdif-35,low,ChIJe-0wLMthXz4R0j9s_Y0a9FU
mirdif-35,low,ChIJRQHEp-tgXz4RjPFNhFYZlVc
mirdif-35,low,ChIJQQ2WSlxhXz4R9tsVXUmEjcM
mirdif-35,low,ChIJfWjzrZVhXz4R2gOQ46Ams9o
mirdif-35,low,ChIJMRLGEU1hXz4RPj3LAt32oCo
mirdif-35,low,ChIJq8ya9SdhXz4RQsK6_4hgzls
mirdif-35,low,ChIJQ3rnkVBhXz4RtgefhpUOauM
mirdif-35,low,ChIJ-0U6Z-dhXz4RXRJa0Mc3Hhc
mirdif-35,low,ChIJoxAi2QxhXz4RW8iaxk-7jo0
mirdif-35,low,ChIJOxA3apJgXz4RS1_ETpmpCzQ
mirdif-35,low,ChIJ15PLWpJgXz4R5U6x1jNpKmA
mirdif-35,low,ChIJIV5u57lhXz4RTiAAlQApPLA
mirdif-35,low,ChIJR9fyi3vROAMRFfcKvuznzWg
mirdif-35,low,ChIJbWKo8dthXz4Ryldl6yieAe4
mirdif-35,low,ChIJC-JsJAthXz4R_9QZZP2u5bg
mirdif-35,low,ChIJkZWwGlphXz4RSyv2Ojl-cWs
mirdif-35,low,ChIJBTAVWr1gXz4R2Rm3lu_LsZY
mirdif-35,low,ChIJK2Od559hXz4RbGXCEq7mPzw
mirdif-35,low,ChIJIx1uJwCL9T4Rparz3amzlaU
mirdif-35,low,ChIJt-lnnICL9T4R5OpyCNwdKBM
mirdif-35,low,ChIJVQh_dACL9T4RYg07-HwgtQ8
mirdif-35,low,ChIJAfinfbVdXz4Rv2Xdo8HyP-M
mirdif-35,low,ChIJb4P-ikxqXz4RU5uH6EZ1neM
mirdif-35,low,ChIJUWJnWDBdXz4RIsmVjOuqFQM
mirdif-35,low,ChIJO0HYnY5dXz4RzE6uk-ihc_E
mirdif-35,low,ChIJnww0x_NdXz4R27oSQJ6hRig
mirdif-35,low,ChIJyfPItvNdXz4RqEoYtb40LwM
mirdif-35,low,ChIJv3Tju_NdXz4R8AwrSB2Op5o
mirdif-35,low,ChIJHRRLx59dXz4RIEeraUE_0C4
mirdif-35,low,ChIJBTzrgYZDXz4R4k3BNQwPjhs
mirdif-35,low,ChIJaQ06FQ1nXz4R1PXstZ5Ez1I
mirdif-35,low,ChIJXZYxUuhDXz4Ryj9adQUkUic
mirdif-35,low,ChIJqxrlxd5dXz4Rczmmr0avRmw
mirdif-35,low,ChIJg3KJ-dtdXz4RWh5XMgAtnno
mirdif-35,low,ChIJp5bnwWFdXz4RjsoXr7dbUyQ
mirdif-35,low,ChIJiUHQkvddXz4RdY5qWkxKfL4
mirdif-35,low,ChIJ4dmgO-9hXz4Rs5WytTfD5r4
mirdif-35,low,ChIJSW1zuyBhXz4RqFo3pM3UzRw
mirdif-35,low,ChIJ13X3hjxhXz4RmyOc4SN8FVc
mirdif-35,low,ChIJT4n6R0phXz4RPwat6Axi93g
mirdif-35,low,ChIJE1CVe7ZhXz4RPi3-mmioJNc
mirdif-35,low,ChIJyxgqYEBhXz4RAZNvYw_LX3E
mirdif-35,low,ChIJjQm_aR5eXz4RBuSMIYXLnQE
mirdif-35,low,ChIJcSTLPuBhXz4RdV6E3PdOMGA
mirdif-35,low,ChIJNaFSzPJhXz4ReVV0OP6vyd0
mirdif-35,low,ChIJ8Yc6IgBhXz4Rdx4fS5Ow0SQ
mirdif-35,low,ChIJa0rqaZJgXz4Re1XxxSHj5Ms
mirdif-35,low,ChIJkWpwh_BhXz4R4dJNEDAXwmU
mirdif-35,low,ChIJXf3q1wRqXz4RSrgwabJZY7Y
mirdif-35,low,ChIJUX2qSwBhXz4RptuSK0u82tI
mirdif-35,low,ChIJYch0DJpgXz4RNOdsjPZt4I8
mirdif-35,low,ChIJlwYu_B1hXz4RZTOwsrvsdO0
mirdif-35,low,ChIJ1WFkRoJfXz4RhRGLtbve9hM
mirdif-35,low,ChIJa1olWx9hXz4Rez4OqrBJ3ZE
mirdif-35,low,ChIJGe2UN9FfXz4R2KOaY8GQ-6w
mirdif-35,low,ChIJPUgcS-NhXz4RMdpvyJgsz80
mirdif-35,low,ChIJVZa8oM1fXz4RleKF7gZelj4
mirdif-35,low,ChIJYf7krX9gXz4RGvBGpDymdfI
mirdif-35,low,ChIJPWi4MdJhXz4Rn165efHK74E
mirdif-35,low,ChIJJeVLTB9hXz4RH-4bfiFsE3U
mirdif-35,low,ChIJ5-zAICZhXz4RJ2hQ1mdyWJM
mirdif-35,low,ChIJqSi8VgBhXz4RRSNr9lEqRRE
mirdif-35,low,ChIJAc1VP_VfXz4RaWB02ulApwU
mirdif-35,low,ChIJw8M7dwBfXz4RaVa_fnwYnEM
mirdif-35,low,ChIJSavaasVpXz4RpkpuUijc-lA
mirdif-35,low,ChIJwxgIBdNfXz4R2RZ3llHfwbE
mirdif-35,medium,ChIJHZTtagBnXz4R-T_iYrv9Y-4
mirdif-35,medium,ChIJ39L9PCBnXz4Ruj0HEMZVO9Y
mirdif-35,medium,ChIJwRk_qm1DXz4RNPf8_w03wfU
mirdif-35,medium,ChIJ3fEZOAxjXz4RIqY8t3dl6P8
mirdif-35,medium,ChIJhw_xEt0qL4gR6Bishu08MI8
mirdif-35,medium,ChIJ-4aAroJoyocRmi2d7LwBVcg
mirdif-35,medium,ChIJ8Uc3ZS5hXz4RVamF1VJU_yA
mirdif-35,medium,ChIJ2wrcY99hXz4REOoLVtiJjGQ
mirdif-35,medium,ChIJmbrs0SNhXz4RjWt44UckSIw
mirdif-35,medium,ChIJLbYRUTVhXz4RNhPFDAH3VdQ
mirdif-35,medium,ChIJC_qVUOhjXz4RYVaBUlzbsok
mirdif-35,medium,ChIJF7iiZgBjXz4R3N42R0BK600
mirdif-35,medium,ChIJWyGpE3uJ9T4Rvke0DIm6mvU
mirdif-35,medium,ChIJWyGpE3uJ9T4RA7N8iSDaXMg
mirdif-35,medium,ChIJt0PRI9VnXz4R6cLfcZ2CQqA
mirdif-35,medium,ChIJ96MBJCJnXz4R3fmAVRU8dkc
mirdif-35,medium,ChIJNVRR1jxnXz4RgUheGZafAng
mirdif-35,medium,ChIJbZ9sKCJnXz4R5etfw8-hPrk
mirdif-35,medium,ChIJaU06UbJnXz4RjymQpMEOrlI
mirdif-35,medium,ChIJN9GXfiFnXz4RB1h1C-0HwyU
mirdif-35,medium,ChIJCQ-j-rVnXz4RAc55X4uk7MQ
mirdif-35,medium,ChIJZcp6qrNnXz4RgjHeyT2fs80
mirdif-35,medium,ChIJj8F2ecRnXz4RwM7JfxJy_rY
mirdif-35,medium,ChIJD7RMJyJnXz4R-2RiGsWUzhU
mirdif-35,medium,ChIJieL6pPBnXz4RlHCXGysyqXM
mirdif-35,medium,ChIJa6VH7T1nXz4RYkIkzdemfr8
mirdif-35,medium,ChIJVZxgDwBnXz4R4UwUSaQtENs
mirdif-35,medium,ChIJxbo1zKhtXz4RlJIfAV8ap3A
mirdif-35,medium,ChIJxYEVxhZhXz4RiyCA3bE9lMY
mirdif-35,medium,ChIJS7h9niphXz4Rj-MRTZZ5FhM
mirdif-35,medium,ChIJ3RuWcyxnXz4RCLO-jnWZGz0
mirdif-35,medium,ChIJIWnOw6xnXz4RUEkZG9Bb87M
mirdif-35,medium,ChIJPbDoe05hXz4RP77AYns8EZM
mirdif-35,medium,ChIJU90E1hVhXz4RKbhXBXGvb2w
mirdif-35,medium,ChIJzyOoiNVnXz4R3-OlizbH3yE
mirdif-35,medium,ChIJXxhsHtVgXz4RPqhOOKX78gI
mirdif-35,medium,ChIJX8JEWtRgXz4R8lwfLlrHRww
mirdif-35,medium,ChIJAYtbRnBhXz4R_1Hf8c6DSYQ
mirdif-35,medium,ChIJWeMuTpJcXz4Rp0jl14Nu0n0
mirdif-35,medium,ChIJ6aC-giphXz4RYJgEINdIGNk
mirdif-35,medium,ChIJJygT_P1gXz4RggrF7atrAkg
mirdif-35,medium,ChIJL_QEkTpcXz4R7As6m_Q-BoE
mirdif-35,medium,ChIJ0UDwxztcXz4R_WI_BKhMQMo
mirdif-35,medium,ChIJ7zNRkgFhXz4R-0gn-lWqmpg
mirdif-35,medium,ChIJ8T1hzpZcXz4RN0Yw4opznAo
mirdif-35,medium,ChIJaQ9wZeNhXz4RR0dWJH5iQnE
mirdif-35,medium,ChIJHWsZFt5hXz4RpOwEA-S8SI0
mirdif-35,medium,ChIJRRqnottgXz4RrzDx1wDnLig
mirdif-35,medium,ChIJmRWH5F9hXz4RhGk4MRZLPUc
mirdif-35,medium,ChIJJUS1xjphXz4R7SfAMZyI8r4
mirdif-35,medium,ChIJq6qqqiZhXz4Rr4q81wQyQq8
mirdif-35,medium,ChIJqYLy1kRtXz4RnWuhFR4bkr0
mirdif-35,medium,ChIJMXT5aJ2L9T4RcIWNTPBaagI
mirdif-35,medium,ChIJg_bFekddXz4REnOm468lyLk
mirdif-35,medium,ChIJYdknQNxdXz4R-qdL_1jzhgE
mirdif-35,medium,ChIJHYCY2gBdXz4Rhmm3ZEuuzys
mirdif-35,medium,ChIJwcT0JgBdXz4R-DwAh-82h-o
mirdif-35,medium,ChIJX3KcVdddXz4R2cZ32MtzAkY
mirdif-35,medium,ChIJfbr9uSBdXz4RpYKsKMbx1-Q
mirdif-35,medium,ChIJgdmN5AldXz4RrUS80Bn7Itc
mirdif-35,medium,ChIJl0RB9xD_tgsRegMj41YzE5Q
mirdif-35,medium,ChIJ_9dvpTNdXz4RKngx7hesHp4
mirdif-35,medium,ChIJK0bEWOldXz4Rk-HOBfGDFm8
mirdif-35,medium,ChIJNcZgOsxdXz4RGKFABH5lZaQ
mirdif-35,medium,ChIJ3djCs8VdXz4RIESwvoo65t4
mirdif-35,medium,ChIJAQIraVFnXz4R8UyNKUHARJg
mirdif-35,medium,ChIJ_____35nXz4Rqm1F4eeHBBw
mirdif-35,medium,ChIJRyja_X5nXz4RF_HBCeYZ9Ko
mirdif-35,medium,ChIJa-tOPy9nXz4RO-a7rmFRpek
mirdif-35,medium,ChIJnWUXitBnXz4RpsQGJYttC-g
mirdif-35,medium,ChIJe6Kzb3xdXz4RKzjTc4Q0VsA
mirdif-35,medium,ChIJ7XTRCvxdXz4RvoYk1lrTwHw
mirdif-35,medium,ChIJ54PE32NnXz4RggzfKf_eLyw
mirdif-35,medium,ChIJ-6lvMLlnXz4RAWRCDUhTRy0
mirdif-35,medium,ChIJUWD2BlxnXz4RADoI3-el_64
mirdif-35,medium,ChIJaTqGt_NdXz4RJPCbJqOZF2E
mirdif-35,medium,ChIJ50DICttnXz4Ra3KfHgO3HZU
mirdif-35,medium,ChIJiV8912VnXz4R9S0cBE9nfrQ
mirdif-35,medium,ChIJRx7AE-lnXz4RwqOU8-tGkUU
mirdif-35,medium,ChIJFdgpCWRnXz4Rns1aRLL0NbA
mirdif-35,medium,ChIJ990ttmNdXz4RNIfeNp9L4ok
mirdif-35,medium,ChIJx_FHjb5dXz4RiYZKjAiLGnY
mirdif-35,medium,ChIJd10kwPddXz4RqMNSzN-RMwE
mirdif-35,medium,ChIJYZDSemlnXz4Ro8iX-HS7dRU
mirdif-35,medium,ChIJ6czHN_pnXz4RcZVIDp-k3JA
mirdif-35,medium,ChIJy67R6jtdXz4RTz5cT1JOL3A
mirdif-35,medium,ChIJgy_72bZhXz4R2Ai3UayDt7c
mirdif-35,medium,ChIJtcmijnhhXz4R6Mvnk0xrhr4
mirdif-35,medium,ChIJ3WcHYKJgXz4R-qKbDTrZVog
mirdif-35,medium,ChIJScplBrRgXz4RLPW3nEWNtuQ
mirdif-35,medium,ChIJiylkaSdhXz4RE0nwVI4OR2Q
mirdif-35,medium,ChIJA74ot6RgXz4RClsSDg2I2OE
mirdif-35,medium,ChIJi3Oh9EhhXz4RrFHQy8FnM9w
mirdif-35,medium,ChIJe-0wLMthXz4R0j9s_Y0a9FU
mirdif-35,medium,ChIJRQHEp-tgXz4RjPFNhFYZlVc
mirdif-35,medium,ChIJQQ2WSlxhXz4R9tsVXUmEjcM
mirdif-35,medium,ChIJfWjzrZVhXz4R2gOQ46Ams9o
mirdif-35,medium,ChIJMRLGEU1hXz4RPj3LAt32oCo
mirdif-35,medium,ChIJq8ya9SdhXz4RQsK6_4hgzls
mirdif-35,medium,ChIJQ3rnkVBhXz4RtgefhpUOauM
mirdif-35,medium,ChIJ-0U6Z-dhXz4RXRJa0Mc3Hhc
mirdif-35,medium,ChIJoxAi2QxhXz4RW8iaxk-7jo0
mirdif-35,medium,ChIJOxA3apJgXz4RS1_ETpmpCzQ
mirdif-35,medium,ChIJ15PLWpJgXz4R5U6x1jNpKmA
mirdif-35,medium,ChIJIV5u57lhXz4RTiAAlQApPLA
mirdif-35,medium,ChIJR9fyi3vROAMRFfcKvuznzWg
mirdif-35,medium,ChIJbWKo8dthXz4Ryldl6yieAe4
mirdif-35,medium,ChIJC-JsJAthXz4R_9QZZP2u5bg
mirdif-35,medium,ChIJkZWwGlphXz4RSyv2Ojl-cWs
mirdif-35,medium,ChIJBTAVWr1gXz4R2Rm3lu_LsZY
mirdif-35,medium,ChIJK2Od559hXz4RbGXCEq7mPzw
mirdif-35,medium,ChIJIx1uJwCL9T4Rparz3amzlaU
mirdif-35,medium,ChIJt-lnnICL9T4R5OpyCNwdKBM
mirdif-35,medium,ChIJVQh_dACL9T4RYg07-HwgtQ8
mirdif-35,medium,ChIJobqykDRdXz4RFn4I97LEYKU
mirdif-35,medium,ChIJUax1zSldXz4REsvSzLAKQq0
mirdif-35,medium,ChIJ9fGtyhtdXz4R7QA59nTMK3s
mirdif-35,medium,ChIJc0IZaw5dXz4RRGESwJ79GQo
mirdif-35,medium,ChIJJSFzLBZdXz4RhhEaAriQEZ4
mirdif-35,medium,ChIJJ-Z1J7FdXz4RaXvI0VPa0N8
mirdif-35,medium,ChIJl7fLPNpnXz4R_zkMbuFuC3Y
mirdif-35,medium,ChIJ18BykgldXz4RVtoNdClWLXQ
mirdif-35,medium,ChIJJYbFgyBdXz4RCDzOz2PHTO4
mirdif-35,medium,ChIJEbdYNWRdXz4R9r6q0ml0BV8
mirdif-35,medium,ChIJf7NQ1xldXz4RXGh4KNFmrIo
mirdif-35,medium,ChIJgQkiixBdXz4RnN3lfLQA_g4
mirdif-35,medium,ChIJq6qqqjddXz4Rhrp-LIcaijk
mirdif-35,medium,ChIJAfinfbVdXz4Rv2Xdo8HyP-M
mirdif-35,medium,ChIJb4P-ikxqXz4RU5uH6EZ1neM
mirdif-35,medium,ChIJa6RFMfZdXz4Rm9vEZ_bENLw
mirdif-35,medium,ChIJUWJnWDBdXz4RIsmVjOuqFQM
mirdif-35,medium,ChIJO0HYnY5dXz4RzE6uk-ihc_E
mirdif-35,medium,ChIJnww0x_NdXz4R27oSQJ6hRig
mirdif-35,medium,ChIJyfPItvNdXz4RqEoYtb40LwM
mirdif-35,medium,ChIJv3Tju_NdXz4R8AwrSB2Op5o
mirdif-35,medium,ChIJC2S2-MddXz4RPO6OJQFIeNE
mirdif-35,medium,ChIJ8VFklKZdXz4RpWBVJ8NC4bc
mirdif-35,medium,ChIJRZwdLpZdXz4RHHEUXyKEIfs
mirdif-35,medium,ChIJCb4Nk6ZdXz4RSM9yg0NxgjE
mirdif-35,medium,ChIJHRRLx59dXz4RIEeraUE_0C4
mirdif-35,medium,ChIJ1RFJ6QddXz4RhG3ONUD8zNQ
mirdif-35,medium,ChIJBTzrgYZDXz4R4k3BNQwPjhs
mirdif-35,medium,ChIJaQ06FQ1nXz4R1PXstZ5Ez1I
mirdif-35,medium,ChIJXZYxUuhDXz4Ryj9adQUkUic
mirdif-35,medium,ChIJqxrlxd5dXz4Rczmmr0avRmw
mirdif-35,medium,ChIJg3KJ-dtdXz4RWh5XMgAtnno
mirdif-35,medium,ChIJp5bnwWFdXz4RjsoXr7dbUyQ
mirdif-35,medium,ChIJiUHQkvddXz4RdY5qWkxKfL4
mirdif-35,medium,ChIJ4dmgO-9hXz4Rs5WytTfD5r4
mirdif-35,medium,ChIJSW1zuyBhXz4RqFo3pM3UzRw
mirdif-35,medium,ChIJ13X3hjxhXz4RmyOc4SN8FVc
mirdif-35,medium,ChIJT4n6R0phXz4RPwat6Axi93g
mirdif-35,medium,ChIJE1CVe7ZhXz4RPi3-mmioJNc
mirdif-35,medium,ChIJyxgqYEBhXz4RAZNvYw_LX3E
mirdif-35,medium,ChIJjQm_aR5eXz4RBuSMIYXLnQE
mirdif-35,medium,ChIJcSTLPuBhXz4RdV6E3PdOMGA
mirdif-35,medium,ChIJNaFSzPJhXz4ReVV0OP6vyd0
mirdif-35,medium,ChIJ8Yc6IgBhXz4Rdx4fS5Ow0SQ
mirdif-35,medium,ChIJa0rqaZJgXz4Re1XxxSHj5Ms
mirdif-35,medium,ChIJkWpwh_BhXz4R4dJNEDAXwmU
mirdif-35,medium,ChIJXf3q1wRqXz4RSrgwabJZY7Y
mirdif-35,medium,ChIJUX2qSwBhXz4RptuSK0u82tI
mirdif-35,medium,ChIJYch0DJpgXz4RNOdsjPZt4I8
mirdif-35,medium,ChIJlwYu_B1hXz4RZTOwsrvsdO0
mirdif-35,medium,ChIJ1WFkRoJfXz4RhRGLtbve9hM
mirdif-35,medium,ChIJa1olWx9hXz4Rez4OqrBJ3ZE
mirdif-35,medium,ChIJGe2UN9FfXz4R2KOaY8GQ-6w
mirdif-35,medium,ChIJPUgcS-NhXz4RMdpvyJgsz80
mirdif-35,medium,ChIJVZa8oM1fXz4RleKF7gZelj4
mirdif-35,medium,ChIJYf7krX9gXz4RGvBGpDymdfI
mirdif-35,medium,ChIJPWi4MdJhXz4Rn165efHK74E
mirdif-35,medium,ChIJJeVLTB9hXz4RH-4bfiFsE3U
mirdif-35,medium,ChIJ5-zAICZhXz4RJ2hQ1mdyWJM
mirdif-35,medium,ChIJX9rSfAhgXz4REP2-OpVO6sI
mirdif-35,medium,ChIJUTLJmUBhXz4ReE1-QwVa5zQ
mirdif-35,medium,ChIJu2wbdABhXz4R703fn6o__tE
mirdif-35,medium,ChIJqSi8VgBhXz4RRSNr9lEqRRE
mirdif-35,medium,ChIJKVJksb6L9T4Rj8-UUEITQYY
mirdif-35,medium,ChIJq4mrwTaL9T4R_fHgr6kgEKE
mirdif-35,medium,ChIJRVFcEICL9T4R4YDx1KhzjDU
mirdif-35,medium,ChIJpUt9g0FdXz4RyuGJqPnJ3pc
mirdif-35,medium,ChIJv9tXBYddXz4R_wce6BkpdWY
mirdif-35,medium,ChIJoZabF25dXz4R4nH6kE69fG8
mirdif-35,medium,ChIJBb2DkUxdXz4Re1MH93ktLeg
mirdif-35,medium,ChIJ-SAM485cXz4RfEM1CojmEks
mirdif-35,medium,ChIJ0-eEY7VdXz4R2MwIjjEkDTA
mirdif-35,medium,ChIJ10YA6zRdXz4RYFVmTR_FCkc
mirdif-35,medium,ChIJyaBr37ZdXz4RogkYWeRtKvA
mirdif-35,medium,ChIJ8ctH3RNdXz4Rxs6StJZWoGo
mirdif-35,medium,ChIJhVVL3PJcXz4REhRyMbtoOoQ
mirdif-35,medium,ChIJBxuV5E1DXz4R_xJU139vabY
mirdif-35,medium,ChIJT5rpzwdrXz4RWNnWqoExxoU
mirdif-35,medium,ChIJiencRA9dXz4Rj9VKMog1XHE
mirdif-35,medium,ChIJ0xf8VY1cXz4R3q7MDV_wqZI
mirdif-35,medium,ChIJhflyUqlDXz4RqZE4OJXyWT0
mirdif-35,medium,ChIJ_d1QA5ZdXz4RaOJErnOSNEs
mirdif-35,medium,ChIJJw0fUqpdXz4Rp5zGUOHHvO4
mirdif-35,medium,ChIJjW3qyTdcXz4ReawLpDKzfZQ
mirdif-35,medium,ChIJHczgbTdcXz4RtMBSE8265p4
mirdif-35,medium,ChIJixkr1gpdXz4RsyFhhsO1plQ
mirdif-35,medium,ChIJg8NAHpRdXz4R674YLWLRFA4
mirdif-35,medium,ChIJ7QZKOa1dXz4R0SulC-Xxoig
mirdif-35,medium,ChIJTwgtSTVcXz4RIjgKUHZYlKg
mirdif-35,medium,ChIJZc5bnktcXz4RchtiK-npzcM
mirdif-35,medium,ChIJm7X5E6XXoaERWIIXJ-zV3SM
mirdif-35,medium,ChIJV27GvdJdXz4RIkSfEiyRxJs
mirdif-35,medium,ChIJlUgUk0pcXz4R8WgkFFJ94do
mirdif-35,medium,ChIJi6JYazFdXz4R82JZL0Bui88
mirdif-35,medium,ChIJbZdnMgBdXz4RzWgw9k2uD4w
mirdif-35,medium,ChIJkZ8VmBJdXz4RzBql3DA8hH8
mirdif-35,medium,ChIJ2eQpKC1fXz4RH_ILhIzZbN0
mirdif-35,medium,ChIJAc1VP_VfXz4RaWB02ulApwU
mirdif-35,medium,ChIJw8M7dwBfXz4RaVa_fnwYnEM
mirdif-35,medium,ChIJx9eINHZfXz4RhzBrl896A-w
mirdif-35,medium,ChIJSavaasVpXz4RpkpuUijc-lA
mirdif-35,medium,ChIJwxgIBdNfXz4R2RZ3llHfwbE
mirdif-35,medium,ChIJNS1I9LFfXz4RFklMqibvKbQ
mirdif-35,medium,ChIJW0AKHgBfXz4RtLYw1saIKCI
mirdif-35,medium,ChIJebG7ezRfXz4R9Hw61_VcUQ8
mirdif-35,medium,ChIJ4Soq2PpfXz4RRmLrirgM8aE
mirdif-35,medium,ChIJM5RgXhBfXz4REaa4gZmtkrs
mirdif-35,medium,ChIJXegPKwBdXz4RBK8FobLCP-Q
mirdif-35,medium,ChIJDcrq3ABdXz4RMSRDg1NXe3w
mirdif-35,medium,ChIJp1bBDyZcXz4R-_1hE0ra_Ow
mirdif-35,medium,ChIJN_DWUZNdXz4R768kyy6GpEU
mirdif-35,medium,ChIJB_FBOgBdXz4Rzv1HuzwXmRU
mirdif-35,medium,ChIJv1x4_URdXz4RjKMFG3dGylc
mirdif-35,medium,ChIJwa_PajZcXz4RLar0UQTyHbg
mirdif-35,medium,ChIJvSVdQHFdXz4RondKdvbKvkE
mirdif-35,medium,ChIJcalR9YLDj0gRx59Jmhk6tIs
mirdif-35,medium,ChIJ4YSlr31fXz4R3O5UIlKb4X4
mirdif-35,medium,ChIJiyJWuF1dXz4RgjDsXbMvvtw
mirdif-35,medium,ChIJz9CTbIIBjkQRosDOC6oKDdU
mirdif-35,medium,ChIJYVP9wiZcXz4Ryr1f5m2No8Q
mirdif-35,medium,ChIJXRVawDxcXz4R7xjC64iV7Oc
mirdif-35,medium,ChIJLY85Mz1cXz4Ry6IMj7ARBzk
mirdif-35,medium,ChIJn2Buu9JfXz4RgaDjCvjXS1E
mirdif-35,medium,ChIJEz8KWKD552IR_ZSDLvRqyNU
mirdif-35,medium,ChIJmbGG9mhfXz4RsF6TvXHGj8w
mirdif-35,medium,ChIJ1yByaqdfXz4RHhgEkUvYCZQ
mirdif-35,medium,ChIJjQZufONeXz4R8OsmQMDIssc
mirdif-35,medium,ChIJm7iVyrMlRqURIp9-0RjFOKc
mirdif-35,medium,ChIJlwqgEzJfXz4RR6emFcENWZM
mirdif-35,medium,ChIJL4sJdvtfXz4RMsvZXencQ0U
mirdif-35,medium,ChIJE5wiehRfXz4RUOEscbo2EeY
mirdif-35,medium,ChIJBd3hzeJXfyMRta-fcmfoNuI
mirdif-35,medium,ChIJf2rzvRhfXz4RzvR4GqMP9Hs
mirdif-35,medium,ChIJCfMbbW9fXz4RveIw7fKrTCc
mirdif-35,medium,ChIJ39ts4aJfXz4RLvBpILB1RJY
mirdif-35,medium,ChIJuzCH_qlfXz4RZh8WQHgLwd8
mirdif-35,medium,ChIJX8dksxlfXz4R1e1sT07AKUI
mirdif-35,medium,ChIJQR_bfiJfXz4R8_7vwfdZEq4
mirdif-35,medium,ChIJN9iT5I9fXz4Ra9wX-HJfdKQ
mirdif-35,medium,ChIJA-EyzRdfXz4RE3t3rQSKlSc
mirdif-35,medium,ChIJq6qqqv1YXz4RaNpdZFGR3P0
mirdif-35,medium,ChIJR2fkRYJfXz4REzmPziZ6qpg
mirdif-35,medium,ChIJS9adGiBfXz4ROf65E4Hk_-U
mirdif-35,medium,ChIJS77minNfXz4R2YZQP0h5-UU
mirdif-35,medium,ChIJofTmTdpfXz4RdMzeH2B-GwU
mirdif-35,medium,ChIJe96AarFdXz4R1fa8vqt9Qr4
mirdif-35,medium,ChIJbY8bpeFfXz4RfpbWgug8jv0
mirdif-35,medium,ChIJsVnEq25fXz4Rnr-ENLe7oYU
mirdif-35,medium,ChIJkW4sqLRfXz4RwH28p3EKsyw
mirdif-35,medium,ChIJhSJ5XYNeXz4RFLQxzanhjeI
mirdif-35,medium,ChIJKYc-EWBfXz4RkNN7aXLiX_A
mirdif-35,medium,ChIJD4pbyIReXz4RJeR0Ol7UuzQ
mirdif-35,medium,ChIJk2Ha7wwsCaYR5GsD3akLXjA
mirdif-35,medium,ChIJOVXQ5vVfXz4RDjGG7cOA23M
mirdif-35,medium,ChIJzQgcys53RqAR_1d4ZjhnbR0
mirdif-35,medium,ChIJN6aauTZfXz4RtNoV8PagHvM
mirdif-35,medium,ChIJ6wqSJytfXz4RIsuiHeaU9CE
mirdif-35,medium,ChIJDZC5RU5fXz4RSTvVwJfCFCY
mirdif-35,medium,ChIJzYRGHGxfXz4RvTgt5jyI_0I
mirdif-35,medium,ChIJLbMyubJfXz4R7jEQHDNVNAA
mirdif-35,medium,ChIJ9d_jLvpfXz4Re8S-DpdAuS4
mirdif-35,medium,ChIJPWxxDQBfXz4R5Y2CPgKhr4k
mirdif-35,medium,ChIJEWHiVadfXz4R3tvFPPHpaVU
mirdif-35,medium,ChIJj_i5049bXz4Rm-V7iESj4V4
mirdif-35,medium,ChIJoV3UJn9fXz4RHnbMlfa6fMQ
mirdif-35,medium,ChIJhWNgXfdfXz4R3hm16pMSu6Y
mirdif-35,medium,ChIJIa3LyNtfXz4RTV76_-xpZ7g
mirdif-35,medium,ChIJi913rc5bXz4RYJ2keUu5-Hg
mirdif-35,medium,ChIJn_LnZbxfXz4Rv6Gq40f4q9M
mirdif-35,medium,ChIJiShrsCxfXz4RMGrgk1TyvJc
mirdif-35,medium,ChIJIYXza0BfXz4RUW80wJ9zHZA
mirdif-35,medium,ChIJh5MPNeNfXz4RmPNDH8rWRa0
mirdif-35,medium,ChIJN2oSBwBfXz4RgRU81SjhsFU
mirdif-35,medium,ChIJJ4OGQABfXz4RBoipTrHlTUU
mirdif-35,medium,ChIJ0yPsdiNfXz4R1rGMNPMSeec
mirdif-35,medium,ChIJeajZ57RfXz4R7OJY8K-vEpo
mirdif-35,medium,ChIJ50TTpI1nXz4RaqSoKFjAEW8
mirdif-35,medium,ChIJdY8I9MVfXz4RPFIynt2hNSg
mirdif-35,medium,ChIJ1-SAD6JdXz4RlsbZOakKkJU
mirdif-35,medium,ChIJrTFv04pdXz4Rc5ViGesV_2s
mirdif-35,medium,ChIJEQpiSHJdXz4R-g6pex1DozA
mirdif-35,medium,ChIJffs70exhXz4RZT7sYRh88us
mirdif-35,medium,ChIJh_QAmLFdXz4RT3w6IILifkQ
mirdif-35,medium,ChIJB01DrkthXz4Ra6_U9r6optU
mirdif-35,medium,ChIJ6-O78dhcXz4RY5P19DCNDrs
mirdif-35,medium,ChIJQcOkZ25dXz4R30pInhh9IXA
mirdif-35,high,ChIJrdyGHIxlXz4RMXqOynIPONk
mirdif-35,high,ChIJm9oqm41kXz4RR_VFWRZ8j3A
mirdif-35,high,ChIJ07r3PPhlXz4R-I79DdPzB74
mirdif-35,high,ChIJWZALWPNkXz4RCGktGh7MECQ
mirdif-35,high,ChIJCSFxyI1kXz4RhK8kGl3WHrc
mirdif-35,high,ChIJiZv--UNlXz4RAS-NyEJ2YVQ
mirdif-35,high,ChIJc1_0JGJlXz4RvF_0DH0U62g
mirdif-35,high,ChIJY3kRIKhlXz4R_pWQqmSHv40
mirdif-35,high,ChIJVT51brdlXz4R82FpvmSZaEw
mirdif-35,high,ChIJiR6yLYNlXz4RcnsRKn2pJko
mirdif-35,high,ChIJywgCk5qPOUgR4NOYnBx_4Q8
mirdif-35,high,ChIJy9JKGPBlXz4RiRZO7zcHVbk
mirdif-35,high,ChIJo5_Sy5VlXz4R3dERIYwva4s
mirdif-35,high,ChIJwfOXOuNlXz4Rhv9XhOocsEw
mirdif-35,high,ChIJNw6Op_1lXz4RiraAUs5U76E
mirdif-35,high,ChIJT0MB79BlXz4R3Ue-of9OgY8
mirdif-35,high,ChIJHf1YcR1lXz4R_GhOxTT3lJA
mirdif-35,high,ChIJx6wkCWtlXz4RX7Ku5gat0DU
mirdif-35,high,ChIJAemqn4tlXz4RluxuNtm2n_0
mirdif-35,high,ChIJ--suGWRlXz4RxJXiRY8kj0s
mirdif-35,high,ChIJH3yBpCplXz4RZonQD1ayXQo
mirdif-35,high,ChIJT-CEh2hkXz4Rqi92Z6ZL_nw
mirdif-35,high,ChIJ57SKJG5kXz4ROxQxs202Ozk
mirdif-35,high,ChIJ4yLyvpJlXz4R9mnI2Y4Podc
mirdif-35,high,ChIJ38JVwPRlXz4RMA0uZNO0buk
mirdif-35,high,ChIJrQxExWhlXz4ROCa5WYFMqI8
mirdif-35,high,ChIJUWxyKNFlXz4RVXAWN5T6lPs
mirdif-35,high,ChIJhdXRHKRlXz4RqVR2Jdq1YKw
mirdif-35,high,ChIJT35jK25kXz4RqiqOZ4KTtwk
mirdif-35,high,ChIJn-15vKhlXz4RjvDBtBNWL6c
mirdif-35,high,ChIJDdodtc9jXz4R3ti9_nqWpII
mirdif-35,high,ChIJNZHv4yZlXz4R40GyJJb_xJE
mirdif-35,high,ChIJm6_EBkBlXz4RQCuT4_8QHCA
mirdif-35,high,ChIJs5MZ2NTsNiYRRsUmv629P2E
mirdif-35,high,ChIJhxnrPQBjXz4RcUaVRViuFYQ
mirdif-35,high,ChIJC4TfiutlXz4RhAKMGThmIBM
mirdif-35,high,ChIJeT1ymMxlXz4RZ3vObyKgSuo
mirdif-35,high,ChIJL9GqvqxlXz4RBm_WM6JKV7A
mirdif-35,high,ChIJxanDWwBlXz4RTto-wgop4FM
mirdif-35,high,ChIJV8xH9xZnXz4Rzp-5IMdmyCY
mirdif-35,high,ChIJQ0rUvPZnXz4RKQZx1N6r8ro
mirdif-35,high,ChIJrwz-6ktnXz4RThRfJCdAdsM
mirdif-35,high,ChIJZ_wIswtnXz4RdMnU_26j8yk
mirdif-35,high,ChIJLRC3h4VDXz4RqDuOWPkR1v0
mirdif-35,high,ChIJ2xuub2NnXz4RW-ld2i0rn5Y
mirdif-35,high,ChIJByQWay9nXz4RdepbnyXyo_Q
mirdif-35,high,ChIJgY2AawBnXz4RvrQgAzAaYGc
mirdif-35,high,ChIJx--xod1nXz4R9pUr1Qw22GU
mirdif-35,high,ChIJ57yPnRBlXz4RRiimmiiLf5U
mirdif-35,high,ChIJy4AVMdZhXz4RWS2ku-D22NU
mirdif-35,high,ChIJh5GWp2phXz4RYMsbeBFFZxk
mirdif-35,high,ChIJHZTtagBnXz4R-T_iYrv9Y-4
mirdif-35,high,ChIJP3sM4hVnXz4Rw3xRWVI9XKU
mirdif-35,high,ChIJsy5y6KBjXz4RSrru6jitzcc
mirdif-35,high,ChIJJx4Kt59jXz4RDJTAWzsEIHg
mirdif-35,high,ChIJn-n337FnXz4R8vaArJBcByk
mirdif-35,high,ChIJ39L9PCBnXz4Ruj0HEMZVO9Y
mirdif-35,high,ChIJwRk_qm1DXz4RNPf8_w03wfU
mirdif-35,high,ChIJ3fEZOAxjXz4RIqY8t3dl6P8
mirdif-35,high,ChIJg-gkNrppXz4RNh9RysXlWcg
mirdif-35,high,ChIJQWakM0BpXz4RWiHoZdv1lVA
mirdif-35,high,ChIJF-Ow-SdpXz4R_0n40jRhQNo
mirdif-35,high,ChIJ8QQdkq5pXz4RX3FnLte83Rk
mirdif-35,high,ChIJmRKa_5hpXz4R_9Hpp02ls90
mirdif-35,high,ChIJ82MttINpXz4RmdheptphCSQ
mirdif-35,high,ChIJfxKczKBpXz4R5_eQ3rHhTp0
mirdif-35,high,ChIJpXfDnTUnRggRqNJ7dLJVWXE
mirdif-35,high,ChIJWd2MolBpXz4RMaI1wxGdL74
mirdif-35,high,ChIJpWQUEjJoXz4RlI6OwXS5va8
mirdif-35,high,ChIJC635ED9pXz4Rzy7DksENhsE
mirdif-35,high,ChIJx9yRrY5pXz4RVwMdh-0rbIk
mirdif-35,high,ChIJ9fiqSGFpXz4RzQVfvnoD0eM
mirdif-35,high,ChIJuQSymgdpXz4RQMKEUEuNCvc
mirdif-35,high,ChIJNYpoaktpXz4RvWyXhptbmGA
mirdif-35,high,ChIJ55fnfRldXz4Rhugo9GcCMRg
mirdif-35,high,ChIJDa8wWtNpXz4RpPMYhiW0Cvc
mirdif-35,high,ChIJLQrX-sJpXz4ROS8lWWkR62g
mirdif-35,high,ChIJ8cF-LmhpXz4Rqqda-d055es
mirdif-35,high,ChIJFZjcVgBpXz4R6Md6mHK7nG4
mirdif-35,high,ChIJR6DuRulnXz4RsewBFpNYmzQ
mirdif-35,high,ChIJxSCQ0ltmXz4RBDXnZ2z93kY
mirdif-35,high,ChIJ22tpJuhnXz4RpijOmmdUyq0
mirdif-35,high,ChIJXTH26w5nXz4Rl4CiRKs9tt4
mirdif-35,high,ChIJiw35AzdnXz4RVRJ6F9-ggkM
mirdif-35,high,ChIJuWItKrRmXz4Rv5r4d0Bt0l0
mirdif-35,high,ChIJ-cOVENZhXz4RHu_PvQSKXgc
mirdif-35,high,ChIJs4jpcKxnXz4R-oJyGOwSU-c
mirdif-35,high,ChIJxTKT9PZnXz4RTeQKr9lpxH8
mirdif-35,high,ChIJhw_xEt0qL4gR6Bishu08MI8
mirdif-35,high,ChIJ-4aAroJoyocRmi2d7LwBVcg
mirdif-35,high,ChIJoUdhgmFnXz4RVzMJYbIVrxo
mirdif-35,high,ChIJgyzBRgVnXz4RZhemhYppi_Q
mirdif-35,high,ChIJ7ZL6WrRmXz4RWJI163Dc7UQ
mirdif-35,high,ChIJuzmZrS1nXz4RzjAWSyBIqvg
mirdif-35,high,ChIJUeqh-bNmXz4R0G9XxI5cJPs
mirdif-35,high,ChIJ82nBnRhhXz4Rv1KPOxbejJk
mirdif-35,high,ChIJ8Uc3ZS5hXz4RVamF1VJU_yA
mirdif-35,high,ChIJAch-r0hhXz4RqhO-RtZjmJU
mirdif-35,high,ChIJ-bwr_cBhXz4R_A7f-_yL6CE
mirdif-35,high,ChIJ2wrcY99hXz4REOoLVtiJjGQ
mirdif-35,high,ChIJk27KicFhXz4RQpyMtihuVLo
mirdif-35,high,ChIJ2Z-uxVlhXz4RYxCu15KDbYE
mirdif-35,high,ChIJmbrs0SNhXz4RjWt44UckSIw
mirdif-35,high,ChIJLbYRUTVhXz4RNhPFDAH3VdQ
mirdif-35,high,ChIJtcE4rb9hXz4RqM9jKkNVzZQ
mirdif-35,high,ChIJuTOTorhhXz4RpoQyb-Rpviw
mirdif-35,high,ChIJO6eU7Q9hXz4RiUGvjK3GsdU
mirdif-35,high,ChIJC_qVUOhjXz4RYVaBUlzbsok
mirdif-35,high,ChIJF7iiZgBjXz4R3N42R0BK600
mirdif-35,high,ChIJWyGpE3uJ9T4Rvke0DIm6mvU
mirdif-35,high,ChIJWyGpE3uJ9T4RA7N8iSDaXMg
mirdif-35,high,ChIJk7BNq4JpXz4R32UzidiqOF8
mirdif-35,high,ChIJK1VAzatDXz4Rq-4cA4BIN14
mirdif-35,high,ChIJlcpfSXxCXz4RSCAq5R26n3c
mirdif-35,high,ChIJ74TuJThpXz4R0grQUFgC4YU
mirdif-35,high,ChIJU9tRFZBpXz4RCtjRVR5Mbrs
mirdif-35,high,ChIJ7ddNpqppXz4RUcsINlXKdig
mirdif-35,high,ChIJx0WdTdtpXz4R-rWz9lgwd8I
mirdif-35,high,ChIJA0TF43hpXz4R1xS9rpItnnM
mirdif-35,high,ChIJe6f_Kp1pXz4R4Hlh1KIojoc
mirdif-35,high,ChIJcdNVXdhpXz4RholO2M5netU
mirdif-35,high,ChIJ25If95RpXz4Rf__xdh5OTXg
mirdif-35,high,ChIJI4elhJxpXz4RxxBRnNA489w
mirdif-35,high,ChIJh1suPOdpXz4RSxCY97bhkNM
mirdif-35,high,ChIJPSv6UmVpXz4RD8D6scSDhmI
mirdif-35,high,ChIJl_V8WalpXz4RXKaTB_V_y2U
mirdif-35,high,ChIJy64j2UxpXz4RbA3zoorvT8M
mirdif-35,high,ChIJSVZc4NFpXz4RcxNHrgH5Cew
mirdif-35,high,ChIJQ1Qz_sFpXz4R10KhyIosOfE
mirdif-35,high,ChIJn8ZZQ_lpXz4RY4Eyx61aJfk
mirdif-35,high,ChIJTTjZohJnXz4RLZO4TXpG-qk
mirdif-35,high,ChIJT0AQ1n5nXz4RjOKXwpkzhEY
mirdif-35,high,ChIJ3XPBxZlhXz4RRQ7K1QNxXfA
mirdif-35,high,ChIJc-XHkRJJC4ARQioJL4ZTssI
mirdif-35,high,ChIJk2vrMWppXz4RGutjLinVmmI
mirdif-35,high,ChIJPw22BMZnXz4R9f0kWfaMBcg
mirdif-35,high,ChIJoajPqSdnXz4RDl2n5wydMTQ
mirdif-35,high,ChIJ6ZQxC7RnXz4RqnCroiwMuMY
mirdif-35,high,ChIJhV-jWiVnXz4RRvhjLDI4eeY
mirdif-35,high,ChIJt0PRI9VnXz4R6cLfcZ2CQqA
mirdif-35,high,ChIJ96MBJCJnXz4R3fmAVRU8dkc
mirdif-35,high,ChIJNVRR1jxnXz4RgUheGZafAng
mirdif-35,high,ChIJbZ9sKCJnXz4R5etfw8-hPrk
mirdif-35,high,ChIJaU06UbJnXz4RjymQpMEOrlI
mirdif-35,high,ChIJN9GXfiFnXz4RB1h1C-0HwyU
mirdif-35,high,ChIJCQ-j-rVnXz4RAc55X4uk7MQ
mirdif-35,high,ChIJZcp6qrNnXz4RgjHeyT2fs80
mirdif-35,high,ChIJj8F2ecRnXz4RwM7JfxJy_rY
mirdif-35,high,ChIJD7RMJyJnXz4R-2RiGsWUzhU
mirdif-35,high,ChIJieL6pPBnXz4RlHCXGysyqXM
mirdif-35,high,ChIJa6VH7T1nXz4RYkIkzdemfr8
mirdif-35,high,ChIJVZxgDwBnXz4R4UwUSaQtENs
mirdif-35,high,ChIJxbo1zKhtXz4RlJIfAV8ap3A
mirdif-35,high,ChIJxYEVxhZhXz4RiyCA3bE9lMY
mirdif-35,high,ChIJS7h9niphXz4Rj-MRTZZ5FhM
mirdif-35,high,ChIJ3RuWcyxnXz4RCLO-jnWZGz0
mirdif-35,high,ChIJIWnOw6xnXz4RUEkZG9Bb87M
mirdif-35,high,ChIJPbDoe05hXz4RP77AYns8EZM
mirdif-35,high,ChIJU90E1hVhXz4RKbhXBXGvb2w
mirdif-35,high,ChIJzyOoiNVnXz4R3-OlizbH3yE
mirdif-35,high,ChIJXxhsHtVgXz4RPqhOOKX78gI
mirdif-35,high,ChIJX8JEWtRgXz4R8lwfLlrHRww
mirdif-35,high,ChIJAYtbRnBhXz4R_1Hf8c6DSYQ
mirdif-35,high,ChIJWeMuTpJcXz4Rp0jl14Nu0n0
mirdif-35,high,ChIJ6aC-giphXz4RYJgEINdIGNk
mirdif-35,high,ChIJJygT_P1gXz4RggrF7atrAkg
mirdif-35,high,ChIJL_QEkTpcXz4R7As6m_Q-BoE
mirdif-35,high,ChIJ0UDwxztcXz4R_WI_BKhMQMo
mirdif-35,high,ChIJ7zNRkgFhXz4R-0gn-lWqmpg
mirdif-35,high,ChIJ8T1hzpZcXz4RN0Yw4opznAo
mirdif-35,high,ChIJaQ9wZeNhXz4RR0dWJH5iQnE
mirdif-35,high,ChIJHWsZFt5hXz4RpOwEA-S8SI0
mirdif-35,high,ChIJRRqnottgXz4RrzDx1wDnLig
mirdif-35,high,ChIJmRWH5F9hXz4RhGk4MRZLPUc
mirdif-35,high,ChIJJUS1xjphXz4R7SfAMZyI8r4
mirdif-35,high,ChIJq6qqqiZhXz4Rr4q81wQyQq8
mirdif-35,high,ChIJqYLy1kRtXz4RnWuhFR4bkr0
mirdif-35,high,ChIJaYKgdFiJ9T4RTw8clmqsbv0
mirdif-35,high,ChIJMXT5aJ2L9T4RcIWNTPBaagI
mirdif-35,high,ChIJwZpk-11DXz4RpXWNPfc_7j0
mirdif-35,high,ChIJYYU_KS1DXz4RdcjCg_AwXeE
mirdif-35,high,ChIJ__-vrIlCXz4RU6n0DOZPvK0
mirdif-35,high,ChIJSczn7OhDXz4Rx15psO4LBMc
mirdif-35,high,ChIJI_Ppl_JCXz4RyW7l5QTBQjs
mirdif-35,high,ChIJM8YbS4hDXz4RunUs-JfLIUY
mirdif-35,high,ChIJnXnqttZDXz4RvEdHTZdkRT0
mirdif-35,high,ChIJiTDAc45CXz4R1sFRBmmcgdg
mirdif-35,high,ChIJ9bLfzDJDXz4RbUxa6BfnulM
mirdif-35,high,ChIJaTs5JpZDXz4RWVY_icT2GvA
mirdif-35,high,ChIJq2MX2l9DXz4RX6In4hKNMvo
mirdif-35,high,ChIJ65jZ-V5DXz4R5SvthuZhiTE
mirdif-35,high,ChIJA5NM7-1CXz4Rx5rqB7fcZuE
mirdif-35,high,ChIJ6yfuNu9CXz4RSZxfr53hK6A
mirdif-35,high,ChIJ8ayA7fxDXz4Rav_b-4pF62U
mirdif-35,high,ChIJg_bFekddXz4REnOm468lyLk
mirdif-35,high,ChIJYdknQNxdXz4R-qdL_1jzhgE
mirdif-35,high,ChIJHYCY2gBdXz4Rhmm3ZEuuzys
mirdif-35,high,ChIJwcT0JgBdXz4R-DwAh-82h-o
mirdif-35,high,ChIJX3KcVdddXz4R2cZ32MtzAkY
mirdif-35,high,ChIJfbr9uSBdXz4RpYKsKMbx1-Q
mirdif-35,high,ChIJgdmN5AldXz4RrUS80Bn7Itc
mirdif-35,high,ChIJl0RB9xD_tgsRegMj41YzE5Q
mirdif-35,high,ChIJ_9dvpTNdXz4RKngx7hesHp4
mirdif-35,high,ChIJK0bEWOldXz4Rk-HOBfGDFm8
mirdif-35,high,ChIJNcZgOsxdXz4RGKFABH5lZaQ
mirdif-35,high,ChIJ3djCs8VdXz4RIESwvoo65t4
mirdif-35,high,ChIJAQIraVFnXz4R8UyNKUHARJg
mirdif-35,high,ChIJ_____35nXz4Rqm1F4eeHBBw
mirdif-35,high,ChIJRyja_X5nXz4RF_HBCeYZ9Ko
mirdif-35,high,ChIJa-tOPy9nXz4RO-a7rmFRpek
mirdif-35,high,ChIJnWUXitBnXz4RpsQGJYttC-g
mirdif-35,high,ChIJ9zni5CxnXz4RYkBFMmjm6MM
mirdif-35,high,ChIJe6Kzb3xdXz4RKzjTc4Q0VsA
mirdif-35,high,ChIJ7XTRCvxdXz4RvoYk1lrTwHw
mirdif-35,high,ChIJ54PE32NnXz4RggzfKf_eLyw
mirdif-35,high,ChIJ-6lvMLlnXz4RAWRCDUhTRy0
mirdif-35,high,ChIJUWD2BlxnXz4RADoI3-el_64
mirdif-35,high,ChIJaTqGt_NdXz4RJPCbJqOZF2E
mirdif-35,high,ChIJ50DICttnXz4Ra3KfHgO3HZU
mirdif-35,high,ChIJiV8912VnXz4R9S0cBE9nfrQ
mirdif-35,high,ChIJRx7AE-lnXz4RwqOU8-tGkUU
mirdif-35,high,ChIJFdgpCWRnXz4Rns1aRLL0NbA
mirdif-35,high,ChIJ990ttmNdXz4RNIfeNp9L4ok
mirdif-35,high,ChIJx_FHjb5dXz4RiYZKjAiLGnY
mirdif-35,high,ChIJd10kwPddXz4RqMNSzN-RMwE
mirdif-35,high,ChIJYZDSemlnXz4Ro8iX-HS7dRU
mirdif-35,high,ChIJ6czHN_pnXz4RcZVIDp-k3JA
mirdif-35,high,ChIJy67R6jtdXz4RTz5cT1JOL3A
mirdif-35,high,ChIJgy_72bZhXz4R2Ai3UayDt7c
mirdif-35,high,ChIJtcmijnhhXz4R6Mvnk0xrhr4
mirdif-35,high,ChIJ3WcHYKJgXz4R-qKbDTrZVog
mirdif-35,high,ChIJScplBrRgXz4RLPW3nEWNtuQ
mirdif-35,high,ChIJiylkaSdhXz4RE0nwVI4OR2Q
mirdif-35,high,ChIJA74ot6RgXz4RClsSDg2I2OE
mirdif-35,high,ChIJi3Oh9EhhXz4RrFHQy8FnM9w
mirdif-35,high,ChIJe-0wLMthXz4R0j9s_Y0a9FU
mirdif-35,high,ChIJRQHEp-tgXz4RjPFNhFYZlVc
mirdif-35,high,ChIJQQ2WSlxhXz4R9tsVXUmEjcM
mirdif-35,high,ChIJfWjzrZVhXz4R2gOQ46Ams9o
mirdif-35,high,ChIJMRLGEU1hXz4RPj3LAt32oCo
mirdif-35,high,ChIJq8ya9SdhXz4RQsK6_4hgzls
mirdif-35,high,ChIJQ3rnkVBhXz4RtgefhpUOauM
mirdif-35,high,ChIJ-0U6Z-dhXz4RXRJa0Mc3Hhc
mirdif-35,high,ChIJoxAi2QxhXz4RW8iaxk-7jo0
mirdif-35,high,ChIJOxA3apJgXz4RS1_ETpmpCzQ
mirdif-35,high,ChIJ15PLWpJgXz4R5U6x1jNpKmA
mirdif-35,high,ChIJIV5u57lhXz4RTiAAlQApPLA
mirdif-35,high,ChIJR9fyi3vROAMRFfcKvuznzWg
mirdif-35,high,ChIJbWKo8dthXz4Ryldl6yieAe4
mirdif-35,high,ChIJC-JsJAthXz4R_9QZZP2u5bg
mirdif-35,high,ChIJkZWwGlphXz4RSyv2Ojl-cWs
mirdif-35,high,ChIJBTAVWr1gXz4R2Rm3lu_LsZY
mirdif-35,high,ChIJK2Od559hXz4RbGXCEq7mPzw
mirdif-35,high,ChIJIx1uJwCL9T4Rparz3amzlaU
mirdif-35,high,ChIJt-lnnICL9T4R5OpyCNwdKBM
mirdif-35,high,ChIJVQh_dACL9T4RYg07-HwgtQ8
mirdif-35,high,ChIJJcv-FDlDXz4ReaQQGfjufRU
mirdif-35,high,ChIJ173lcARDXz4RsOtGVejMk_Q
mirdif-35,high,ChIJL6mc-5BDXz4R9pu0yyhHx5w
mirdif-35,high,ChIJ8xifsMZDXz4RCtka8ZHGSHM
mirdif-35,high,ChIJs5DYDwFDXz4RWjm47yZqAkI
mirdif-35,high,ChIJb63oRkJDXz4RTjHA6eW7Xq8
mirdif-35,high,ChIJS_Bm19dCXz4RoldSfGCt6rE
mirdif-35,high,ChIJ445b-mJDXz4RhC-FtqY1pdI
mirdif-35,high,ChIJ0_62TctCXz4RcoHXK9X6ZCo
mirdif-35,high,ChIJzYyp-npDXz4RMvc8cbmKdfA
mirdif-35,high,ChIJ5X5ZzqhDXz4RkPi33Lq0vVU
mirdif-35,high,ChIJSboImmdDXz4RvsmtSWva3UM
mirdif-35,high,ChIJUTC8XH1DXz4Rmk3LUBlh1GE
mirdif-35,high,ChIJj8Yznu5dXz4Rjf59z-Uk9tY
mirdif-35,high,ChIJlbi2Ry9DXz4R2vX342Rv1lk
mirdif-35,high,ChIJmTxeuidDXz4R7tfgd4ZbbWk
mirdif-35,high,ChIJpxgrVi5DXz4Rm2MXZvrmZhk
mirdif-35,high,ChIJoUlx-ydDXz4RH-9QPpRFqrE
mirdif-35,high,ChIJveiAjwVDXz4Rob9Ord9EE3o
mirdif-35,high,ChIJobqykDRdXz4RFn4I97LEYKU
mirdif-35,high,ChIJUax1zSldXz4REsvSzLAKQq0
mirdif-35,high,ChIJ9fGtyhtdXz4R7QA59nTMK3s
mirdif-35,high,ChIJc0IZaw5dXz4RRGESwJ79GQo
mirdif-35,high,ChIJJSFzLBZdXz4RhhEaAriQEZ4
mirdif-35,high,ChIJJ-Z1J7FdXz4RaXvI0VPa0N8
mirdif-35,high,ChIJl7fLPNpnXz4R_zkMbuFuC3Y
mirdif-35,high,ChIJ18BykgldXz4RVtoNdClWLXQ
mirdif-35,high,ChIJJYbFgyBdXz4RCDzOz2PHTO4
mirdif-35,high,ChIJEbdYNWRdXz4R9r6q0ml0BV8
mirdif-35,high,ChIJf7NQ1xldXz4RXGh4KNFmrIo
mirdif-35,high,ChIJgQkiixBdXz4RnN3lfLQA_g4
mirdif-35,high,ChIJq6qqqjddXz4Rhrp-LIcaijk
mirdif-35,high,ChIJAfinfbVdXz4Rv2Xdo8HyP-M
mirdif-35,high,ChIJb4P-ikxqXz4RU5uH6EZ1neM
mirdif-35,high,ChIJa6RFMfZdXz4Rm9vEZ_bENLw
mirdif-35,high,ChIJUWJnWDBdXz4RIsmVjOuqFQM
mirdif-35,high,ChIJO0HYnY5dXz4RzE6uk-ihc_E
mirdif-35,high,ChIJnww0x_NdXz4R27oSQJ6hRig
mirdif-35,high,ChIJyfPItvNdXz4RqEoYtb40LwM
mirdif-35,high,ChIJv3Tju_NdXz4R8AwrSB2Op5o
mirdif-35,high,ChIJC2S2-MddXz4RPO6OJQFIeNE
mirdif-35,high,ChIJ8VFklKZdXz4RpWBVJ8NC4bc
mirdif-35,high,ChIJRZwdLpZdXz4RHHEUXyKEIfs
mirdif-35,high,ChIJCb4Nk6ZdXz4RSM9yg0NxgjE
mirdif-35,high,ChIJHRRLx59dXz4RIEeraUE_0C4
mirdif-35,high,ChIJ1RFJ6QddXz4RhG3ONUD8zNQ
mirdif-35,high,ChIJBTzrgYZDXz4R4k3BNQwPjhs
mirdif-35,high,ChIJaQ06FQ1nXz4R1PXstZ5Ez1I
mirdif-35,high,ChIJXZYxUuhDXz4Ryj9adQUkUic
mirdif-35,high,ChIJqxrlxd5dXz4Rczmmr0avRmw
mirdif-35,high,ChIJg3KJ-dtdXz4RWh5XMgAtnno
mirdif-35,high,ChIJp5bnwWFdXz4RjsoXr7dbUyQ
mirdif-35,high,ChIJiUHQkvddXz4RdY5qWkxKfL4
mirdif-35,high,ChIJ4dmgO-9hXz4Rs5WytTfD5r4
mirdif-35,high,ChIJSW1zuyBhXz4RqFo3pM3UzRw
mirdif-35,high,ChIJ13X3hjxhXz4RmyOc4SN8FVc
mirdif-35,high,ChIJT4n6R0phXz4RPwat6Axi93g
mirdif-35,high,ChIJE1CVe7ZhXz4RPi3-mmioJNc
mirdif-35,high,ChIJyxgqYEBhXz4RAZNvYw_LX3E
mirdif-35,high,ChIJjQm_aR5eXz4RBuSMIYXLnQE
mirdif-35,high,ChIJcSTLPuBhXz4RdV6E3PdOMGA
mirdif-35,high,ChIJNaFSzPJhXz4ReVV0OP6vyd0
mirdif-35,high,ChIJ8Yc6IgBhXz4Rdx4fS5Ow0SQ
mirdif-35,high,ChIJa0rqaZJgXz4Re1XxxSHj5Ms
mirdif-35,high,ChIJkWpwh_BhXz4R4dJNEDAXwmU
mirdif-35,high,ChIJXf3q1wRqXz4RSrgwabJZY7Y
mirdif-35,high,ChIJUX2qSwBhXz4RptuSK0u82tI
mirdif-35,high,ChIJYch0DJpgXz4RNOdsjPZt4I8
mirdif-35,high,ChIJlwYu_B1hXz4RZTOwsrvsdO0
mirdif-35,high,ChIJ1WFkRoJfXz4RhRGLtbve9hM
mirdif-35,high,ChIJa1olWx9hXz4Rez4OqrBJ3ZE
mirdif-35,high,ChIJGe2UN9FfXz4R2KOaY8GQ-6w
mirdif-35,high,ChIJPUgcS-NhXz4RMdpvyJgsz80
mirdif-35,high,ChIJVZa8oM1fXz4RleKF7gZelj4
mirdif-35,high,ChIJYf7krX9gXz4RGvBGpDymdfI
mirdif-35,high,ChIJPWi4MdJhXz4Rn165efHK74E
mirdif-35,high,ChIJJeVLTB9hXz4RH-4bfiFsE3U
mirdif-35,high,ChIJ5-zAICZhXz4RJ2hQ1mdyWJM
mirdif-35,high,ChIJX9rSfAhgXz4REP2-OpVO6sI
mirdif-35,high,ChIJUTLJmUBhXz4ReE1-QwVa5zQ
mirdif-35,high,ChIJu2wbdABhXz4R703fn6o__tE
mirdif-35,high,ChIJqSi8VgBhXz4RRSNr9lEqRRE
mirdif-35,high,ChIJKVJksb6L9T4Rj8-UUEITQYY
mirdif-35,high,ChIJk2GOyuCL9T4R7phK-E8dpw8
mirdif-35,high,ChIJq4mrwTaL9T4R_fHgr6kgEKE
mirdif-35,high,ChIJRVFcEICL9T4R4YDx1KhzjDU
mirdif-35,high,ChIJ14XxXtKL9T4R87Fuh9QiJt4
mirdif-35,high,ChIJfThM1iWL9T4R0W8MstvyEdM
mirdif-35,high,ChIJyTUPKreL9T4RCUID3eplp-A
mirdif-35,high,ChIJEcnOpABfXz4RNtqV04qlULs
mirdif-35,high,ChIJ1bxyuxVDXz4RgP1WYjxMCws
mirdif-35,high,ChIJIfRUokZDXz4RkgA4pP9MCgg
mirdif-35,high,ChIJewKrHLlDXz4RrXuiRQtbc3o
mirdif-35,high,ChIJf3Xns3VDXz4RVYt9uJAdmPQ
mirdif-35,high,ChIJq5pVYwBDXz4R1skfI97mr3g
mirdif-35,high,ChIJ3THkWC9DXz4RPrvau-G5j-I
mirdif-35,high,ChIJEzrgOcRdXz4R561Fb5N9u4k
mirdif-35,high,ChIJpUt9g0FdXz4RyuGJqPnJ3pc
mirdif-35,high,ChIJDXnxMiFdXz4RQDkdOXMt4Vc
mirdif-35,high,ChIJDY4-VABdXz4R8osfXZ1-8T8
mirdif-35,high,ChIJh9g_XEddXz4RKQAs10kQ0p8
mirdif-35,high,ChIJcXq0KXFdXz4RaF00PwCjsUY
mirdif-35,high,ChIJv9tXBYddXz4R_wce6BkpdWY
mirdif-35,high,ChIJ-YIfJNJDXz4R4jONMChgek8
mirdif-35,high,ChIJwysPorBcXz4RVl92CibxB2c
mirdif-35,high,ChIJwa3qsYBdXz4RK86NSMW3ub0
mirdif-35,high,ChIJoZabF25dXz4R4nH6kE69fG8
mirdif-35,high,ChIJu5UUt_FdXz4RrKREpX9XUAA
mirdif-35,high,ChIJBb2DkUxdXz4Re1MH93ktLeg
mirdif-35,high,ChIJ-SAM485cXz4RfEM1CojmEks
mirdif-35,high,ChIJF_6s24ddXz4RArh7t0rhCgs
mirdif-35,high,ChIJqb6nqc9dXz4RpN9XVwjj_so
mirdif-35,high,ChIJ0-eEY7VdXz4R2MwIjjEkDTA
mirdif-35,high,ChIJ10YA6zRdXz4RYFVmTR_FCkc
mirdif-35,high,ChIJyaBr37ZdXz4RogkYWeRtKvA
mirdif-35,high,ChIJ8ctH3RNdXz4Rxs6StJZWoGo
mirdif-35,high,ChIJp4hUH41cXz4RcsIB_AEpdjk
mirdif-35,high,ChIJKV3--o5dXz4Robu3RXb1B8w
mirdif-35,high,ChIJhVVL3PJcXz4REhRyMbtoOoQ
mirdif-35,high,ChIJBxuV5E1DXz4R_xJU139vabY
mirdif-35,high,ChIJSzcULI1cXz4RoMEDYbrvBNs
mirdif-35,high,ChIJT5rpzwdrXz4RWNnWqoExxoU
mirdif-35,high,ChIJiencRA9dXz4Rj9VKMog1XHE
mirdif-35,high,ChIJ0xf8VY1cXz4R3q7MDV_wqZI
mirdif-35,high,ChIJhflyUqlDXz4RqZE4OJXyWT0
mirdif-35,high,ChIJ_d1QA5ZdXz4RaOJErnOSNEs
mirdif-35,high,ChIJJw0fUqpdXz4Rp5zGUOHHvO4
mirdif-35,high,ChIJjW3qyTdcXz4ReawLpDKzfZQ
mirdif-35,high,ChIJHczgbTdcXz4RtMBSE8265p4
mirdif-35,high,ChIJixkr1gpdXz4RsyFhhsO1plQ
mirdif-35,high,ChIJg8NAHpRdXz4R674YLWLRFA4
mirdif-35,high,ChIJ7QZKOa1dXz4R0SulC-Xxoig
mirdif-35,high,ChIJTwgtSTVcXz4RIjgKUHZYlKg
mirdif-35,high,ChIJZc5bnktcXz4RchtiK-npzcM
mirdif-35,high,ChIJm7X5E6XXoaERWIIXJ-zV3SM
mirdif-35,high,ChIJV27GvdJdXz4RIkSfEiyRxJs
mirdif-35,high,ChIJlUgUk0pcXz4R8WgkFFJ94do
mirdif-35,high,ChIJi6JYazFdXz4R82JZL0Bui88
mirdif-35,high,ChIJbZdnMgBdXz4RzWgw9k2uD4w
mirdif-35,high,ChIJkZ8VmBJdXz4RzBql3DA8hH8
mirdif-35,high,ChIJ2eQpKC1fXz4RH_ILhIzZbN0
mirdif-35,high,ChIJAc1VP_VfXz4RaWB02ulApwU
mirdif-35,high,ChIJw8M7dwBfXz4RaVa_fnwYnEM
mirdif-35,high,ChIJx9eINHZfXz4RhzBrl896A-w
mirdif-35,high,ChIJSavaasVpXz4RpkpuUijc-lA
mirdif-35,high,ChIJwxgIBdNfXz4R2RZ3llHfwbE
mirdif-35,high,ChIJNS1I9LFfXz4RFklMqibvKbQ
mirdif-35,high,ChIJW0AKHgBfXz4RtLYw1saIKCI
mirdif-35,high,ChIJvWyw6kX19T4RKpNsMC75Aa4
mirdif-35,high,ChIJ7TmETYT19T4R69vnLMm-jvE
mirdif-35,high,ChIJ-ZHKLlH19T4RdNWQNGWwVcE
mirdif-35,high,ChIJebG7ezRfXz4R9Hw61_VcUQ8
mirdif-35,high,ChIJ4Soq2PpfXz4RRmLrirgM8aE
mirdif-35,high,ChIJM5RgXhBfXz4REaa4gZmtkrs
mirdif-35,high,ChIJ1VCGKgD19T4Rm4fIVIhnb5w
mirdif-35,high,ChIJS8YrdINZXz4RlzXpeskDvSE
mirdif-35,high,ChIJ_TBdgMqL9T4RQ0edjcydPHQ
mirdif-35,high,ChIJhbd-LwCL9T4RBNN3we1GrZA
mirdif-35,high,ChIJ9XdCEIhP9D4R8V7UtQ_ekF0
mirdif-35,high,ChIJN2WxUO319T4RV8dksDE1AAQ
mirdif-35,high,ChIJMz9SwymL9T4Rz8Ew0-tz4yk
mirdif-35,high,ChIJ-RnpMhdZXz4RbzQVreqvh74
mirdif-35,high,ChIJdxD0W9ZdXz4Rqdgdp6RlSsk
mirdif-35,high,ChIJvbkgdAJDXz4RPFwLsh8Kxts
mirdif-35,high,ChIJzzqTZoFdXz4RWl_Yaz50pcQ
mirdif-35,high,ChIJ-apF9S1DXz4RjdS0ei_RODE
mirdif-35,high,ChIJzxAUPwBDXz4RuTalg7m9NRA
mirdif-35,high,ChIJiY2HNGxdXz4RqshYC6bEOIM
mirdif-35,high,ChIJ1cxbYgBDXz4REPoABB-de3g
mirdif-35,high,ChIJP9DoLgBdXz4R3jtsAD5LnRw
mirdif-35,high,ChIJ_5AEIk1DXz4R_6aJtapFdn8
mirdif-35,high,ChIJfaOzawBDXz4RkVof15S2wUU
mirdif-35,high,ChIJ2W1kEE1DXz4R0QYaUraGpnE
mirdif-35,high,ChIJudtsyI1cXz4RrSkRkc1RisQ
mirdif-35,high,ChIJezuPA75dXz4RipQxILZnm_w
mirdif-35,high,ChIJJTX4t7ldXz4RS1cyrHBIlYY
mirdif-35,high,ChIJ518gputdXz4RVX4YX8wqU2A
mirdif-35,high,ChIJ_XfJgIVcXz4RgFWpiWenWt8
mirdif-35,high,ChIJXegPKwBdXz4RBK8FobLCP-Q
mirdif-35,high,ChIJcVZpHXdcXz4RUUtDCuiiZ4I
mirdif-35,high,ChIJleR7fXpcXz4RNAVjDi_Yn6A
mirdif-35,high,ChIJBeHd9AZdXz4RibHcQe1QwOI
mirdif-35,high,ChIJPTpScGVcXz4RGDcRWO_Dkp8
mirdif-35,high,ChIJJ4b4XGRcXz4Rhas8CPzCYt8
mirdif-35,high,ChIJfT6Ho2ZdXz4RIMpqzAap0kU
mirdif-35,high,ChIJh29Ub3RcXz4Rw2VbP8if-6o
mirdif-35,high,ChIJR0xwLfJdXz4Rhz-hnaHA3hM
mirdif-35,high,ChIJdWNgwnVdXz4Rakx92n7ACh8
mirdif-35,high,ChIJsQ9UU8ddXz4RNB5jJk59OCc
mirdif-35,high,ChIJDcrq3ABdXz4RMSRDg1NXe3w
mirdif-35,high,ChIJp1bBDyZcXz4R-_1hE0ra_Ow
mirdif-35,high,ChIJN_DWUZNdXz4R768kyy6GpEU
mirdif-35,high,ChIJB_FBOgBdXz4Rzv1HuzwXmRU
mirdif-35,high,ChIJv1x4_URdXz4RjKMFG3dGylc
mirdif-35,high,ChIJwa_PajZcXz4RLar0UQTyHbg
mirdif-35,high,ChIJvSVdQHFdXz4RondKdvbKvkE
mirdif-35,high,ChIJcalR9YLDj0gRx59Jmhk6tIs
mirdif-35,high,ChIJ4YSlr31fXz4R3O5UIlKb4X4
mirdif-35,high,ChIJiyJWuF1dXz4RgjDsXbMvvtw
mirdif-35,high,ChIJz9CTbIIBjkQRosDOC6oKDdU
mirdif-35,high,ChIJYVP9wiZcXz4Ryr1f5m2No8Q
mirdif-35,high,ChIJXRVawDxcXz4R7xjC64iV7Oc
mirdif-35,high,ChIJLY85Mz1cXz4Ry6IMj7ARBzk
mirdif-35,high,ChIJn2Buu9JfXz4RgaDjCvjXS1E
mirdif-35,high,ChIJEz8KWKD552IR_ZSDLvRqyNU
mirdif-35,high,ChIJmbGG9mhfXz4RsF6TvXHGj8w
mirdif-35,high,ChIJ1yByaqdfXz4RHhgEkUvYCZQ
mirdif-35,high,ChIJjQZufONeXz4R8OsmQMDIssc
mirdif-35,high,ChIJm7iVyrMlRqURIp9-0RjFOKc
mirdif-35,high,ChIJlwqgEzJfXz4RR6emFcENWZM
mirdif-35,high,ChIJQYAIdw5fXz4RsBCXNvyRoCs
mirdif-35,high,ChIJL4sJdvtfXz4RMsvZXencQ0U
mirdif-35,high,ChIJE5wiehRfXz4RUOEscbo2EeY
mirdif-35,high,ChIJBd3hzeJXfyMRta-fcmfoNuI
mirdif-35,high,ChIJf2rzvRhfXz4RzvR4GqMP9Hs
mirdif-35,high,ChIJIbqEfFlfXz4RXyDQmljIUKo
mirdif-35,high,ChIJCfMbbW9fXz4RveIw7fKrTCc
mirdif-35,high,ChIJg6NTysVfXz4RHQLIQndvGv8
mirdif-35,high,ChIJ0Tgw0U5fXz4RhEkAt36l9Qw
mirdif-35,high,ChIJDVozUgBfXz4R1X5XT6W1Lwg
mirdif-35,high,ChIJ-0Ja9_VfXz4RA7bw0daJgLc
mirdif-35,high,ChIJ1eNhgd9fXz4RuvRh2auxfkM
mirdif-35,high,ChIJj7Jm3t6b9T4RO1TlKMMHK8M
mirdif-35,high,ChIJbVJoeP1fXz4RmxIr7Pr7lBY
mirdif-35,high,ChIJ39ts4aJfXz4RLvBpILB1RJY
mirdif-35,high,ChIJuzCH_qlfXz4RZh8WQHgLwd8
mirdif-35,high,ChIJX8dksxlfXz4R1e1sT07AKUI
mirdif-35,high,ChIJL-m58dNfXz4RAMZ-FxG2Fzo
mirdif-35,high,ChIJ-zN-A-lZXz4RvtTGiuchu-A
mirdif-35,high,ChIJh_3ipmhbXz4RaPTfo_53X00
mirdif-35,high,ChIJ8V5c69FbXz4RvM7kYM7eoXQ
mirdif-35,high,ChIJc4yaQhNbXz4RR_Jl-jpqM8k
mirdif-35,high,ChIJ-Zcybx1bXz4RtkKZ1gfKVb0
mirdif-35,high,ChIJb_VTAhZbXz4R5QNesgeJ3b8
mirdif-35,high,ChIJY5tQXoZbXz4RQTWlxMIKUKs
mirdif-35,high,ChIJZ6RAxWdbXz4Rce9GlE7dkpQ
mirdif-35,high,ChIJvRWeHqpbXz4RiMrOejcWbCE
mirdif-35,high,ChIJn30VYoxbXz4R_gsaNv_-ekA
mirdif-35,high,ChIJc13FmopbXz4RKXdC6JOzpYw
mirdif-35,high,ChIJ08PJWvtdXz4RldfPk4H69kw
mirdif-35,high,ChIJx0xRuD5dXz4RdXtR4osHMNI
mirdif-35,high,ChIJ47iEwIxbXz4Rl8Wlyq2E9nQ
mirdif-35,high,ChIJn0H48zpfXz4RjSyn5XhZVSk
mirdif-35,high,ChIJJ1SRzkxZXz4RNl8UYadaCgo
mirdif-35,high,ChIJX_unnZtfXz4RdR6kFg5F_o0
mirdif-35,high,ChIJuzBCbMpeXz4RxZW0WD98Ct0
mirdif-35,high,ChIJD9p-vLBfXz4RYW3xh4FKnG0
mirdif-35,high,ChIJ93PtZgBZXz4RI7w-Xtw5MfU
mirdif-35,high,ChIJu7JZ0yVfXz4RbFSPi2GjBbU
mirdif-35,high,ChIJI3ew5ExZXz4RoLVH8STHE5g
mirdif-35,high,ChIJlx4c34NfXz4RNWeXsP1TyJk
mirdif-35,high,ChIJQR_bfiJfXz4R8_7vwfdZEq4
mirdif-35,high,ChIJ1fk5k8JfXz4RhXaNK864CY4
mirdif-35,high,ChIJhS4YWLBfXz4RVr0X3Q-igSA
mirdif-35,high,ChIJN9iT5I9fXz4Ra9wX-HJfdKQ
mirdif-35,high,ChIJaTUdmCBfXz4R3UO495zgSlk
mirdif-35,high,ChIJA-EyzRdfXz4RE3t3rQSKlSc
mirdif-35,high,ChIJq6qqqv1YXz4RaNpdZFGR3P0
mirdif-35,high,ChIJ0-U5SDVfXz4RjzjD_EyJoHs
mirdif-35,high,ChIJR2fkRYJfXz4REzmPziZ6qpg
mirdif-35,high,ChIJW8oMfABfXz4RIcRUJoLLXbg
mirdif-35,high,ChIJd1MjLz1fXz4RjRjnzrOqlkg
mirdif-35,high,ChIJS9adGiBfXz4ROf65E4Hk_-U
mirdif-35,high,ChIJS77minNfXz4R2YZQP0h5-UU
mirdif-35,high,ChIJXwWRdABfXz4RnN7GMvtyDOA
mirdif-35,high,ChIJp2gR5idfXz4RPjz-9-DprGg
mirdif-35,high,ChIJofTmTdpfXz4RdMzeH2B-GwU
mirdif-35,high,ChIJ7SSzQkJfXz4RFrgppMVBRuI
mirdif-35,high,ChIJFfN9e0RfXz4RHL2GZN8Ean4
mirdif-35,high,ChIJVZE-ciZfXz4Rp3c1vTep_ys
mirdif-35,high,ChIJiVO5P-BfXz4RikSUGaTr2XU
mirdif-35,high,ChIJYcoAMNNfXz4RhygkXYRIdZk
mirdif-35,high,ChIJcU1Ba6JfXz4Rth2bex0_nlU
mirdif-35,high,ChIJr9DXCOBfXz4Rwj9WKHJI-MI
mirdif-35,high,ChIJe72N3cNfXz4RSiXGHtRMUkA
mirdif-35,high,ChIJBzCGSQBfXz4R2kEJKf63JkE
mirdif-35,high,ChIJy9j-38VfXz4R-tbo6hKJ2IY
mirdif-35,high,ChIJfUxSTsRfXz4RCsKQ7BV-KbM
mirdif-35,high,ChIJU50SyDtfXz4RB-Gqo67mIxk
mirdif-35,high,ChIJg135IVJfXz4RrnzZCk-satQ
mirdif-35,high,ChIJQ_iYnghfXz4RCInkdSg3_Sw
mirdif-35,high,ChIJiyMMy9BbXz4ReIW8bqdQNoc
mirdif-35,high,ChIJRZm6tGdZXz4RMtNnX-1S6SE
mirdif-35,high,ChIJl_G_HOFZXz4R2PnapI98n0o
mirdif-35,high,ChIJxZWfPCFZXz4RrR7kgogRbRs
mirdif-35,high,ChIJifgXa5xZXz4RIfhneYBaeZg
mirdif-35,high,ChIJNY29cDNZXz4RT5H-KSCWfCo
mirdif-35,high,ChIJO8VOgxVZXz4RATnT-vho3m0
mirdif-35,high,ChIJ7SIfIBVZXz4R0e0eh9Mq9LI
mirdif-35,high,ChIJUSIIsRBZXz4R70gQkI41nIw
mirdif-35,high,ChIJnf_kDzBZXz4Ry6AQbetEHfA
mirdif-35,high,ChIJB2RZRz9ZXz4RDJDxu0WJR5g
mirdif-35,high,ChIJcfgzQz5ZXz4R76xWmFnB528
mirdif-35,high,ChIJn2BI9j1ZXz4Rj41HaqibPz0
mirdif-35,high,ChIJlxL3RqtZXz4R55LgCV2JNQc
mirdif-35,high,ChIJc3_ZrDhZXz4RfcuPCWZBYOI
mirdif-35,high,ChIJu81xwBpfXz4RRRg116nWxg0
mirdif-35,high,ChIJYy1ZBHxfXz4RpGS9b2k2eXo
mirdif-35,high,ChIJWZ5gTL5fXz4RqO4LzvFchyg
mirdif-35,high,ChIJb8vnGMFYXz4RNDvewkI1L4w
mirdif-35,high,ChIJ7YAC5uZfXz4RAOK_CywTiUw
mirdif-35,high,ChIJFZkKF4JfXz4RhqrSSsI3xps
mirdif-35,high,ChIJMeE-dnJfXz4RQivhpNxdXFA
mirdif-35,high,ChIJ9fLeKQBZXz4RANcolwUEpRo
mirdif-35,high,ChIJyZLa-MNZXz4RuY4N3AHUYVs
mirdif-35,high,ChIJecETiaH39T4Rq7O0o-tgGtM
mirdif-35,high,ChIJXZWEseP39T4RnHrpKtcirAo
mirdif-35,high,ChIJNxucuvv39T4RY5NdfQIytkE
mirdif-35,high,ChIJGRbY3F1lXz4RULbZs8s6cjk
mirdif-35,high,ChIJMWSJVgDzUoURYiOuBKNTleI
mirdif-35,high,ChIJETrUK4BlXz4R49zoFOqvvJA
mirdif-35,high,ChIJscJVW4FDXz4RQ88a-DznFsE
mirdif-35,high,ChIJ76yd4PqN9T4RT_pz84cqTSc
mirdif-35,high,ChIJE5SpO22L9T4RmawTWJ9Jq4E
mirdif-35,high,ChIJd5uwaS9dXz4Rxxx0z4wKAZM
mirdif-35,high,ChIJv69zWLldXz4RLEerAw8CNaU
mirdif-35,high,ChIJBX3UocxdXz4RjW-Dk5jchUA
mirdif-35,high,ChIJ489gzppcXz4RuvosOpfaSa4
mirdif-35,high,ChIJAxtZ2eVdXz4RPVmwm7XhFqw
mirdif-35,high,ChIJB3AmdwBbXz4Rh1h_lobBe04
mirdif-35,high,ChIJ8T1hzpZcXz4RSkIEvxSbIks
mirdif-35,high,ChIJn1FBhotcXz4RfDSus5qqx04
mirdif-35,high,ChIJr3PpB41cXz4RxdJ-C_-GjwM
mirdif-35,high,ChIJHV0FIIZcXz4R1WT7lNfIMMU
mirdif-35,high,ChIJW2_1DZ9dXz4RYHtz1TTU-OI
mirdif-35,high,ChIJpX2T-lxpXz4RjDY730JqBmQ
mirdif-35,high,ChIJjZKyiOFvXz4RthD5WyFx86A
mirdif-35,high,ChIJ0bkI2LtDXz4RvvLcg34Dmwk
mirdif-35,high,ChIJzb3LsI5CXz4Rk1w6UF3Gn6k
mirdif-35,high,ChIJw2SgmU5pXz4Rfz58NkfTqSU
mirdif-35,high,ChIJGVuPdplpXz4RL9_-8NUgIVA
mirdif-35,high,ChIJT1Hj18NpXz4ROKPmlp3fPqI
mirdif-35,high,ChIJOaAvx2tDXz4RNo_FZjkZ1W0
mirdif-35,high,ChIJl2VXm15pXz4RRORHRQfgAZU
mirdif-35,high,ChIJSxQmTzBpXz4RfvSmWsvy1wQ
mirdif-35,high,ChIJ43MrMgVpXz4RGP6bYu8gaXQ
mirdif-35,high,ChIJ4032HgBDXz4RJrXjEABBKuI
mirdif-35,high,ChIJ2Tvo4C5oXz4Rd-Ojr80KO2g
mirdif-35,high,ChIJIfW1ZF1pXz4Rzv60ZNi17yw
mirdif-35,high,ChIJs909jE5pXz4RtKSpN4vHHUI
mirdif-35,high,ChIJe96AarFdXz4R1fa8vqt9Qr4
mirdif-35,high,ChIJbY8bpeFfXz4RfpbWgug8jv0
mirdif-35,high,ChIJKwaeJQBfXz4RuRGxRQDn_RU
mirdif-35,high,ChIJsVnEq25fXz4Rnr-ENLe7oYU
mirdif-35,high,ChIJkW4sqLRfXz4RwH28p3EKsyw
mirdif-35,high,ChIJhSJ5XYNeXz4RFLQxzanhjeI
mirdif-35,high,ChIJKYc-EWBfXz4RkNN7aXLiX_A
mirdif-35,high,ChIJD4pbyIReXz4RJeR0Ol7UuzQ
mirdif-35,high,ChIJk2Ha7wwsCaYR5GsD3akLXjA
mirdif-35,high,ChIJeaTqXzlfXz4R1KgagkXcaxo
mirdif-35,high,ChIJRxogNgZfXz4RPygt_5RDYpY
mirdif-35,high,ChIJOVXQ5vVfXz4RDjGG7cOA23M
mirdif-35,high,ChIJba3ay3tfXz4ReallJjjtNy4
mirdif-35,high,ChIJzQgcys53RqAR_1d4ZjhnbR0
mirdif-35,high,ChIJ69cB64hfXz4RK3vfHvUDtpw
mirdif-35,high,ChIJvzuwZABbXz4RuWO1kpE_4Ak
mirdif-35,high,ChIJ27NNoSxfXz4RzhvOVsqbLlw
mirdif-35,high,ChIJY6RZGEdZXz4RtiEBnARWTcE
mirdif-35,high,ChIJvV3b1rFfXz4RaJp24DnxVbo
mirdif-35,high,ChIJxZOmoLJZXz4R5KcEH4_1d3g
mirdif-35,high,ChIJN6aauTZfXz4RtNoV8PagHvM
mirdif-35,high,ChIJx4xh6HZfXz4RqYvmGjtdv2o
mirdif-35,high,ChIJ6wqSJytfXz4RIsuiHeaU9CE
mirdif-35,high,ChIJDZC5RU5fXz4RSTvVwJfCFCY
mirdif-35,high,ChIJzYRGHGxfXz4RvTgt5jyI_0I
mirdif-35,high,ChIJLbMyubJfXz4R7jEQHDNVNAA
mirdif-35,high,ChIJ9d_jLvpfXz4Re8S-DpdAuS4
mirdif-35,high,ChIJPWxxDQBfXz4R5Y2CPgKhr4k
mirdif-35,high,ChIJEWHiVadfXz4R3tvFPPHpaVU
mirdif-35,high,ChIJj_i5049bXz4Rm-V7iESj4V4
mirdif-35,high,ChIJoV3UJn9fXz4RHnbMlfa6fMQ
mirdif-35,high,ChIJhWNgXfdfXz4R3hm16pMSu6Y
mirdif-35,high,ChIJIa3LyNtfXz4RTV76_-xpZ7g
mirdif-35,high,ChIJi913rc5bXz4RYJ2keUu5-Hg
mirdif-35,high,ChIJn_LnZbxfXz4Rv6Gq40f4q9M
mirdif-35,high,ChIJiShrsCxfXz4RMGrgk1TyvJc
mirdif-35,high,ChIJIYXza0BfXz4RUW80wJ9zHZA
mirdif-35,high,ChIJkycPAQBfXz4R9R7m8IJwDKU
mirdif-35,high,ChIJh5MPNeNfXz4RmPNDH8rWRa0
mirdif-35,high,ChIJN2oSBwBfXz4RgRU81SjhsFU
mirdif-35,high,ChIJJ4OGQABfXz4RBoipTrHlTUU
mirdif-35,high,ChIJl2BnIelfXz4RJgZZlncmjJQ
mirdif-35,high,ChIJBSqy7q1ZXz4RzZkmJwu7HaE
mirdif-35,high,ChIJ0yPsdiNfXz4R1rGMNPMSeec
mirdif-35,high,ChIJeajZ57RfXz4R7OJY8K-vEpo
mirdif-35,high,ChIJlx4xcC9DXz4Rq6WIc5xTVfg
mirdif-35,high,ChIJNXUCdLJdXz4RnjnW6dySgCg
mirdif-35,high,ChIJ_WDFXipDXz4R37Sn4n_OojM
mirdif-35,high,ChIJZ0wpICZDXz4RIivO07Wjb8A
mirdif-35,high,ChIJvzExJjlDXz4R3ZUZLq8axUM
mirdif-35,high,ChIJa9Vi-yhDXz4RQOagiFI85pQ
mirdif-35,high,ChIJR6AmByZDXz4RcDJ-Hm49CG4
mirdif-35,high,ChIJ0T2RPuhdXz4RF6SRJ00GtIc
mirdif-35,high,ChIJ8UKn1ylDXz4RaucGDyd1da8
mirdif-35,high,ChIJVYO3BghDXz4Rbvm2TBB9710
mirdif-35,high,ChIJJyD2H0FDXz4RHG3r1mfchlE
mirdif-35,high,ChIJ87t0EBtDXz4RVF3OSeINq_Q
mirdif-35,high,ChIJE_tab0VhXz4ReV_bHaTmvz8
mirdif-35,high,ChIJs6axapVdXz4RKTjeKhUIsNA
mirdif-35,high,ChIJy6W-QxdDXz4RDBxKakIIo-8
mirdif-35,high,ChIJc5PkVpRpXz4Rq_2Cbs_CmJI
mirdif-35,high,ChIJ6R7MbkVDXz4RvIQRwaQlCig
mirdif-35,high,ChIJWULC7ptdXz4RXhDPrgMPxNk
mirdif-35,high,ChIJ50TTpI1nXz4RaqSoKFjAEW8
mirdif-35,high,ChIJg4btG9pCXz4R1r5dPsWE98c
mirdif-35,high,ChIJdY8I9MVfXz4RPFIynt2hNSg
mirdif-35,high,ChIJ9b4SdwJDXz4RSdNpXQUmjLM
mirdif-35,high,ChIJ2wqQDEdDXz4R82zluMG_8ME
mirdif-35,high,ChIJX6Tp4M1CXz4Rkq8OIcnyYTg
mirdif-35,high,ChIJM8kc7XVdXz4RT4QYeg9qVk8
mirdif-35,high,ChIJQZPIa6pDXz4RPKdDOQkMAvQ
mirdif-35,high,ChIJz5XN8SdDXz4RJ7h1_E6AUxA
mirdif-35,high,ChIJ1-SAD6JdXz4RlsbZOakKkJU
mirdif-35,high,ChIJH4K4CrddXz4RNEVDWiqgGxs
mirdif-35,high,ChIJrTFv04pdXz4Rc5ViGesV_2s
mirdif-35,high,ChIJLXFZ_LxdXz4RNeq5EdmmN_0
mirdif-35,high,ChIJoddFISZDXz4RxjSNygBWt5U
mirdif-35,high,ChIJs7Q1msJdXz4RpS94mnvcMNI
mirdif-35,high,ChIJSWGZBFFDXz4RSkxPwdhI9NY
mirdif-35,high,ChIJu-vSyFZlXz4RdtTYEsLN1DU
mirdif-35,high,ChIJC7k9f5ldXz4RPk2vWFoF9fY
mirdif-35,high,ChIJGcaEIkpdXz4R01LeGlw2U8M
mirdif-35,high,ChIJr00kxEpdXz4Rgq-DRBauz2s
mirdif-35,high,ChIJY7W5TmFdXz4RyLQkUHVsskI
mirdif-35,high,ChIJEbWmOBpdXz4RptxnF8qIUeo
mirdif-35,high,ChIJrTUDSiZaXz4RFvCec8k_yzU
mirdif-35,high,ChIJGSoIjzxdXz4RFBoceDMN908
mirdif-35,high,ChIJ7RXPmtJeLYQRmizt9cos7O8
mirdif-35,high,ChIJ37eYXT1dXz4Ryz1W_rK6-TY
mirdif-35,high,ChIJf-qFmIddXz4RdUgJj41plIE
mirdif-35,high,ChIJTwoDZ6pdXz4RK_Jv8oypLtE
mirdif-35,high,ChIJ2SnBtPFdXz4RzQb2lRdy0KE
mirdif-35,high,ChIJc5S052JbXz4RuWekYhKie80
mirdif-35,high,ChIJGRpD3rBdXz4ROlZ3ml5ZDDk
mirdif-35,high,ChIJramAhU90rCsRtJkNPeGcrHA
mirdif-35,high,ChIJf7Y5weZdXz4RRnkcgcEE7fc
mirdif-35,high,ChIJEQpiSHJdXz4R-g6pex1DozA
mirdif-35,high,ChIJNyzOPgBdXz4R4lh3gegv41E
mirdif-35,high,ChIJjXrpMABbXz4RWXUlSgdtvbI
mirdif-35,high,ChIJbQkEr5pdXz4RGv537-2wUkc
mirdif-35,high,ChIJsWWkZh1dXz4Rf_Hk1tdAA3o
mirdif-35,high,ChIJWZka5D5dXz4RcA9gfq5am3A
mirdif-35,high,ChIJAZQ8ichdXz4ReCr_bcGuDtE
mirdif-35,high,ChIJmVtG4HZcXz4RhRign4L6Tzk
mirdif-35,high,ChIJiZmbUwtcXz4Ri0jqIsKwSUM
mirdif-35,high,ChIJc3J4_cNbXz4RYoGh1sA6AwQ
mirdif-35,high,ChIJv0LccDVdXz4R2TN0iP3jWlY
mirdif-35,high,ChIJYw23IFVdXz4R1YG0xaNXTQs
mirdif-35,high,ChIJ43W6EbldXz4Rk7ERZz9_rQA
mirdif-35,high,ChIJiV6M0nddXz4RsKdwvfl39jo
mirdif-35,high,ChIJYRUp2yVDXz4RxHmTuKu331o
mirdif-35,high,ChIJLxiFomptr4kRaWFjTp0jPPs
mirdif-35,high,ChIJffs70exhXz4RZT7sYRh88us
mirdif-35,high,ChIJVxagOW5dXz4RuDYJwCVTyyw
mirdif-35,high,ChIJR0XIt9RCXz4Rk6VA1cczWXI
mirdif-35,high,ChIJG4FDtShDXz4RkKsg3TARiAY
mirdif-35,high,ChIJV3iM8rdDXz4RO_pncMJf4ss
mirdif-35,high,ChIJj8yAU8tCXz4ROU_DEpwV0cA
mirdif-35,high,ChIJzXrMixZDXz4RR0QbkRkLi4Y
mirdif-35,high,ChIJFXPta_lDXz4RsNHsBGiM9os
mirdif-35,high,ChIJK7mTfYFDXz4RJpImTkOu3Qw
mirdif-35,high,ChIJpxzVPxBDXz4RnGTvndFZ62c
mirdif-35,high,ChIJpaWtyddCXz4RduS_UQE9Zvo
mirdif-35,high,ChIJ2TuInGdDXz4RJK1DpAaVPi0
mirdif-35,high,ChIJh_QAmLFdXz4RT3w6IILifkQ
mirdif-35,high,ChIJE1sanaJDXz4Rch9MnF_pIgI
mirdif-35,high,ChIJAVByhiZDXz4Ry9g6sHUeqTc
mirdif-35,high,ChIJN0xJr9hCXz4RD9DxN1F8_tA
mirdif-35,high,ChIJB01DrkthXz4Ra6_U9r6optU
mirdif-35,high,ChIJv815OLRDXz4RHEw3GnV604Q
mirdif-35,high,ChIJ6-O78dhcXz4RY5P19DCNDrs
mirdif-35,high,ChIJQWSBZGthXz4Ro4fbXJE_78o
mirdif-35,high,ChIJXYnEnxZDXz4RL-0ai9I9jM4
mirdif-35,high,ChIJt7g76v5DXz4RhXbaNnObgw4
mirdif-35,high,ChIJ02ad-ltDXz4Rr_OFpmACFyk
mirdif-35,high,ChIJXxEMQzxDXz4R809rN0-wc8M
mirdif-35,high,ChIJz-D_LUxDXz4Rw5eIXQEmfnQ
mirdif-35,high,ChIJF5uvt6xdXz4RcH7QgngHefs
mirdif-35,high,ChIJ__uojk9hXz4RZ8Rn2DxoMWg
mirdif-35,high,ChIJ1eo5TKZdXz4RlkvNAcFsFRs
mirdif-35,high,ChIJk76BbXFcXz4R5uoLIUyYLPQ
mirdif-35,high,ChIJdXPujc1dXz4Rj1x0SjK1IIg
mirdif-35,high,ChIJJwUGVW1dXz4RlYf-uX5fLgk
mirdif-35,high,ChIJ__-_p2ZcXz4R5q6lBuGYmkU
mirdif-35,high,ChIJQcOkZ25dXz4R30pInhh9IXA
mirdif-35,high,ChIJ8w4DF25cXz4RhMxLQiSi8mo
mirdif-35,high,ChIJlxyKaz9dXz4RDX9slAB1vpg
mirdif-35,high,ChIJYUmk6BBdXz4R6ujKsm199Gs
mirdif-35,high,ChIJt7BeUmldXz4RYtAWYYh64Cs
mirdif-35,high,ChIJ14SvLcJdXz4RABNzNiAydtw
mirdif-35,high,ChIJZSR8dztdXz4RPO7zYLE3Bf0
mirdif-35,high,ChIJX11j3lBdXz4RqwjkdmswaN4
mirdif-35,high,ChIJWxW2p2dfXz4RqBbXWd-aO2U
mirdif-35,high,ChIJM-0_PWVdXz4RCI_iMch2Ar8
mohammed-bin-zayed-city,low,ChIJ5dmFEQA5Xj4RUUhWfRGaTWA
mohammed-bin-zayed-city,low,ChIJP8IJcLw5Xj4RV_3UnhRln20
mohammed-bin-zayed-city,low,ChIJ-2RJpOtBXj4Rp4TlKDZ7vsE
mohammed-bin-zayed-city,low,ChIJrzco_UdBXj4RQJPS7RSKTt4
mohammed-bin-zayed-city,low,ChIJ30QrfVlHXj4RNznnw6DrRt8
mohammed-bin-zayed-city,low,ChIJsw6LWwA5Xj4RW_AF0uHPbZo
mohammed-bin-zayed-city,low,ChIJjUAl_p05Xj4RrzZQVGSfVV0
mohammed-bin-zayed-city,low,ChIJ8ex8GXI5Xj4Rc5m8NvenPh0
mohammed-bin-zayed-city,low,ChIJywlzodE5Xj4RF1q0f3U82vs
mohammed-bin-zayed-city,low,ChIJnS98uac4Xj4R3BbG-ufXM_E
mohammed-bin-zayed-city,low,ChIJ370tt8s5Xj4RbzcVsDTjo3s
mohammed-bin-zayed-city,low,ChIJ1TavO7FHXj4RggvNIQ2170I
mohammed-bin-zayed-city,low,ChIJayuaDsM5Xj4RdUrjCnR9yOg
mohammed-bin-zayed-city,low,ChIJdwN6yac4Xj4Rjoks1vUX42w
mohammed-bin-zayed-city,low,ChIJ2SOz_FI5Xj4Rb4VZoGTYkqQ
mohammed-bin-zayed-city,low,ChIJC5OFi0BHXj4RAuJqyhWbkJY
mohammed-bin-zayed-city,low,ChIJDfakpIJHXj4R3WYRCyOrI74
mohammed-bin-zayed-city,low,ChIJXy21KDxHXj4RIdV7o7AKBeU
mohammed-bin-zayed-city,low,ChIJJY0cP_ZHXj4Rezb6C_enoRc
mohammed-bin-zayed-city,low,ChIJhXJdydZHXj4RqFWkuoidlqA
mohammed-bin-zayed-city,low,ChIJ7dsioyZBXj4RzIkYAl0M0OY
mohammed-bin-zayed-city,low,ChIJUWAtgZZBXj4RXG5RVhUuGYA
mohammed-bin-zayed-city,low,ChIJA3AAmCVHXj4Rd8NywioXdIc
mohammed-bin-zayed-city,low,ChIJmZTGYwZHXj4RUVITzCRY67A
mohammed-bin-zayed-city,low,ChIJK2_bRwBHXj4RIGTTZCUQak0
mohammed-bin-zayed-city,low,ChIJE__JMcNBXj4REcdk-ayGa_4
mohammed-bin-zayed-city,low,ChIJc22EmKppXj4REIpupbbjOuk
mohammed-bin-zayed-city,low,ChIJjw-oAIZBXj4RYs_ZF8S82Wc
mohammed-bin-zayed-city,low,ChIJ_7VnoLNBXj4RAjn-nwWg6Ek
mohammed-bin-zayed-city,low,ChIJ73UPkVxBXj4RYyfjOtI6t_8
mohammed-bin-zayed-city,low,ChIJUwh_7hJBXj4RT9ne8taJJjY
mohammed-bin-zayed-city,low,ChIJOXCASgBBXj4ReiTJQeiDRD8
mohammed-bin-zayed-city,low,ChIJH70e0D5BXj4RTlmr6g49yAg
mohammed-bin-zayed-city,low,ChIJgXLLwwB-hWgReooggOGQAOo
mohammed-bin-zayed-city,low,ChIJzyPbvrtHXj4R6KGLA8AAb2Q
mohammed-bin-zayed-city,low,ChIJR8LWo1tGXj4Rx0MLzz2712E
mohammed-bin-zayed-city,low,ChIJcb1OvglBXj4Rpj4qKbJJoW0
mohammed-bin-zayed-city,low,ChIJ7aBvpbBBXj4Rrz5YkTw3PKA
mohammed-bin-zayed-city,low,ChIJ8Uq1R1lBXj4Rb-6WJo3wDE4
mohammed-bin-zayed-city,low,ChIJ7YcGHXJBXj4R2XGB_gU-fdU
mohammed-bin-zayed-city,low,ChIJ60POGgBBXj4RZm8XLPPzC3U
mohammed-bin-zayed-city,low,ChIJfxeqQk5BXj4RA0PquO-4oMk
mohammed-bin-zayed-city,low,ChIJ6x3D_plBXj4R-qot1dS-WBE
mohammed-bin-zayed-city,low,ChIJnexvv2BBXj4RGZ-nIdMn_Y8
mohammed-bin-zayed-city,low,ChIJFRhBdlJBXj4RwYy2RLGionw
mohammed-bin-zayed-city,low,ChIJzeXPk_JBXj4R3ruXrllceTM
mohammed-bin-zayed-city,low,ChIJJT5ZErJGXj4R7VeU-kgIwzI
mohammed-bin-zayed-city,low,ChIJke2vFUgPQ44RFn9Fo_Dwp0o
mohammed-bin-zayed-city,low,ChIJjyvQJ3JHXj4RCvnEkHP0x_0
mohammed-bin-zayed-city,low,ChIJR0SITitHXj4RVCWVzbn_lEk
mohammed-bin-zayed-city,low,ChIJBR1S6FBHXj4RlHjUu_rqzo0
mohammed-bin-zayed-city,low,ChIJgewjGqg4Xj4RyTXUzZhLSd4
mohammed-bin-zayed-city,low,ChIJyzQrxX9BXj4R3dgagdsPj3c
mohammed-bin-zayed-city,low,ChIJz27LlA4JIWYR1KLi8sKhdlU
mohammed-bin-zayed-city,low,ChIJ3SEMMhNHXj4R6covViidENk
mohammed-bin-zayed-city,low,ChIJ8e8Wzr44Xj4RYCEdDKI7hVs
mohammed-bin-zayed-city,low,ChIJN-yizFtHXj4RbeJ-DhbUwHM
mohammed-bin-zayed-city,low,ChIJX0IhBpZHXj4RiiNGNxkvges
mohammed-bin-zayed-city,low,ChIJ2dS7qFlHXj4RjQTzdcHobd4
mohammed-bin-zayed-city,low,ChIJ946Ye1dnXj4RFIZ7eAKoEfs
mohammed-bin-zayed-city,low,ChIJd2c2cwA5Xj4RjZ8W4tHLMms
mohammed-bin-zayed-city,low,ChIJmZ06CDlpXj4RCblh8NscV30
mohammed-bin-zayed-city,low,ChIJdYSb1Kw5Xj4RDDcMzM6IXMM
mohammed-bin-zayed-city,low,ChIJw8Bw3Tg5Xj4R9-nmzE04CZ8
mohammed-bin-zayed-city,low,ChIJd8s9Zr2KF6wRfOLuJLQJUBc
mohammed-bin-zayed-city,medium,ChIJTQLaGGwxXj4RtC5iJ9F4WH4
mohammed-bin-zayed-city,medium,ChIJS3E1SQAxXj4RxnPr3mawtWI
mohammed-bin-zayed-city,medium,ChIJYcOSndMwXj4Rs4bcGo-cl3A
mohammed-bin-zayed-city,medium,ChIJ_-MkY6U3Xj4Ra1MET4K3Szk
mohammed-bin-zayed-city,medium,ChIJXSo9rpoxXj4RHqVO5MTBqnM
mohammed-bin-zayed-city,medium,ChIJ6Zahg84xXj4RWrLGHhmXVFU
mohammed-bin-zayed-city,medium,ChIJL-4MydMwXj4RwCG1pUPCqBE
mohammed-bin-zayed-city,medium,ChIJ_XrQiNMwXj4Rw92Z_nekmI0
mohammed-bin-zayed-city,medium,ChIJcZqDBgAxXj4RARRPAyKMcKM
mohammed-bin-zayed-city,medium,ChIJXS0tH9wxXj4R5ldIJYJr4-g
mohammed-bin-zayed-city,medium,ChIJAQAAAAc5Xj4RyYZgcl6Qj6I
mohammed-bin-zayed-city,medium,ChIJicjNWjA5Xj4Rs_XYoRMaURY
mohammed-bin-zayed-city,medium,ChIJM3LYPwA5Xj4RrG-NL0wf-jw
mohammed-bin-zayed-city,medium,ChIJe8yFjyY5Xj4R4XF7d9fE92I
mohammed-bin-zayed-city,medium,ChIJqbZoi0E3Xj4RqvcwgAiD-I0
mohammed-bin-zayed-city,medium,ChIJ2Vb-EwA3Xj4Rvihc0dAhjho
mohammed-bin-zayed-city,medium,ChIJ0-UqaLA3Xj4RQyw3xdUBT8Y
mohammed-bin-zayed-city,medium,ChIJo43uxzs3Xj4RVXtbF8SINMg
mohammed-bin-zayed-city,medium,ChIJ5ch6Hag3Xj4RlU_4s1p7o8s
mohammed-bin-zayed-city,medium,ChIJZaPHks03Xj4R6n0H-_TPtQw
mohammed-bin-zayed-city,medium,ChIJm1gKcAhpXj4RtVHtytsjU04
mohammed-bin-zayed-city,medium,ChIJxfs_Lzo3Xj4RU0tYtvjdnGk
mohammed-bin-zayed-city,medium,ChIJLYzElP03Xj4REreRhHMZUxA
mohammed-bin-zayed-city,medium,ChIJ08woPh43Xj4RLQn9RfK_d-g
mohammed-bin-zayed-city,medium,ChIJtfowytc5Xj4RNDIQaQ9jm1g
mohammed-bin-zayed-city,medium,ChIJN2YaKjo3Xj4RP5c-7TO_fxk
mohammed-bin-zayed-city,medium,ChIJySPEeAA3Xj4R86ydETlyKcI
mohammed-bin-zayed-city,medium,ChIJt1f8pV43Xj4R275r0Rk9rLQ
mohammed-bin-zayed-city,medium,ChIJvwV1Ojg3Xj4RKv8KM-y2oV0
mohammed-bin-zayed-city,medium,ChIJnXM8Kjo3Xj4R0nTG9oRpbxc
mohammed-bin-zayed-city,medium,ChIJjV4_8zo3Xj4Rimg3RsMt3mU
mohammed-bin-zayed-city,medium,ChIJOUYK5mQ3Xj4RgsLlrhLrwdk
mohammed-bin-zayed-city,medium,ChIJ_zKmtTs3Xj4RYRpi9OuNKb0
mohammed-bin-zayed-city,medium,ChIJOcOsNcE3Xj4RhBFGnss57Aw
mohammed-bin-zayed-city,medium,ChIJ5dmFEQA5Xj4RUUhWfRGaTWA
mohammed-bin-zayed-city,medium,ChIJifIQ9Lk4Xj4RvyIgEGAO9Mo
mohammed-bin-zayed-city,medium,ChIJ803MSw85Xj4R8gBaPIO3lJA
mohammed-bin-zayed-city,medium,ChIJOdy0rpM5Xj4RyYrr8KmUcQU
mohammed-bin-zayed-city,medium,ChIJP8IJcLw5Xj4RV_3UnhRln20
mohammed-bin-zayed-city,medium,ChIJ0aF1awA5Xj4RzsnvtOgyrIo
mohammed-bin-zayed-city,medium,ChIJkdfyBfY5Xj4R6Ssl9zGJNrE
mohammed-bin-zayed-city,medium,ChIJhVfAK4k5Xj4RbHhZUFTulLQ
mohammed-bin-zayed-city,medium,ChIJk52ZdNo5Xj4RB1qWnAG5aXA
mohammed-bin-zayed-city,medium,ChIJNzGvYmxmXj4RiZGijh7LIvo
mohammed-bin-zayed-city,medium,ChIJwRAhTuw5Xj4Rby1hbkcY9ms
mohammed-bin-zayed-city,medium,ChIJyeR_SNA5Xj4RvJ2RJp75KbE
mohammed-bin-zayed-city,medium,ChIJZZQ3B9g5Xj4Ru6ePF4wxb1c
mohammed-bin-zayed-city,medium,ChIJh_uD3m85Xj4RBJOJd5VJwQ8
mohammed-bin-zayed-city,medium,ChIJ2djxtgk5Xj4RxiaaioL9bg8
mohammed-bin-zayed-city,medium,ChIJV6YIh8k3Xj4RrOj5e4LpLng
mohammed-bin-zayed-city,medium,ChIJY9wBUAA3Xj4RHgCm5aISavs
mohammed-bin-zayed-city,medium,ChIJn8JqQR03Xj4REWqgFbMUIYQ
mohammed-bin-zayed-city,medium,ChIJ39lgm6M3Xj4RbqH0Ipuq43c
mohammed-bin-zayed-city,medium,ChIJfdd0XWc5Xj4R7X8N9miotYw
mohammed-bin-zayed-city,medium,ChIJOyibkek3Xj4RNtUWnHkJcHs
mohammed-bin-zayed-city,medium,ChIJBfiK_gU3Xj4RveC4lqwKWko
mohammed-bin-zayed-city,medium,ChIJP62LnMA3Xj4RIszOUCkof-4
mohammed-bin-zayed-city,medium,ChIJRYqhWAA3Xj4RHPWhQzSfkWI
mohammed-bin-zayed-city,medium,ChIJNUWVaoM3Xj4RHWdV5LZ8nYM
mohammed-bin-zayed-city,medium,ChIJt_rot6w3Xj4RywzijzxGx14
mohammed-bin-zayed-city,medium,ChIJLwJz4iE3Xj4RJU4kyWBwJD8
mohammed-bin-zayed-city,medium,ChIJOzO8UBo3Xj4RhBpJW_9Clik
mohammed-bin-zayed-city,medium,ChIJPd5FGSs3Xj4RY5IWOucozsc
mohammed-bin-zayed-city,medium,ChIJabO2FcM3Xj4RjG434cOBstU
mohammed-bin-zayed-city,medium,ChIJ445rqPg3Xj4RO1U_JhJFh8c
mohammed-bin-zayed-city,medium,ChIJZbAdeyg3Xj4RhrWxz1sAecs
mohammed-bin-zayed-city,medium,ChIJg-4lyOM3Xj4RjXGHH6n7wOw
mohammed-bin-zayed-city,medium,ChIJHTzshj03Xj4Rl2iPemwnqi0
mohammed-bin-zayed-city,medium,ChIJl2TZx5ZAXj4RC7EmKTvL6Hs
mohammed-bin-zayed-city,medium,ChIJA34HWS1BXj4RF-llU6km1aM
mohammed-bin-zayed-city,medium,ChIJYVDYbQZBXj4RL4-pFMetxd0
mohammed-bin-zayed-city,medium,ChIJuUeP8ao4Xj4RxMi6isbzXA4
mohammed-bin-zayed-city,medium,ChIJ-2RJpOtBXj4Rp4TlKDZ7vsE
mohammed-bin-zayed-city,medium,ChIJrzco_UdBXj4RQJPS7RSKTt4
mohammed-bin-zayed-city,medium,ChIJLX5UpYhBXj4RbD_16AYNI0U
mohammed-bin-zayed-city,medium,ChIJKUIDIy9BXj4R6UaKJFEJwKk
mohammed-bin-zayed-city,medium,ChIJC_6gQJY5Xj4RvlU8hx0MrtM
mohammed-bin-zayed-city,medium,ChIJHUJjt4VBXj4Rri2SeVpBo-g
mohammed-bin-zayed-city,medium,ChIJ30QrfVlHXj4RNznnw6DrRt8
mohammed-bin-zayed-city,medium,ChIJsw6LWwA5Xj4RW_AF0uHPbZo
mohammed-bin-zayed-city,medium,ChIJ6_WfJ3dmXj4RZQmzEt54c2U
mohammed-bin-zayed-city,medium,ChIJjUAl_p05Xj4RrzZQVGSfVV0
mohammed-bin-zayed-city,medium,ChIJ8ex8GXI5Xj4Rc5m8NvenPh0
mohammed-bin-zayed-city,medium,ChIJywlzodE5Xj4RF1q0f3U82vs
mohammed-bin-zayed-city,medium,ChIJnS98uac4Xj4R3BbG-ufXM_E
mohammed-bin-zayed-city,medium,ChIJ370tt8s5Xj4RbzcVsDTjo3s
mohammed-bin-zayed-city,medium,ChIJ1TavO7FHXj4RggvNIQ2170I
mohammed-bin-zayed-city,medium,ChIJayuaDsM5Xj4RdUrjCnR9yOg
mohammed-bin-zayed-city,medium,ChIJdwN6yac4Xj4Rjoks1vUX42w
mohammed-bin-zayed-city,medium,ChIJ2SOz_FI5Xj4Rb4VZoGTYkqQ
mohammed-bin-zayed-city,medium,ChIJ22Wcv7M5Xj4RHiLNi34QnEI
mohammed-bin-zayed-city,medium,ChIJDbcz2A9tXz4RnqvVPtIP15c
mohammed-bin-zayed-city,medium,ChIJZ3vcheo3Xj4RnSWZDXWS72k
mohammed-bin-zayed-city,medium,ChIJlwG5_DI3Xj4RXNhToLQcoWw
mohammed-bin-zayed-city,medium,ChIJhzTbC103Xj4RjodcumrbGZw
mohammed-bin-zayed-city,medium,ChIJFSj2a4k3Xj4RTujzuydX3ys
mohammed-bin-zayed-city,medium,ChIJHcgoVCs3Xj4RRjOpdRRXIHg
mohammed-bin-zayed-city,medium,ChIJtcJvK9lBXj4Rx8OIYr8cAgU
mohammed-bin-zayed-city,medium,ChIJwTfCb19BXj4Rjav9VmrFmWo
mohammed-bin-zayed-city,medium,ChIJhdQYIydBXj4RqWi2HUxr2Ok
mohammed-bin-zayed-city,medium,ChIJgSu-zBxBXj4Rz8Jg9k1AQK8
mohammed-bin-zayed-city,medium,ChIJAb0bBM9BXj4RpNLev9Hb6Bw
mohammed-bin-zayed-city,medium,ChIJC5OFi0BHXj4RAuJqyhWbkJY
mohammed-bin-zayed-city,medium,ChIJDfakpIJHXj4R3WYRCyOrI74
mohammed-bin-zayed-city,medium,ChIJXy21KDxHXj4RIdV7o7AKBeU
mohammed-bin-zayed-city,medium,ChIJJY0cP_ZHXj4Rezb6C_enoRc
mohammed-bin-zayed-city,medium,ChIJhXJdydZHXj4RqFWkuoidlqA
mohammed-bin-zayed-city,medium,ChIJ7dsioyZBXj4RzIkYAl0M0OY
mohammed-bin-zayed-city,medium,ChIJUWAtgZZBXj4RXG5RVhUuGYA
mohammed-bin-zayed-city,medium,ChIJA3AAmCVHXj4Rd8NywioXdIc
mohammed-bin-zayed-city,medium,ChIJmZTGYwZHXj4RUVITzCRY67A
mohammed-bin-zayed-city,medium,ChIJK2_bRwBHXj4RIGTTZCUQak0
mohammed-bin-zayed-city,medium,ChIJ45jENidHXj4RbsTlCPw-bLk
mohammed-bin-zayed-city,medium,ChIJW-umFABHXj4RodLZiPhbEqU
mohammed-bin-zayed-city,medium,ChIJqWvdQgBJXj4RWBnsE2sHUHY
mohammed-bin-zayed-city,medium,ChIJT6HWvGA3Xj4Rmf8dQzGbtGY
mohammed-bin-zayed-city,medium,ChIJO_qHc_43Xj4R-51XaEJ9OPQ
mohammed-bin-zayed-city,medium,ChIJAV19Lv83Xj4R1oqXSoHmJGk
mohammed-bin-zayed-city,medium,ChIJTcAI62k3Xj4RrDfM2aTKmJ8
mohammed-bin-zayed-city,medium,ChIJjX-vDS5HXj4RdLKTuTi86Vs
mohammed-bin-zayed-city,medium,ChIJRwdqDwBJXj4RfDUU2XRviaM
mohammed-bin-zayed-city,medium,ChIJz9fcsplJXj4R3XctupxLwzw
mohammed-bin-zayed-city,medium,ChIJmVS7RtpJXj4Rb9wAlFGyBaw
mohammed-bin-zayed-city,medium,ChIJZ1LG5gBDXj4RE09vzn8m_8Q
mohammed-bin-zayed-city,medium,ChIJP_gGHdE3Xj4Rm_qbfE31_R0
mohammed-bin-zayed-city,medium,ChIJT3PvNzI3Xj4RJ1wkNwZNvPk
mohammed-bin-zayed-city,medium,ChIJ98vusWNJXj4RXbp7IqKZZgo
mohammed-bin-zayed-city,medium,ChIJ3_iyPrQ5Xj4RH9UwIvrtDss
mohammed-bin-zayed-city,medium,ChIJ283PSsBBXj4REO-rAvURQTo
mohammed-bin-zayed-city,medium,ChIJE__JMcNBXj4REcdk-ayGa_4
mohammed-bin-zayed-city,medium,ChIJl7_SMwBBXj4RPp45Y4qDIwc
mohammed-bin-zayed-city,medium,ChIJcTxuQwBBXj4RPzFEJ4VnIT8
mohammed-bin-zayed-city,medium,ChIJc22EmKppXj4REIpupbbjOuk
mohammed-bin-zayed-city,medium,ChIJjw-oAIZBXj4RYs_ZF8S82Wc
mohammed-bin-zayed-city,medium,ChIJ_7VnoLNBXj4RAjn-nwWg6Ek
mohammed-bin-zayed-city,medium,ChIJ73UPkVxBXj4RYyfjOtI6t_8
mohammed-bin-zayed-city,medium,ChIJUwh_7hJBXj4RT9ne8taJJjY
mohammed-bin-zayed-city,medium,ChIJOXCASgBBXj4ReiTJQeiDRD8
mohammed-bin-zayed-city,medium,ChIJH70e0D5BXj4RTlmr6g49yAg
mohammed-bin-zayed-city,medium,ChIJgXLLwwB-hWgReooggOGQAOo
mohammed-bin-zayed-city,medium,ChIJzyPbvrtHXj4R6KGLA8AAb2Q
mohammed-bin-zayed-city,medium,ChIJlVCCajQmE6QRPxItws2xgAc
mohammed-bin-zayed-city,medium,ChIJ69xfDaRHXj4R9w_joO8apaw
mohammed-bin-zayed-city,medium,ChIJR8LWo1tGXj4Rx0MLzz2712E
mohammed-bin-zayed-city,medium,ChIJgwQaObtoXj4RnWr9rQqAL9g
mohammed-bin-zayed-city,medium,ChIJKWCUUOFHXj4Rrd1yQPVEeQs
mohammed-bin-zayed-city,medium,ChIJg26InplHXj4RXG9GjMhTi2M
mohammed-bin-zayed-city,medium,ChIJmzfKIsZHXj4Rrih7HO9RVEw
mohammed-bin-zayed-city,medium,ChIJWZqMfGPLXz4RzawoztEqiN8
mohammed-bin-zayed-city,medium,ChIJIdc3eS6CU2oRfKdORtrjY1c
mohammed-bin-zayed-city,medium,ChIJVVVVVWVGXj4RGN8NnKuUiYw
mohammed-bin-zayed-city,medium,ChIJT2jWaABHXj4RnRduqhYIfac
mohammed-bin-zayed-city,medium,ChIJlQA9FmVLXj4RFVoutOwlpcM
mohammed-bin-zayed-city,medium,ChIJvWRdzGpHXj4RVrdYzftLegk
mohammed-bin-zayed-city,medium,ChIJZXlAm1JoXj4R6LavbbVS52Y
mohammed-bin-zayed-city,medium,ChIJqfxHJwBpXj4R2mW273YWwbw
mohammed-bin-zayed-city,medium,ChIJF8NlR7NpXj4R3R1apjTHXqw
mohammed-bin-zayed-city,medium,ChIJ8Wb6FwBpXj4RPNJTS1cWs0Q
mohammed-bin-zayed-city,medium,ChIJE__TXa5pXj4RJQijrVSdBso
mohammed-bin-zayed-city,medium,ChIJsaqal7RpXj4RXyel5unpRvk
mohammed-bin-zayed-city,medium,ChIJJY0w0PdpXj4RnI5Xq36sUF0
mohammed-bin-zayed-city,medium,ChIJP1lYpkRnXj4R_-fm4K6DmlA
mohammed-bin-zayed-city,medium,ChIJWwW__3pDXj4ROuUJUpFFRic
mohammed-bin-zayed-city,medium,ChIJzb2iNlJDXj4RCp00sbC5K2E
mohammed-bin-zayed-city,medium,ChIJXSza7bBDXj4RlUamaUqdoJE
mohammed-bin-zayed-city,medium,ChIJxem_UQBpXj4Rj-UHmV5l3Bc
mohammed-bin-zayed-city,medium,ChIJBY9muG5DXj4RV-rTK3YN8mc
mohammed-bin-zayed-city,medium,ChIJidma655DXj4Rd7GNaJdYJPg
mohammed-bin-zayed-city,medium,ChIJjeOuPQBDXj4RymqmgVCSoZc
mohammed-bin-zayed-city,medium,ChIJPX91JwBDXj4RajZtPQQGYWA
mohammed-bin-zayed-city,medium,ChIJD1_g9DpCXj4RWJAagGvwxYA
mohammed-bin-zayed-city,medium,ChIJ98d6OJ1oXj4RGQ8-o1qspv4
mohammed-bin-zayed-city,medium,ChIJFbzk5RNDXj4R3vo4JY7we1U
mohammed-bin-zayed-city,medium,ChIJx5hdNjFDXj4RaCf8w3PXD_w
mohammed-bin-zayed-city,medium,ChIJb1XY6HBDXj4R8gnYqL6bYpU
mohammed-bin-zayed-city,medium,ChIJV_2SfgBDXj4RkemcafiSsFQ
mohammed-bin-zayed-city,medium,ChIJBUAM_NhDXj4RRkVDWdeQrAQ
mohammed-bin-zayed-city,medium,ChIJEeqr-cqrX0ERM21WrfvrUVQ
mohammed-bin-zayed-city,medium,ChIJqyjJBwBDXj4R7RcDQqw3YVI
mohammed-bin-zayed-city,medium,ChIJ6bHnLSfOJGoRUlthxqok0gc
mohammed-bin-zayed-city,medium,ChIJs3UEXetDXj4RHt1DEeZYyhY
mohammed-bin-zayed-city,medium,ChIJcb1OvglBXj4Rpj4qKbJJoW0
mohammed-bin-zayed-city,medium,ChIJIcgTO9ZDXj4RbWXJ_yrpjuM
mohammed-bin-zayed-city,medium,ChIJ1Rym03lDXj4Ry8HrwL3DgZQ
mohammed-bin-zayed-city,medium,ChIJ7aBvpbBBXj4Rrz5YkTw3PKA
mohammed-bin-zayed-city,medium,ChIJ8Uq1R1lBXj4Rb-6WJo3wDE4
mohammed-bin-zayed-city,medium,ChIJ7YcGHXJBXj4R2XGB_gU-fdU
mohammed-bin-zayed-city,medium,ChIJ2bVES9BDXj4R1GQbwTs4s7U
mohammed-bin-zayed-city,medium,ChIJ60POGgBBXj4RZm8XLPPzC3U
mohammed-bin-zayed-city,medium,ChIJfxeqQk5BXj4RA0PquO-4oMk
mohammed-bin-zayed-city,medium,ChIJ6x3D_plBXj4R-qot1dS-WBE
mohammed-bin-zayed-city,medium,ChIJNaSYXthDXj4RprtgcxKvnds
mohammed-bin-zayed-city,medium,ChIJnexvv2BBXj4RGZ-nIdMn_Y8
mohammed-bin-zayed-city,medium,ChIJ7yIxJNpDXj4R2GCbL6B0_nw
mohammed-bin-zayed-city,medium,ChIJFRhBdlJBXj4RwYy2RLGionw
mohammed-bin-zayed-city,medium,ChIJzeXPk_JBXj4R3ruXrllceTM
mohammed-bin-zayed-city,medium,ChIJHeslLLBHXj4R2k220ct8BWA
mohammed-bin-zayed-city,medium,ChIJHVEMxaRGXj4R85sXAIZsZxA
mohammed-bin-zayed-city,medium,ChIJJT5ZErJGXj4R7VeU-kgIwzI
mohammed-bin-zayed-city,medium,ChIJV4F6t4VHXj4RFM9DyQdTykQ
mohammed-bin-zayed-city,medium,ChIJbzaVH0xFXj4R4sopMv_a0Ts
mohammed-bin-zayed-city,medium,ChIJgVU2UABFXj4RrnJ9POOqlsM
mohammed-bin-zayed-city,medium,ChIJS_qRzU5HXj4RdDHREb3iqr0
mohammed-bin-zayed-city,medium,ChIJcflCD3lHXj4RT3mzoBbL5Xs
mohammed-bin-zayed-city,medium,ChIJu-zyqTFHXj4Rfn0ltDhuQLY
mohammed-bin-zayed-city,medium,ChIJI1MU0phHXj4R9Cwmi8huUZY
mohammed-bin-zayed-city,medium,ChIJBSTDRftHXj4RrjwQvtjVgVY
mohammed-bin-zayed-city,medium,ChIJOXqcoflHXj4Rw9lYL-ImdG0
mohammed-bin-zayed-city,medium,ChIJq4yo9plGXj4Rwg8iScd-r9I
mohammed-bin-zayed-city,medium,ChIJq_2Ft5NGXj4RBu1gRSV_VPU
mohammed-bin-zayed-city,medium,ChIJ14qBf3tmXj4Ryl0XGGlJi5A
mohammed-bin-zayed-city,medium,ChIJA3hjb-NHXj4ROuB2SgejwCc
mohammed-bin-zayed-city,medium,ChIJC5E64aFHXj4Rv3VUWnT-q6E
mohammed-bin-zayed-city,medium,ChIJDQ4dJJFGXj4RvEL8WJHJhKo
mohammed-bin-zayed-city,medium,ChIJraRWc2ZGXj4RHZzmHNkAoVI
mohammed-bin-zayed-city,medium,ChIJV8chu3ZFXj4R8k3bfpbP4yQ
mohammed-bin-zayed-city,medium,ChIJMSB4C35HXj4RZaFWsB2HzPA
mohammed-bin-zayed-city,medium,ChIJ93WxzyVGXj4RV-nEwzu_2CI
mohammed-bin-zayed-city,medium,ChIJR7yaYMIr0A8RJ1xxI2XJjZQ
mohammed-bin-zayed-city,medium,ChIJ7YfCKAXNFAARAun7rUoz3ns
mohammed-bin-zayed-city,medium,ChIJz9Ih5T5GXj4RFa6jMlBD1lU
mohammed-bin-zayed-city,medium,ChIJ_YYU-SlHXj4R_s2xoMvN3H8
mohammed-bin-zayed-city,medium,ChIJCf71DQBHXj4RGSg-Rap3pzQ
mohammed-bin-zayed-city,medium,ChIJq6qq6mlGXj4RO92VESUx4Jc
mohammed-bin-zayed-city,medium,ChIJk3jzKPdHXj4R0MWNKxJuIRI
mohammed-bin-zayed-city,medium,ChIJkWCcYQBHXj4R4DwKrMJEBbc
mohammed-bin-zayed-city,medium,ChIJpYqPLKxHXj4RC99ZOhG1Mbw
mohammed-bin-zayed-city,medium,ChIJ6WvjJUxpXj4RBrEpujZgm_0
mohammed-bin-zayed-city,medium,ChIJASsJwpdpXj4RK-rxI9CDims
mohammed-bin-zayed-city,medium,ChIJ4RPvP8hpXj4RZyJsF1mf7zA
mohammed-bin-zayed-city,medium,ChIJ3SEIKAtDXj4R-KbBxJRio3I
mohammed-bin-zayed-city,medium,ChIJ1RNCXzRDXj4RkbuAKXOwcGA
mohammed-bin-zayed-city,medium,ChIJRfTVvZVDXj4RZZRKmMGM9cs
mohammed-bin-zayed-city,medium,ChIJD78jm21DXj4RFJaaFlEWA9U
mohammed-bin-zayed-city,medium,ChIJt8i1c6JDXj4RZT68OZOeZA8
mohammed-bin-zayed-city,medium,ChIJJThiRQBDXj4ReHyHBI8ug-c
mohammed-bin-zayed-city,medium,ChIJn6Y25n5CXj4RNiqHwAV0tvE
mohammed-bin-zayed-city,medium,ChIJsZcdI0VCXj4RcqqbomF0j6w
mohammed-bin-zayed-city,medium,ChIJy0gbkiRDXj4RsKUFEhYvICw
mohammed-bin-zayed-city,medium,ChIJi3I6PmpFXj4RvnqAlf-Zj14
mohammed-bin-zayed-city,medium,ChIJObWU69VFXj4RHe9sihg8jm0
mohammed-bin-zayed-city,medium,ChIJP1niJQBHXj4RF3V73XOmjaQ
mohammed-bin-zayed-city,medium,ChIJjVmxV54IyG8Rb6vQGYUtChQ
mohammed-bin-zayed-city,medium,ChIJK756BwBFXj4RNGsyZqGUr0o
mohammed-bin-zayed-city,medium,ChIJJb5APb1FXj4RU9aUzn6zONo
mohammed-bin-zayed-city,medium,ChIJDauAueVFXj4R3Xmnuq3eL3M
mohammed-bin-zayed-city,medium,ChIJ2cRwm0lynCgR06QvoTEAUV0
mohammed-bin-zayed-city,medium,ChIJcTgqyBZHXj4Rf5B1BB4WmsQ
mohammed-bin-zayed-city,medium,ChIJdzZoddFFXj4RJUxCBRKNlz8
mohammed-bin-zayed-city,medium,ChIJCcq3fX1GXj4RHBRRQQMXNlE
mohammed-bin-zayed-city,medium,ChIJew69Lv1FXj4RjK59U-COz1k
mohammed-bin-zayed-city,medium,ChIJH26D38ZFXj4RrPiy947PD0w
mohammed-bin-zayed-city,medium,ChIJ32dV6-JFXj4RirMzddSWiYA
mohammed-bin-zayed-city,medium,ChIJycSvtZxCXj4R-RJF502OC-k
mohammed-bin-zayed-city,medium,ChIJQS7TRp1CXj4R7kO__gEfjH4
mohammed-bin-zayed-city,medium,ChIJE9GxX6BHXj4RGlt2IQolkFo
mohammed-bin-zayed-city,medium,ChIJke2vFUgPQ44RFn9Fo_Dwp0o
mohammed-bin-zayed-city,medium,ChIJjyvQJ3JHXj4RCvnEkHP0x_0
mohammed-bin-zayed-city,medium,ChIJwRyMb6U4Xj4R8gq-RkeyZdI
mohammed-bin-zayed-city,medium,ChIJ75cTy_Q5Xj4RLalc3zmVD6k
mohammed-bin-zayed-city,medium,ChIJR0SITitHXj4RVCWVzbn_lEk
mohammed-bin-zayed-city,medium,ChIJgW7eCQA3Xj4RtaKpBvr7dwo
mohammed-bin-zayed-city,medium,ChIJBR1S6FBHXj4RlHjUu_rqzo0
mohammed-bin-zayed-city,medium,ChIJKepBesZHXj4RaBj3rjbxowg
mohammed-bin-zayed-city,medium,ChIJP2wFAmlFXj4RyTAG9SZLuOo
mohammed-bin-zayed-city,medium,ChIJ6Sm2IEM5Xj4RBqYTUK4jEzg
mohammed-bin-zayed-city,medium,ChIJgewjGqg4Xj4RyTXUzZhLSd4
mohammed-bin-zayed-city,medium,ChIJyzQrxX9BXj4R3dgagdsPj3c
mohammed-bin-zayed-city,medium,ChIJz27LlA4JIWYR1KLi8sKhdlU
mohammed-bin-zayed-city,medium,ChIJ3SEMMhNHXj4R6covViidENk
mohammed-bin-zayed-city,medium,ChIJhS5MWfU5Xj4RCmQZfvI7plE
mohammed-bin-zayed-city,medium,ChIJ8e8Wzr44Xj4RYCEdDKI7hVs
mohammed-bin-zayed-city,medium,ChIJJa-aG9pHXj4RITVTPeiexls
mohammed-bin-zayed-city,medium,ChIJTSS60x05Xj4RwqbETuIf1qU
mohammed-bin-zayed-city,medium,ChIJN-yizFtHXj4RbeJ-DhbUwHM
mohammed-bin-zayed-city,medium,ChIJ4wFe7_lHXj4RtfXZggHE9rQ
mohammed-bin-zayed-city,medium,ChIJG4PiHHpHXj4Rgotz8EAEtKw
mohammed-bin-zayed-city,medium,ChIJG5Yvx8tBXj4Ry0hMcfLWkQk
mohammed-bin-zayed-city,medium,ChIJX0IhBpZHXj4RiiNGNxkvges
mohammed-bin-zayed-city,medium,ChIJ2dS7qFlHXj4RjQTzdcHobd4
mohammed-bin-zayed-city,medium,ChIJ946Ye1dnXj4RFIZ7eAKoEfs
mohammed-bin-zayed-city,medium,ChIJd2c2cwA5Xj4RjZ8W4tHLMms
mohammed-bin-zayed-city,medium,ChIJmZ06CDlpXj4RCblh8NscV30
mohammed-bin-zayed-city,medium,ChIJdYSb1Kw5Xj4RDDcMzM6IXMM
mohammed-bin-zayed-city,medium,ChIJw8Bw3Tg5Xj4R9-nmzE04CZ8
mohammed-bin-zayed-city,medium,ChIJ355akfo5Xj4RX11z73jrTCg
mohammed-bin-zayed-city,medium,ChIJd8s9Zr2KF6wRfOLuJLQJUBc
mohammed-bin-zayed-city,medium,ChIJzZVKEF5GXj4RN9lxYZQXab4
mohammed-bin-zayed-city,medium,ChIJoZVnEQBHXj4RhoneBiTbNw4
mohammed-bin-zayed-city,medium,ChIJYfh3OItpXj4Rt3V__N7ZRco
mohammed-bin-zayed-city,medium,ChIJ-8uEJ7o4Xj4RVtJLCdiSXgs
mohammed-bin-zayed-city,medium,ChIJee0fKLBHXj4R3ULumaNyt_E
mohammed-bin-zayed-city,medium,ChIJo4M7ff5HXj4RozyClVf8rfk
mohammed-bin-zayed-city,medium,ChIJXegBnsJLXj4RbvwJRXPu_8o
mohammed-bin-zayed-city,medium,ChIJycN1AhxFXj4RscBwotobRns
mohammed-bin-zayed-city,medium,ChIJqZDQZdFBXj4RVgknuVN2Yt4
mohammed-bin-zayed-city,medium,ChIJt4ngRthFXj4R7qe029dMUJU
mohammed-bin-zayed-city,high,ChIJNzVAYUMzXj4RGYUnve5FYX0
mohammed-bin-zayed-city,high,ChIJaQ0plTcyXj4R_hsiC2uzYF4
mohammed-bin-zayed-city,high,ChIJBakSoX85Xj4RkYjk5vwovD4
mohammed-bin-zayed-city,high,ChIJp39vgc8xXj4R0enSOIbQ8YM
mohammed-bin-zayed-city,high,ChIJTQLaGGwxXj4RtC5iJ9F4WH4
mohammed-bin-zayed-city,high,ChIJS3E1SQAxXj4RxnPr3mawtWI
mohammed-bin-zayed-city,high,ChIJYcOSndMwXj4Rs4bcGo-cl3A
mohammed-bin-zayed-city,high,ChIJ_-MkY6U3Xj4Ra1MET4K3Szk
mohammed-bin-zayed-city,high,ChIJXSo9rpoxXj4RHqVO5MTBqnM
mohammed-bin-zayed-city,high,ChIJ6Zahg84xXj4RWrLGHhmXVFU
mohammed-bin-zayed-city,high,ChIJL-4MydMwXj4RwCG1pUPCqBE
mohammed-bin-zayed-city,high,ChIJ_XrQiNMwXj4Rw92Z_nekmI0
mohammed-bin-zayed-city,high,ChIJcZqDBgAxXj4RARRPAyKMcKM
mohammed-bin-zayed-city,high,ChIJXS0tH9wxXj4R5ldIJYJr4-g
mohammed-bin-zayed-city,high,ChIJAQAAAAc5Xj4RyYZgcl6Qj6I
mohammed-bin-zayed-city,high,ChIJMUsdLAA5Xj4R38lHVrv-1uw
mohammed-bin-zayed-city,high,ChIJ6QMpZAA5Xj4RoTxDuIcwqrk
mohammed-bin-zayed-city,high,ChIJE9YDJCc5Xj4R7cgEdN_5kug
mohammed-bin-zayed-city,high,ChIJicjNWjA5Xj4Rs_XYoRMaURY
mohammed-bin-zayed-city,high,ChIJM3LYPwA5Xj4RrG-NL0wf-jw
mohammed-bin-zayed-city,high,ChIJl3lAeAA5Xj4RygyB26dQkRk
mohammed-bin-zayed-city,high,ChIJe8yFjyY5Xj4R4XF7d9fE92I
mohammed-bin-zayed-city,high,ChIJqbZoi0E3Xj4RqvcwgAiD-I0
mohammed-bin-zayed-city,high,ChIJ2Vb-EwA3Xj4Rvihc0dAhjho
mohammed-bin-zayed-city,high,ChIJ0-UqaLA3Xj4RQyw3xdUBT8Y
mohammed-bin-zayed-city,high,ChIJo43uxzs3Xj4RVXtbF8SINMg
mohammed-bin-zayed-city,high,ChIJ5ch6Hag3Xj4RlU_4s1p7o8s
mohammed-bin-zayed-city,high,ChIJZaPHks03Xj4R6n0H-_TPtQw
mohammed-bin-zayed-city,high,ChIJm1gKcAhpXj4RtVHtytsjU04
mohammed-bin-zayed-city,high,ChIJxfs_Lzo3Xj4RU0tYtvjdnGk
mohammed-bin-zayed-city,high,ChIJLYzElP03Xj4REreRhHMZUxA
mohammed-bin-zayed-city,high,ChIJ08woPh43Xj4RLQn9RfK_d-g
mohammed-bin-zayed-city,high,ChIJtfowytc5Xj4RNDIQaQ9jm1g
mohammed-bin-zayed-city,high,ChIJN2YaKjo3Xj4RP5c-7TO_fxk
mohammed-bin-zayed-city,high,ChIJySPEeAA3Xj4R86ydETlyKcI
mohammed-bin-zayed-city,high,ChIJt1f8pV43Xj4R275r0Rk9rLQ
mohammed-bin-zayed-city,high,ChIJvwV1Ojg3Xj4RKv8KM-y2oV0
mohammed-bin-zayed-city,high,ChIJnXM8Kjo3Xj4R0nTG9oRpbxc
mohammed-bin-zayed-city,high,ChIJjV4_8zo3Xj4Rimg3RsMt3mU
mohammed-bin-zayed-city,high,ChIJOUYK5mQ3Xj4RgsLlrhLrwdk
mohammed-bin-zayed-city,high,ChIJ_zKmtTs3Xj4RYRpi9OuNKb0
mohammed-bin-zayed-city,high,ChIJOcOsNcE3Xj4RhBFGnss57Aw
mohammed-bin-zayed-city,high,ChIJY5YI9essoS4RMF0Pwj868uk
mohammed-bin-zayed-city,high,ChIJ714SwUI3Xj4RaVZ4gcav8po
mohammed-bin-zayed-city,high,ChIJXZUIhwRBXj4RlyoX8A77Oc0
mohammed-bin-zayed-city,high,ChIJ5dmFEQA5Xj4RUUhWfRGaTWA
mohammed-bin-zayed-city,high,ChIJifIQ9Lk4Xj4RvyIgEGAO9Mo
mohammed-bin-zayed-city,high,ChIJ803MSw85Xj4R8gBaPIO3lJA
mohammed-bin-zayed-city,high,ChIJOdy0rpM5Xj4RyYrr8KmUcQU
mohammed-bin-zayed-city,high,ChIJP8IJcLw5Xj4RV_3UnhRln20
mohammed-bin-zayed-city,high,ChIJ0aF1awA5Xj4RzsnvtOgyrIo
mohammed-bin-zayed-city,high,ChIJkdfyBfY5Xj4R6Ssl9zGJNrE
mohammed-bin-zayed-city,high,ChIJhVfAK4k5Xj4RbHhZUFTulLQ
mohammed-bin-zayed-city,high,ChIJk52ZdNo5Xj4RB1qWnAG5aXA
mohammed-bin-zayed-city,high,ChIJNzGvYmxmXj4RiZGijh7LIvo
mohammed-bin-zayed-city,high,ChIJwRAhTuw5Xj4Rby1hbkcY9ms
mohammed-bin-zayed-city,high,ChIJyeR_SNA5Xj4RvJ2RJp75KbE
mohammed-bin-zayed-city,high,ChIJZZQ3B9g5Xj4Ru6ePF4wxb1c
mohammed-bin-zayed-city,high,ChIJh_uD3m85Xj4RBJOJd5VJwQ8
mohammed-bin-zayed-city,high,ChIJ2djxtgk5Xj4RxiaaioL9bg8
mohammed-bin-zayed-city,high,ChIJV6YIh8k3Xj4RrOj5e4LpLng
mohammed-bin-zayed-city,high,ChIJY9wBUAA3Xj4RHgCm5aISavs
mohammed-bin-zayed-city,high,ChIJn8JqQR03Xj4REWqgFbMUIYQ
mohammed-bin-zayed-city,high,ChIJ39lgm6M3Xj4RbqH0Ipuq43c
mohammed-bin-zayed-city,high,ChIJfdd0XWc5Xj4R7X8N9miotYw
mohammed-bin-zayed-city,high,ChIJOyibkek3Xj4RNtUWnHkJcHs
mohammed-bin-zayed-city,high,ChIJBfiK_gU3Xj4RveC4lqwKWko
mohammed-bin-zayed-city,high,ChIJP62LnMA3Xj4RIszOUCkof-4
mohammed-bin-zayed-city,high,ChIJRYqhWAA3Xj4RHPWhQzSfkWI
mohammed-bin-zayed-city,high,ChIJNUWVaoM3Xj4RHWdV5LZ8nYM
mohammed-bin-zayed-city,high,ChIJt_rot6w3Xj4RywzijzxGx14
mohammed-bin-zayed-city,high,ChIJLwJz4iE3Xj4RJU4kyWBwJD8
mohammed-bin-zayed-city,high,ChIJOzO8UBo3Xj4RhBpJW_9Clik
mohammed-bin-zayed-city,high,ChIJPd5FGSs3Xj4RY5IWOucozsc
mohammed-bin-zayed-city,high,ChIJabO2FcM3Xj4RjG434cOBstU
mohammed-bin-zayed-city,high,ChIJ445rqPg3Xj4RO1U_JhJFh8c
mohammed-bin-zayed-city,high,ChIJZbAdeyg3Xj4RhrWxz1sAecs
mohammed-bin-zayed-city,high,ChIJg-4lyOM3Xj4RjXGHH6n7wOw
mohammed-bin-zayed-city,high,ChIJHTzshj03Xj4Rl2iPemwnqi0
mohammed-bin-zayed-city,high,ChIJl2TZx5ZAXj4RC7EmKTvL6Hs
mohammed-bin-zayed-city,high,ChIJIbhNgj9BXj4RRT1h9u-e9L4
mohammed-bin-zayed-city,high,ChIJA34HWS1BXj4RF-llU6km1aM
mohammed-bin-zayed-city,high,ChIJYVDYbQZBXj4RL4-pFMetxd0
mohammed-bin-zayed-city,high,ChIJuUeP8ao4Xj4RxMi6isbzXA4
mohammed-bin-zayed-city,high,ChIJ-2RJpOtBXj4Rp4TlKDZ7vsE
mohammed-bin-zayed-city,high,ChIJrzco_UdBXj4RQJPS7RSKTt4
mohammed-bin-zayed-city,high,ChIJLX5UpYhBXj4RbD_16AYNI0U
mohammed-bin-zayed-city,high,ChIJKUIDIy9BXj4R6UaKJFEJwKk
mohammed-bin-zayed-city,high,ChIJC_6gQJY5Xj4RvlU8hx0MrtM
mohammed-bin-zayed-city,high,ChIJHUJjt4VBXj4Rri2SeVpBo-g
mohammed-bin-zayed-city,high,ChIJ30QrfVlHXj4RNznnw6DrRt8
mohammed-bin-zayed-city,high,ChIJsw6LWwA5Xj4RW_AF0uHPbZo
mohammed-bin-zayed-city,high,ChIJ6_WfJ3dmXj4RZQmzEt54c2U
mohammed-bin-zayed-city,high,ChIJjUAl_p05Xj4RrzZQVGSfVV0
mohammed-bin-zayed-city,high,ChIJ8ex8GXI5Xj4Rc5m8NvenPh0
mohammed-bin-zayed-city,high,ChIJywlzodE5Xj4RF1q0f3U82vs
mohammed-bin-zayed-city,high,ChIJnS98uac4Xj4R3BbG-ufXM_E
mohammed-bin-zayed-city,high,ChIJ370tt8s5Xj4RbzcVsDTjo3s
mohammed-bin-zayed-city,high,ChIJ1TavO7FHXj4RggvNIQ2170I
mohammed-bin-zayed-city,high,ChIJayuaDsM5Xj4RdUrjCnR9yOg
mohammed-bin-zayed-city,high,ChIJdwN6yac4Xj4Rjoks1vUX42w
mohammed-bin-zayed-city,high,ChIJ2SOz_FI5Xj4Rb4VZoGTYkqQ
mohammed-bin-zayed-city,high,ChIJ22Wcv7M5Xj4RHiLNi34QnEI
mohammed-bin-zayed-city,high,ChIJDbcz2A9tXz4RnqvVPtIP15c
mohammed-bin-zayed-city,high,ChIJZ3vcheo3Xj4RnSWZDXWS72k
mohammed-bin-zayed-city,high,ChIJlwG5_DI3Xj4RXNhToLQcoWw
mohammed-bin-zayed-city,high,ChIJhzTbC103Xj4RjodcumrbGZw
mohammed-bin-zayed-city,high,ChIJFSj2a4k3Xj4RTujzuydX3ys
mohammed-bin-zayed-city,high,ChIJHcgoVCs3Xj4RRjOpdRRXIHg
mohammed-bin-zayed-city,high,ChIJU71fTgA3Xj4R1bZcBypM_6E
mohammed-bin-zayed-city,high,ChIJ7UcHfQA3Xj4R62hNLli-kxI
mohammed-bin-zayed-city,high,ChIJtcJvK9lBXj4Rx8OIYr8cAgU
mohammed-bin-zayed-city,high,ChIJwTfCb19BXj4Rjav9VmrFmWo
mohammed-bin-zayed-city,high,ChIJhdQYIydBXj4RqWi2HUxr2Ok
mohammed-bin-zayed-city,high,ChIJgSu-zBxBXj4Rz8Jg9k1AQK8
mohammed-bin-zayed-city,high,ChIJAb0bBM9BXj4RpNLev9Hb6Bw
mohammed-bin-zayed-city,high,ChIJC5OFi0BHXj4RAuJqyhWbkJY
mohammed-bin-zayed-city,high,ChIJDfakpIJHXj4R3WYRCyOrI74
mohammed-bin-zayed-city,high,ChIJXy21KDxHXj4RIdV7o7AKBeU
mohammed-bin-zayed-city,high,ChIJJY0cP_ZHXj4Rezb6C_enoRc
mohammed-bin-zayed-city,high,ChIJhXJdydZHXj4RqFWkuoidlqA
mohammed-bin-zayed-city,high,ChIJ7dsioyZBXj4RzIkYAl0M0OY
mohammed-bin-zayed-city,high,ChIJUWAtgZZBXj4RXG5RVhUuGYA
mohammed-bin-zayed-city,high,ChIJA3AAmCVHXj4Rd8NywioXdIc
mohammed-bin-zayed-city,high,ChIJmZTGYwZHXj4RUVITzCRY67A
mohammed-bin-zayed-city,high,ChIJK2_bRwBHXj4RIGTTZCUQak0
mohammed-bin-zayed-city,high,ChIJ45jENidHXj4RbsTlCPw-bLk
mohammed-bin-zayed-city,high,ChIJW-umFABHXj4RodLZiPhbEqU
mohammed-bin-zayed-city,high,ChIJqWvdQgBJXj4RWBnsE2sHUHY
mohammed-bin-zayed-city,high,ChIJT6HWvGA3Xj4Rmf8dQzGbtGY
mohammed-bin-zayed-city,high,ChIJO_qHc_43Xj4R-51XaEJ9OPQ
mohammed-bin-zayed-city,high,ChIJAV19Lv83Xj4R1oqXSoHmJGk
mohammed-bin-zayed-city,high,ChIJTcAI62k3Xj4RrDfM2aTKmJ8
mohammed-bin-zayed-city,high,ChIJjX-vDS5HXj4RdLKTuTi86Vs
mohammed-bin-zayed-city,high,ChIJRwdqDwBJXj4RfDUU2XRviaM
mohammed-bin-zayed-city,high,ChIJz9fcsplJXj4R3XctupxLwzw
mohammed-bin-zayed-city,high,ChIJmVS7RtpJXj4Rb9wAlFGyBaw
mohammed-bin-zayed-city,high,ChIJZ1LG5gBDXj4RE09vzn8m_8Q
mohammed-bin-zayed-city,high,ChIJP_gGHdE3Xj4Rm_qbfE31_R0
mohammed-bin-zayed-city,high,ChIJVWQVD7E3Xj4RQ-5zO0t9tHU
mohammed-bin-zayed-city,high,ChIJT3PvNzI3Xj4RJ1wkNwZNvPk
mohammed-bin-zayed-city,high,ChIJ98vusWNJXj4RXbp7IqKZZgo
mohammed-bin-zayed-city,high,ChIJQxZCWlw3Xj4RqQ5C33U4JIc
mohammed-bin-zayed-city,high,ChIJ2wGFVwA3Xj4RRZiJN7Utd3E
mohammed-bin-zayed-city,high,ChIJJWo7LP43Xj4R-zT_vBfl0Bw
mohammed-bin-zayed-city,high,ChIJ3_iyPrQ5Xj4RH9UwIvrtDss
mohammed-bin-zayed-city,high,ChIJ283PSsBBXj4REO-rAvURQTo
mohammed-bin-zayed-city,high,ChIJE__JMcNBXj4REcdk-ayGa_4
mohammed-bin-zayed-city,high,ChIJl7_SMwBBXj4RPp45Y4qDIwc
mohammed-bin-zayed-city,high,ChIJcTxuQwBBXj4RPzFEJ4VnIT8
mohammed-bin-zayed-city,high,ChIJc22EmKppXj4REIpupbbjOuk
mohammed-bin-zayed-city,high,ChIJjw-oAIZBXj4RYs_ZF8S82Wc
mohammed-bin-zayed-city,high,ChIJ_7VnoLNBXj4RAjn-nwWg6Ek
mohammed-bin-zayed-city,high,ChIJ73UPkVxBXj4RYyfjOtI6t_8
mohammed-bin-zayed-city,high,ChIJUwh_7hJBXj4RT9ne8taJJjY
mohammed-bin-zayed-city,high,ChIJOXCASgBBXj4ReiTJQeiDRD8
mohammed-bin-zayed-city,high,ChIJH70e0D5BXj4RTlmr6g49yAg
mohammed-bin-zayed-city,high,ChIJgXLLwwB-hWgReooggOGQAOo
mohammed-bin-zayed-city,high,ChIJzyPbvrtHXj4R6KGLA8AAb2Q
mohammed-bin-zayed-city,high,ChIJlVCCajQmE6QRPxItws2xgAc
mohammed-bin-zayed-city,high,ChIJ69xfDaRHXj4R9w_joO8apaw
mohammed-bin-zayed-city,high,ChIJR8LWo1tGXj4Rx0MLzz2712E
mohammed-bin-zayed-city,high,ChIJgwQaObtoXj4RnWr9rQqAL9g
mohammed-bin-zayed-city,high,ChIJKWCUUOFHXj4Rrd1yQPVEeQs
mohammed-bin-zayed-city,high,ChIJg26InplHXj4RXG9GjMhTi2M
mohammed-bin-zayed-city,high,ChIJmzfKIsZHXj4Rrih7HO9RVEw
mohammed-bin-zayed-city,high,ChIJWZqMfGPLXz4RzawoztEqiN8
mohammed-bin-zayed-city,high,ChIJIdc3eS6CU2oRfKdORtrjY1c
mohammed-bin-zayed-city,high,ChIJVVVVVWVGXj4RGN8NnKuUiYw
mohammed-bin-zayed-city,high,ChIJT2jWaABHXj4RnRduqhYIfac
mohammed-bin-zayed-city,high,ChIJlQA9FmVLXj4RFVoutOwlpcM
mohammed-bin-zayed-city,high,ChIJvWRdzGpHXj4RVrdYzftLegk
mohammed-bin-zayed-city,high,ChIJ-Rufg89LXj4R9LX9JgimYwE
mohammed-bin-zayed-city,high,ChIJoehW3PVLXj4RU3UN_7ClLuM
mohammed-bin-zayed-city,high,ChIJUV6SAl9LXj4RJWzYz9AJzJc
mohammed-bin-zayed-city,high,ChIJDTDKMwBLXj4RP4aLf7qiIW0
mohammed-bin-zayed-city,high,ChIJe4z7kLFpXj4R8ChzMToftoQ
mohammed-bin-zayed-city,high,ChIJZXlAm1JoXj4R6LavbbVS52Y
mohammed-bin-zayed-city,high,ChIJqfxHJwBpXj4R2mW273YWwbw
mohammed-bin-zayed-city,high,ChIJF8NlR7NpXj4R3R1apjTHXqw
mohammed-bin-zayed-city,high,ChIJ8Wb6FwBpXj4RPNJTS1cWs0Q
mohammed-bin-zayed-city,high,ChIJE__TXa5pXj4RJQijrVSdBso
mohammed-bin-zayed-city,high,ChIJsaqal7RpXj4RXyel5unpRvk
mohammed-bin-zayed-city,high,ChIJJY0w0PdpXj4RnI5Xq36sUF0
mohammed-bin-zayed-city,high,ChIJP1lYpkRnXj4R_-fm4K6DmlA
mohammed-bin-zayed-city,high,ChIJWwW__3pDXj4ROuUJUpFFRic
mohammed-bin-zayed-city,high,ChIJzb2iNlJDXj4RCp00sbC5K2E
mohammed-bin-zayed-city,high,ChIJXSza7bBDXj4RlUamaUqdoJE
mohammed-bin-zayed-city,high,ChIJxem_UQBpXj4Rj-UHmV5l3Bc
mohammed-bin-zayed-city,high,ChIJBY9muG5DXj4RV-rTK3YN8mc
mohammed-bin-zayed-city,high,ChIJidma655DXj4Rd7GNaJdYJPg
mohammed-bin-zayed-city,high,ChIJjeOuPQBDXj4RymqmgVCSoZc
mohammed-bin-zayed-city,high,ChIJPX91JwBDXj4RajZtPQQGYWA
mohammed-bin-zayed-city,high,ChIJD1_g9DpCXj4RWJAagGvwxYA
mohammed-bin-zayed-city,high,ChIJ98d6OJ1oXj4RGQ8-o1qspv4
mohammed-bin-zayed-city,high,ChIJFbzk5RNDXj4R3vo4JY7we1U
mohammed-bin-zayed-city,high,ChIJx5hdNjFDXj4RaCf8w3PXD_w
mohammed-bin-zayed-city,high,ChIJb1XY6HBDXj4R8gnYqL6bYpU
mohammed-bin-zayed-city,high,ChIJV_2SfgBDXj4RkemcafiSsFQ
mohammed-bin-zayed-city,high,ChIJBUAM_NhDXj4RRkVDWdeQrAQ
mohammed-bin-zayed-city,high,ChIJEeqr-cqrX0ERM21WrfvrUVQ
mohammed-bin-zayed-city,high,ChIJqyjJBwBDXj4R7RcDQqw3YVI
mohammed-bin-zayed-city,high,ChIJ6bHnLSfOJGoRUlthxqok0gc
mohammed-bin-zayed-city,high,ChIJs3UEXetDXj4RHt1DEeZYyhY
mohammed-bin-zayed-city,high,ChIJcb1OvglBXj4Rpj4qKbJJoW0
mohammed-bin-zayed-city,high,ChIJIcgTO9ZDXj4RbWXJ_yrpjuM
mohammed-bin-zayed-city,high,ChIJ1Rym03lDXj4Ry8HrwL3DgZQ
mohammed-bin-zayed-city,high,ChIJ7aBvpbBBXj4Rrz5YkTw3PKA
mohammed-bin-zayed-city,high,ChIJ8Uq1R1lBXj4Rb-6WJo3wDE4
mohammed-bin-zayed-city,high,ChIJ7YcGHXJBXj4R2XGB_gU-fdU
mohammed-bin-zayed-city,high,ChIJ2bVES9BDXj4R1GQbwTs4s7U
mohammed-bin-zayed-city,high,ChIJ60POGgBBXj4RZm8XLPPzC3U
mohammed-bin-zayed-city,high,ChIJfxeqQk5BXj4RA0PquO-4oMk
mohammed-bin-zayed-city,high,ChIJ6x3D_plBXj4R-qot1dS-WBE
mohammed-bin-zayed-city,high,ChIJNaSYXthDXj4RprtgcxKvnds
mohammed-bin-zayed-city,high,ChIJnexvv2BBXj4RGZ-nIdMn_Y8
mohammed-bin-zayed-city,high,ChIJ7yIxJNpDXj4R2GCbL6B0_nw
mohammed-bin-zayed-city,high,ChIJFRhBdlJBXj4RwYy2RLGionw
mohammed-bin-zayed-city,high,ChIJzeXPk_JBXj4R3ruXrllceTM
mohammed-bin-zayed-city,high,ChIJHeslLLBHXj4R2k220ct8BWA
mohammed-bin-zayed-city,high,ChIJHVEMxaRGXj4R85sXAIZsZxA
mohammed-bin-zayed-city,high,ChIJJT5ZErJGXj4R7VeU-kgIwzI
mohammed-bin-zayed-city,high,ChIJV4F6t4VHXj4RFM9DyQdTykQ
mohammed-bin-zayed-city,high,ChIJbzaVH0xFXj4R4sopMv_a0Ts
mohammed-bin-zayed-city,high,ChIJgVU2UABFXj4RrnJ9POOqlsM
mohammed-bin-zayed-city,high,ChIJS_qRzU5HXj4RdDHREb3iqr0
mohammed-bin-zayed-city,high,ChIJcflCD3lHXj4RT3mzoBbL5Xs
mohammed-bin-zayed-city,high,ChIJu-zyqTFHXj4Rfn0ltDhuQLY
mohammed-bin-zayed-city,high,ChIJI1MU0phHXj4R9Cwmi8huUZY
mohammed-bin-zayed-city,high,ChIJBSTDRftHXj4RrjwQvtjVgVY
mohammed-bin-zayed-city,high,ChIJOXqcoflHXj4Rw9lYL-ImdG0
mohammed-bin-zayed-city,high,ChIJq4yo9plGXj4Rwg8iScd-r9I
mohammed-bin-zayed-city,high,ChIJq_2Ft5NGXj4RBu1gRSV_VPU
mohammed-bin-zayed-city,high,ChIJ14qBf3tmXj4Ryl0XGGlJi5A
mohammed-bin-zayed-city,high,ChIJA3hjb-NHXj4ROuB2SgejwCc
mohammed-bin-zayed-city,high,ChIJC5E64aFHXj4Rv3VUWnT-q6E
mohammed-bin-zayed-city,high,ChIJDQ4dJJFGXj4RvEL8WJHJhKo
mohammed-bin-zayed-city,high,ChIJraRWc2ZGXj4RHZzmHNkAoVI
mohammed-bin-zayed-city,high,ChIJV8chu3ZFXj4R8k3bfpbP4yQ
mohammed-bin-zayed-city,high,ChIJMSB4C35HXj4RZaFWsB2HzPA
mohammed-bin-zayed-city,high,ChIJ93WxzyVGXj4RV-nEwzu_2CI
mohammed-bin-zayed-city,high,ChIJR7yaYMIr0A8RJ1xxI2XJjZQ
mohammed-bin-zayed-city,high,ChIJ7YfCKAXNFAARAun7rUoz3ns
mohammed-bin-zayed-city,high,ChIJz9Ih5T5GXj4RFa6jMlBD1lU
mohammed-bin-zayed-city,high,ChIJ_YYU-SlHXj4R_s2xoMvN3H8
mohammed-bin-zayed-city,high,ChIJCf71DQBHXj4RGSg-Rap3pzQ
mohammed-bin-zayed-city,high,ChIJq6qq6mlGXj4RO92VESUx4Jc
mohammed-bin-zayed-city,high,ChIJk3jzKPdHXj4R0MWNKxJuIRI
mohammed-bin-zayed-city,high,ChIJkWCcYQBHXj4R4DwKrMJEBbc
mohammed-bin-zayed-city,high,ChIJpYqPLKxHXj4RC99ZOhG1Mbw
mohammed-bin-zayed-city,high,ChIJAbHY8TNJXj4RCFVFm83o6-w
mohammed-bin-zayed-city,high,ChIJae_1NFRJXj4RCUMrko0sCNc
mohammed-bin-zayed-city,high,ChIJpe7674JHXj4R4qEwHDutwpo
mohammed-bin-zayed-city,high,ChIJ-yPLqWJnXj4RARhFLzDIQDc
mohammed-bin-zayed-city,high,ChIJf-mskP1LXj4Rwp8hj8OpI4Q
mohammed-bin-zayed-city,high,ChIJbTzHK9BLXj4Rkf2blpN_OHs
mohammed-bin-zayed-city,high,ChIJS4LrXUJKXj4R06eLXSFl_HI
mohammed-bin-zayed-city,high,ChIJcRPc8q5LXj4RBYS7OqLRv-4
mohammed-bin-zayed-city,high,ChIJSQFcsM5LXj4RSSQoyypSq7Q
mohammed-bin-zayed-city,high,ChIJEyNXSwBLXj4Rryi_vyyFOf4
mohammed-bin-zayed-city,high,ChIJmx1MGFJLXj4R1DeoQzykyR8
mohammed-bin-zayed-city,high,ChIJBfshCQBLXj4R8lLRss4p7rE
mohammed-bin-zayed-city,high,ChIJH9OQ6MdLXj4RhHK3jSbdvQg
mohammed-bin-zayed-city,high,ChIJNcEbcyNpXj4RN7bElDhvr2U
mohammed-bin-zayed-city,high,ChIJ-YhJtkppXj4Rabaoqq1SQSw
mohammed-bin-zayed-city,high,ChIJhVWfudppXj4RW1NJDUldjnk
mohammed-bin-zayed-city,high,ChIJcUCfJsdpXj4Rr4YKloDlJPw
mohammed-bin-zayed-city,high,ChIJ0TaixelpXj4RNujWv0mWuVk
mohammed-bin-zayed-city,high,ChIJfTM1sL1pXj4RMz_zxOsTuyM
mohammed-bin-zayed-city,high,ChIJ_XHbJhZmXj4RZEoLST18fRY
mohammed-bin-zayed-city,high,ChIJyVN5GCdHXj4ReNVO3YUVu1I
mohammed-bin-zayed-city,high,ChIJJ6Rmi0NpXj4RirmSVXHGwrE
mohammed-bin-zayed-city,high,ChIJ_X5_sYloXj4R7yEMS_c4eKE
mohammed-bin-zayed-city,high,ChIJ6ceRi2pnXj4RO9pOhI7icjE
mohammed-bin-zayed-city,high,ChIJ43Hi13lpXj4RzzYf8mWbs3A
mohammed-bin-zayed-city,high,ChIJT7KcLitpXj4Rh5bcE_YzEJE
mohammed-bin-zayed-city,high,ChIJ3X_JNv1pXj4RqPI030unqzE
mohammed-bin-zayed-city,high,ChIJDccChn1pXj4RChtxa2C6YOk
mohammed-bin-zayed-city,high,ChIJRccC8h1pXj4R6bmL4SEfoA0
mohammed-bin-zayed-city,high,ChIJIQC5B3dpXj4RuLjtnsl-iQg
mohammed-bin-zayed-city,high,ChIJA8LhDvNpXj4R8vv9oOyrJDw
mohammed-bin-zayed-city,high,ChIJtaypk6VHXj4Rno3wZUgkHEU
mohammed-bin-zayed-city,high,ChIJ5Q2p8hxpXj4RW1aP3BZOk1o
mohammed-bin-zayed-city,high,ChIJ6WvjJUxpXj4RBrEpujZgm_0
mohammed-bin-zayed-city,high,ChIJASsJwpdpXj4RK-rxI9CDims
mohammed-bin-zayed-city,high,ChIJLbmsUNVpXj4Rimbd3z_7Zkc
mohammed-bin-zayed-city,high,ChIJXXEoRatpXj4RAwuSFz46vVo
mohammed-bin-zayed-city,high,ChIJ8bfdgZ5pXj4Rufma7EEL_sc
mohammed-bin-zayed-city,high,ChIJBREr7oNDXj4RfhQ5lRfJBPU
mohammed-bin-zayed-city,high,ChIJwzatXQBpXj4RvqKh4Y4GzcQ
mohammed-bin-zayed-city,high,ChIJ4RPvP8hpXj4RZyJsF1mf7zA
mohammed-bin-zayed-city,high,ChIJY59gK9VpXj4ROCwYdCtZdb0
mohammed-bin-zayed-city,high,ChIJI8v8dWppXj4RWPqjOl9OoXE
mohammed-bin-zayed-city,high,ChIJ3SEIKAtDXj4R-KbBxJRio3I
mohammed-bin-zayed-city,high,ChIJ1RNCXzRDXj4RkbuAKXOwcGA
mohammed-bin-zayed-city,high,ChIJRfTVvZVDXj4RZZRKmMGM9cs
mohammed-bin-zayed-city,high,ChIJD78jm21DXj4RFJaaFlEWA9U
mohammed-bin-zayed-city,high,ChIJt8i1c6JDXj4RZT68OZOeZA8
mohammed-bin-zayed-city,high,ChIJJThiRQBDXj4ReHyHBI8ug-c
mohammed-bin-zayed-city,high,ChIJn6Y25n5CXj4RNiqHwAV0tvE
mohammed-bin-zayed-city,high,ChIJ_em4aABDXj4RJvIkDFBUzlU
mohammed-bin-zayed-city,high,ChIJsZcdI0VCXj4RcqqbomF0j6w
mohammed-bin-zayed-city,high,ChIJy0gbkiRDXj4RsKUFEhYvICw
mohammed-bin-zayed-city,high,ChIJi3I6PmpFXj4RvnqAlf-Zj14
mohammed-bin-zayed-city,high,ChIJObWU69VFXj4RHe9sihg8jm0
mohammed-bin-zayed-city,high,ChIJP1niJQBHXj4RF3V73XOmjaQ
mohammed-bin-zayed-city,high,ChIJjVmxV54IyG8Rb6vQGYUtChQ
mohammed-bin-zayed-city,high,ChIJK756BwBFXj4RNGsyZqGUr0o
mohammed-bin-zayed-city,high,ChIJBa4fnRRFXj4RPhetV5A5vHI
mohammed-bin-zayed-city,high,ChIJJb5APb1FXj4RU9aUzn6zONo
mohammed-bin-zayed-city,high,ChIJDauAueVFXj4R3Xmnuq3eL3M
mohammed-bin-zayed-city,high,ChIJ2cRwm0lynCgR06QvoTEAUV0
mohammed-bin-zayed-city,high,ChIJcTgqyBZHXj4Rf5B1BB4WmsQ
mohammed-bin-zayed-city,high,ChIJdzZoddFFXj4RJUxCBRKNlz8
mohammed-bin-zayed-city,high,ChIJCcq3fX1GXj4RHBRRQQMXNlE
mohammed-bin-zayed-city,high,ChIJew69Lv1FXj4RjK59U-COz1k
mohammed-bin-zayed-city,high,ChIJH26D38ZFXj4RrPiy947PD0w
mohammed-bin-zayed-city,high,ChIJ32dV6-JFXj4RirMzddSWiYA
mohammed-bin-zayed-city,high,ChIJieGTC7ZPXj4RX_8hfMRV2HY
mohammed-bin-zayed-city,high,ChIJV8rMtqhHXj4R1k1OzNyPle4
mohammed-bin-zayed-city,high,ChIJwReRVwZPXj4RpK7PtgYsZSw
mohammed-bin-zayed-city,high,ChIJVdq-wf5HXj4RAyEN29J_D4Q
mohammed-bin-zayed-city,high,ChIJoV3tjb5FXj4RPTMhunNNho0
mohammed-bin-zayed-city,high,ChIJcRE_l2NmXj4Rs7yNgCkivuE
mohammed-bin-zayed-city,high,ChIJCRc4ebdFXj4RDqx1r4bzbto
mohammed-bin-zayed-city,high,ChIJx_35IbpFXj4RiBbhXLiaAmA
mohammed-bin-zayed-city,high,ChIJQ-xRY6NFXj4Ru-FAiCzJdaQ
mohammed-bin-zayed-city,high,ChIJg9vaPitJXj4RteR_PONRSLE
mohammed-bin-zayed-city,high,ChIJaxDupR1JXj4RxkHSywjtQnU
mohammed-bin-zayed-city,high,ChIJu1fiwWpJXj4RVNRMH1pYlyA
mohammed-bin-zayed-city,high,ChIJEQ2uFQBJXj4R8QG8_u2Tfu8
mohammed-bin-zayed-city,high,ChIJp3xbSABJXj4RArqZJvxrev0
mohammed-bin-zayed-city,high,ChIJURVpPwBJXj4RqJu7MxgB1zo
mohammed-bin-zayed-city,high,ChIJl5huYkBpXj4RX9faSAjd-iA
mohammed-bin-zayed-city,high,ChIJB5DRKyZmXj4RDRhF9YlGekM
mohammed-bin-zayed-city,high,ChIJx1BuZIdpXj4RYy4-cDCDdS0
mohammed-bin-zayed-city,high,ChIJ3dyLL_hpXj4RY54HfB5SeGk
mohammed-bin-zayed-city,high,ChIJ_Vu7UilmXj4R0AsGTzHwkaU
mohammed-bin-zayed-city,high,ChIJo1n-M0JnXj4R7PLlSnGxI_Y
mohammed-bin-zayed-city,high,ChIJ44q9goBDXj4Rw1_ZJL2LHcE
mohammed-bin-zayed-city,high,ChIJnbuwwDZGXj4R2MuK02ZL3RQ
mohammed-bin-zayed-city,high,ChIJPyQ_-xVpXj4RkJ-p2SBjK8w
mohammed-bin-zayed-city,high,ChIJuYirVjFnXj4RhJ2QvewLb9Y
mohammed-bin-zayed-city,high,ChIJ8_vGInVnXj4Rj-RC-PH75Q8
mohammed-bin-zayed-city,high,ChIJFyiZ0CNpXj4RyziQ0BZlrFQ
mohammed-bin-zayed-city,high,ChIJX28z48ZnXj4RrrTv2jMdt1s
mohammed-bin-zayed-city,high,ChIJZ3VuZhBnXj4RyjUlmklyTsI
mohammed-bin-zayed-city,high,ChIJs0OGRxhmXj4RyqF8O7pRgMs
mohammed-bin-zayed-city,high,ChIJWXHpIZdnXj4RMfPQcuP8kS4
mohammed-bin-zayed-city,high,ChIJl_nk5cNnXj4RwjYoWDZgh6g
mohammed-bin-zayed-city,high,ChIJVZe88pNpXj4RT9AwJCaXtvA
mohammed-bin-zayed-city,high,ChIJ8z35MOhnXj4RBz5wq89B23E
mohammed-bin-zayed-city,high,ChIJFRtjJr5nXj4RH8E6eCIm0NM
mohammed-bin-zayed-city,high,ChIJycSvtZxCXj4R-RJF502OC-k
mohammed-bin-zayed-city,high,ChIJQS7TRp1CXj4R7kO__gEfjH4
mohammed-bin-zayed-city,high,ChIJZUhSv6tFXj4R7ZpJFnYGOTw
mohammed-bin-zayed-city,high,ChIJK1krJPdFXj4RQVCLQY9UeGY
mohammed-bin-zayed-city,high,ChIJTVNlNwBFXj4R54kFMo_W4Fg
mohammed-bin-zayed-city,high,ChIJz5Tsn31PXj4RrE5jIkDZ7vw
mohammed-bin-zayed-city,high,ChIJY6BbY3ZPXj4RrUQtPfRTC6M
mohammed-bin-zayed-city,high,ChIJiZM66x5PXj4RIbSt7qEUTzI
mohammed-bin-zayed-city,high,ChIJL3H83LJPXj4RKlSye3d8n04
mohammed-bin-zayed-city,high,ChIJp_cpJsFPXj4RIWhXvPqu7X0
mohammed-bin-zayed-city,high,ChIJAUJXWQBPXj4RFsvzWMRVP5w
mohammed-bin-zayed-city,high,ChIJ4yH5BgBPXj4Rq8jB2riSSG0
mohammed-bin-zayed-city,high,ChIJPeHUOZ9PXj4RP72F07qBF7g
mohammed-bin-zayed-city,high,ChIJD4c_XalPXj4RdqRn4Ir54qU
mohammed-bin-zayed-city,high,ChIJA3XvaTVJXj4R4gSJlIkcAPA
mohammed-bin-zayed-city,high,ChIJ3Tz_hthPXj4Ry_IfDWiVNDg
mohammed-bin-zayed-city,high,ChIJ9UmGSABPXj4REU0bkml0VRU
mohammed-bin-zayed-city,high,ChIJk8hQALtnXj4R0sneJuNBZPc
mohammed-bin-zayed-city,high,ChIJASsD9DJmXj4ROzoEGOtYpgA
mohammed-bin-zayed-city,high,ChIJE954bXBnXj4R0i-p2WyA0dk
mohammed-bin-zayed-city,high,ChIJIYAxKfpnXj4RttR5NvR6D0Q
mohammed-bin-zayed-city,high,ChIJV-MZgqZnXj4RqyrxMfMdd98
mohammed-bin-zayed-city,high,ChIJcdzVQ0lmXj4R8LF1iNswxUY
mohammed-bin-zayed-city,high,ChIJJZQinK9PXj4R8pDiVbY5L1w
mohammed-bin-zayed-city,high,ChIJ_QS6FTNPXj4Rh1Dtow6vH_Y
mohammed-bin-zayed-city,high,ChIJ5YtLV7hPXj4R30frPezuOe8
mohammed-bin-zayed-city,high,ChIJ_3PpKfdFXj4RMHet52RdlMM
mohammed-bin-zayed-city,high,ChIJF3S7gY5PXj4Rj-9MkNrGVCc
mohammed-bin-zayed-city,high,ChIJE9GxX6BHXj4RGlt2IQolkFo
mohammed-bin-zayed-city,high,ChIJke2vFUgPQ44RFn9Fo_Dwp0o
mohammed-bin-zayed-city,high,ChIJjyvQJ3JHXj4RCvnEkHP0x_0
mohammed-bin-zayed-city,high,ChIJwRyMb6U4Xj4R8gq-RkeyZdI
mohammed-bin-zayed-city,high,ChIJ75cTy_Q5Xj4RLalc3zmVD6k
mohammed-bin-zayed-city,high,ChIJs3vVRWJpXj4RWFSLjKWVMig
mohammed-bin-zayed-city,high,ChIJ857h14VoXj4R-MivhTIp0zA
mohammed-bin-zayed-city,high,ChIJR0SITitHXj4RVCWVzbn_lEk
mohammed-bin-zayed-city,high,ChIJq0b4j1ppXj4RGyoDe94smso
mohammed-bin-zayed-city,high,ChIJgW7eCQA3Xj4RtaKpBvr7dwo
mohammed-bin-zayed-city,high,ChIJ66GC8lBnXj4RWy2ZqpAMXPs
mohammed-bin-zayed-city,high,ChIJBR1S6FBHXj4RlHjUu_rqzo0
mohammed-bin-zayed-city,high,ChIJB65Z-txnXj4R1tA3xNsPhuU
mohammed-bin-zayed-city,high,ChIJlwoJZqtnXj4RWTk4Uc8irM0
mohammed-bin-zayed-city,high,ChIJKepBesZHXj4RaBj3rjbxowg
mohammed-bin-zayed-city,high,ChIJP2wFAmlFXj4RyTAG9SZLuOo
mohammed-bin-zayed-city,high,ChIJ6Sm2IEM5Xj4RBqYTUK4jEzg
mohammed-bin-zayed-city,high,ChIJgewjGqg4Xj4RyTXUzZhLSd4
mohammed-bin-zayed-city,high,ChIJa5lMYwBnXj4RMZ5IObcolEI
mohammed-bin-zayed-city,high,ChIJyzQrxX9BXj4R3dgagdsPj3c
mohammed-bin-zayed-city,high,ChIJE0h1bvxnXj4RfgC7_mTG3Ac
mohammed-bin-zayed-city,high,ChIJy3uB4qlnXj4RcO9_SwxyAfs
mohammed-bin-zayed-city,high,ChIJz27LlA4JIWYR1KLi8sKhdlU
mohammed-bin-zayed-city,high,ChIJ3SEMMhNHXj4R6covViidENk
mohammed-bin-zayed-city,high,ChIJ-bSvTvJnXj4RJ44FIOPKvoc
mohammed-bin-zayed-city,high,ChIJhS5MWfU5Xj4RCmQZfvI7plE
mohammed-bin-zayed-city,high,ChIJ-yLmBEGo92oRIFpI1-xLi84
mohammed-bin-zayed-city,high,ChIJQ5y8-ihmXj4R2--Iu91VhF8
mohammed-bin-zayed-city,high,ChIJ8e8Wzr44Xj4RYCEdDKI7hVs
mohammed-bin-zayed-city,high,ChIJJa-aG9pHXj4RITVTPeiexls
mohammed-bin-zayed-city,high,ChIJTSS60x05Xj4RwqbETuIf1qU
mohammed-bin-zayed-city,high,ChIJ_chcCE9mXj4Ri_BscHtsX9I
mohammed-bin-zayed-city,high,ChIJ_YyMCwBpXj4RdNchW4I14U4
mohammed-bin-zayed-city,high,ChIJu7lVNFFnXj4Rh3ZfIeCW_l8
mohammed-bin-zayed-city,high,ChIJVVVVeVlmXj4R6VS3CRGr4ok
mohammed-bin-zayed-city,high,ChIJ60v63kRpXj4Rx-2z7cIGd1M
mohammed-bin-zayed-city,high,ChIJ5xZgC51nXj4R9Q19GGhq79U
mohammed-bin-zayed-city,high,ChIJISIA0epnXj4R3NPYSWTWMzc
mohammed-bin-zayed-city,high,ChIJX1RX4wo8YW0RWfZ4IhmQ910
mohammed-bin-zayed-city,high,ChIJN-yizFtHXj4RbeJ-DhbUwHM
mohammed-bin-zayed-city,high,ChIJ4wFe7_lHXj4RtfXZggHE9rQ
mohammed-bin-zayed-city,high,ChIJG4PiHHpHXj4Rgotz8EAEtKw
mohammed-bin-zayed-city,high,ChIJG5Yvx8tBXj4Ry0hMcfLWkQk
mohammed-bin-zayed-city,high,ChIJX0IhBpZHXj4RiiNGNxkvges
mohammed-bin-zayed-city,high,ChIJ2dS7qFlHXj4RjQTzdcHobd4
mohammed-bin-zayed-city,high,ChIJ946Ye1dnXj4RFIZ7eAKoEfs
mohammed-bin-zayed-city,high,ChIJd2c2cwA5Xj4RjZ8W4tHLMms
mohammed-bin-zayed-city,high,ChIJmZ06CDlpXj4RCblh8NscV30
mohammed-bin-zayed-city,high,ChIJdYSb1Kw5Xj4RDDcMzM6IXMM
mohammed-bin-zayed-city,high,ChIJw8Bw3Tg5Xj4R9-nmzE04CZ8
mohammed-bin-zayed-city,high,ChIJ355akfo5Xj4RX11z73jrTCg
mohammed-bin-zayed-city,high,ChIJd8s9Zr2KF6wRfOLuJLQJUBc
mohammed-bin-zayed-city,high,ChIJpX_OJYJoXj4Rpjz8-daA5RA
mohammed-bin-zayed-city,high,ChIJXUjWmR5nXj4R8waZHt49aJA
mohammed-bin-zayed-city,high,ChIJHydx9CGS2CcRx5ActGmymJ8
mohammed-bin-zayed-city,high,ChIJA0Zs2CJnXj4Rr0yMvlyjPqk
mohammed-bin-zayed-city,high,ChIJJ-JnA39CXj4R29ei0wLjmCw
mohammed-bin-zayed-city,high,ChIJzZVKEF5GXj4RN9lxYZQXab4
mohammed-bin-zayed-city,high,ChIJoZVnEQBHXj4RhoneBiTbNw4
mohammed-bin-zayed-city,high,ChIJJ4wSTrdpXj4R1L8vQ_7a69k
mohammed-bin-zayed-city,high,ChIJkT7LnDdoXj4RYAutdxTjQN4
mohammed-bin-zayed-city,high,ChIJYfh3OItpXj4Rt3V__N7ZRco
mohammed-bin-zayed-city,high,ChIJ-8uEJ7o4Xj4RVtJLCdiSXgs
mohammed-bin-zayed-city,high,ChIJSZPJAhFpXj4RnXb7lxKNILI
mohammed-bin-zayed-city,high,ChIJee0fKLBHXj4R3ULumaNyt_E
mohammed-bin-zayed-city,high,ChIJo4M7ff5HXj4RozyClVf8rfk
mohammed-bin-zayed-city,high,ChIJXegBnsJLXj4RbvwJRXPu_8o
mohammed-bin-zayed-city,high,ChIJycN1AhxFXj4RscBwotobRns
mohammed-bin-zayed-city,high,ChIJqVgBKaRpXj4RQq9wj7RRfN4
mohammed-bin-zayed-city,high,ChIJqZDQZdFBXj4RVgknuVN2Yt4
mohammed-bin-zayed-city,high,ChIJP402dFdpXj4RYdkRQwX62T4
mohammed-bin-zayed-city,high,ChIJt4ngRthFXj4R7qe029dMUJU
nad-al-sheba,low,ChIJNw6Op_1lXz4RiraAUs5U76E
nad-al-sheba,low,ChIJT0MB79BlXz4R3Ue-of9OgY8
nad-al-sheba,low,ChIJ4yLyvpJlXz4R9mnI2Y4Podc
nad-al-sheba,low,ChIJLSKu0D5nXz4RGBDK06c050k
nad-al-sheba,low,ChIJfyvyeJxpXz4R95d_eDOquYM
nad-al-sheba,low,ChIJV8xH9xZnXz4Rzp-5IMdmyCY
nad-al-sheba,low,ChIJQ0rUvPZnXz4RKQZx1N6r8ro
nad-al-sheba,low,ChIJrwz-6ktnXz4RThRfJCdAdsM
nad-al-sheba,low,ChIJZ_wIswtnXz4RdMnU_26j8yk
nad-al-sheba,low,ChIJLRC3h4VDXz4RqDuOWPkR1v0
nad-al-sheba,low,ChIJ2xuub2NnXz4RW-ld2i0rn5Y
nad-al-sheba,low,ChIJByQWay9nXz4RdepbnyXyo_Q
nad-al-sheba,low,ChIJgY2AawBnXz4RvrQgAzAaYGc
nad-al-sheba,low,ChIJx--xod1nXz4R9pUr1Qw22GU
nad-al-sheba,low,ChIJy4AVMdZhXz4RWS2ku-D22NU
nad-al-sheba,low,ChIJh5GWp2phXz4RYMsbeBFFZxk
nad-al-sheba,low,ChIJHZTtagBnXz4R-T_iYrv9Y-4
nad-al-sheba,low,ChIJP3sM4hVnXz4Rw3xRWVI9XKU
nad-al-sheba,low,ChIJsy5y6KBjXz4RSrru6jitzcc
nad-al-sheba,low,ChIJJx4Kt59jXz4RDJTAWzsEIHg
nad-al-sheba,low,ChIJn-n337FnXz4R8vaArJBcByk
nad-al-sheba,low,ChIJ39L9PCBnXz4Ruj0HEMZVO9Y
nad-al-sheba,low,ChIJwRk_qm1DXz4RNPf8_w03wfU
nad-al-sheba,low,ChIJuQSymgdpXz4RQMKEUEuNCvc
nad-al-sheba,low,ChIJNYpoaktpXz4RvWyXhptbmGA
nad-al-sheba,low,ChIJMaXbMwBpXz4Rfy9Nu7-IpLc
nad-al-sheba,low,ChIJh_lp3yBpXz4R5i25x2_o-Pw
nad-al-sheba,low,ChIJ55fnfRldXz4Rhugo9GcCMRg
nad-al-sheba,low,ChIJDa8wWtNpXz4RpPMYhiW0Cvc
nad-al-sheba,low,ChIJ2bmyEMZrXz4R_OLIvz40tDI
nad-al-sheba,low,ChIJLQrX-sJpXz4ROS8lWWkR62g
nad-al-sheba,low,ChIJ8cF-LmhpXz4Rqqda-d055es
nad-al-sheba,low,ChIJFZjcVgBpXz4R6Md6mHK7nG4
nad-al-sheba,low,ChIJxSCQ0ltmXz4RBDXnZ2z93kY
nad-al-sheba,low,ChIJ22tpJuhnXz4RpijOmmdUyq0
nad-al-sheba,low,ChIJXTH26w5nXz4Rl4CiRKs9tt4
nad-al-sheba,low,ChIJiw35AzdnXz4RVRJ6F9-ggkM
nad-al-sheba,low,ChIJuWItKrRmXz4Rv5r4d0Bt0l0
nad-al-sheba,low,ChIJ-cOVENZhXz4RHu_PvQSKXgc
nad-al-sheba,low,ChIJs4jpcKxnXz4R-oJyGOwSU-c
nad-al-sheba,low,ChIJxTKT9PZnXz4RTeQKr9lpxH8
nad-al-sheba,low,ChIJhw_xEt0qL4gR6Bishu08MI8
nad-al-sheba,low,ChIJ-4aAroJoyocRmi2d7LwBVcg
nad-al-sheba,low,ChIJoUdhgmFnXz4RVzMJYbIVrxo
nad-al-sheba,low,ChIJgyzBRgVnXz4RZhemhYppi_Q
nad-al-sheba,low,ChIJ7ZL6WrRmXz4RWJI163Dc7UQ
nad-al-sheba,low,ChIJuzmZrS1nXz4RzjAWSyBIqvg
nad-al-sheba,low,ChIJUeqh-bNmXz4R0G9XxI5cJPs
nad-al-sheba,low,ChIJ82nBnRhhXz4Rv1KPOxbejJk
nad-al-sheba,low,ChIJ8Uc3ZS5hXz4RVamF1VJU_yA
nad-al-sheba,low,ChIJAch-r0hhXz4RqhO-RtZjmJU
nad-al-sheba,low,ChIJ-bwr_cBhXz4R_A7f-_yL6CE
nad-al-sheba,low,ChIJ2wrcY99hXz4REOoLVtiJjGQ
nad-al-sheba,low,ChIJk27KicFhXz4RQpyMtihuVLo
nad-al-sheba,low,ChIJ2Z-uxVlhXz4RYxCu15KDbYE
nad-al-sheba,low,ChIJmbrs0SNhXz4RjWt44UckSIw
nad-al-sheba,low,ChIJLbYRUTVhXz4RNhPFDAH3VdQ
nad-al-sheba,low,ChIJtcE4rb9hXz4RqM9jKkNVzZQ
nad-al-sheba,low,ChIJPw22BMZnXz4R9f0kWfaMBcg
nad-al-sheba,low,ChIJt0PRI9VnXz4R6cLfcZ2CQqA
nad-al-sheba,low,ChIJ96MBJCJnXz4R3fmAVRU8dkc
nad-al-sheba,low,ChIJNVRR1jxnXz4RgUheGZafAng
nad-al-sheba,low,ChIJbZ9sKCJnXz4R5etfw8-hPrk
nad-al-sheba,low,ChIJaU06UbJnXz4RjymQpMEOrlI
nad-al-sheba,low,ChIJN9GXfiFnXz4RB1h1C-0HwyU
nad-al-sheba,low,ChIJCQ-j-rVnXz4RAc55X4uk7MQ
nad-al-sheba,low,ChIJZcp6qrNnXz4RgjHeyT2fs80
nad-al-sheba,low,ChIJj8F2ecRnXz4RwM7JfxJy_rY
nad-al-sheba,low,ChIJD7RMJyJnXz4R-2RiGsWUzhU
nad-al-sheba,low,ChIJieL6pPBnXz4RlHCXGysyqXM
nad-al-sheba,low,ChIJa6VH7T1nXz4RYkIkzdemfr8
nad-al-sheba,low,ChIJVZxgDwBnXz4R4UwUSaQtENs
nad-al-sheba,low,ChIJxbo1zKhtXz4RlJIfAV8ap3A
nad-al-sheba,low,ChIJ3RuWcyxnXz4RCLO-jnWZGz0
nad-al-sheba,low,ChIJIWnOw6xnXz4RUEkZG9Bb87M
nad-al-sheba,low,ChIJU90E1hVhXz4RKbhXBXGvb2w
nad-al-sheba,low,ChIJzyOoiNVnXz4R3-OlizbH3yE
nad-al-sheba,low,ChIJXxhsHtVgXz4RPqhOOKX78gI
nad-al-sheba,low,ChIJX8JEWtRgXz4R8lwfLlrHRww
nad-al-sheba,low,ChIJ54PE32NnXz4RggzfKf_eLyw
nad-al-sheba,low,ChIJ-6lvMLlnXz4RAWRCDUhTRy0
nad-al-sheba,low,ChIJiV8912VnXz4R9S0cBE9nfrQ
nad-al-sheba,low,ChIJx_FHjb5dXz4RiYZKjAiLGnY
nad-al-sheba,low,ChIJ6czHN_pnXz4RcZVIDp-k3JA
nad-al-sheba,low,ChIJT1Hj18NpXz4ROKPmlp3fPqI
nad-al-sheba,low,ChIJHwO0dwBpXz4RM5-hbuPJfew
nad-al-sheba,low,ChIJl2VXm15pXz4RRORHRQfgAZU
nad-al-sheba,low,ChIJIfW1ZF1pXz4Rzv60ZNi17yw
nad-al-sheba,low,ChIJE_tab0VhXz4ReV_bHaTmvz8
nad-al-sheba,low,ChIJ50TTpI1nXz4RaqSoKFjAEW8
nad-al-sheba,low,ChIJffs70exhXz4RZT7sYRh88us
nad-al-sheba,low,ChIJB01DrkthXz4Ra6_U9r6optU
nad-al-sheba,low,ChIJQWSBZGthXz4Ro4fbXJE_78o
nad-al-sheba,low,ChIJ__uojk9hXz4RZ8Rn2DxoMWg
nad-al-sheba,medium,ChIJPdYXxPtvXz4RlLjDjn0h96c
nad-al-sheba,medium,ChIJO6eueq4EDowR5Y39_qFmCK0
nad-al-sheba,medium,ChIJY2PJKEdlXz4RXvLNfkJEjIA
nad-al-sheba,medium,ChIJrdyGHIxlXz4RMXqOynIPONk
nad-al-sheba,medium,ChIJcRT5AjxlXz4REVM-ZMw_o1U
nad-al-sheba,medium,ChIJ_Rz8ffBlXz4RixdA6P0BB6c
nad-al-sheba,medium,ChIJp45pIJFvXz4RhiV98_Ji_GE
nad-al-sheba,medium,ChIJfaxM8S9lXz4RHkoHvPfytro
nad-al-sheba,medium,ChIJCVBnVjVlXz4RiJmC7OHMlLI
nad-al-sheba,medium,ChIJdUim7oBlXz4R9S6HG57onDI
nad-al-sheba,medium,ChIJ917dV-xlXz4Rcxop9ZP3vLY
nad-al-sheba,medium,ChIJg3BMKyxlXz4RLY7pIE47vQE
nad-al-sheba,medium,ChIJ2cCtcn5vXz4R6Sge05ksYkc
nad-al-sheba,medium,ChIJtc-oO7BlXz4RAenTObgmeIg
nad-al-sheba,medium,ChIJga7G1g5vXz4R6I32rUYs5Oo
nad-al-sheba,medium,ChIJWdLKyeplXz4RoXF6ZrJk178
nad-al-sheba,medium,ChIJ_zanGIVlXz4RHcGTjal0YLE
nad-al-sheba,medium,ChIJgYMWJLxlXz4RMZ-B628d5Kw
nad-al-sheba,medium,ChIJYfsLPAJlXz4Rx0rLrAOelm4
nad-al-sheba,medium,ChIJm9oqm41kXz4RR_VFWRZ8j3A
nad-al-sheba,medium,ChIJ07r3PPhlXz4R-I79DdPzB74
nad-al-sheba,medium,ChIJWZALWPNkXz4RCGktGh7MECQ
nad-al-sheba,medium,ChIJCSFxyI1kXz4RhK8kGl3WHrc
nad-al-sheba,medium,ChIJiZv--UNlXz4RAS-NyEJ2YVQ
nad-al-sheba,medium,ChIJc1_0JGJlXz4RvF_0DH0U62g
nad-al-sheba,medium,ChIJY3kRIKhlXz4R_pWQqmSHv40
nad-al-sheba,medium,ChIJVT51brdlXz4R82FpvmSZaEw
nad-al-sheba,medium,ChIJ-6pk77dlXz4R6LTw2zZbZ3w
nad-al-sheba,medium,ChIJEUmGiNtlXz4R_hPdiBSMQvk
nad-al-sheba,medium,ChIJPQT7VMFlXz4R-vM1YJcR0r0
nad-al-sheba,medium,ChIJiR6yLYNlXz4RcnsRKn2pJko
nad-al-sheba,medium,ChIJywgCk5qPOUgR4NOYnBx_4Q8
nad-al-sheba,medium,ChIJqbF3oddlXz4R8JAAkszwPKg
nad-al-sheba,medium,ChIJy9JKGPBlXz4RiRZO7zcHVbk
nad-al-sheba,medium,ChIJo5_Sy5VlXz4R3dERIYwva4s
nad-al-sheba,medium,ChIJpcEpTollXz4RYWx3J_3jiFI
nad-al-sheba,medium,ChIJwfOXOuNlXz4Rhv9XhOocsEw
nad-al-sheba,medium,ChIJNw6Op_1lXz4RiraAUs5U76E
nad-al-sheba,medium,ChIJjSHYKmdlXz4R7199l-Nl7Pw
nad-al-sheba,medium,ChIJT0MB79BlXz4R3Ue-of9OgY8
nad-al-sheba,medium,ChIJC-2Th4xlXz4Rw5caWKJ5tYc
nad-al-sheba,medium,ChIJHf1YcR1lXz4R_GhOxTT3lJA
nad-al-sheba,medium,ChIJx6wkCWtlXz4RX7Ku5gat0DU
nad-al-sheba,medium,ChIJAemqn4tlXz4RluxuNtm2n_0
nad-al-sheba,medium,ChIJ--suGWRlXz4RxJXiRY8kj0s
nad-al-sheba,medium,ChIJH3yBpCplXz4RZonQD1ayXQo
nad-al-sheba,medium,ChIJT-CEh2hkXz4Rqi92Z6ZL_nw
nad-al-sheba,medium,ChIJ57SKJG5kXz4ROxQxs202Ozk
nad-al-sheba,medium,ChIJ4yLyvpJlXz4R9mnI2Y4Podc
nad-al-sheba,medium,ChIJ38JVwPRlXz4RMA0uZNO0buk
nad-al-sheba,medium,ChIJrQxExWhlXz4ROCa5WYFMqI8
nad-al-sheba,medium,ChIJUWxyKNFlXz4RVXAWN5T6lPs
nad-al-sheba,medium,ChIJhdXRHKRlXz4RqVR2Jdq1YKw
nad-al-sheba,medium,ChIJT35jK25kXz4RqiqOZ4KTtwk
nad-al-sheba,medium,ChIJn-15vKhlXz4RjvDBtBNWL6c
nad-al-sheba,medium,ChIJDdodtc9jXz4R3ti9_nqWpII
nad-al-sheba,medium,ChIJNZHv4yZlXz4R40GyJJb_xJE
nad-al-sheba,medium,ChIJm6_EBkBlXz4RQCuT4_8QHCA
nad-al-sheba,medium,ChIJs5MZ2NTsNiYRRsUmv629P2E
nad-al-sheba,medium,ChIJhxnrPQBjXz4RcUaVRViuFYQ
nad-al-sheba,medium,ChIJC4TfiutlXz4RhAKMGThmIBM
nad-al-sheba,medium,ChIJeT1ymMxlXz4RZ3vObyKgSuo
nad-al-sheba,medium,ChIJL9GqvqxlXz4RBm_WM6JKV7A
nad-al-sheba,medium,ChIJxanDWwBlXz4RTto-wgop4FM
nad-al-sheba,medium,ChIJIwLD1L1vXz4RIO8T1NHJUxA
nad-al-sheba,medium,ChIJnUQzSQBpXz4RVjwEb294ia8
nad-al-sheba,medium,ChIJu8zvAndpXz4RTqEb041058E
nad-al-sheba,medium,ChIJLSKu0D5nXz4RGBDK06c050k
nad-al-sheba,medium,ChIJL1pAXxlpXz4REYAGY2DQ7oE
nad-al-sheba,medium,ChIJfyvyeJxpXz4R95d_eDOquYM
nad-al-sheba,medium,ChIJ7XW19Bz0uw8RACWkZpqJL1s
nad-al-sheba,medium,ChIJo9BeWK1pXz4R2PtK_CJ-H3U
nad-al-sheba,medium,ChIJf5kyjC5pXz4R56eq5RQat2Q
nad-al-sheba,medium,ChIJcdO6tMppXz4RmM-QqbWBV5A
nad-al-sheba,medium,ChIJV8xH9xZnXz4Rzp-5IMdmyCY
nad-al-sheba,medium,ChIJQ0rUvPZnXz4RKQZx1N6r8ro
nad-al-sheba,medium,ChIJrwz-6ktnXz4RThRfJCdAdsM
nad-al-sheba,medium,ChIJZ_wIswtnXz4RdMnU_26j8yk
nad-al-sheba,medium,ChIJLRC3h4VDXz4RqDuOWPkR1v0
nad-al-sheba,medium,ChIJ2xuub2NnXz4RW-ld2i0rn5Y
nad-al-sheba,medium,ChIJByQWay9nXz4RdepbnyXyo_Q
nad-al-sheba,medium,ChIJgY2AawBnXz4RvrQgAzAaYGc
nad-al-sheba,medium,ChIJx--xod1nXz4R9pUr1Qw22GU
nad-al-sheba,medium,ChIJ57yPnRBlXz4RRiimmiiLf5U
nad-al-sheba,medium,ChIJy4AVMdZhXz4RWS2ku-D22NU
nad-al-sheba,medium,ChIJh5GWp2phXz4RYMsbeBFFZxk
nad-al-sheba,medium,ChIJHZTtagBnXz4R-T_iYrv9Y-4
nad-al-sheba,medium,ChIJP3sM4hVnXz4Rw3xRWVI9XKU
nad-al-sheba,medium,ChIJsy5y6KBjXz4RSrru6jitzcc
nad-al-sheba,medium,ChIJJx4Kt59jXz4RDJTAWzsEIHg
nad-al-sheba,medium,ChIJn-n337FnXz4R8vaArJBcByk
nad-al-sheba,medium,ChIJ39L9PCBnXz4Ruj0HEMZVO9Y
nad-al-sheba,medium,ChIJwRk_qm1DXz4RNPf8_w03wfU
nad-al-sheba,medium,ChIJ3fEZOAxjXz4RIqY8t3dl6P8
nad-al-sheba,medium,ChIJg-gkNrppXz4RNh9RysXlWcg
nad-al-sheba,medium,ChIJQWakM0BpXz4RWiHoZdv1lVA
nad-al-sheba,medium,ChIJF-Ow-SdpXz4R_0n40jRhQNo
nad-al-sheba,medium,ChIJ8QQdkq5pXz4RX3FnLte83Rk
nad-al-sheba,medium,ChIJmRKa_5hpXz4R_9Hpp02ls90
nad-al-sheba,medium,ChIJ82MttINpXz4RmdheptphCSQ
nad-al-sheba,medium,ChIJfxKczKBpXz4R5_eQ3rHhTp0
nad-al-sheba,medium,ChIJpXfDnTUnRggRqNJ7dLJVWXE
nad-al-sheba,medium,ChIJWd2MolBpXz4RMaI1wxGdL74
nad-al-sheba,medium,ChIJpWQUEjJoXz4RlI6OwXS5va8
nad-al-sheba,medium,ChIJC635ED9pXz4Rzy7DksENhsE
nad-al-sheba,medium,ChIJx9yRrY5pXz4RVwMdh-0rbIk
nad-al-sheba,medium,ChIJ9fiqSGFpXz4RzQVfvnoD0eM
nad-al-sheba,medium,ChIJMciJj51pXz4RBhHoFazX-mw
nad-al-sheba,medium,ChIJuQSymgdpXz4RQMKEUEuNCvc
nad-al-sheba,medium,ChIJSYDoMPRpXz4RO37A4YnIg_c
nad-al-sheba,medium,ChIJpcG8VL9pXz4Rx8R4UD6Qjyg
nad-al-sheba,medium,ChIJL5Vn-WZpXz4R84H3ZwDMXNQ
nad-al-sheba,medium,ChIJNYpoaktpXz4RvWyXhptbmGA
nad-al-sheba,medium,ChIJMaXbMwBpXz4Rfy9Nu7-IpLc
nad-al-sheba,medium,ChIJh_lp3yBpXz4R5i25x2_o-Pw
nad-al-sheba,medium,ChIJ55fnfRldXz4Rhugo9GcCMRg
nad-al-sheba,medium,ChIJDa8wWtNpXz4RpPMYhiW0Cvc
nad-al-sheba,medium,ChIJ2-cSD2ppXz4RgieAyPBDatg
nad-al-sheba,medium,ChIJQVQek59rXz4RAG7c_F1lfF4
nad-al-sheba,medium,ChIJwQZOJ_V7Xz4R-GbG3nOBR9s
nad-al-sheba,medium,ChIJ2bmyEMZrXz4R_OLIvz40tDI
nad-al-sheba,medium,ChIJcYYO9NJpXz4R5ayXhS1-h08
nad-al-sheba,medium,ChIJj8yR8RppXz4Ro1SLfUtxPZk
nad-al-sheba,medium,ChIJLQrX-sJpXz4ROS8lWWkR62g
nad-al-sheba,medium,ChIJ8cF-LmhpXz4Rqqda-d055es
nad-al-sheba,medium,ChIJ6RREWe1pXz4RX7j2D37MuOo
nad-al-sheba,medium,ChIJFZjcVgBpXz4R6Md6mHK7nG4
nad-al-sheba,medium,ChIJxSCQ0ltmXz4RBDXnZ2z93kY
nad-al-sheba,medium,ChIJ22tpJuhnXz4RpijOmmdUyq0
nad-al-sheba,medium,ChIJXTH26w5nXz4Rl4CiRKs9tt4
nad-al-sheba,medium,ChIJiw35AzdnXz4RVRJ6F9-ggkM
nad-al-sheba,medium,ChIJuWItKrRmXz4Rv5r4d0Bt0l0
nad-al-sheba,medium,ChIJ-cOVENZhXz4RHu_PvQSKXgc
nad-al-sheba,medium,ChIJs4jpcKxnXz4R-oJyGOwSU-c
nad-al-sheba,medium,ChIJxTKT9PZnXz4RTeQKr9lpxH8
nad-al-sheba,medium,ChIJhw_xEt0qL4gR6Bishu08MI8
nad-al-sheba,medium,ChIJ-4aAroJoyocRmi2d7LwBVcg
nad-al-sheba,medium,ChIJoUdhgmFnXz4RVzMJYbIVrxo
nad-al-sheba,medium,ChIJgyzBRgVnXz4RZhemhYppi_Q
nad-al-sheba,medium,ChIJ7ZL6WrRmXz4RWJI163Dc7UQ
nad-al-sheba,medium,ChIJuzmZrS1nXz4RzjAWSyBIqvg
nad-al-sheba,medium,ChIJUeqh-bNmXz4R0G9XxI5cJPs
nad-al-sheba,medium,ChIJ82nBnRhhXz4Rv1KPOxbejJk
nad-al-sheba,medium,ChIJ8Uc3ZS5hXz4RVamF1VJU_yA
nad-al-sheba,medium,ChIJAch-r0hhXz4RqhO-RtZjmJU
nad-al-sheba,medium,ChIJ-bwr_cBhXz4R_A7f-_yL6CE
nad-al-sheba,medium,ChIJ2wrcY99hXz4REOoLVtiJjGQ
nad-al-sheba,medium,ChIJk27KicFhXz4RQpyMtihuVLo
nad-al-sheba,medium,ChIJ2Z-uxVlhXz4RYxCu15KDbYE
nad-al-sheba,medium,ChIJmbrs0SNhXz4RjWt44UckSIw
nad-al-sheba,medium,ChIJLbYRUTVhXz4RNhPFDAH3VdQ
nad-al-sheba,medium,ChIJtcE4rb9hXz4RqM9jKkNVzZQ
nad-al-sheba,medium,ChIJuTOTorhhXz4RpoQyb-Rpviw
nad-al-sheba,medium,ChIJO6eU7Q9hXz4RiUGvjK3GsdU
nad-al-sheba,medium,ChIJC_qVUOhjXz4RYVaBUlzbsok
nad-al-sheba,medium,ChIJF7iiZgBjXz4R3N42R0BK600
nad-al-sheba,medium,ChIJk7BNq4JpXz4R32UzidiqOF8
nad-al-sheba,medium,ChIJlcpfSXxCXz4RSCAq5R26n3c
nad-al-sheba,medium,ChIJ74TuJThpXz4R0grQUFgC4YU
nad-al-sheba,medium,ChIJU9tRFZBpXz4RCtjRVR5Mbrs
nad-al-sheba,medium,ChIJ7ddNpqppXz4RUcsINlXKdig
nad-al-sheba,medium,ChIJx0WdTdtpXz4R-rWz9lgwd8I
nad-al-sheba,medium,ChIJA0TF43hpXz4R1xS9rpItnnM
nad-al-sheba,medium,ChIJe6f_Kp1pXz4R4Hlh1KIojoc
nad-al-sheba,medium,ChIJcdNVXdhpXz4RholO2M5netU
nad-al-sheba,medium,ChIJI4elhJxpXz4RxxBRnNA489w
nad-al-sheba,medium,ChIJh1suPOdpXz4RSxCY97bhkNM
nad-al-sheba,medium,ChIJPSv6UmVpXz4RD8D6scSDhmI
nad-al-sheba,medium,ChIJM5UAbTlpXz4RTzNOf_SieYE
nad-al-sheba,medium,ChIJqeQKEosVuywRK5aPS93zj48
nad-al-sheba,medium,ChIJl_V8WalpXz4RXKaTB_V_y2U
nad-al-sheba,medium,ChIJy64j2UxpXz4RbA3zoorvT8M
nad-al-sheba,medium,ChIJJ2j7HCVpXz4RCuSqWS9uCWA
nad-al-sheba,medium,ChIJjdvGXWj8rUwRPZW9_g5XC3E
nad-al-sheba,medium,ChIJgUaLe9tDXz4Rn5r_LHtoGZQ
nad-al-sheba,medium,ChIJSVZc4NFpXz4RcxNHrgH5Cew
nad-al-sheba,medium,ChIJQ1Qz_sFpXz4R10KhyIosOfE
nad-al-sheba,medium,ChIJn8ZZQ_lpXz4RY4Eyx61aJfk
nad-al-sheba,medium,ChIJTTjZohJnXz4RLZO4TXpG-qk
nad-al-sheba,medium,ChIJT0AQ1n5nXz4RjOKXwpkzhEY
nad-al-sheba,medium,ChIJ3XPBxZlhXz4RRQ7K1QNxXfA
nad-al-sheba,medium,ChIJc-XHkRJJC4ARQioJL4ZTssI
nad-al-sheba,medium,ChIJk2vrMWppXz4RGutjLinVmmI
nad-al-sheba,medium,ChIJPw22BMZnXz4R9f0kWfaMBcg
nad-al-sheba,medium,ChIJoajPqSdnXz4RDl2n5wydMTQ
nad-al-sheba,medium,ChIJ6ZQxC7RnXz4RqnCroiwMuMY
nad-al-sheba,medium,ChIJhV-jWiVnXz4RRvhjLDI4eeY
nad-al-sheba,medium,ChIJt0PRI9VnXz4R6cLfcZ2CQqA
nad-al-sheba,medium,ChIJ96MBJCJnXz4R3fmAVRU8dkc
nad-al-sheba,medium,ChIJNVRR1jxnXz4RgUheGZafAng
nad-al-sheba,medium,ChIJbZ9sKCJnXz4R5etfw8-hPrk
nad-al-sheba,medium,ChIJaU06UbJnXz4RjymQpMEOrlI
nad-al-sheba,medium,ChIJN9GXfiFnXz4RB1h1C-0HwyU
nad-al-sheba,medium,ChIJCQ-j-rVnXz4RAc55X4uk7MQ
nad-al-sheba,medium,ChIJZcp6qrNnXz4RgjHeyT2fs80
nad-al-sheba,medium,ChIJj8F2ecRnXz4RwM7JfxJy_rY
nad-al-sheba,medium,ChIJD7RMJyJnXz4R-2RiGsWUzhU
nad-al-sheba,medium,ChIJieL6pPBnXz4RlHCXGysyqXM
nad-al-sheba,medium,ChIJa6VH7T1nXz4RYkIkzdemfr8
nad-al-sheba,medium,ChIJVZxgDwBnXz4R4UwUSaQtENs
nad-al-sheba,medium,ChIJxbo1zKhtXz4RlJIfAV8ap3A
nad-al-sheba,medium,ChIJxYEVxhZhXz4RiyCA3bE9lMY
nad-al-sheba,medium,ChIJS7h9niphXz4Rj-MRTZZ5FhM
nad-al-sheba,medium,ChIJ3RuWcyxnXz4RCLO-jnWZGz0
nad-al-sheba,medium,ChIJIWnOw6xnXz4RUEkZG9Bb87M
nad-al-sheba,medium,ChIJPbDoe05hXz4RP77AYns8EZM
nad-al-sheba,medium,ChIJU90E1hVhXz4RKbhXBXGvb2w
nad-al-sheba,medium,ChIJzyOoiNVnXz4R3-OlizbH3yE
nad-al-sheba,medium,ChIJXxhsHtVgXz4RPqhOOKX78gI
nad-al-sheba,medium,ChIJX8JEWtRgXz4R8lwfLlrHRww
nad-al-sheba,medium,ChIJAYtbRnBhXz4R_1Hf8c6DSYQ
nad-al-sheba,medium,ChIJWeMuTpJcXz4Rp0jl14Nu0n0
nad-al-sheba,medium,ChIJ6aC-giphXz4RYJgEINdIGNk
nad-al-sheba,medium,ChIJJygT_P1gXz4RggrF7atrAkg
nad-al-sheba,medium,ChIJL_QEkTpcXz4R7As6m_Q-BoE
nad-al-sheba,medium,ChIJ0UDwxztcXz4R_WI_BKhMQMo
nad-al-sheba,medium,ChIJ7zNRkgFhXz4R-0gn-lWqmpg
nad-al-sheba,medium,ChIJ8T1hzpZcXz4RN0Yw4opznAo
nad-al-sheba,medium,ChIJaQ9wZeNhXz4RR0dWJH5iQnE
nad-al-sheba,medium,ChIJHWsZFt5hXz4RpOwEA-S8SI0
nad-al-sheba,medium,ChIJRRqnottgXz4RrzDx1wDnLig
nad-al-sheba,medium,ChIJmRWH5F9hXz4RhGk4MRZLPUc
nad-al-sheba,medium,ChIJJUS1xjphXz4R7SfAMZyI8r4
nad-al-sheba,medium,ChIJq6qqqiZhXz4Rr4q81wQyQq8
nad-al-sheba,medium,ChIJqYLy1kRtXz4RnWuhFR4bkr0
nad-al-sheba,medium,ChIJYYU_KS1DXz4RdcjCg_AwXeE
nad-al-sheba,medium,ChIJ__-vrIlCXz4RU6n0DOZPvK0
nad-al-sheba,medium,ChIJg_bFekddXz4REnOm468lyLk
nad-al-sheba,medium,ChIJYdknQNxdXz4R-qdL_1jzhgE
nad-al-sheba,medium,ChIJHYCY2gBdXz4Rhmm3ZEuuzys
nad-al-sheba,medium,ChIJwcT0JgBdXz4R-DwAh-82h-o
nad-al-sheba,medium,ChIJX3KcVdddXz4R2cZ32MtzAkY
nad-al-sheba,medium,ChIJfbr9uSBdXz4RpYKsKMbx1-Q
nad-al-sheba,medium,ChIJgdmN5AldXz4RrUS80Bn7Itc
nad-al-sheba,medium,ChIJl0RB9xD_tgsRegMj41YzE5Q
nad-al-sheba,medium,ChIJ_9dvpTNdXz4RKngx7hesHp4
nad-al-sheba,medium,ChIJK0bEWOldXz4Rk-HOBfGDFm8
nad-al-sheba,medium,ChIJNcZgOsxdXz4RGKFABH5lZaQ
nad-al-sheba,medium,ChIJ3djCs8VdXz4RIESwvoo65t4
nad-al-sheba,medium,ChIJAQIraVFnXz4R8UyNKUHARJg
nad-al-sheba,medium,ChIJ_____35nXz4Rqm1F4eeHBBw
nad-al-sheba,medium,ChIJRyja_X5nXz4RF_HBCeYZ9Ko
nad-al-sheba,medium,ChIJa-tOPy9nXz4RO-a7rmFRpek
nad-al-sheba,medium,ChIJnWUXitBnXz4RpsQGJYttC-g
nad-al-sheba,medium,ChIJ9zni5CxnXz4RYkBFMmjm6MM
nad-al-sheba,medium,ChIJe6Kzb3xdXz4RKzjTc4Q0VsA
nad-al-sheba,medium,ChIJ7XTRCvxdXz4RvoYk1lrTwHw
nad-al-sheba,medium,ChIJ54PE32NnXz4RggzfKf_eLyw
nad-al-sheba,medium,ChIJ-6lvMLlnXz4RAWRCDUhTRy0
nad-al-sheba,medium,ChIJUWD2BlxnXz4RADoI3-el_64
nad-al-sheba,medium,ChIJaTqGt_NdXz4RJPCbJqOZF2E
nad-al-sheba,medium,ChIJ50DICttnXz4Ra3KfHgO3HZU
nad-al-sheba,medium,ChIJiV8912VnXz4R9S0cBE9nfrQ
nad-al-sheba,medium,ChIJRx7AE-lnXz4RwqOU8-tGkUU
nad-al-sheba,medium,ChIJFdgpCWRnXz4Rns1aRLL0NbA
nad-al-sheba,medium,ChIJ990ttmNdXz4RNIfeNp9L4ok
nad-al-sheba,medium,ChIJx_FHjb5dXz4RiYZKjAiLGnY
nad-al-sheba,medium,ChIJd10kwPddXz4RqMNSzN-RMwE
nad-al-sheba,medium,ChIJYZDSemlnXz4Ro8iX-HS7dRU
nad-al-sheba,medium,ChIJ6czHN_pnXz4RcZVIDp-k3JA
nad-al-sheba,medium,ChIJy67R6jtdXz4RTz5cT1JOL3A
nad-al-sheba,medium,ChIJgy_72bZhXz4R2Ai3UayDt7c
nad-al-sheba,medium,ChIJtcmijnhhXz4R6Mvnk0xrhr4
nad-al-sheba,medium,ChIJ3WcHYKJgXz4R-qKbDTrZVog
nad-al-sheba,medium,ChIJScplBrRgXz4RLPW3nEWNtuQ
nad-al-sheba,medium,ChIJiylkaSdhXz4RE0nwVI4OR2Q
nad-al-sheba,medium,ChIJA74ot6RgXz4RClsSDg2I2OE
nad-al-sheba,medium,ChIJi3Oh9EhhXz4RrFHQy8FnM9w
nad-al-sheba,medium,ChIJe-0wLMthXz4R0j9s_Y0a9FU
nad-al-sheba,medium,ChIJRQHEp-tgXz4RjPFNhFYZlVc
nad-al-sheba,medium,ChIJQQ2WSlxhXz4R9tsVXUmEjcM
nad-al-sheba,medium,ChIJfWjzrZVhXz4R2gOQ46Ams9o
nad-al-sheba,medium,ChIJMRLGEU1hXz4RPj3LAt32oCo
nad-al-sheba,medium,ChIJ15PLWpJgXz4R5U6x1jNpKmA
nad-al-sheba,medium,ChIJ0_62TctCXz4RcoHXK9X6ZCo
nad-al-sheba,medium,ChIJj8Yznu5dXz4Rjf59z-Uk9tY
nad-al-sheba,medium,ChIJobqykDRdXz4RFn4I97LEYKU
nad-al-sheba,medium,ChIJUax1zSldXz4REsvSzLAKQq0
nad-al-sheba,medium,ChIJ9fGtyhtdXz4R7QA59nTMK3s
nad-al-sheba,medium,ChIJc0IZaw5dXz4RRGESwJ79GQo
nad-al-sheba,medium,ChIJJSFzLBZdXz4RhhEaAriQEZ4
nad-al-sheba,medium,ChIJJ-Z1J7FdXz4RaXvI0VPa0N8
nad-al-sheba,medium,ChIJl7fLPNpnXz4R_zkMbuFuC3Y
nad-al-sheba,medium,ChIJ18BykgldXz4RVtoNdClWLXQ
nad-al-sheba,medium,ChIJf7NQ1xldXz4RXGh4KNFmrIo
nad-al-sheba,medium,ChIJgQkiixBdXz4RnN3lfLQA_g4
nad-al-sheba,medium,ChIJq6qqqjddXz4Rhrp-LIcaijk
nad-al-sheba,medium,ChIJAfinfbVdXz4Rv2Xdo8HyP-M
nad-al-sheba,medium,ChIJb4P-ikxqXz4RU5uH6EZ1neM
nad-al-sheba,medium,ChIJa6RFMfZdXz4Rm9vEZ_bENLw
nad-al-sheba,medium,ChIJUWJnWDBdXz4RIsmVjOuqFQM
nad-al-sheba,medium,ChIJO0HYnY5dXz4RzE6uk-ihc_E
nad-al-sheba,medium,ChIJnww0x_NdXz4R27oSQJ6hRig
nad-al-sheba,medium,ChIJyfPItvNdXz4RqEoYtb40LwM
nad-al-sheba,medium,ChIJv3Tju_NdXz4R8AwrSB2Op5o
nad-al-sheba,medium,ChIJC2S2-MddXz4RPO6OJQFIeNE
nad-al-sheba,medium,ChIJHRRLx59dXz4RIEeraUE_0C4
nad-al-sheba,medium,ChIJaQ06FQ1nXz4R1PXstZ5Ez1I
nad-al-sheba,medium,ChIJXZYxUuhDXz4Ryj9adQUkUic
nad-al-sheba,medium,ChIJqxrlxd5dXz4Rczmmr0avRmw
nad-al-sheba,medium,ChIJg3KJ-dtdXz4RWh5XMgAtnno
nad-al-sheba,medium,ChIJp5bnwWFdXz4RjsoXr7dbUyQ
nad-al-sheba,medium,ChIJiUHQkvddXz4RdY5qWkxKfL4
nad-al-sheba,medium,ChIJ4dmgO-9hXz4Rs5WytTfD5r4
nad-al-sheba,medium,ChIJSW1zuyBhXz4RqFo3pM3UzRw
nad-al-sheba,medium,ChIJ13X3hjxhXz4RmyOc4SN8FVc
nad-al-sheba,medium,ChIJT4n6R0phXz4RPwat6Axi93g
nad-al-sheba,medium,ChIJJym1WZlgXz4RDU-v4mRhckE
nad-al-sheba,medium,ChIJE1CVe7ZhXz4RPi3-mmioJNc
nad-al-sheba,medium,ChIJyxgqYEBhXz4RAZNvYw_LX3E
nad-al-sheba,medium,ChIJjQm_aR5eXz4RBuSMIYXLnQE
nad-al-sheba,medium,ChIJcSTLPuBhXz4RdV6E3PdOMGA
nad-al-sheba,medium,ChIJNaFSzPJhXz4ReVV0OP6vyd0
nad-al-sheba,medium,ChIJ8Yc6IgBhXz4Rdx4fS5Ow0SQ
nad-al-sheba,medium,ChIJa0rqaZJgXz4Re1XxxSHj5Ms
nad-al-sheba,medium,ChIJkWpwh_BhXz4R4dJNEDAXwmU
nad-al-sheba,medium,ChIJXf3q1wRqXz4RSrgwabJZY7Y
nad-al-sheba,medium,ChIJUX2qSwBhXz4RptuSK0u82tI
nad-al-sheba,medium,ChIJYch0DJpgXz4RNOdsjPZt4I8
nad-al-sheba,medium,ChIJlwYu_B1hXz4RZTOwsrvsdO0
nad-al-sheba,medium,ChIJTwgtSTVcXz4RIjgKUHZYlKg
nad-al-sheba,medium,ChIJlUgUk0pcXz4R8WgkFFJ94do
nad-al-sheba,medium,ChIJt3dVeg5vXz4R-2KQd4CmMas
nad-al-sheba,medium,ChIJt4AoBn5vXz4Rl7Q_OtgONYs
nad-al-sheba,medium,ChIJGRbY3F1lXz4RULbZs8s6cjk
nad-al-sheba,medium,ChIJMWSJVgDzUoURYiOuBKNTleI
nad-al-sheba,medium,ChIJze8iUQBlXz4R_c4OyWx_dWY
nad-al-sheba,medium,ChIJETrUK4BlXz4R49zoFOqvvJA
nad-al-sheba,medium,ChIJscJVW4FDXz4RQ88a-DznFsE
nad-al-sheba,medium,ChIJzb3LsI5CXz4Rk1w6UF3Gn6k
nad-al-sheba,medium,ChIJw2SgmU5pXz4Rfz58NkfTqSU
nad-al-sheba,medium,ChIJGVuPdplpXz4RL9_-8NUgIVA
nad-al-sheba,medium,ChIJT1Hj18NpXz4ROKPmlp3fPqI
nad-al-sheba,medium,ChIJHwO0dwBpXz4RM5-hbuPJfew
nad-al-sheba,medium,ChIJl2VXm15pXz4RRORHRQfgAZU
nad-al-sheba,medium,ChIJSxQmTzBpXz4RfvSmWsvy1wQ
nad-al-sheba,medium,ChIJ43MrMgVpXz4RGP6bYu8gaXQ
nad-al-sheba,medium,ChIJnUpu9MZpXz4R4jTWAjnQEW0
nad-al-sheba,medium,ChIJ4032HgBDXz4RJrXjEABBKuI
nad-al-sheba,medium,ChIJ2Tvo4C5oXz4Rd-Ojr80KO2g
nad-al-sheba,medium,ChIJIfW1ZF1pXz4Rzv60ZNi17yw
nad-al-sheba,medium,ChIJs909jE5pXz4RtKSpN4vHHUI
nad-al-sheba,medium,ChIJe96AarFdXz4R1fa8vqt9Qr4
nad-al-sheba,medium,ChIJE_tab0VhXz4ReV_bHaTmvz8
nad-al-sheba,medium,ChIJc5PkVpRpXz4Rq_2Cbs_CmJI
nad-al-sheba,medium,ChIJ50TTpI1nXz4RaqSoKFjAEW8
nad-al-sheba,medium,ChIJu-vSyFZlXz4RdtTYEsLN1DU
nad-al-sheba,medium,ChIJLxiFomptr4kRaWFjTp0jPPs
nad-al-sheba,medium,ChIJffs70exhXz4RZT7sYRh88us
nad-al-sheba,medium,ChIJV3iM8rdDXz4RO_pncMJf4ss
nad-al-sheba,medium,ChIJj8yAU8tCXz4ROU_DEpwV0cA
nad-al-sheba,medium,ChIJ2TuInGdDXz4RJK1DpAaVPi0
nad-al-sheba,medium,ChIJB01DrkthXz4Ra6_U9r6optU
nad-al-sheba,medium,ChIJQWSBZGthXz4Ro4fbXJE_78o
nad-al-sheba,medium,ChIJ__uojk9hXz4RZ8Rn2DxoMWg
nad-al-sheba,high,ChIJM8fdRdVvXz4Renbv4kiHe7k
nad-al-sheba,high,ChIJpbcAKFZxXz4RxSkZ_TAJ69E
nad-al-sheba,high,ChIJB5jPJQBvXz4RNV14eDEZsjI
nad-al-sheba,high,ChIJjToFURFvXz4R6vYsL0ElwE0
nad-al-sheba,high,ChIJr0DM93hxXz4RK-gsY2Qx8dw
nad-al-sheba,high,ChIJdyraDPh5Xz4R34aO9wPm56E
nad-al-sheba,high,ChIJa0TN9-VxXz4RxSMbxpXzac0
nad-al-sheba,high,ChIJpauUu-5xXz4RgooM9W3Oa6k
nad-al-sheba,high,ChIJuVb7JFZvXz4R4i2GWXDiSyo
nad-al-sheba,high,ChIJ2-ovMplvXz4RyX4r_oQ7ycA
nad-al-sheba,high,ChIJhR7xgQ9vXz4R_DHNyab7d0E
nad-al-sheba,high,ChIJV1t8T_FvXz4RQxzTeykQ-64
nad-al-sheba,high,ChIJ4zlwjihvXz4RgRVZyYd1gic
nad-al-sheba,high,ChIJxYEDqrtvXz4ROdRxDwW98lE
nad-al-sheba,high,ChIJuRItV1pvXz4RDyikHbCwXtE
nad-al-sheba,high,ChIJj5yMIXJuXz4RRDbWKMTCPu0
nad-al-sheba,high,ChIJ_3cd8NtvXz4RdhT5_M0FRoI
nad-al-sheba,high,ChIJccLd2X9vXz4Rei7lzTt5N78
nad-al-sheba,high,ChIJ3aP6j7hvXz4Rf8nb_6qElnI
nad-al-sheba,high,ChIJ6zPLjxZvXz4RBi8Z_6P-kPo
nad-al-sheba,high,ChIJ0yIYUnFuXz4RxEeQNv2BzdM
nad-al-sheba,high,ChIJ2bDzTzVuXz4RTJkqKFMgz1Q
nad-al-sheba,high,ChIJ206iCbZvXz4Rq3Zwg1M9RoY
nad-al-sheba,high,ChIJV1uf80puXz4Rc52nnaN4zr4
nad-al-sheba,high,ChIJ4V7lZhBvXz4RgbOwhFmVkKM
nad-al-sheba,high,ChIJUdN_NbNvXz4Rn-_W_7yLKrc
nad-al-sheba,high,ChIJWzXPzmNvXz4RJfl6Aix_b74
nad-al-sheba,high,ChIJMxIuLABvXz4RNsNPqOvXxjw
nad-al-sheba,high,ChIJ-RIG-T1vXz4RfJS75Xz-zoE
nad-al-sheba,high,ChIJtS1tnJ9rXz4RHzfSa65XG7w
nad-al-sheba,high,ChIJey-AeARvXz4RYT4o2ICbfkQ
nad-al-sheba,high,ChIJgzFdhEVvXz4RfFUxi7RUxzQ
nad-al-sheba,high,ChIJH7f3XthvXz4R88x3K_nW814
nad-al-sheba,high,ChIJO55c5TlvXz4RnSwQJqkRQ2Y
nad-al-sheba,high,ChIJUVdlILJvXz4Rkgl6CUtm4hk
nad-al-sheba,high,ChIJfX-wmphvXz4R2FjbEsZ9zjo
nad-al-sheba,high,ChIJZUUZelhvXz4R03pu6KUwLDk
nad-al-sheba,high,ChIJJ6SgNf9nXz4Rbi-MxPKgNX0
nad-al-sheba,high,ChIJf1uHVF1vXz4R_PgvE_iDdeg
nad-al-sheba,high,ChIJG_lBnh5vXz4RFf-fzpViDVU
nad-al-sheba,high,ChIJ_ytLU8hvXz4RZhKQkKfJiSk
nad-al-sheba,high,ChIJZwNBTwVvXz4RdP-Y_XSAFAc
nad-al-sheba,high,ChIJ-VZVpCRvXz4R9geUkFI53TA
nad-al-sheba,high,ChIJ__8_94puXz4RRr6WQ2wLdBU
nad-al-sheba,high,ChIJXbX5Y0ZvXz4R-DgfAQPgZkM
nad-al-sheba,high,ChIJ51gyj4puXz4R4MBu-EV-Hqs
nad-al-sheba,high,ChIJPdYXxPtvXz4RlLjDjn0h96c
nad-al-sheba,high,ChIJb1rjB8RvXz4RoHKEfoR_gA8
nad-al-sheba,high,ChIJO6eueq4EDowR5Y39_qFmCK0
nad-al-sheba,high,ChIJPbP38DJlXz4RfTGiZ3W_Fzs
nad-al-sheba,high,ChIJY9MZNvhvXz4RDTstUobCoS4
nad-al-sheba,high,ChIJY2PJKEdlXz4RXvLNfkJEjIA
nad-al-sheba,high,ChIJ9RtwOcplXz4R3ZZlFhxSxlI
nad-al-sheba,high,ChIJPY1rz75lXz4R5BD8ga6RB4Y
nad-al-sheba,high,ChIJKVma2d1vXz4RO3KzvSzSBP4
nad-al-sheba,high,ChIJPRDTDUdvXz4RB2FprX5HeYg
nad-al-sheba,high,ChIJQwBJk8NvXz4RkIx_tAQYo4o
nad-al-sheba,high,ChIJzx81zK9vXz4RHN3UOtKrKi4
nad-al-sheba,high,ChIJf6CO9v9vXz4RPz89YP4GQnk
nad-al-sheba,high,ChIJYeLHIKxDXz4Rb1a_NVBlntY
nad-al-sheba,high,ChIJ7TiGQZNvXz4RsQBI4VvYsnM
nad-al-sheba,high,ChIJ94qvnXdvXz4RSyovDe-z77Y
nad-al-sheba,high,ChIJldzzkhZvXz4RqP58EX3zYQ0
nad-al-sheba,high,ChIJl13_eyVpXz4RuyD2Mdz4dQ0
nad-al-sheba,high,ChIJ6yo1xAVDXz4RRB-E6eBv3Uk
nad-al-sheba,high,ChIJEULr2U1vXz4REyipqD_3eAs
nad-al-sheba,high,ChIJrdyGHIxlXz4RMXqOynIPONk
nad-al-sheba,high,ChIJcRT5AjxlXz4REVM-ZMw_o1U
nad-al-sheba,high,ChIJ_Rz8ffBlXz4RixdA6P0BB6c
nad-al-sheba,high,ChIJp45pIJFvXz4RhiV98_Ji_GE
nad-al-sheba,high,ChIJfaxM8S9lXz4RHkoHvPfytro
nad-al-sheba,high,ChIJCVBnVjVlXz4RiJmC7OHMlLI
nad-al-sheba,high,ChIJdUim7oBlXz4R9S6HG57onDI
nad-al-sheba,high,ChIJ917dV-xlXz4Rcxop9ZP3vLY
nad-al-sheba,high,ChIJg3BMKyxlXz4RLY7pIE47vQE
nad-al-sheba,high,ChIJ2cCtcn5vXz4R6Sge05ksYkc
nad-al-sheba,high,ChIJ5xF3BmZvXz4REOMRurzcLfk
nad-al-sheba,high,ChIJtc-oO7BlXz4RAenTObgmeIg
nad-al-sheba,high,ChIJga7G1g5vXz4R6I32rUYs5Oo
nad-al-sheba,high,ChIJWdLKyeplXz4RoXF6ZrJk178
nad-al-sheba,high,ChIJ_zanGIVlXz4RHcGTjal0YLE
nad-al-sheba,high,ChIJgYMWJLxlXz4RMZ-B628d5Kw
nad-al-sheba,high,ChIJYfsLPAJlXz4Rx0rLrAOelm4
nad-al-sheba,high,ChIJm9oqm41kXz4RR_VFWRZ8j3A
nad-al-sheba,high,ChIJ07r3PPhlXz4R-I79DdPzB74
nad-al-sheba,high,ChIJWZALWPNkXz4RCGktGh7MECQ
nad-al-sheba,high,ChIJCSFxyI1kXz4RhK8kGl3WHrc
nad-al-sheba,high,ChIJiZv--UNlXz4RAS-NyEJ2YVQ
nad-al-sheba,high,ChIJc1_0JGJlXz4RvF_0DH0U62g
nad-al-sheba,high,ChIJY3kRIKhlXz4R_pWQqmSHv40
nad-al-sheba,high,ChIJVT51brdlXz4R82FpvmSZaEw
nad-al-sheba,high,ChIJ-6pk77dlXz4R6LTw2zZbZ3w
nad-al-sheba,high,ChIJEUmGiNtlXz4R_hPdiBSMQvk
nad-al-sheba,high,ChIJPQT7VMFlXz4R-vM1YJcR0r0
nad-al-sheba,high,ChIJiR6yLYNlXz4RcnsRKn2pJko
nad-al-sheba,high,ChIJywgCk5qPOUgR4NOYnBx_4Q8
nad-al-sheba,high,ChIJqbF3oddlXz4R8JAAkszwPKg
nad-al-sheba,high,ChIJy9JKGPBlXz4RiRZO7zcHVbk
nad-al-sheba,high,ChIJqwq2NVFpXz4RMjx88Nz2EaU
nad-al-sheba,high,ChIJhbXVqRtpXz4RFkKE772AO8Q
nad-al-sheba,high,ChIJGQHuH9tpXz4RCdhOYe4zaVQ
nad-al-sheba,high,ChIJD7jeX01vXz4RVRMCBIiPawE
nad-al-sheba,high,ChIJbev-qwNpXz4R92w3l3EeDN0
nad-al-sheba,high,ChIJb3hmvhhpXz4RgFy4CfzNLoE
nad-al-sheba,high,ChIJo5_Sy5VlXz4R3dERIYwva4s
nad-al-sheba,high,ChIJpcEpTollXz4RYWx3J_3jiFI
nad-al-sheba,high,ChIJwfOXOuNlXz4Rhv9XhOocsEw
nad-al-sheba,high,ChIJNw6Op_1lXz4RiraAUs5U76E
nad-al-sheba,high,ChIJjSHYKmdlXz4R7199l-Nl7Pw
nad-al-sheba,high,ChIJT0MB79BlXz4R3Ue-of9OgY8
nad-al-sheba,high,ChIJC-2Th4xlXz4Rw5caWKJ5tYc
nad-al-sheba,high,ChIJHf1YcR1lXz4R_GhOxTT3lJA
nad-al-sheba,high,ChIJx6wkCWtlXz4RX7Ku5gat0DU
nad-al-sheba,high,ChIJAemqn4tlXz4RluxuNtm2n_0
nad-al-sheba,high,ChIJ--suGWRlXz4RxJXiRY8kj0s
nad-al-sheba,high,ChIJH3yBpCplXz4RZonQD1ayXQo
nad-al-sheba,high,ChIJT-CEh2hkXz4Rqi92Z6ZL_nw
nad-al-sheba,high,ChIJ57SKJG5kXz4ROxQxs202Ozk
nad-al-sheba,high,ChIJ4yLyvpJlXz4R9mnI2Y4Podc
nad-al-sheba,high,ChIJ38JVwPRlXz4RMA0uZNO0buk
nad-al-sheba,high,ChIJrQxExWhlXz4ROCa5WYFMqI8
nad-al-sheba,high,ChIJUWxyKNFlXz4RVXAWN5T6lPs
nad-al-sheba,high,ChIJhdXRHKRlXz4RqVR2Jdq1YKw
nad-al-sheba,high,ChIJT35jK25kXz4RqiqOZ4KTtwk
nad-al-sheba,high,ChIJn-15vKhlXz4RjvDBtBNWL6c
nad-al-sheba,high,ChIJDdodtc9jXz4R3ti9_nqWpII
nad-al-sheba,high,ChIJNZHv4yZlXz4R40GyJJb_xJE
nad-al-sheba,high,ChIJm6_EBkBlXz4RQCuT4_8QHCA
nad-al-sheba,high,ChIJs5MZ2NTsNiYRRsUmv629P2E
nad-al-sheba,high,ChIJhxnrPQBjXz4RcUaVRViuFYQ
nad-al-sheba,high,ChIJC4TfiutlXz4RhAKMGThmIBM
nad-al-sheba,high,ChIJeT1ymMxlXz4RZ3vObyKgSuo
nad-al-sheba,high,ChIJL9GqvqxlXz4RBm_WM6JKV7A
nad-al-sheba,high,ChIJxanDWwBlXz4RTto-wgop4FM
nad-al-sheba,high,ChIJY0phdN1rXz4REnOYlJUocFA
nad-al-sheba,high,ChIJmwSByiZqXz4R71zuNrtpdQQ
nad-al-sheba,high,ChIJB3ibexBpXz4RWUiiiIhfd3E
nad-al-sheba,high,ChIJgXm1JUBrXz4RytE-OTZQYvM
nad-al-sheba,high,ChIJ8-2cniRqXz4RxP4N5tsMRIs
nad-al-sheba,high,ChIJ-x2G8eFrXz4RTbYOYqcjbzw
nad-al-sheba,high,ChIJt7gZNidrXz4RhTQkfNNsyhQ
nad-al-sheba,high,ChIJW2LRvOFpXz4R9PtTPVun_dM
nad-al-sheba,high,ChIJ06d9E-BpXz4R1NMNghcBTMs
nad-al-sheba,high,ChIJ5T7zUJtpXz4RKjmYJalkRLE
nad-al-sheba,high,ChIJMbEyjAxpXz4REHnzrDi162k
nad-al-sheba,high,ChIJzckmtpRpXz4Ryjt_12Z3QsA
nad-al-sheba,high,ChIJccJ83etpXz4R2crhhTWvWUM
nad-al-sheba,high,ChIJVew1lrdpXz4RMXwmYrWcwbI
nad-al-sheba,high,ChIJF6qiTdZpXz4RC91u2RSbWo4
nad-al-sheba,high,ChIJJTOjShRpXz4Rz89x3PV_ClA
nad-al-sheba,high,ChIJ01kQZkVpXz4RuWinByM2B94
nad-al-sheba,high,ChIJPyCPNnBrXz4RnvTY2E0sr0U
nad-al-sheba,high,ChIJPVos8UhpXz4RJOi12LXUmMg
nad-al-sheba,high,ChIJIwLD1L1vXz4RIO8T1NHJUxA
nad-al-sheba,high,ChIJg-5VBQBpXz4RlWgmAoyu3Uo
nad-al-sheba,high,ChIJnUQzSQBpXz4RVjwEb294ia8
nad-al-sheba,high,ChIJNyDuH3VpXz4RzBl3M_1dpdI
nad-al-sheba,high,ChIJKfGJ-9lpXz4R_aJd2kNBjnA
nad-al-sheba,high,ChIJvY8VYoFpXz4R3WZqLQyUOYo
nad-al-sheba,high,ChIJu8zvAndpXz4RTqEb041058E
nad-al-sheba,high,ChIJLSKu0D5nXz4RGBDK06c050k
nad-al-sheba,high,ChIJL1pAXxlpXz4REYAGY2DQ7oE
nad-al-sheba,high,ChIJfyvyeJxpXz4R95d_eDOquYM
nad-al-sheba,high,ChIJ7XW19Bz0uw8RACWkZpqJL1s
nad-al-sheba,high,ChIJo9BeWK1pXz4R2PtK_CJ-H3U
nad-al-sheba,high,ChIJf5kyjC5pXz4R56eq5RQat2Q
nad-al-sheba,high,ChIJcdO6tMppXz4RmM-QqbWBV5A
nad-al-sheba,high,ChIJV8xH9xZnXz4Rzp-5IMdmyCY
nad-al-sheba,high,ChIJQ0rUvPZnXz4RKQZx1N6r8ro
nad-al-sheba,high,ChIJrwz-6ktnXz4RThRfJCdAdsM
nad-al-sheba,high,ChIJZ_wIswtnXz4RdMnU_26j8yk
nad-al-sheba,high,ChIJLRC3h4VDXz4RqDuOWPkR1v0
nad-al-sheba,high,ChIJ2xuub2NnXz4RW-ld2i0rn5Y
nad-al-sheba,high,ChIJByQWay9nXz4RdepbnyXyo_Q
nad-al-sheba,high,ChIJgY2AawBnXz4RvrQgAzAaYGc
nad-al-sheba,high,ChIJx--xod1nXz4R9pUr1Qw22GU
nad-al-sheba,high,ChIJ57yPnRBlXz4RRiimmiiLf5U
nad-al-sheba,high,ChIJy4AVMdZhXz4RWS2ku-D22NU
nad-al-sheba,high,ChIJh5GWp2phXz4RYMsbeBFFZxk
nad-al-sheba,high,ChIJHZTtagBnXz4R-T_iYrv9Y-4
nad-al-sheba,high,ChIJP3sM4hVnXz4Rw3xRWVI9XKU
nad-al-sheba,high,ChIJsy5y6KBjXz4RSrru6jitzcc
nad-al-sheba,high,ChIJJx4Kt59jXz4RDJTAWzsEIHg
nad-al-sheba,high,ChIJn-n337FnXz4R8vaArJBcByk
nad-al-sheba,high,ChIJ39L9PCBnXz4Ruj0HEMZVO9Y
nad-al-sheba,high,ChIJwRk_qm1DXz4RNPf8_w03wfU
nad-al-sheba,high,ChIJ3fEZOAxjXz4RIqY8t3dl6P8
nad-al-sheba,high,ChIJi6kBHCJqXz4R1LSoBgFHpC4
nad-al-sheba,high,ChIJmbQT5Q9pXz4RTcITLViIWjM
nad-al-sheba,high,ChIJ0Y0DQ-1DXz4RCSA0T_vf9P8
nad-al-sheba,high,ChIJhaG4jh5pXz4RRgJr20PuSWo
nad-al-sheba,high,ChIJ6SoDggRqXz4R7BAvkaFzkRk
nad-al-sheba,high,ChIJ905RFkNpXz4R5ABvz9GUTwo
nad-al-sheba,high,ChIJ_6O7ZhgsmEMRDRb3so4R4O0
nad-al-sheba,high,ChIJHbEf4F65eiURxBnD7-heiBg
nad-al-sheba,high,ChIJcUON1vVpXz4R7_DyGfj8ljw
nad-al-sheba,high,ChIJ2bVGXh1pXz4RAFaCrsWU1R4
nad-al-sheba,high,ChIJg-gkNrppXz4RNh9RysXlWcg
nad-al-sheba,high,ChIJQWakM0BpXz4RWiHoZdv1lVA
nad-al-sheba,high,ChIJF-Ow-SdpXz4R_0n40jRhQNo
nad-al-sheba,high,ChIJ8QQdkq5pXz4RX3FnLte83Rk
nad-al-sheba,high,ChIJmRKa_5hpXz4R_9Hpp02ls90
nad-al-sheba,high,ChIJ82MttINpXz4RmdheptphCSQ
nad-al-sheba,high,ChIJfxKczKBpXz4R5_eQ3rHhTp0
nad-al-sheba,high,ChIJY99J8J1pXz4R6vYZRRjwm2E
nad-al-sheba,high,ChIJpXfDnTUnRggRqNJ7dLJVWXE
nad-al-sheba,high,ChIJWd2MolBpXz4RMaI1wxGdL74
nad-al-sheba,high,ChIJpWQUEjJoXz4RlI6OwXS5va8
nad-al-sheba,high,ChIJC635ED9pXz4Rzy7DksENhsE
nad-al-sheba,high,ChIJx9yRrY5pXz4RVwMdh-0rbIk
nad-al-sheba,high,ChIJ9fiqSGFpXz4RzQVfvnoD0eM
nad-al-sheba,high,ChIJMciJj51pXz4RBhHoFazX-mw
nad-al-sheba,high,ChIJuQSymgdpXz4RQMKEUEuNCvc
nad-al-sheba,high,ChIJSYDoMPRpXz4RO37A4YnIg_c
nad-al-sheba,high,ChIJpcG8VL9pXz4Rx8R4UD6Qjyg
nad-al-sheba,high,ChIJL5Vn-WZpXz4R84H3ZwDMXNQ
nad-al-sheba,high,ChIJNYpoaktpXz4RvWyXhptbmGA
nad-al-sheba,high,ChIJMaXbMwBpXz4Rfy9Nu7-IpLc
nad-al-sheba,high,ChIJh_lp3yBpXz4R5i25x2_o-Pw
nad-al-sheba,high,ChIJ55fnfRldXz4Rhugo9GcCMRg
nad-al-sheba,high,ChIJDa8wWtNpXz4RpPMYhiW0Cvc
nad-al-sheba,high,ChIJ2-cSD2ppXz4RgieAyPBDatg
nad-al-sheba,high,ChIJQVQek59rXz4RAG7c_F1lfF4
nad-al-sheba,high,ChIJwQZOJ_V7Xz4R-GbG3nOBR9s
nad-al-sheba,high,ChIJ2bmyEMZrXz4R_OLIvz40tDI
nad-al-sheba,high,ChIJcYYO9NJpXz4R5ayXhS1-h08
nad-al-sheba,high,ChIJj8yR8RppXz4Ro1SLfUtxPZk
nad-al-sheba,high,ChIJLQrX-sJpXz4ROS8lWWkR62g
nad-al-sheba,high,ChIJ8cF-LmhpXz4Rqqda-d055es
nad-al-sheba,high,ChIJ6RREWe1pXz4RX7j2D37MuOo
nad-al-sheba,high,ChIJFZjcVgBpXz4R6Md6mHK7nG4
nad-al-sheba,high,ChIJxSCQ0ltmXz4RBDXnZ2z93kY
nad-al-sheba,high,ChIJ22tpJuhnXz4RpijOmmdUyq0
nad-al-sheba,high,ChIJXTH26w5nXz4Rl4CiRKs9tt4
nad-al-sheba,high,ChIJiw35AzdnXz4RVRJ6F9-ggkM
nad-al-sheba,high,ChIJuWItKrRmXz4Rv5r4d0Bt0l0
nad-al-sheba,high,ChIJ-cOVENZhXz4RHu_PvQSKXgc
nad-al-sheba,high,ChIJs4jpcKxnXz4R-oJyGOwSU-c
nad-al-sheba,high,ChIJxTKT9PZnXz4RTeQKr9lpxH8
nad-al-sheba,high,ChIJhw_xEt0qL4gR6Bishu08MI8
nad-al-sheba,high,ChIJ-4aAroJoyocRmi2d7LwBVcg
nad-al-sheba,high,ChIJoUdhgmFnXz4RVzMJYbIVrxo
nad-al-sheba,high,ChIJgyzBRgVnXz4RZhemhYppi_Q
nad-al-sheba,high,ChIJ7ZL6WrRmXz4RWJI163Dc7UQ
nad-al-sheba,high,ChIJuzmZrS1nXz4RzjAWSyBIqvg
nad-al-sheba,high,ChIJUeqh-bNmXz4R0G9XxI5cJPs
nad-al-sheba,high,ChIJ82nBnRhhXz4Rv1KPOxbejJk
nad-al-sheba,high,ChIJ8Uc3ZS5hXz4RVamF1VJU_yA
nad-al-sheba,high,ChIJAch-r0hhXz4RqhO-RtZjmJU
nad-al-sheba,high,ChIJ-bwr_cBhXz4R_A7f-_yL6CE
nad-al-sheba,high,ChIJ2wrcY99hXz4REOoLVtiJjGQ
nad-al-sheba,high,ChIJk27KicFhXz4RQpyMtihuVLo
nad-al-sheba,high,ChIJ2Z-uxVlhXz4RYxCu15KDbYE
nad-al-sheba,high,ChIJmbrs0SNhXz4RjWt44UckSIw
nad-al-sheba,high,ChIJLbYRUTVhXz4RNhPFDAH3VdQ
nad-al-sheba,high,ChIJtcE4rb9hXz4RqM9jKkNVzZQ
nad-al-sheba,high,ChIJuTOTorhhXz4RpoQyb-Rpviw
nad-al-sheba,high,ChIJO6eU7Q9hXz4RiUGvjK3GsdU
nad-al-sheba,high,ChIJC_qVUOhjXz4RYVaBUlzbsok
nad-al-sheba,high,ChIJF7iiZgBjXz4R3N42R0BK600
nad-al-sheba,high,ChIJj9Mr4JBDXz4Rv6KTbCsoszY
nad-al-sheba,high,ChIJHVXH-_ZpXz4R-yZ5Da8l_fI
nad-al-sheba,high,ChIJTZQd4v9pXz4RUFUMrWEyff0
nad-al-sheba,high,ChIJxyO0XT1DXz4R7VZlMXG-I_c
nad-al-sheba,high,ChIJ64YtRDJDXz4R7mFPuC4lgB0
nad-al-sheba,high,ChIJO_iqMetCXz4R0JHA1kRnG6s
nad-al-sheba,high,ChIJI1r4IP1CXz4RcTn5yOX5MXg
nad-al-sheba,high,ChIJ0UD1bJRDXz4R6WaTdVoYRZ8
nad-al-sheba,high,ChIJre3cwVhrXz4Ryya3lYa7Slk
nad-al-sheba,high,ChIJQYuPrm1DXz4RnfOXvLVDXb0
nad-al-sheba,high,ChIJB1KUASZDXz4Rjn8jkMaI0QA
nad-al-sheba,high,ChIJj7jMk9dpXz4RpgWmZysF8Mk
nad-al-sheba,high,ChIJIfaNTpJpXz4Rf2hAPr4ITJY
nad-al-sheba,high,ChIJjTTlILtpXz4R9D--AtcxpyI
nad-al-sheba,high,ChIJ8YM0cOlpXz4RAmBHRrU5TVg
nad-al-sheba,high,ChIJCQB88-JpXz4RU_pzq5Fp4JA
nad-al-sheba,high,ChIJ90ydelZDXz4RQc9i3swo3eU
nad-al-sheba,high,ChIJO_6URRppXz4Rp3WvCoOj6zg
nad-al-sheba,high,ChIJH2Pi7h9rXz4RAoP2g7eSxhE
nad-al-sheba,high,ChIJfdpFo1FpXz4R4AsBNpmPgYg
nad-al-sheba,high,ChIJQaw2fwtCXz4Rnvy3bF4gae4
nad-al-sheba,high,ChIJB_1pvVdpXz4Rv1nTixHTcJY
nad-al-sheba,high,ChIJdWPzvGhDXz4Rb-ODwtXveo4
nad-al-sheba,high,ChIJj4ruxS5DXz4Rnwa0xss7RRc
nad-al-sheba,high,ChIJk7BNq4JpXz4R32UzidiqOF8
nad-al-sheba,high,ChIJ00cEbsBpXz4RP7zwiBHcMCY
nad-al-sheba,high,ChIJK1VAzatDXz4Rq-4cA4BIN14
nad-al-sheba,high,ChIJlcpfSXxCXz4RSCAq5R26n3c
nad-al-sheba,high,ChIJ74TuJThpXz4R0grQUFgC4YU
nad-al-sheba,high,ChIJgarf82RCXz4Rk5W7_Oh9ZCM
nad-al-sheba,high,ChIJU9tRFZBpXz4RCtjRVR5Mbrs
nad-al-sheba,high,ChIJ7ddNpqppXz4RUcsINlXKdig
nad-al-sheba,high,ChIJx0WdTdtpXz4R-rWz9lgwd8I
nad-al-sheba,high,ChIJC-YJFChoXz4Ru7vsBmyQHMg
nad-al-sheba,high,ChIJA0TF43hpXz4R1xS9rpItnnM
nad-al-sheba,high,ChIJe6f_Kp1pXz4R4Hlh1KIojoc
nad-al-sheba,high,ChIJcdNVXdhpXz4RholO2M5netU
nad-al-sheba,high,ChIJ25If95RpXz4Rf__xdh5OTXg
nad-al-sheba,high,ChIJI4elhJxpXz4RxxBRnNA489w
nad-al-sheba,high,ChIJh1suPOdpXz4RSxCY97bhkNM
nad-al-sheba,high,ChIJPSv6UmVpXz4RD8D6scSDhmI
nad-al-sheba,high,ChIJM5UAbTlpXz4RTzNOf_SieYE
nad-al-sheba,high,ChIJqeQKEosVuywRK5aPS93zj48
nad-al-sheba,high,ChIJl_V8WalpXz4RXKaTB_V_y2U
nad-al-sheba,high,ChIJy64j2UxpXz4RbA3zoorvT8M
nad-al-sheba,high,ChIJJ2j7HCVpXz4RCuSqWS9uCWA
nad-al-sheba,high,ChIJjdvGXWj8rUwRPZW9_g5XC3E
nad-al-sheba,high,ChIJgUaLe9tDXz4Rn5r_LHtoGZQ
nad-al-sheba,high,ChIJSVZc4NFpXz4RcxNHrgH5Cew
nad-al-sheba,high,ChIJQ1Qz_sFpXz4R10KhyIosOfE
nad-al-sheba,high,ChIJn8ZZQ_lpXz4RY4Eyx61aJfk
nad-al-sheba,high,ChIJTTjZohJnXz4RLZO4TXpG-qk
nad-al-sheba,high,ChIJT0AQ1n5nXz4RjOKXwpkzhEY
nad-al-sheba,high,ChIJ3XPBxZlhXz4RRQ7K1QNxXfA
nad-al-sheba,high,ChIJc-XHkRJJC4ARQioJL4ZTssI
nad-al-sheba,high,ChIJk2vrMWppXz4RGutjLinVmmI
nad-al-sheba,high,ChIJPw22BMZnXz4R9f0kWfaMBcg
nad-al-sheba,high,ChIJoajPqSdnXz4RDl2n5wydMTQ
nad-al-sheba,high,ChIJ6ZQxC7RnXz4RqnCroiwMuMY
nad-al-sheba,high,ChIJhV-jWiVnXz4RRvhjLDI4eeY
nad-al-sheba,high,ChIJt0PRI9VnXz4R6cLfcZ2CQqA
nad-al-sheba,high,ChIJ96MBJCJnXz4R3fmAVRU8dkc
nad-al-sheba,high,ChIJNVRR1jxnXz4RgUheGZafAng
nad-al-sheba,high,ChIJbZ9sKCJnXz4R5etfw8-hPrk
nad-al-sheba,high,ChIJaU06UbJnXz4RjymQpMEOrlI
nad-al-sheba,high,ChIJN9GXfiFnXz4RB1h1C-0HwyU
nad-al-sheba,high,ChIJCQ-j-rVnXz4RAc55X4uk7MQ
nad-al-sheba,high,ChIJZcp6qrNnXz4RgjHeyT2fs80
nad-al-sheba,high,ChIJj8F2ecRnXz4RwM7JfxJy_rY
nad-al-sheba,high,ChIJD7RMJyJnXz4R-2RiGsWUzhU
nad-al-sheba,high,ChIJieL6pPBnXz4RlHCXGysyqXM
nad-al-sheba,high,ChIJa6VH7T1nXz4RYkIkzdemfr8
nad-al-sheba,high,ChIJVZxgDwBnXz4R4UwUSaQtENs
nad-al-sheba,high,ChIJxbo1zKhtXz4RlJIfAV8ap3A
nad-al-sheba,high,ChIJxYEVxhZhXz4RiyCA3bE9lMY
nad-al-sheba,high,ChIJS7h9niphXz4Rj-MRTZZ5FhM
nad-al-sheba,high,ChIJ3RuWcyxnXz4RCLO-jnWZGz0
nad-al-sheba,high,ChIJIWnOw6xnXz4RUEkZG9Bb87M
nad-al-sheba,high,ChIJPbDoe05hXz4RP77AYns8EZM
nad-al-sheba,high,ChIJU90E1hVhXz4RKbhXBXGvb2w
nad-al-sheba,high,ChIJzyOoiNVnXz4R3-OlizbH3yE
nad-al-sheba,high,ChIJXxhsHtVgXz4RPqhOOKX78gI
nad-al-sheba,high,ChIJX8JEWtRgXz4R8lwfLlrHRww
nad-al-sheba,high,ChIJAYtbRnBhXz4R_1Hf8c6DSYQ
nad-al-sheba,high,ChIJWeMuTpJcXz4Rp0jl14Nu0n0
nad-al-sheba,high,ChIJ6aC-giphXz4RYJgEINdIGNk
nad-al-sheba,high,ChIJJygT_P1gXz4RggrF7atrAkg
nad-al-sheba,high,ChIJL_QEkTpcXz4R7As6m_Q-BoE
nad-al-sheba,high,ChIJ0UDwxztcXz4R_WI_BKhMQMo
nad-al-sheba,high,ChIJ7zNRkgFhXz4R-0gn-lWqmpg
nad-al-sheba,high,ChIJ8T1hzpZcXz4RN0Yw4opznAo
nad-al-sheba,high,ChIJaQ9wZeNhXz4RR0dWJH5iQnE
nad-al-sheba,high,ChIJHWsZFt5hXz4RpOwEA-S8SI0
nad-al-sheba,high,ChIJRRqnottgXz4RrzDx1wDnLig
nad-al-sheba,high,ChIJmRWH5F9hXz4RhGk4MRZLPUc
nad-al-sheba,high,ChIJJUS1xjphXz4R7SfAMZyI8r4
nad-al-sheba,high,ChIJq6qqqiZhXz4Rr4q81wQyQq8
nad-al-sheba,high,ChIJqYLy1kRtXz4RnWuhFR4bkr0
nad-al-sheba,high,ChIJwZpk-11DXz4RpXWNPfc_7j0
nad-al-sheba,high,ChIJYYU_KS1DXz4RdcjCg_AwXeE
nad-al-sheba,high,ChIJw5hG6zZqXz4RMwxx2F-B6QE
nad-al-sheba,high,ChIJPd_il09CXz4RNCGy4Mah_Mo
nad-al-sheba,high,ChIJU6AlfpVbXz4RGFbwztuNhVQ
nad-al-sheba,high,ChIJsx8-I0FCXz4RkF31mTk1790
nad-al-sheba,high,ChIJA4o41LVDXz4RcA2P_3VqBsU
nad-al-sheba,high,ChIJnSNwimRCXz4RFzl5J6yPzDU
nad-al-sheba,high,ChIJL463FRFDXz4ReHgw1Q3vvYA
nad-al-sheba,high,ChIJS15ZNqBDXz4RWD6tXpCSYCk
nad-al-sheba,high,ChIJKYrtrEVDXz4RcIuya45HC2s
nad-al-sheba,high,ChIJoch8ETpDXz4RQJhQJcNI_eA
nad-al-sheba,high,ChIJ__-vrIlCXz4RU6n0DOZPvK0
nad-al-sheba,high,ChIJSczn7OhDXz4Rx15psO4LBMc
nad-al-sheba,high,ChIJI_Ppl_JCXz4RyW7l5QTBQjs
nad-al-sheba,high,ChIJM8YbS4hDXz4RunUs-JfLIUY
nad-al-sheba,high,ChIJnXnqttZDXz4RvEdHTZdkRT0
nad-al-sheba,high,ChIJiTDAc45CXz4R1sFRBmmcgdg
nad-al-sheba,high,ChIJ9bLfzDJDXz4RbUxa6BfnulM
nad-al-sheba,high,ChIJaTs5JpZDXz4RWVY_icT2GvA
nad-al-sheba,high,ChIJq2MX2l9DXz4RX6In4hKNMvo
nad-al-sheba,high,ChIJ65jZ-V5DXz4R5SvthuZhiTE
nad-al-sheba,high,ChIJA5NM7-1CXz4Rx5rqB7fcZuE
nad-al-sheba,high,ChIJ6yfuNu9CXz4RSZxfr53hK6A
nad-al-sheba,high,ChIJ8ayA7fxDXz4Rav_b-4pF62U
nad-al-sheba,high,ChIJg_bFekddXz4REnOm468lyLk
nad-al-sheba,high,ChIJYdknQNxdXz4R-qdL_1jzhgE
nad-al-sheba,high,ChIJHYCY2gBdXz4Rhmm3ZEuuzys
nad-al-sheba,high,ChIJwcT0JgBdXz4R-DwAh-82h-o
nad-al-sheba,high,ChIJX3KcVdddXz4R2cZ32MtzAkY
nad-al-sheba,high,ChIJfbr9uSBdXz4RpYKsKMbx1-Q
nad-al-sheba,high,ChIJgdmN5AldXz4RrUS80Bn7Itc
nad-al-sheba,high,ChIJl0RB9xD_tgsRegMj41YzE5Q
nad-al-sheba,high,ChIJ_9dvpTNdXz4RKngx7hesHp4
nad-al-sheba,high,ChIJK0bEWOldXz4Rk-HOBfGDFm8
nad-al-sheba,high,ChIJNcZgOsxdXz4RGKFABH5lZaQ
nad-al-sheba,high,ChIJ3djCs8VdXz4RIESwvoo65t4
nad-al-sheba,high,ChIJAQIraVFnXz4R8UyNKUHARJg
nad-al-sheba,high,ChIJ_____35nXz4Rqm1F4eeHBBw
nad-al-sheba,high,ChIJRyja_X5nXz4RF_HBCeYZ9Ko
nad-al-sheba,high,ChIJa-tOPy9nXz4RO-a7rmFRpek
nad-al-sheba,high,ChIJnWUXitBnXz4RpsQGJYttC-g
nad-al-sheba,high,ChIJ9zni5CxnXz4RYkBFMmjm6MM
nad-al-sheba,high,ChIJe6Kzb3xdXz4RKzjTc4Q0VsA
nad-al-sheba,high,ChIJ7XTRCvxdXz4RvoYk1lrTwHw
nad-al-sheba,high,ChIJ54PE32NnXz4RggzfKf_eLyw
nad-al-sheba,high,ChIJ-6lvMLlnXz4RAWRCDUhTRy0
nad-al-sheba,high,ChIJUWD2BlxnXz4RADoI3-el_64
nad-al-sheba,high,ChIJaTqGt_NdXz4RJPCbJqOZF2E
nad-al-sheba,high,ChIJ50DICttnXz4Ra3KfHgO3HZU
nad-al-sheba,high,ChIJiV8912VnXz4R9S0cBE9nfrQ
nad-al-sheba,high,ChIJRx7AE-lnXz4RwqOU8-tGkUU
nad-al-sheba,high,ChIJFdgpCWRnXz4Rns1aRLL0NbA
nad-al-sheba,high,ChIJ990ttmNdXz4RNIfeNp9L4ok
nad-al-sheba,high,ChIJx_FHjb5dXz4RiYZKjAiLGnY
nad-al-sheba,high,ChIJd10kwPddXz4RqMNSzN-RMwE
nad-al-sheba,high,ChIJYZDSemlnXz4Ro8iX-HS7dRU
nad-al-sheba,high,ChIJ6czHN_pnXz4RcZVIDp-k3JA
nad-al-sheba,high,ChIJy67R6jtdXz4RTz5cT1JOL3A
nad-al-sheba,high,ChIJgy_72bZhXz4R2Ai3UayDt7c
nad-al-sheba,high,ChIJtcmijnhhXz4R6Mvnk0xrhr4
nad-al-sheba,high,ChIJ3WcHYKJgXz4R-qKbDTrZVog
nad-al-sheba,high,ChIJScplBrRgXz4RLPW3nEWNtuQ
nad-al-sheba,high,ChIJiylkaSdhXz4RE0nwVI4OR2Q
nad-al-sheba,high,ChIJA74ot6RgXz4RClsSDg2I2OE
nad-al-sheba,high,ChIJi3Oh9EhhXz4RrFHQy8FnM9w
nad-al-sheba,high,ChIJe-0wLMthXz4R0j9s_Y0a9FU
nad-al-sheba,high,ChIJRQHEp-tgXz4RjPFNhFYZlVc
nad-al-sheba,high,ChIJQQ2WSlxhXz4R9tsVXUmEjcM
nad-al-sheba,high,ChIJfWjzrZVhXz4R2gOQ46Ams9o
nad-al-sheba,high,ChIJMRLGEU1hXz4RPj3LAt32oCo
nad-al-sheba,high,ChIJq8ya9SdhXz4RQsK6_4hgzls
nad-al-sheba,high,ChIJQ3rnkVBhXz4RtgefhpUOauM
nad-al-sheba,high,ChIJ-0U6Z-dhXz4RXRJa0Mc3Hhc
nad-al-sheba,high,ChIJoxAi2QxhXz4RW8iaxk-7jo0
nad-al-sheba,high,ChIJOxA3apJgXz4RS1_ETpmpCzQ
nad-al-sheba,high,ChIJ15PLWpJgXz4R5U6x1jNpKmA
nad-al-sheba,high,ChIJIV5u57lhXz4RTiAAlQApPLA
nad-al-sheba,high,ChIJR9fyi3vROAMRFfcKvuznzWg
nad-al-sheba,high,ChIJbWKo8dthXz4Ryldl6yieAe4
nad-al-sheba,high,ChIJC-JsJAthXz4R_9QZZP2u5bg
nad-al-sheba,high,ChIJkZWwGlphXz4RSyv2Ojl-cWs
nad-al-sheba,high,ChIJBTAVWr1gXz4R2Rm3lu_LsZY
nad-al-sheba,high,ChIJK2Od559hXz4RbGXCEq7mPzw
nad-al-sheba,high,ChIJIx1uJwCL9T4Rparz3amzlaU
nad-al-sheba,high,ChIJt-lnnICL9T4R5OpyCNwdKBM
nad-al-sheba,high,ChIJVQh_dACL9T4RYg07-HwgtQ8
nad-al-sheba,high,ChIJJcv-FDlDXz4ReaQQGfjufRU
nad-al-sheba,high,ChIJVXuVdgRDXz4R1_fh8fSzBB8
nad-al-sheba,high,ChIJ173lcARDXz4RsOtGVejMk_Q
nad-al-sheba,high,ChIJL6mc-5BDXz4R9pu0yyhHx5w
nad-al-sheba,high,ChIJ8xifsMZDXz4RCtka8ZHGSHM
nad-al-sheba,high,ChIJMaWgeOVDXz4Rb0ejuFUxp3o
nad-al-sheba,high,ChIJs5DYDwFDXz4RWjm47yZqAkI
nad-al-sheba,high,ChIJdWqSLe5DXz4RFI6VkXTwzRU
nad-al-sheba,high,ChIJb63oRkJDXz4RTjHA6eW7Xq8
nad-al-sheba,high,ChIJS_Bm19dCXz4RoldSfGCt6rE
nad-al-sheba,high,ChIJ445b-mJDXz4RhC-FtqY1pdI
nad-al-sheba,high,ChIJ0_62TctCXz4RcoHXK9X6ZCo
nad-al-sheba,high,ChIJzYyp-npDXz4RMvc8cbmKdfA
nad-al-sheba,high,ChIJ5X5ZzqhDXz4RkPi33Lq0vVU
nad-al-sheba,high,ChIJSboImmdDXz4RvsmtSWva3UM
nad-al-sheba,high,ChIJUTC8XH1DXz4Rmk3LUBlh1GE
nad-al-sheba,high,ChIJj8Yznu5dXz4Rjf59z-Uk9tY
nad-al-sheba,high,ChIJlbi2Ry9DXz4R2vX342Rv1lk
nad-al-sheba,high,ChIJmTxeuidDXz4R7tfgd4ZbbWk
nad-al-sheba,high,ChIJpxgrVi5DXz4Rm2MXZvrmZhk
nad-al-sheba,high,ChIJoUlx-ydDXz4RH-9QPpRFqrE
nad-al-sheba,high,ChIJveiAjwVDXz4Rob9Ord9EE3o
nad-al-sheba,high,ChIJobqykDRdXz4RFn4I97LEYKU
nad-al-sheba,high,ChIJUax1zSldXz4REsvSzLAKQq0
nad-al-sheba,high,ChIJ9fGtyhtdXz4R7QA59nTMK3s
nad-al-sheba,high,ChIJc0IZaw5dXz4RRGESwJ79GQo
nad-al-sheba,high,ChIJJSFzLBZdXz4RhhEaAriQEZ4
nad-al-sheba,high,ChIJJ-Z1J7FdXz4RaXvI0VPa0N8
nad-al-sheba,high,ChIJl7fLPNpnXz4R_zkMbuFuC3Y
nad-al-sheba,high,ChIJ18BykgldXz4RVtoNdClWLXQ
nad-al-sheba,high,ChIJJYbFgyBdXz4RCDzOz2PHTO4
nad-al-sheba,high,ChIJEbdYNWRdXz4R9r6q0ml0BV8
nad-al-sheba,high,ChIJf7NQ1xldXz4RXGh4KNFmrIo
nad-al-sheba,high,ChIJgQkiixBdXz4RnN3lfLQA_g4
nad-al-sheba,high,ChIJq6qqqjddXz4Rhrp-LIcaijk
nad-al-sheba,high,ChIJAfinfbVdXz4Rv2Xdo8HyP-M
nad-al-sheba,high,ChIJb4P-ikxqXz4RU5uH6EZ1neM
nad-al-sheba,high,ChIJa6RFMfZdXz4Rm9vEZ_bENLw
nad-al-sheba,high,ChIJUWJnWDBdXz4RIsmVjOuqFQM
nad-al-sheba,high,ChIJO0HYnY5dXz4RzE6uk-ihc_E
nad-al-sheba,high,ChIJnww0x_NdXz4R27oSQJ6hRig
nad-al-sheba,high,ChIJyfPItvNdXz4RqEoYtb40LwM
nad-al-sheba,high,ChIJv3Tju_NdXz4R8AwrSB2Op5o
nad-al-sheba,high,ChIJC2S2-MddXz4RPO6OJQFIeNE
nad-al-sheba,high,ChIJ8VFklKZdXz4RpWBVJ8NC4bc
nad-al-sheba,high,ChIJRZwdLpZdXz4RHHEUXyKEIfs
nad-al-sheba,high,ChIJCb4Nk6ZdXz4RSM9yg0NxgjE
nad-al-sheba,high,ChIJHRRLx59dXz4RIEeraUE_0C4
nad-al-sheba,high,ChIJ1RFJ6QddXz4RhG3ONUD8zNQ
nad-al-sheba,high,ChIJBTzrgYZDXz4R4k3BNQwPjhs
nad-al-sheba,high,ChIJaQ06FQ1nXz4R1PXstZ5Ez1I
nad-al-sheba,high,ChIJXZYxUuhDXz4Ryj9adQUkUic
nad-al-sheba,high,ChIJqxrlxd5dXz4Rczmmr0avRmw
nad-al-sheba,high,ChIJg3KJ-dtdXz4RWh5XMgAtnno
nad-al-sheba,high,ChIJp5bnwWFdXz4RjsoXr7dbUyQ
nad-al-sheba,high,ChIJiUHQkvddXz4RdY5qWkxKfL4
nad-al-sheba,high,ChIJ4dmgO-9hXz4Rs5WytTfD5r4
nad-al-sheba,high,ChIJSW1zuyBhXz4RqFo3pM3UzRw
nad-al-sheba,high,ChIJ13X3hjxhXz4RmyOc4SN8FVc
nad-al-sheba,high,ChIJT4n6R0phXz4RPwat6Axi93g
nad-al-sheba,high,ChIJJym1WZlgXz4RDU-v4mRhckE
nad-al-sheba,high,ChIJE1CVe7ZhXz4RPi3-mmioJNc
nad-al-sheba,high,ChIJyxgqYEBhXz4RAZNvYw_LX3E
nad-al-sheba,high,ChIJjQm_aR5eXz4RBuSMIYXLnQE
nad-al-sheba,high,ChIJcSTLPuBhXz4RdV6E3PdOMGA
nad-al-sheba,high,ChIJNaFSzPJhXz4ReVV0OP6vyd0
nad-al-sheba,high,ChIJ8Yc6IgBhXz4Rdx4fS5Ow0SQ
nad-al-sheba,high,ChIJa0rqaZJgXz4Re1XxxSHj5Ms
nad-al-sheba,high,ChIJkWpwh_BhXz4R4dJNEDAXwmU
nad-al-sheba,high,ChIJXf3q1wRqXz4RSrgwabJZY7Y
nad-al-sheba,high,ChIJUX2qSwBhXz4RptuSK0u82tI
nad-al-sheba,high,ChIJYch0DJpgXz4RNOdsjPZt4I8
nad-al-sheba,high,ChIJlwYu_B1hXz4RZTOwsrvsdO0
nad-al-sheba,high,ChIJ1WFkRoJfXz4RhRGLtbve9hM
nad-al-sheba,high,ChIJa1olWx9hXz4Rez4OqrBJ3ZE
nad-al-sheba,high,ChIJGe2UN9FfXz4R2KOaY8GQ-6w
nad-al-sheba,high,ChIJPUgcS-NhXz4RMdpvyJgsz80
nad-al-sheba,high,ChIJVZa8oM1fXz4RleKF7gZelj4
nad-al-sheba,high,ChIJYf7krX9gXz4RGvBGpDymdfI
nad-al-sheba,high,ChIJPWi4MdJhXz4Rn165efHK74E
nad-al-sheba,high,ChIJJeVLTB9hXz4RH-4bfiFsE3U
nad-al-sheba,high,ChIJ5-zAICZhXz4RJ2hQ1mdyWJM
nad-al-sheba,high,ChIJqSi8VgBhXz4RRSNr9lEqRRE
nad-al-sheba,high,ChIJIfRUokZDXz4RkgA4pP9MCgg
nad-al-sheba,high,ChIJewKrHLlDXz4RrXuiRQtbc3o
nad-al-sheba,high,ChIJf3Xns3VDXz4RVYt9uJAdmPQ
nad-al-sheba,high,ChIJq5pVYwBDXz4R1skfI97mr3g
nad-al-sheba,high,ChIJ3THkWC9DXz4RPrvau-G5j-I
nad-al-sheba,high,ChIJEzrgOcRdXz4R561Fb5N9u4k
nad-al-sheba,high,ChIJpUt9g0FdXz4RyuGJqPnJ3pc
nad-al-sheba,high,ChIJDXnxMiFdXz4RQDkdOXMt4Vc
nad-al-sheba,high,ChIJDY4-VABdXz4R8osfXZ1-8T8
nad-al-sheba,high,ChIJh9g_XEddXz4RKQAs10kQ0p8
nad-al-sheba,high,ChIJcXq0KXFdXz4RaF00PwCjsUY
nad-al-sheba,high,ChIJv9tXBYddXz4R_wce6BkpdWY
nad-al-sheba,high,ChIJ-YIfJNJDXz4R4jONMChgek8
nad-al-sheba,high,ChIJwa3qsYBdXz4RK86NSMW3ub0
nad-al-sheba,high,ChIJoZabF25dXz4R4nH6kE69fG8
nad-al-sheba,high,ChIJu5UUt_FdXz4RrKREpX9XUAA
nad-al-sheba,high,ChIJBb2DkUxdXz4Re1MH93ktLeg
nad-al-sheba,high,ChIJ-SAM485cXz4RfEM1CojmEks
nad-al-sheba,high,ChIJF_6s24ddXz4RArh7t0rhCgs
nad-al-sheba,high,ChIJ0-eEY7VdXz4R2MwIjjEkDTA
nad-al-sheba,high,ChIJ10YA6zRdXz4RYFVmTR_FCkc
nad-al-sheba,high,ChIJyaBr37ZdXz4RogkYWeRtKvA
nad-al-sheba,high,ChIJ8ctH3RNdXz4Rxs6StJZWoGo
nad-al-sheba,high,ChIJp4hUH41cXz4RcsIB_AEpdjk
nad-al-sheba,high,ChIJKV3--o5dXz4Robu3RXb1B8w
nad-al-sheba,high,ChIJhVVL3PJcXz4REhRyMbtoOoQ
nad-al-sheba,high,ChIJBxuV5E1DXz4R_xJU139vabY
nad-al-sheba,high,ChIJSzcULI1cXz4RoMEDYbrvBNs
nad-al-sheba,high,ChIJT5rpzwdrXz4RWNnWqoExxoU
nad-al-sheba,high,ChIJiencRA9dXz4Rj9VKMog1XHE
nad-al-sheba,high,ChIJ0xf8VY1cXz4R3q7MDV_wqZI
nad-al-sheba,high,ChIJhflyUqlDXz4RqZE4OJXyWT0
nad-al-sheba,high,ChIJ_d1QA5ZdXz4RaOJErnOSNEs
nad-al-sheba,high,ChIJJw0fUqpdXz4Rp5zGUOHHvO4
nad-al-sheba,high,ChIJjW3qyTdcXz4ReawLpDKzfZQ
nad-al-sheba,high,ChIJHczgbTdcXz4RtMBSE8265p4
nad-al-sheba,high,ChIJixkr1gpdXz4RsyFhhsO1plQ
nad-al-sheba,high,ChIJg8NAHpRdXz4R674YLWLRFA4
nad-al-sheba,high,ChIJ7QZKOa1dXz4R0SulC-Xxoig
nad-al-sheba,high,ChIJTwgtSTVcXz4RIjgKUHZYlKg
nad-al-sheba,high,ChIJZc5bnktcXz4RchtiK-npzcM
nad-al-sheba,high,ChIJm7X5E6XXoaERWIIXJ-zV3SM
nad-al-sheba,high,ChIJV27GvdJdXz4RIkSfEiyRxJs
nad-al-sheba,high,ChIJlUgUk0pcXz4R8WgkFFJ94do
nad-al-sheba,high,ChIJi6JYazFdXz4R82JZL0Bui88
nad-al-sheba,high,ChIJbZdnMgBdXz4RzWgw9k2uD4w
nad-al-sheba,high,ChIJkZ8VmBJdXz4RzBql3DA8hH8
nad-al-sheba,high,ChIJ2eQpKC1fXz4RH_ILhIzZbN0
nad-al-sheba,high,ChIJAc1VP_VfXz4RaWB02ulApwU
nad-al-sheba,high,ChIJw8M7dwBfXz4RaVa_fnwYnEM
nad-al-sheba,high,ChIJSavaasVpXz4RpkpuUijc-lA
nad-al-sheba,high,ChIJwxgIBdNfXz4R2RZ3llHfwbE
nad-al-sheba,high,ChIJudtsyI1cXz4RrSkRkc1RisQ
nad-al-sheba,high,ChIJezuPA75dXz4RipQxILZnm_w
nad-al-sheba,high,ChIJJTX4t7ldXz4RS1cyrHBIlYY
nad-al-sheba,high,ChIJ518gputdXz4RVX4YX8wqU2A
nad-al-sheba,high,ChIJ_XfJgIVcXz4RgFWpiWenWt8
nad-al-sheba,high,ChIJXegPKwBdXz4RBK8FobLCP-Q
nad-al-sheba,high,ChIJBeHd9AZdXz4RibHcQe1QwOI
nad-al-sheba,high,ChIJPTpScGVcXz4RGDcRWO_Dkp8
nad-al-sheba,high,ChIJJ4b4XGRcXz4Rhas8CPzCYt8
nad-al-sheba,high,ChIJdWNgwnVdXz4Rakx92n7ACh8
nad-al-sheba,high,ChIJDcrq3ABdXz4RMSRDg1NXe3w
nad-al-sheba,high,ChIJp1bBDyZcXz4R-_1hE0ra_Ow
nad-al-sheba,high,ChIJN_DWUZNdXz4R768kyy6GpEU
nad-al-sheba,high,ChIJB_FBOgBdXz4Rzv1HuzwXmRU
nad-al-sheba,high,ChIJv1x4_URdXz4RjKMFG3dGylc
nad-al-sheba,high,ChIJwa_PajZcXz4RLar0UQTyHbg
nad-al-sheba,high,ChIJvSVdQHFdXz4RondKdvbKvkE
nad-al-sheba,high,ChIJcalR9YLDj0gRx59Jmhk6tIs
nad-al-sheba,high,ChIJ4YSlr31fXz4R3O5UIlKb4X4
nad-al-sheba,high,ChIJiyJWuF1dXz4RgjDsXbMvvtw
nad-al-sheba,high,ChIJz9CTbIIBjkQRosDOC6oKDdU
nad-al-sheba,high,ChIJYVP9wiZcXz4Ryr1f5m2No8Q
nad-al-sheba,high,ChIJXRVawDxcXz4R7xjC64iV7Oc
nad-al-sheba,high,ChIJLY85Mz1cXz4Ry6IMj7ARBzk
nad-al-sheba,high,ChIJn2Buu9JfXz4RgaDjCvjXS1E
nad-al-sheba,high,ChIJmbGG9mhfXz4RsF6TvXHGj8w
nad-al-sheba,high,ChIJCfMbbW9fXz4RveIw7fKrTCc
nad-al-sheba,high,ChIJt3dVeg5vXz4R-2KQd4CmMas
nad-al-sheba,high,ChIJt4AoBn5vXz4Rl7Q_OtgONYs
nad-al-sheba,high,ChIJGRbY3F1lXz4RULbZs8s6cjk
nad-al-sheba,high,ChIJMWSJVgDzUoURYiOuBKNTleI
nad-al-sheba,high,ChIJze8iUQBlXz4R_c4OyWx_dWY
nad-al-sheba,high,ChIJETrUK4BlXz4R49zoFOqvvJA
nad-al-sheba,high,ChIJscJVW4FDXz4RQ88a-DznFsE
nad-al-sheba,high,ChIJ-06zQGlCXz4RxoQycX_Se1c
nad-al-sheba,high,ChIJ141sFWlCXz4Rj2Dw2v03Oo4
nad-al-sheba,high,ChIJdW0cWHhfXz4RNQheC98DG8o
nad-al-sheba,high,ChIJYdUFhOPo-28R7NBnxGazjm8
nad-al-sheba,high,ChIJc4Y5kBJDXz4R_RpHhPXEQPg
nad-al-sheba,high,ChIJU-K50VtCXz4RmV9kzMv8u3g
nad-al-sheba,high,ChIJ13g1usVDXz4RdLinKpuurv0
nad-al-sheba,high,ChIJd5uwaS9dXz4Rxxx0z4wKAZM
nad-al-sheba,high,ChIJ489gzppcXz4RuvosOpfaSa4
nad-al-sheba,high,ChIJAxtZ2eVdXz4RPVmwm7XhFqw
nad-al-sheba,high,ChIJ8T1hzpZcXz4RSkIEvxSbIks
nad-al-sheba,high,ChIJn1FBhotcXz4RfDSus5qqx04
nad-al-sheba,high,ChIJr3PpB41cXz4RxdJ-C_-GjwM
nad-al-sheba,high,ChIJHV0FIIZcXz4R1WT7lNfIMMU
nad-al-sheba,high,ChIJpX2T-lxpXz4RjDY730JqBmQ
nad-al-sheba,high,ChIJGSGo8EtpXz4RWtwP7ziX03Y
nad-al-sheba,high,ChIJjZKyiOFvXz4RthD5WyFx86A
nad-al-sheba,high,ChIJ0bkI2LtDXz4RvvLcg34Dmwk
nad-al-sheba,high,ChIJzb3LsI5CXz4Rk1w6UF3Gn6k
nad-al-sheba,high,ChIJw2SgmU5pXz4Rfz58NkfTqSU
nad-al-sheba,high,ChIJGVuPdplpXz4RL9_-8NUgIVA
nad-al-sheba,high,ChIJv9rfIaBpXz4RlVqMpulSc-w
nad-al-sheba,high,ChIJmRqgKs5tXz4ROaLUO5o3xrE
nad-al-sheba,high,ChIJgcnc3-RDXz4R7cWCOIC2Y9Q
nad-al-sheba,high,ChIJT1Hj18NpXz4ROKPmlp3fPqI
nad-al-sheba,high,ChIJHwO0dwBpXz4RM5-hbuPJfew
nad-al-sheba,high,ChIJOaAvx2tDXz4RNo_FZjkZ1W0
nad-al-sheba,high,ChIJl2VXm15pXz4RRORHRQfgAZU
nad-al-sheba,high,ChIJSxQmTzBpXz4RfvSmWsvy1wQ
nad-al-sheba,high,ChIJ43MrMgVpXz4RGP6bYu8gaXQ
nad-al-sheba,high,ChIJwSx5FthvXz4RmtHASAsN-fs
nad-al-sheba,high,ChIJnUpu9MZpXz4R4jTWAjnQEW0
nad-al-sheba,high,ChIJ4032HgBDXz4RJrXjEABBKuI
nad-al-sheba,high,ChIJ2Tvo4C5oXz4Rd-Ojr80KO2g
nad-al-sheba,high,ChIJIfW1ZF1pXz4Rzv60ZNi17yw
nad-al-sheba,high,ChIJD_VnCxtpXz4Rmdp00bGDF48
nad-al-sheba,high,ChIJnXETLo9pXz4RJ14BPaC1JNk
nad-al-sheba,high,ChIJNUuRdEBDXz4ReiYCZtYLdm4
nad-al-sheba,high,ChIJyXFULOlpXz4Rr24af9L_HYY
nad-al-sheba,high,ChIJs909jE5pXz4RtKSpN4vHHUI
nad-al-sheba,high,ChIJe96AarFdXz4R1fa8vqt9Qr4
nad-al-sheba,high,ChIJhasAvIZvXz4R81gKxwIcsIw
nad-al-sheba,high,ChIJkW4sqLRfXz4RwH28p3EKsyw
nad-al-sheba,high,ChIJhSJ5XYNeXz4RFLQxzanhjeI
nad-al-sheba,high,ChIJD4pbyIReXz4RJeR0Ol7UuzQ
nad-al-sheba,high,ChIJzQgcys53RqAR_1d4ZjhnbR0
nad-al-sheba,high,ChIJlx4xcC9DXz4Rq6WIc5xTVfg
nad-al-sheba,high,ChIJNXUCdLJdXz4RnjnW6dySgCg
nad-al-sheba,high,ChIJ_WDFXipDXz4R37Sn4n_OojM
nad-al-sheba,high,ChIJZ0wpICZDXz4RIivO07Wjb8A
nad-al-sheba,high,ChIJa9Vi-yhDXz4RQOagiFI85pQ
nad-al-sheba,high,ChIJLUQnWxVDXz4RXziYnrpfK2c
nad-al-sheba,high,ChIJR6AmByZDXz4RcDJ-Hm49CG4
nad-al-sheba,high,ChIJ0T2RPuhdXz4RF6SRJ00GtIc
nad-al-sheba,high,ChIJ8UKn1ylDXz4RaucGDyd1da8
nad-al-sheba,high,ChIJVYO3BghDXz4Rbvm2TBB9710
nad-al-sheba,high,ChIJJyD2H0FDXz4RHG3r1mfchlE
nad-al-sheba,high,ChIJ87t0EBtDXz4RVF3OSeINq_Q
nad-al-sheba,high,ChIJE_tab0VhXz4ReV_bHaTmvz8
nad-al-sheba,high,ChIJs6axapVdXz4RKTjeKhUIsNA
nad-al-sheba,high,ChIJy6W-QxdDXz4RDBxKakIIo-8
nad-al-sheba,high,ChIJc5PkVpRpXz4Rq_2Cbs_CmJI
nad-al-sheba,high,ChIJ6R7MbkVDXz4RvIQRwaQlCig
nad-al-sheba,high,ChIJWULC7ptdXz4RXhDPrgMPxNk
nad-al-sheba,high,ChIJ50TTpI1nXz4RaqSoKFjAEW8
nad-al-sheba,high,ChIJg4btG9pCXz4R1r5dPsWE98c
nad-al-sheba,high,ChIJdY8I9MVfXz4RPFIynt2hNSg
nad-al-sheba,high,ChIJ9b4SdwJDXz4RSdNpXQUmjLM
nad-al-sheba,high,ChIJ2wqQDEdDXz4R82zluMG_8ME
nad-al-sheba,high,ChIJX6Tp4M1CXz4Rkq8OIcnyYTg
nad-al-sheba,high,ChIJV18Q4LpKpw0R1kpF_oKbxQg
nad-al-sheba,high,ChIJM8kc7XVdXz4RT4QYeg9qVk8
nad-al-sheba,high,ChIJXYh_eRZDXz4RIXUSjFsJ-38
nad-al-sheba,high,ChIJg8cLzLddXz4RWHcYWUmLgEo
nad-al-sheba,high,ChIJz5XN8SdDXz4RJ7h1_E6AUxA
nad-al-sheba,high,ChIJ1-SAD6JdXz4RlsbZOakKkJU
nad-al-sheba,high,ChIJi848muRDXz4RNKTYdhed97s
nad-al-sheba,high,ChIJH4K4CrddXz4RNEVDWiqgGxs
nad-al-sheba,high,ChIJrTFv04pdXz4Rc5ViGesV_2s
nad-al-sheba,high,ChIJLXFZ_LxdXz4RNeq5EdmmN_0
nad-al-sheba,high,ChIJoddFISZDXz4RxjSNygBWt5U
nad-al-sheba,high,ChIJs7Q1msJdXz4RpS94mnvcMNI
nad-al-sheba,high,ChIJSWGZBFFDXz4RSkxPwdhI9NY
nad-al-sheba,high,ChIJu-vSyFZlXz4RdtTYEsLN1DU
nad-al-sheba,high,ChIJVyXWg1JvXz4R9KoUis_6TT4
nad-al-sheba,high,ChIJ37eYXT1dXz4Ryz1W_rK6-TY
nad-al-sheba,high,ChIJiV6M0nddXz4RsKdwvfl39jo
nad-al-sheba,high,ChIJYRUp2yVDXz4RxHmTuKu331o
nad-al-sheba,high,ChIJLxiFomptr4kRaWFjTp0jPPs
nad-al-sheba,high,ChIJffs70exhXz4RZT7sYRh88us
nad-al-sheba,high,ChIJ89MxA45rXz4RQsLKOxKv22E
nad-al-sheba,high,ChIJVxagOW5dXz4RuDYJwCVTyyw
nad-al-sheba,high,ChIJR0XIt9RCXz4Rk6VA1cczWXI
nad-al-sheba,high,ChIJ_6YEFBZDXz4RpzyGPMWOMUQ
nad-al-sheba,high,ChIJG4FDtShDXz4RkKsg3TARiAY
nad-al-sheba,high,ChIJV3iM8rdDXz4RO_pncMJf4ss
nad-al-sheba,high,ChIJj8yAU8tCXz4ROU_DEpwV0cA
nad-al-sheba,high,ChIJzXrMixZDXz4RR0QbkRkLi4Y
nad-al-sheba,high,ChIJK7mTfYFDXz4RJpImTkOu3Qw
nad-al-sheba,high,ChIJpxzVPxBDXz4RnGTvndFZ62c
nad-al-sheba,high,ChIJpaWtyddCXz4RduS_UQE9Zvo
nad-al-sheba,high,ChIJ2TuInGdDXz4RJK1DpAaVPi0
nad-al-sheba,high,ChIJh_QAmLFdXz4RT3w6IILifkQ
nad-al-sheba,high,ChIJE1sanaJDXz4Rch9MnF_pIgI
nad-al-sheba,high,ChIJAVByhiZDXz4Ry9g6sHUeqTc
nad-al-sheba,high,ChIJN0xJr9hCXz4RD9DxN1F8_tA
nad-al-sheba,high,ChIJB01DrkthXz4Ra6_U9r6optU
nad-al-sheba,high,ChIJcSNl1ApDXz4Rycqc9GrgEug
nad-al-sheba,high,ChIJv815OLRDXz4RHEw3GnV604Q
nad-al-sheba,high,ChIJ6-O78dhcXz4RY5P19DCNDrs
nad-al-sheba,high,ChIJQWSBZGthXz4Ro4fbXJE_78o
nad-al-sheba,high,ChIJXYnEnxZDXz4RL-0ai9I9jM4
nad-al-sheba,high,ChIJt7g76v5DXz4RhXbaNnObgw4
nad-al-sheba,high,ChIJ02ad-ltDXz4Rr_OFpmACFyk
nad-al-sheba,high,ChIJXxEMQzxDXz4R809rN0-wc8M
nad-al-sheba,high,ChIJ__uojk9hXz4RZ8Rn2DxoMWg
nad-al-sheba,high,ChIJoYIqGRpDXz4RpbxTKU4Y-sc
nad-al-sheba,high,ChIJ1eo5TKZdXz4RlkvNAcFsFRs
nad-al-sheba,high,ChIJJwUGVW1dXz4RlYf-uX5fLgk
nad-al-sheba,high,ChIJ__-_p2ZcXz4R5q6lBuGYmkU
nad-al-sheba,high,ChIJQcOkZ25dXz4R30pInhh9IXA
nad-al-sheba,high,ChIJYUmk6BBdXz4R6ujKsm199Gs
nad-al-sheba,high,ChIJX11j3lBdXz4RqwjkdmswaN4
noya-plaza,low,ChIJV8rMtqhHXj4R1k1OzNyPle4
noya-plaza,low,ChIJcRE_l2NmXj4Rs7yNgCkivuE
noya-plaza,low,ChIJK1krJPdFXj4RQVCLQY9UeGY
noya-plaza,low,ChIJz5Tsn31PXj4RrE5jIkDZ7vw
noya-plaza,low,ChIJY6BbY3ZPXj4RrUQtPfRTC6M
noya-plaza,low,ChIJiZM66x5PXj4RIbSt7qEUTzI
noya-plaza,low,ChIJp_cpJsFPXj4RIWhXvPqu7X0
noya-plaza,low,ChIJAUJXWQBPXj4RFsvzWMRVP5w
noya-plaza,low,ChIJ4yH5BgBPXj4Rq8jB2riSSG0
noya-plaza,low,ChIJPeHUOZ9PXj4RP72F07qBF7g
noya-plaza,low,ChIJ3Tz_hthPXj4Ry_IfDWiVNDg
noya-plaza,low,ChIJURfcOI9FXj4RQMm5phqBgY8
noya-plaza,low,ChIJ4UkIgGJFXj4Rqq_4olKf64c
noya-plaza,low,ChIJFZhIAO5DXj4RzlYwDOcq5NA
noya-plaza,low,ChIJX56uiH1FXj4R0q65jZPBHjU
noya-plaza,low,ChIJAdgYhN5PXj4RaWe6WoDcrrc
noya-plaza,low,ChIJsXh-qCRFXj4RPD1S74hayKA
noya-plaza,low,ChIJNe0TlU1PXj4Refjm7kiQahI
noya-plaza,low,ChIJnbUMv8FFXj4RNd5I0EaxNd0
noya-plaza,low,ChIJldsuf4dPXj4RP-dmBlvAypc
noya-plaza,low,ChIJiRA2fSNFXj4RMWrYFpOYLvQ
noya-plaza,low,ChIJUa8OzOlFXj4Rwz13Z_Ot4xk
noya-plaza,low,ChIJHxjtWBlFXj4RDcKTU8utwso
noya-plaza,low,ChIJo0AcVmRFXj4RX_BMC8Yz8Rc
noya-plaza,low,ChIJeQR6m39FXj4R_lb3bZ30fCg
noya-plaza,low,ChIJ3-uGn0Iz26cR1MLoPgqPDNw
noya-plaza,low,ChIJB0itbYNFXj4RSJ3-1CYpOfo
noya-plaza,low,ChIJs8VLrXFFXj4RAgma1lPZzZw
noya-plaza,low,ChIJw8rScR1FXj4RqBQrVfnEKSg
noya-plaza,low,ChIJ356381xFXj4RleluuqcjXKw
noya-plaza,low,ChIJzytGPQBFXj4ROm4eylf7Kho
noya-plaza,low,ChIJO454ZwBPXj4RZFsKq4kIvPw
noya-plaza,low,ChIJc2TrBABPXj4RuGMwJyG_aN4
noya-plaza,low,ChIJJZQinK9PXj4R8pDiVbY5L1w
noya-plaza,low,ChIJ_QS6FTNPXj4Rh1Dtow6vH_Y
noya-plaza,low,ChIJ5YtLV7hPXj4R30frPezuOe8
noya-plaza,low,ChIJ0eiMDgBPXj4RbtWaL1szmjY
noya-plaza,low,ChIJF3S7gY5PXj4Rj-9MkNrGVCc
noya-plaza,medium,ChIJkWCcYQBHXj4R4DwKrMJEBbc
noya-plaza,medium,ChIJAbHY8TNJXj4RCFVFm83o6-w
noya-plaza,medium,ChIJae_1NFRJXj4RCUMrko0sCNc
noya-plaza,medium,ChIJpe7674JHXj4R4qEwHDutwpo
noya-plaza,medium,ChIJi3I6PmpFXj4RvnqAlf-Zj14
noya-plaza,medium,ChIJObWU69VFXj4RHe9sihg8jm0
noya-plaza,medium,ChIJP1niJQBHXj4RF3V73XOmjaQ
noya-plaza,medium,ChIJjVmxV54IyG8Rb6vQGYUtChQ
noya-plaza,medium,ChIJBa4fnRRFXj4RPhetV5A5vHI
noya-plaza,medium,ChIJJb5APb1FXj4RU9aUzn6zONo
noya-plaza,medium,ChIJDauAueVFXj4R3Xmnuq3eL3M
noya-plaza,medium,ChIJ2cRwm0lynCgR06QvoTEAUV0
noya-plaza,medium,ChIJdzZoddFFXj4RJUxCBRKNlz8
noya-plaza,medium,ChIJCcq3fX1GXj4RHBRRQQMXNlE
noya-plaza,medium,ChIJew69Lv1FXj4RjK59U-COz1k
noya-plaza,medium,ChIJH26D38ZFXj4RrPiy947PD0w
noya-plaza,medium,ChIJ32dV6-JFXj4RirMzddSWiYA
noya-plaza,medium,ChIJieGTC7ZPXj4RX_8hfMRV2HY
noya-plaza,medium,ChIJV8rMtqhHXj4R1k1OzNyPle4
noya-plaza,medium,ChIJwReRVwZPXj4RpK7PtgYsZSw
noya-plaza,medium,ChIJVdq-wf5HXj4RAyEN29J_D4Q
noya-plaza,medium,ChIJoV3tjb5FXj4RPTMhunNNho0
noya-plaza,medium,ChIJcRE_l2NmXj4Rs7yNgCkivuE
noya-plaza,medium,ChIJCRc4ebdFXj4RDqx1r4bzbto
noya-plaza,medium,ChIJx_35IbpFXj4RiBbhXLiaAmA
noya-plaza,medium,ChIJQ-xRY6NFXj4Ru-FAiCzJdaQ
noya-plaza,medium,ChIJg9vaPitJXj4RteR_PONRSLE
noya-plaza,medium,ChIJaxDupR1JXj4RxkHSywjtQnU
noya-plaza,medium,ChIJu1fiwWpJXj4RVNRMH1pYlyA
noya-plaza,medium,ChIJEQ2uFQBJXj4R8QG8_u2Tfu8
noya-plaza,medium,ChIJp3xbSABJXj4RArqZJvxrev0
noya-plaza,medium,ChIJURVpPwBJXj4RqJu7MxgB1zo
noya-plaza,medium,ChIJmckIai1FXj4RDJdfcplz-70
noya-plaza,medium,ChIJbWf7-eFFXj4R3ua_ke0oiTc
noya-plaza,medium,ChIJZUhSv6tFXj4R7ZpJFnYGOTw
noya-plaza,medium,ChIJlbPth9ndjWwRRkf1fcPzukU
noya-plaza,medium,ChIJK1krJPdFXj4RQVCLQY9UeGY
noya-plaza,medium,ChIJ2TEfXYhnXj4RGxHrc6Ex7DY
noya-plaza,medium,ChIJz5Tsn31PXj4RrE5jIkDZ7vw
noya-plaza,medium,ChIJY6BbY3ZPXj4RrUQtPfRTC6M
noya-plaza,medium,ChIJiZM66x5PXj4RIbSt7qEUTzI
noya-plaza,medium,ChIJL3H83LJPXj4RKlSye3d8n04
noya-plaza,medium,ChIJp_cpJsFPXj4RIWhXvPqu7X0
noya-plaza,medium,ChIJAUJXWQBPXj4RFsvzWMRVP5w
noya-plaza,medium,ChIJ4yH5BgBPXj4Rq8jB2riSSG0
noya-plaza,medium,ChIJPeHUOZ9PXj4RP72F07qBF7g
noya-plaza,medium,ChIJD4c_XalPXj4RdqRn4Ir54qU
noya-plaza,medium,ChIJA3XvaTVJXj4R4gSJlIkcAPA
noya-plaza,medium,ChIJ3Tz_hthPXj4Ry_IfDWiVNDg
noya-plaza,medium,ChIJ9UmGSABPXj4REU0bkml0VRU
noya-plaza,medium,ChIJkcOkHe1LXj4RoGvVx_GBerI
noya-plaza,medium,ChIJ8U8s0m1LXj4Ro5PzKtDofJA
noya-plaza,medium,ChIJi8b_JRRLXj4RpcuKoAG2qjQ
noya-plaza,medium,ChIJp-oXb_NLXj4RBDc3QGLm-uE
noya-plaza,medium,ChIJ25NhJwBLXj4RR7-_dUZ3l7k
noya-plaza,medium,ChIJURfcOI9FXj4RQMm5phqBgY8
noya-plaza,medium,ChIJ4UkIgGJFXj4Rqq_4olKf64c
noya-plaza,medium,ChIJFZhIAO5DXj4RzlYwDOcq5NA
noya-plaza,medium,ChIJX56uiH1FXj4R0q65jZPBHjU
noya-plaza,medium,ChIJAdgYhN5PXj4RaWe6WoDcrrc
noya-plaza,medium,ChIJsXh-qCRFXj4RPD1S74hayKA
noya-plaza,medium,ChIJNe0TlU1PXj4Refjm7kiQahI
noya-plaza,medium,ChIJnbUMv8FFXj4RNd5I0EaxNd0
noya-plaza,medium,ChIJldsuf4dPXj4RP-dmBlvAypc
noya-plaza,medium,ChIJiRA2fSNFXj4RMWrYFpOYLvQ
noya-plaza,medium,ChIJUa8OzOlFXj4Rwz13Z_Ot4xk
noya-plaza,medium,ChIJHxjtWBlFXj4RDcKTU8utwso
noya-plaza,medium,ChIJo0AcVmRFXj4RX_BMC8Yz8Rc
noya-plaza,medium,ChIJeQR6m39FXj4R_lb3bZ30fCg
noya-plaza,medium,ChIJ3-uGn0Iz26cR1MLoPgqPDNw
noya-plaza,medium,ChIJB0itbYNFXj4RSJ3-1CYpOfo
noya-plaza,medium,ChIJs8VLrXFFXj4RAgma1lPZzZw
noya-plaza,medium,ChIJw8rScR1FXj4RqBQrVfnEKSg
noya-plaza,medium,ChIJ356381xFXj4RleluuqcjXKw
noya-plaza,medium,ChIJzytGPQBFXj4ROm4eylf7Kho
noya-plaza,medium,ChIJO454ZwBPXj4RZFsKq4kIvPw
noya-plaza,medium,ChIJW3C9ewBPXj4REgscJwT0eTs
noya-plaza,medium,ChIJzQ8rNUhOXj4RGlCfY1LYDIc
noya-plaza,medium,ChIJc2TrBABPXj4RuGMwJyG_aN4
noya-plaza,medium,ChIJWUO80Z9PXj4ReoD9XBjFuPM
noya-plaza,medium,ChIJJZQinK9PXj4R8pDiVbY5L1w
noya-plaza,medium,ChIJfxUbmz5OXj4Rh_bZxj75WL4
noya-plaza,medium,ChIJfySZEadpXj4RQFGCOlwRwOg
noya-plaza,medium,ChIJp323AgBPXj4RrofDoXgnPcg
noya-plaza,medium,ChIJD4CyS3NOXj4RscRpJQ6SRmc
noya-plaza,medium,ChIJd4DLeFpPXj4RfCwYjK8HG7o
noya-plaza,medium,ChIJCZNgIwBPXj4RBXDQ6gQyJZc
noya-plaza,medium,ChIJ_QS6FTNPXj4Rh1Dtow6vH_Y
noya-plaza,medium,ChIJ5YtLV7hPXj4R30frPezuOe8
noya-plaza,medium,ChIJUcq4CQBPXj4RrP8bmXN55UI
noya-plaza,medium,ChIJNxIMOABdXj4RlXDKCcO8GOA
noya-plaza,medium,ChIJbSN1CLFPXj4Rl9x9Aro5dag
noya-plaza,medium,ChIJhTfJMztRXj4RxFVl3wqJQak
noya-plaza,medium,ChIJh9wAonFPXj4R6P2_rlevv90
noya-plaza,medium,ChIJRcFIcQBPXj4R_ffjuPKPC3w
noya-plaza,medium,ChIJ6xBtUQBPXj4RBIivJTZdPiE
noya-plaza,medium,ChIJFbcipNZPXj4RDzs7kJAKif8
noya-plaza,medium,ChIJm4-13dJPXj4RGhVhaDMey88
noya-plaza,medium,ChIJtcOjwlZPXj4RzHRLm0qD3cg
noya-plaza,medium,ChIJAQMQu4BPXj4RgzlYD-d7xlE
noya-plaza,medium,ChIJPaBozw5OXj4RFHmj9O7KVNQ
noya-plaza,medium,ChIJUayCUE5PXj4Rg1xfk-miDhw
noya-plaza,medium,ChIJ0buKpw5OXj4R8Q_RMWwMbHU
noya-plaza,medium,ChIJr3cA2epPXj4RcS6qJB4IjtA
noya-plaza,medium,ChIJf3cbfzdPXj4RMbH1w9jcBl8
noya-plaza,medium,ChIJ80o6kQxOXj4R3GhiXR5zl-E
noya-plaza,medium,ChIJc7DZPwlnXj4RDLTM5fIWTaY
noya-plaza,medium,ChIJ-WMhQYxPXj4RV48sW_jXqOo
noya-plaza,medium,ChIJqRwwWXtPXj4RIFw8lRVEroE
noya-plaza,medium,ChIJq55P8zdPXj4RgpexpFVFk9Q
noya-plaza,medium,ChIJFbhrTABPXj4RGr41seI0ToA
noya-plaza,medium,ChIJ05JPFVNPXj4Rs8Z2F_7JQ6E
noya-plaza,medium,ChIJO5rnYmBRXj4R1pXDgiZmjbw
noya-plaza,medium,ChIJA_bkfvdRXj4RIn9092gR8BA
noya-plaza,medium,ChIJt5VoqPdRXj4R15pqzNESzv8
noya-plaza,medium,ChIJibicqPdRXj4R8213z11_N4Y
noya-plaza,medium,ChIJab-JA4RRXj4RbxVemc2x5kk
noya-plaza,medium,ChIJCfv3ErtRXj4RCJFiBgEm7ag
noya-plaza,medium,ChIJPz1dPzVRXj4RKKiV5j-5NB4
noya-plaza,medium,ChIJN3D6p8dPXj4R3yBQqwyBw3M
noya-plaza,medium,ChIJMRP7IAFPXj4RSz1qPAw9NhI
noya-plaza,medium,ChIJ0eiMDgBPXj4RbtWaL1szmjY
noya-plaza,medium,ChIJ_3PpKfdFXj4RMHet52RdlMM
noya-plaza,medium,ChIJF3S7gY5PXj4Rj-9MkNrGVCc
noya-plaza,medium,ChIJrzaR6p5PXj4RhUr3DeYN2qM
noya-plaza,medium,ChIJUQwY39BPXj4RsxvhH-xf4yg
noya-plaza,medium,ChIJX0fF9NNFXj4RnoPe9u8IN-0
noya-plaza,medium,ChIJP2wFAmlFXj4RyTAG9SZLuOo
noya-plaza,medium,ChIJYfh3OItpXj4Rt3V__N7ZRco
noya-plaza,medium,ChIJycN1AhxFXj4RscBwotobRns
noya-plaza,medium,ChIJt4ngRthFXj4R7qe029dMUJU
noya-plaza,high,ChIJY9wBUAA3Xj4RHgCm5aISavs
noya-plaza,high,ChIJfdd0XWc5Xj4R7X8N9miotYw
noya-plaza,high,ChIJDbcz2A9tXz4RnqvVPtIP15c
noya-plaza,high,ChIJZ3vcheo3Xj4RnSWZDXWS72k
noya-plaza,high,ChIJlwG5_DI3Xj4RXNhToLQcoWw
noya-plaza,high,ChIJhzTbC103Xj4RjodcumrbGZw
noya-plaza,high,ChIJFSj2a4k3Xj4RTujzuydX3ys
noya-plaza,high,ChIJz9fcsplJXj4R3XctupxLwzw
noya-plaza,high,ChIJmVS7RtpJXj4Rb9wAlFGyBaw
noya-plaza,high,ChIJZ1LG5gBDXj4RE09vzn8m_8Q
noya-plaza,high,ChIJP_gGHdE3Xj4Rm_qbfE31_R0
noya-plaza,high,ChIJVWQVD7E3Xj4RQ-5zO0t9tHU
noya-plaza,high,ChIJT3PvNzI3Xj4RJ1wkNwZNvPk
noya-plaza,high,ChIJ98vusWNJXj4RXbp7IqKZZgo
noya-plaza,high,ChIJQxZCWlw3Xj4RqQ5C33U4JIc
noya-plaza,high,ChIJ2wGFVwA3Xj4RRZiJN7Utd3E
noya-plaza,high,ChIJJWo7LP43Xj4R-zT_vBfl0Bw
noya-plaza,high,ChIJ73UPkVxBXj4RYyfjOtI6t_8
noya-plaza,high,ChIJzyPbvrtHXj4R6KGLA8AAb2Q
noya-plaza,high,ChIJlVCCajQmE6QRPxItws2xgAc
noya-plaza,high,ChIJ69xfDaRHXj4R9w_joO8apaw
noya-plaza,high,ChIJR8LWo1tGXj4Rx0MLzz2712E
noya-plaza,high,ChIJgwQaObtoXj4RnWr9rQqAL9g
noya-plaza,high,ChIJKWCUUOFHXj4Rrd1yQPVEeQs
noya-plaza,high,ChIJg26InplHXj4RXG9GjMhTi2M
noya-plaza,high,ChIJmzfKIsZHXj4Rrih7HO9RVEw
noya-plaza,high,ChIJWZqMfGPLXz4RzawoztEqiN8
noya-plaza,high,ChIJIdc3eS6CU2oRfKdORtrjY1c
noya-plaza,high,ChIJVVVVVWVGXj4RGN8NnKuUiYw
noya-plaza,high,ChIJT2jWaABHXj4RnRduqhYIfac
noya-plaza,high,ChIJlQA9FmVLXj4RFVoutOwlpcM
noya-plaza,high,ChIJvWRdzGpHXj4RVrdYzftLegk
noya-plaza,high,ChIJ-Rufg89LXj4R9LX9JgimYwE
noya-plaza,high,ChIJoehW3PVLXj4RU3UN_7ClLuM
noya-plaza,high,ChIJUV6SAl9LXj4RJWzYz9AJzJc
noya-plaza,high,ChIJDTDKMwBLXj4RP4aLf7qiIW0
noya-plaza,high,ChIJ98d6OJ1oXj4RGQ8-o1qspv4
noya-plaza,high,ChIJFbzk5RNDXj4R3vo4JY7we1U
noya-plaza,high,ChIJx5hdNjFDXj4RaCf8w3PXD_w
noya-plaza,high,ChIJcb1OvglBXj4Rpj4qKbJJoW0
noya-plaza,high,ChIJ8Uq1R1lBXj4Rb-6WJo3wDE4
noya-plaza,high,ChIJ7YcGHXJBXj4R2XGB_gU-fdU
noya-plaza,high,ChIJ60POGgBBXj4RZm8XLPPzC3U
noya-plaza,high,ChIJfxeqQk5BXj4RA0PquO-4oMk
noya-plaza,high,ChIJ6x3D_plBXj4R-qot1dS-WBE
noya-plaza,high,ChIJFRhBdlJBXj4RwYy2RLGionw
noya-plaza,high,ChIJHeslLLBHXj4R2k220ct8BWA
noya-plaza,high,ChIJHVEMxaRGXj4R85sXAIZsZxA
noya-plaza,high,ChIJJT5ZErJGXj4R7VeU-kgIwzI
noya-plaza,high,ChIJV4F6t4VHXj4RFM9DyQdTykQ
noya-plaza,high,ChIJbzaVH0xFXj4R4sopMv_a0Ts
noya-plaza,high,ChIJgVU2UABFXj4RrnJ9POOqlsM
noya-plaza,high,ChIJS_qRzU5HXj4RdDHREb3iqr0
noya-plaza,high,ChIJcflCD3lHXj4RT3mzoBbL5Xs
noya-plaza,high,ChIJu-zyqTFHXj4Rfn0ltDhuQLY
noya-plaza,high,ChIJI1MU0phHXj4R9Cwmi8huUZY
noya-plaza,high,ChIJBSTDRftHXj4RrjwQvtjVgVY
noya-plaza,high,ChIJOXqcoflHXj4Rw9lYL-ImdG0
noya-plaza,high,ChIJq4yo9plGXj4Rwg8iScd-r9I
noya-plaza,high,ChIJq_2Ft5NGXj4RBu1gRSV_VPU
noya-plaza,high,ChIJ14qBf3tmXj4Ryl0XGGlJi5A
noya-plaza,high,ChIJA3hjb-NHXj4ROuB2SgejwCc
noya-plaza,high,ChIJC5E64aFHXj4Rv3VUWnT-q6E
noya-plaza,high,ChIJDQ4dJJFGXj4RvEL8WJHJhKo
noya-plaza,high,ChIJraRWc2ZGXj4RHZzmHNkAoVI
noya-plaza,high,ChIJV8chu3ZFXj4R8k3bfpbP4yQ
noya-plaza,high,ChIJMSB4C35HXj4RZaFWsB2HzPA
noya-plaza,high,ChIJ93WxzyVGXj4RV-nEwzu_2CI
noya-plaza,high,ChIJR7yaYMIr0A8RJ1xxI2XJjZQ
noya-plaza,high,ChIJ7YfCKAXNFAARAun7rUoz3ns
noya-plaza,high,ChIJz9Ih5T5GXj4RFa6jMlBD1lU
noya-plaza,high,ChIJ_YYU-SlHXj4R_s2xoMvN3H8
noya-plaza,high,ChIJCf71DQBHXj4RGSg-Rap3pzQ
noya-plaza,high,ChIJq6qq6mlGXj4RO92VESUx4Jc
noya-plaza,high,ChIJk3jzKPdHXj4R0MWNKxJuIRI
noya-plaza,high,ChIJkWCcYQBHXj4R4DwKrMJEBbc
noya-plaza,high,ChIJpYqPLKxHXj4RC99ZOhG1Mbw
noya-plaza,high,ChIJAbHY8TNJXj4RCFVFm83o6-w
noya-plaza,high,ChIJae_1NFRJXj4RCUMrko0sCNc
noya-plaza,high,ChIJpe7674JHXj4R4qEwHDutwpo
noya-plaza,high,ChIJ-yPLqWJnXj4RARhFLzDIQDc
noya-plaza,high,ChIJf-mskP1LXj4Rwp8hj8OpI4Q
noya-plaza,high,ChIJbTzHK9BLXj4Rkf2blpN_OHs
noya-plaza,high,ChIJS4LrXUJKXj4R06eLXSFl_HI
noya-plaza,high,ChIJcRPc8q5LXj4RBYS7OqLRv-4
noya-plaza,high,ChIJSQFcsM5LXj4RSSQoyypSq7Q
noya-plaza,high,ChIJEyNXSwBLXj4Rryi_vyyFOf4
noya-plaza,high,ChIJmx1MGFJLXj4R1DeoQzykyR8
noya-plaza,high,ChIJBfshCQBLXj4R8lLRss4p7rE
noya-plaza,high,ChIJH9OQ6MdLXj4RhHK3jSbdvQg
noya-plaza,high,ChIJ9yCOWgBLXj4RNpETWETZQIs
noya-plaza,high,ChIJpyiz9sFLXj4R44LdwEBpgA0
noya-plaza,high,ChIJHTnQlVZKXj4RiaTEYsOcroA
noya-plaza,high,ChIJ2wgq0cKDfq8RI1aJLtodTok
noya-plaza,high,ChIJU-Jvx8ZLXj4ROEepDo8c2do
noya-plaza,high,ChIJRfTVvZVDXj4RZZRKmMGM9cs
noya-plaza,high,ChIJD78jm21DXj4RFJaaFlEWA9U
noya-plaza,high,ChIJt8i1c6JDXj4RZT68OZOeZA8
noya-plaza,high,ChIJJThiRQBDXj4ReHyHBI8ug-c
noya-plaza,high,ChIJsZcdI0VCXj4RcqqbomF0j6w
noya-plaza,high,ChIJy0gbkiRDXj4RsKUFEhYvICw
noya-plaza,high,ChIJi3I6PmpFXj4RvnqAlf-Zj14
noya-plaza,high,ChIJObWU69VFXj4RHe9sihg8jm0
noya-plaza,high,ChIJP1niJQBHXj4RF3V73XOmjaQ
noya-plaza,high,ChIJjVmxV54IyG8Rb6vQGYUtChQ
noya-plaza,high,ChIJK756BwBFXj4RNGsyZqGUr0o
noya-plaza,high,ChIJBa4fnRRFXj4RPhetV5A5vHI
noya-plaza,high,ChIJJb5APb1FXj4RU9aUzn6zONo
noya-plaza,high,ChIJDauAueVFXj4R3Xmnuq3eL3M
noya-plaza,high,ChIJ2cRwm0lynCgR06QvoTEAUV0
noya-plaza,high,ChIJcTgqyBZHXj4Rf5B1BB4WmsQ
noya-plaza,high,ChIJdzZoddFFXj4RJUxCBRKNlz8
noya-plaza,high,ChIJCcq3fX1GXj4RHBRRQQMXNlE
noya-plaza,high,ChIJew69Lv1FXj4RjK59U-COz1k
noya-plaza,high,ChIJH26D38ZFXj4RrPiy947PD0w
noya-plaza,high,ChIJ32dV6-JFXj4RirMzddSWiYA
noya-plaza,high,ChIJieGTC7ZPXj4RX_8hfMRV2HY
noya-plaza,high,ChIJV8rMtqhHXj4R1k1OzNyPle4
noya-plaza,high,ChIJwReRVwZPXj4RpK7PtgYsZSw
noya-plaza,high,ChIJVdq-wf5HXj4RAyEN29J_D4Q
noya-plaza,high,ChIJoV3tjb5FXj4RPTMhunNNho0
noya-plaza,high,ChIJcRE_l2NmXj4Rs7yNgCkivuE
noya-plaza,high,ChIJCRc4ebdFXj4RDqx1r4bzbto
noya-plaza,high,ChIJx_35IbpFXj4RiBbhXLiaAmA
noya-plaza,high,ChIJQ-xRY6NFXj4Ru-FAiCzJdaQ
noya-plaza,high,ChIJg9vaPitJXj4RteR_PONRSLE
noya-plaza,high,ChIJaxDupR1JXj4RxkHSywjtQnU
noya-plaza,high,ChIJu1fiwWpJXj4RVNRMH1pYlyA
noya-plaza,high,ChIJEQ2uFQBJXj4R8QG8_u2Tfu8
noya-plaza,high,ChIJp3xbSABJXj4RArqZJvxrev0
noya-plaza,high,ChIJURVpPwBJXj4RqJu7MxgB1zo
noya-plaza,high,ChIJmzoJWuVLXj4RqBn0BWJ2yrk
noya-plaza,high,ChIJB9iPPgBLXj4RcvY_sB8WxMA
noya-plaza,high,ChIJhST-PqhLXj4R4Ns1HCNIcjA
noya-plaza,high,ChIJv066Aa1LXj4RLnzJJT43tGQ
noya-plaza,high,ChIJCWVOVMBLXj4R3mIpsIuRc0w
noya-plaza,high,ChIJJS9H8odLXj4RMBB1xetn8ZA
noya-plaza,high,ChIJ4bpFkLxLXj4RuvHAx35d5a0
noya-plaza,high,ChIJdUbDqP9LXj4RSAKS5ScIBrI
noya-plaza,high,ChIJL34CrU5KXj4RgMSMmWEYPcs
noya-plaza,high,ChIJiY916chLXj4RDkfGzvC9L9Y
noya-plaza,high,ChIJQS7TRp1CXj4R7kO__gEfjH4
noya-plaza,high,ChIJmckIai1FXj4RDJdfcplz-70
noya-plaza,high,ChIJbWf7-eFFXj4R3ua_ke0oiTc
noya-plaza,high,ChIJZUhSv6tFXj4R7ZpJFnYGOTw
noya-plaza,high,ChIJlbPth9ndjWwRRkf1fcPzukU
noya-plaza,high,ChIJK1krJPdFXj4RQVCLQY9UeGY
noya-plaza,high,ChIJ2TEfXYhnXj4RGxHrc6Ex7DY
noya-plaza,high,ChIJz5Tsn31PXj4RrE5jIkDZ7vw
noya-plaza,high,ChIJY6BbY3ZPXj4RrUQtPfRTC6M
noya-plaza,high,ChIJiZM66x5PXj4RIbSt7qEUTzI
noya-plaza,high,ChIJL3H83LJPXj4RKlSye3d8n04
noya-plaza,high,ChIJp_cpJsFPXj4RIWhXvPqu7X0
noya-plaza,high,ChIJAUJXWQBPXj4RFsvzWMRVP5w
noya-plaza,high,ChIJ4yH5BgBPXj4Rq8jB2riSSG0
noya-plaza,high,ChIJPeHUOZ9PXj4RP72F07qBF7g
noya-plaza,high,ChIJD4c_XalPXj4RdqRn4Ir54qU
noya-plaza,high,ChIJA3XvaTVJXj4R4gSJlIkcAPA
noya-plaza,high,ChIJ3Tz_hthPXj4Ry_IfDWiVNDg
noya-plaza,high,ChIJ9UmGSABPXj4REU0bkml0VRU
noya-plaza,high,ChIJHdY88ulLXj4RxJwFo9jhF2g
noya-plaza,high,ChIJkcOkHe1LXj4RoGvVx_GBerI
noya-plaza,high,ChIJ8U8s0m1LXj4Ro5PzKtDofJA
noya-plaza,high,ChIJi8b_JRRLXj4RpcuKoAG2qjQ
noya-plaza,high,ChIJp-oXb_NLXj4RBDc3QGLm-uE
noya-plaza,high,ChIJ25NhJwBLXj4RR7-_dUZ3l7k
noya-plaza,high,ChIJwRS3lGZLXj4RBdg5XZufD1Y
noya-plaza,high,ChIJYQXTWupLXj4Rq7nhwQ2tKK4
noya-plaza,high,ChIJt5zCMjRLXj4RpfBYXaplTHw
noya-plaza,high,ChIJqTJYp2lLXj4RoBypwhbNdf0
noya-plaza,high,ChIJURfcOI9FXj4RQMm5phqBgY8
noya-plaza,high,ChIJ4UkIgGJFXj4Rqq_4olKf64c
noya-plaza,high,ChIJFZhIAO5DXj4RzlYwDOcq5NA
noya-plaza,high,ChIJX56uiH1FXj4R0q65jZPBHjU
noya-plaza,high,ChIJAdgYhN5PXj4RaWe6WoDcrrc
noya-plaza,high,ChIJsXh-qCRFXj4RPD1S74hayKA
noya-plaza,high,ChIJNe0TlU1PXj4Refjm7kiQahI
noya-plaza,high,ChIJnbUMv8FFXj4RNd5I0EaxNd0
noya-plaza,high,ChIJldsuf4dPXj4RP-dmBlvAypc
noya-plaza,high,ChIJiRA2fSNFXj4RMWrYFpOYLvQ
noya-plaza,high,ChIJUa8OzOlFXj4Rwz13Z_Ot4xk
noya-plaza,high,ChIJHxjtWBlFXj4RDcKTU8utwso
noya-plaza,high,ChIJo0AcVmRFXj4RX_BMC8Yz8Rc
noya-plaza,high,ChIJeQR6m39FXj4R_lb3bZ30fCg
noya-plaza,high,ChIJ3-uGn0Iz26cR1MLoPgqPDNw
noya-plaza,high,ChIJB0itbYNFXj4RSJ3-1CYpOfo
noya-plaza,high,ChIJs8VLrXFFXj4RAgma1lPZzZw
noya-plaza,high,ChIJ4fKvQapdXj4RR4R8aMsOKH0
noya-plaza,high,ChIJsci4XkJnXj4RdFbLSs1RTaM
noya-plaza,high,ChIJCULiVB5nXj4RrriEuVkzcCg
noya-plaza,high,ChIJw8rScR1FXj4RqBQrVfnEKSg
noya-plaza,high,ChIJ356381xFXj4RleluuqcjXKw
noya-plaza,high,ChIJzytGPQBFXj4ROm4eylf7Kho
noya-plaza,high,ChIJO454ZwBPXj4RZFsKq4kIvPw
noya-plaza,high,ChIJW3C9ewBPXj4REgscJwT0eTs
noya-plaza,high,ChIJzQ8rNUhOXj4RGlCfY1LYDIc
noya-plaza,high,ChIJc2TrBABPXj4RuGMwJyG_aN4
noya-plaza,high,ChIJWUO80Z9PXj4ReoD9XBjFuPM
noya-plaza,high,ChIJJZQinK9PXj4R8pDiVbY5L1w
noya-plaza,high,ChIJfxUbmz5OXj4Rh_bZxj75WL4
noya-plaza,high,ChIJfySZEadpXj4RQFGCOlwRwOg
noya-plaza,high,ChIJp323AgBPXj4RrofDoXgnPcg
noya-plaza,high,ChIJD4CyS3NOXj4RscRpJQ6SRmc
noya-plaza,high,ChIJd4DLeFpPXj4RfCwYjK8HG7o
noya-plaza,high,ChIJCZNgIwBPXj4RBXDQ6gQyJZc
noya-plaza,high,ChIJ_QS6FTNPXj4Rh1Dtow6vH_Y
noya-plaza,high,ChIJ5YtLV7hPXj4R30frPezuOe8
noya-plaza,high,ChIJUcq4CQBPXj4RrP8bmXN55UI
noya-plaza,high,ChIJ684164pnXj4R7iGsef52v7w
noya-plaza,high,ChIJMQDQxVxnXj4RaEL-lsslhxo
noya-plaza,high,ChIJq6qqatNpXj4RG-LPAvrvE9o
noya-plaza,high,ChIJoyzRazppXj4RbE9fTX--YgY
noya-plaza,high,ChIJ59T1ESdnXj4Rf1TGNNax3LE
noya-plaza,high,ChIJ15JvYpZnXj4RhJkLzg3Yo50
noya-plaza,high,ChIJO19xxlxnXj4RCj2gDk8OZws
noya-plaza,high,ChIJi71ebABdXj4RxZxHjJ8O_p0
noya-plaza,high,ChIJNxIMOABdXj4RlXDKCcO8GOA
noya-plaza,high,ChIJa-JXp4dRXj4RwYg3Nwqibmo
noya-plaza,high,ChIJQRT3IABRXj4RhK_Znr1OILM
noya-plaza,high,ChIJbSN1CLFPXj4Rl9x9Aro5dag
noya-plaza,high,ChIJhTfJMztRXj4RxFVl3wqJQak
noya-plaza,high,ChIJh9wAonFPXj4R6P2_rlevv90
noya-plaza,high,ChIJRcFIcQBPXj4R_ffjuPKPC3w
noya-plaza,high,ChIJ6xBtUQBPXj4RBIivJTZdPiE
noya-plaza,high,ChIJFbcipNZPXj4RDzs7kJAKif8
noya-plaza,high,ChIJm4-13dJPXj4RGhVhaDMey88
noya-plaza,high,ChIJtcOjwlZPXj4RzHRLm0qD3cg
noya-plaza,high,ChIJAQMQu4BPXj4RgzlYD-d7xlE
noya-plaza,high,ChIJPaBozw5OXj4RFHmj9O7KVNQ
noya-plaza,high,ChIJUayCUE5PXj4Rg1xfk-miDhw
noya-plaza,high,ChIJ0buKpw5OXj4R8Q_RMWwMbHU
noya-plaza,high,ChIJr3cA2epPXj4RcS6qJB4IjtA
noya-plaza,high,ChIJf3cbfzdPXj4RMbH1w9jcBl8
noya-plaza,high,ChIJ80o6kQxOXj4R3GhiXR5zl-E
noya-plaza,high,ChIJc7DZPwlnXj4RDLTM5fIWTaY
noya-plaza,high,ChIJ-WMhQYxPXj4RV48sW_jXqOo
noya-plaza,high,ChIJqRwwWXtPXj4RIFw8lRVEroE
noya-plaza,high,ChIJq55P8zdPXj4RgpexpFVFk9Q
noya-plaza,high,ChIJFbhrTABPXj4RGr41seI0ToA
noya-plaza,high,ChIJ05JPFVNPXj4Rs8Z2F_7JQ6E
noya-plaza,high,ChIJX78DV_BFXj4RN5nviRuPI5Q
noya-plaza,high,ChIJ332nEJ9dXj4RYkL1dRzw7x8
noya-plaza,high,ChIJnWNRuh9pXj4R93AxarN6zlI
noya-plaza,high,ChIJ74u6ERZdXj4R_UOyeBtrBRw
noya-plaza,high,ChIJEQDnOQBdXj4RANnNr0KE6H0
noya-plaza,high,ChIJQ-vjMIdfXj4Rv__UgWAIaN4
noya-plaza,high,ChIJO5rnYmBRXj4R1pXDgiZmjbw
noya-plaza,high,ChIJA_bkfvdRXj4RIn9092gR8BA
noya-plaza,high,ChIJt5VoqPdRXj4R15pqzNESzv8
noya-plaza,high,ChIJibicqPdRXj4R8213z11_N4Y
noya-plaza,high,ChIJ1zUsWro4Xj4RPiP1sG2UhqM
noya-plaza,high,ChIJBcezDOBRXj4ReyZ1UMIFj00
noya-plaza,high,ChIJab-JA4RRXj4RbxVemc2x5kk
noya-plaza,high,ChIJCfv3ErtRXj4RCJFiBgEm7ag
noya-plaza,high,ChIJPz1dPzVRXj4RKKiV5j-5NB4
noya-plaza,high,ChIJu4bD1_tRXj4ROPAfbx-56ZQ
noya-plaza,high,ChIJc_5igYhRXj4RffnMtilTDoM
noya-plaza,high,ChIJz_enoPRTXj4RVH3vL0Ra3vg
noya-plaza,high,ChIJU1UVxdBTXj4RzpS8lHFzIXk
noya-plaza,high,ChIJ7UBjdwBTXj4RDw3kK6HKUj4
noya-plaza,high,ChIJ07zx0dBTXj4RHfn6zx0uWys
noya-plaza,high,ChIJ5VRBLABRXj4R1L7jmeybm0k
noya-plaza,high,ChIJHRHEdABTXj4RHV8GDF6GJnc
noya-plaza,high,ChIJD0W-SABRXj4RrzbXBZFrWOc
noya-plaza,high,ChIJEZ20muRTXj4RUyA9gbLP178
noya-plaza,high,ChIJhTWMCwBTXj4RcbqH-FrIlh4
noya-plaza,high,ChIJ3ziKcCpTXj4RwqXtq8cgUOg
noya-plaza,high,ChIJhUGNSspTXj4RiOO6P3BKeXY
noya-plaza,high,ChIJN3D6p8dPXj4R3yBQqwyBw3M
noya-plaza,high,ChIJMRP7IAFPXj4RSz1qPAw9NhI
noya-plaza,high,ChIJ0eiMDgBPXj4RbtWaL1szmjY
noya-plaza,high,ChIJ_3PpKfdFXj4RMHet52RdlMM
noya-plaza,high,ChIJF3S7gY5PXj4Rj-9MkNrGVCc
noya-plaza,high,ChIJE9GxX6BHXj4RGlt2IQolkFo
noya-plaza,high,ChIJrzaR6p5PXj4RhUr3DeYN2qM
noya-plaza,high,ChIJz2ltkixLXj4R7VAg6B_e7jg
noya-plaza,high,ChIJUQwY39BPXj4RsxvhH-xf4yg
noya-plaza,high,ChIJX0fF9NNFXj4RnoPe9u8IN-0
noya-plaza,high,ChIJhTH3IQA3Xj4RxufTBS3mKI0
noya-plaza,high,ChIJGUvxqCQMLi4RhzATSVQSUus
noya-plaza,high,ChIJKepBesZHXj4RaBj3rjbxowg
noya-plaza,high,ChIJP2wFAmlFXj4RyTAG9SZLuOo
noya-plaza,high,ChIJyzQrxX9BXj4R3dgagdsPj3c
noya-plaza,high,ChIJJa-aG9pHXj4RITVTPeiexls
noya-plaza,high,ChIJ4wFe7_lHXj4RtfXZggHE9rQ
noya-plaza,high,ChIJG4PiHHpHXj4Rgotz8EAEtKw
noya-plaza,high,ChIJzZVKEF5GXj4RN9lxYZQXab4
noya-plaza,high,ChIJoZVnEQBHXj4RhoneBiTbNw4
noya-plaza,high,ChIJYfh3OItpXj4Rt3V__N7ZRco
noya-plaza,high,ChIJee0fKLBHXj4R3ULumaNyt_E
noya-plaza,high,ChIJo4M7ff5HXj4RozyClVf8rfk
noya-plaza,high,ChIJXegBnsJLXj4RbvwJRXPu_8o
noya-plaza,high,ChIJycN1AhxFXj4RscBwotobRns
noya-plaza,high,ChIJt4ngRthFXj4R7qe029dMUJU
ras-al-khaimah,low,ChIJU-2CEocL9j4RHY1-lYMVnt0
ras-al-khaimah,low,ChIJq1GaGOB19j4RMr9PuygWQhE
ras-al-khaimah,low,ChIJ72LyEiV19j4RAl9jPTJwcZo
ras-al-khaimah,low,ChIJN71XLyJx9j4RFdHjXVAEPo8
ras-al-khaimah,low,ChIJnSZUg4Z19j4Rq0ghjP1th6E
ras-al-khaimah,low,ChIJW6tVWmt19j4RtbYqsCLEeFQ
ras-al-khaimah,low,ChIJYZ5FVkB19j4RibA_nsmtkl4
ras-al-khaimah,low,ChIJYXPGRS519j4RSXMkKBBNJZs
ras-al-khaimah,low,ChIJX66-BA519j4R4fOv7U9tHvw
ras-al-khaimah,low,ChIJ_xAiXz519j4RnZi6Ae-FwTk
ras-al-khaimah,low,ChIJNYygSpp19j4RxlJsueGbO0k
ras-al-khaimah,low,ChIJs3W4wZp19j4RYBGzFuYY3U4
ras-al-khaimah,low,ChIJE7nyaQB19j4RqJqshGXbiQg
ras-al-khaimah,low,ChIJYU4PwtJ19j4RTzPR2Cu8EP0
ras-al-khaimah,low,ChIJkwiYO5h19j4RGE1uqJuX8W8
ras-al-khaimah,low,ChIJq5oGzUl19j4R2vf9KrEfZNI
ras-al-khaimah,low,ChIJkQiGUwB19j4R1VVjtT9y8h0
ras-al-khaimah,low,ChIJB73SbffZ9T4RphyvTZ7pUCE
ras-al-khaimah,low,ChIJod_5fILY9T4R6B4o95PwwRY
ras-al-khaimah,low,ChIJK7sGMwDZ9T4RDDiUky0clOM
ras-al-khaimah,low,ChIJRTOGOpp19j4RwLvZFhsRMX4
ras-al-khaimah,low,ChIJR607LQB19j4RNX0vKsmk3H4
ras-al-khaimah,low,ChIJB9zGLKB19j4RHdhZF7f6m8o
ras-al-khaimah,low,ChIJV5kPnuN19j4RSMkHoVUlpOo
ras-al-khaimah,low,ChIJWx6gaZ919j4RXUuTiLkUWlA
ras-al-khaimah,low,ChIJE-HwZ7B19j4RTFWNfWB_tCo
ras-al-khaimah,low,ChIJV0hlsKt19j4Rl6RZGjT6wtg
ras-al-khaimah,low,ChIJo-aKmr919j4Ro27ktj_ySCU
ras-al-khaimah,low,ChIJlxuxeq519j4R_C_1ELLTT50
ras-al-khaimah,low,ChIJ23HGVlFx9j4RHXE9L1mXjU4
ras-al-khaimah,low,ChIJ983n88J19j4RVKxtjNXtECw
ras-al-khaimah,low,ChIJGTmUdUV19j4Rtw8vJqPKVb8
ras-al-khaimah,low,ChIJaTs_yhZ19j4RZ-Pgn1AscAU
ras-al-khaimah,low,ChIJKTwLEjd39j4RyM8fCwDuk4A
ras-al-khaimah,low,ChIJsTlX6p929j4RvSNgp5T0dK8
ras-al-khaimah,low,ChIJM3m2CWt29j4RZlKhyBiOWvY
ras-al-khaimah,low,ChIJZTFdsHt29j4RAX7MugE_05Y
ras-al-khaimah,low,ChIJNyvJUqF39j4RJijXXhkAsXw
ras-al-khaimah,low,ChIJz4_EZAB39j4R3Xsvujuxmc4
ras-al-khaimah,low,ChIJmSrYw4B19j4ReS0jA2f8MQ4
ras-al-khaimah,low,ChIJ_YqF6tF39j4RRFOlplWtEAQ
ras-al-khaimah,low,ChIJl8Kr47F39j4Rng3fa3wo1O8
ras-al-khaimah,low,ChIJLQOxbtJ39j4RNK3Qh2SOuMU
ras-al-khaimah,low,ChIJhVcq1_F39j4R1IZvx4CTi88
ras-al-khaimah,low,ChIJF2riysJ19j4Rz-IGoUaN4Xg
ras-al-khaimah,low,ChIJ_xlise119j4RPwHaPUlPHLk
ras-al-khaimah,low,ChIJs9hlpFF09j4R9_vZcehtnPo
ras-al-khaimah,low,ChIJC9kG5jB19j4R4B37BfGhlfE
ras-al-khaimah,low,ChIJY2HJGQJ19j4RdCq6WyUdEyA
ras-al-khaimah,low,ChIJpdzNnFp19j4RMomGtHfA25Y
ras-al-khaimah,low,ChIJDzY92B919j4Rv_y8Wd98RFU
ras-al-khaimah,low,ChIJCWI_a5p19j4RBnvg0eL4-wE
ras-al-khaimah,low,ChIJH-yfWJt19j4R0GDJMiWTCfM
ras-al-khaimah,low,ChIJ1UO62UV09j4ROx5CK2Bb2UE
ras-al-khaimah,low,ChIJ59x_uOh19j4RhzuGy-wtHi0
ras-al-khaimah,low,ChIJPamKiwt19j4RTIK-2dFElH0
ras-al-khaimah,low,ChIJ0YKeuLt19j4RdlHvfjWrcMk
ras-al-khaimah,low,ChIJf4Eu6yx09j4R2nRrgIbrI_Q
ras-al-khaimah,low,ChIJpeBZSRh09j4RU-bAqHawmL0
ras-al-khaimah,low,ChIJhe_CqTB09j4R73prPQmuQBU
ras-al-khaimah,low,ChIJAxD-sJJ19j4Rixpby7A29rw
ras-al-khaimah,low,ChIJU_PnVd519j4RsgSZcVNX7tQ
ras-al-khaimah,low,ChIJ503kUDZ19j4RM3M9avnwbtI
ras-al-khaimah,low,ChIJVbvGVR909j4RlLooncN9YTA
ras-al-khaimah,low,ChIJl6cp9toinY4RXWO5ksa8U6E
ras-al-khaimah,low,ChIJs9fYRBh09j4RtcwB_AsSovc
ras-al-khaimah,low,ChIJWaRuwjJ19j4RqDcPBPK0lB4
ras-al-khaimah,low,ChIJp_z4RnF19j4RYLoYChZAJb0
ras-al-khaimah,low,ChIJY6eErj519j4RjyNUh-WP70s
ras-al-khaimah,low,ChIJfXlEpj919j4Rob1dVQCIr4k
ras-al-khaimah,low,ChIJCfq-VLB19j4RgGOXLI4tvf8
ras-al-khaimah,low,ChIJk9OIa1139j4RFswsdSR7nJ0
ras-al-khaimah,low,ChIJ0Qh_PAB39j4RKEWX0zI8joc
ras-al-khaimah,low,ChIJi9Z48O129j4RoeWtiWsC1Gc
ras-al-khaimah,low,ChIJdxRuemN39j4RvnNsHf_4jvw
ras-al-khaimah,low,ChIJ0_k2qhp09j4RW5NJQknfBxw
ras-al-khaimah,low,ChIJ2fG7TAV09j4RdcFCv89ZYM8
ras-al-khaimah,low,ChIJJyZh06Z19j4RIV1N1SXTy_E
ras-al-khaimah,low,ChIJo60juBp09j4RxprB1ROh4jw
ras-al-khaimah,low,ChIJ_VKb3Ch39j4R6d2giog1bGI
ras-al-khaimah,low,ChIJDflo59R19j4RvHUqihK1aOo
ras-al-khaimah,low,ChIJ44Tsrqx29j4Ra0Ys2jTiaTI
ras-al-khaimah,low,ChIJTW1MpB139j4Riq0jm1uZytQ
ras-al-khaimah,low,ChIJ0eIdE_d39j4RyGNSjZj8i9k
ras-al-khaimah,low,ChIJ1_Yaz8V19j4RjORr66opjvI
ras-al-khaimah,low,ChIJg2woDqB29j4R9KROo6EzNAg
ras-al-khaimah,low,ChIJ_____xh09j4RK-q74h5hN1U
ras-al-khaimah,low,ChIJ_36f_R909j4R9vtMKujX6EU
ras-al-khaimah,low,ChIJkRiQzEt39j4ROD_kh5eaqDE
ras-al-khaimah,low,ChIJ-cn0BqR19j4Ra4YIlXAEJWc
ras-al-khaimah,low,ChIJX9_SLZ929j4RF2lNn7GYw8I
ras-al-khaimah,low,ChIJ6-au5ql29j4RyME91--x10o
ras-al-khaimah,low,ChIJlQ7d-YR39j4RuCGAM8_ZCVc
ras-al-khaimah,low,ChIJ43mKAul29j4RwMfroDxOpn4
ras-al-khaimah,low,ChIJp7CHiiN19j4RBnLbTR2fsBk
ras-al-khaimah,low,ChIJ770NLph39j4R3PDuJoRS7r8
ras-al-khaimah,low,ChIJ0zRH367Z9T4RrRyGzqVJu_A
ras-al-khaimah,low,ChIJhSC6XVVx9j4R01PCUF_wKEs
ras-al-khaimah,low,ChIJe7clgPx19j4R2bfO4qvUbJ0
ras-al-khaimah,low,ChIJGZ4yYLp19j4RKZX9V_K5xac
ras-al-khaimah,low,ChIJMS475VN39j4Rk7cZptXOG6Y
ras-al-khaimah,low,ChIJQ4H9gJZ39j4RC7_P9C10fKg
ras-al-khaimah,low,ChIJrd6TJM119j4RDjaVe6-tpj4
ras-al-khaimah,low,ChIJDfljeVevUoIRRIxCIuktjo8
ras-al-khaimah,low,ChIJdQ5lNCt39j4RXu2b4iVESr4
ras-al-khaimah,low,ChIJfyDEzObvVWERtwgCTK7Zz_c
ras-al-khaimah,low,ChIJh4YBJHp39j4RIWlnX50cqOI
ras-al-khaimah,low,ChIJuZTaitd19j4R0OA6dvwbfhM
ras-al-khaimah,low,ChIJJQX5QYJDXz4RKLmA_ANvKpE
ras-al-khaimah,low,ChIJe7WnoUd39j4RsbYD1rVkYgU
ras-al-khaimah,low,ChIJdVbkuzh39j4R-PVHQUBcLZg
ras-al-khaimah,low,ChIJ6fKQegJ19j4RwHQ91x7T0fc
ras-al-khaimah,medium,ChIJ57BJWm_Z9T4Rbp1vPU5HrwQ
ras-al-khaimah,medium,ChIJd9JDaNTZ9T4Rd6wxgb05ONE
ras-al-khaimah,medium,ChIJp6V7iGLZ9T4RhOI172D6Zv4
ras-al-khaimah,medium,ChIJLyDTCO_Z9T4RHRYLMIlB19Y
ras-al-khaimah,medium,ChIJBfi_glfZ9T4RLrhEMDVJJQ0
ras-al-khaimah,medium,ChIJqZUVNezY9T4RMgY3cIFIxsg
ras-al-khaimah,medium,ChIJLb1EQgAL9j4RmzDQc669eEY
ras-al-khaimah,medium,ChIJE2KXVYkL9j4RUQMkgOQdPiM
ras-al-khaimah,medium,ChIJG-i1oYYL9j4Rck04E-h-P9w
ras-al-khaimah,medium,ChIJOXIv-mEL9j4R_xQg36C4sQo
ras-al-khaimah,medium,ChIJH7inUeMK9j4RT1w6dN1d5Wk
ras-al-khaimah,medium,ChIJ32vNReMK9j4RboYlzrd6gHg
ras-al-khaimah,medium,ChIJ6dBqcvsK9j4RtKwYGdHRoaU
ras-al-khaimah,medium,ChIJI8_paPsK9j4RXUGuefBRE3k
ras-al-khaimah,medium,ChIJ77KyeWcL9j4RsNG4MI8ikzY
ras-al-khaimah,medium,ChIJs13nvNkK9j4RBSlVRiJ7y1E
ras-al-khaimah,medium,ChIJU-2CEocL9j4RHY1-lYMVnt0
ras-al-khaimah,medium,ChIJlyCvDtejn2gRbvh_PlTKoQY
ras-al-khaimah,medium,ChIJyclq2rYL9j4RydJt3eJEVIw
ras-al-khaimah,medium,ChIJY97wp-MK9j4Ric_osFzrMO4
ras-al-khaimah,medium,ChIJq1GaGOB19j4RMr9PuygWQhE
ras-al-khaimah,medium,ChIJ72LyEiV19j4RAl9jPTJwcZo
ras-al-khaimah,medium,ChIJN71XLyJx9j4RFdHjXVAEPo8
ras-al-khaimah,medium,ChIJnSZUg4Z19j4Rq0ghjP1th6E
ras-al-khaimah,medium,ChIJW6tVWmt19j4RtbYqsCLEeFQ
ras-al-khaimah,medium,ChIJYZ5FVkB19j4RibA_nsmtkl4
ras-al-khaimah,medium,ChIJYXPGRS519j4RSXMkKBBNJZs
ras-al-khaimah,medium,ChIJX66-BA519j4R4fOv7U9tHvw
ras-al-khaimah,medium,ChIJ_xAiXz519j4RnZi6Ae-FwTk
ras-al-khaimah,medium,ChIJNYygSpp19j4RxlJsueGbO0k
ras-al-khaimah,medium,ChIJs3W4wZp19j4RYBGzFuYY3U4
ras-al-khaimah,medium,ChIJheZAj6B19j4R4tcwUtGPuZs
ras-al-khaimah,medium,ChIJI0rAUQB19j4R3V5Rd2kiZ3c
ras-al-khaimah,medium,ChIJE7nyaQB19j4RqJqshGXbiQg
ras-al-khaimah,medium,ChIJYU4PwtJ19j4RTzPR2Cu8EP0
ras-al-khaimah,medium,ChIJhy_UfGXf9T4RDswvn_ONTPw
ras-al-khaimah,medium,ChIJh9Uohgnf9T4RRFW7J3EEXy4
ras-al-khaimah,medium,ChIJ4zBgllF19j4ROMTc9V0tA9g
ras-al-khaimah,medium,ChIJK58PZp_f9T4RvPEjATCdJ88
ras-al-khaimah,medium,ChIJkwiYO5h19j4RGE1uqJuX8W8
ras-al-khaimah,medium,ChIJq5oGzUl19j4R2vf9KrEfZNI
ras-al-khaimah,medium,ChIJkQiGUwB19j4R1VVjtT9y8h0
ras-al-khaimah,medium,ChIJB73SbffZ9T4RphyvTZ7pUCE
ras-al-khaimah,medium,ChIJA_PXdYvZ9T4RthIvjYhL9Uk
ras-al-khaimah,medium,ChIJIXh0PgDZ9T4Rb8_eF9TIrcM
ras-al-khaimah,medium,ChIJod_5fILY9T4R6B4o95PwwRY
ras-al-khaimah,medium,ChIJK7sGMwDZ9T4RDDiUky0clOM
ras-al-khaimah,medium,ChIJLbbExfXm56kRnco40ItPWEM
ras-al-khaimah,medium,ChIJRTOGOpp19j4RwLvZFhsRMX4
ras-al-khaimah,medium,ChIJR607LQB19j4RNX0vKsmk3H4
ras-al-khaimah,medium,ChIJB9zGLKB19j4RHdhZF7f6m8o
ras-al-khaimah,medium,ChIJV5kPnuN19j4RSMkHoVUlpOo
ras-al-khaimah,medium,ChIJWx6gaZ919j4RXUuTiLkUWlA
ras-al-khaimah,medium,ChIJE-HwZ7B19j4RTFWNfWB_tCo
ras-al-khaimah,medium,ChIJV0hlsKt19j4Rl6RZGjT6wtg
ras-al-khaimah,medium,ChIJo-aKmr919j4Ro27ktj_ySCU
ras-al-khaimah,medium,ChIJlxuxeq519j4R_C_1ELLTT50
ras-al-khaimah,medium,ChIJ23HGVlFx9j4RHXE9L1mXjU4
ras-al-khaimah,medium,ChIJ983n88J19j4RVKxtjNXtECw
ras-al-khaimah,medium,ChIJGTmUdUV19j4Rtw8vJqPKVb8
ras-al-khaimah,medium,ChIJaTs_yhZ19j4RZ-Pgn1AscAU
ras-al-khaimah,medium,ChIJKTwLEjd39j4RyM8fCwDuk4A
ras-al-khaimah,medium,ChIJsTlX6p929j4RvSNgp5T0dK8
ras-al-khaimah,medium,ChIJM3m2CWt29j4RZlKhyBiOWvY
ras-al-khaimah,medium,ChIJZTFdsHt29j4RAX7MugE_05Y
ras-al-khaimah,medium,ChIJNyvJUqF39j4RJijXXhkAsXw
ras-al-khaimah,medium,ChIJz4_EZAB39j4R3Xsvujuxmc4
ras-al-khaimah,medium,ChIJmSrYw4B19j4ReS0jA2f8MQ4
ras-al-khaimah,medium,ChIJ_YqF6tF39j4RRFOlplWtEAQ
ras-al-khaimah,medium,ChIJl8Kr47F39j4Rng3fa3wo1O8
ras-al-khaimah,medium,ChIJLQOxbtJ39j4RNK3Qh2SOuMU
ras-al-khaimah,medium,ChIJewHRLIx39j4RHpQh1HB6dfk
ras-al-khaimah,medium,ChIJwwPC9nt39j4R7QdVZeJPChQ
ras-al-khaimah,medium,ChIJhVcq1_F39j4R1IZvx4CTi88
ras-al-khaimah,medium,ChIJmzKkutV39j4RviEgIvV90Ug
ras-al-khaimah,medium,ChIJF2riysJ19j4Rz-IGoUaN4Xg
ras-al-khaimah,medium,ChIJ_xlise119j4RPwHaPUlPHLk
ras-al-khaimah,medium,ChIJs9hlpFF09j4R9_vZcehtnPo
ras-al-khaimah,medium,ChIJC9kG5jB19j4R4B37BfGhlfE
ras-al-khaimah,medium,ChIJY2HJGQJ19j4RdCq6WyUdEyA
ras-al-khaimah,medium,ChIJpdzNnFp19j4RMomGtHfA25Y
ras-al-khaimah,medium,ChIJDzY92B919j4Rv_y8Wd98RFU
ras-al-khaimah,medium,ChIJCWI_a5p19j4RBnvg0eL4-wE
ras-al-khaimah,medium,ChIJH-yfWJt19j4R0GDJMiWTCfM
ras-al-khaimah,medium,ChIJ1UO62UV09j4ROx5CK2Bb2UE
ras-al-khaimah,medium,ChIJ59x_uOh19j4RhzuGy-wtHi0
ras-al-khaimah,medium,ChIJPamKiwt19j4RTIK-2dFElH0
ras-al-khaimah,medium,ChIJ0YKeuLt19j4RdlHvfjWrcMk
ras-al-khaimah,medium,ChIJf4Eu6yx09j4R2nRrgIbrI_Q
ras-al-khaimah,medium,ChIJpeBZSRh09j4RU-bAqHawmL0
ras-al-khaimah,medium,ChIJhe_CqTB09j4R73prPQmuQBU
ras-al-khaimah,medium,ChIJAxD-sJJ19j4Rixpby7A29rw
ras-al-khaimah,medium,ChIJU_PnVd519j4RsgSZcVNX7tQ
ras-al-khaimah,medium,ChIJ503kUDZ19j4RM3M9avnwbtI
ras-al-khaimah,medium,ChIJVbvGVR909j4RlLooncN9YTA
ras-al-khaimah,medium,ChIJl6cp9toinY4RXWO5ksa8U6E
ras-al-khaimah,medium,ChIJs9fYRBh09j4RtcwB_AsSovc
ras-al-khaimah,medium,ChIJWaRuwjJ19j4RqDcPBPK0lB4
ras-al-khaimah,medium,ChIJp_z4RnF19j4RYLoYChZAJb0
ras-al-khaimah,medium,ChIJY6eErj519j4RjyNUh-WP70s
ras-al-khaimah,medium,ChIJfXlEpj919j4Rob1dVQCIr4k
ras-al-khaimah,medium,ChIJCfq-VLB19j4RgGOXLI4tvf8
ras-al-khaimah,medium,ChIJk9OIa1139j4RFswsdSR7nJ0
ras-al-khaimah,medium,ChIJ0Qh_PAB39j4RKEWX0zI8joc
ras-al-khaimah,medium,ChIJi9Z48O129j4RoeWtiWsC1Gc
ras-al-khaimah,medium,ChIJdxRuemN39j4RvnNsHf_4jvw
ras-al-khaimah,medium,ChIJC2PpNhh39j4RjXwV4qOFObo
ras-al-khaimah,medium,ChIJ39zfUAB39j4RccI-wSv96zs
ras-al-khaimah,medium,ChIJ0_k2qhp09j4RW5NJQknfBxw
ras-al-khaimah,medium,ChIJ2fG7TAV09j4RdcFCv89ZYM8
ras-al-khaimah,medium,ChIJJyZh06Z19j4RIV1N1SXTy_E
ras-al-khaimah,medium,ChIJo60juBp09j4RxprB1ROh4jw
ras-al-khaimah,medium,ChIJ_VKb3Ch39j4R6d2giog1bGI
ras-al-khaimah,medium,ChIJDflo59R19j4RvHUqihK1aOo
ras-al-khaimah,medium,ChIJ44Tsrqx29j4Ra0Ys2jTiaTI
ras-al-khaimah,medium,ChIJTW1MpB139j4Riq0jm1uZytQ
ras-al-khaimah,medium,ChIJ0eIdE_d39j4RyGNSjZj8i9k
ras-al-khaimah,medium,ChIJ1_Yaz8V19j4RjORr66opjvI
ras-al-khaimah,medium,ChIJg2woDqB29j4R9KROo6EzNAg
ras-al-khaimah,medium,ChIJ_____xh09j4RK-q74h5hN1U
ras-al-khaimah,medium,ChIJ_36f_R909j4R9vtMKujX6EU
ras-al-khaimah,medium,ChIJkRiQzEt39j4ROD_kh5eaqDE
ras-al-khaimah,medium,ChIJ-cn0BqR19j4Ra4YIlXAEJWc
ras-al-khaimah,medium,ChIJX9_SLZ929j4RF2lNn7GYw8I
ras-al-khaimah,medium,ChIJ6-au5ql29j4RyME91--x10o
ras-al-khaimah,medium,ChIJlQ7d-YR39j4RuCGAM8_ZCVc
ras-al-khaimah,medium,ChIJobu8YR939j4Rm9qaP1NzWNU
ras-al-khaimah,medium,ChIJR3BMohp39j4RjHx5bKn1gBw
ras-al-khaimah,medium,ChIJsa02ABJ39j4RloTerA2WaPI
ras-al-khaimah,medium,ChIJ43mKAul29j4RwMfroDxOpn4
ras-al-khaimah,medium,ChIJz_7UrqZ39j4RnttNaxsMM6Y
ras-al-khaimah,medium,ChIJp7CHiiN19j4RBnLbTR2fsBk
ras-al-khaimah,medium,ChIJ770NLph39j4R3PDuJoRS7r8
ras-al-khaimah,medium,ChIJjR0s4nd39j4Rlk8irdnWO-Q
ras-al-khaimah,medium,ChIJT1cY1bh39j4Rm-k5idpvlmk
ras-al-khaimah,medium,ChIJm986utF29j4Re3j2-FzN4iU
ras-al-khaimah,medium,ChIJ0zRH367Z9T4RrRyGzqVJu_A
ras-al-khaimah,medium,ChIJ4czgrtrZ9T4RTTApGRiMzEI
ras-al-khaimah,medium,ChIJdbhNVG539j4ROD_YdP1QkT4
ras-al-khaimah,medium,ChIJy1DuNml39j4RgqXO3I9vasg
ras-al-khaimah,medium,ChIJhSC6XVVx9j4R01PCUF_wKEs
ras-al-khaimah,medium,ChIJK98C3wBx9j4RLhaWGIi-PY4
ras-al-khaimah,medium,ChIJkzMv2d1x9j4RN4f6Ug5pFW8
ras-al-khaimah,medium,ChIJG6YnAi9x9j4RwRvhwDvkhWw
ras-al-khaimah,medium,ChIJvc6MiO9x9j4RDufptShpW8U
ras-al-khaimah,medium,ChIJQZme4R9x9j4ROIs37UgUTQ8
ras-al-khaimah,medium,ChIJvZ2pT7dx9j4Rgbkg0JGfiZg
ras-al-khaimah,medium,ChIJxZ1QcgB39j4RVMe3Uxgie2I
ras-al-khaimah,medium,ChIJ3UClc3Bx9j4RYiev0DEeqgc
ras-al-khaimah,medium,ChIJkQti4TF09j4RFJSePACfXkg
ras-al-khaimah,medium,ChIJR5oFRQBx9j4Rl5xHQHeRxWI
ras-al-khaimah,medium,ChIJzdljpTlx9j4Rt01g4bfdaXw
ras-al-khaimah,medium,ChIJs-MT6Sxx9j4RSkw4gcYJ540
ras-al-khaimah,medium,ChIJRR19CNN29j4RYNx_8yF30m0
ras-al-khaimah,medium,ChIJ4UGeudlw9j4R3NOfjJHZWUo
ras-al-khaimah,medium,ChIJDd0S7yhx9j4RoPwwtVtav6Y
ras-al-khaimah,medium,ChIJk7kmeSx39j4R8cNzBdi4BxI
ras-al-khaimah,medium,ChIJ65ELiJRx9j4Rs4PhcaHgf9c
ras-al-khaimah,medium,ChIJS-9OpSdx9j4R0gWm9x3EA3w
ras-al-khaimah,medium,ChIJpTN-YCZ39j4R_cexjh0A3Hs
ras-al-khaimah,medium,ChIJfSN-PwBx9j4RVPMMcYuPBr8
ras-al-khaimah,medium,ChIJ31xUlj9x9j4RiNMCJsZs_Pw
ras-al-khaimah,medium,ChIJi9RbHshx9j4R7blD_5-RCpo
ras-al-khaimah,medium,ChIJV0V-SN9w9j4RK-INxgzTkK4
ras-al-khaimah,medium,ChIJO9Uwcytx9j4RD43-9hGQEAs
ras-al-khaimah,medium,ChIJs_Hck9hw9j4R6sCIlnsIFxI
ras-al-khaimah,medium,ChIJzwQsMQVx9j4R4vzRYmaebMY
ras-al-khaimah,medium,ChIJHymEgtqJWgkRWkzvoGF1kl4
ras-al-khaimah,medium,ChIJz8gsySVx9j4RcrdKOIHe-YU
ras-al-khaimah,medium,ChIJe7clgPx19j4R2bfO4qvUbJ0
ras-al-khaimah,medium,ChIJGZ4yYLp19j4RKZX9V_K5xac
ras-al-khaimah,medium,ChIJMS475VN39j4Rk7cZptXOG6Y
ras-al-khaimah,medium,ChIJKQYUPn939j4RSdpv9YIlDIM
ras-al-khaimah,medium,ChIJQ4H9gJZ39j4RC7_P9C10fKg
ras-al-khaimah,medium,ChIJrd6TJM119j4RDjaVe6-tpj4
ras-al-khaimah,medium,ChIJDfljeVevUoIRRIxCIuktjo8
ras-al-khaimah,medium,ChIJdQ5lNCt39j4RXu2b4iVESr4
ras-al-khaimah,medium,ChIJZ8kvqGt39j4RHNSqQhJgnec
ras-al-khaimah,medium,ChIJfyDEzObvVWERtwgCTK7Zz_c
ras-al-khaimah,medium,ChIJt7PRRaDZ9T4ROd7L5UcHcIc
ras-al-khaimah,medium,ChIJh4YBJHp39j4RIWlnX50cqOI
ras-al-khaimah,medium,ChIJuZTaitd19j4R0OA6dvwbfhM
ras-al-khaimah,medium,ChIJ-WGSwwB39j4R9s-C7O9nehI
ras-al-khaimah,medium,ChIJJQX5QYJDXz4RKLmA_ANvKpE
ras-al-khaimah,medium,ChIJe7WnoUd39j4RsbYD1rVkYgU
ras-al-khaimah,medium,ChIJfaKKX8P39T4ROGKNBsqA3tw
ras-al-khaimah,medium,ChIJzz1GtVt19j4R8aD570gnDv4
ras-al-khaimah,medium,ChIJvwnMPgBx9j4RGVNow1FUv48
ras-al-khaimah,medium,ChIJdVbkuzh39j4R-PVHQUBcLZg
ras-al-khaimah,medium,ChIJ6fKQegJ19j4RwHQ91x7T0fc
ras-al-khaimah,high,ChIJc1I4lmoK9j4Rs2Nijlz0i5o
ras-al-khaimah,high,ChIJ44huKhYL9j4R2fCxuBsNYVQ
ras-al-khaimah,high,ChIJmyxpHcML9j4RKFasonCjqlo
ras-al-khaimah,high,ChIJ0UdzfjwI2C4RDL8QoKhrTmg
ras-al-khaimah,high,ChIJl59uTVd39j4RS9uuSkrhaa4
ras-al-khaimah,high,ChIJ42HnCBgL9j4RuXtoEdnI4ZQ
ras-al-khaimah,high,ChIJ3edaPXZ19j4R_ipOWatk2rM
ras-al-khaimah,high,ChIJ0yN2dwAL9j4RYngp_WFdvpM
ras-al-khaimah,high,ChIJG-0GaAAL9j4RtYXM5d8h0os
ras-al-khaimah,high,ChIJa6wk0SgL9j4RnNy8k2p0IxE
ras-al-khaimah,high,ChIJf1v3zUnf9T4RD4EMBaPY5vs
ras-al-khaimah,high,ChIJ57BJWm_Z9T4Rbp1vPU5HrwQ
ras-al-khaimah,high,ChIJd9JDaNTZ9T4Rd6wxgb05ONE
ras-al-khaimah,high,ChIJp6V7iGLZ9T4RhOI172D6Zv4
ras-al-khaimah,high,ChIJLyDTCO_Z9T4RHRYLMIlB19Y
ras-al-khaimah,high,ChIJBfi_glfZ9T4RLrhEMDVJJQ0
ras-al-khaimah,high,ChIJqZUVNezY9T4RMgY3cIFIxsg
ras-al-khaimah,high,ChIJLb1EQgAL9j4RmzDQc669eEY
ras-al-khaimah,high,ChIJE2KXVYkL9j4RUQMkgOQdPiM
ras-al-khaimah,high,ChIJG-i1oYYL9j4Rck04E-h-P9w
ras-al-khaimah,high,ChIJOXIv-mEL9j4R_xQg36C4sQo
ras-al-khaimah,high,ChIJH7inUeMK9j4RT1w6dN1d5Wk
ras-al-khaimah,high,ChIJ32vNReMK9j4RboYlzrd6gHg
ras-al-khaimah,high,ChIJ6dBqcvsK9j4RtKwYGdHRoaU
ras-al-khaimah,high,ChIJI8_paPsK9j4RXUGuefBRE3k
ras-al-khaimah,high,ChIJ77KyeWcL9j4RsNG4MI8ikzY
ras-al-khaimah,high,ChIJs13nvNkK9j4RBSlVRiJ7y1E
ras-al-khaimah,high,ChIJU-2CEocL9j4RHY1-lYMVnt0
ras-al-khaimah,high,ChIJlyCvDtejn2gRbvh_PlTKoQY
ras-al-khaimah,high,ChIJyclq2rYL9j4RydJt3eJEVIw
ras-al-khaimah,high,ChIJY97wp-MK9j4Ric_osFzrMO4
ras-al-khaimah,high,ChIJq1GaGOB19j4RMr9PuygWQhE
ras-al-khaimah,high,ChIJ72LyEiV19j4RAl9jPTJwcZo
ras-al-khaimah,high,ChIJN71XLyJx9j4RFdHjXVAEPo8
ras-al-khaimah,high,ChIJnSZUg4Z19j4Rq0ghjP1th6E
ras-al-khaimah,high,ChIJW6tVWmt19j4RtbYqsCLEeFQ
ras-al-khaimah,high,ChIJYZ5FVkB19j4RibA_nsmtkl4
ras-al-khaimah,high,ChIJYXPGRS519j4RSXMkKBBNJZs
ras-al-khaimah,high,ChIJX66-BA519j4R4fOv7U9tHvw
ras-al-khaimah,high,ChIJ_xAiXz519j4RnZi6Ae-FwTk
ras-al-khaimah,high,ChIJNYygSpp19j4RxlJsueGbO0k
ras-al-khaimah,high,ChIJs3W4wZp19j4RYBGzFuYY3U4
ras-al-khaimah,high,ChIJheZAj6B19j4R4tcwUtGPuZs
ras-al-khaimah,high,ChIJI0rAUQB19j4R3V5Rd2kiZ3c
ras-al-khaimah,high,ChIJE7nyaQB19j4RqJqshGXbiQg
ras-al-khaimah,high,ChIJYU4PwtJ19j4RTzPR2Cu8EP0
ras-al-khaimah,high,ChIJhy_UfGXf9T4RDswvn_ONTPw
ras-al-khaimah,high,ChIJh9Uohgnf9T4RRFW7J3EEXy4
ras-al-khaimah,high,ChIJ4zBgllF19j4ROMTc9V0tA9g
ras-al-khaimah,high,ChIJK58PZp_f9T4RvPEjATCdJ88
ras-al-khaimah,high,ChIJkwiYO5h19j4RGE1uqJuX8W8
ras-al-khaimah,high,ChIJq5oGzUl19j4R2vf9KrEfZNI
ras-al-khaimah,high,ChIJkQiGUwB19j4R1VVjtT9y8h0
ras-al-khaimah,high,ChIJB73SbffZ9T4RphyvTZ7pUCE
ras-al-khaimah,high,ChIJA_PXdYvZ9T4RthIvjYhL9Uk
ras-al-khaimah,high,ChIJIXh0PgDZ9T4Rb8_eF9TIrcM
ras-al-khaimah,high,ChIJod_5fILY9T4R6B4o95PwwRY
ras-al-khaimah,high,ChIJK7sGMwDZ9T4RDDiUky0clOM
ras-al-khaimah,high,ChIJLbbExfXm56kRnco40ItPWEM
ras-al-khaimah,high,ChIJRTOGOpp19j4RwLvZFhsRMX4
ras-al-khaimah,high,ChIJR607LQB19j4RNX0vKsmk3H4
ras-al-khaimah,high,ChIJB9zGLKB19j4RHdhZF7f6m8o
ras-al-khaimah,high,ChIJV5kPnuN19j4RSMkHoVUlpOo
ras-al-khaimah,high,ChIJWx6gaZ919j4RXUuTiLkUWlA
ras-al-khaimah,high,ChIJE-HwZ7B19j4RTFWNfWB_tCo
ras-al-khaimah,high,ChIJV0hlsKt19j4Rl6RZGjT6wtg
ras-al-khaimah,high,ChIJo-aKmr919j4Ro27ktj_ySCU
ras-al-khaimah,high,ChIJlxuxeq519j4R_C_1ELLTT50
ras-al-khaimah,high,ChIJ23HGVlFx9j4RHXE9L1mXjU4
ras-al-khaimah,high,ChIJ983n88J19j4RVKxtjNXtECw
ras-al-khaimah,high,ChIJGTmUdUV19j4Rtw8vJqPKVb8
ras-al-khaimah,high,ChIJaTs_yhZ19j4RZ-Pgn1AscAU
ras-al-khaimah,high,ChIJKTwLEjd39j4RyM8fCwDuk4A
ras-al-khaimah,high,ChIJsTlX6p929j4RvSNgp5T0dK8
ras-al-khaimah,high,ChIJM3m2CWt29j4RZlKhyBiOWvY
ras-al-khaimah,high,ChIJZTFdsHt29j4RAX7MugE_05Y
ras-al-khaimah,high,ChIJNyvJUqF39j4RJijXXhkAsXw
ras-al-khaimah,high,ChIJz4_EZAB39j4R3Xsvujuxmc4
ras-al-khaimah,high,ChIJmSrYw4B19j4ReS0jA2f8MQ4
ras-al-khaimah,high,ChIJ_YqF6tF39j4RRFOlplWtEAQ
ras-al-khaimah,high,ChIJl8Kr47F39j4Rng3fa3wo1O8
ras-al-khaimah,high,ChIJLQOxbtJ39j4RNK3Qh2SOuMU
ras-al-khaimah,high,ChIJewHRLIx39j4RHpQh1HB6dfk
ras-al-khaimah,high,ChIJwwPC9nt39j4R7QdVZeJPChQ
ras-al-khaimah,high,ChIJhVcq1_F39j4R1IZvx4CTi88
ras-al-khaimah,high,ChIJmzKkutV39j4RviEgIvV90Ug
ras-al-khaimah,high,ChIJF2riysJ19j4Rz-IGoUaN4Xg
ras-al-khaimah,high,ChIJ_xlise119j4RPwHaPUlPHLk
ras-al-khaimah,high,ChIJs9hlpFF09j4R9_vZcehtnPo
ras-al-khaimah,high,ChIJC9kG5jB19j4R4B37BfGhlfE
ras-al-khaimah,high,ChIJY2HJGQJ19j4RdCq6WyUdEyA
ras-al-khaimah,high,ChIJpdzNnFp19j4RMomGtHfA25Y
ras-al-khaimah,high,ChIJDzY92B919j4Rv_y8Wd98RFU
ras-al-khaimah,high,ChIJCWI_a5p19j4RBnvg0eL4-wE
ras-al-khaimah,high,ChIJH-yfWJt19j4R0GDJMiWTCfM
ras-al-khaimah,high,ChIJ1UO62UV09j4ROx5CK2Bb2UE
ras-al-khaimah,high,ChIJ59x_uOh19j4RhzuGy-wtHi0
ras-al-khaimah,high,ChIJPamKiwt19j4RTIK-2dFElH0
ras-al-khaimah,high,ChIJ0YKeuLt19j4RdlHvfjWrcMk
ras-al-khaimah,high,ChIJf4Eu6yx09j4R2nRrgIbrI_Q
ras-al-khaimah,high,ChIJpeBZSRh09j4RU-bAqHawmL0
ras-al-khaimah,high,ChIJhe_CqTB09j4R73prPQmuQBU
ras-al-khaimah,high,ChIJAxD-sJJ19j4Rixpby7A29rw
ras-al-khaimah,high,ChIJU_PnVd519j4RsgSZcVNX7tQ
ras-al-khaimah,high,ChIJ503kUDZ19j4RM3M9avnwbtI
ras-al-khaimah,high,ChIJVbvGVR909j4RlLooncN9YTA
ras-al-khaimah,high,ChIJl6cp9toinY4RXWO5ksa8U6E
ras-al-khaimah,high,ChIJs9fYRBh09j4RtcwB_AsSovc
ras-al-khaimah,high,ChIJWaRuwjJ19j4RqDcPBPK0lB4
ras-al-khaimah,high,ChIJp_z4RnF19j4RYLoYChZAJb0
ras-al-khaimah,high,ChIJY6eErj519j4RjyNUh-WP70s
ras-al-khaimah,high,ChIJfXlEpj919j4Rob1dVQCIr4k
ras-al-khaimah,high,ChIJCfq-VLB19j4RgGOXLI4tvf8
ras-al-khaimah,high,ChIJk9OIa1139j4RFswsdSR7nJ0
ras-al-khaimah,high,ChIJ0Qh_PAB39j4RKEWX0zI8joc
ras-al-khaimah,high,ChIJi9Z48O129j4RoeWtiWsC1Gc
ras-al-khaimah,high,ChIJdxRuemN39j4RvnNsHf_4jvw
ras-al-khaimah,high,ChIJC2PpNhh39j4RjXwV4qOFObo
ras-al-khaimah,high,ChIJ39zfUAB39j4RccI-wSv96zs
ras-al-khaimah,high,ChIJ0_k2qhp09j4RW5NJQknfBxw
ras-al-khaimah,high,ChIJ2fG7TAV09j4RdcFCv89ZYM8
ras-al-khaimah,high,ChIJJyZh06Z19j4RIV1N1SXTy_E
ras-al-khaimah,high,ChIJo60juBp09j4RxprB1ROh4jw
ras-al-khaimah,high,ChIJ_VKb3Ch39j4R6d2giog1bGI
ras-al-khaimah,high,ChIJDflo59R19j4RvHUqihK1aOo
ras-al-khaimah,high,ChIJ44Tsrqx29j4Ra0Ys2jTiaTI
ras-al-khaimah,high,ChIJTW1MpB139j4Riq0jm1uZytQ
ras-al-khaimah,high,ChIJ0eIdE_d39j4RyGNSjZj8i9k
ras-al-khaimah,high,ChIJ1_Yaz8V19j4RjORr66opjvI
ras-al-khaimah,high,ChIJg2woDqB29j4R9KROo6EzNAg
ras-al-khaimah,high,ChIJ_____xh09j4RK-q74h5hN1U
ras-al-khaimah,high,ChIJ_36f_R909j4R9vtMKujX6EU
ras-al-khaimah,high,ChIJkRiQzEt39j4ROD_kh5eaqDE
ras-al-khaimah,high,ChIJ-cn0BqR19j4Ra4YIlXAEJWc
ras-al-khaimah,high,ChIJX9_SLZ929j4RF2lNn7GYw8I
ras-al-khaimah,high,ChIJ6-au5ql29j4RyME91--x10o
ras-al-khaimah,high,ChIJlQ7d-YR39j4RuCGAM8_ZCVc
ras-al-khaimah,high,ChIJobu8YR939j4Rm9qaP1NzWNU
ras-al-khaimah,high,ChIJR3BMohp39j4RjHx5bKn1gBw
ras-al-khaimah,high,ChIJsa02ABJ39j4RloTerA2WaPI
ras-al-khaimah,high,ChIJ43mKAul29j4RwMfroDxOpn4
ras-al-khaimah,high,ChIJz_7UrqZ39j4RnttNaxsMM6Y
ras-al-khaimah,high,ChIJp7CHiiN19j4RBnLbTR2fsBk
ras-al-khaimah,high,ChIJ770NLph39j4R3PDuJoRS7r8
ras-al-khaimah,high,ChIJjR0s4nd39j4Rlk8irdnWO-Q
ras-al-khaimah,high,ChIJT1cY1bh39j4Rm-k5idpvlmk
ras-al-khaimah,high,ChIJm986utF29j4Re3j2-FzN4iU
ras-al-khaimah,high,ChIJ0zRH367Z9T4RrRyGzqVJu_A
ras-al-khaimah,high,ChIJ4czgrtrZ9T4RTTApGRiMzEI
ras-al-khaimah,high,ChIJgbMjpEd39j4RcRoPbq-dXQQ
ras-al-khaimah,high,ChIJR6qAji139j4R8f7KVd5OCXg
ras-al-khaimah,high,ChIJ2b9uRml39j4RvTSa3XiPSSI
ras-al-khaimah,high,ChIJdbhNVG539j4ROD_YdP1QkT4
ras-al-khaimah,high,ChIJy1DuNml39j4RgqXO3I9vasg
ras-al-khaimah,high,ChIJhSC6XVVx9j4R01PCUF_wKEs
ras-al-khaimah,high,ChIJk0U0rbpx9j4RwR8Vv0pOwIw
ras-al-khaimah,high,ChIJK98C3wBx9j4RLhaWGIi-PY4
ras-al-khaimah,high,ChIJkzMv2d1x9j4RN4f6Ug5pFW8
ras-al-khaimah,high,ChIJG6YnAi9x9j4RwRvhwDvkhWw
ras-al-khaimah,high,ChIJvc6MiO9x9j4RDufptShpW8U
ras-al-khaimah,high,ChIJBXyas0Fx9j4RalN2-xTjxE4
ras-al-khaimah,high,ChIJ-3mo0jtx9j4RGI2udcZQWxc
ras-al-khaimah,high,ChIJQZme4R9x9j4ROIs37UgUTQ8
ras-al-khaimah,high,ChIJvZ2pT7dx9j4Rgbkg0JGfiZg
ras-al-khaimah,high,ChIJxZ1QcgB39j4RVMe3Uxgie2I
ras-al-khaimah,high,ChIJ3UClc3Bx9j4RYiev0DEeqgc
ras-al-khaimah,high,ChIJkQti4TF09j4RFJSePACfXkg
ras-al-khaimah,high,ChIJR5oFRQBx9j4Rl5xHQHeRxWI
ras-al-khaimah,high,ChIJXRl9va5x9j4Rwv_majQGVPI
ras-al-khaimah,high,ChIJzdljpTlx9j4Rt01g4bfdaXw
ras-al-khaimah,high,ChIJs-MT6Sxx9j4RSkw4gcYJ540
ras-al-khaimah,high,ChIJRR19CNN29j4RYNx_8yF30m0
ras-al-khaimah,high,ChIJ4UGeudlw9j4R3NOfjJHZWUo
ras-al-khaimah,high,ChIJDd0S7yhx9j4RoPwwtVtav6Y
ras-al-khaimah,high,ChIJk7kmeSx39j4R8cNzBdi4BxI
ras-al-khaimah,high,ChIJZ4Oj0iVx9j4Ra_rMz13_Eqc
ras-al-khaimah,high,ChIJ65ELiJRx9j4Rs4PhcaHgf9c
ras-al-khaimah,high,ChIJS-9OpSdx9j4R0gWm9x3EA3w
ras-al-khaimah,high,ChIJpTN-YCZ39j4R_cexjh0A3Hs
ras-al-khaimah,high,ChIJ2QuDB7Vx9j4RHx54VJnEfy0
ras-al-khaimah,high,ChIJBdgnZQdx9j4RKkJRi5QncSY
ras-al-khaimah,high,ChIJgXJLCQBx9j4RJP-cWsv54h4
ras-al-khaimah,high,ChIJ55Gn9ztx9j4Rq9esyo9QSP4
ras-al-khaimah,high,ChIJRWDyxRNx9j4R9qz06ILMuxM
ras-al-khaimah,high,ChIJfSN-PwBx9j4RVPMMcYuPBr8
ras-al-khaimah,high,ChIJ31xUlj9x9j4RiNMCJsZs_Pw
ras-al-khaimah,high,ChIJjZdgnTxx9j4RzQ3osagr7Vk
ras-al-khaimah,high,ChIJn84eZFhx9j4RBSBGp5OfpgQ
ras-al-khaimah,high,ChIJpap1qZVw9j4RpxlD0IbR0Jw
ras-al-khaimah,high,ChIJG0cnHABx9j4R5WiimiomX6g
ras-al-khaimah,high,ChIJ4YoByUkOLCQRTAXXwsxeKOo
ras-al-khaimah,high,ChIJF0e0c-Zw9j4RKVbldmdM1dE
ras-al-khaimah,high,ChIJgcPgApVw9j4RZlDHvIWzY7I
ras-al-khaimah,high,ChIJ_7q_Cu9w9j4RhRLPzigv3Ws
ras-al-khaimah,high,ChIJET_D0O9w9j4RO1PWp3m9wX0
ras-al-khaimah,high,ChIJi9RbHshx9j4R7blD_5-RCpo
ras-al-khaimah,high,ChIJV0V-SN9w9j4RK-INxgzTkK4
ras-al-khaimah,high,ChIJO9Uwcytx9j4RD43-9hGQEAs
ras-al-khaimah,high,ChIJs_Hck9hw9j4R6sCIlnsIFxI
ras-al-khaimah,high,ChIJzwQsMQVx9j4R4vzRYmaebMY
ras-al-khaimah,high,ChIJb3Gt5ztx9j4RDfmZLMoooYk
ras-al-khaimah,high,ChIJ08qc5PRx9j4RUOaY8wfPCQM
ras-al-khaimah,high,ChIJe9KlcWtx9j4R0wcs4XAADFI
ras-al-khaimah,high,ChIJJf49H3dx9j4RF2OIf-WNTI4
ras-al-khaimah,high,ChIJWdiyfWFw9j4R52JC_DreJ2M
ras-al-khaimah,high,ChIJT19einxx9j4RzJZcDYJM1BU
ras-al-khaimah,high,ChIJLaekmCtx9j4RRQBEBXZujTg
ras-al-khaimah,high,ChIJ05ns8opw9j4RcAmMOQluRbs
ras-al-khaimah,high,ChIJMdVpYopw9j4RvoetAm5MOKk
ras-al-khaimah,high,ChIJYZUAZgBx9j4Royo48AF75CY
ras-al-khaimah,high,ChIJHymEgtqJWgkRWkzvoGF1kl4
ras-al-khaimah,high,ChIJz8gsySVx9j4RcrdKOIHe-YU
ras-al-khaimah,high,ChIJe7clgPx19j4R2bfO4qvUbJ0
ras-al-khaimah,high,ChIJGZ4yYLp19j4RKZX9V_K5xac
ras-al-khaimah,high,ChIJMS475VN39j4Rk7cZptXOG6Y
ras-al-khaimah,high,ChIJ9862MFdx9j4RbVvNaM-j8w8
ras-al-khaimah,high,ChIJKQYUPn939j4RSdpv9YIlDIM
ras-al-khaimah,high,ChIJQ4H9gJZ39j4RC7_P9C10fKg
ras-al-khaimah,high,ChIJ_eInjiFx9j4RazSssqz78tk
ras-al-khaimah,high,ChIJrd6TJM119j4RDjaVe6-tpj4
ras-al-khaimah,high,ChIJDfljeVevUoIRRIxCIuktjo8
ras-al-khaimah,high,ChIJdQ5lNCt39j4RXu2b4iVESr4
ras-al-khaimah,high,ChIJZ8kvqGt39j4RHNSqQhJgnec
ras-al-khaimah,high,ChIJfyDEzObvVWERtwgCTK7Zz_c
ras-al-khaimah,high,ChIJt7PRRaDZ9T4ROd7L5UcHcIc
ras-al-khaimah,high,ChIJh4YBJHp39j4RIWlnX50cqOI
ras-al-khaimah,high,ChIJ5YPeCGhx9j4RP4Awm6FkW_c
ras-al-khaimah,high,ChIJuZTaitd19j4R0OA6dvwbfhM
ras-al-khaimah,high,ChIJ-WGSwwB39j4R9s-C7O9nehI
ras-al-khaimah,high,ChIJJQX5QYJDXz4RKLmA_ANvKpE
ras-al-khaimah,high,ChIJe7WnoUd39j4RsbYD1rVkYgU
ras-al-khaimah,high,ChIJfaKKX8P39T4ROGKNBsqA3tw
ras-al-khaimah,high,ChIJzz1GtVt19j4R8aD570gnDv4
ras-al-khaimah,high,ChIJvwnMPgBx9j4RGVNow1FUv48
ras-al-khaimah,high,ChIJdVbkuzh39j4R-PVHQUBcLZg
ras-al-khaimah,high,ChIJ6fKQegJ19j4RwHQ91x7T0fc
shahama,low,ChIJJb5APb1FXj4RU9aUzn6zONo
shahama,low,ChIJdzZoddFFXj4RJUxCBRKNlz8
shahama,low,ChIJew69Lv1FXj4RjK59U-COz1k
shahama,low,ChIJH26D38ZFXj4RrPiy947PD0w
shahama,low,ChIJ32dV6-JFXj4RirMzddSWiYA
shahama,low,ChIJieGTC7ZPXj4RX_8hfMRV2HY
shahama,low,ChIJV8rMtqhHXj4R1k1OzNyPle4
shahama,low,ChIJcRE_l2NmXj4Rs7yNgCkivuE
shahama,low,ChIJCRc4ebdFXj4RDqx1r4bzbto
shahama,low,ChIJx_35IbpFXj4RiBbhXLiaAmA
shahama,low,ChIJZUhSv6tFXj4R7ZpJFnYGOTw
shahama,low,ChIJz5Tsn31PXj4RrE5jIkDZ7vw
shahama,low,ChIJY6BbY3ZPXj4RrUQtPfRTC6M
shahama,low,ChIJiZM66x5PXj4RIbSt7qEUTzI
shahama,low,ChIJp_cpJsFPXj4RIWhXvPqu7X0
shahama,low,ChIJAUJXWQBPXj4RFsvzWMRVP5w
shahama,low,ChIJ4yH5BgBPXj4Rq8jB2riSSG0
shahama,low,ChIJPeHUOZ9PXj4RP72F07qBF7g
shahama,low,ChIJ3Tz_hthPXj4Ry_IfDWiVNDg
shahama,low,ChIJ9UmGSABPXj4REU0bkml0VRU
shahama,low,ChIJX56uiH1FXj4R0q65jZPBHjU
shahama,low,ChIJAdgYhN5PXj4RaWe6WoDcrrc
shahama,low,ChIJNe0TlU1PXj4Refjm7kiQahI
shahama,low,ChIJldsuf4dPXj4RP-dmBlvAypc
shahama,low,ChIJUa8OzOlFXj4Rwz13Z_Ot4xk
shahama,low,ChIJHxjtWBlFXj4RDcKTU8utwso
shahama,low,ChIJo0AcVmRFXj4RX_BMC8Yz8Rc
shahama,low,ChIJeQR6m39FXj4R_lb3bZ30fCg
shahama,low,ChIJB0itbYNFXj4RSJ3-1CYpOfo
shahama,low,ChIJ8ZtA3AhPXj4R9bv4hORDLjI
shahama,low,ChIJzytGPQBFXj4ROm4eylf7Kho
shahama,low,ChIJO454ZwBPXj4RZFsKq4kIvPw
shahama,low,ChIJW3C9ewBPXj4REgscJwT0eTs
shahama,low,ChIJzQ8rNUhOXj4RGlCfY1LYDIc
shahama,low,ChIJc2TrBABPXj4RuGMwJyG_aN4
shahama,low,ChIJWUO80Z9PXj4ReoD9XBjFuPM
shahama,low,ChIJJZQinK9PXj4R8pDiVbY5L1w
shahama,low,ChIJfxUbmz5OXj4Rh_bZxj75WL4
shahama,low,ChIJfySZEadpXj4RQFGCOlwRwOg
shahama,low,ChIJp323AgBPXj4RrofDoXgnPcg
shahama,low,ChIJD4CyS3NOXj4RscRpJQ6SRmc
shahama,low,ChIJd4DLeFpPXj4RfCwYjK8HG7o
shahama,low,ChIJCZNgIwBPXj4RBXDQ6gQyJZc
shahama,low,ChIJ_QS6FTNPXj4Rh1Dtow6vH_Y
shahama,low,ChIJ5YtLV7hPXj4R30frPezuOe8
shahama,low,ChIJUcq4CQBPXj4RrP8bmXN55UI
shahama,low,ChIJa-JXp4dRXj4RwYg3Nwqibmo
shahama,low,ChIJbSN1CLFPXj4Rl9x9Aro5dag
shahama,low,ChIJhTfJMztRXj4RxFVl3wqJQak
shahama,low,ChIJRcFIcQBPXj4R_ffjuPKPC3w
shahama,low,ChIJ6xBtUQBPXj4RBIivJTZdPiE
shahama,low,ChIJFbcipNZPXj4RDzs7kJAKif8
shahama,low,ChIJm4-13dJPXj4RGhVhaDMey88
shahama,low,ChIJtcOjwlZPXj4RzHRLm0qD3cg
shahama,low,ChIJAQMQu4BPXj4RgzlYD-d7xlE
shahama,low,ChIJPaBozw5OXj4RFHmj9O7KVNQ
shahama,low,ChIJUayCUE5PXj4Rg1xfk-miDhw
shahama,low,ChIJ0buKpw5OXj4R8Q_RMWwMbHU
shahama,low,ChIJr3cA2epPXj4RcS6qJB4IjtA
shahama,low,ChIJf3cbfzdPXj4RMbH1w9jcBl8
shahama,low,ChIJ80o6kQxOXj4R3GhiXR5zl-E
shahama,low,ChIJc7DZPwlnXj4RDLTM5fIWTaY
shahama,low,ChIJ-WMhQYxPXj4RV48sW_jXqOo
shahama,low,ChIJqRwwWXtPXj4RIFw8lRVEroE
shahama,low,ChIJq55P8zdPXj4RgpexpFVFk9Q
shahama,low,ChIJFbhrTABPXj4RGr41seI0ToA
shahama,low,ChIJ05JPFVNPXj4Rs8Z2F_7JQ6E
shahama,low,ChIJA_bkfvdRXj4RIn9092gR8BA
shahama,low,ChIJibicqPdRXj4R8213z11_N4Y
shahama,low,ChIJ1zUsWro4Xj4RPiP1sG2UhqM
shahama,low,ChIJBcezDOBRXj4ReyZ1UMIFj00
shahama,low,ChIJCfv3ErtRXj4RCJFiBgEm7ag
shahama,low,ChIJPz1dPzVRXj4RKKiV5j-5NB4
shahama,low,ChIJN3D6p8dPXj4R3yBQqwyBw3M
shahama,low,ChIJMRP7IAFPXj4RSz1qPAw9NhI
shahama,low,ChIJ0eiMDgBPXj4RbtWaL1szmjY
shahama,low,ChIJF3S7gY5PXj4Rj-9MkNrGVCc
shahama,low,ChIJrzaR6p5PXj4RhUr3DeYN2qM
shahama,low,ChIJUQwY39BPXj4RsxvhH-xf4yg
shahama,low,ChIJycN1AhxFXj4RscBwotobRns
shahama,medium,ChIJ93WxzyVGXj4RV-nEwzu_2CI
shahama,medium,ChIJ_YYU-SlHXj4R_s2xoMvN3H8
shahama,medium,ChIJkWCcYQBHXj4R4DwKrMJEBbc
shahama,medium,ChIJAbHY8TNJXj4RCFVFm83o6-w
shahama,medium,ChIJae_1NFRJXj4RCUMrko0sCNc
shahama,medium,ChIJpe7674JHXj4R4qEwHDutwpo
shahama,medium,ChIJi3I6PmpFXj4RvnqAlf-Zj14
shahama,medium,ChIJObWU69VFXj4RHe9sihg8jm0
shahama,medium,ChIJP1niJQBHXj4RF3V73XOmjaQ
shahama,medium,ChIJjVmxV54IyG8Rb6vQGYUtChQ
shahama,medium,ChIJK756BwBFXj4RNGsyZqGUr0o
shahama,medium,ChIJBa4fnRRFXj4RPhetV5A5vHI
shahama,medium,ChIJJb5APb1FXj4RU9aUzn6zONo
shahama,medium,ChIJDauAueVFXj4R3Xmnuq3eL3M
shahama,medium,ChIJ2cRwm0lynCgR06QvoTEAUV0
shahama,medium,ChIJdzZoddFFXj4RJUxCBRKNlz8
shahama,medium,ChIJCcq3fX1GXj4RHBRRQQMXNlE
shahama,medium,ChIJew69Lv1FXj4RjK59U-COz1k
shahama,medium,ChIJH26D38ZFXj4RrPiy947PD0w
shahama,medium,ChIJ32dV6-JFXj4RirMzddSWiYA
shahama,medium,ChIJieGTC7ZPXj4RX_8hfMRV2HY
shahama,medium,ChIJV8rMtqhHXj4R1k1OzNyPle4
shahama,medium,ChIJwReRVwZPXj4RpK7PtgYsZSw
shahama,medium,ChIJVdq-wf5HXj4RAyEN29J_D4Q
shahama,medium,ChIJoV3tjb5FXj4RPTMhunNNho0
shahama,medium,ChIJcRE_l2NmXj4Rs7yNgCkivuE
shahama,medium,ChIJCRc4ebdFXj4RDqx1r4bzbto
shahama,medium,ChIJx_35IbpFXj4RiBbhXLiaAmA
shahama,medium,ChIJQ-xRY6NFXj4Ru-FAiCzJdaQ
shahama,medium,ChIJg9vaPitJXj4RteR_PONRSLE
shahama,medium,ChIJaxDupR1JXj4RxkHSywjtQnU
shahama,medium,ChIJu1fiwWpJXj4RVNRMH1pYlyA
shahama,medium,ChIJEQ2uFQBJXj4R8QG8_u2Tfu8
shahama,medium,ChIJp3xbSABJXj4RArqZJvxrev0
shahama,medium,ChIJURVpPwBJXj4RqJu7MxgB1zo
shahama,medium,ChIJmckIai1FXj4RDJdfcplz-70
shahama,medium,ChIJbWf7-eFFXj4R3ua_ke0oiTc
shahama,medium,ChIJZUhSv6tFXj4R7ZpJFnYGOTw
shahama,medium,ChIJlbPth9ndjWwRRkf1fcPzukU
shahama,medium,ChIJK1krJPdFXj4RQVCLQY9UeGY
shahama,medium,ChIJ2TEfXYhnXj4RGxHrc6Ex7DY
shahama,medium,ChIJTVNlNwBFXj4R54kFMo_W4Fg
shahama,medium,ChIJz5Tsn31PXj4RrE5jIkDZ7vw
shahama,medium,ChIJY6BbY3ZPXj4RrUQtPfRTC6M
shahama,medium,ChIJiZM66x5PXj4RIbSt7qEUTzI
shahama,medium,ChIJL3H83LJPXj4RKlSye3d8n04
shahama,medium,ChIJp_cpJsFPXj4RIWhXvPqu7X0
shahama,medium,ChIJAUJXWQBPXj4RFsvzWMRVP5w
shahama,medium,ChIJ4yH5BgBPXj4Rq8jB2riSSG0
shahama,medium,ChIJPeHUOZ9PXj4RP72F07qBF7g
shahama,medium,ChIJD4c_XalPXj4RdqRn4Ir54qU
shahama,medium,ChIJA3XvaTVJXj4R4gSJlIkcAPA
shahama,medium,ChIJ3Tz_hthPXj4Ry_IfDWiVNDg
shahama,medium,ChIJ9UmGSABPXj4REU0bkml0VRU
shahama,medium,ChIJkcOkHe1LXj4RoGvVx_GBerI
shahama,medium,ChIJ8U8s0m1LXj4Ro5PzKtDofJA
shahama,medium,ChIJi8b_JRRLXj4RpcuKoAG2qjQ
shahama,medium,ChIJp-oXb_NLXj4RBDc3QGLm-uE
shahama,medium,ChIJ25NhJwBLXj4RR7-_dUZ3l7k
shahama,medium,ChIJURfcOI9FXj4RQMm5phqBgY8
shahama,medium,ChIJ4UkIgGJFXj4Rqq_4olKf64c
shahama,medium,ChIJFZhIAO5DXj4RzlYwDOcq5NA
shahama,medium,ChIJX56uiH1FXj4R0q65jZPBHjU
shahama,medium,ChIJAdgYhN5PXj4RaWe6WoDcrrc
shahama,medium,ChIJsXh-qCRFXj4RPD1S74hayKA
shahama,medium,ChIJNe0TlU1PXj4Refjm7kiQahI
shahama,medium,ChIJnbUMv8FFXj4RNd5I0EaxNd0
shahama,medium,ChIJldsuf4dPXj4RP-dmBlvAypc
shahama,medium,ChIJiRA2fSNFXj4RMWrYFpOYLvQ
shahama,medium,ChIJUa8OzOlFXj4Rwz13Z_Ot4xk
shahama,medium,ChIJHxjtWBlFXj4RDcKTU8utwso
shahama,medium,ChIJo0AcVmRFXj4RX_BMC8Yz8Rc
shahama,medium,ChIJeQR6m39FXj4R_lb3bZ30fCg
shahama,medium,ChIJ3-uGn0Iz26cR1MLoPgqPDNw
shahama,medium,ChIJB0itbYNFXj4RSJ3-1CYpOfo
shahama,medium,ChIJs8VLrXFFXj4RAgma1lPZzZw
shahama,medium,ChIJ8ZtA3AhPXj4R9bv4hORDLjI
shahama,medium,ChIJw8rScR1FXj4RqBQrVfnEKSg
shahama,medium,ChIJ356381xFXj4RleluuqcjXKw
shahama,medium,ChIJzytGPQBFXj4ROm4eylf7Kho
shahama,medium,ChIJO454ZwBPXj4RZFsKq4kIvPw
shahama,medium,ChIJW3C9ewBPXj4REgscJwT0eTs
shahama,medium,ChIJzQ8rNUhOXj4RGlCfY1LYDIc
shahama,medium,ChIJc2TrBABPXj4RuGMwJyG_aN4
shahama,medium,ChIJWUO80Z9PXj4ReoD9XBjFuPM
shahama,medium,ChIJJZQinK9PXj4R8pDiVbY5L1w
shahama,medium,ChIJfxUbmz5OXj4Rh_bZxj75WL4
shahama,medium,ChIJfySZEadpXj4RQFGCOlwRwOg
shahama,medium,ChIJp323AgBPXj4RrofDoXgnPcg
shahama,medium,ChIJD4CyS3NOXj4RscRpJQ6SRmc
shahama,medium,ChIJd4DLeFpPXj4RfCwYjK8HG7o
shahama,medium,ChIJCZNgIwBPXj4RBXDQ6gQyJZc
shahama,medium,ChIJ_QS6FTNPXj4Rh1Dtow6vH_Y
shahama,medium,ChIJ5YtLV7hPXj4R30frPezuOe8
shahama,medium,ChIJUcq4CQBPXj4RrP8bmXN55UI
shahama,medium,ChIJa-JXp4dRXj4RwYg3Nwqibmo
shahama,medium,ChIJQRT3IABRXj4RhK_Znr1OILM
shahama,medium,ChIJbSN1CLFPXj4Rl9x9Aro5dag
shahama,medium,ChIJhTfJMztRXj4RxFVl3wqJQak
shahama,medium,ChIJRcFIcQBPXj4R_ffjuPKPC3w
shahama,medium,ChIJ6xBtUQBPXj4RBIivJTZdPiE
shahama,medium,ChIJFbcipNZPXj4RDzs7kJAKif8
shahama,medium,ChIJm4-13dJPXj4RGhVhaDMey88
shahama,medium,ChIJtcOjwlZPXj4RzHRLm0qD3cg
shahama,medium,ChIJAQMQu4BPXj4RgzlYD-d7xlE
shahama,medium,ChIJPaBozw5OXj4RFHmj9O7KVNQ
shahama,medium,ChIJUayCUE5PXj4Rg1xfk-miDhw
shahama,medium,ChIJ0buKpw5OXj4R8Q_RMWwMbHU
shahama,medium,ChIJr3cA2epPXj4RcS6qJB4IjtA
shahama,medium,ChIJf3cbfzdPXj4RMbH1w9jcBl8
shahama,medium,ChIJ80o6kQxOXj4R3GhiXR5zl-E
shahama,medium,ChIJc7DZPwlnXj4RDLTM5fIWTaY
shahama,medium,ChIJ-WMhQYxPXj4RV48sW_jXqOo
shahama,medium,ChIJqRwwWXtPXj4RIFw8lRVEroE
shahama,medium,ChIJq55P8zdPXj4RgpexpFVFk9Q
shahama,medium,ChIJFbhrTABPXj4RGr41seI0ToA
shahama,medium,ChIJ05JPFVNPXj4Rs8Z2F_7JQ6E
shahama,medium,ChIJO5rnYmBRXj4R1pXDgiZmjbw
shahama,medium,ChIJA_bkfvdRXj4RIn9092gR8BA
shahama,medium,ChIJt5VoqPdRXj4R15pqzNESzv8
shahama,medium,ChIJibicqPdRXj4R8213z11_N4Y
shahama,medium,ChIJ1zUsWro4Xj4RPiP1sG2UhqM
shahama,medium,ChIJBcezDOBRXj4ReyZ1UMIFj00
shahama,medium,ChIJab-JA4RRXj4RbxVemc2x5kk
shahama,medium,ChIJCfv3ErtRXj4RCJFiBgEm7ag
shahama,medium,ChIJPz1dPzVRXj4RKKiV5j-5NB4
shahama,medium,ChIJi2-5U-JQXj4RmwTYBRtggI0
shahama,medium,ChIJq5ONTeJQXj4RPygnsSHohfo
shahama,medium,ChIJu4bD1_tRXj4ROPAfbx-56ZQ
shahama,medium,ChIJc_5igYhRXj4RffnMtilTDoM
shahama,medium,ChIJHRHEdABTXj4RHV8GDF6GJnc
shahama,medium,ChIJD0W-SABRXj4RrzbXBZFrWOc
shahama,medium,ChIJEZ20muRTXj4RUyA9gbLP178
shahama,medium,ChIJ3ziKcCpTXj4RwqXtq8cgUOg
shahama,medium,ChIJhUGNSspTXj4RiOO6P3BKeXY
shahama,medium,ChIJN3D6p8dPXj4R3yBQqwyBw3M
shahama,medium,ChIJMRP7IAFPXj4RSz1qPAw9NhI
shahama,medium,ChIJ0eiMDgBPXj4RbtWaL1szmjY
shahama,medium,ChIJ_3PpKfdFXj4RMHet52RdlMM
shahama,medium,ChIJF3S7gY5PXj4Rj-9MkNrGVCc
shahama,medium,ChIJrzaR6p5PXj4RhUr3DeYN2qM
shahama,medium,ChIJUQwY39BPXj4RsxvhH-xf4yg
shahama,medium,ChIJX0fF9NNFXj4RnoPe9u8IN-0
shahama,medium,ChIJP2wFAmlFXj4RyTAG9SZLuOo
shahama,medium,ChIJYfh3OItpXj4Rt3V__N7ZRco
shahama,medium,ChIJycN1AhxFXj4RscBwotobRns
shahama,medium,ChIJt4ngRthFXj4R7qe029dMUJU
shahama,high,ChIJY9wBUAA3Xj4RHgCm5aISavs
shahama,high,ChIJfdd0XWc5Xj4R7X8N9miotYw
shahama,high,ChIJDbcz2A9tXz4RnqvVPtIP15c
shahama,high,ChIJZ3vcheo3Xj4RnSWZDXWS72k
shahama,high,ChIJlwG5_DI3Xj4RXNhToLQcoWw
shahama,high,ChIJhzTbC103Xj4RjodcumrbGZw
shahama,high,ChIJFSj2a4k3Xj4RTujzuydX3ys
shahama,high,ChIJz9fcsplJXj4R3XctupxLwzw
shahama,high,ChIJmVS7RtpJXj4Rb9wAlFGyBaw
shahama,high,ChIJZ1LG5gBDXj4RE09vzn8m_8Q
shahama,high,ChIJP_gGHdE3Xj4Rm_qbfE31_R0
shahama,high,ChIJVWQVD7E3Xj4RQ-5zO0t9tHU
shahama,high,ChIJT3PvNzI3Xj4RJ1wkNwZNvPk
shahama,high,ChIJ98vusWNJXj4RXbp7IqKZZgo
shahama,high,ChIJQxZCWlw3Xj4RqQ5C33U4JIc
shahama,high,ChIJ2wGFVwA3Xj4RRZiJN7Utd3E
shahama,high,ChIJJWo7LP43Xj4R-zT_vBfl0Bw
shahama,high,ChIJjw-oAIZBXj4RYs_ZF8S82Wc
shahama,high,ChIJ73UPkVxBXj4RYyfjOtI6t_8
shahama,high,ChIJzyPbvrtHXj4R6KGLA8AAb2Q
shahama,high,ChIJlVCCajQmE6QRPxItws2xgAc
shahama,high,ChIJ69xfDaRHXj4R9w_joO8apaw
shahama,high,ChIJR8LWo1tGXj4Rx0MLzz2712E
shahama,high,ChIJgwQaObtoXj4RnWr9rQqAL9g
shahama,high,ChIJKWCUUOFHXj4Rrd1yQPVEeQs
shahama,high,ChIJg26InplHXj4RXG9GjMhTi2M
shahama,high,ChIJmzfKIsZHXj4Rrih7HO9RVEw
shahama,high,ChIJWZqMfGPLXz4RzawoztEqiN8
shahama,high,ChIJIdc3eS6CU2oRfKdORtrjY1c
shahama,high,ChIJVVVVVWVGXj4RGN8NnKuUiYw
shahama,high,ChIJT2jWaABHXj4RnRduqhYIfac
shahama,high,ChIJlQA9FmVLXj4RFVoutOwlpcM
shahama,high,ChIJ-Rufg89LXj4R9LX9JgimYwE
shahama,high,ChIJoehW3PVLXj4RU3UN_7ClLuM
shahama,high,ChIJUV6SAl9LXj4RJWzYz9AJzJc
shahama,high,ChIJDTDKMwBLXj4RP4aLf7qiIW0
shahama,high,ChIJX2AtOQBLXj4RV43R0rNhdX8
shahama,high,ChIJD1_g9DpCXj4RWJAagGvwxYA
shahama,high,ChIJ98d6OJ1oXj4RGQ8-o1qspv4
shahama,high,ChIJFbzk5RNDXj4R3vo4JY7we1U
shahama,high,ChIJx5hdNjFDXj4RaCf8w3PXD_w
shahama,high,ChIJb1XY6HBDXj4R8gnYqL6bYpU
shahama,high,ChIJV_2SfgBDXj4RkemcafiSsFQ
shahama,high,ChIJBUAM_NhDXj4RRkVDWdeQrAQ
shahama,high,ChIJqyjJBwBDXj4R7RcDQqw3YVI
shahama,high,ChIJ6bHnLSfOJGoRUlthxqok0gc
shahama,high,ChIJs3UEXetDXj4RHt1DEeZYyhY
shahama,high,ChIJcb1OvglBXj4Rpj4qKbJJoW0
shahama,high,ChIJIcgTO9ZDXj4RbWXJ_yrpjuM
shahama,high,ChIJ1Rym03lDXj4Ry8HrwL3DgZQ
shahama,high,ChIJ7aBvpbBBXj4Rrz5YkTw3PKA
shahama,high,ChIJ8Uq1R1lBXj4Rb-6WJo3wDE4
shahama,high,ChIJ7YcGHXJBXj4R2XGB_gU-fdU
shahama,high,ChIJ60POGgBBXj4RZm8XLPPzC3U
shahama,high,ChIJfxeqQk5BXj4RA0PquO-4oMk
shahama,high,ChIJ6x3D_plBXj4R-qot1dS-WBE
shahama,high,ChIJnexvv2BBXj4RGZ-nIdMn_Y8
shahama,high,ChIJ7yIxJNpDXj4R2GCbL6B0_nw
shahama,high,ChIJFRhBdlJBXj4RwYy2RLGionw
shahama,high,ChIJzeXPk_JBXj4R3ruXrllceTM
shahama,high,ChIJHeslLLBHXj4R2k220ct8BWA
shahama,high,ChIJHVEMxaRGXj4R85sXAIZsZxA
shahama,high,ChIJJT5ZErJGXj4R7VeU-kgIwzI
shahama,high,ChIJV4F6t4VHXj4RFM9DyQdTykQ
shahama,high,ChIJbzaVH0xFXj4R4sopMv_a0Ts
shahama,high,ChIJgVU2UABFXj4RrnJ9POOqlsM
shahama,high,ChIJS_qRzU5HXj4RdDHREb3iqr0
shahama,high,ChIJcflCD3lHXj4RT3mzoBbL5Xs
shahama,high,ChIJu-zyqTFHXj4Rfn0ltDhuQLY
shahama,high,ChIJI1MU0phHXj4R9Cwmi8huUZY
shahama,high,ChIJBSTDRftHXj4RrjwQvtjVgVY
shahama,high,ChIJOXqcoflHXj4Rw9lYL-ImdG0
shahama,high,ChIJq4yo9plGXj4Rwg8iScd-r9I
shahama,high,ChIJq_2Ft5NGXj4RBu1gRSV_VPU
shahama,high,ChIJ14qBf3tmXj4Ryl0XGGlJi5A
shahama,high,ChIJA3hjb-NHXj4ROuB2SgejwCc
shahama,high,ChIJC5E64aFHXj4Rv3VUWnT-q6E
shahama,high,ChIJDQ4dJJFGXj4RvEL8WJHJhKo
shahama,high,ChIJraRWc2ZGXj4RHZzmHNkAoVI
shahama,high,ChIJV8chu3ZFXj4R8k3bfpbP4yQ
shahama,high,ChIJMSB4C35HXj4RZaFWsB2HzPA
shahama,high,ChIJ93WxzyVGXj4RV-nEwzu_2CI
shahama,high,ChIJR7yaYMIr0A8RJ1xxI2XJjZQ
shahama,high,ChIJ7YfCKAXNFAARAun7rUoz3ns
shahama,high,ChIJz9Ih5T5GXj4RFa6jMlBD1lU
shahama,high,ChIJ_YYU-SlHXj4R_s2xoMvN3H8
shahama,high,ChIJCf71DQBHXj4RGSg-Rap3pzQ
shahama,high,ChIJq6qq6mlGXj4RO92VESUx4Jc
shahama,high,ChIJk3jzKPdHXj4R0MWNKxJuIRI
shahama,high,ChIJkWCcYQBHXj4R4DwKrMJEBbc
shahama,high,ChIJpYqPLKxHXj4RC99ZOhG1Mbw
shahama,high,ChIJAbHY8TNJXj4RCFVFm83o6-w
shahama,high,ChIJae_1NFRJXj4RCUMrko0sCNc
shahama,high,ChIJpe7674JHXj4R4qEwHDutwpo
shahama,high,ChIJ-yPLqWJnXj4RARhFLzDIQDc
shahama,high,ChIJf-mskP1LXj4Rwp8hj8OpI4Q
shahama,high,ChIJbTzHK9BLXj4Rkf2blpN_OHs
shahama,high,ChIJS4LrXUJKXj4R06eLXSFl_HI
shahama,high,ChIJcRPc8q5LXj4RBYS7OqLRv-4
shahama,high,ChIJSQFcsM5LXj4RSSQoyypSq7Q
shahama,high,ChIJEyNXSwBLXj4Rryi_vyyFOf4
shahama,high,ChIJmx1MGFJLXj4R1DeoQzykyR8
shahama,high,ChIJBfshCQBLXj4R8lLRss4p7rE
shahama,high,ChIJH9OQ6MdLXj4RhHK3jSbdvQg
shahama,high,ChIJ9yCOWgBLXj4RNpETWETZQIs
shahama,high,ChIJpyiz9sFLXj4R44LdwEBpgA0
shahama,high,ChIJDUqQz7xLXj4RmjBT0eLZ-aY
shahama,high,ChIJHTnQlVZKXj4RiaTEYsOcroA
shahama,high,ChIJ2wgq0cKDfq8RI1aJLtodTok
shahama,high,ChIJU-Jvx8ZLXj4ROEepDo8c2do
shahama,high,ChIJRfTVvZVDXj4RZZRKmMGM9cs
shahama,high,ChIJD78jm21DXj4RFJaaFlEWA9U
shahama,high,ChIJt8i1c6JDXj4RZT68OZOeZA8
shahama,high,ChIJJThiRQBDXj4ReHyHBI8ug-c
shahama,high,ChIJn6Y25n5CXj4RNiqHwAV0tvE
shahama,high,ChIJsZcdI0VCXj4RcqqbomF0j6w
shahama,high,ChIJy0gbkiRDXj4RsKUFEhYvICw
shahama,high,ChIJi3I6PmpFXj4RvnqAlf-Zj14
shahama,high,ChIJObWU69VFXj4RHe9sihg8jm0
shahama,high,ChIJP1niJQBHXj4RF3V73XOmjaQ
shahama,high,ChIJjVmxV54IyG8Rb6vQGYUtChQ
shahama,high,ChIJK756BwBFXj4RNGsyZqGUr0o
shahama,high,ChIJBa4fnRRFXj4RPhetV5A5vHI
shahama,high,ChIJJb5APb1FXj4RU9aUzn6zONo
shahama,high,ChIJDauAueVFXj4R3Xmnuq3eL3M
shahama,high,ChIJ2cRwm0lynCgR06QvoTEAUV0
shahama,high,ChIJcTgqyBZHXj4Rf5B1BB4WmsQ
shahama,high,ChIJdzZoddFFXj4RJUxCBRKNlz8
shahama,high,ChIJCcq3fX1GXj4RHBRRQQMXNlE
shahama,high,ChIJew69Lv1FXj4RjK59U-COz1k
shahama,high,ChIJH26D38ZFXj4RrPiy947PD0w
shahama,high,ChIJ32dV6-JFXj4RirMzddSWiYA
shahama,high,ChIJieGTC7ZPXj4RX_8hfMRV2HY
shahama,high,ChIJV8rMtqhHXj4R1k1OzNyPle4
shahama,high,ChIJwReRVwZPXj4RpK7PtgYsZSw
shahama,high,ChIJVdq-wf5HXj4RAyEN29J_D4Q
shahama,high,ChIJoV3tjb5FXj4RPTMhunNNho0
shahama,high,ChIJcRE_l2NmXj4Rs7yNgCkivuE
shahama,high,ChIJCRc4ebdFXj4RDqx1r4bzbto
shahama,high,ChIJx_35IbpFXj4RiBbhXLiaAmA
shahama,high,ChIJQ-xRY6NFXj4Ru-FAiCzJdaQ
shahama,high,ChIJg9vaPitJXj4RteR_PONRSLE
shahama,high,ChIJaxDupR1JXj4RxkHSywjtQnU
shahama,high,ChIJu1fiwWpJXj4RVNRMH1pYlyA
shahama,high,ChIJEQ2uFQBJXj4R8QG8_u2Tfu8
shahama,high,ChIJp3xbSABJXj4RArqZJvxrev0
shahama,high,ChIJURVpPwBJXj4RqJu7MxgB1zo
shahama,high,ChIJmzoJWuVLXj4RqBn0BWJ2yrk
shahama,high,ChIJB9iPPgBLXj4RcvY_sB8WxMA
shahama,high,ChIJhST-PqhLXj4R4Ns1HCNIcjA
shahama,high,ChIJv066Aa1LXj4RLnzJJT43tGQ
shahama,high,ChIJCWVOVMBLXj4R3mIpsIuRc0w
shahama,high,ChIJJS9H8odLXj4RMBB1xetn8ZA
shahama,high,ChIJ4bpFkLxLXj4RuvHAx35d5a0
shahama,high,ChIJdUbDqP9LXj4RSAKS5ScIBrI
shahama,high,ChIJL34CrU5KXj4RgMSMmWEYPcs
shahama,high,ChIJiY916chLXj4RDkfGzvC9L9Y
shahama,high,ChIJycSvtZxCXj4R-RJF502OC-k
shahama,high,ChIJQS7TRp1CXj4R7kO__gEfjH4
shahama,high,ChIJmckIai1FXj4RDJdfcplz-70
shahama,high,ChIJbWf7-eFFXj4R3ua_ke0oiTc
shahama,high,ChIJZUhSv6tFXj4R7ZpJFnYGOTw
shahama,high,ChIJlbPth9ndjWwRRkf1fcPzukU
shahama,high,ChIJK1krJPdFXj4RQVCLQY9UeGY
shahama,high,ChIJ2TEfXYhnXj4RGxHrc6Ex7DY
shahama,high,ChIJTVNlNwBFXj4R54kFMo_W4Fg
shahama,high,ChIJz5Tsn31PXj4RrE5jIkDZ7vw
shahama,high,ChIJY6BbY3ZPXj4RrUQtPfRTC6M
shahama,high,ChIJiZM66x5PXj4RIbSt7qEUTzI
shahama,high,ChIJL3H83LJPXj4RKlSye3d8n04
shahama,high,ChIJp_cpJsFPXj4RIWhXvPqu7X0
shahama,high,ChIJAUJXWQBPXj4RFsvzWMRVP5w
shahama,high,ChIJ4yH5BgBPXj4Rq8jB2riSSG0
shahama,high,ChIJPeHUOZ9PXj4RP72F07qBF7g
shahama,high,ChIJD4c_XalPXj4RdqRn4Ir54qU
shahama,high,ChIJA3XvaTVJXj4R4gSJlIkcAPA
shahama,high,ChIJ3Tz_hthPXj4Ry_IfDWiVNDg
shahama,high,ChIJ9UmGSABPXj4REU0bkml0VRU
shahama,high,ChIJHdY88ulLXj4RxJwFo9jhF2g
shahama,high,ChIJkcOkHe1LXj4RoGvVx_GBerI
shahama,high,ChIJ8U8s0m1LXj4Ro5PzKtDofJA
shahama,high,ChIJi8b_JRRLXj4RpcuKoAG2qjQ
shahama,high,ChIJp-oXb_NLXj4RBDc3QGLm-uE
shahama,high,ChIJ25NhJwBLXj4RR7-_dUZ3l7k
shahama,high,ChIJwRS3lGZLXj4RBdg5XZufD1Y
shahama,high,ChIJYQXTWupLXj4Rq7nhwQ2tKK4
shahama,high,ChIJt5zCMjRLXj4RpfBYXaplTHw
shahama,high,ChIJqTJYp2lLXj4RoBypwhbNdf0
shahama,high,ChIJURfcOI9FXj4RQMm5phqBgY8
shahama,high,ChIJ4UkIgGJFXj4Rqq_4olKf64c
shahama,high,ChIJFZhIAO5DXj4RzlYwDOcq5NA
shahama,high,ChIJX56uiH1FXj4R0q65jZPBHjU
shahama,high,ChIJAdgYhN5PXj4RaWe6WoDcrrc
shahama,high,ChIJsXh-qCRFXj4RPD1S74hayKA
shahama,high,ChIJNe0TlU1PXj4Refjm7kiQahI
shahama,high,ChIJnbUMv8FFXj4RNd5I0EaxNd0
shahama,high,ChIJldsuf4dPXj4RP-dmBlvAypc
shahama,high,ChIJiRA2fSNFXj4RMWrYFpOYLvQ
shahama,high,ChIJUa8OzOlFXj4Rwz13Z_Ot4xk
shahama,high,ChIJHxjtWBlFXj4RDcKTU8utwso
shahama,high,ChIJo0AcVmRFXj4RX_BMC8Yz8Rc
shahama,high,ChIJeQR6m39FXj4R_lb3bZ30fCg
shahama,high,ChIJ3-uGn0Iz26cR1MLoPgqPDNw
shahama,high,ChIJB0itbYNFXj4RSJ3-1CYpOfo
shahama,high,ChIJs8VLrXFFXj4RAgma1lPZzZw
shahama,high,ChIJ8ZtA3AhPXj4R9bv4hORDLjI
shahama,high,ChIJ4fKvQapdXj4RR4R8aMsOKH0
shahama,high,ChIJsci4XkJnXj4RdFbLSs1RTaM
shahama,high,ChIJw8rScR1FXj4RqBQrVfnEKSg
shahama,high,ChIJ356381xFXj4RleluuqcjXKw
shahama,high,ChIJzytGPQBFXj4ROm4eylf7Kho
shahama,high,ChIJO454ZwBPXj4RZFsKq4kIvPw
shahama,high,ChIJW3C9ewBPXj4REgscJwT0eTs
shahama,high,ChIJzQ8rNUhOXj4RGlCfY1LYDIc
shahama,high,ChIJc2TrBABPXj4RuGMwJyG_aN4
shahama,high,ChIJWUO80Z9PXj4ReoD9XBjFuPM
shahama,high,ChIJJZQinK9PXj4R8pDiVbY5L1w
shahama,high,ChIJfxUbmz5OXj4Rh_bZxj75WL4
shahama,high,ChIJfySZEadpXj4RQFGCOlwRwOg
shahama,high,ChIJp323AgBPXj4RrofDoXgnPcg
shahama,high,ChIJD4CyS3NOXj4RscRpJQ6SRmc
shahama,high,ChIJd4DLeFpPXj4RfCwYjK8HG7o
shahama,high,ChIJCZNgIwBPXj4RBXDQ6gQyJZc
shahama,high,ChIJ_QS6FTNPXj4Rh1Dtow6vH_Y
shahama,high,ChIJ5YtLV7hPXj4R30frPezuOe8
shahama,high,ChIJUcq4CQBPXj4RrP8bmXN55UI
shahama,high,ChIJq6qqatNpXj4RG-LPAvrvE9o
shahama,high,ChIJoyzRazppXj4RbE9fTX--YgY
shahama,high,ChIJO19xxlxnXj4RCj2gDk8OZws
shahama,high,ChIJi71ebABdXj4RxZxHjJ8O_p0
shahama,high,ChIJNxIMOABdXj4RlXDKCcO8GOA
shahama,high,ChIJa-JXp4dRXj4RwYg3Nwqibmo
shahama,high,ChIJQRT3IABRXj4RhK_Znr1OILM
shahama,high,ChIJbSN1CLFPXj4Rl9x9Aro5dag
shahama,high,ChIJhTfJMztRXj4RxFVl3wqJQak
shahama,high,ChIJRcFIcQBPXj4R_ffjuPKPC3w
shahama,high,ChIJ6xBtUQBPXj4RBIivJTZdPiE
shahama,high,ChIJFbcipNZPXj4RDzs7kJAKif8
shahama,high,ChIJm4-13dJPXj4RGhVhaDMey88
shahama,high,ChIJtcOjwlZPXj4RzHRLm0qD3cg
shahama,high,ChIJAQMQu4BPXj4RgzlYD-d7xlE
shahama,high,ChIJPaBozw5OXj4RFHmj9O7KVNQ
shahama,high,ChIJUayCUE5PXj4Rg1xfk-miDhw
shahama,high,ChIJ0buKpw5OXj4R8Q_RMWwMbHU
shahama,high,ChIJr3cA2epPXj4RcS6qJB4IjtA
shahama,high,ChIJf3cbfzdPXj4RMbH1w9jcBl8
shahama,high,ChIJ80o6kQxOXj4R3GhiXR5zl-E
shahama,high,ChIJc7DZPwlnXj4RDLTM5fIWTaY
shahama,high,ChIJ-WMhQYxPXj4RV48sW_jXqOo
shahama,high,ChIJqRwwWXtPXj4RIFw8lRVEroE
shahama,high,ChIJq55P8zdPXj4RgpexpFVFk9Q
shahama,high,ChIJFbhrTABPXj4RGr41seI0ToA
shahama,high,ChIJ05JPFVNPXj4Rs8Z2F_7JQ6E
shahama,high,ChIJX78DV_BFXj4RN5nviRuPI5Q
shahama,high,ChIJ332nEJ9dXj4RYkL1dRzw7x8
shahama,high,ChIJnWNRuh9pXj4R93AxarN6zlI
shahama,high,ChIJ74u6ERZdXj4R_UOyeBtrBRw
shahama,high,ChIJEQDnOQBdXj4RANnNr0KE6H0
shahama,high,ChIJQ-vjMIdfXj4Rv__UgWAIaN4
shahama,high,ChIJO5rnYmBRXj4R1pXDgiZmjbw
shahama,high,ChIJA_bkfvdRXj4RIn9092gR8BA
shahama,high,ChIJt5VoqPdRXj4R15pqzNESzv8
shahama,high,ChIJibicqPdRXj4R8213z11_N4Y
shahama,high,ChIJ1zUsWro4Xj4RPiP1sG2UhqM
shahama,high,ChIJBcezDOBRXj4ReyZ1UMIFj00
shahama,high,ChIJab-JA4RRXj4RbxVemc2x5kk
shahama,high,ChIJCfv3ErtRXj4RCJFiBgEm7ag
shahama,high,ChIJPz1dPzVRXj4RKKiV5j-5NB4
shahama,high,ChIJi2-5U-JQXj4RmwTYBRtggI0
shahama,high,ChIJq5ONTeJQXj4RPygnsSHohfo
shahama,high,ChIJu4bD1_tRXj4ROPAfbx-56ZQ
shahama,high,ChIJc_5igYhRXj4RffnMtilTDoM
shahama,high,ChIJz_enoPRTXj4RVH3vL0Ra3vg
shahama,high,ChIJU1UVxdBTXj4RzpS8lHFzIXk
shahama,high,ChIJ7UBjdwBTXj4RDw3kK6HKUj4
shahama,high,ChIJ07zx0dBTXj4RHfn6zx0uWys
shahama,high,ChIJEc5nE4dRXj4ROdauxmUuvg8
shahama,high,ChIJ5VRBLABRXj4R1L7jmeybm0k
shahama,high,ChIJHRHEdABTXj4RHV8GDF6GJnc
shahama,high,ChIJD0W-SABRXj4RrzbXBZFrWOc
shahama,high,ChIJEZ20muRTXj4RUyA9gbLP178
shahama,high,ChIJhTWMCwBTXj4RcbqH-FrIlh4
shahama,high,ChIJ3ziKcCpTXj4RwqXtq8cgUOg
shahama,high,ChIJhUGNSspTXj4RiOO6P3BKeXY
shahama,high,ChIJUyGKEPdTXj4RNHhv6O7kFKU
shahama,high,ChIJg0g1FgBTXj4Rmoec2de02ag
shahama,high,ChIJLS6N-09VXj4RbfbzABrqwKA
shahama,high,ChIJE4NdzHpVXj4RoL9Hiy_phuM
shahama,high,ChIJA2PT-qVVXj4RpZWfaG6SC2k
shahama,high,ChIJO6BdHR1VXj4R3fo-iY_pUPI
shahama,high,ChIJz7nkWLhUXj4RZ5DPrOZKnVM
shahama,high,ChIJK893qr1UXj4Rp6kDeZ1ogg4
shahama,high,ChIJuegG0rZVXj4RDFF9Zo1WhtM
shahama,high,ChIJ9ezGNABVXj4RGnjVSE8Lftc
shahama,high,ChIJb93JIBlVXj4ReEJI8IfLCu0
shahama,high,ChIJuXnKSgdVXj4RPF_tT1uPMqg
shahama,high,ChIJWdzu666rXz4Rnk6YG21CUc4
shahama,high,ChIJ1wXhfNNVXj4Ratll-WibPf0
shahama,high,ChIJN3D6p8dPXj4R3yBQqwyBw3M
shahama,high,ChIJMRP7IAFPXj4RSz1qPAw9NhI
shahama,high,ChIJ0eiMDgBPXj4RbtWaL1szmjY
shahama,high,ChIJ_3PpKfdFXj4RMHet52RdlMM
shahama,high,ChIJF3S7gY5PXj4Rj-9MkNrGVCc
shahama,high,ChIJE9GxX6BHXj4RGlt2IQolkFo
shahama,high,ChIJrzaR6p5PXj4RhUr3DeYN2qM
shahama,high,ChIJz2ltkixLXj4R7VAg6B_e7jg
shahama,high,ChIJUQwY39BPXj4RsxvhH-xf4yg
shahama,high,ChIJX0fF9NNFXj4RnoPe9u8IN-0
shahama,high,ChIJhTH3IQA3Xj4RxufTBS3mKI0
shahama,high,ChIJGUvxqCQMLi4RhzATSVQSUus
shahama,high,ChIJKepBesZHXj4RaBj3rjbxowg
shahama,high,ChIJP2wFAmlFXj4RyTAG9SZLuOo
shahama,high,ChIJyzQrxX9BXj4R3dgagdsPj3c
shahama,high,ChIJJa-aG9pHXj4RITVTPeiexls
shahama,high,ChIJ4wFe7_lHXj4RtfXZggHE9rQ
shahama,high,ChIJG4PiHHpHXj4Rgotz8EAEtKw
shahama,high,ChIJJ-JnA39CXj4R29ei0wLjmCw
shahama,high,ChIJzZVKEF5GXj4RN9lxYZQXab4
shahama,high,ChIJoZVnEQBHXj4RhoneBiTbNw4
shahama,high,ChIJYfh3OItpXj4Rt3V__N7ZRco
shahama,high,ChIJee0fKLBHXj4R3ULumaNyt_E
shahama,high,ChIJo4M7ff5HXj4RozyClVf8rfk
shahama,high,ChIJXegBnsJLXj4RbvwJRXPu_8o
shahama,high,ChIJycN1AhxFXj4RscBwotobRns
shahama,high,ChIJqZDQZdFBXj4RVgknuVN2Yt4
shahama,high,ChIJt4ngRthFXj4R7qe029dMUJU
shakhbout-city,low,ChIJTQLaGGwxXj4RtC5iJ9F4WH4
shakhbout-city,low,ChIJS3E1SQAxXj4RxnPr3mawtWI
shakhbout-city,low,ChIJ_-MkY6U3Xj4Ra1MET4K3Szk
shakhbout-city,low,ChIJXSo9rpoxXj4RHqVO5MTBqnM
shakhbout-city,low,ChIJ6Zahg84xXj4RWrLGHhmXVFU
shakhbout-city,low,ChIJL-4MydMwXj4RwCG1pUPCqBE
shakhbout-city,low,ChIJ_XrQiNMwXj4Rw92Z_nekmI0
shakhbout-city,low,ChIJcZqDBgAxXj4RARRPAyKMcKM
shakhbout-city,low,ChIJAQAAAAc5Xj4RyYZgcl6Qj6I
shakhbout-city,low,ChIJicjNWjA5Xj4Rs_XYoRMaURY
shakhbout-city,low,ChIJM3LYPwA5Xj4RrG-NL0wf-jw
shakhbout-city,low,ChIJe8yFjyY5Xj4R4XF7d9fE92I
shakhbout-city,low,ChIJqbZoi0E3Xj4RqvcwgAiD-I0
shakhbout-city,low,ChIJ2Vb-EwA3Xj4Rvihc0dAhjho
shakhbout-city,low,ChIJ0-UqaLA3Xj4RQyw3xdUBT8Y
shakhbout-city,low,ChIJo43uxzs3Xj4RVXtbF8SINMg
shakhbout-city,low,ChIJ5ch6Hag3Xj4RlU_4s1p7o8s
shakhbout-city,low,ChIJySPEeAA3Xj4R86ydETlyKcI
shakhbout-city,low,ChIJt1f8pV43Xj4R275r0Rk9rLQ
shakhbout-city,low,ChIJvwV1Ojg3Xj4RKv8KM-y2oV0
shakhbout-city,low,ChIJ_zKmtTs3Xj4RYRpi9OuNKb0
shakhbout-city,low,ChIJOcOsNcE3Xj4RhBFGnss57Aw
shakhbout-city,low,ChIJY5YI9essoS4RMF0Pwj868uk
shakhbout-city,low,ChIJ714SwUI3Xj4RaVZ4gcav8po
shakhbout-city,low,ChIJV6YIh8k3Xj4RrOj5e4LpLng
shakhbout-city,low,ChIJY9wBUAA3Xj4RHgCm5aISavs
shakhbout-city,low,ChIJn8JqQR03Xj4REWqgFbMUIYQ
shakhbout-city,low,ChIJ39lgm6M3Xj4RbqH0Ipuq43c
shakhbout-city,low,ChIJfdd0XWc5Xj4R7X8N9miotYw
shakhbout-city,low,ChIJOyibkek3Xj4RNtUWnHkJcHs
shakhbout-city,low,ChIJBfiK_gU3Xj4RveC4lqwKWko
shakhbout-city,low,ChIJP62LnMA3Xj4RIszOUCkof-4
shakhbout-city,low,ChIJRYqhWAA3Xj4RHPWhQzSfkWI
shakhbout-city,low,ChIJNUWVaoM3Xj4RHWdV5LZ8nYM
shakhbout-city,low,ChIJt_rot6w3Xj4RywzijzxGx14
shakhbout-city,low,ChIJLwJz4iE3Xj4RJU4kyWBwJD8
shakhbout-city,low,ChIJOzO8UBo3Xj4RhBpJW_9Clik
shakhbout-city,low,ChIJPd5FGSs3Xj4RY5IWOucozsc
shakhbout-city,low,ChIJabO2FcM3Xj4RjG434cOBstU
shakhbout-city,low,ChIJ445rqPg3Xj4RO1U_JhJFh8c
shakhbout-city,low,ChIJZbAdeyg3Xj4RhrWxz1sAecs
shakhbout-city,low,ChIJg-4lyOM3Xj4RjXGHH6n7wOw
shakhbout-city,low,ChIJHTzshj03Xj4Rl2iPemwnqi0
shakhbout-city,low,ChIJZ3vcheo3Xj4RnSWZDXWS72k
shakhbout-city,low,ChIJlwG5_DI3Xj4RXNhToLQcoWw
shakhbout-city,low,ChIJhzTbC103Xj4RjodcumrbGZw
shakhbout-city,low,ChIJFSj2a4k3Xj4RTujzuydX3ys
shakhbout-city,low,ChIJHcgoVCs3Xj4RRjOpdRRXIHg
shakhbout-city,low,ChIJW-umFABHXj4RodLZiPhbEqU
shakhbout-city,low,ChIJqWvdQgBJXj4RWBnsE2sHUHY
shakhbout-city,low,ChIJT6HWvGA3Xj4Rmf8dQzGbtGY
shakhbout-city,low,ChIJO_qHc_43Xj4R-51XaEJ9OPQ
shakhbout-city,low,ChIJAV19Lv83Xj4R1oqXSoHmJGk
shakhbout-city,low,ChIJTcAI62k3Xj4RrDfM2aTKmJ8
shakhbout-city,low,ChIJjX-vDS5HXj4RdLKTuTi86Vs
shakhbout-city,low,ChIJRwdqDwBJXj4RfDUU2XRviaM
shakhbout-city,low,ChIJz9fcsplJXj4R3XctupxLwzw
shakhbout-city,low,ChIJmVS7RtpJXj4Rb9wAlFGyBaw
shakhbout-city,low,ChIJZ1LG5gBDXj4RE09vzn8m_8Q
shakhbout-city,low,ChIJP_gGHdE3Xj4Rm_qbfE31_R0
shakhbout-city,low,ChIJVWQVD7E3Xj4RQ-5zO0t9tHU
shakhbout-city,low,ChIJT3PvNzI3Xj4RJ1wkNwZNvPk
shakhbout-city,low,ChIJ98vusWNJXj4RXbp7IqKZZgo
shakhbout-city,low,ChIJQxZCWlw3Xj4RqQ5C33U4JIc
shakhbout-city,low,ChIJ2wGFVwA3Xj4RRZiJN7Utd3E
shakhbout-city,low,ChIJJWo7LP43Xj4R-zT_vBfl0Bw
shakhbout-city,low,ChIJzyPbvrtHXj4R6KGLA8AAb2Q
shakhbout-city,low,ChIJR8LWo1tGXj4Rx0MLzz2712E
shakhbout-city,low,ChIJvWRdzGpHXj4RVrdYzftLegk
shakhbout-city,medium,ChIJp39vgc8xXj4R0enSOIbQ8YM
shakhbout-city,medium,ChIJTQLaGGwxXj4RtC5iJ9F4WH4
shakhbout-city,medium,ChIJS3E1SQAxXj4RxnPr3mawtWI
shakhbout-city,medium,ChIJYcOSndMwXj4Rs4bcGo-cl3A
shakhbout-city,medium,ChIJ_-MkY6U3Xj4Ra1MET4K3Szk
shakhbout-city,medium,ChIJXSo9rpoxXj4RHqVO5MTBqnM
shakhbout-city,medium,ChIJ6Zahg84xXj4RWrLGHhmXVFU
shakhbout-city,medium,ChIJL-4MydMwXj4RwCG1pUPCqBE
shakhbout-city,medium,ChIJ_XrQiNMwXj4Rw92Z_nekmI0
shakhbout-city,medium,ChIJcZqDBgAxXj4RARRPAyKMcKM
shakhbout-city,medium,ChIJXS0tH9wxXj4R5ldIJYJr4-g
shakhbout-city,medium,ChIJAQAAAAc5Xj4RyYZgcl6Qj6I
shakhbout-city,medium,ChIJE9YDJCc5Xj4R7cgEdN_5kug
shakhbout-city,medium,ChIJicjNWjA5Xj4Rs_XYoRMaURY
shakhbout-city,medium,ChIJM3LYPwA5Xj4RrG-NL0wf-jw
shakhbout-city,medium,ChIJe8yFjyY5Xj4R4XF7d9fE92I
shakhbout-city,medium,ChIJqbZoi0E3Xj4RqvcwgAiD-I0
shakhbout-city,medium,ChIJ2Vb-EwA3Xj4Rvihc0dAhjho
shakhbout-city,medium,ChIJ0-UqaLA3Xj4RQyw3xdUBT8Y
shakhbout-city,medium,ChIJo43uxzs3Xj4RVXtbF8SINMg
shakhbout-city,medium,ChIJ5ch6Hag3Xj4RlU_4s1p7o8s
shakhbout-city,medium,ChIJZaPHks03Xj4R6n0H-_TPtQw
shakhbout-city,medium,ChIJm1gKcAhpXj4RtVHtytsjU04
shakhbout-city,medium,ChIJxfs_Lzo3Xj4RU0tYtvjdnGk
shakhbout-city,medium,ChIJLYzElP03Xj4REreRhHMZUxA
shakhbout-city,medium,ChIJ08woPh43Xj4RLQn9RfK_d-g
shakhbout-city,medium,ChIJtfowytc5Xj4RNDIQaQ9jm1g
shakhbout-city,medium,ChIJN2YaKjo3Xj4RP5c-7TO_fxk
shakhbout-city,medium,ChIJySPEeAA3Xj4R86ydETlyKcI
shakhbout-city,medium,ChIJt1f8pV43Xj4R275r0Rk9rLQ
shakhbout-city,medium,ChIJvwV1Ojg3Xj4RKv8KM-y2oV0
shakhbout-city,medium,ChIJnXM8Kjo3Xj4R0nTG9oRpbxc
shakhbout-city,medium,ChIJjV4_8zo3Xj4Rimg3RsMt3mU
shakhbout-city,medium,ChIJOUYK5mQ3Xj4RgsLlrhLrwdk
shakhbout-city,medium,ChIJ_zKmtTs3Xj4RYRpi9OuNKb0
shakhbout-city,medium,ChIJOcOsNcE3Xj4RhBFGnss57Aw
shakhbout-city,medium,ChIJY5YI9essoS4RMF0Pwj868uk
shakhbout-city,medium,ChIJ714SwUI3Xj4RaVZ4gcav8po
shakhbout-city,medium,ChIJ5dmFEQA5Xj4RUUhWfRGaTWA
shakhbout-city,medium,ChIJifIQ9Lk4Xj4RvyIgEGAO9Mo
shakhbout-city,medium,ChIJ803MSw85Xj4R8gBaPIO3lJA
shakhbout-city,medium,ChIJOdy0rpM5Xj4RyYrr8KmUcQU
shakhbout-city,medium,ChIJP8IJcLw5Xj4RV_3UnhRln20
shakhbout-city,medium,ChIJ0aF1awA5Xj4RzsnvtOgyrIo
shakhbout-city,medium,ChIJkdfyBfY5Xj4R6Ssl9zGJNrE
shakhbout-city,medium,ChIJhVfAK4k5Xj4RbHhZUFTulLQ
shakhbout-city,medium,ChIJk52ZdNo5Xj4RB1qWnAG5aXA
shakhbout-city,medium,ChIJNzGvYmxmXj4RiZGijh7LIvo
shakhbout-city,medium,ChIJwRAhTuw5Xj4Rby1hbkcY9ms
shakhbout-city,medium,ChIJyeR_SNA5Xj4RvJ2RJp75KbE
shakhbout-city,medium,ChIJZZQ3B9g5Xj4Ru6ePF4wxb1c
shakhbout-city,medium,ChIJh_uD3m85Xj4RBJOJd5VJwQ8
shakhbout-city,medium,ChIJ2djxtgk5Xj4RxiaaioL9bg8
shakhbout-city,medium,ChIJV6YIh8k3Xj4RrOj5e4LpLng
shakhbout-city,medium,ChIJY9wBUAA3Xj4RHgCm5aISavs
shakhbout-city,medium,ChIJn8JqQR03Xj4REWqgFbMUIYQ
shakhbout-city,medium,ChIJ39lgm6M3Xj4RbqH0Ipuq43c
shakhbout-city,medium,ChIJfdd0XWc5Xj4R7X8N9miotYw
shakhbout-city,medium,ChIJOyibkek3Xj4RNtUWnHkJcHs
shakhbout-city,medium,ChIJBfiK_gU3Xj4RveC4lqwKWko
shakhbout-city,medium,ChIJP62LnMA3Xj4RIszOUCkof-4
shakhbout-city,medium,ChIJRYqhWAA3Xj4RHPWhQzSfkWI
shakhbout-city,medium,ChIJNUWVaoM3Xj4RHWdV5LZ8nYM
shakhbout-city,medium,ChIJt_rot6w3Xj4RywzijzxGx14
shakhbout-city,medium,ChIJLwJz4iE3Xj4RJU4kyWBwJD8
shakhbout-city,medium,ChIJOzO8UBo3Xj4RhBpJW_9Clik
shakhbout-city,medium,ChIJPd5FGSs3Xj4RY5IWOucozsc
shakhbout-city,medium,ChIJabO2FcM3Xj4RjG434cOBstU
shakhbout-city,medium,ChIJ445rqPg3Xj4RO1U_JhJFh8c
shakhbout-city,medium,ChIJZbAdeyg3Xj4RhrWxz1sAecs
shakhbout-city,medium,ChIJg-4lyOM3Xj4RjXGHH6n7wOw
shakhbout-city,medium,ChIJHTzshj03Xj4Rl2iPemwnqi0
shakhbout-city,medium,ChIJlUSPaHk3Xj4R-ujE-YJrULs
shakhbout-city,medium,ChIJ30QrfVlHXj4RNznnw6DrRt8
shakhbout-city,medium,ChIJsw6LWwA5Xj4RW_AF0uHPbZo
shakhbout-city,medium,ChIJ6_WfJ3dmXj4RZQmzEt54c2U
shakhbout-city,medium,ChIJjUAl_p05Xj4RrzZQVGSfVV0
shakhbout-city,medium,ChIJ8ex8GXI5Xj4Rc5m8NvenPh0
shakhbout-city,medium,ChIJywlzodE5Xj4RF1q0f3U82vs
shakhbout-city,medium,ChIJnS98uac4Xj4R3BbG-ufXM_E
shakhbout-city,medium,ChIJ370tt8s5Xj4RbzcVsDTjo3s
shakhbout-city,medium,ChIJ1TavO7FHXj4RggvNIQ2170I
shakhbout-city,medium,ChIJayuaDsM5Xj4RdUrjCnR9yOg
shakhbout-city,medium,ChIJdwN6yac4Xj4Rjoks1vUX42w
shakhbout-city,medium,ChIJ2SOz_FI5Xj4Rb4VZoGTYkqQ
shakhbout-city,medium,ChIJ22Wcv7M5Xj4RHiLNi34QnEI
shakhbout-city,medium,ChIJZ3vcheo3Xj4RnSWZDXWS72k
shakhbout-city,medium,ChIJlwG5_DI3Xj4RXNhToLQcoWw
shakhbout-city,medium,ChIJhzTbC103Xj4RjodcumrbGZw
shakhbout-city,medium,ChIJFSj2a4k3Xj4RTujzuydX3ys
shakhbout-city,medium,ChIJHcgoVCs3Xj4RRjOpdRRXIHg
shakhbout-city,medium,ChIJtQjdJQA1Xj4RP5yMaTP93hg
shakhbout-city,medium,ChIJU71fTgA3Xj4R1bZcBypM_6E
shakhbout-city,medium,ChIJ7UcHfQA3Xj4R62hNLli-kxI
shakhbout-city,medium,ChIJC5OFi0BHXj4RAuJqyhWbkJY
shakhbout-city,medium,ChIJ1acVeH1HXj4RSli59C2hk2k
shakhbout-city,medium,ChIJDfakpIJHXj4R3WYRCyOrI74
shakhbout-city,medium,ChIJXy21KDxHXj4RIdV7o7AKBeU
shakhbout-city,medium,ChIJJY0cP_ZHXj4Rezb6C_enoRc
shakhbout-city,medium,ChIJhXJdydZHXj4RqFWkuoidlqA
shakhbout-city,medium,ChIJ7dsioyZBXj4RzIkYAl0M0OY
shakhbout-city,medium,ChIJUWAtgZZBXj4RXG5RVhUuGYA
shakhbout-city,medium,ChIJA3AAmCVHXj4Rd8NywioXdIc
shakhbout-city,medium,ChIJmZTGYwZHXj4RUVITzCRY67A
shakhbout-city,medium,ChIJK2_bRwBHXj4RIGTTZCUQak0
shakhbout-city,medium,ChIJ45jENidHXj4RbsTlCPw-bLk
shakhbout-city,medium,ChIJW-umFABHXj4RodLZiPhbEqU
shakhbout-city,medium,ChIJqWvdQgBJXj4RWBnsE2sHUHY
shakhbout-city,medium,ChIJT6HWvGA3Xj4Rmf8dQzGbtGY
shakhbout-city,medium,ChIJO_qHc_43Xj4R-51XaEJ9OPQ
shakhbout-city,medium,ChIJAV19Lv83Xj4R1oqXSoHmJGk
shakhbout-city,medium,ChIJTcAI62k3Xj4RrDfM2aTKmJ8
shakhbout-city,medium,ChIJjX-vDS5HXj4RdLKTuTi86Vs
shakhbout-city,medium,ChIJRwdqDwBJXj4RfDUU2XRviaM
shakhbout-city,medium,ChIJz9fcsplJXj4R3XctupxLwzw
shakhbout-city,medium,ChIJmVS7RtpJXj4Rb9wAlFGyBaw
shakhbout-city,medium,ChIJZ1LG5gBDXj4RE09vzn8m_8Q
shakhbout-city,medium,ChIJP_gGHdE3Xj4Rm_qbfE31_R0
shakhbout-city,medium,ChIJVWQVD7E3Xj4RQ-5zO0t9tHU
shakhbout-city,medium,ChIJT3PvNzI3Xj4RJ1wkNwZNvPk
shakhbout-city,medium,ChIJ98vusWNJXj4RXbp7IqKZZgo
shakhbout-city,medium,ChIJQxZCWlw3Xj4RqQ5C33U4JIc
shakhbout-city,medium,ChIJ2wGFVwA3Xj4RRZiJN7Utd3E
shakhbout-city,medium,ChIJJWo7LP43Xj4R-zT_vBfl0Bw
shakhbout-city,medium,ChIJTfx2Fas1Xj4RXXv7RfOXp_s
shakhbout-city,medium,ChIJ7WLNYuY1Xj4RBxk-Ae-QjbY
shakhbout-city,medium,ChIJM-YUZ141Xj4RLhK3ykbv0bs
shakhbout-city,medium,ChIJDwJ1_qo1Xj4Ryf1W99mZ24k
shakhbout-city,medium,ChIJN_IABwA1Xj4R44U4ZKasTRk
shakhbout-city,medium,ChIJ889aKgA1Xj4RONebCsiXQh8
shakhbout-city,medium,ChIJH70e0D5BXj4RTlmr6g49yAg
shakhbout-city,medium,ChIJgXLLwwB-hWgReooggOGQAOo
shakhbout-city,medium,ChIJzyPbvrtHXj4R6KGLA8AAb2Q
shakhbout-city,medium,ChIJlVCCajQmE6QRPxItws2xgAc
shakhbout-city,medium,ChIJ69xfDaRHXj4R9w_joO8apaw
shakhbout-city,medium,ChIJR8LWo1tGXj4Rx0MLzz2712E
shakhbout-city,medium,ChIJgwQaObtoXj4RnWr9rQqAL9g
shakhbout-city,medium,ChIJKWCUUOFHXj4Rrd1yQPVEeQs
shakhbout-city,medium,ChIJg26InplHXj4RXG9GjMhTi2M
shakhbout-city,medium,ChIJmzfKIsZHXj4Rrih7HO9RVEw
shakhbout-city,medium,ChIJWZqMfGPLXz4RzawoztEqiN8
shakhbout-city,medium,ChIJIdc3eS6CU2oRfKdORtrjY1c
shakhbout-city,medium,ChIJVVVVVWVGXj4RGN8NnKuUiYw
shakhbout-city,medium,ChIJT2jWaABHXj4RnRduqhYIfac
shakhbout-city,medium,ChIJlQA9FmVLXj4RFVoutOwlpcM
shakhbout-city,medium,ChIJvWRdzGpHXj4RVrdYzftLegk
shakhbout-city,medium,ChIJ-Rufg89LXj4R9LX9JgimYwE
shakhbout-city,medium,ChIJoehW3PVLXj4RU3UN_7ClLuM
shakhbout-city,medium,ChIJUV6SAl9LXj4RJWzYz9AJzJc
shakhbout-city,medium,ChIJDTDKMwBLXj4RP4aLf7qiIW0
shakhbout-city,medium,ChIJX2AtOQBLXj4RV43R0rNhdX8
shakhbout-city,medium,ChIJzeXPk_JBXj4R3ruXrllceTM
shakhbout-city,medium,ChIJS_qRzU5HXj4RdDHREb3iqr0
shakhbout-city,medium,ChIJI1MU0phHXj4R9Cwmi8huUZY
shakhbout-city,medium,ChIJBSTDRftHXj4RrjwQvtjVgVY
shakhbout-city,medium,ChIJOXqcoflHXj4Rw9lYL-ImdG0
shakhbout-city,medium,ChIJq4yo9plGXj4Rwg8iScd-r9I
shakhbout-city,medium,ChIJq_2Ft5NGXj4RBu1gRSV_VPU
shakhbout-city,medium,ChIJ14qBf3tmXj4Ryl0XGGlJi5A
shakhbout-city,medium,ChIJA3hjb-NHXj4ROuB2SgejwCc
shakhbout-city,medium,ChIJC5E64aFHXj4Rv3VUWnT-q6E
shakhbout-city,medium,ChIJDQ4dJJFGXj4RvEL8WJHJhKo
shakhbout-city,medium,ChIJraRWc2ZGXj4RHZzmHNkAoVI
shakhbout-city,medium,ChIJMSB4C35HXj4RZaFWsB2HzPA
shakhbout-city,medium,ChIJ93WxzyVGXj4RV-nEwzu_2CI
shakhbout-city,medium,ChIJR7yaYMIr0A8RJ1xxI2XJjZQ
shakhbout-city,medium,ChIJ7YfCKAXNFAARAun7rUoz3ns
shakhbout-city,medium,ChIJz9Ih5T5GXj4RFa6jMlBD1lU
shakhbout-city,medium,ChIJ_YYU-SlHXj4R_s2xoMvN3H8
shakhbout-city,medium,ChIJCf71DQBHXj4RGSg-Rap3pzQ
shakhbout-city,medium,ChIJq6qq6mlGXj4RO92VESUx4Jc
shakhbout-city,medium,ChIJk3jzKPdHXj4R0MWNKxJuIRI
shakhbout-city,medium,ChIJkWCcYQBHXj4R4DwKrMJEBbc
shakhbout-city,medium,ChIJpYqPLKxHXj4RC99ZOhG1Mbw
shakhbout-city,medium,ChIJ-yPLqWJnXj4RARhFLzDIQDc
shakhbout-city,medium,ChIJf-mskP1LXj4Rwp8hj8OpI4Q
shakhbout-city,medium,ChIJbTzHK9BLXj4Rkf2blpN_OHs
shakhbout-city,medium,ChIJS4LrXUJKXj4R06eLXSFl_HI
shakhbout-city,medium,ChIJcRPc8q5LXj4RBYS7OqLRv-4
shakhbout-city,medium,ChIJSQFcsM5LXj4RSSQoyypSq7Q
shakhbout-city,medium,ChIJEyNXSwBLXj4Rryi_vyyFOf4
shakhbout-city,medium,ChIJmx1MGFJLXj4R1DeoQzykyR8
shakhbout-city,medium,ChIJBfshCQBLXj4R8lLRss4p7rE
shakhbout-city,medium,ChIJH9OQ6MdLXj4RhHK3jSbdvQg
shakhbout-city,medium,ChIJ9yCOWgBLXj4RNpETWETZQIs
shakhbout-city,medium,ChIJDUqQz7xLXj4RmjBT0eLZ-aY
shakhbout-city,medium,ChIJU-Jvx8ZLXj4ROEepDo8c2do
shakhbout-city,medium,ChIJcTgqyBZHXj4Rf5B1BB4WmsQ
shakhbout-city,medium,ChIJmzoJWuVLXj4RqBn0BWJ2yrk
shakhbout-city,medium,ChIJdUbDqP9LXj4RSAKS5ScIBrI
shakhbout-city,medium,ChIJL34CrU5KXj4RgMSMmWEYPcs
shakhbout-city,medium,ChIJE9GxX6BHXj4RGlt2IQolkFo
shakhbout-city,medium,ChIJz2ltkixLXj4R7VAg6B_e7jg
shakhbout-city,medium,ChIJke2vFUgPQ44RFn9Fo_Dwp0o
shakhbout-city,medium,ChIJjyvQJ3JHXj4RCvnEkHP0x_0
shakhbout-city,medium,ChIJwRyMb6U4Xj4R8gq-RkeyZdI
shakhbout-city,medium,ChIJ75cTy_Q5Xj4RLalc3zmVD6k
shakhbout-city,medium,ChIJR0SITitHXj4RVCWVzbn_lEk
shakhbout-city,medium,ChIJgW7eCQA3Xj4RtaKpBvr7dwo
shakhbout-city,medium,ChIJBR1S6FBHXj4RlHjUu_rqzo0
shakhbout-city,medium,ChIJKepBesZHXj4RaBj3rjbxowg
shakhbout-city,medium,ChIJ6Sm2IEM5Xj4RBqYTUK4jEzg
shakhbout-city,medium,ChIJgewjGqg4Xj4RyTXUzZhLSd4
shakhbout-city,medium,ChIJz27LlA4JIWYR1KLi8sKhdlU
shakhbout-city,medium,ChIJ3SEMMhNHXj4R6covViidENk
shakhbout-city,medium,ChIJhS5MWfU5Xj4RCmQZfvI7plE
shakhbout-city,medium,ChIJ8e8Wzr44Xj4RYCEdDKI7hVs
shakhbout-city,medium,ChIJJa-aG9pHXj4RITVTPeiexls
shakhbout-city,medium,ChIJTSS60x05Xj4RwqbETuIf1qU
shakhbout-city,medium,ChIJN-yizFtHXj4RbeJ-DhbUwHM
shakhbout-city,medium,ChIJ4wFe7_lHXj4RtfXZggHE9rQ
shakhbout-city,medium,ChIJG4PiHHpHXj4Rgotz8EAEtKw
shakhbout-city,medium,ChIJG5Yvx8tBXj4Ry0hMcfLWkQk
shakhbout-city,medium,ChIJX0IhBpZHXj4RiiNGNxkvges
shakhbout-city,medium,ChIJ2dS7qFlHXj4RjQTzdcHobd4
shakhbout-city,medium,ChIJ946Ye1dnXj4RFIZ7eAKoEfs
shakhbout-city,medium,ChIJd2c2cwA5Xj4RjZ8W4tHLMms
shakhbout-city,medium,ChIJmZ06CDlpXj4RCblh8NscV30
shakhbout-city,medium,ChIJdYSb1Kw5Xj4RDDcMzM6IXMM
shakhbout-city,medium,ChIJw8Bw3Tg5Xj4R9-nmzE04CZ8
shakhbout-city,medium,ChIJ355akfo5Xj4RX11z73jrTCg
shakhbout-city,medium,ChIJd8s9Zr2KF6wRfOLuJLQJUBc
shakhbout-city,medium,ChIJzZVKEF5GXj4RN9lxYZQXab4
shakhbout-city,medium,ChIJ-8uEJ7o4Xj4RVtJLCdiSXgs
shakhbout-city,medium,ChIJee0fKLBHXj4R3ULumaNyt_E
shakhbout-city,medium,ChIJo4M7ff5HXj4RozyClVf8rfk
shakhbout-city,medium,ChIJXegBnsJLXj4RbvwJRXPu_8o
shakhbout-city,high,ChIJNzVAYUMzXj4RGYUnve5FYX0
shakhbout-city,high,ChIJaQ0plTcyXj4R_hsiC2uzYF4
shakhbout-city,high,ChIJBakSoX85Xj4RkYjk5vwovD4
shakhbout-city,high,ChIJp39vgc8xXj4R0enSOIbQ8YM
shakhbout-city,high,ChIJTQLaGGwxXj4RtC5iJ9F4WH4
shakhbout-city,high,ChIJS3E1SQAxXj4RxnPr3mawtWI
shakhbout-city,high,ChIJYcOSndMwXj4Rs4bcGo-cl3A
shakhbout-city,high,ChIJ_-MkY6U3Xj4Ra1MET4K3Szk
shakhbout-city,high,ChIJXSo9rpoxXj4RHqVO5MTBqnM
shakhbout-city,high,ChIJ6Zahg84xXj4RWrLGHhmXVFU
shakhbout-city,high,ChIJL-4MydMwXj4RwCG1pUPCqBE
shakhbout-city,high,ChIJ_XrQiNMwXj4Rw92Z_nekmI0
shakhbout-city,high,ChIJcZqDBgAxXj4RARRPAyKMcKM
shakhbout-city,high,ChIJXS0tH9wxXj4R5ldIJYJr4-g
shakhbout-city,high,ChIJAQAAAAc5Xj4RyYZgcl6Qj6I
shakhbout-city,high,ChIJMUsdLAA5Xj4R38lHVrv-1uw
shakhbout-city,high,ChIJ6QMpZAA5Xj4RoTxDuIcwqrk
shakhbout-city,high,ChIJE9YDJCc5Xj4R7cgEdN_5kug
shakhbout-city,high,ChIJicjNWjA5Xj4Rs_XYoRMaURY
shakhbout-city,high,ChIJM3LYPwA5Xj4RrG-NL0wf-jw
shakhbout-city,high,ChIJl3lAeAA5Xj4RygyB26dQkRk
shakhbout-city,high,ChIJe8yFjyY5Xj4R4XF7d9fE92I
shakhbout-city,high,ChIJqbZoi0E3Xj4RqvcwgAiD-I0
shakhbout-city,high,ChIJ2Vb-EwA3Xj4Rvihc0dAhjho
shakhbout-city,high,ChIJ0-UqaLA3Xj4RQyw3xdUBT8Y
shakhbout-city,high,ChIJo43uxzs3Xj4RVXtbF8SINMg
shakhbout-city,high,ChIJ5ch6Hag3Xj4RlU_4s1p7o8s
shakhbout-city,high,ChIJZaPHks03Xj4R6n0H-_TPtQw
shakhbout-city,high,ChIJm1gKcAhpXj4RtVHtytsjU04
shakhbout-city,high,ChIJxfs_Lzo3Xj4RU0tYtvjdnGk
shakhbout-city,high,ChIJLYzElP03Xj4REreRhHMZUxA
shakhbout-city,high,ChIJ08woPh43Xj4RLQn9RfK_d-g
shakhbout-city,high,ChIJtfowytc5Xj4RNDIQaQ9jm1g
shakhbout-city,high,ChIJN2YaKjo3Xj4RP5c-7TO_fxk
shakhbout-city,high,ChIJySPEeAA3Xj4R86ydETlyKcI
shakhbout-city,high,ChIJt1f8pV43Xj4R275r0Rk9rLQ
shakhbout-city,high,ChIJvwV1Ojg3Xj4RKv8KM-y2oV0
shakhbout-city,high,ChIJnXM8Kjo3Xj4R0nTG9oRpbxc
shakhbout-city,high,ChIJjV4_8zo3Xj4Rimg3RsMt3mU
shakhbout-city,high,ChIJOUYK5mQ3Xj4RgsLlrhLrwdk
shakhbout-city,high,ChIJ_zKmtTs3Xj4RYRpi9OuNKb0
shakhbout-city,high,ChIJOcOsNcE3Xj4RhBFGnss57Aw
shakhbout-city,high,ChIJY5YI9essoS4RMF0Pwj868uk
shakhbout-city,high,ChIJ714SwUI3Xj4RaVZ4gcav8po
shakhbout-city,high,ChIJXZUIhwRBXj4RlyoX8A77Oc0
shakhbout-city,high,ChIJ5dmFEQA5Xj4RUUhWfRGaTWA
shakhbout-city,high,ChIJifIQ9Lk4Xj4RvyIgEGAO9Mo
shakhbout-city,high,ChIJ803MSw85Xj4R8gBaPIO3lJA
shakhbout-city,high,ChIJOdy0rpM5Xj4RyYrr8KmUcQU
shakhbout-city,high,ChIJP8IJcLw5Xj4RV_3UnhRln20
shakhbout-city,high,ChIJ0aF1awA5Xj4RzsnvtOgyrIo
shakhbout-city,high,ChIJkdfyBfY5Xj4R6Ssl9zGJNrE
shakhbout-city,high,ChIJhVfAK4k5Xj4RbHhZUFTulLQ
shakhbout-city,high,ChIJk52ZdNo5Xj4RB1qWnAG5aXA
shakhbout-city,high,ChIJNzGvYmxmXj4RiZGijh7LIvo
shakhbout-city,high,ChIJwRAhTuw5Xj4Rby1hbkcY9ms
shakhbout-city,high,ChIJyeR_SNA5Xj4RvJ2RJp75KbE
shakhbout-city,high,ChIJZZQ3B9g5Xj4Ru6ePF4wxb1c
shakhbout-city,high,ChIJh_uD3m85Xj4RBJOJd5VJwQ8
shakhbout-city,high,ChIJ2djxtgk5Xj4RxiaaioL9bg8
shakhbout-city,high,ChIJV6YIh8k3Xj4RrOj5e4LpLng
shakhbout-city,high,ChIJY9wBUAA3Xj4RHgCm5aISavs
shakhbout-city,high,ChIJn8JqQR03Xj4REWqgFbMUIYQ
shakhbout-city,high,ChIJ39lgm6M3Xj4RbqH0Ipuq43c
shakhbout-city,high,ChIJfdd0XWc5Xj4R7X8N9miotYw
shakhbout-city,high,ChIJOyibkek3Xj4RNtUWnHkJcHs
shakhbout-city,high,ChIJBfiK_gU3Xj4RveC4lqwKWko
shakhbout-city,high,ChIJP62LnMA3Xj4RIszOUCkof-4
shakhbout-city,high,ChIJRYqhWAA3Xj4RHPWhQzSfkWI
shakhbout-city,high,ChIJNUWVaoM3Xj4RHWdV5LZ8nYM
shakhbout-city,high,ChIJt_rot6w3Xj4RywzijzxGx14
shakhbout-city,high,ChIJLwJz4iE3Xj4RJU4kyWBwJD8
shakhbout-city,high,ChIJOzO8UBo3Xj4RhBpJW_9Clik
shakhbout-city,high,ChIJPd5FGSs3Xj4RY5IWOucozsc
shakhbout-city,high,ChIJabO2FcM3Xj4RjG434cOBstU
shakhbout-city,high,ChIJ445rqPg3Xj4RO1U_JhJFh8c
shakhbout-city,high,ChIJZbAdeyg3Xj4RhrWxz1sAecs
shakhbout-city,high,ChIJg-4lyOM3Xj4RjXGHH6n7wOw
shakhbout-city,high,ChIJHTzshj03Xj4Rl2iPemwnqi0
shakhbout-city,high,ChIJlUSPaHk3Xj4R-ujE-YJrULs
shakhbout-city,high,ChIJU7GpxLA1Xj4RSKr9u9jzzUQ
shakhbout-city,high,ChIJg8R44gs1Xj4RZiQAYg7yCFE
shakhbout-city,high,ChIJqQF5TQA1Xj4RO5cgOoFEFwA
shakhbout-city,high,ChIJuUeP8ao4Xj4RxMi6isbzXA4
shakhbout-city,high,ChIJ-2RJpOtBXj4Rp4TlKDZ7vsE
shakhbout-city,high,ChIJrzco_UdBXj4RQJPS7RSKTt4
shakhbout-city,high,ChIJKUIDIy9BXj4R6UaKJFEJwKk
shakhbout-city,high,ChIJC_6gQJY5Xj4RvlU8hx0MrtM
shakhbout-city,high,ChIJ30QrfVlHXj4RNznnw6DrRt8
shakhbout-city,high,ChIJsw6LWwA5Xj4RW_AF0uHPbZo
shakhbout-city,high,ChIJ6_WfJ3dmXj4RZQmzEt54c2U
shakhbout-city,high,ChIJjUAl_p05Xj4RrzZQVGSfVV0
shakhbout-city,high,ChIJ8ex8GXI5Xj4Rc5m8NvenPh0
shakhbout-city,high,ChIJywlzodE5Xj4RF1q0f3U82vs
shakhbout-city,high,ChIJnS98uac4Xj4R3BbG-ufXM_E
shakhbout-city,high,ChIJ370tt8s5Xj4RbzcVsDTjo3s
shakhbout-city,high,ChIJ1TavO7FHXj4RggvNIQ2170I
shakhbout-city,high,ChIJayuaDsM5Xj4RdUrjCnR9yOg
shakhbout-city,high,ChIJdwN6yac4Xj4Rjoks1vUX42w
shakhbout-city,high,ChIJ2SOz_FI5Xj4Rb4VZoGTYkqQ
shakhbout-city,high,ChIJ22Wcv7M5Xj4RHiLNi34QnEI
shakhbout-city,high,ChIJZ3vcheo3Xj4RnSWZDXWS72k
shakhbout-city,high,ChIJlwG5_DI3Xj4RXNhToLQcoWw
shakhbout-city,high,ChIJhzTbC103Xj4RjodcumrbGZw
shakhbout-city,high,ChIJFSj2a4k3Xj4RTujzuydX3ys
shakhbout-city,high,ChIJHcgoVCs3Xj4RRjOpdRRXIHg
shakhbout-city,high,ChIJtQjdJQA1Xj4RP5yMaTP93hg
shakhbout-city,high,ChIJU71fTgA3Xj4R1bZcBypM_6E
shakhbout-city,high,ChIJ7UcHfQA3Xj4R62hNLli-kxI
shakhbout-city,high,ChIJhdQYIydBXj4RqWi2HUxr2Ok
shakhbout-city,high,ChIJgSu-zBxBXj4Rz8Jg9k1AQK8
shakhbout-city,high,ChIJC5OFi0BHXj4RAuJqyhWbkJY
shakhbout-city,high,ChIJ1acVeH1HXj4RSli59C2hk2k
shakhbout-city,high,ChIJDfakpIJHXj4R3WYRCyOrI74
shakhbout-city,high,ChIJXy21KDxHXj4RIdV7o7AKBeU
shakhbout-city,high,ChIJJY0cP_ZHXj4Rezb6C_enoRc
shakhbout-city,high,ChIJhXJdydZHXj4RqFWkuoidlqA
shakhbout-city,high,ChIJ7dsioyZBXj4RzIkYAl0M0OY
shakhbout-city,high,ChIJUWAtgZZBXj4RXG5RVhUuGYA
shakhbout-city,high,ChIJA3AAmCVHXj4Rd8NywioXdIc
shakhbout-city,high,ChIJmZTGYwZHXj4RUVITzCRY67A
shakhbout-city,high,ChIJK2_bRwBHXj4RIGTTZCUQak0
shakhbout-city,high,ChIJ45jENidHXj4RbsTlCPw-bLk
shakhbout-city,high,ChIJW-umFABHXj4RodLZiPhbEqU
shakhbout-city,high,ChIJqWvdQgBJXj4RWBnsE2sHUHY
shakhbout-city,high,ChIJT6HWvGA3Xj4Rmf8dQzGbtGY
shakhbout-city,high,ChIJO_qHc_43Xj4R-51XaEJ9OPQ
shakhbout-city,high,ChIJAV19Lv83Xj4R1oqXSoHmJGk
shakhbout-city,high,ChIJTcAI62k3Xj4RrDfM2aTKmJ8
shakhbout-city,high,ChIJjX-vDS5HXj4RdLKTuTi86Vs
shakhbout-city,high,ChIJRwdqDwBJXj4RfDUU2XRviaM
shakhbout-city,high,ChIJz9fcsplJXj4R3XctupxLwzw
shakhbout-city,high,ChIJmVS7RtpJXj4Rb9wAlFGyBaw
shakhbout-city,high,ChIJZ1LG5gBDXj4RE09vzn8m_8Q
shakhbout-city,high,ChIJP_gGHdE3Xj4Rm_qbfE31_R0
shakhbout-city,high,ChIJVWQVD7E3Xj4RQ-5zO0t9tHU
shakhbout-city,high,ChIJT3PvNzI3Xj4RJ1wkNwZNvPk
shakhbout-city,high,ChIJ98vusWNJXj4RXbp7IqKZZgo
shakhbout-city,high,ChIJQxZCWlw3Xj4RqQ5C33U4JIc
shakhbout-city,high,ChIJ2wGFVwA3Xj4RRZiJN7Utd3E
shakhbout-city,high,ChIJJWo7LP43Xj4R-zT_vBfl0Bw
shakhbout-city,high,ChIJTfx2Fas1Xj4RXXv7RfOXp_s
shakhbout-city,high,ChIJ7WLNYuY1Xj4RBxk-Ae-QjbY
shakhbout-city,high,ChIJM-YUZ141Xj4RLhK3ykbv0bs
shakhbout-city,high,ChIJd4rl_D81Xj4RVl6fU4mhLwQ
shakhbout-city,high,ChIJDwJ1_qo1Xj4Ryf1W99mZ24k
shakhbout-city,high,ChIJ26YpFQA1Xj4RctDbCx9h3_U
shakhbout-city,high,ChIJo7CnN4Y1Xj4RfWHJLmKkqGw
shakhbout-city,high,ChIJN_IABwA1Xj4R44U4ZKasTRk
shakhbout-city,high,ChIJ889aKgA1Xj4RONebCsiXQh8
shakhbout-city,high,ChIJBcz3X3M1Xj4RocQJ6R9_yao
shakhbout-city,high,ChIJ0-Mws2o1Xj4RW4GwqWyhMgI
shakhbout-city,high,ChIJM3Y7MQA1Xj4RMi1NpCifzoI
shakhbout-city,high,ChIJrU6TKAA1Xj4RsCw6icItnQQ
shakhbout-city,high,ChIJ0cOMMAA1Xj4R49nhQLfOfic
shakhbout-city,high,ChIJ50g2PzL07k0RZ8HvOz5zVsY
shakhbout-city,high,ChIJ283PSsBBXj4REO-rAvURQTo
shakhbout-city,high,ChIJE__JMcNBXj4REcdk-ayGa_4
shakhbout-city,high,ChIJc22EmKppXj4REIpupbbjOuk
shakhbout-city,high,ChIJjw-oAIZBXj4RYs_ZF8S82Wc
shakhbout-city,high,ChIJ_7VnoLNBXj4RAjn-nwWg6Ek
shakhbout-city,high,ChIJ73UPkVxBXj4RYyfjOtI6t_8
shakhbout-city,high,ChIJUwh_7hJBXj4RT9ne8taJJjY
shakhbout-city,high,ChIJOXCASgBBXj4ReiTJQeiDRD8
shakhbout-city,high,ChIJH70e0D5BXj4RTlmr6g49yAg
shakhbout-city,high,ChIJgXLLwwB-hWgReooggOGQAOo
shakhbout-city,high,ChIJzyPbvrtHXj4R6KGLA8AAb2Q
shakhbout-city,high,ChIJlVCCajQmE6QRPxItws2xgAc
shakhbout-city,high,ChIJ69xfDaRHXj4R9w_joO8apaw
shakhbout-city,high,ChIJR8LWo1tGXj4Rx0MLzz2712E
shakhbout-city,high,ChIJgwQaObtoXj4RnWr9rQqAL9g
shakhbout-city,high,ChIJKWCUUOFHXj4Rrd1yQPVEeQs
shakhbout-city,high,ChIJg26InplHXj4RXG9GjMhTi2M
shakhbout-city,high,ChIJmzfKIsZHXj4Rrih7HO9RVEw
shakhbout-city,high,ChIJWZqMfGPLXz4RzawoztEqiN8
shakhbout-city,high,ChIJIdc3eS6CU2oRfKdORtrjY1c
shakhbout-city,high,ChIJVVVVVWVGXj4RGN8NnKuUiYw
shakhbout-city,high,ChIJT2jWaABHXj4RnRduqhYIfac
shakhbout-city,high,ChIJlQA9FmVLXj4RFVoutOwlpcM
shakhbout-city,high,ChIJvWRdzGpHXj4RVrdYzftLegk
shakhbout-city,high,ChIJnT93iPc1Xj4RWqAWhWyU8V0
shakhbout-city,high,ChIJa0OxPwA1Xj4RnegqtFIPNZ0
shakhbout-city,high,ChIJJwJRkhhLXj4RHg-05l3AHaM
shakhbout-city,high,ChIJsX_aaoo1Xj4RIcWrAVwQBAQ
shakhbout-city,high,ChIJ-Rufg89LXj4R9LX9JgimYwE
shakhbout-city,high,ChIJbcsDXkQ1Xj4RgOPhTD1rMSE
shakhbout-city,high,ChIJCZuYUIQ1Xj4Ryjo4wDZZLZM
shakhbout-city,high,ChIJ4VOTJQA1Xj4R_WMsbGV9LTc
shakhbout-city,high,ChIJoehW3PVLXj4RU3UN_7ClLuM
shakhbout-city,high,ChIJ5RK9QAY1Xj4RFTSWJtfRiGs
shakhbout-city,high,ChIJpxu_lnI1Xj4RK0jVxTFi64k
shakhbout-city,high,ChIJWeldMhI1Xj4RKHbtwmzZg9Y
shakhbout-city,high,ChIJUV6SAl9LXj4RJWzYz9AJzJc
shakhbout-city,high,ChIJDTDKMwBLXj4RP4aLf7qiIW0
shakhbout-city,high,ChIJX2AtOQBLXj4RV43R0rNhdX8
shakhbout-city,high,ChIJgTTmDAA1Xj4RO-lptUYgWHk
shakhbout-city,high,ChIJP1lYpkRnXj4R_-fm4K6DmlA
shakhbout-city,high,ChIJWwW__3pDXj4ROuUJUpFFRic
shakhbout-city,high,ChIJXSza7bBDXj4RlUamaUqdoJE
shakhbout-city,high,ChIJBY9muG5DXj4RV-rTK3YN8mc
shakhbout-city,high,ChIJidma655DXj4Rd7GNaJdYJPg
shakhbout-city,high,ChIJjeOuPQBDXj4RymqmgVCSoZc
shakhbout-city,high,ChIJPX91JwBDXj4RajZtPQQGYWA
shakhbout-city,high,ChIJD1_g9DpCXj4RWJAagGvwxYA
shakhbout-city,high,ChIJ98d6OJ1oXj4RGQ8-o1qspv4
shakhbout-city,high,ChIJFbzk5RNDXj4R3vo4JY7we1U
shakhbout-city,high,ChIJb1XY6HBDXj4R8gnYqL6bYpU
shakhbout-city,high,ChIJV_2SfgBDXj4RkemcafiSsFQ
shakhbout-city,high,ChIJBUAM_NhDXj4RRkVDWdeQrAQ
shakhbout-city,high,ChIJEeqr-cqrX0ERM21WrfvrUVQ
shakhbout-city,high,ChIJqyjJBwBDXj4R7RcDQqw3YVI
shakhbout-city,high,ChIJ6bHnLSfOJGoRUlthxqok0gc
shakhbout-city,high,ChIJs3UEXetDXj4RHt1DEeZYyhY
shakhbout-city,high,ChIJcb1OvglBXj4Rpj4qKbJJoW0
shakhbout-city,high,ChIJIcgTO9ZDXj4RbWXJ_yrpjuM
shakhbout-city,high,ChIJ1Rym03lDXj4Ry8HrwL3DgZQ
shakhbout-city,high,ChIJ7aBvpbBBXj4Rrz5YkTw3PKA
shakhbout-city,high,ChIJ8Uq1R1lBXj4Rb-6WJo3wDE4
shakhbout-city,high,ChIJ7YcGHXJBXj4R2XGB_gU-fdU
shakhbout-city,high,ChIJ2bVES9BDXj4R1GQbwTs4s7U
shakhbout-city,high,ChIJ60POGgBBXj4RZm8XLPPzC3U
shakhbout-city,high,ChIJfxeqQk5BXj4RA0PquO-4oMk
shakhbout-city,high,ChIJ6x3D_plBXj4R-qot1dS-WBE
shakhbout-city,high,ChIJNaSYXthDXj4RprtgcxKvnds
shakhbout-city,high,ChIJnexvv2BBXj4RGZ-nIdMn_Y8
shakhbout-city,high,ChIJ7yIxJNpDXj4R2GCbL6B0_nw
shakhbout-city,high,ChIJFRhBdlJBXj4RwYy2RLGionw
shakhbout-city,high,ChIJzeXPk_JBXj4R3ruXrllceTM
shakhbout-city,high,ChIJHeslLLBHXj4R2k220ct8BWA
shakhbout-city,high,ChIJHVEMxaRGXj4R85sXAIZsZxA
shakhbout-city,high,ChIJJT5ZErJGXj4R7VeU-kgIwzI
shakhbout-city,high,ChIJV4F6t4VHXj4RFM9DyQdTykQ
shakhbout-city,high,ChIJbzaVH0xFXj4R4sopMv_a0Ts
shakhbout-city,high,ChIJgVU2UABFXj4RrnJ9POOqlsM
shakhbout-city,high,ChIJS_qRzU5HXj4RdDHREb3iqr0
shakhbout-city,high,ChIJcflCD3lHXj4RT3mzoBbL5Xs
shakhbout-city,high,ChIJu-zyqTFHXj4Rfn0ltDhuQLY
shakhbout-city,high,ChIJI1MU0phHXj4R9Cwmi8huUZY
shakhbout-city,high,ChIJBSTDRftHXj4RrjwQvtjVgVY
shakhbout-city,high,ChIJOXqcoflHXj4Rw9lYL-ImdG0
shakhbout-city,high,ChIJq4yo9plGXj4Rwg8iScd-r9I
shakhbout-city,high,ChIJq_2Ft5NGXj4RBu1gRSV_VPU
shakhbout-city,high,ChIJ14qBf3tmXj4Ryl0XGGlJi5A
shakhbout-city,high,ChIJA3hjb-NHXj4ROuB2SgejwCc
shakhbout-city,high,ChIJC5E64aFHXj4Rv3VUWnT-q6E
shakhbout-city,high,ChIJDQ4dJJFGXj4RvEL8WJHJhKo
shakhbout-city,high,ChIJraRWc2ZGXj4RHZzmHNkAoVI
shakhbout-city,high,ChIJV8chu3ZFXj4R8k3bfpbP4yQ
shakhbout-city,high,ChIJMSB4C35HXj4RZaFWsB2HzPA
shakhbout-city,high,ChIJ93WxzyVGXj4RV-nEwzu_2CI
shakhbout-city,high,ChIJR7yaYMIr0A8RJ1xxI2XJjZQ
shakhbout-city,high,ChIJ7YfCKAXNFAARAun7rUoz3ns
shakhbout-city,high,ChIJz9Ih5T5GXj4RFa6jMlBD1lU
shakhbout-city,high,ChIJ_YYU-SlHXj4R_s2xoMvN3H8
shakhbout-city,high,ChIJCf71DQBHXj4RGSg-Rap3pzQ
shakhbout-city,high,ChIJq6qq6mlGXj4RO92VESUx4Jc
shakhbout-city,high,ChIJk3jzKPdHXj4R0MWNKxJuIRI
shakhbout-city,high,ChIJkWCcYQBHXj4R4DwKrMJEBbc
shakhbout-city,high,ChIJpYqPLKxHXj4RC99ZOhG1Mbw
shakhbout-city,high,ChIJAbHY8TNJXj4RCFVFm83o6-w
shakhbout-city,high,ChIJae_1NFRJXj4RCUMrko0sCNc
shakhbout-city,high,ChIJpe7674JHXj4R4qEwHDutwpo
shakhbout-city,high,ChIJ-yPLqWJnXj4RARhFLzDIQDc
shakhbout-city,high,ChIJf-mskP1LXj4Rwp8hj8OpI4Q
shakhbout-city,high,ChIJbTzHK9BLXj4Rkf2blpN_OHs
shakhbout-city,high,ChIJS4LrXUJKXj4R06eLXSFl_HI
shakhbout-city,high,ChIJcRPc8q5LXj4RBYS7OqLRv-4
shakhbout-city,high,ChIJSQFcsM5LXj4RSSQoyypSq7Q
shakhbout-city,high,ChIJEyNXSwBLXj4Rryi_vyyFOf4
shakhbout-city,high,ChIJmx1MGFJLXj4R1DeoQzykyR8
shakhbout-city,high,ChIJBfshCQBLXj4R8lLRss4p7rE
shakhbout-city,high,ChIJH9OQ6MdLXj4RhHK3jSbdvQg
shakhbout-city,high,ChIJu0XIBgBLXj4RNXhuRCd-vW8
shakhbout-city,high,ChIJ9yCOWgBLXj4RNpETWETZQIs
shakhbout-city,high,ChIJpyiz9sFLXj4R44LdwEBpgA0
shakhbout-city,high,ChIJDUqQz7xLXj4RmjBT0eLZ-aY
shakhbout-city,high,ChIJHTnQlVZKXj4RiaTEYsOcroA
shakhbout-city,high,ChIJ2wgq0cKDfq8RI1aJLtodTok
shakhbout-city,high,ChIJU-Jvx8ZLXj4ROEepDo8c2do
shakhbout-city,high,ChIJRfTVvZVDXj4RZZRKmMGM9cs
shakhbout-city,high,ChIJD78jm21DXj4RFJaaFlEWA9U
shakhbout-city,high,ChIJJThiRQBDXj4ReHyHBI8ug-c
shakhbout-city,high,ChIJsZcdI0VCXj4RcqqbomF0j6w
shakhbout-city,high,ChIJy0gbkiRDXj4RsKUFEhYvICw
shakhbout-city,high,ChIJi3I6PmpFXj4RvnqAlf-Zj14
shakhbout-city,high,ChIJObWU69VFXj4RHe9sihg8jm0
shakhbout-city,high,ChIJP1niJQBHXj4RF3V73XOmjaQ
shakhbout-city,high,ChIJK756BwBFXj4RNGsyZqGUr0o
shakhbout-city,high,ChIJcTgqyBZHXj4Rf5B1BB4WmsQ
shakhbout-city,high,ChIJew69Lv1FXj4RjK59U-COz1k
shakhbout-city,high,ChIJ32dV6-JFXj4RirMzddSWiYA
shakhbout-city,high,ChIJieGTC7ZPXj4RX_8hfMRV2HY
shakhbout-city,high,ChIJV8rMtqhHXj4R1k1OzNyPle4
shakhbout-city,high,ChIJwReRVwZPXj4RpK7PtgYsZSw
shakhbout-city,high,ChIJVdq-wf5HXj4RAyEN29J_D4Q
shakhbout-city,high,ChIJcRE_l2NmXj4Rs7yNgCkivuE
shakhbout-city,high,ChIJCRc4ebdFXj4RDqx1r4bzbto
shakhbout-city,high,ChIJx_35IbpFXj4RiBbhXLiaAmA
shakhbout-city,high,ChIJQ-xRY6NFXj4Ru-FAiCzJdaQ
shakhbout-city,high,ChIJg9vaPitJXj4RteR_PONRSLE
shakhbout-city,high,ChIJaxDupR1JXj4RxkHSywjtQnU
shakhbout-city,high,ChIJu1fiwWpJXj4RVNRMH1pYlyA
shakhbout-city,high,ChIJEQ2uFQBJXj4R8QG8_u2Tfu8
shakhbout-city,high,ChIJp3xbSABJXj4RArqZJvxrev0
shakhbout-city,high,ChIJURVpPwBJXj4RqJu7MxgB1zo
shakhbout-city,high,ChIJmzoJWuVLXj4RqBn0BWJ2yrk
shakhbout-city,high,ChIJB9iPPgBLXj4RcvY_sB8WxMA
shakhbout-city,high,ChIJhST-PqhLXj4R4Ns1HCNIcjA
shakhbout-city,high,ChIJv066Aa1LXj4RLnzJJT43tGQ
shakhbout-city,high,ChIJCWVOVMBLXj4R3mIpsIuRc0w
shakhbout-city,high,ChIJJS9H8odLXj4RMBB1xetn8ZA
shakhbout-city,high,ChIJ4bpFkLxLXj4RuvHAx35d5a0
shakhbout-city,high,ChIJdUbDqP9LXj4RSAKS5ScIBrI
shakhbout-city,high,ChIJL34CrU5KXj4RgMSMmWEYPcs
shakhbout-city,high,ChIJiY916chLXj4RDkfGzvC9L9Y
shakhbout-city,high,ChIJz5Tsn31PXj4RrE5jIkDZ7vw
shakhbout-city,high,ChIJY6BbY3ZPXj4RrUQtPfRTC6M
shakhbout-city,high,ChIJiZM66x5PXj4RIbSt7qEUTzI
shakhbout-city,high,ChIJL3H83LJPXj4RKlSye3d8n04
shakhbout-city,high,ChIJp_cpJsFPXj4RIWhXvPqu7X0
shakhbout-city,high,ChIJAUJXWQBPXj4RFsvzWMRVP5w
shakhbout-city,high,ChIJ4yH5BgBPXj4Rq8jB2riSSG0
shakhbout-city,high,ChIJPeHUOZ9PXj4RP72F07qBF7g
shakhbout-city,high,ChIJD4c_XalPXj4RdqRn4Ir54qU
shakhbout-city,high,ChIJA3XvaTVJXj4R4gSJlIkcAPA
shakhbout-city,high,ChIJ3Tz_hthPXj4Ry_IfDWiVNDg
shakhbout-city,high,ChIJ9UmGSABPXj4REU0bkml0VRU
shakhbout-city,high,ChIJHdY88ulLXj4RxJwFo9jhF2g
shakhbout-city,high,ChIJkcOkHe1LXj4RoGvVx_GBerI
shakhbout-city,high,ChIJ8U8s0m1LXj4Ro5PzKtDofJA
shakhbout-city,high,ChIJi8b_JRRLXj4RpcuKoAG2qjQ
shakhbout-city,high,ChIJp-oXb_NLXj4RBDc3QGLm-uE
shakhbout-city,high,ChIJ25NhJwBLXj4RR7-_dUZ3l7k
shakhbout-city,high,ChIJwRS3lGZLXj4RBdg5XZufD1Y
shakhbout-city,high,ChIJYQXTWupLXj4Rq7nhwQ2tKK4
shakhbout-city,high,ChIJt5zCMjRLXj4RpfBYXaplTHw
shakhbout-city,high,ChIJqTJYp2lLXj4RoBypwhbNdf0
shakhbout-city,high,ChIJX56uiH1FXj4R0q65jZPBHjU
shakhbout-city,high,ChIJNe0TlU1PXj4Refjm7kiQahI
shakhbout-city,high,ChIJW3C9ewBPXj4REgscJwT0eTs
shakhbout-city,high,ChIJzQ8rNUhOXj4RGlCfY1LYDIc
shakhbout-city,high,ChIJc2TrBABPXj4RuGMwJyG_aN4
shakhbout-city,high,ChIJWUO80Z9PXj4ReoD9XBjFuPM
shakhbout-city,high,ChIJJZQinK9PXj4R8pDiVbY5L1w
shakhbout-city,high,ChIJfxUbmz5OXj4Rh_bZxj75WL4
shakhbout-city,high,ChIJfySZEadpXj4RQFGCOlwRwOg
shakhbout-city,high,ChIJp323AgBPXj4RrofDoXgnPcg
shakhbout-city,high,ChIJD4CyS3NOXj4RscRpJQ6SRmc
shakhbout-city,high,ChIJd4DLeFpPXj4RfCwYjK8HG7o
shakhbout-city,high,ChIJCZNgIwBPXj4RBXDQ6gQyJZc
shakhbout-city,high,ChIJ_QS6FTNPXj4Rh1Dtow6vH_Y
shakhbout-city,high,ChIJ5YtLV7hPXj4R30frPezuOe8
shakhbout-city,high,ChIJUcq4CQBPXj4RrP8bmXN55UI
shakhbout-city,high,ChIJbSN1CLFPXj4Rl9x9Aro5dag
shakhbout-city,high,ChIJhTfJMztRXj4RxFVl3wqJQak
shakhbout-city,high,ChIJh9wAonFPXj4R6P2_rlevv90
shakhbout-city,high,ChIJRcFIcQBPXj4R_ffjuPKPC3w
shakhbout-city,high,ChIJ6xBtUQBPXj4RBIivJTZdPiE
shakhbout-city,high,ChIJFbcipNZPXj4RDzs7kJAKif8
shakhbout-city,high,ChIJm4-13dJPXj4RGhVhaDMey88
shakhbout-city,high,ChIJtcOjwlZPXj4RzHRLm0qD3cg
shakhbout-city,high,ChIJAQMQu4BPXj4RgzlYD-d7xlE
shakhbout-city,high,ChIJPaBozw5OXj4RFHmj9O7KVNQ
shakhbout-city,high,ChIJUayCUE5PXj4Rg1xfk-miDhw
shakhbout-city,high,ChIJ0buKpw5OXj4R8Q_RMWwMbHU
shakhbout-city,high,ChIJr3cA2epPXj4RcS6qJB4IjtA
shakhbout-city,high,ChIJf3cbfzdPXj4RMbH1w9jcBl8
shakhbout-city,high,ChIJ80o6kQxOXj4R3GhiXR5zl-E
shakhbout-city,high,ChIJc7DZPwlnXj4RDLTM5fIWTaY
shakhbout-city,high,ChIJ-WMhQYxPXj4RV48sW_jXqOo
shakhbout-city,high,ChIJqRwwWXtPXj4RIFw8lRVEroE
shakhbout-city,high,ChIJq55P8zdPXj4RgpexpFVFk9Q
shakhbout-city,high,ChIJFbhrTABPXj4RGr41seI0ToA
shakhbout-city,high,ChIJ05JPFVNPXj4Rs8Z2F_7JQ6E
shakhbout-city,high,ChIJO5rnYmBRXj4R1pXDgiZmjbw
shakhbout-city,high,ChIJA_bkfvdRXj4RIn9092gR8BA
shakhbout-city,high,ChIJt5VoqPdRXj4R15pqzNESzv8
shakhbout-city,high,ChIJibicqPdRXj4R8213z11_N4Y
shakhbout-city,high,ChIJab-JA4RRXj4RbxVemc2x5kk
shakhbout-city,high,ChIJCfv3ErtRXj4RCJFiBgEm7ag
shakhbout-city,high,ChIJPz1dPzVRXj4RKKiV5j-5NB4
shakhbout-city,high,ChIJN3D6p8dPXj4R3yBQqwyBw3M
shakhbout-city,high,ChIJMRP7IAFPXj4RSz1qPAw9NhI
shakhbout-city,high,ChIJ0eiMDgBPXj4RbtWaL1szmjY
shakhbout-city,high,ChIJF3S7gY5PXj4Rj-9MkNrGVCc
shakhbout-city,high,ChIJE9GxX6BHXj4RGlt2IQolkFo
shakhbout-city,high,ChIJrzaR6p5PXj4RhUr3DeYN2qM
shakhbout-city,high,ChIJz2ltkixLXj4R7VAg6B_e7jg
shakhbout-city,high,ChIJUQwY39BPXj4RsxvhH-xf4yg
shakhbout-city,high,ChIJhTH3IQA3Xj4RxufTBS3mKI0
shakhbout-city,high,ChIJGUvxqCQMLi4RhzATSVQSUus
shakhbout-city,high,ChIJke2vFUgPQ44RFn9Fo_Dwp0o
shakhbout-city,high,ChIJjyvQJ3JHXj4RCvnEkHP0x_0
shakhbout-city,high,ChIJwRyMb6U4Xj4R8gq-RkeyZdI
shakhbout-city,high,ChIJ75cTy_Q5Xj4RLalc3zmVD6k
shakhbout-city,high,ChIJR0SITitHXj4RVCWVzbn_lEk
shakhbout-city,high,ChIJgW7eCQA3Xj4RtaKpBvr7dwo
shakhbout-city,high,ChIJBR1S6FBHXj4RlHjUu_rqzo0
shakhbout-city,high,ChIJKepBesZHXj4RaBj3rjbxowg
shakhbout-city,high,ChIJP2wFAmlFXj4RyTAG9SZLuOo
shakhbout-city,high,ChIJ6Sm2IEM5Xj4RBqYTUK4jEzg
shakhbout-city,high,ChIJgewjGqg4Xj4RyTXUzZhLSd4
shakhbout-city,high,ChIJyzQrxX9BXj4R3dgagdsPj3c
shakhbout-city,high,ChIJz27LlA4JIWYR1KLi8sKhdlU
shakhbout-city,high,ChIJ3SEMMhNHXj4R6covViidENk
shakhbout-city,high,ChIJhS5MWfU5Xj4RCmQZfvI7plE
shakhbout-city,high,ChIJ8e8Wzr44Xj4RYCEdDKI7hVs
shakhbout-city,high,ChIJJa-aG9pHXj4RITVTPeiexls
shakhbout-city,high,ChIJTSS60x05Xj4RwqbETuIf1qU
shakhbout-city,high,ChIJN-yizFtHXj4RbeJ-DhbUwHM
shakhbout-city,high,ChIJ4wFe7_lHXj4RtfXZggHE9rQ
shakhbout-city,high,ChIJG4PiHHpHXj4Rgotz8EAEtKw
shakhbout-city,high,ChIJG5Yvx8tBXj4Ry0hMcfLWkQk
shakhbout-city,high,ChIJX0IhBpZHXj4RiiNGNxkvges
shakhbout-city,high,ChIJ2dS7qFlHXj4RjQTzdcHobd4
shakhbout-city,high,ChIJ946Ye1dnXj4RFIZ7eAKoEfs
shakhbout-city,high,ChIJd2c2cwA5Xj4RjZ8W4tHLMms
shakhbout-city,high,ChIJmZ06CDlpXj4RCblh8NscV30
shakhbout-city,high,ChIJdYSb1Kw5Xj4RDDcMzM6IXMM
shakhbout-city,high,ChIJw8Bw3Tg5Xj4R9-nmzE04CZ8
shakhbout-city,high,ChIJ355akfo5Xj4RX11z73jrTCg
shakhbout-city,high,ChIJd8s9Zr2KF6wRfOLuJLQJUBc
shakhbout-city,high,ChIJzZVKEF5GXj4RN9lxYZQXab4
shakhbout-city,high,ChIJoZVnEQBHXj4RhoneBiTbNw4
shakhbout-city,high,ChIJ-8uEJ7o4Xj4RVtJLCdiSXgs
shakhbout-city,high,ChIJee0fKLBHXj4R3ULumaNyt_E
shakhbout-city,high,ChIJo4M7ff5HXj4RozyClVf8rfk
shakhbout-city,high,ChIJXegBnsJLXj4RbvwJRXPu_8o
shakhbout-city,high,ChIJycN1AhxFXj4RscBwotobRns
westyas,low,ChIJV8rMtqhHXj4R1k1OzNyPle4
westyas,low,ChIJmckIai1FXj4RDJdfcplz-70
westyas,low,ChIJbWf7-eFFXj4R3ua_ke0oiTc
westyas,low,ChIJlbPth9ndjWwRRkf1fcPzukU
westyas,low,ChIJK1krJPdFXj4RQVCLQY9UeGY
westyas,low,ChIJ2TEfXYhnXj4RGxHrc6Ex7DY
westyas,low,ChIJiZM66x5PXj4RIbSt7qEUTzI
westyas,low,ChIJp_cpJsFPXj4RIWhXvPqu7X0
westyas,low,ChIJ3Tz_hthPXj4Ry_IfDWiVNDg
westyas,low,ChIJ4UkIgGJFXj4Rqq_4olKf64c
westyas,low,ChIJFZhIAO5DXj4RzlYwDOcq5NA
westyas,low,ChIJX56uiH1FXj4R0q65jZPBHjU
westyas,low,ChIJAdgYhN5PXj4RaWe6WoDcrrc
westyas,low,ChIJsXh-qCRFXj4RPD1S74hayKA
westyas,low,ChIJNe0TlU1PXj4Refjm7kiQahI
westyas,low,ChIJnbUMv8FFXj4RNd5I0EaxNd0
westyas,low,ChIJldsuf4dPXj4RP-dmBlvAypc
westyas,low,ChIJiRA2fSNFXj4RMWrYFpOYLvQ
westyas,low,ChIJUa8OzOlFXj4Rwz13Z_Ot4xk
westyas,low,ChIJHxjtWBlFXj4RDcKTU8utwso
westyas,low,ChIJo0AcVmRFXj4RX_BMC8Yz8Rc
westyas,low,ChIJeQR6m39FXj4R_lb3bZ30fCg
westyas,low,ChIJ3-uGn0Iz26cR1MLoPgqPDNw
westyas,low,ChIJB0itbYNFXj4RSJ3-1CYpOfo
westyas,low,ChIJs8VLrXFFXj4RAgma1lPZzZw
westyas,low,ChIJ8ZtA3AhPXj4R9bv4hORDLjI
westyas,low,ChIJw8rScR1FXj4RqBQrVfnEKSg
westyas,low,ChIJ356381xFXj4RleluuqcjXKw
westyas,low,ChIJzytGPQBFXj4ROm4eylf7Kho
westyas,low,ChIJO454ZwBPXj4RZFsKq4kIvPw
westyas,low,ChIJc2TrBABPXj4RuGMwJyG_aN4
westyas,low,ChIJJZQinK9PXj4R8pDiVbY5L1w
westyas,low,ChIJ_QS6FTNPXj4Rh1Dtow6vH_Y
westyas,low,ChIJ5YtLV7hPXj4R30frPezuOe8
westyas,low,ChIJF3S7gY5PXj4Rj-9MkNrGVCc
westyas,low,ChIJX0fF9NNFXj4RnoPe9u8IN-0
westyas,medium,ChIJkWCcYQBHXj4R4DwKrMJEBbc
westyas,medium,ChIJAbHY8TNJXj4RCFVFm83o6-w
westyas,medium,ChIJae_1NFRJXj4RCUMrko0sCNc
westyas,medium,ChIJpe7674JHXj4R4qEwHDutwpo
westyas,medium,ChIJi3I6PmpFXj4RvnqAlf-Zj14
westyas,medium,ChIJObWU69VFXj4RHe9sihg8jm0
westyas,medium,ChIJP1niJQBHXj4RF3V73XOmjaQ
westyas,medium,ChIJjVmxV54IyG8Rb6vQGYUtChQ
westyas,medium,ChIJBa4fnRRFXj4RPhetV5A5vHI
westyas,medium,ChIJJb5APb1FXj4RU9aUzn6zONo
westyas,medium,ChIJDauAueVFXj4R3Xmnuq3eL3M
westyas,medium,ChIJ2cRwm0lynCgR06QvoTEAUV0
westyas,medium,ChIJdzZoddFFXj4RJUxCBRKNlz8
westyas,medium,ChIJCcq3fX1GXj4RHBRRQQMXNlE
westyas,medium,ChIJew69Lv1FXj4RjK59U-COz1k
westyas,medium,ChIJH26D38ZFXj4RrPiy947PD0w
westyas,medium,ChIJ32dV6-JFXj4RirMzddSWiYA
westyas,medium,ChIJieGTC7ZPXj4RX_8hfMRV2HY
westyas,medium,ChIJV8rMtqhHXj4R1k1OzNyPle4
westyas,medium,ChIJwReRVwZPXj4RpK7PtgYsZSw
westyas,medium,ChIJVdq-wf5HXj4RAyEN29J_D4Q
westyas,medium,ChIJoV3tjb5FXj4RPTMhunNNho0
westyas,medium,ChIJcRE_l2NmXj4Rs7yNgCkivuE
westyas,medium,ChIJCRc4ebdFXj4RDqx1r4bzbto
westyas,medium,ChIJx_35IbpFXj4RiBbhXLiaAmA
westyas,medium,ChIJg9vaPitJXj4RteR_PONRSLE
westyas,medium,ChIJaxDupR1JXj4RxkHSywjtQnU
westyas,medium,ChIJu1fiwWpJXj4RVNRMH1pYlyA
westyas,medium,ChIJEQ2uFQBJXj4R8QG8_u2Tfu8
westyas,medium,ChIJp3xbSABJXj4RArqZJvxrev0
westyas,medium,ChIJURVpPwBJXj4RqJu7MxgB1zo
westyas,medium,ChIJmckIai1FXj4RDJdfcplz-70
westyas,medium,ChIJbWf7-eFFXj4R3ua_ke0oiTc
westyas,medium,ChIJZUhSv6tFXj4R7ZpJFnYGOTw
westyas,medium,ChIJlbPth9ndjWwRRkf1fcPzukU
westyas,medium,ChIJK1krJPdFXj4RQVCLQY9UeGY
westyas,medium,ChIJ2TEfXYhnXj4RGxHrc6Ex7DY
westyas,medium,ChIJz5Tsn31PXj4RrE5jIkDZ7vw
westyas,medium,ChIJY6BbY3ZPXj4RrUQtPfRTC6M
westyas,medium,ChIJiZM66x5PXj4RIbSt7qEUTzI
westyas,medium,ChIJL3H83LJPXj4RKlSye3d8n04
westyas,medium,ChIJp_cpJsFPXj4RIWhXvPqu7X0
westyas,medium,ChIJAUJXWQBPXj4RFsvzWMRVP5w
westyas,medium,ChIJ4yH5BgBPXj4Rq8jB2riSSG0
westyas,medium,ChIJPeHUOZ9PXj4RP72F07qBF7g
westyas,medium,ChIJD4c_XalPXj4RdqRn4Ir54qU
westyas,medium,ChIJA3XvaTVJXj4R4gSJlIkcAPA
westyas,medium,ChIJ3Tz_hthPXj4Ry_IfDWiVNDg
westyas,medium,ChIJ9UmGSABPXj4REU0bkml0VRU
westyas,medium,ChIJkcOkHe1LXj4RoGvVx_GBerI
westyas,medium,ChIJ8U8s0m1LXj4Ro5PzKtDofJA
westyas,medium,ChIJi8b_JRRLXj4RpcuKoAG2qjQ
westyas,medium,ChIJp-oXb_NLXj4RBDc3QGLm-uE
westyas,medium,ChIJ4UkIgGJFXj4Rqq_4olKf64c
westyas,medium,ChIJFZhIAO5DXj4RzlYwDOcq5NA
westyas,medium,ChIJX56uiH1FXj4R0q65jZPBHjU
westyas,medium,ChIJAdgYhN5PXj4RaWe6WoDcrrc
westyas,medium,ChIJsXh-qCRFXj4RPD1S74hayKA
westyas,medium,ChIJNe0TlU1PXj4Refjm7kiQahI
westyas,medium,ChIJnbUMv8FFXj4RNd5I0EaxNd0
westyas,medium,ChIJldsuf4dPXj4RP-dmBlvAypc
westyas,medium,ChIJiRA2fSNFXj4RMWrYFpOYLvQ
westyas,medium,ChIJUa8OzOlFXj4Rwz13Z_Ot4xk
westyas,medium,ChIJHxjtWBlFXj4RDcKTU8utwso
westyas,medium,ChIJo0AcVmRFXj4RX_BMC8Yz8Rc
westyas,medium,ChIJeQR6m39FXj4R_lb3bZ30fCg
westyas,medium,ChIJ3-uGn0Iz26cR1MLoPgqPDNw
westyas,medium,ChIJB0itbYNFXj4RSJ3-1CYpOfo
westyas,medium,ChIJs8VLrXFFXj4RAgma1lPZzZw
westyas,medium,ChIJ8ZtA3AhPXj4R9bv4hORDLjI
westyas,medium,ChIJ4fKvQapdXj4RR4R8aMsOKH0
westyas,medium,ChIJsci4XkJnXj4RdFbLSs1RTaM
westyas,medium,ChIJw8rScR1FXj4RqBQrVfnEKSg
westyas,medium,ChIJ356381xFXj4RleluuqcjXKw
westyas,medium,ChIJzytGPQBFXj4ROm4eylf7Kho
westyas,medium,ChIJO454ZwBPXj4RZFsKq4kIvPw
westyas,medium,ChIJW3C9ewBPXj4REgscJwT0eTs
westyas,medium,ChIJzQ8rNUhOXj4RGlCfY1LYDIc
westyas,medium,ChIJc2TrBABPXj4RuGMwJyG_aN4
westyas,medium,ChIJWUO80Z9PXj4ReoD9XBjFuPM
westyas,medium,ChIJJZQinK9PXj4R8pDiVbY5L1w
westyas,medium,ChIJfxUbmz5OXj4Rh_bZxj75WL4
westyas,medium,ChIJfySZEadpXj4RQFGCOlwRwOg
westyas,medium,ChIJp323AgBPXj4RrofDoXgnPcg
westyas,medium,ChIJD4CyS3NOXj4RscRpJQ6SRmc
westyas,medium,ChIJd4DLeFpPXj4RfCwYjK8HG7o
westyas,medium,ChIJCZNgIwBPXj4RBXDQ6gQyJZc
westyas,medium,ChIJ_QS6FTNPXj4Rh1Dtow6vH_Y
westyas,medium,ChIJ5YtLV7hPXj4R30frPezuOe8
westyas,medium,ChIJUcq4CQBPXj4RrP8bmXN55UI
westyas,medium,ChIJ684164pnXj4R7iGsef52v7w
westyas,medium,ChIJMQDQxVxnXj4RaEL-lsslhxo
westyas,medium,ChIJq6qqatNpXj4RG-LPAvrvE9o
westyas,medium,ChIJoyzRazppXj4RbE9fTX--YgY
westyas,medium,ChIJ59T1ESdnXj4Rf1TGNNax3LE
westyas,medium,ChIJ15JvYpZnXj4RhJkLzg3Yo50
westyas,medium,ChIJO19xxlxnXj4RCj2gDk8OZws
westyas,medium,ChIJi71ebABdXj4RxZxHjJ8O_p0
westyas,medium,ChIJNxIMOABdXj4RlXDKCcO8GOA
westyas,medium,ChIJbSN1CLFPXj4Rl9x9Aro5dag
westyas,medium,ChIJhTfJMztRXj4RxFVl3wqJQak
westyas,medium,ChIJh9wAonFPXj4R6P2_rlevv90
westyas,medium,ChIJRcFIcQBPXj4R_ffjuPKPC3w
westyas,medium,ChIJ6xBtUQBPXj4RBIivJTZdPiE
westyas,medium,ChIJFbcipNZPXj4RDzs7kJAKif8
westyas,medium,ChIJm4-13dJPXj4RGhVhaDMey88
westyas,medium,ChIJtcOjwlZPXj4RzHRLm0qD3cg
westyas,medium,ChIJAQMQu4BPXj4RgzlYD-d7xlE
westyas,medium,ChIJPaBozw5OXj4RFHmj9O7KVNQ
westyas,medium,ChIJUayCUE5PXj4Rg1xfk-miDhw
westyas,medium,ChIJ0buKpw5OXj4R8Q_RMWwMbHU
westyas,medium,ChIJr3cA2epPXj4RcS6qJB4IjtA
westyas,medium,ChIJf3cbfzdPXj4RMbH1w9jcBl8
westyas,medium,ChIJ80o6kQxOXj4R3GhiXR5zl-E
westyas,medium,ChIJc7DZPwlnXj4RDLTM5fIWTaY
westyas,medium,ChIJ-WMhQYxPXj4RV48sW_jXqOo
westyas,medium,ChIJqRwwWXtPXj4RIFw8lRVEroE
westyas,medium,ChIJq55P8zdPXj4RgpexpFVFk9Q
westyas,medium,ChIJFbhrTABPXj4RGr41seI0ToA
westyas,medium,ChIJ05JPFVNPXj4Rs8Z2F_7JQ6E
westyas,medium,ChIJX78DV_BFXj4RN5nviRuPI5Q
westyas,medium,ChIJ332nEJ9dXj4RYkL1dRzw7x8
westyas,medium,ChIJnWNRuh9pXj4R93AxarN6zlI
westyas,medium,ChIJ74u6ERZdXj4R_UOyeBtrBRw
westyas,medium,ChIJEQDnOQBdXj4RANnNr0KE6H0
westyas,medium,ChIJQ-vjMIdfXj4Rv__UgWAIaN4
westyas,medium,ChIJO5rnYmBRXj4R1pXDgiZmjbw
westyas,medium,ChIJA_bkfvdRXj4RIn9092gR8BA
westyas,medium,ChIJt5VoqPdRXj4R15pqzNESzv8
westyas,medium,ChIJibicqPdRXj4R8213z11_N4Y
westyas,medium,ChIJab-JA4RRXj4RbxVemc2x5kk
westyas,medium,ChIJCfv3ErtRXj4RCJFiBgEm7ag
westyas,medium,ChIJPz1dPzVRXj4RKKiV5j-5NB4
westyas,medium,ChIJN3D6p8dPXj4R3yBQqwyBw3M
westyas,medium,ChIJMRP7IAFPXj4RSz1qPAw9NhI
westyas,medium,ChIJ0eiMDgBPXj4RbtWaL1szmjY
westyas,medium,ChIJF3S7gY5PXj4Rj-9MkNrGVCc
westyas,medium,ChIJrzaR6p5PXj4RhUr3DeYN2qM
westyas,medium,ChIJUQwY39BPXj4RsxvhH-xf4yg
westyas,medium,ChIJX0fF9NNFXj4RnoPe9u8IN-0
westyas,medium,ChIJP2wFAmlFXj4RyTAG9SZLuOo
westyas,medium,ChIJYfh3OItpXj4Rt3V__N7ZRco
westyas,medium,ChIJycN1AhxFXj4RscBwotobRns
westyas,medium,ChIJt4ngRthFXj4R7qe029dMUJU
westyas,high,ChIJY9wBUAA3Xj4RHgCm5aISavs
westyas,high,ChIJfdd0XWc5Xj4R7X8N9miotYw
westyas,high,ChIJDbcz2A9tXz4RnqvVPtIP15c
westyas,high,ChIJZ3vcheo3Xj4RnSWZDXWS72k
westyas,high,ChIJlwG5_DI3Xj4RXNhToLQcoWw
westyas,high,ChIJhzTbC103Xj4RjodcumrbGZw
westyas,high,ChIJFSj2a4k3Xj4RTujzuydX3ys
westyas,high,ChIJz9fcsplJXj4R3XctupxLwzw
westyas,high,ChIJmVS7RtpJXj4Rb9wAlFGyBaw
westyas,high,ChIJZ1LG5gBDXj4RE09vzn8m_8Q
westyas,high,ChIJP_gGHdE3Xj4Rm_qbfE31_R0
westyas,high,ChIJVWQVD7E3Xj4RQ-5zO0t9tHU
westyas,high,ChIJT3PvNzI3Xj4RJ1wkNwZNvPk
westyas,high,ChIJ98vusWNJXj4RXbp7IqKZZgo
westyas,high,ChIJQxZCWlw3Xj4RqQ5C33U4JIc
westyas,high,ChIJ2wGFVwA3Xj4RRZiJN7Utd3E
westyas,high,ChIJJWo7LP43Xj4R-zT_vBfl0Bw
westyas,high,ChIJ73UPkVxBXj4RYyfjOtI6t_8
westyas,high,ChIJzyPbvrtHXj4R6KGLA8AAb2Q
westyas,high,ChIJR8LWo1tGXj4Rx0MLzz2712E
westyas,high,ChIJgwQaObtoXj4RnWr9rQqAL9g
westyas,high,ChIJvWRdzGpHXj4RVrdYzftLegk
westyas,high,ChIJ-Rufg89LXj4R9LX9JgimYwE
westyas,high,ChIJoehW3PVLXj4RU3UN_7ClLuM
westyas,high,ChIJUV6SAl9LXj4RJWzYz9AJzJc
westyas,high,ChIJDTDKMwBLXj4RP4aLf7qiIW0
westyas,high,ChIJ98d6OJ1oXj4RGQ8-o1qspv4
westyas,high,ChIJFbzk5RNDXj4R3vo4JY7we1U
westyas,high,ChIJx5hdNjFDXj4RaCf8w3PXD_w
westyas,high,ChIJqyjJBwBDXj4R7RcDQqw3YVI
westyas,high,ChIJcb1OvglBXj4Rpj4qKbJJoW0
westyas,high,ChIJ8Uq1R1lBXj4Rb-6WJo3wDE4
westyas,high,ChIJ7YcGHXJBXj4R2XGB_gU-fdU
westyas,high,ChIJ60POGgBBXj4RZm8XLPPzC3U
westyas,high,ChIJfxeqQk5BXj4RA0PquO-4oMk
westyas,high,ChIJ6x3D_plBXj4R-qot1dS-WBE
westyas,high,ChIJFRhBdlJBXj4RwYy2RLGionw
westyas,high,ChIJbzaVH0xFXj4R4sopMv_a0Ts
westyas,high,ChIJgVU2UABFXj4RrnJ9POOqlsM
westyas,high,ChIJS_qRzU5HXj4RdDHREb3iqr0
westyas,high,ChIJcflCD3lHXj4RT3mzoBbL5Xs
westyas,high,ChIJu-zyqTFHXj4Rfn0ltDhuQLY
westyas,high,ChIJI1MU0phHXj4R9Cwmi8huUZY
westyas,high,ChIJBSTDRftHXj4RrjwQvtjVgVY
westyas,high,ChIJq4yo9plGXj4Rwg8iScd-r9I
westyas,high,ChIJC5E64aFHXj4Rv3VUWnT-q6E
westyas,high,ChIJraRWc2ZGXj4RHZzmHNkAoVI
westyas,high,ChIJV8chu3ZFXj4R8k3bfpbP4yQ
westyas,high,ChIJMSB4C35HXj4RZaFWsB2HzPA
westyas,high,ChIJ93WxzyVGXj4RV-nEwzu_2CI
westyas,high,ChIJR7yaYMIr0A8RJ1xxI2XJjZQ
westyas,high,ChIJ7YfCKAXNFAARAun7rUoz3ns
westyas,high,ChIJz9Ih5T5GXj4RFa6jMlBD1lU
westyas,high,ChIJ_YYU-SlHXj4R_s2xoMvN3H8
westyas,high,ChIJCf71DQBHXj4RGSg-Rap3pzQ
westyas,high,ChIJq6qq6mlGXj4RO92VESUx4Jc
westyas,high,ChIJk3jzKPdHXj4R0MWNKxJuIRI
westyas,high,ChIJkWCcYQBHXj4R4DwKrMJEBbc
westyas,high,ChIJpYqPLKxHXj4RC99ZOhG1Mbw
westyas,high,ChIJAbHY8TNJXj4RCFVFm83o6-w
westyas,high,ChIJae_1NFRJXj4RCUMrko0sCNc
westyas,high,ChIJpe7674JHXj4R4qEwHDutwpo
westyas,high,ChIJ-yPLqWJnXj4RARhFLzDIQDc
westyas,high,ChIJf-mskP1LXj4Rwp8hj8OpI4Q
westyas,high,ChIJbTzHK9BLXj4Rkf2blpN_OHs
westyas,high,ChIJS4LrXUJKXj4R06eLXSFl_HI
westyas,high,ChIJcRPc8q5LXj4RBYS7OqLRv-4
westyas,high,ChIJSQFcsM5LXj4RSSQoyypSq7Q
westyas,high,ChIJEyNXSwBLXj4Rryi_vyyFOf4
westyas,high,ChIJmx1MGFJLXj4R1DeoQzykyR8
westyas,high,ChIJBfshCQBLXj4R8lLRss4p7rE
westyas,high,ChIJH9OQ6MdLXj4RhHK3jSbdvQg
westyas,high,ChIJ9yCOWgBLXj4RNpETWETZQIs
westyas,high,ChIJpyiz9sFLXj4R44LdwEBpgA0
westyas,high,ChIJHTnQlVZKXj4RiaTEYsOcroA
westyas,high,ChIJ2wgq0cKDfq8RI1aJLtodTok
westyas,high,ChIJU-Jvx8ZLXj4ROEepDo8c2do
westyas,high,ChIJRfTVvZVDXj4RZZRKmMGM9cs
westyas,high,ChIJD78jm21DXj4RFJaaFlEWA9U
westyas,high,ChIJt8i1c6JDXj4RZT68OZOeZA8
westyas,high,ChIJJThiRQBDXj4ReHyHBI8ug-c
westyas,high,ChIJsZcdI0VCXj4RcqqbomF0j6w
westyas,high,ChIJy0gbkiRDXj4RsKUFEhYvICw
westyas,high,ChIJi3I6PmpFXj4RvnqAlf-Zj14
westyas,high,ChIJObWU69VFXj4RHe9sihg8jm0
westyas,high,ChIJP1niJQBHXj4RF3V73XOmjaQ
westyas,high,ChIJjVmxV54IyG8Rb6vQGYUtChQ
westyas,high,ChIJK756BwBFXj4RNGsyZqGUr0o
westyas,high,ChIJBa4fnRRFXj4RPhetV5A5vHI
westyas,high,ChIJJb5APb1FXj4RU9aUzn6zONo
westyas,high,ChIJDauAueVFXj4R3Xmnuq3eL3M
westyas,high,ChIJ2cRwm0lynCgR06QvoTEAUV0
westyas,high,ChIJcTgqyBZHXj4Rf5B1BB4WmsQ
westyas,high,ChIJdzZoddFFXj4RJUxCBRKNlz8
westyas,high,ChIJCcq3fX1GXj4RHBRRQQMXNlE
westyas,high,ChIJew69Lv1FXj4RjK59U-COz1k
westyas,high,ChIJH26D38ZFXj4RrPiy947PD0w
westyas,high,ChIJ32dV6-JFXj4RirMzddSWiYA
westyas,high,ChIJieGTC7ZPXj4RX_8hfMRV2HY
westyas,high,ChIJV8rMtqhHXj4R1k1OzNyPle4
westyas,high,ChIJwReRVwZPXj4RpK7PtgYsZSw
westyas,high,ChIJVdq-wf5HXj4RAyEN29J_D4Q
westyas,high,ChIJoV3tjb5FXj4RPTMhunNNho0
westyas,high,ChIJcRE_l2NmXj4Rs7yNgCkivuE
westyas,high,ChIJCRc4ebdFXj4RDqx1r4bzbto
westyas,high,ChIJx_35IbpFXj4RiBbhXLiaAmA
westyas,high,ChIJQ-xRY6NFXj4Ru-FAiCzJdaQ
westyas,high,ChIJg9vaPitJXj4RteR_PONRSLE
westyas,high,ChIJaxDupR1JXj4RxkHSywjtQnU
westyas,high,ChIJu1fiwWpJXj4RVNRMH1pYlyA
westyas,high,ChIJEQ2uFQBJXj4R8QG8_u2Tfu8
westyas,high,ChIJp3xbSABJXj4RArqZJvxrev0
westyas,high,ChIJURVpPwBJXj4RqJu7MxgB1zo
westyas,high,ChIJmzoJWuVLXj4RqBn0BWJ2yrk
westyas,high,ChIJB9iPPgBLXj4RcvY_sB8WxMA
westyas,high,ChIJhST-PqhLXj4R4Ns1HCNIcjA
westyas,high,ChIJv066Aa1LXj4RLnzJJT43tGQ
westyas,high,ChIJCWVOVMBLXj4R3mIpsIuRc0w
westyas,high,ChIJJS9H8odLXj4RMBB1xetn8ZA
westyas,high,ChIJ4bpFkLxLXj4RuvHAx35d5a0
westyas,high,ChIJdUbDqP9LXj4RSAKS5ScIBrI
westyas,high,ChIJL34CrU5KXj4RgMSMmWEYPcs
westyas,high,ChIJiY916chLXj4RDkfGzvC9L9Y
westyas,high,ChIJycSvtZxCXj4R-RJF502OC-k
westyas,high,ChIJQS7TRp1CXj4R7kO__gEfjH4
westyas,high,ChIJmckIai1FXj4RDJdfcplz-70
westyas,high,ChIJbWf7-eFFXj4R3ua_ke0oiTc
westyas,high,ChIJZUhSv6tFXj4R7ZpJFnYGOTw
westyas,high,ChIJlbPth9ndjWwRRkf1fcPzukU
westyas,high,ChIJK1krJPdFXj4RQVCLQY9UeGY
westyas,high,ChIJ2TEfXYhnXj4RGxHrc6Ex7DY
westyas,high,ChIJTVNlNwBFXj4R54kFMo_W4Fg
westyas,high,ChIJz5Tsn31PXj4RrE5jIkDZ7vw
westyas,high,ChIJY6BbY3ZPXj4RrUQtPfRTC6M
westyas,high,ChIJiZM66x5PXj4RIbSt7qEUTzI
westyas,high,ChIJL3H83LJPXj4RKlSye3d8n04
westyas,high,ChIJp_cpJsFPXj4RIWhXvPqu7X0
westyas,high,ChIJAUJXWQBPXj4RFsvzWMRVP5w
westyas,high,ChIJ4yH5BgBPXj4Rq8jB2riSSG0
westyas,high,ChIJPeHUOZ9PXj4RP72F07qBF7g
westyas,high,ChIJD4c_XalPXj4RdqRn4Ir54qU
westyas,high,ChIJA3XvaTVJXj4R4gSJlIkcAPA
westyas,high,ChIJ3Tz_hthPXj4Ry_IfDWiVNDg
westyas,high,ChIJ9UmGSABPXj4REU0bkml0VRU
westyas,high,ChIJHdY88ulLXj4RxJwFo9jhF2g
westyas,high,ChIJkcOkHe1LXj4RoGvVx_GBerI
westyas,high,ChIJ8U8s0m1LXj4Ro5PzKtDofJA
westyas,high,ChIJi8b_JRRLXj4RpcuKoAG2qjQ
westyas,high,ChIJp-oXb_NLXj4RBDc3QGLm-uE
westyas,high,ChIJ25NhJwBLXj4RR7-_dUZ3l7k
westyas,high,ChIJwRS3lGZLXj4RBdg5XZufD1Y
westyas,high,ChIJYQXTWupLXj4Rq7nhwQ2tKK4
westyas,high,ChIJt5zCMjRLXj4RpfBYXaplTHw
westyas,high,ChIJqTJYp2lLXj4RoBypwhbNdf0
westyas,high,ChIJVbstSFBmXj4R449I_E3vMkY
westyas,high,ChIJIYAxKfpnXj4RttR5NvR6D0Q
westyas,high,ChIJmY8cvnHui2sRb7FTWZ29zT8
westyas,high,ChIJ4UkIgGJFXj4Rqq_4olKf64c
westyas,high,ChIJFZhIAO5DXj4RzlYwDOcq5NA
westyas,high,ChIJX56uiH1FXj4R0q65jZPBHjU
westyas,high,ChIJAdgYhN5PXj4RaWe6WoDcrrc
westyas,high,ChIJsXh-qCRFXj4RPD1S74hayKA
westyas,high,ChIJNe0TlU1PXj4Refjm7kiQahI
westyas,high,ChIJnbUMv8FFXj4RNd5I0EaxNd0
westyas,high,ChIJldsuf4dPXj4RP-dmBlvAypc
westyas,high,ChIJiRA2fSNFXj4RMWrYFpOYLvQ
westyas,high,ChIJUa8OzOlFXj4Rwz13Z_Ot4xk
westyas,high,ChIJHxjtWBlFXj4RDcKTU8utwso
westyas,high,ChIJo0AcVmRFXj4RX_BMC8Yz8Rc
westyas,high,ChIJeQR6m39FXj4R_lb3bZ30fCg
westyas,high,ChIJ3-uGn0Iz26cR1MLoPgqPDNw
westyas,high,ChIJB0itbYNFXj4RSJ3-1CYpOfo
westyas,high,ChIJs8VLrXFFXj4RAgma1lPZzZw
westyas,high,ChIJ8ZtA3AhPXj4R9bv4hORDLjI
westyas,high,ChIJZV66kJhnXj4ReG9g2VN4Fa8
westyas,high,ChIJ_S01UQVnXj4Rp9gKj2D00ws
westyas,high,ChIJcRgS2eFnXj4RhCRJ8MKJkXM
westyas,high,ChIJ-VDAk51nXj4Rgep2KOSVTB4
westyas,high,ChIJ5R5zm15mXj4RRrTpMfjvLO4
westyas,high,ChIJ5ygF_l1mXj4R3TyhG8g5Ytg
westyas,high,ChIJMXrb-ltmXj4R1SYL2CWAIsE
westyas,high,ChIJ-d9iPl9mXj4RmAkeDYJ5VyY
westyas,high,ChIJ1VAD2FBnXj4RpmMke4lL7oU
westyas,high,ChIJ46n5PadnXj4RQxaG0H7wG1c
westyas,high,ChIJJRQvpxpnXj4RWzb_3l_p7l0
westyas,high,ChIJG3eVAWFmXj4RX_EiWIICdkc
westyas,high,ChIJYypGG5BnXj4RZGQ25vMinrE
westyas,high,ChIJ0aqt6ztz_a8Rrw4sUQPIb8c
westyas,high,ChIJscAhvklnXj4RPJwXl-xvlhs
westyas,high,ChIJ4fKvQapdXj4RR4R8aMsOKH0
westyas,high,ChIJsci4XkJnXj4RdFbLSs1RTaM
westyas,high,ChIJCULiVB5nXj4RrriEuVkzcCg
westyas,high,ChIJw8rScR1FXj4RqBQrVfnEKSg
westyas,high,ChIJ356381xFXj4RleluuqcjXKw
westyas,high,ChIJzytGPQBFXj4ROm4eylf7Kho
westyas,high,ChIJO454ZwBPXj4RZFsKq4kIvPw
westyas,high,ChIJW3C9ewBPXj4REgscJwT0eTs
westyas,high,ChIJzQ8rNUhOXj4RGlCfY1LYDIc
westyas,high,ChIJc2TrBABPXj4RuGMwJyG_aN4
westyas,high,ChIJWUO80Z9PXj4ReoD9XBjFuPM
westyas,high,ChIJJZQinK9PXj4R8pDiVbY5L1w
westyas,high,ChIJfxUbmz5OXj4Rh_bZxj75WL4
westyas,high,ChIJfySZEadpXj4RQFGCOlwRwOg
westyas,high,ChIJp323AgBPXj4RrofDoXgnPcg
westyas,high,ChIJD4CyS3NOXj4RscRpJQ6SRmc
westyas,high,ChIJd4DLeFpPXj4RfCwYjK8HG7o
westyas,high,ChIJCZNgIwBPXj4RBXDQ6gQyJZc
westyas,high,ChIJ_QS6FTNPXj4Rh1Dtow6vH_Y
westyas,high,ChIJ5YtLV7hPXj4R30frPezuOe8
westyas,high,ChIJUcq4CQBPXj4RrP8bmXN55UI
westyas,high,ChIJYY-i2nlnXj4RZaHk_hMG7hw
westyas,high,ChIJc2LcxaxnXj4RlYm5aUKnvuM
westyas,high,ChIJ684164pnXj4R7iGsef52v7w
westyas,high,ChIJMQDQxVxnXj4RaEL-lsslhxo
westyas,high,ChIJq6qqatNpXj4RG-LPAvrvE9o
westyas,high,ChIJoyzRazppXj4RbE9fTX--YgY
westyas,high,ChIJ59T1ESdnXj4Rf1TGNNax3LE
westyas,high,ChIJ15JvYpZnXj4RhJkLzg3Yo50
westyas,high,ChIJO19xxlxnXj4RCj2gDk8OZws
westyas,high,ChIJi71ebABdXj4RxZxHjJ8O_p0
westyas,high,ChIJNxIMOABdXj4RlXDKCcO8GOA
westyas,high,ChIJa-JXp4dRXj4RwYg3Nwqibmo
westyas,high,ChIJQRT3IABRXj4RhK_Znr1OILM
westyas,high,ChIJbSN1CLFPXj4Rl9x9Aro5dag
westyas,high,ChIJhTfJMztRXj4RxFVl3wqJQak
westyas,high,ChIJh9wAonFPXj4R6P2_rlevv90
westyas,high,ChIJRcFIcQBPXj4R_ffjuPKPC3w
westyas,high,ChIJ6xBtUQBPXj4RBIivJTZdPiE
westyas,high,ChIJFbcipNZPXj4RDzs7kJAKif8
westyas,high,ChIJm4-13dJPXj4RGhVhaDMey88
westyas,high,ChIJtcOjwlZPXj4RzHRLm0qD3cg
westyas,high,ChIJAQMQu4BPXj4RgzlYD-d7xlE
westyas,high,ChIJPaBozw5OXj4RFHmj9O7KVNQ
westyas,high,ChIJUayCUE5PXj4Rg1xfk-miDhw
westyas,high,ChIJ0buKpw5OXj4R8Q_RMWwMbHU
westyas,high,ChIJr3cA2epPXj4RcS6qJB4IjtA
westyas,high,ChIJf3cbfzdPXj4RMbH1w9jcBl8
westyas,high,ChIJ80o6kQxOXj4R3GhiXR5zl-E
westyas,high,ChIJc7DZPwlnXj4RDLTM5fIWTaY
westyas,high,ChIJ-WMhQYxPXj4RV48sW_jXqOo
westyas,high,ChIJqRwwWXtPXj4RIFw8lRVEroE
westyas,high,ChIJq55P8zdPXj4RgpexpFVFk9Q
westyas,high,ChIJFbhrTABPXj4RGr41seI0ToA
westyas,high,ChIJ05JPFVNPXj4Rs8Z2F_7JQ6E
westyas,high,ChIJX78DV_BFXj4RN5nviRuPI5Q
westyas,high,ChIJmcDLX4ddXj4RTFm5SNq45uM
westyas,high,ChIJ332nEJ9dXj4RYkL1dRzw7x8
westyas,high,ChIJnWNRuh9pXj4R93AxarN6zlI
westyas,high,ChIJ74u6ERZdXj4R_UOyeBtrBRw
westyas,high,ChIJEQDnOQBdXj4RANnNr0KE6H0
westyas,high,ChIJQ-vjMIdfXj4Rv__UgWAIaN4
westyas,high,ChIJO5rnYmBRXj4R1pXDgiZmjbw
westyas,high,ChIJA_bkfvdRXj4RIn9092gR8BA
westyas,high,ChIJt5VoqPdRXj4R15pqzNESzv8
westyas,high,ChIJibicqPdRXj4R8213z11_N4Y
westyas,high,ChIJ1zUsWro4Xj4RPiP1sG2UhqM
westyas,high,ChIJBcezDOBRXj4ReyZ1UMIFj00
westyas,high,ChIJab-JA4RRXj4RbxVemc2x5kk
westyas,high,ChIJCfv3ErtRXj4RCJFiBgEm7ag
westyas,high,ChIJPz1dPzVRXj4RKKiV5j-5NB4
westyas,high,ChIJi2-5U-JQXj4RmwTYBRtggI0
westyas,high,ChIJq5ONTeJQXj4RPygnsSHohfo
westyas,high,ChIJu4bD1_tRXj4ROPAfbx-56ZQ
westyas,high,ChIJc_5igYhRXj4RffnMtilTDoM
westyas,high,ChIJz_enoPRTXj4RVH3vL0Ra3vg
westyas,high,ChIJU1UVxdBTXj4RzpS8lHFzIXk
westyas,high,ChIJ7UBjdwBTXj4RDw3kK6HKUj4
westyas,high,ChIJ07zx0dBTXj4RHfn6zx0uWys
westyas,high,ChIJ5VRBLABRXj4R1L7jmeybm0k
westyas,high,ChIJHRHEdABTXj4RHV8GDF6GJnc
westyas,high,ChIJD0W-SABRXj4RrzbXBZFrWOc
westyas,high,ChIJEZ20muRTXj4RUyA9gbLP178
westyas,high,ChIJhTWMCwBTXj4RcbqH-FrIlh4
westyas,high,ChIJ3ziKcCpTXj4RwqXtq8cgUOg
westyas,high,ChIJhUGNSspTXj4RiOO6P3BKeXY
westyas,high,ChIJN3D6p8dPXj4R3yBQqwyBw3M
westyas,high,ChIJMRP7IAFPXj4RSz1qPAw9NhI
westyas,high,ChIJ0eiMDgBPXj4RbtWaL1szmjY
westyas,high,ChIJ_3PpKfdFXj4RMHet52RdlMM
westyas,high,ChIJF3S7gY5PXj4Rj-9MkNrGVCc
westyas,high,ChIJE9GxX6BHXj4RGlt2IQolkFo
westyas,high,ChIJrzaR6p5PXj4RhUr3DeYN2qM
westyas,high,ChIJz2ltkixLXj4R7VAg6B_e7jg
westyas,high,ChIJUQwY39BPXj4RsxvhH-xf4yg
westyas,high,ChIJX0fF9NNFXj4RnoPe9u8IN-0
westyas,high,ChIJhTH3IQA3Xj4RxufTBS3mKI0
westyas,high,ChIJGUvxqCQMLi4RhzATSVQSUus
westyas,high,ChIJf5ksS1pnXj4R8nGiK6EIavw
westyas,high,ChIJ039yYpBnXj4R-jriLFdsbhQ
westyas,high,ChIJY0o69snGMosRON-icriog-w
westyas,high,ChIJlwoJZqtnXj4RWTk4Uc8irM0
westyas,high,ChIJb1nZFylnXj4RQ970d7ENh7E
westyas,high,ChIJP2wFAmlFXj4RyTAG9SZLuOo
westyas,high,ChIJVeWO8JBnXj4RFTW9auZALEQ
westyas,high,ChIJyzQrxX9BXj4R3dgagdsPj3c
westyas,high,ChIJYfQcrDJnXj4Rql8gi5D3N8o
westyas,high,ChIJ-bSvTvJnXj4RJ44FIOPKvoc
westyas,high,ChIJJa-aG9pHXj4RITVTPeiexls
westyas,high,ChIJu39Q-xztHQsRridqi4XMjY4
westyas,high,ChIJTcrTWGGt7mQRXgEix_2_Uq4
westyas,high,ChIJucQxxsRnXj4R512MmgYJ4vQ
westyas,high,ChIJBwQQN51nXj4RxvRgy-HYskU
westyas,high,ChIJAwEMi9xnXj4RT3boB_iocto
westyas,high,ChIJVVVVeVlmXj4R6VS3CRGr4ok
westyas,high,ChIJs33dBLxnXj4RMLCKrC_P_8o
westyas,high,ChIJP_qupm5nXj4RbumVBqXp1xQ
westyas,high,ChIJ2wDUJSZnXj4RDEaKjF9OrrY
westyas,high,ChIJXdfe9ednXj4RJJ-loFBOlbc
westyas,high,ChIJI4lXbABnXj4RaN1ZxKqvAUs
westyas,high,ChIJXUjWmR5nXj4R8waZHt49aJA
westyas,high,ChIJHydx9CGS2CcRx5ActGmymJ8
westyas,high,ChIJK7tMZFpmXj4RXCtoBOrjFdE
westyas,high,ChIJ83bmZbVnXj4R0qRR4A-B13A
westyas,high,ChIJ43kSL29fXj4R901fGtMxRpk
westyas,high,ChIJzZVKEF5GXj4RN9lxYZQXab4
westyas,high,ChIJi2dTOThnXj4RsR8brZ1nOy0
westyas,high,ChIJYfh3OItpXj4Rt3V__N7ZRco
westyas,high,ChIJXegBnsJLXj4RbvwJRXPu_8o
westyas,high,ChIJycN1AhxFXj4RscBwotobRns
westyas,high,ChIJt4ngRthFXj4R7qe029dMUJU
zawaya-walk,low,ChIJg6NTysVfXz4RHQLIQndvGv8
zawaya-walk,low,ChIJ0Tgw0U5fXz4RhEkAt36l9Qw
zawaya-walk,low,ChIJDVozUgBfXz4R1X5XT6W1Lwg
zawaya-walk,low,ChIJ-0Ja9_VfXz4RA7bw0daJgLc
zawaya-walk,low,ChIJ1eNhgd9fXz4RuvRh2auxfkM
zawaya-walk,low,ChIJbVJoeP1fXz4RmxIr7Pr7lBY
zawaya-walk,low,ChIJJ1SRzkxZXz4RNl8UYadaCgo
zawaya-walk,low,ChIJuzBCbMpeXz4RxZW0WD98Ct0
zawaya-walk,low,ChIJD9p-vLBfXz4RYW3xh4FKnG0
zawaya-walk,low,ChIJ93PtZgBZXz4RI7w-Xtw5MfU
zawaya-walk,low,ChIJI3ew5ExZXz4RoLVH8STHE5g
zawaya-walk,low,ChIJlx4c34NfXz4RNWeXsP1TyJk
zawaya-walk,low,ChIJQR_bfiJfXz4R8_7vwfdZEq4
zawaya-walk,low,ChIJ1fk5k8JfXz4RhXaNK864CY4
zawaya-walk,low,ChIJhS4YWLBfXz4RVr0X3Q-igSA
zawaya-walk,low,ChIJN9iT5I9fXz4Ra9wX-HJfdKQ
zawaya-walk,low,ChIJaTUdmCBfXz4R3UO495zgSlk
zawaya-walk,low,ChIJA-EyzRdfXz4RE3t3rQSKlSc
zawaya-walk,low,ChIJq6qqqv1YXz4RaNpdZFGR3P0
zawaya-walk,low,ChIJ0-U5SDVfXz4RjzjD_EyJoHs
zawaya-walk,low,ChIJR2fkRYJfXz4REzmPziZ6qpg
zawaya-walk,low,ChIJW8oMfABfXz4RIcRUJoLLXbg
zawaya-walk,low,ChIJd1MjLz1fXz4RjRjnzrOqlkg
zawaya-walk,low,ChIJS9adGiBfXz4ROf65E4Hk_-U
zawaya-walk,low,ChIJS77minNfXz4R2YZQP0h5-UU
zawaya-walk,low,ChIJXwWRdABfXz4RnN7GMvtyDOA
zawaya-walk,low,ChIJp2gR5idfXz4RPjz-9-DprGg
zawaya-walk,low,ChIJofTmTdpfXz4RdMzeH2B-GwU
zawaya-walk,low,ChIJFfN9e0RfXz4RHL2GZN8Ean4
zawaya-walk,low,ChIJVZE-ciZfXz4Rp3c1vTep_ys
zawaya-walk,low,ChIJcU1Ba6JfXz4Rth2bex0_nlU
zawaya-walk,low,ChIJr9DXCOBfXz4Rwj9WKHJI-MI
zawaya-walk,low,ChIJe72N3cNfXz4RSiXGHtRMUkA
zawaya-walk,low,ChIJBzCGSQBfXz4R2kEJKf63JkE
zawaya-walk,low,ChIJy9j-38VfXz4R-tbo6hKJ2IY
zawaya-walk,low,ChIJfUxSTsRfXz4RCsKQ7BV-KbM
zawaya-walk,low,ChIJU50SyDtfXz4RB-Gqo67mIxk
zawaya-walk,low,ChIJg135IVJfXz4RrnzZCk-satQ
zawaya-walk,low,ChIJQ_iYnghfXz4RCInkdSg3_Sw
zawaya-walk,low,ChIJR7cOhsRbXz4RaeMjaS6xFCI
zawaya-walk,low,ChIJaZVR4APfLYoRDs8nQwNkq7A
zawaya-walk,low,ChIJXXgtvxxbXz4Rlqv7kZXur5o
zawaya-walk,low,ChIJYTEDHthbXz4RnoCtk0BM6cw
zawaya-walk,low,ChIJiarrbNJbXz4ROcMKETPWAx4
zawaya-walk,low,ChIJiyMMy9BbXz4ReIW8bqdQNoc
zawaya-walk,low,ChIJP_C8v9pbXz4RnnmAdu9SxYo
zawaya-walk,low,ChIJ0UiETNhbXz4RDViHG_j-l-M
zawaya-walk,low,ChIJYT6ACepbXz4RbA8joNTo0qs
zawaya-walk,low,ChIJ8c8GkDRbXz4R8J0sEh84QHI
zawaya-walk,low,ChIJRZm6tGdZXz4RMtNnX-1S6SE
zawaya-walk,low,ChIJIyAbliNbXz4ReAGBa_WDMPI
zawaya-walk,low,ChIJl_G_HOFZXz4R2PnapI98n0o
zawaya-walk,low,ChIJxZWfPCFZXz4RrR7kgogRbRs
zawaya-walk,low,ChIJBV8FjRZZXz4RmqXXsT4z61o
zawaya-walk,low,ChIJI6kdiclZXz4RxZY6UTyFWoU
zawaya-walk,low,ChIJL5YDXKVZXz4RnfZj13al2Ng
zawaya-walk,low,ChIJax8yHhdZXz4RbpgE5mygB3g
zawaya-walk,low,ChIJifgXa5xZXz4RIfhneYBaeZg
zawaya-walk,low,ChIJO8VOgxVZXz4RATnT-vho3m0
zawaya-walk,low,ChIJ7SIfIBVZXz4R0e0eh9Mq9LI
zawaya-walk,low,ChIJUSIIsRBZXz4R70gQkI41nIw
zawaya-walk,low,ChIJnf_kDzBZXz4Ry6AQbetEHfA
zawaya-walk,low,ChIJX8Cw0BBZXz4Rb2uZZEkEAPw
zawaya-walk,low,ChIJB2RZRz9ZXz4RDJDxu0WJR5g
zawaya-walk,low,ChIJcfgzQz5ZXz4R76xWmFnB528
zawaya-walk,low,ChIJn2BI9j1ZXz4Rj41HaqibPz0
zawaya-walk,low,ChIJlxL3RqtZXz4R55LgCV2JNQc
zawaya-walk,low,ChIJc3_ZrDhZXz4RfcuPCWZBYOI
zawaya-walk,low,ChIJu81xwBpfXz4RRRg116nWxg0
zawaya-walk,low,ChIJYy1ZBHxfXz4RpGS9b2k2eXo
zawaya-walk,low,ChIJWZ5gTL5fXz4RqO4LzvFchyg
zawaya-walk,low,ChIJ7YAC5uZfXz4RAOK_CywTiUw
zawaya-walk,low,ChIJFZkKF4JfXz4RhqrSSsI3xps
zawaya-walk,low,ChIJMeE-dnJfXz4RQivhpNxdXFA
zawaya-walk,low,ChIJDUGzwT9bXz4RmNUWNM5W5sQ
zawaya-walk,low,ChIJYzCocDRaXz4RBKZ-V2N0F1s
zawaya-walk,low,ChIJ-SbnyvRbXz4RfQjq13pbrGw
zawaya-walk,low,ChIJV-X779NbXz4RXLgsfd2Qdtk
zawaya-walk,low,ChIJS2tOxdNbXz4RdU_0twitk8U
zawaya-walk,low,ChIJV6VTbM9bXz4RWiNkOtSA3e4
zawaya-walk,low,ChIJv2v-ZM1bXz4RoJXkKBGxPLY
zawaya-walk,low,ChIJxwcPV5VZXz4R2bv268leaCc
zawaya-walk,low,ChIJ986svptZXz4Rh8-DejpYy2U
zawaya-walk,low,ChIJaYl9CpVZXz4Rerjtulc7fLw
zawaya-walk,low,ChIJoW2158pZXz4R681YZDFGm_0
zawaya-walk,low,ChIJ-f6tkZpZXz4RyxQJE89NlAI
zawaya-walk,low,ChIJqyowzS1ZXz4RYeSkHpS17Wc
zawaya-walk,low,ChIJTbjikgtZXz4RMiGNoUNLPnw
zawaya-walk,low,ChIJR2ozSM5bXz4RulJTF9Db8wo
zawaya-walk,low,ChIJFcUSgcBZXz4RN5ZvDWcYex0
zawaya-walk,low,ChIJa05eCtdbXz4RDd1zazjwkJ0
zawaya-walk,low,ChIJT7HlRwtZXz4R48RUdHYu8Gg
zawaya-walk,low,ChIJ37qvhKpZXz4Rq2v_8cBjicM
zawaya-walk,low,ChIJc5khtppZXz4RofafrhU7b2o
zawaya-walk,low,ChIJ9fLeKQBZXz4RANcolwUEpRo
zawaya-walk,low,ChIJ4flbZQdZXz4R1rPa-ar1hto
zawaya-walk,low,ChIJz_-SIeVZXz4RKPHZoQto1SE
zawaya-walk,low,ChIJz3MWcgBZXz4RidNKVFe3LfM
zawaya-walk,low,ChIJH9ezoptZXz4RfRCnIn9sH_4
zawaya-walk,low,ChIJPe3wOXEWO6wRWtfbUrbbtiU
zawaya-walk,low,ChIJFW-SXABZXz4R4Ml8b4JtD3Y
zawaya-walk,low,ChIJ0cnKjVBYXz4RKA_FL7Mb5RA
zawaya-walk,low,ChIJyZLa-MNZXz4RuY4N3AHUYVs
zawaya-walk,low,ChIJ_47sagBZXz4RsbCxjoIIUIw
zawaya-walk,low,ChIJKwaeJQBfXz4RuRGxRQDn_RU
zawaya-walk,low,ChIJsVnEq25fXz4Rnr-ENLe7oYU
zawaya-walk,low,ChIJKYc-EWBfXz4RkNN7aXLiX_A
zawaya-walk,low,ChIJMTOHD0xbXz4RAqvPF8yQn4U
zawaya-walk,low,ChIJeaTqXzlfXz4R1KgagkXcaxo
zawaya-walk,low,ChIJRxogNgZfXz4RPygt_5RDYpY
zawaya-walk,low,ChIJD6fZRjxbXz4R8PFdhqG5L80
zawaya-walk,low,ChIJba3ay3tfXz4ReallJjjtNy4
zawaya-walk,low,ChIJcZMY08BbXz4RAXhSzvsLDDw
zawaya-walk,low,ChIJyQXY3HxbXz4REx41PJ2W1vE
zawaya-walk,low,ChIJzQgcys53RqAR_1d4ZjhnbR0
zawaya-walk,low,ChIJ69cB64hfXz4RK3vfHvUDtpw
zawaya-walk,low,ChIJvzuwZABbXz4RuWO1kpE_4Ak
zawaya-walk,low,ChIJzQF4bB1bXz4RpI6cRxHI5nI
zawaya-walk,low,ChIJ27NNoSxfXz4RzhvOVsqbLlw
zawaya-walk,low,ChIJY6RZGEdZXz4RtiEBnARWTcE
zawaya-walk,low,ChIJvV3b1rFfXz4RaJp24DnxVbo
zawaya-walk,low,ChIJN6aauTZfXz4RtNoV8PagHvM
zawaya-walk,low,ChIJx4xh6HZfXz4RqYvmGjtdv2o
zawaya-walk,low,ChIJ6wqSJytfXz4RIsuiHeaU9CE
zawaya-walk,low,ChIJDZC5RU5fXz4RSTvVwJfCFCY
zawaya-walk,low,ChIJLbMyubJfXz4R7jEQHDNVNAA
zawaya-walk,low,ChIJPWxxDQBfXz4R5Y2CPgKhr4k
zawaya-walk,low,ChIJEWHiVadfXz4R3tvFPPHpaVU
zawaya-walk,low,ChIJJfoB5ihaXz4RAdIy49SXLhc
zawaya-walk,low,ChIJj_i5049bXz4Rm-V7iESj4V4
zawaya-walk,low,ChIJoV3UJn9fXz4RHnbMlfa6fMQ
zawaya-walk,low,ChIJIa3LyNtfXz4RTV76_-xpZ7g
zawaya-walk,low,ChIJi913rc5bXz4RYJ2keUu5-Hg
zawaya-walk,low,ChIJiShrsCxfXz4RMGrgk1TyvJc
zawaya-walk,low,ChIJIYXza0BfXz4RUW80wJ9zHZA
zawaya-walk,low,ChIJkycPAQBfXz4R9R7m8IJwDKU
zawaya-walk,low,ChIJh5MPNeNfXz4RmPNDH8rWRa0
zawaya-walk,low,ChIJx-6puWpbXz4Rad7ir9VgT1M
zawaya-walk,low,ChIJN2oSBwBfXz4RgRU81SjhsFU
zawaya-walk,low,ChIJl2BnIelfXz4RJgZZlncmjJQ
zawaya-walk,low,ChIJGUjA8sBbXz4RcWn8quVYyCU
zawaya-walk,low,ChIJBSqy7q1ZXz4RzZkmJwu7HaE
zawaya-walk,low,ChIJ2efh7wdbXz4RbEZZkTtThE4
zawaya-walk,low,ChIJqb9O_W5c2gMRvDz6nOkJR2w
zawaya-walk,low,ChIJeajZ57RfXz4R7OJY8K-vEpo
zawaya-walk,low,ChIJQ-Sg4_FbXz4R4pG4uZs6YSc
zawaya-walk,low,ChIJUwiwGnVbXz4ROzHB8Swit1Q
zawaya-walk,low,ChIJc2-xoI5bXz4R5vgEnulKudU
zawaya-walk,low,ChIJS9EuhtpbXz4RztygiCyvDg0
zawaya-walk,low,ChIJp24GDDRbXz4RqJddGzPL0oI
zawaya-walk,low,ChIJNaNQfPVbXz4RlTYhj_9vSJk
zawaya-walk,low,ChIJx6lYvW1bXz4Rsnm0bar5T2E
zawaya-walk,low,ChIJDfzONxar_g8RuaapL3ooHwQ
zawaya-walk,low,ChIJPVtgot5bXz4RYhWAEkEaEYc
zawaya-walk,low,ChIJt1djftBbXz4RGz-b6H-RHN8
zawaya-walk,medium,ChIJR0xwLfJdXz4Rhz-hnaHA3hM
zawaya-walk,medium,ChIJDcrq3ABdXz4RMSRDg1NXe3w
zawaya-walk,medium,ChIJp1bBDyZcXz4R-_1hE0ra_Ow
zawaya-walk,medium,ChIJN_DWUZNdXz4R768kyy6GpEU
zawaya-walk,medium,ChIJB_FBOgBdXz4Rzv1HuzwXmRU
zawaya-walk,medium,ChIJv1x4_URdXz4RjKMFG3dGylc
zawaya-walk,medium,ChIJwa_PajZcXz4RLar0UQTyHbg
zawaya-walk,medium,ChIJvSVdQHFdXz4RondKdvbKvkE
zawaya-walk,medium,ChIJcalR9YLDj0gRx59Jmhk6tIs
zawaya-walk,medium,ChIJ4YSlr31fXz4R3O5UIlKb4X4
zawaya-walk,medium,ChIJiyJWuF1dXz4RgjDsXbMvvtw
zawaya-walk,medium,ChIJz9CTbIIBjkQRosDOC6oKDdU
zawaya-walk,medium,ChIJYVP9wiZcXz4Ryr1f5m2No8Q
zawaya-walk,medium,ChIJXRVawDxcXz4R7xjC64iV7Oc
zawaya-walk,medium,ChIJLY85Mz1cXz4Ry6IMj7ARBzk
zawaya-walk,medium,ChIJn2Buu9JfXz4RgaDjCvjXS1E
zawaya-walk,medium,ChIJEz8KWKD552IR_ZSDLvRqyNU
zawaya-walk,medium,ChIJmbGG9mhfXz4RsF6TvXHGj8w
zawaya-walk,medium,ChIJ1yByaqdfXz4RHhgEkUvYCZQ
zawaya-walk,medium,ChIJjQZufONeXz4R8OsmQMDIssc
zawaya-walk,medium,ChIJm7iVyrMlRqURIp9-0RjFOKc
zawaya-walk,medium,ChIJlwqgEzJfXz4RR6emFcENWZM
zawaya-walk,medium,ChIJQYAIdw5fXz4RsBCXNvyRoCs
zawaya-walk,medium,ChIJL4sJdvtfXz4RMsvZXencQ0U
zawaya-walk,medium,ChIJE5wiehRfXz4RUOEscbo2EeY
zawaya-walk,medium,ChIJBd3hzeJXfyMRta-fcmfoNuI
zawaya-walk,medium,ChIJf2rzvRhfXz4RzvR4GqMP9Hs
zawaya-walk,medium,ChIJIbqEfFlfXz4RXyDQmljIUKo
zawaya-walk,medium,ChIJCfMbbW9fXz4RveIw7fKrTCc
zawaya-walk,medium,ChIJg6NTysVfXz4RHQLIQndvGv8
zawaya-walk,medium,ChIJ0Tgw0U5fXz4RhEkAt36l9Qw
zawaya-walk,medium,ChIJDVozUgBfXz4R1X5XT6W1Lwg
zawaya-walk,medium,ChIJ-0Ja9_VfXz4RA7bw0daJgLc
zawaya-walk,medium,ChIJ1eNhgd9fXz4RuvRh2auxfkM
zawaya-walk,medium,ChIJj7Jm3t6b9T4RO1TlKMMHK8M
zawaya-walk,medium,ChIJbVJoeP1fXz4RmxIr7Pr7lBY
zawaya-walk,medium,ChIJ39ts4aJfXz4RLvBpILB1RJY
zawaya-walk,medium,ChIJuzCH_qlfXz4RZh8WQHgLwd8
zawaya-walk,medium,ChIJX8dksxlfXz4R1e1sT07AKUI
zawaya-walk,medium,ChIJL-m58dNfXz4RAMZ-FxG2Fzo
zawaya-walk,medium,ChIJ9S5b2oNfXz4R_9ibqLSAeuA
zawaya-walk,medium,ChIJ-zN-A-lZXz4RvtTGiuchu-A
zawaya-walk,medium,ChIJTWl3Wnr19T4RfTl83jrc028
zawaya-walk,medium,ChIJ8W5lPs_19T4RfkbaAdufyM8
zawaya-walk,medium,ChIJbxwhBQD19T4Ree2T_eVOIPA
zawaya-walk,medium,ChIJuXi5rexbXz4Rrge5NnADxho
zawaya-walk,medium,ChIJZ6RAxWdbXz4Rce9GlE7dkpQ
zawaya-walk,medium,ChIJvRWeHqpbXz4RiMrOejcWbCE
zawaya-walk,medium,ChIJn30VYoxbXz4R_gsaNv_-ekA
zawaya-walk,medium,ChIJPTY1fY1bXz4RruCL5HJixwk
zawaya-walk,medium,ChIJ08PJWvtdXz4RldfPk4H69kw
zawaya-walk,medium,ChIJdT8teVxbXz4RJ2fuKA5UsqM
zawaya-walk,medium,ChIJycEuVYpbXz4RfOHtje7DNCc
zawaya-walk,medium,ChIJ47iEwIxbXz4Rl8Wlyq2E9nQ
zawaya-walk,medium,ChIJk74f1blbXz4RwJjKkNklL5E
zawaya-walk,medium,ChIJnyC2IkRbXz4Rp1rFmPTmj0o
zawaya-walk,medium,ChIJrwRvedFbXz4Rc5FLvTEtUuo
zawaya-walk,medium,ChIJn0H48zpfXz4RjSyn5XhZVSk
zawaya-walk,medium,ChIJJ1SRzkxZXz4RNl8UYadaCgo
zawaya-walk,medium,ChIJX_unnZtfXz4RdR6kFg5F_o0
zawaya-walk,medium,ChIJuzBCbMpeXz4RxZW0WD98Ct0
zawaya-walk,medium,ChIJD9p-vLBfXz4RYW3xh4FKnG0
zawaya-walk,medium,ChIJ93PtZgBZXz4RI7w-Xtw5MfU
zawaya-walk,medium,ChIJu7JZ0yVfXz4RbFSPi2GjBbU
zawaya-walk,medium,ChIJI3ew5ExZXz4RoLVH8STHE5g
zawaya-walk,medium,ChIJlx4c34NfXz4RNWeXsP1TyJk
zawaya-walk,medium,ChIJQR_bfiJfXz4R8_7vwfdZEq4
zawaya-walk,medium,ChIJ1fk5k8JfXz4RhXaNK864CY4
zawaya-walk,medium,ChIJhS4YWLBfXz4RVr0X3Q-igSA
zawaya-walk,medium,ChIJN9iT5I9fXz4Ra9wX-HJfdKQ
zawaya-walk,medium,ChIJaTUdmCBfXz4R3UO495zgSlk
zawaya-walk,medium,ChIJA-EyzRdfXz4RE3t3rQSKlSc
zawaya-walk,medium,ChIJq6qqqv1YXz4RaNpdZFGR3P0
zawaya-walk,medium,ChIJ0-U5SDVfXz4RjzjD_EyJoHs
zawaya-walk,medium,ChIJR2fkRYJfXz4REzmPziZ6qpg
zawaya-walk,medium,ChIJW8oMfABfXz4RIcRUJoLLXbg
zawaya-walk,medium,ChIJd1MjLz1fXz4RjRjnzrOqlkg
zawaya-walk,medium,ChIJS9adGiBfXz4ROf65E4Hk_-U
zawaya-walk,medium,ChIJS77minNfXz4R2YZQP0h5-UU
zawaya-walk,medium,ChIJXwWRdABfXz4RnN7GMvtyDOA
zawaya-walk,medium,ChIJp2gR5idfXz4RPjz-9-DprGg
zawaya-walk,medium,ChIJofTmTdpfXz4RdMzeH2B-GwU
zawaya-walk,medium,ChIJ7SSzQkJfXz4RFrgppMVBRuI
zawaya-walk,medium,ChIJFfN9e0RfXz4RHL2GZN8Ean4
zawaya-walk,medium,ChIJVZE-ciZfXz4Rp3c1vTep_ys
zawaya-walk,medium,ChIJiVO5P-BfXz4RikSUGaTr2XU
zawaya-walk,medium,ChIJYcoAMNNfXz4RhygkXYRIdZk
zawaya-walk,medium,ChIJcU1Ba6JfXz4Rth2bex0_nlU
zawaya-walk,medium,ChIJr9DXCOBfXz4Rwj9WKHJI-MI
zawaya-walk,medium,ChIJe72N3cNfXz4RSiXGHtRMUkA
zawaya-walk,medium,ChIJBzCGSQBfXz4R2kEJKf63JkE
zawaya-walk,medium,ChIJy9j-38VfXz4R-tbo6hKJ2IY
zawaya-walk,medium,ChIJfUxSTsRfXz4RCsKQ7BV-KbM
zawaya-walk,medium,ChIJU50SyDtfXz4RB-Gqo67mIxk
zawaya-walk,medium,ChIJg135IVJfXz4RrnzZCk-satQ
zawaya-walk,medium,ChIJQ_iYnghfXz4RCInkdSg3_Sw
zawaya-walk,medium,ChIJJUbFlrz19T4Rmn8pIcJzj30
zawaya-walk,medium,ChIJRbcrOb5bXz4ROQ5MUVqO5s8
zawaya-walk,medium,ChIJAaQ1IMRbXz4RK_3rfAj3Ac0
zawaya-walk,medium,ChIJi5pos8VbXz4RES8hmlV1PZM
zawaya-walk,medium,ChIJ9XHpCpVbXz4RkKx9b0BfIPM
zawaya-walk,medium,ChIJz41LB5ZbXz4RyKTgvu44dd4
zawaya-walk,medium,ChIJR7cOhsRbXz4RaeMjaS6xFCI
zawaya-walk,medium,ChIJ7wM9QWpbXz4RkVp9PvUt3KQ
zawaya-walk,medium,ChIJzZuQ1a1bXz4RPIzhlJS5DaI
zawaya-walk,medium,ChIJ-fa1VZRbXz4RhPDZYZhwtBU
zawaya-walk,medium,ChIJLfkMwjFbXz4R8WhtmxeEus0
zawaya-walk,medium,ChIJaZVR4APfLYoRDs8nQwNkq7A
zawaya-walk,medium,ChIJXXgtvxxbXz4Rlqv7kZXur5o
zawaya-walk,medium,ChIJYTEDHthbXz4RnoCtk0BM6cw
zawaya-walk,medium,ChIJiarrbNJbXz4ROcMKETPWAx4
zawaya-walk,medium,ChIJiyMMy9BbXz4ReIW8bqdQNoc
zawaya-walk,medium,ChIJP_C8v9pbXz4RnnmAdu9SxYo
zawaya-walk,medium,ChIJ0UiETNhbXz4RDViHG_j-l-M
zawaya-walk,medium,ChIJYT6ACepbXz4RbA8joNTo0qs
zawaya-walk,medium,ChIJ8c8GkDRbXz4R8J0sEh84QHI
zawaya-walk,medium,ChIJRZm6tGdZXz4RMtNnX-1S6SE
zawaya-walk,medium,ChIJIyAbliNbXz4ReAGBa_WDMPI
zawaya-walk,medium,ChIJl_G_HOFZXz4R2PnapI98n0o
zawaya-walk,medium,ChIJxZWfPCFZXz4RrR7kgogRbRs
zawaya-walk,medium,ChIJBV8FjRZZXz4RmqXXsT4z61o
zawaya-walk,medium,ChIJI6kdiclZXz4RxZY6UTyFWoU
zawaya-walk,medium,ChIJL5YDXKVZXz4RnfZj13al2Ng
zawaya-walk,medium,ChIJax8yHhdZXz4RbpgE5mygB3g
zawaya-walk,medium,ChIJifgXa5xZXz4RIfhneYBaeZg
zawaya-walk,medium,ChIJO8VOgxVZXz4RATnT-vho3m0
zawaya-walk,medium,ChIJ7SIfIBVZXz4R0e0eh9Mq9LI
zawaya-walk,medium,ChIJUSIIsRBZXz4R70gQkI41nIw
zawaya-walk,medium,ChIJnf_kDzBZXz4Ry6AQbetEHfA
zawaya-walk,medium,ChIJX8Cw0BBZXz4Rb2uZZEkEAPw
zawaya-walk,medium,ChIJB2RZRz9ZXz4RDJDxu0WJR5g
zawaya-walk,medium,ChIJcfgzQz5ZXz4R76xWmFnB528
zawaya-walk,medium,ChIJn2BI9j1ZXz4Rj41HaqibPz0
zawaya-walk,medium,ChIJlxL3RqtZXz4R55LgCV2JNQc
zawaya-walk,medium,ChIJc3_ZrDhZXz4RfcuPCWZBYOI
zawaya-walk,medium,ChIJu81xwBpfXz4RRRg116nWxg0
zawaya-walk,medium,ChIJYy1ZBHxfXz4RpGS9b2k2eXo
zawaya-walk,medium,ChIJWZ5gTL5fXz4RqO4LzvFchyg
zawaya-walk,medium,ChIJb8vnGMFYXz4RNDvewkI1L4w
zawaya-walk,medium,ChIJ7YAC5uZfXz4RAOK_CywTiUw
zawaya-walk,medium,ChIJFZkKF4JfXz4RhqrSSsI3xps
zawaya-walk,medium,ChIJMeE-dnJfXz4RQivhpNxdXFA
zawaya-walk,medium,ChIJm1Jy7EJbXz4ReZ-r8qu-8CE
zawaya-walk,medium,ChIJpaLl1klaXz4RJ7NpssMgXGI
zawaya-walk,medium,ChIJP44SUjdaXz4R3hGkTSCFd3g
zawaya-walk,medium,ChIJDUGzwT9bXz4RmNUWNM5W5sQ
zawaya-walk,medium,ChIJ48Dh9ZlbXz4R2IDVA9xe6i0
zawaya-walk,medium,ChIJYzCocDRaXz4RBKZ-V2N0F1s
zawaya-walk,medium,ChIJ-SbnyvRbXz4RfQjq13pbrGw
zawaya-walk,medium,ChIJMwmv3TBaXz4Ro_5dgsBLnMg
zawaya-walk,medium,ChIJn6Dkq_RbXz4RNdYbbtOpCtg
zawaya-walk,medium,ChIJV_POqilbXz4RYRMNVUjbg0k
zawaya-walk,medium,ChIJk4IBfABbXz4RIqM58AAppEY
zawaya-walk,medium,ChIJVY46pyVaXz4RzVkT4CG1nZI
zawaya-walk,medium,ChIJV-X779NbXz4RXLgsfd2Qdtk
zawaya-walk,medium,ChIJS2tOxdNbXz4RdU_0twitk8U
zawaya-walk,medium,ChIJC-LiLblbXz4RwUJ71FrEeuk
zawaya-walk,medium,ChIJV6VTbM9bXz4RWiNkOtSA3e4
zawaya-walk,medium,ChIJv2v-ZM1bXz4RoJXkKBGxPLY
zawaya-walk,medium,ChIJxwcPV5VZXz4R2bv268leaCc
zawaya-walk,medium,ChIJ986svptZXz4Rh8-DejpYy2U
zawaya-walk,medium,ChIJaYl9CpVZXz4Rerjtulc7fLw
zawaya-walk,medium,ChIJoW2158pZXz4R681YZDFGm_0
zawaya-walk,medium,ChIJuasNK4lZXz4RIrgLLmvKOPA
zawaya-walk,medium,ChIJ-f6tkZpZXz4RyxQJE89NlAI
zawaya-walk,medium,ChIJqyowzS1ZXz4RYeSkHpS17Wc
zawaya-walk,medium,ChIJTbjikgtZXz4RMiGNoUNLPnw
zawaya-walk,medium,ChIJR2ozSM5bXz4RulJTF9Db8wo
zawaya-walk,medium,ChIJzeiDwopZXz4RsBN-yI7LOjs
zawaya-walk,medium,ChIJFcUSgcBZXz4RN5ZvDWcYex0
zawaya-walk,medium,ChIJw72UwopZXz4RMQ7WbiegsPY
zawaya-walk,medium,ChIJa05eCtdbXz4RDd1zazjwkJ0
zawaya-walk,medium,ChIJZdM2KYhZXz4RXkWhN4nwSH4
zawaya-walk,medium,ChIJOTjnnYlZXz4RXtTkz9y19OU
zawaya-walk,medium,ChIJT7HlRwtZXz4R48RUdHYu8Gg
zawaya-walk,medium,ChIJ37qvhKpZXz4Rq2v_8cBjicM
zawaya-walk,medium,ChIJc5khtppZXz4RofafrhU7b2o
zawaya-walk,medium,ChIJ9fLeKQBZXz4RANcolwUEpRo
zawaya-walk,medium,ChIJ4flbZQdZXz4R1rPa-ar1hto
zawaya-walk,medium,ChIJz_-SIeVZXz4RKPHZoQto1SE
zawaya-walk,medium,ChIJ5z7QNuRYXz4RfwEqF0YOBNY
zawaya-walk,medium,ChIJz3MWcgBZXz4RidNKVFe3LfM
zawaya-walk,medium,ChIJq7Dq9v5ZXz4RQ4IhL0h77o0
zawaya-walk,medium,ChIJH9ezoptZXz4RfRCnIn9sH_4
zawaya-walk,medium,ChIJPe3wOXEWO6wRWtfbUrbbtiU
zawaya-walk,medium,ChIJFW-SXABZXz4R4Ml8b4JtD3Y
zawaya-walk,medium,ChIJ0cnKjVBYXz4RKA_FL7Mb5RA
zawaya-walk,medium,ChIJyZLa-MNZXz4RuY4N3AHUYVs
zawaya-walk,medium,ChIJTxqY0ShZXz4Rt2N2fcRxMbE
zawaya-walk,medium,ChIJ_47sagBZXz4RsbCxjoIIUIw
zawaya-walk,medium,ChIJ6QF8vV5ZXz4RZu_pIFWZ5ts
zawaya-walk,medium,ChIJhe5sgyZZXz4Rk9Rm4lC265o
zawaya-walk,medium,ChIJecETiaH39T4Rq7O0o-tgGtM
zawaya-walk,medium,ChIJRSDw2PX39T4RseVuWvDd5vQ
zawaya-walk,medium,ChIJXZWEseP39T4RnHrpKtcirAo
zawaya-walk,medium,ChIJMSec71dZXz4RV4CORjjmTxY
zawaya-walk,medium,ChIJNxucuvv39T4RY5NdfQIytkE
zawaya-walk,medium,ChIJxX4-UQBbXz4Rp3Ky8M4DsI4
zawaya-walk,medium,ChIJpQMjbQBZXz4RzscUup6hkN8
zawaya-walk,medium,ChIJrwkkTBv39T4RdDA9sAXQGzs
zawaya-walk,medium,ChIJVT_tAD5DdwgRbn4DNMU6-18
zawaya-walk,medium,ChIJ5c5EP2lZXz4R07DF9QCU9pc
zawaya-walk,medium,ChIJtdX9NH5ZXz4RYJrrD5aVdyk
zawaya-walk,medium,ChIJo3g7Ct5ZXz4RGQ0rROQAQc0
zawaya-walk,medium,ChIJDZ-wGwD39T4R1OOO3DMuXEs
zawaya-walk,medium,ChIJdyOsJA339T4Rt18fInECe9E
zawaya-walk,medium,ChIJ-8vV4r_39T4RSyDcBH0b2DU
zawaya-walk,medium,ChIJ_7J1y39bXz4RKGtK3CqxZjs
zawaya-walk,medium,ChIJEXoPxHlbXz4R1B_h_-YgHSs
zawaya-walk,medium,ChIJU_FE7oxZXz4RAFCCz9C5dmM
zawaya-walk,medium,ChIJ90NFrO9ZXz4Ro0ad3uwU7CM
zawaya-walk,medium,ChIJcx7T2uhZXz4RGfBUwq64G7c
zawaya-walk,medium,ChIJQZrjjTRbXz4Rm3L3nXV8IIo
zawaya-walk,medium,ChIJ7TZzRBlaXz4RcgV9TeolJZE
zawaya-walk,medium,ChIJAfrlr5RZXz4RMAo3ivugxKA
zawaya-walk,medium,ChIJa5ovS-5bXz4RTwihM_mvNts
zawaya-walk,medium,ChIJFcKxeSBaXz4R8WST9RkRqfM
zawaya-walk,medium,ChIJv6xVZQBZXz4RIrGysNq_T4s
zawaya-walk,medium,ChIJyQxxvi5bXz4RAjUySCPJHgc
zawaya-walk,medium,ChIJnyOydrFbXz4R4JYajH31_E8
zawaya-walk,medium,ChIJ9d5Zv2FZXz4RekweShNhSmg
zawaya-walk,medium,ChIJLVd7CQBZXz4Rj9ZsIGlpVPM
zawaya-walk,medium,ChIJSSutuPtZXz4R-q3irtOKbPA
zawaya-walk,medium,ChIJ8VfD6ZBZXz4RNVGSTqpfcOs
zawaya-walk,medium,ChIJYeE_PiJZXz4RCcoYmz6qM2Y
zawaya-walk,medium,ChIJX8NLochZXz4RXUX6OY43kvg
zawaya-walk,medium,ChIJtb-vyZ5ZXz4RzPsraGvzSWA
zawaya-walk,medium,ChIJ7TxI2rlZXz4RM1Hpx4Ft7PU
zawaya-walk,medium,ChIJvVQNgkdZXz4RiBLilDU3GFQ
zawaya-walk,medium,ChIJfXDq6tJZXz4RroiQCyrUtYU
zawaya-walk,medium,ChIJR0AlBQD39T4Rhkdrrc8ZkOw
zawaya-walk,medium,ChIJL5UnvElYXz4RfTOyREySQFY
zawaya-walk,medium,ChIJEStQPTdYXz4RCxyE-4Vssvo
zawaya-walk,medium,ChIJ1xgX5lpZXz4Ru0C_B5RsoLM
zawaya-walk,medium,ChIJ7XCRQQpZXz4Rs8WBvUGdS0c
zawaya-walk,medium,ChIJKy56GZ5ZXz4RFWV5nEbeJrw
zawaya-walk,medium,ChIJnzecHPZZXz4RpOlbna9cNEE
zawaya-walk,medium,ChIJT-SLNgBZXz4R69tuLE6Vwjw
zawaya-walk,medium,ChIJiVzmMwBZXz4R_b78-VDu4QA
zawaya-walk,medium,ChIJzwEk5KtZXz4RJni9xzjlfDQ
zawaya-walk,medium,ChIJs-_OiLBZXz4RX-HvbwLDPcA
zawaya-walk,medium,ChIJcWEsIQBZXz4RNJAxpndkJZM
zawaya-walk,medium,ChIJiRfmYABZXz4Rh_ar-xSmE2Q
zawaya-walk,medium,ChIJE4chTClZXz4R7vURiYtbRHI
zawaya-walk,medium,ChIJQQmx7Y1ZXz4RAv79CtVvwsw
zawaya-walk,medium,ChIJcwLLYwD39T4RoKWnNtXG0lg
zawaya-walk,medium,ChIJqf_R9cP39T4RsR0sWdnNUnc
zawaya-walk,medium,ChIJT1y__EJZXz4RVzIdpFE9o-E
zawaya-walk,medium,ChIJFzyI1Sv39T4RO0leKO8-hKE
zawaya-walk,medium,ChIJAWggAsX39T4Ru6TQSSwpb7s
zawaya-walk,medium,ChIJRTYMoov39T4RYfX-BjBZ0ac
zawaya-walk,medium,ChIJz7ujP4v39T4Rhn6dsxA6MTE
zawaya-walk,medium,ChIJkQSW5IxZXz4RFLHiTT3q9O4
zawaya-walk,medium,ChIJdVZ55alZXz4RfuUPGLwiJu4
zawaya-walk,medium,ChIJjQeGbHFZXz4RS-TkjEZdVnQ
zawaya-walk,medium,ChIJt0BsyWhZXz4R_P_sbFzWuRU
zawaya-walk,medium,ChIJPxximpBzhC0R3or17RmeePk
zawaya-walk,medium,ChIJAet_lFRXXz4RReAJbaM8_Jc
zawaya-walk,medium,ChIJeRN84GH39T4RtMUvpJ4_iwk
zawaya-walk,medium,ChIJzcgAmabQh24REhVY-iYCuI0
zawaya-walk,medium,ChIJSYh6HVX59T4RDE0VlE1HdnM
zawaya-walk,medium,ChIJwSEyLuH39T4R7qfTAiwRqxo
zawaya-walk,medium,ChIJL-iPGABZXz4R6OqqfW4gthE
zawaya-walk,medium,ChIJp3LDugxXXz4RXggNdqmleQ8
zawaya-walk,medium,ChIJLT8BhnZZXz4R12Ig81DTM54
zawaya-walk,medium,ChIJa32N9BRYXz4RiVJ4tpp8Sa0
zawaya-walk,medium,ChIJV3GaHwBZXz4R8UypONMy3oY
zawaya-walk,medium,ChIJRVh9rwFZXz4RtZYO2SOYym4
zawaya-walk,medium,ChIJ7Ru9OKhZXz4R_2ZlVuOUK5Q
zawaya-walk,medium,ChIJvZsbsPBZXz4RF0zr2wUmZwk
zawaya-walk,medium,ChIJka39-Y5ZXz4ReNFxwZDGgEQ
zawaya-walk,medium,ChIJ7Vocftr39T4REpOVurs1msw
zawaya-walk,medium,ChIJDSstAwP49T4R1zt48M5uB8Q
zawaya-walk,medium,ChIJPWrE45j59T4ReGfuKnpkUSA
zawaya-walk,medium,ChIJIbCvHe359T4RPdyYvfzllkY
zawaya-walk,medium,ChIJR7WbKJj59T4R-xHXvMAiK5A
zawaya-walk,medium,ChIJyZQ0uB9aXz4RCbgazxmaGhA
zawaya-walk,medium,ChIJiab8M9FZXz4RAAUVKAV6tco
zawaya-walk,medium,ChIJsyfDRfZZXz4RzF-Rl1MUZak
zawaya-walk,medium,ChIJ0XUmhwRZXz4RLzKcC3Z7GU8
zawaya-walk,medium,ChIJV840rIpZXz4RYmY2b2Tpizc
zawaya-walk,medium,ChIJfyy_blJZXz4R87jOMEGZK-g
zawaya-walk,medium,ChIJ4xMtFABZXz4RI4BRMJ9nLrc
zawaya-walk,medium,ChIJAZMxfwBZXz4RSeXo0-oOcrc
zawaya-walk,medium,ChIJtQqCK-9ZXz4RrqTLd5UQZPc
zawaya-walk,medium,ChIJRaVlr4xZXz4RmJCr8C0qvPk
zawaya-walk,medium,ChIJYT6ViH5ZXz4RTCRNLPmvRE0
zawaya-walk,medium,ChIJG6JkD_v39T4RobXG-uWbWuo
zawaya-walk,medium,ChIJOZHwA0H39T4RMdvCeT6ZL5U
zawaya-walk,medium,ChIJl1-ttAZYXz4Rg7kRPWsMWL8
zawaya-walk,medium,ChIJLyJC4tL39T4RzYHw1ANH73Q
zawaya-walk,medium,ChIJzWX1N6RZXz4RHJe2KBvcJk0
zawaya-walk,medium,ChIJvxCIDBBZXz4RyqsVgf24dhk
zawaya-walk,medium,ChIJZ4Lg1UL39T4RQttn5IhsSME
zawaya-walk,medium,ChIJu-7PendZXz4R3oX7WmpQv4Q
zawaya-walk,medium,ChIJbY8bpeFfXz4RfpbWgug8jv0
zawaya-walk,medium,ChIJKwaeJQBfXz4RuRGxRQDn_RU
zawaya-walk,medium,ChIJsVnEq25fXz4Rnr-ENLe7oYU
zawaya-walk,medium,ChIJKYc-EWBfXz4RkNN7aXLiX_A
zawaya-walk,medium,ChIJMTOHD0xbXz4RAqvPF8yQn4U
zawaya-walk,medium,ChIJk2Ha7wwsCaYR5GsD3akLXjA
zawaya-walk,medium,ChIJeaTqXzlfXz4R1KgagkXcaxo
zawaya-walk,medium,ChIJRxogNgZfXz4RPygt_5RDYpY
zawaya-walk,medium,ChIJD6fZRjxbXz4R8PFdhqG5L80
zawaya-walk,medium,ChIJOVXQ5vVfXz4RDjGG7cOA23M
zawaya-walk,medium,ChIJba3ay3tfXz4ReallJjjtNy4
zawaya-walk,medium,ChIJcZMY08BbXz4RAXhSzvsLDDw
zawaya-walk,medium,ChIJyQXY3HxbXz4REx41PJ2W1vE
zawaya-walk,medium,ChIJzQgcys53RqAR_1d4ZjhnbR0
zawaya-walk,medium,ChIJ69cB64hfXz4RK3vfHvUDtpw
zawaya-walk,medium,ChIJvzuwZABbXz4RuWO1kpE_4Ak
zawaya-walk,medium,ChIJzQF4bB1bXz4RpI6cRxHI5nI
zawaya-walk,medium,ChIJg_MknXgfJyoRy6tIRBNiArU
zawaya-walk,medium,ChIJ27NNoSxfXz4RzhvOVsqbLlw
zawaya-walk,medium,ChIJY6RZGEdZXz4RtiEBnARWTcE
zawaya-walk,medium,ChIJvV3b1rFfXz4RaJp24DnxVbo
zawaya-walk,medium,ChIJxZOmoLJZXz4R5KcEH4_1d3g
zawaya-walk,medium,ChIJN6aauTZfXz4RtNoV8PagHvM
zawaya-walk,medium,ChIJx4xh6HZfXz4RqYvmGjtdv2o
zawaya-walk,medium,ChIJ6wqSJytfXz4RIsuiHeaU9CE
zawaya-walk,medium,ChIJDZC5RU5fXz4RSTvVwJfCFCY
zawaya-walk,medium,ChIJzYRGHGxfXz4RvTgt5jyI_0I
zawaya-walk,medium,ChIJLbMyubJfXz4R7jEQHDNVNAA
zawaya-walk,medium,ChIJ9d_jLvpfXz4Re8S-DpdAuS4
zawaya-walk,medium,ChIJPWxxDQBfXz4R5Y2CPgKhr4k
zawaya-walk,medium,ChIJEWHiVadfXz4R3tvFPPHpaVU
zawaya-walk,medium,ChIJJfoB5ihaXz4RAdIy49SXLhc
zawaya-walk,medium,ChIJj_i5049bXz4Rm-V7iESj4V4
zawaya-walk,medium,ChIJoV3UJn9fXz4RHnbMlfa6fMQ
zawaya-walk,medium,ChIJhWNgXfdfXz4R3hm16pMSu6Y
zawaya-walk,medium,ChIJoSgNIH9ZXz4REHdAnbBsVjk
zawaya-walk,medium,ChIJIa3LyNtfXz4RTV76_-xpZ7g
zawaya-walk,medium,ChIJz85EZydaXz4RJQJhoMNq4ug
zawaya-walk,medium,ChIJi913rc5bXz4RYJ2keUu5-Hg
zawaya-walk,medium,ChIJn_LnZbxfXz4Rv6Gq40f4q9M
zawaya-walk,medium,ChIJiShrsCxfXz4RMGrgk1TyvJc
zawaya-walk,medium,ChIJIYXza0BfXz4RUW80wJ9zHZA
zawaya-walk,medium,ChIJPbM6zFZdXz4RDJBCVFKMByI
zawaya-walk,medium,ChIJkycPAQBfXz4R9R7m8IJwDKU
zawaya-walk,medium,ChIJh5MPNeNfXz4RmPNDH8rWRa0
zawaya-walk,medium,ChIJx-6puWpbXz4Rad7ir9VgT1M
zawaya-walk,medium,ChIJN2oSBwBfXz4RgRU81SjhsFU
zawaya-walk,medium,ChIJJ4OGQABfXz4RBoipTrHlTUU
zawaya-walk,medium,ChIJjaVz42JbXz4RNvhd3hueGfI
zawaya-walk,medium,ChIJl2BnIelfXz4RJgZZlncmjJQ
zawaya-walk,medium,ChIJGUjA8sBbXz4RcWn8quVYyCU
zawaya-walk,medium,ChIJBSqy7q1ZXz4RzZkmJwu7HaE
zawaya-walk,medium,ChIJ2efh7wdbXz4RbEZZkTtThE4
zawaya-walk,medium,ChIJyfV0haxbXz4RnCV6ZLuXNio
zawaya-walk,medium,ChIJqb9O_W5c2gMRvDz6nOkJR2w
zawaya-walk,medium,ChIJ0yPsdiNfXz4R1rGMNPMSeec
zawaya-walk,medium,ChIJeajZ57RfXz4R7OJY8K-vEpo
zawaya-walk,medium,ChIJC7k9f5ldXz4RPk2vWFoF9fY
zawaya-walk,medium,ChIJr00kxEpdXz4Rgq-DRBauz2s
zawaya-walk,medium,ChIJnf6qmkNbXz4R4pN69J94viw
zawaya-walk,medium,ChIJQ-Sg4_FbXz4R4pG4uZs6YSc
zawaya-walk,medium,ChIJ7RXPmtJeLYQRmizt9cos7O8
zawaya-walk,medium,ChIJq8kSmNNbXz4RL_LJTsHVDtg
zawaya-walk,medium,ChIJF-RyVmFbXz4RHnGD6nKK3Jg
zawaya-walk,medium,ChIJEQpiSHJdXz4R-g6pex1DozA
zawaya-walk,medium,ChIJH_Mr0G5bXz4R-tIcjT72Sh0
zawaya-walk,medium,ChIJNyzOPgBdXz4R4lh3gegv41E
zawaya-walk,medium,ChIJc3J4_cNbXz4RYoGh1sA6AwQ
zawaya-walk,medium,ChIJYw23IFVdXz4R1YG0xaNXTQs
zawaya-walk,medium,ChIJF26oxi5bXz4Rk2Dh4DaAOTg
zawaya-walk,medium,ChIJOX2PeINbXz4RfLHFcmI1w1A
zawaya-walk,medium,ChIJl2FrU-FbXz4RfXnTc-r-4K4
zawaya-walk,medium,ChIJSa9_qo1bXz4RTGi5MlQjSB4
zawaya-walk,medium,ChIJVRNV1hFbXz4RT9kIMCioIDo
zawaya-walk,medium,ChIJ1YzEeO5bXz4Rkyz5LdzfJnQ
zawaya-walk,medium,ChIJuYYL8I9bXz4Rdb12ESVXano
zawaya-walk,medium,ChIJE6hXn5RbXz4RSToY_lMOmh4
zawaya-walk,medium,ChIJUwiwGnVbXz4ROzHB8Swit1Q
zawaya-walk,medium,ChIJc2-xoI5bXz4R5vgEnulKudU
zawaya-walk,medium,ChIJlbqjAQBbXz4RRhXI9jsm3SM
zawaya-walk,medium,ChIJdXPujc1dXz4Rj1x0SjK1IIg
zawaya-walk,medium,ChIJJwUGVW1dXz4RlYf-uX5fLgk
zawaya-walk,medium,ChIJQcOkZ25dXz4R30pInhh9IXA
zawaya-walk,medium,ChIJS9EuhtpbXz4RztygiCyvDg0
zawaya-walk,medium,ChIJp24GDDRbXz4RqJddGzPL0oI
zawaya-walk,medium,ChIJNaNQfPVbXz4RlTYhj_9vSJk
zawaya-walk,medium,ChIJx6lYvW1bXz4Rsnm0bar5T2E
zawaya-walk,medium,ChIJDfzONxar_g8RuaapL3ooHwQ
zawaya-walk,medium,ChIJPVtgot5bXz4RYhWAEkEaEYc
zawaya-walk,medium,ChIJWxW2p2dfXz4RqBbXWd-aO2U
zawaya-walk,medium,ChIJt1djftBbXz4RGz-b6H-RHN8
zawaya-walk,medium,ChIJCdmCsDpaXz4RHJFx8WCWvc8
zawaya-walk,medium,ChIJubGQyZZbXz4RzX5FFKAmhHw
zawaya-walk,medium,ChIJVWixxsVbXz4RPtbf6zHzEAQ
zawaya-walk,high,ChIJqxrlxd5dXz4Rczmmr0avRmw
zawaya-walk,high,ChIJg3KJ-dtdXz4RWh5XMgAtnno
zawaya-walk,high,ChIJNVkYsUuL9T4Rt4eUMifUdbw
zawaya-walk,high,ChIJK6PlfQCL9T4RD6tc7OVbuCA
zawaya-walk,high,ChIJPQy4geKL9T4R5ZuKxJ8pEWw
zawaya-walk,high,ChIJZ7ClfM6L9T4RbjLhikU4LyE
zawaya-walk,high,ChIJ_0gXAISL9T4Rlqo99_m605U
zawaya-walk,high,ChIJu6ovpteL9T4Rh_O-ynZzQn8
zawaya-walk,high,ChIJ4Vx1LACL9T4RvdzH1Und2J4
zawaya-walk,high,ChIJC_J85XGL9T4R7Mr4qeWFYtY
zawaya-walk,high,ChIJJZDmKq2L9T4RgS7V3sqJfSo
zawaya-walk,high,ChIJx2lIUfRZXz4RwlTKXL1P5f8
zawaya-walk,high,ChIJ5XClUuSL9T4RjX1DuD4vpvU
zawaya-walk,high,ChIJ10YA6zRdXz4RYFVmTR_FCkc
zawaya-walk,high,ChIJyaBr37ZdXz4RogkYWeRtKvA
zawaya-walk,high,ChIJ8ctH3RNdXz4Rxs6StJZWoGo
zawaya-walk,high,ChIJhVVL3PJcXz4REhRyMbtoOoQ
zawaya-walk,high,ChIJBxuV5E1DXz4R_xJU139vabY
zawaya-walk,high,ChIJT5rpzwdrXz4RWNnWqoExxoU
zawaya-walk,high,ChIJJw0fUqpdXz4Rp5zGUOHHvO4
zawaya-walk,high,ChIJjW3qyTdcXz4ReawLpDKzfZQ
zawaya-walk,high,ChIJHczgbTdcXz4RtMBSE8265p4
zawaya-walk,high,ChIJixkr1gpdXz4RsyFhhsO1plQ
zawaya-walk,high,ChIJg8NAHpRdXz4R674YLWLRFA4
zawaya-walk,high,ChIJ7QZKOa1dXz4R0SulC-Xxoig
zawaya-walk,high,ChIJTwgtSTVcXz4RIjgKUHZYlKg
zawaya-walk,high,ChIJZc5bnktcXz4RchtiK-npzcM
zawaya-walk,high,ChIJm7X5E6XXoaERWIIXJ-zV3SM
zawaya-walk,high,ChIJV27GvdJdXz4RIkSfEiyRxJs
zawaya-walk,high,ChIJlUgUk0pcXz4R8WgkFFJ94do
zawaya-walk,high,ChIJi6JYazFdXz4R82JZL0Bui88
zawaya-walk,high,ChIJbZdnMgBdXz4RzWgw9k2uD4w
zawaya-walk,high,ChIJkZ8VmBJdXz4RzBql3DA8hH8
zawaya-walk,high,ChIJ2eQpKC1fXz4RH_ILhIzZbN0
zawaya-walk,high,ChIJAc1VP_VfXz4RaWB02ulApwU
zawaya-walk,high,ChIJw8M7dwBfXz4RaVa_fnwYnEM
zawaya-walk,high,ChIJx9eINHZfXz4RhzBrl896A-w
zawaya-walk,high,ChIJNS1I9LFfXz4RFklMqibvKbQ
zawaya-walk,high,ChIJW0AKHgBfXz4RtLYw1saIKCI
zawaya-walk,high,ChIJvWyw6kX19T4RKpNsMC75Aa4
zawaya-walk,high,ChIJ7TmETYT19T4R69vnLMm-jvE
zawaya-walk,high,ChIJ-ZHKLlH19T4RdNWQNGWwVcE
zawaya-walk,high,ChIJ1VCGKgD19T4Rm4fIVIhnb5w
zawaya-walk,high,ChIJS8YrdINZXz4RlzXpeskDvSE
zawaya-walk,high,ChIJ_TBdgMqL9T4RQ0edjcydPHQ
zawaya-walk,high,ChIJhbd-LwCL9T4RBNN3we1GrZA
zawaya-walk,high,ChIJc3vsE4ZfXz4RciJDXV37q94
zawaya-walk,high,ChIJ9XdCEIhP9D4R8V7UtQ_ekF0
zawaya-walk,high,ChIJN2WxUO319T4RV8dksDE1AAQ
zawaya-walk,high,ChIJ_TuYT4r19T4RVtVlxeODhb8
zawaya-walk,high,ChIJMz9SwymL9T4Rz8Ew0-tz4yk
zawaya-walk,high,ChIJizFRLgCL9T4RQ28w4g3S-Bc
zawaya-walk,high,ChIJ-4r2rEH8hg4RWTnsPU0Q4qg
zawaya-walk,high,ChIJXegPKwBdXz4RBK8FobLCP-Q
zawaya-walk,high,ChIJcVZpHXdcXz4RUUtDCuiiZ4I
zawaya-walk,high,ChIJleR7fXpcXz4RNAVjDi_Yn6A
zawaya-walk,high,ChIJBeHd9AZdXz4RibHcQe1QwOI
zawaya-walk,high,ChIJPTpScGVcXz4RGDcRWO_Dkp8
zawaya-walk,high,ChIJJ4b4XGRcXz4Rhas8CPzCYt8
zawaya-walk,high,ChIJfT6Ho2ZdXz4RIMpqzAap0kU
zawaya-walk,high,ChIJh29Ub3RcXz4Rw2VbP8if-6o
zawaya-walk,high,ChIJR0xwLfJdXz4Rhz-hnaHA3hM
zawaya-walk,high,ChIJdWNgwnVdXz4Rakx92n7ACh8
zawaya-walk,high,ChIJsQ9UU8ddXz4RNB5jJk59OCc
zawaya-walk,high,ChIJDcrq3ABdXz4RMSRDg1NXe3w
zawaya-walk,high,ChIJp1bBDyZcXz4R-_1hE0ra_Ow
zawaya-walk,high,ChIJN_DWUZNdXz4R768kyy6GpEU
zawaya-walk,high,ChIJB_FBOgBdXz4Rzv1HuzwXmRU
zawaya-walk,high,ChIJv1x4_URdXz4RjKMFG3dGylc
zawaya-walk,high,ChIJwa_PajZcXz4RLar0UQTyHbg
zawaya-walk,high,ChIJvSVdQHFdXz4RondKdvbKvkE
zawaya-walk,high,ChIJcalR9YLDj0gRx59Jmhk6tIs
zawaya-walk,high,ChIJ4YSlr31fXz4R3O5UIlKb4X4
zawaya-walk,high,ChIJiyJWuF1dXz4RgjDsXbMvvtw
zawaya-walk,high,ChIJz9CTbIIBjkQRosDOC6oKDdU
zawaya-walk,high,ChIJYVP9wiZcXz4Ryr1f5m2No8Q
zawaya-walk,high,ChIJXRVawDxcXz4R7xjC64iV7Oc
zawaya-walk,high,ChIJLY85Mz1cXz4Ry6IMj7ARBzk
zawaya-walk,high,ChIJn2Buu9JfXz4RgaDjCvjXS1E
zawaya-walk,high,ChIJEz8KWKD552IR_ZSDLvRqyNU
zawaya-walk,high,ChIJmbGG9mhfXz4RsF6TvXHGj8w
zawaya-walk,high,ChIJ1yByaqdfXz4RHhgEkUvYCZQ
zawaya-walk,high,ChIJjQZufONeXz4R8OsmQMDIssc
zawaya-walk,high,ChIJm7iVyrMlRqURIp9-0RjFOKc
zawaya-walk,high,ChIJlwqgEzJfXz4RR6emFcENWZM
zawaya-walk,high,ChIJQYAIdw5fXz4RsBCXNvyRoCs
zawaya-walk,high,ChIJL4sJdvtfXz4RMsvZXencQ0U
zawaya-walk,high,ChIJE5wiehRfXz4RUOEscbo2EeY
zawaya-walk,high,ChIJBd3hzeJXfyMRta-fcmfoNuI
zawaya-walk,high,ChIJf2rzvRhfXz4RzvR4GqMP9Hs
zawaya-walk,high,ChIJIbqEfFlfXz4RXyDQmljIUKo
zawaya-walk,high,ChIJCfMbbW9fXz4RveIw7fKrTCc
zawaya-walk,high,ChIJg6NTysVfXz4RHQLIQndvGv8
zawaya-walk,high,ChIJ0Tgw0U5fXz4RhEkAt36l9Qw
zawaya-walk,high,ChIJDVozUgBfXz4R1X5XT6W1Lwg
zawaya-walk,high,ChIJ-0Ja9_VfXz4RA7bw0daJgLc
zawaya-walk,high,ChIJ1eNhgd9fXz4RuvRh2auxfkM
zawaya-walk,high,ChIJj7Jm3t6b9T4RO1TlKMMHK8M
zawaya-walk,high,ChIJbVJoeP1fXz4RmxIr7Pr7lBY
zawaya-walk,high,ChIJ39ts4aJfXz4RLvBpILB1RJY
zawaya-walk,high,ChIJuzCH_qlfXz4RZh8WQHgLwd8
zawaya-walk,high,ChIJX8dksxlfXz4R1e1sT07AKUI
zawaya-walk,high,ChIJL-m58dNfXz4RAMZ-FxG2Fzo
zawaya-walk,high,ChIJ9S5b2oNfXz4R_9ibqLSAeuA
zawaya-walk,high,ChIJ-zN-A-lZXz4RvtTGiuchu-A
zawaya-walk,high,ChIJTWl3Wnr19T4RfTl83jrc028
zawaya-walk,high,ChIJ8W5lPs_19T4RfkbaAdufyM8
zawaya-walk,high,ChIJbxwhBQD19T4Ree2T_eVOIPA
zawaya-walk,high,ChIJG1_3OwD19T4RAvZ6eS3sQxw
zawaya-walk,high,ChIJQ1jzTu319T4RslXJOrTSANg
zawaya-walk,high,ChIJl3DPcKj19T4Rg2K5JVhf7ck
zawaya-walk,high,ChIJMYZFl77z9T4R0gzSYtweQIc
zawaya-walk,high,ChIJn7Tqxp5bXz4RFbDH1iBxRG4
zawaya-walk,high,ChIJh_3ipmhbXz4RaPTfo_53X00
zawaya-walk,high,ChIJ6YS-FSZbXz4Rjbj1FhZ3ptc
zawaya-walk,high,ChIJ8V5c69FbXz4RvM7kYM7eoXQ
zawaya-walk,high,ChIJeyL6bCtbXz4RQi1hpa_N9BY
zawaya-walk,high,ChIJZQkTKF5bXz4R2rkDbKvzCPM
zawaya-walk,high,ChIJc4yaQhNbXz4RR_Jl-jpqM8k
zawaya-walk,high,ChIJ-Zcybx1bXz4RtkKZ1gfKVb0
zawaya-walk,high,ChIJb_VTAhZbXz4R5QNesgeJ3b8
zawaya-walk,high,ChIJiSMcdDxbXz4R3dsao50so94
zawaya-walk,high,ChIJc7ObqK1bXz4RjwoR1TwmwPQ
zawaya-walk,high,ChIJY5tQXoZbXz4RQTWlxMIKUKs
zawaya-walk,high,ChIJMWcVBQBbXz4RTMMx8sRGxl8
zawaya-walk,high,ChIJzWmaRY5bXz4Rrld9Y3iSR5E
zawaya-walk,high,ChIJ9bqTVo5bXz4R9uD1rYHkSCk
zawaya-walk,high,ChIJuXi5rexbXz4Rrge5NnADxho
zawaya-walk,high,ChIJZ6RAxWdbXz4Rce9GlE7dkpQ
zawaya-walk,high,ChIJvRWeHqpbXz4RiMrOejcWbCE
zawaya-walk,high,ChIJn30VYoxbXz4R_gsaNv_-ekA
zawaya-walk,high,ChIJc13FmopbXz4RKXdC6JOzpYw
zawaya-walk,high,ChIJPTY1fY1bXz4RruCL5HJixwk
zawaya-walk,high,ChIJ08PJWvtdXz4RldfPk4H69kw
zawaya-walk,high,ChIJZ2CG0I1bXz4RwpDAwGvSERM
zawaya-walk,high,ChIJdT8teVxbXz4RJ2fuKA5UsqM
zawaya-walk,high,ChIJycEuVYpbXz4RfOHtje7DNCc
zawaya-walk,high,ChIJx0xRuD5dXz4RdXtR4osHMNI
zawaya-walk,high,ChIJBQRn14hbXz4R9NnXtAPaIuU
zawaya-walk,high,ChIJ47iEwIxbXz4Rl8Wlyq2E9nQ
zawaya-walk,high,ChIJk74f1blbXz4RwJjKkNklL5E
zawaya-walk,high,ChIJOf4l0Y1bXz4RJB4RxVYC0lc
zawaya-walk,high,ChIJnyC2IkRbXz4Rp1rFmPTmj0o
zawaya-walk,high,ChIJrwRvedFbXz4Rc5FLvTEtUuo
zawaya-walk,high,ChIJn0H48zpfXz4RjSyn5XhZVSk
zawaya-walk,high,ChIJJ1SRzkxZXz4RNl8UYadaCgo
zawaya-walk,high,ChIJX_unnZtfXz4RdR6kFg5F_o0
zawaya-walk,high,ChIJuzBCbMpeXz4RxZW0WD98Ct0
zawaya-walk,high,ChIJD9p-vLBfXz4RYW3xh4FKnG0
zawaya-walk,high,ChIJ93PtZgBZXz4RI7w-Xtw5MfU
zawaya-walk,high,ChIJu7JZ0yVfXz4RbFSPi2GjBbU
zawaya-walk,high,ChIJI3ew5ExZXz4RoLVH8STHE5g
zawaya-walk,high,ChIJlx4c34NfXz4RNWeXsP1TyJk
zawaya-walk,high,ChIJQR_bfiJfXz4R8_7vwfdZEq4
zawaya-walk,high,ChIJ1fk5k8JfXz4RhXaNK864CY4
zawaya-walk,high,ChIJhS4YWLBfXz4RVr0X3Q-igSA
zawaya-walk,high,ChIJN9iT5I9fXz4Ra9wX-HJfdKQ
zawaya-walk,high,ChIJaTUdmCBfXz4R3UO495zgSlk
zawaya-walk,high,ChIJA-EyzRdfXz4RE3t3rQSKlSc
zawaya-walk,high,ChIJq6qqqv1YXz4RaNpdZFGR3P0
zawaya-walk,high,ChIJ0-U5SDVfXz4RjzjD_EyJoHs
zawaya-walk,high,ChIJR2fkRYJfXz4REzmPziZ6qpg
zawaya-walk,high,ChIJW8oMfABfXz4RIcRUJoLLXbg
zawaya-walk,high,ChIJd1MjLz1fXz4RjRjnzrOqlkg
zawaya-walk,high,ChIJS9adGiBfXz4ROf65E4Hk_-U
zawaya-walk,high,ChIJS77minNfXz4R2YZQP0h5-UU
zawaya-walk,high,ChIJXwWRdABfXz4RnN7GMvtyDOA
zawaya-walk,high,ChIJp2gR5idfXz4RPjz-9-DprGg
zawaya-walk,high,ChIJofTmTdpfXz4RdMzeH2B-GwU
zawaya-walk,high,ChIJ7SSzQkJfXz4RFrgppMVBRuI
zawaya-walk,high,ChIJFfN9e0RfXz4RHL2GZN8Ean4
zawaya-walk,high,ChIJVZE-ciZfXz4Rp3c1vTep_ys
zawaya-walk,high,ChIJiVO5P-BfXz4RikSUGaTr2XU
zawaya-walk,high,ChIJYcoAMNNfXz4RhygkXYRIdZk
zawaya-walk,high,ChIJcU1Ba6JfXz4Rth2bex0_nlU
zawaya-walk,high,ChIJr9DXCOBfXz4Rwj9WKHJI-MI
zawaya-walk,high,ChIJe72N3cNfXz4RSiXGHtRMUkA
zawaya-walk,high,ChIJBzCGSQBfXz4R2kEJKf63JkE
zawaya-walk,high,ChIJy9j-38VfXz4R-tbo6hKJ2IY
zawaya-walk,high,ChIJfUxSTsRfXz4RCsKQ7BV-KbM
zawaya-walk,high,ChIJU50SyDtfXz4RB-Gqo67mIxk
zawaya-walk,high,ChIJg135IVJfXz4RrnzZCk-satQ
zawaya-walk,high,ChIJQ_iYnghfXz4RCInkdSg3_Sw
zawaya-walk,high,ChIJJUbFlrz19T4Rmn8pIcJzj30
zawaya-walk,high,ChIJB4RGDtz19T4RFor4lFp-5uk
zawaya-walk,high,ChIJmS_bQQD19T4RzH7R42KJ-bQ
zawaya-walk,high,ChIJ00-Ax4L19T4RG7REf_i4OS0
zawaya-walk,high,ChIJP9ZJETpdXz4R9pYBm6ZcG0o
zawaya-walk,high,ChIJpcnaFnr19T4Ruz1_jTMk8_o
zawaya-walk,high,ChIJ4SIJ-_Hz9T4RRxT3HVLaEak
zawaya-walk,high,ChIJRbcrOb5bXz4ROQ5MUVqO5s8
zawaya-walk,high,ChIJAaQ1IMRbXz4RK_3rfAj3Ac0
zawaya-walk,high,ChIJi5pos8VbXz4RES8hmlV1PZM
zawaya-walk,high,ChIJ9XHpCpVbXz4RkKx9b0BfIPM
zawaya-walk,high,ChIJRfarD29bXz4RmPU7jkiKSC8
zawaya-walk,high,ChIJz41LB5ZbXz4RyKTgvu44dd4
zawaya-walk,high,ChIJkx22FHFbXz4Rb9XxAKv5OJs
zawaya-walk,high,ChIJR7cOhsRbXz4RaeMjaS6xFCI
zawaya-walk,high,ChIJ7wM9QWpbXz4RkVp9PvUt3KQ
zawaya-walk,high,ChIJXcU_qm1bXz4RSq3vYyV-PNA
zawaya-walk,high,ChIJzZuQ1a1bXz4RPIzhlJS5DaI
zawaya-walk,high,ChIJ-fa1VZRbXz4RhPDZYZhwtBU
zawaya-walk,high,ChIJLfkMwjFbXz4R8WhtmxeEus0
zawaya-walk,high,ChIJaZVR4APfLYoRDs8nQwNkq7A
zawaya-walk,high,ChIJXXgtvxxbXz4Rlqv7kZXur5o
zawaya-walk,high,ChIJYTEDHthbXz4RnoCtk0BM6cw
zawaya-walk,high,ChIJiarrbNJbXz4ROcMKETPWAx4
zawaya-walk,high,ChIJiyMMy9BbXz4ReIW8bqdQNoc
zawaya-walk,high,ChIJP_C8v9pbXz4RnnmAdu9SxYo
zawaya-walk,high,ChIJ0UiETNhbXz4RDViHG_j-l-M
zawaya-walk,high,ChIJYT6ACepbXz4RbA8joNTo0qs
zawaya-walk,high,ChIJ8c8GkDRbXz4R8J0sEh84QHI
zawaya-walk,high,ChIJRZm6tGdZXz4RMtNnX-1S6SE
zawaya-walk,high,ChIJIyAbliNbXz4ReAGBa_WDMPI
zawaya-walk,high,ChIJl_G_HOFZXz4R2PnapI98n0o
zawaya-walk,high,ChIJxZWfPCFZXz4RrR7kgogRbRs
zawaya-walk,high,ChIJBV8FjRZZXz4RmqXXsT4z61o
zawaya-walk,high,ChIJI6kdiclZXz4RxZY6UTyFWoU
zawaya-walk,high,ChIJL5YDXKVZXz4RnfZj13al2Ng
zawaya-walk,high,ChIJax8yHhdZXz4RbpgE5mygB3g
zawaya-walk,high,ChIJifgXa5xZXz4RIfhneYBaeZg
zawaya-walk,high,ChIJO8VOgxVZXz4RATnT-vho3m0
zawaya-walk,high,ChIJ7SIfIBVZXz4R0e0eh9Mq9LI
zawaya-walk,high,ChIJUSIIsRBZXz4R70gQkI41nIw
zawaya-walk,high,ChIJnf_kDzBZXz4Ry6AQbetEHfA
zawaya-walk,high,ChIJX8Cw0BBZXz4Rb2uZZEkEAPw
zawaya-walk,high,ChIJB2RZRz9ZXz4RDJDxu0WJR5g
zawaya-walk,high,ChIJcfgzQz5ZXz4R76xWmFnB528
zawaya-walk,high,ChIJn2BI9j1ZXz4Rj41HaqibPz0
zawaya-walk,high,ChIJlxL3RqtZXz4R55LgCV2JNQc
zawaya-walk,high,ChIJc3_ZrDhZXz4RfcuPCWZBYOI
zawaya-walk,high,ChIJu81xwBpfXz4RRRg116nWxg0
zawaya-walk,high,ChIJYy1ZBHxfXz4RpGS9b2k2eXo
zawaya-walk,high,ChIJWZ5gTL5fXz4RqO4LzvFchyg
zawaya-walk,high,ChIJb8vnGMFYXz4RNDvewkI1L4w
zawaya-walk,high,ChIJ7YAC5uZfXz4RAOK_CywTiUw
zawaya-walk,high,ChIJFZkKF4JfXz4RhqrSSsI3xps
zawaya-walk,high,ChIJMeE-dnJfXz4RQivhpNxdXFA
zawaya-walk,high,ChIJG5O8OD_19T4ReFZfaBhH-T8
zawaya-walk,high,ChIJg6umBAD19T4RuZBInE-fVMg
zawaya-walk,high,ChIJm1Jy7EJbXz4ReZ-r8qu-8CE
zawaya-walk,high,ChIJpaLl1klaXz4RJ7NpssMgXGI
zawaya-walk,high,ChIJP44SUjdaXz4R3hGkTSCFd3g
zawaya-walk,high,ChIJDUGzwT9bXz4RmNUWNM5W5sQ
zawaya-walk,high,ChIJ48Dh9ZlbXz4R2IDVA9xe6i0
zawaya-walk,high,ChIJYzCocDRaXz4RBKZ-V2N0F1s
zawaya-walk,high,ChIJ-SbnyvRbXz4RfQjq13pbrGw
zawaya-walk,high,ChIJMwmv3TBaXz4Ro_5dgsBLnMg
zawaya-walk,high,ChIJn6Dkq_RbXz4RNdYbbtOpCtg
zawaya-walk,high,ChIJV_POqilbXz4RYRMNVUjbg0k
zawaya-walk,high,ChIJk4IBfABbXz4RIqM58AAppEY
zawaya-walk,high,ChIJVY46pyVaXz4RzVkT4CG1nZI
zawaya-walk,high,ChIJV-X779NbXz4RXLgsfd2Qdtk
zawaya-walk,high,ChIJS2tOxdNbXz4RdU_0twitk8U
zawaya-walk,high,ChIJC-LiLblbXz4RwUJ71FrEeuk
zawaya-walk,high,ChIJV6VTbM9bXz4RWiNkOtSA3e4
zawaya-walk,high,ChIJv2v-ZM1bXz4RoJXkKBGxPLY
zawaya-walk,high,ChIJxwcPV5VZXz4R2bv268leaCc
zawaya-walk,high,ChIJ986svptZXz4Rh8-DejpYy2U
zawaya-walk,high,ChIJaYl9CpVZXz4Rerjtulc7fLw
zawaya-walk,high,ChIJoW2158pZXz4R681YZDFGm_0
zawaya-walk,high,ChIJuasNK4lZXz4RIrgLLmvKOPA
zawaya-walk,high,ChIJ-f6tkZpZXz4RyxQJE89NlAI
zawaya-walk,high,ChIJqyowzS1ZXz4RYeSkHpS17Wc
zawaya-walk,high,ChIJTbjikgtZXz4RMiGNoUNLPnw
zawaya-walk,high,ChIJR2ozSM5bXz4RulJTF9Db8wo
zawaya-walk,high,ChIJzeiDwopZXz4RsBN-yI7LOjs
zawaya-walk,high,ChIJFcUSgcBZXz4RN5ZvDWcYex0
zawaya-walk,high,ChIJw72UwopZXz4RMQ7WbiegsPY
zawaya-walk,high,ChIJa05eCtdbXz4RDd1zazjwkJ0
zawaya-walk,high,ChIJZdM2KYhZXz4RXkWhN4nwSH4
zawaya-walk,high,ChIJOTjnnYlZXz4RXtTkz9y19OU
zawaya-walk,high,ChIJT7HlRwtZXz4R48RUdHYu8Gg
zawaya-walk,high,ChIJ37qvhKpZXz4Rq2v_8cBjicM
zawaya-walk,high,ChIJc5khtppZXz4RofafrhU7b2o
zawaya-walk,high,ChIJ9fLeKQBZXz4RANcolwUEpRo
zawaya-walk,high,ChIJ4flbZQdZXz4R1rPa-ar1hto
zawaya-walk,high,ChIJz_-SIeVZXz4RKPHZoQto1SE
zawaya-walk,high,ChIJ5z7QNuRYXz4RfwEqF0YOBNY
zawaya-walk,high,ChIJz3MWcgBZXz4RidNKVFe3LfM
zawaya-walk,high,ChIJq7Dq9v5ZXz4RQ4IhL0h77o0
zawaya-walk,high,ChIJH9ezoptZXz4RfRCnIn9sH_4
zawaya-walk,high,ChIJPe3wOXEWO6wRWtfbUrbbtiU
zawaya-walk,high,ChIJFW-SXABZXz4R4Ml8b4JtD3Y
zawaya-walk,high,ChIJ0cnKjVBYXz4RKA_FL7Mb5RA
zawaya-walk,high,ChIJyZLa-MNZXz4RuY4N3AHUYVs
zawaya-walk,high,ChIJTxqY0ShZXz4Rt2N2fcRxMbE
zawaya-walk,high,ChIJ_47sagBZXz4RsbCxjoIIUIw
zawaya-walk,high,ChIJ6QF8vV5ZXz4RZu_pIFWZ5ts
zawaya-walk,high,ChIJhe5sgyZZXz4Rk9Rm4lC265o
zawaya-walk,high,ChIJecETiaH39T4Rq7O0o-tgGtM
zawaya-walk,high,ChIJRSDw2PX39T4RseVuWvDd5vQ
zawaya-walk,high,ChIJXZWEseP39T4RnHrpKtcirAo
zawaya-walk,high,ChIJMSec71dZXz4RV4CORjjmTxY
zawaya-walk,high,ChIJNxucuvv39T4RY5NdfQIytkE
zawaya-walk,high,ChIJxX4-UQBbXz4Rp3Ky8M4DsI4
zawaya-walk,high,ChIJpQMjbQBZXz4RzscUup6hkN8
zawaya-walk,high,ChIJrwkkTBv39T4RdDA9sAXQGzs
zawaya-walk,high,ChIJla8vNqX39T4RlMErtwQfxEE
zawaya-walk,high,ChIJgy5dPQD39T4R89UwMIHenOU
zawaya-walk,high,ChIJVT_tAD5DdwgRbn4DNMU6-18
zawaya-walk,high,ChIJ5c5EP2lZXz4R07DF9QCU9pc
zawaya-walk,high,ChIJtdX9NH5ZXz4RYJrrD5aVdyk
zawaya-walk,high,ChIJo3g7Ct5ZXz4RGQ0rROQAQc0
zawaya-walk,high,ChIJDZ-wGwD39T4R1OOO3DMuXEs
zawaya-walk,high,ChIJ3-vLGIH39T4RVX-llbsFBqw
zawaya-walk,high,ChIJdyOsJA339T4Rt18fInECe9E
zawaya-walk,high,ChIJGaD8KLD39T4RqJF9Ou8b2Fs
zawaya-walk,high,ChIJrz9xCmb39T4RmmCYZGyHE2w
zawaya-walk,high,ChIJNfWoh_xZXz4R1kJlmTJQajo
zawaya-walk,high,ChIJlSaINc_39T4RNt-nVOp30Qs
zawaya-walk,high,ChIJIbSLUzL39T4RbSu-xtRh-Sw
zawaya-walk,high,ChIJLzNrCnv39T4RITHZMJ5OC8g
zawaya-walk,high,ChIJ-8vV4r_39T4RSyDcBH0b2DU
zawaya-walk,high,ChIJCZUZ-Kv39T4RgJ7Z8VmpmQY
zawaya-walk,high,ChIJL7qTKQD39T4RyzYRbMVaN4w
zawaya-walk,high,ChIJ9SP1sIH39T4RG89Qla7AH24
zawaya-walk,high,ChIJx_Zd-3339T4RpJDALbGe2cE
zawaya-walk,high,ChIJddRat0T39T4R5w7W6EZT6QY
zawaya-walk,high,ChIJz5iPBwD39T4RXJqGj8Io3sU
zawaya-walk,high,ChIJC-NkV6L39T4R6buSi-Sectw
zawaya-walk,high,ChIJsWAf4fP39T4RAN2Fb_jhfW4
zawaya-walk,high,ChIJYQkN2bv39T4ReQTw616WGo4
zawaya-walk,high,ChIJX3iiY0X39T4RGe0mb0byD1o
zawaya-walk,high,ChIJRyceFgz39T4ROfSOG1cTX08
zawaya-walk,high,ChIJ6wOu7UX39T4Rk5lD26PEn4w
zawaya-walk,high,ChIJsyqvDtn39T4Rsc9pU-qpaj4
zawaya-walk,high,ChIJq1BfPjf39T4R8SygzPKtZ-0
zawaya-walk,high,ChIJjxRFDwD39T4RJhx2ztYmeO0
zawaya-walk,high,ChIJn2l6sKj29T4RSKLmRnwqQ0I
zawaya-walk,high,ChIJz4-X7-f39T4RcGUe4JNAlWw
zawaya-walk,high,ChIJ_7J1y39bXz4RKGtK3CqxZjs
zawaya-walk,high,ChIJEXoPxHlbXz4R1B_h_-YgHSs
zawaya-walk,high,ChIJU_FE7oxZXz4RAFCCz9C5dmM
zawaya-walk,high,ChIJ90NFrO9ZXz4Ro0ad3uwU7CM
zawaya-walk,high,ChIJcx7T2uhZXz4RGfBUwq64G7c
zawaya-walk,high,ChIJQZrjjTRbXz4Rm3L3nXV8IIo
zawaya-walk,high,ChIJ7TZzRBlaXz4RcgV9TeolJZE
zawaya-walk,high,ChIJAfrlr5RZXz4RMAo3ivugxKA
zawaya-walk,high,ChIJa5ovS-5bXz4RTwihM_mvNts
zawaya-walk,high,ChIJFcKxeSBaXz4R8WST9RkRqfM
zawaya-walk,high,ChIJv6xVZQBZXz4RIrGysNq_T4s
zawaya-walk,high,ChIJyQxxvi5bXz4RAjUySCPJHgc
zawaya-walk,high,ChIJnyOydrFbXz4R4JYajH31_E8
zawaya-walk,high,ChIJNcFtLihZXz4RaDz11IclJho
zawaya-walk,high,ChIJ9d5Zv2FZXz4RekweShNhSmg
zawaya-walk,high,ChIJLVd7CQBZXz4Rj9ZsIGlpVPM
zawaya-walk,high,ChIJSSutuPtZXz4R-q3irtOKbPA
zawaya-walk,high,ChIJ8VfD6ZBZXz4RNVGSTqpfcOs
zawaya-walk,high,ChIJBXhRTBNZXz4Re8vIiR5229E
zawaya-walk,high,ChIJYeE_PiJZXz4RCcoYmz6qM2Y
zawaya-walk,high,ChIJX8NLochZXz4RXUX6OY43kvg
zawaya-walk,high,ChIJtb-vyZ5ZXz4RzPsraGvzSWA
zawaya-walk,high,ChIJ7TxI2rlZXz4RM1Hpx4Ft7PU
zawaya-walk,high,ChIJvVQNgkdZXz4RiBLilDU3GFQ
zawaya-walk,high,ChIJfXDq6tJZXz4RroiQCyrUtYU
zawaya-walk,high,ChIJR0AlBQD39T4Rhkdrrc8ZkOw
zawaya-walk,high,ChIJL5UnvElYXz4RfTOyREySQFY
zawaya-walk,high,ChIJEStQPTdYXz4RCxyE-4Vssvo
zawaya-walk,high,ChIJ1xgX5lpZXz4Ru0C_B5RsoLM
zawaya-walk,high,ChIJ7XCRQQpZXz4Rs8WBvUGdS0c
zawaya-walk,high,ChIJKy56GZ5ZXz4RFWV5nEbeJrw
zawaya-walk,high,ChIJnzecHPZZXz4RpOlbna9cNEE
zawaya-walk,high,ChIJT-SLNgBZXz4R69tuLE6Vwjw
zawaya-walk,high,ChIJiVzmMwBZXz4R_b78-VDu4QA
zawaya-walk,high,ChIJzwEk5KtZXz4RJni9xzjlfDQ
zawaya-walk,high,ChIJs-_OiLBZXz4RX-HvbwLDPcA
zawaya-walk,high,ChIJcWEsIQBZXz4RNJAxpndkJZM
zawaya-walk,high,ChIJiRfmYABZXz4Rh_ar-xSmE2Q
zawaya-walk,high,ChIJE4chTClZXz4R7vURiYtbRHI
zawaya-walk,high,ChIJQQmx7Y1ZXz4RAv79CtVvwsw
zawaya-walk,high,ChIJcacNWbf39T4RDWotpb8jMus
zawaya-walk,high,ChIJcwLLYwD39T4RoKWnNtXG0lg
zawaya-walk,high,ChIJqf_R9cP39T4RsR0sWdnNUnc
zawaya-walk,high,ChIJG9DvA7b39T4R_vFGVnPdQKo
zawaya-walk,high,ChIJT1y__EJZXz4RVzIdpFE9o-E
zawaya-walk,high,ChIJg9wrhwP39T4RbAvwIvQJQSc
zawaya-walk,high,ChIJFzyI1Sv39T4RO0leKO8-hKE
zawaya-walk,high,ChIJAWggAsX39T4Ru6TQSSwpb7s
zawaya-walk,high,ChIJY9UAGwD39T4RwqRxYKPHRw8
zawaya-walk,high,ChIJRTYMoov39T4RYfX-BjBZ0ac
zawaya-walk,high,ChIJq0Z68lj39T4RvTwZNGABf3Q
zawaya-walk,high,ChIJz7ujP4v39T4Rhn6dsxA6MTE
zawaya-walk,high,ChIJ4YkuPuj39T4R_ttSDyUX_Ow
zawaya-walk,high,ChIJQWEKTwD39T4Rtmgm2NGJAtI
zawaya-walk,high,ChIJIYco2-D39T4RyV0dvb5eRb8
zawaya-walk,high,ChIJ6yJ8xH339T4RdrHKP-ht-74
zawaya-walk,high,ChIJqdz6lhL15AkRDroG1Pax7PY
zawaya-walk,high,ChIJaw6DlnlZXz4R6Wohe6SdHu4
zawaya-walk,high,ChIJOw1g7mj39T4RcKn6jhG2PxM
zawaya-walk,high,ChIJPUnAq7P39T4R_SBftpYjFVc
zawaya-walk,high,ChIJGSSaSsn39T4RoUh4GkaLlSw
zawaya-walk,high,ChIJraraFLr39T4RI8KbEK_XTOk
zawaya-walk,high,ChIJ88Rba_P39T4Rqyu0zWNfVB0
zawaya-walk,high,ChIJh2LjVgH39T4RodicwmhEEVk
zawaya-walk,high,ChIJ8w-mOJj39T4RS24Re6oroyg
zawaya-walk,high,ChIJfWERuuf39T4RrSXNYqnpatA
zawaya-walk,high,ChIJAQAAAC1YXz4Rp2tzuVzG9t0
zawaya-walk,high,ChIJkQSW5IxZXz4RFLHiTT3q9O4
zawaya-walk,high,ChIJr1dGtixYXz4R35a_5kn7TnI
zawaya-walk,high,ChIJ_eqN-9NZXz4RyG301U-X0HA
zawaya-walk,high,ChIJdYn6YUxXXz4R-PB8YcwKTnw
zawaya-walk,high,ChIJY5xO-H1XXz4Rntjwwtsy2Dc
zawaya-walk,high,ChIJ0Rp4VgBZXz4RI-4msbOJcV0
zawaya-walk,high,ChIJdVZ55alZXz4RfuUPGLwiJu4
zawaya-walk,high,ChIJdahV2bhZXz4RAV-3TO8NP2k
zawaya-walk,high,ChIJjQeGbHFZXz4RS-TkjEZdVnQ
zawaya-walk,high,ChIJt0BsyWhZXz4R_P_sbFzWuRU
zawaya-walk,high,ChIJJX5pphZZXz4R4jnHhbu8Fv8
zawaya-walk,high,ChIJt_VjjmJXXz4RaF4l1nJHzqc
zawaya-walk,high,ChIJPxximpBzhC0R3or17RmeePk
zawaya-walk,high,ChIJAet_lFRXXz4RReAJbaM8_Jc
zawaya-walk,high,ChIJeRN84GH39T4RtMUvpJ4_iwk
zawaya-walk,high,ChIJzcgAmabQh24REhVY-iYCuI0
zawaya-walk,high,ChIJSYh6HVX59T4RDE0VlE1HdnM
zawaya-walk,high,ChIJwSEyLuH39T4R7qfTAiwRqxo
zawaya-walk,high,ChIJL-iPGABZXz4R6OqqfW4gthE
zawaya-walk,high,ChIJp3LDugxXXz4RXggNdqmleQ8
zawaya-walk,high,ChIJLT8BhnZZXz4R12Ig81DTM54
zawaya-walk,high,ChIJa32N9BRYXz4RiVJ4tpp8Sa0
zawaya-walk,high,ChIJV3GaHwBZXz4R8UypONMy3oY
zawaya-walk,high,ChIJRVh9rwFZXz4RtZYO2SOYym4
zawaya-walk,high,ChIJ7Ru9OKhZXz4R_2ZlVuOUK5Q
zawaya-walk,high,ChIJvZsbsPBZXz4RF0zr2wUmZwk
zawaya-walk,high,ChIJka39-Y5ZXz4ReNFxwZDGgEQ
zawaya-walk,high,ChIJ7Vocftr39T4REpOVurs1msw
zawaya-walk,high,ChIJm1RXqjH39T4RdJerbRwLwpI
zawaya-walk,high,ChIJU6OD9E5XXz4RIktaHNpD9sY
zawaya-walk,high,ChIJuR7zv8b39T4RdomEt3rA8jI
zawaya-walk,high,ChIJkUQGkSD39T4Rr6Mb8Z4bqPc
zawaya-walk,high,ChIJiVGFJJZZXz4RNW-eqoW97zk
zawaya-walk,high,ChIJ58ThbGX39T4Rc9XO-JLJ0BU
zawaya-walk,high,ChIJpcQL2Zb59T4RTt2ZkZzMzFo
zawaya-walk,high,ChIJuY_aWn739T4R5Kci6OlVgCo
zawaya-walk,high,ChIJHewO4Br39T4R0EEH9KEwq4Y
zawaya-walk,high,ChIJZT_9tsX39T4RpsFoILDT6gk
zawaya-walk,high,ChIJI6bUYgD39T4RlkwpkcAZWU4
zawaya-walk,high,ChIJDzM109z39T4R88QYlEnC7XE
zawaya-walk,high,ChIJDSstAwP49T4R1zt48M5uB8Q
zawaya-walk,high,ChIJPWrE45j59T4ReGfuKnpkUSA
zawaya-walk,high,ChIJU-PHCAD59T4RXilPdxFMqlI
zawaya-walk,high,ChIJMRer_UD59T4RCeGNJvIqVMs
zawaya-walk,high,ChIJO7xD3xf49T4Ra4Luwb-RAF8
zawaya-walk,high,ChIJIbCvHe359T4RPdyYvfzllkY
zawaya-walk,high,ChIJu97_H4j39T4RbLk7lB3jRIo
zawaya-walk,high,ChIJ59G0NwD59T4RgiNXCXfnEus
zawaya-walk,high,ChIJ-YpFsfZXXz4RSZ_lZ2p15ws
zawaya-walk,high,ChIJR7WbKJj59T4R-xHXvMAiK5A
zawaya-walk,high,ChIJZaQdDYb59T4R-8_8Drr5Zz8
zawaya-walk,high,ChIJX_oLBgD39T4RpjnLegBw-PA
zawaya-walk,high,ChIJ489gzppcXz4RuvosOpfaSa4
zawaya-walk,high,ChIJAxtZ2eVdXz4RPVmwm7XhFqw
zawaya-walk,high,ChIJB3AmdwBbXz4Rh1h_lobBe04
zawaya-walk,high,ChIJn1FBhotcXz4RfDSus5qqx04
zawaya-walk,high,ChIJHV0FIIZcXz4R1WT7lNfIMMU
zawaya-walk,high,ChIJX5jvyz5bXz4RJ-hh9fzxbMY
zawaya-walk,high,ChIJHSc1dAD39T4R2sM-w1uvVd4
zawaya-walk,high,ChIJcVoE_TT39T4RvJ-CqcAOAuY
zawaya-walk,high,ChIJy2MCv0_39T4RcI785jsHews
zawaya-walk,high,ChIJuW4eKQD39T4RxTuP1MXxxE4
zawaya-walk,high,ChIJhbXTZ8bx9T4RDAsTLMCOn_k
zawaya-walk,high,ChIJyZQ0uB9aXz4RCbgazxmaGhA
zawaya-walk,high,ChIJiab8M9FZXz4RAAUVKAV6tco
zawaya-walk,high,ChIJsyfDRfZZXz4RzF-Rl1MUZak
zawaya-walk,high,ChIJ0XUmhwRZXz4RLzKcC3Z7GU8
zawaya-walk,high,ChIJV840rIpZXz4RYmY2b2Tpizc
zawaya-walk,high,ChIJfyy_blJZXz4R87jOMEGZK-g
zawaya-walk,high,ChIJbVEJ3PhZXz4RRIm2ZBjL19Y
zawaya-walk,high,ChIJ4xMtFABZXz4RI4BRMJ9nLrc
zawaya-walk,high,ChIJAZMxfwBZXz4RSeXo0-oOcrc
zawaya-walk,high,ChIJtQqCK-9ZXz4RrqTLd5UQZPc
zawaya-walk,high,ChIJWzEXYbT39T4ResidvZKTXwo
zawaya-walk,high,ChIJMUgE9NNDXz4RfHfPOl7VkCQ
zawaya-walk,high,ChIJr1oA6i339T4REWsitTvhiwk
zawaya-walk,high,ChIJ75pMWe739T4RDSxZOo1iZlM
zawaya-walk,high,ChIJS3R2_o339T4RgF_CdqN7_NY
zawaya-walk,high,ChIJ8xGbGeP39T4Rm5-7nyuKOFY
zawaya-walk,high,ChIJE7m7YgD39T4RZ289z0rt93c
zawaya-walk,high,ChIJX4ys89j39T4R6na1HCdMS1M
zawaya-walk,high,ChIJMa3Mz_X39T4R8luq-LLd2aw
zawaya-walk,high,ChIJxaYniL_39T4RcbHqWYCBOQU
zawaya-walk,high,ChIJO3u6oFz39T4RB8VAZRwsKCc
zawaya-walk,high,ChIJxcttoQ-L9T4RbUoG3Gdxdsg
zawaya-walk,high,ChIJU_746sbx9T4RrtTmvUfrluM
zawaya-walk,high,ChIJJQrjd1Px9T4RkxJQtyIdccs
zawaya-walk,high,ChIJf7wt2WJXXz4RBLGSjnePrm8
zawaya-walk,high,ChIJexL-jodXXz4RNe7oyvYy9oY
zawaya-walk,high,ChIJuQategBXXz4R_Ow4dj11lkU
zawaya-walk,high,ChIJ-zdkzs9XXz4RrzwrJ_E9PIs
zawaya-walk,high,ChIJySP1hY1XXz4Ry9yjHAw-55c
zawaya-walk,high,ChIJ6UKbLEhXXz4Rl4LPCrEOvJA
zawaya-walk,high,ChIJg1CSNHlXXz4R_dxZL-2tp_E
zawaya-walk,high,ChIJzd8IOwBXXz4RUGhIhEcYcdE
zawaya-walk,high,ChIJidEMP2JXXz4RCsSuhKF52hk
zawaya-walk,high,ChIJmT1-U99ZXz4R6gna_WZLo_I
zawaya-walk,high,ChIJDbwht3RXXz4RGUxQQX6kaUw
zawaya-walk,high,ChIJRaVlr4xZXz4RmJCr8C0qvPk
zawaya-walk,high,ChIJc7OgexxXXz4RIK8928bjdVA
zawaya-walk,high,ChIJ_6b2nzVZXz4RdX_5WxYlg3Y
zawaya-walk,high,ChIJYT6ViH5ZXz4RTCRNLPmvRE0
zawaya-walk,high,ChIJqUTAcIpZXz4R8Jal7emqFVA
zawaya-walk,high,ChIJRen6aSNZXz4RY7eAwEEORyU
zawaya-walk,high,ChIJG6JkD_v39T4RobXG-uWbWuo
zawaya-walk,high,ChIJOZHwA0H39T4RMdvCeT6ZL5U
zawaya-walk,high,ChIJl1-ttAZYXz4Rg7kRPWsMWL8
zawaya-walk,high,ChIJLyJC4tL39T4RzYHw1ANH73Q
zawaya-walk,high,ChIJzWX1N6RZXz4RHJe2KBvcJk0
zawaya-walk,high,ChIJvxCIDBBZXz4RyqsVgf24dhk
zawaya-walk,high,ChIJZ4Lg1UL39T4RQttn5IhsSME
zawaya-walk,high,ChIJu-7PendZXz4R3oX7WmpQv4Q
zawaya-walk,high,ChIJRQzGQPH39T4Rihz-96eKV3I
zawaya-walk,high,ChIJ89ICY5T39T4RX8ghTAgI014
zawaya-walk,high,ChIJ8yBYBir39T4RqQC03eRBbJE
zawaya-walk,high,ChIJZRM-6ez39T4RvSsk2SDZFrs
zawaya-walk,high,ChIJvT3Wo_r39T4R_KX1tsgvGdg
zawaya-walk,high,ChIJ_XsBRfz39T4R7sTlVoQnBA0
zawaya-walk,high,ChIJf72sWPD39T4RyRkWb-Q_Lso
zawaya-walk,high,ChIJrSWQp_r39T4RcmHYRW36K04
zawaya-walk,high,ChIJHaBlAQD39T4RAJfAr3FHeyk
zawaya-walk,high,ChIJNyiWOx739T4RfbaKC3gI15Y
zawaya-walk,high,ChIJu650cFjx9T4RcKJOrpTgQiU
zawaya-walk,high,ChIJx3lSZd3x9T4RsTJdhV6xITA
zawaya-walk,high,ChIJq-IAqcPx9T4Rbe4OkRjAt3E
zawaya-walk,high,ChIJZdrX_4Lx9T4RJF41Qm_h2FE
zawaya-walk,high,ChIJHw9WfQDx9T4Ry3OLr0LbjbQ
zawaya-walk,high,ChIJ77OnRh_x9T4RBV6J1rPR-2E
zawaya-walk,high,ChIJXzWbSgDx9T4RSb4cuoK6gCE
zawaya-walk,high,ChIJDXU3x4f39T4RwnT9upaU2bc
zawaya-walk,high,ChIJbY8bpeFfXz4RfpbWgug8jv0
zawaya-walk,high,ChIJKwaeJQBfXz4RuRGxRQDn_RU
zawaya-walk,high,ChIJsVnEq25fXz4Rnr-ENLe7oYU
zawaya-walk,high,ChIJkW4sqLRfXz4RwH28p3EKsyw
zawaya-walk,high,ChIJhSJ5XYNeXz4RFLQxzanhjeI
zawaya-walk,high,ChIJKYc-EWBfXz4RkNN7aXLiX_A
zawaya-walk,high,ChIJMTOHD0xbXz4RAqvPF8yQn4U
zawaya-walk,high,ChIJD4pbyIReXz4RJeR0Ol7UuzQ
zawaya-walk,high,ChIJk2Ha7wwsCaYR5GsD3akLXjA
zawaya-walk,high,ChIJeaTqXzlfXz4R1KgagkXcaxo
zawaya-walk,high,ChIJRxogNgZfXz4RPygt_5RDYpY
zawaya-walk,high,ChIJD6fZRjxbXz4R8PFdhqG5L80
zawaya-walk,high,ChIJOVXQ5vVfXz4RDjGG7cOA23M
zawaya-walk,high,ChIJba3ay3tfXz4ReallJjjtNy4
zawaya-walk,high,ChIJcZMY08BbXz4RAXhSzvsLDDw
zawaya-walk,high,ChIJyQXY3HxbXz4REx41PJ2W1vE
zawaya-walk,high,ChIJzQgcys53RqAR_1d4ZjhnbR0
zawaya-walk,high,ChIJ69cB64hfXz4RK3vfHvUDtpw
zawaya-walk,high,ChIJvzuwZABbXz4RuWO1kpE_4Ak
zawaya-walk,high,ChIJzQF4bB1bXz4RpI6cRxHI5nI
zawaya-walk,high,ChIJg_MknXgfJyoRy6tIRBNiArU
zawaya-walk,high,ChIJ27NNoSxfXz4RzhvOVsqbLlw
zawaya-walk,high,ChIJY6RZGEdZXz4RtiEBnARWTcE
zawaya-walk,high,ChIJvV3b1rFfXz4RaJp24DnxVbo
zawaya-walk,high,ChIJxZOmoLJZXz4R5KcEH4_1d3g
zawaya-walk,high,ChIJN6aauTZfXz4RtNoV8PagHvM
zawaya-walk,high,ChIJx4xh6HZfXz4RqYvmGjtdv2o
zawaya-walk,high,ChIJ6wqSJytfXz4RIsuiHeaU9CE
zawaya-walk,high,ChIJDZC5RU5fXz4RSTvVwJfCFCY
zawaya-walk,high,ChIJzYRGHGxfXz4RvTgt5jyI_0I
zawaya-walk,high,ChIJLbMyubJfXz4R7jEQHDNVNAA
zawaya-walk,high,ChIJ9d_jLvpfXz4Re8S-DpdAuS4
zawaya-walk,high,ChIJPWxxDQBfXz4R5Y2CPgKhr4k
zawaya-walk,high,ChIJEWHiVadfXz4R3tvFPPHpaVU
zawaya-walk,high,ChIJJfoB5ihaXz4RAdIy49SXLhc
zawaya-walk,high,ChIJj_i5049bXz4Rm-V7iESj4V4
zawaya-walk,high,ChIJoV3UJn9fXz4RHnbMlfa6fMQ
zawaya-walk,high,ChIJhWNgXfdfXz4R3hm16pMSu6Y
zawaya-walk,high,ChIJoSgNIH9ZXz4REHdAnbBsVjk
zawaya-walk,high,ChIJIa3LyNtfXz4RTV76_-xpZ7g
zawaya-walk,high,ChIJz85EZydaXz4RJQJhoMNq4ug
zawaya-walk,high,ChIJi913rc5bXz4RYJ2keUu5-Hg
zawaya-walk,high,ChIJn_LnZbxfXz4Rv6Gq40f4q9M
zawaya-walk,high,ChIJiShrsCxfXz4RMGrgk1TyvJc
zawaya-walk,high,ChIJIYXza0BfXz4RUW80wJ9zHZA
zawaya-walk,high,ChIJPbM6zFZdXz4RDJBCVFKMByI
zawaya-walk,high,ChIJkycPAQBfXz4R9R7m8IJwDKU
zawaya-walk,high,ChIJh5MPNeNfXz4RmPNDH8rWRa0
zawaya-walk,high,ChIJx-6puWpbXz4Rad7ir9VgT1M
zawaya-walk,high,ChIJN2oSBwBfXz4RgRU81SjhsFU
zawaya-walk,high,ChIJJ4OGQABfXz4RBoipTrHlTUU
zawaya-walk,high,ChIJjaVz42JbXz4RNvhd3hueGfI
zawaya-walk,high,ChIJl2BnIelfXz4RJgZZlncmjJQ
zawaya-walk,high,ChIJGUjA8sBbXz4RcWn8quVYyCU
zawaya-walk,high,ChIJBSqy7q1ZXz4RzZkmJwu7HaE
zawaya-walk,high,ChIJ2efh7wdbXz4RbEZZkTtThE4
zawaya-walk,high,ChIJyfV0haxbXz4RnCV6ZLuXNio
zawaya-walk,high,ChIJqb9O_W5c2gMRvDz6nOkJR2w
zawaya-walk,high,ChIJ0yPsdiNfXz4R1rGMNPMSeec
zawaya-walk,high,ChIJeajZ57RfXz4R7OJY8K-vEpo
zawaya-walk,high,ChIJNXUCdLJdXz4RnjnW6dySgCg
zawaya-walk,high,ChIJdY8I9MVfXz4RPFIynt2hNSg
zawaya-walk,high,ChIJ1-SAD6JdXz4RlsbZOakKkJU
zawaya-walk,high,ChIJC7k9f5ldXz4RPk2vWFoF9fY
zawaya-walk,high,ChIJGcaEIkpdXz4R01LeGlw2U8M
zawaya-walk,high,ChIJr00kxEpdXz4Rgq-DRBauz2s
zawaya-walk,high,ChIJY7W5TmFdXz4RyLQkUHVsskI
zawaya-walk,high,ChIJnf6qmkNbXz4R4pN69J94viw
zawaya-walk,high,ChIJQ-Sg4_FbXz4R4pG4uZs6YSc
zawaya-walk,high,ChIJEbWmOBpdXz4RptxnF8qIUeo
zawaya-walk,high,ChIJrTUDSiZaXz4RFvCec8k_yzU
zawaya-walk,high,ChIJGSoIjzxdXz4RFBoceDMN908
zawaya-walk,high,ChIJ7RXPmtJeLYQRmizt9cos7O8
zawaya-walk,high,ChIJ37eYXT1dXz4Ryz1W_rK6-TY
zawaya-walk,high,ChIJf-qFmIddXz4RdUgJj41plIE
zawaya-walk,high,ChIJTwoDZ6pdXz4RK_Jv8oypLtE
zawaya-walk,high,ChIJq8kSmNNbXz4RL_LJTsHVDtg
zawaya-walk,high,ChIJ2SnBtPFdXz4RzQb2lRdy0KE
zawaya-walk,high,ChIJc5S052JbXz4RuWekYhKie80
zawaya-walk,high,ChIJF-RyVmFbXz4RHnGD6nKK3Jg
zawaya-walk,high,ChIJGRpD3rBdXz4ROlZ3ml5ZDDk
zawaya-walk,high,ChIJramAhU90rCsRtJkNPeGcrHA
zawaya-walk,high,ChIJf7Y5weZdXz4RRnkcgcEE7fc
zawaya-walk,high,ChIJEQpiSHJdXz4R-g6pex1DozA
zawaya-walk,high,ChIJH_Mr0G5bXz4R-tIcjT72Sh0
zawaya-walk,high,ChIJNyzOPgBdXz4R4lh3gegv41E
zawaya-walk,high,ChIJjXrpMABbXz4RWXUlSgdtvbI
zawaya-walk,high,ChIJbQkEr5pdXz4RGv537-2wUkc
zawaya-walk,high,ChIJsWWkZh1dXz4Rf_Hk1tdAA3o
zawaya-walk,high,ChIJWZka5D5dXz4RcA9gfq5am3A
zawaya-walk,high,ChIJAZQ8ichdXz4ReCr_bcGuDtE
zawaya-walk,high,ChIJmVtG4HZcXz4RhRign4L6Tzk
zawaya-walk,high,ChIJiZmbUwtcXz4Ri0jqIsKwSUM
zawaya-walk,high,ChIJc3J4_cNbXz4RYoGh1sA6AwQ
zawaya-walk,high,ChIJv0LccDVdXz4R2TN0iP3jWlY
zawaya-walk,high,ChIJe85iDjtbXz4Rs4n4EGdrwP8
zawaya-walk,high,ChIJYw23IFVdXz4R1YG0xaNXTQs
zawaya-walk,high,ChIJF26oxi5bXz4Rk2Dh4DaAOTg
zawaya-walk,high,ChIJ43W6EbldXz4Rk7ERZz9_rQA
zawaya-walk,high,ChIJOX2PeINbXz4RfLHFcmI1w1A
zawaya-walk,high,ChIJl2FrU-FbXz4RfXnTc-r-4K4
zawaya-walk,high,ChIJSa9_qo1bXz4RTGi5MlQjSB4
zawaya-walk,high,ChIJVRNV1hFbXz4RT9kIMCioIDo
zawaya-walk,high,ChIJ_75ADUhbXz4REbQH9CB9TQY
zawaya-walk,high,ChIJiV6M0nddXz4RsKdwvfl39jo
zawaya-walk,high,ChIJ1YzEeO5bXz4Rkyz5LdzfJnQ
zawaya-walk,high,ChIJuYYL8I9bXz4Rdb12ESVXano
zawaya-walk,high,ChIJE6hXn5RbXz4RSToY_lMOmh4
zawaya-walk,high,ChIJk4BDo-dXXz4RlfuyVUrlG-4
zawaya-walk,high,ChIJUwiwGnVbXz4ROzHB8Swit1Q
zawaya-walk,high,ChIJc2-xoI5bXz4R5vgEnulKudU
zawaya-walk,high,ChIJlbqjAQBbXz4RRhXI9jsm3SM
zawaya-walk,high,ChIJ1eo5TKZdXz4RlkvNAcFsFRs
zawaya-walk,high,ChIJk76BbXFcXz4R5uoLIUyYLPQ
zawaya-walk,high,ChIJ34i0DaVZXz4RlJGHhC11KPw
zawaya-walk,high,ChIJdXPujc1dXz4Rj1x0SjK1IIg
zawaya-walk,high,ChIJJwUGVW1dXz4RlYf-uX5fLgk
zawaya-walk,high,ChIJYe4uRWf39T4RxMDB-TqathI
zawaya-walk,high,ChIJ__-_p2ZcXz4R5q6lBuGYmkU
zawaya-walk,high,ChIJQcOkZ25dXz4R30pInhh9IXA
zawaya-walk,high,ChIJS9EuhtpbXz4RztygiCyvDg0
zawaya-walk,high,ChIJ8w4DF25cXz4RhMxLQiSi8mo
zawaya-walk,high,ChIJp24GDDRbXz4RqJddGzPL0oI
zawaya-walk,high,ChIJNaNQfPVbXz4RlTYhj_9vSJk
zawaya-walk,high,ChIJlxyKaz9dXz4RDX9slAB1vpg
zawaya-walk,high,ChIJx6lYvW1bXz4Rsnm0bar5T2E
zawaya-walk,high,ChIJYUmk6BBdXz4R6ujKsm199Gs
zawaya-walk,high,ChIJt7BeUmldXz4RYtAWYYh64Cs
zawaya-walk,high,ChIJ14SvLcJdXz4RABNzNiAydtw
zawaya-walk,high,ChIJZSR8dztdXz4RPO7zYLE3Bf0
zawaya-walk,high,ChIJDfzONxar_g8RuaapL3ooHwQ
zawaya-walk,high,ChIJPVtgot5bXz4RYhWAEkEaEYc
zawaya-walk,high,ChIJX11j3lBdXz4RqwjkdmswaN4
zawaya-walk,high,ChIJWxW2p2dfXz4RqBbXWd-aO2U
zawaya-walk,high,ChIJt1djftBbXz4RGz-b6H-RHN8
zawaya-walk,high,ChIJCdmCsDpaXz4RHJFx8WCWvc8
zawaya-walk,high,ChIJubGQyZZbXz4RzX5FFKAmhHw
zawaya-walk,high,ChIJM-0_PWVdXz4RCI_iMch2Ar8
zawaya-walk,high,ChIJVWixxsVbXz4RPtbf6zHzEAQ
zayed-international-airport,low,ChIJAbHY8TNJXj4RCFVFm83o6-w
zayed-international-airport,low,ChIJae_1NFRJXj4RCUMrko0sCNc
zayed-international-airport,low,ChIJi3I6PmpFXj4RvnqAlf-Zj14
zayed-international-airport,low,ChIJjVmxV54IyG8Rb6vQGYUtChQ
zayed-international-airport,low,ChIJBa4fnRRFXj4RPhetV5A5vHI
zayed-international-airport,low,ChIJJb5APb1FXj4RU9aUzn6zONo
zayed-international-airport,low,ChIJDauAueVFXj4R3Xmnuq3eL3M
zayed-international-airport,low,ChIJ2cRwm0lynCgR06QvoTEAUV0
zayed-international-airport,low,ChIJdzZoddFFXj4RJUxCBRKNlz8
zayed-international-airport,low,ChIJCcq3fX1GXj4RHBRRQQMXNlE
zayed-international-airport,low,ChIJew69Lv1FXj4RjK59U-COz1k
zayed-international-airport,low,ChIJH26D38ZFXj4RrPiy947PD0w
zayed-international-airport,low,ChIJ32dV6-JFXj4RirMzddSWiYA
zayed-international-airport,low,ChIJieGTC7ZPXj4RX_8hfMRV2HY
zayed-international-airport,low,ChIJV8rMtqhHXj4R1k1OzNyPle4
zayed-international-airport,low,ChIJwReRVwZPXj4RpK7PtgYsZSw
zayed-international-airport,low,ChIJVdq-wf5HXj4RAyEN29J_D4Q
zayed-international-airport,low,ChIJoV3tjb5FXj4RPTMhunNNho0
zayed-international-airport,low,ChIJcRE_l2NmXj4Rs7yNgCkivuE
zayed-international-airport,low,ChIJCRc4ebdFXj4RDqx1r4bzbto
zayed-international-airport,low,ChIJx_35IbpFXj4RiBbhXLiaAmA
zayed-international-airport,low,ChIJQ-xRY6NFXj4Ru-FAiCzJdaQ
zayed-international-airport,low,ChIJg9vaPitJXj4RteR_PONRSLE
zayed-international-airport,low,ChIJaxDupR1JXj4RxkHSywjtQnU
zayed-international-airport,low,ChIJu1fiwWpJXj4RVNRMH1pYlyA
zayed-international-airport,low,ChIJEQ2uFQBJXj4R8QG8_u2Tfu8
zayed-international-airport,low,ChIJp3xbSABJXj4RArqZJvxrev0
zayed-international-airport,low,ChIJURVpPwBJXj4RqJu7MxgB1zo
zayed-international-airport,low,ChIJmckIai1FXj4RDJdfcplz-70
zayed-international-airport,low,ChIJbWf7-eFFXj4R3ua_ke0oiTc
zayed-international-airport,low,ChIJZUhSv6tFXj4R7ZpJFnYGOTw
zayed-international-airport,low,ChIJlbPth9ndjWwRRkf1fcPzukU
zayed-international-airport,low,ChIJK1krJPdFXj4RQVCLQY9UeGY
zayed-international-airport,low,ChIJ2TEfXYhnXj4RGxHrc6Ex7DY
zayed-international-airport,low,ChIJTVNlNwBFXj4R54kFMo_W4Fg
zayed-international-airport,low,ChIJz5Tsn31PXj4RrE5jIkDZ7vw
zayed-international-airport,low,ChIJY6BbY3ZPXj4RrUQtPfRTC6M
zayed-international-airport,low,ChIJiZM66x5PXj4RIbSt7qEUTzI
zayed-international-airport,low,ChIJL3H83LJPXj4RKlSye3d8n04
zayed-international-airport,low,ChIJp_cpJsFPXj4RIWhXvPqu7X0
zayed-international-airport,low,ChIJAUJXWQBPXj4RFsvzWMRVP5w
zayed-international-airport,low,ChIJ4yH5BgBPXj4Rq8jB2riSSG0
zayed-international-airport,low,ChIJPeHUOZ9PXj4RP72F07qBF7g
zayed-international-airport,low,ChIJA3XvaTVJXj4R4gSJlIkcAPA
zayed-international-airport,low,ChIJ3Tz_hthPXj4Ry_IfDWiVNDg
zayed-international-airport,low,ChIJ9UmGSABPXj4REU0bkml0VRU
zayed-international-airport,low,ChIJX56uiH1FXj4R0q65jZPBHjU
zayed-international-airport,low,ChIJAdgYhN5PXj4RaWe6WoDcrrc
zayed-international-airport,low,ChIJ8ZtA3AhPXj4R9bv4hORDLjI
zayed-international-airport,low,ChIJO454ZwBPXj4RZFsKq4kIvPw
zayed-international-airport,low,ChIJW3C9ewBPXj4REgscJwT0eTs
zayed-international-airport,low,ChIJzQ8rNUhOXj4RGlCfY1LYDIc
zayed-international-airport,low,ChIJc2TrBABPXj4RuGMwJyG_aN4
zayed-international-airport,low,ChIJJZQinK9PXj4R8pDiVbY5L1w
zayed-international-airport,low,ChIJ_QS6FTNPXj4Rh1Dtow6vH_Y
zayed-international-airport,low,ChIJ5YtLV7hPXj4R30frPezuOe8
zayed-international-airport,low,ChIJbSN1CLFPXj4Rl9x9Aro5dag
zayed-international-airport,low,ChIJRcFIcQBPXj4R_ffjuPKPC3w
zayed-international-airport,low,ChIJ6xBtUQBPXj4RBIivJTZdPiE
zayed-international-airport,low,ChIJm4-13dJPXj4RGhVhaDMey88
zayed-international-airport,low,ChIJtcOjwlZPXj4RzHRLm0qD3cg
zayed-international-airport,low,ChIJf3cbfzdPXj4RMbH1w9jcBl8
zayed-international-airport,low,ChIJc7DZPwlnXj4RDLTM5fIWTaY
zayed-international-airport,low,ChIJqRwwWXtPXj4RIFw8lRVEroE
zayed-international-airport,low,ChIJ0eiMDgBPXj4RbtWaL1szmjY
zayed-international-airport,low,ChIJ_3PpKfdFXj4RMHet52RdlMM
zayed-international-airport,low,ChIJF3S7gY5PXj4Rj-9MkNrGVCc
zayed-international-airport,low,ChIJP2wFAmlFXj4RyTAG9SZLuOo
zayed-international-airport,low,ChIJYfh3OItpXj4Rt3V__N7ZRco
zayed-international-airport,low,ChIJycN1AhxFXj4RscBwotobRns
zayed-international-airport,low,ChIJt4ngRthFXj4R7qe029dMUJU
zayed-international-airport,medium,ChIJ73UPkVxBXj4RYyfjOtI6t_8
zayed-international-airport,medium,ChIJzyPbvrtHXj4R6KGLA8AAb2Q
zayed-international-airport,medium,ChIJR8LWo1tGXj4Rx0MLzz2712E
zayed-international-airport,medium,ChIJ98d6OJ1oXj4RGQ8-o1qspv4
zayed-international-airport,medium,ChIJcb1OvglBXj4Rpj4qKbJJoW0
zayed-international-airport,medium,ChIJ8Uq1R1lBXj4Rb-6WJo3wDE4
zayed-international-airport,medium,ChIJ7YcGHXJBXj4R2XGB_gU-fdU
zayed-international-airport,medium,ChIJ60POGgBBXj4RZm8XLPPzC3U
zayed-international-airport,medium,ChIJfxeqQk5BXj4RA0PquO-4oMk
zayed-international-airport,medium,ChIJ6x3D_plBXj4R-qot1dS-WBE
zayed-international-airport,medium,ChIJFRhBdlJBXj4RwYy2RLGionw
zayed-international-airport,medium,ChIJbzaVH0xFXj4R4sopMv_a0Ts
zayed-international-airport,medium,ChIJgVU2UABFXj4RrnJ9POOqlsM
zayed-international-airport,medium,ChIJS_qRzU5HXj4RdDHREb3iqr0
zayed-international-airport,medium,ChIJcflCD3lHXj4RT3mzoBbL5Xs
zayed-international-airport,medium,ChIJu-zyqTFHXj4Rfn0ltDhuQLY
zayed-international-airport,medium,ChIJI1MU0phHXj4R9Cwmi8huUZY
zayed-international-airport,medium,ChIJBSTDRftHXj4RrjwQvtjVgVY
zayed-international-airport,medium,ChIJq4yo9plGXj4Rwg8iScd-r9I
zayed-international-airport,medium,ChIJC5E64aFHXj4Rv3VUWnT-q6E
zayed-international-airport,medium,ChIJraRWc2ZGXj4RHZzmHNkAoVI
zayed-international-airport,medium,ChIJV8chu3ZFXj4R8k3bfpbP4yQ
zayed-international-airport,medium,ChIJMSB4C35HXj4RZaFWsB2HzPA
zayed-international-airport,medium,ChIJ93WxzyVGXj4RV-nEwzu_2CI
zayed-international-airport,medium,ChIJR7yaYMIr0A8RJ1xxI2XJjZQ
zayed-international-airport,medium,ChIJ7YfCKAXNFAARAun7rUoz3ns
zayed-international-airport,medium,ChIJz9Ih5T5GXj4RFa6jMlBD1lU
zayed-international-airport,medium,ChIJ_YYU-SlHXj4R_s2xoMvN3H8
zayed-international-airport,medium,ChIJCf71DQBHXj4RGSg-Rap3pzQ
zayed-international-airport,medium,ChIJq6qq6mlGXj4RO92VESUx4Jc
zayed-international-airport,medium,ChIJk3jzKPdHXj4R0MWNKxJuIRI
zayed-international-airport,medium,ChIJkWCcYQBHXj4R4DwKrMJEBbc
zayed-international-airport,medium,ChIJpYqPLKxHXj4RC99ZOhG1Mbw
zayed-international-airport,medium,ChIJAbHY8TNJXj4RCFVFm83o6-w
zayed-international-airport,medium,ChIJae_1NFRJXj4RCUMrko0sCNc
zayed-international-airport,medium,ChIJpe7674JHXj4R4qEwHDutwpo
zayed-international-airport,medium,ChIJRfTVvZVDXj4RZZRKmMGM9cs
zayed-international-airport,medium,ChIJD78jm21DXj4RFJaaFlEWA9U
zayed-international-airport,medium,ChIJJThiRQBDXj4ReHyHBI8ug-c
zayed-international-airport,medium,ChIJsZcdI0VCXj4RcqqbomF0j6w
zayed-international-airport,medium,ChIJy0gbkiRDXj4RsKUFEhYvICw
zayed-international-airport,medium,ChIJi3I6PmpFXj4RvnqAlf-Zj14
zayed-international-airport,medium,ChIJObWU69VFXj4RHe9sihg8jm0
zayed-international-airport,medium,ChIJP1niJQBHXj4RF3V73XOmjaQ
zayed-international-airport,medium,ChIJjVmxV54IyG8Rb6vQGYUtChQ
zayed-international-airport,medium,ChIJK756BwBFXj4RNGsyZqGUr0o
zayed-international-airport,medium,ChIJBa4fnRRFXj4RPhetV5A5vHI
zayed-international-airport,medium,ChIJJb5APb1FXj4RU9aUzn6zONo
zayed-international-airport,medium,ChIJDauAueVFXj4R3Xmnuq3eL3M
zayed-international-airport,medium,ChIJ2cRwm0lynCgR06QvoTEAUV0
zayed-international-airport,medium,ChIJcTgqyBZHXj4Rf5B1BB4WmsQ
zayed-international-airport,medium,ChIJdzZoddFFXj4RJUxCBRKNlz8
zayed-international-airport,medium,ChIJCcq3fX1GXj4RHBRRQQMXNlE
zayed-international-airport,medium,ChIJew69Lv1FXj4RjK59U-COz1k
zayed-international-airport,medium,ChIJH26D38ZFXj4RrPiy947PD0w
zayed-international-airport,medium,ChIJ32dV6-JFXj4RirMzddSWiYA
zayed-international-airport,medium,ChIJieGTC7ZPXj4RX_8hfMRV2HY
zayed-international-airport,medium,ChIJV8rMtqhHXj4R1k1OzNyPle4
zayed-international-airport,medium,ChIJwReRVwZPXj4RpK7PtgYsZSw
zayed-international-airport,medium,ChIJVdq-wf5HXj4RAyEN29J_D4Q
zayed-international-airport,medium,ChIJoV3tjb5FXj4RPTMhunNNho0
zayed-international-airport,medium,ChIJcRE_l2NmXj4Rs7yNgCkivuE
zayed-international-airport,medium,ChIJCRc4ebdFXj4RDqx1r4bzbto
zayed-international-airport,medium,ChIJx_35IbpFXj4RiBbhXLiaAmA
zayed-international-airport,medium,ChIJQ-xRY6NFXj4Ru-FAiCzJdaQ
zayed-international-airport,medium,ChIJg9vaPitJXj4RteR_PONRSLE
zayed-international-airport,medium,ChIJaxDupR1JXj4RxkHSywjtQnU
zayed-international-airport,medium,ChIJu1fiwWpJXj4RVNRMH1pYlyA
zayed-international-airport,medium,ChIJEQ2uFQBJXj4R8QG8_u2Tfu8
zayed-international-airport,medium,ChIJp3xbSABJXj4RArqZJvxrev0
zayed-international-airport,medium,ChIJURVpPwBJXj4RqJu7MxgB1zo
zayed-international-airport,medium,ChIJmzoJWuVLXj4RqBn0BWJ2yrk
zayed-international-airport,medium,ChIJmckIai1FXj4RDJdfcplz-70
zayed-international-airport,medium,ChIJbWf7-eFFXj4R3ua_ke0oiTc
zayed-international-airport,medium,ChIJZUhSv6tFXj4R7ZpJFnYGOTw
zayed-international-airport,medium,ChIJlbPth9ndjWwRRkf1fcPzukU
zayed-international-airport,medium,ChIJK1krJPdFXj4RQVCLQY9UeGY
zayed-international-airport,medium,ChIJ2TEfXYhnXj4RGxHrc6Ex7DY
zayed-international-airport,medium,ChIJTVNlNwBFXj4R54kFMo_W4Fg
zayed-international-airport,medium,ChIJz5Tsn31PXj4RrE5jIkDZ7vw
zayed-international-airport,medium,ChIJY6BbY3ZPXj4RrUQtPfRTC6M
zayed-international-airport,medium,ChIJiZM66x5PXj4RIbSt7qEUTzI
zayed-international-airport,medium,ChIJL3H83LJPXj4RKlSye3d8n04
zayed-international-airport,medium,ChIJp_cpJsFPXj4RIWhXvPqu7X0
zayed-international-airport,medium,ChIJAUJXWQBPXj4RFsvzWMRVP5w
zayed-international-airport,medium,ChIJ4yH5BgBPXj4Rq8jB2riSSG0
zayed-international-airport,medium,ChIJPeHUOZ9PXj4RP72F07qBF7g
zayed-international-airport,medium,ChIJA3XvaTVJXj4R4gSJlIkcAPA
zayed-international-airport,medium,ChIJ3Tz_hthPXj4Ry_IfDWiVNDg
zayed-international-airport,medium,ChIJ9UmGSABPXj4REU0bkml0VRU
zayed-international-airport,medium,ChIJHdY88ulLXj4RxJwFo9jhF2g
zayed-international-airport,medium,ChIJkcOkHe1LXj4RoGvVx_GBerI
zayed-international-airport,medium,ChIJ8U8s0m1LXj4Ro5PzKtDofJA
zayed-international-airport,medium,ChIJi8b_JRRLXj4RpcuKoAG2qjQ
zayed-international-airport,medium,ChIJp-oXb_NLXj4RBDc3QGLm-uE
zayed-international-airport,medium,ChIJ25NhJwBLXj4RR7-_dUZ3l7k
zayed-international-airport,medium,ChIJURfcOI9FXj4RQMm5phqBgY8
zayed-international-airport,medium,ChIJ4UkIgGJFXj4Rqq_4olKf64c
zayed-international-airport,medium,ChIJFZhIAO5DXj4RzlYwDOcq5NA
zayed-international-airport,medium,ChIJX56uiH1FXj4R0q65jZPBHjU
zayed-international-airport,medium,ChIJAdgYhN5PXj4RaWe6WoDcrrc
zayed-international-airport,medium,ChIJsXh-qCRFXj4RPD1S74hayKA
zayed-international-airport,medium,ChIJNe0TlU1PXj4Refjm7kiQahI
zayed-international-airport,medium,ChIJnbUMv8FFXj4RNd5I0EaxNd0
zayed-international-airport,medium,ChIJldsuf4dPXj4RP-dmBlvAypc
zayed-international-airport,medium,ChIJiRA2fSNFXj4RMWrYFpOYLvQ
zayed-international-airport,medium,ChIJUa8OzOlFXj4Rwz13Z_Ot4xk
zayed-international-airport,medium,ChIJHxjtWBlFXj4RDcKTU8utwso
zayed-international-airport,medium,ChIJo0AcVmRFXj4RX_BMC8Yz8Rc
zayed-international-airport,medium,ChIJeQR6m39FXj4R_lb3bZ30fCg
zayed-international-airport,medium,ChIJ3-uGn0Iz26cR1MLoPgqPDNw
zayed-international-airport,medium,ChIJB0itbYNFXj4RSJ3-1CYpOfo
zayed-international-airport,medium,ChIJs8VLrXFFXj4RAgma1lPZzZw
zayed-international-airport,medium,ChIJ8ZtA3AhPXj4R9bv4hORDLjI
zayed-international-airport,medium,ChIJw8rScR1FXj4RqBQrVfnEKSg
zayed-international-airport,medium,ChIJ356381xFXj4RleluuqcjXKw
zayed-international-airport,medium,ChIJzytGPQBFXj4ROm4eylf7Kho
zayed-international-airport,medium,ChIJO454ZwBPXj4RZFsKq4kIvPw
zayed-international-airport,medium,ChIJW3C9ewBPXj4REgscJwT0eTs
zayed-international-airport,medium,ChIJzQ8rNUhOXj4RGlCfY1LYDIc
zayed-international-airport,medium,ChIJc2TrBABPXj4RuGMwJyG_aN4
zayed-international-airport,medium,ChIJWUO80Z9PXj4ReoD9XBjFuPM
zayed-international-airport,medium,ChIJJZQinK9PXj4R8pDiVbY5L1w
zayed-international-airport,medium,ChIJfxUbmz5OXj4Rh_bZxj75WL4
zayed-international-airport,medium,ChIJfySZEadpXj4RQFGCOlwRwOg
zayed-international-airport,medium,ChIJp323AgBPXj4RrofDoXgnPcg
zayed-international-airport,medium,ChIJD4CyS3NOXj4RscRpJQ6SRmc
zayed-international-airport,medium,ChIJd4DLeFpPXj4RfCwYjK8HG7o
zayed-international-airport,medium,ChIJCZNgIwBPXj4RBXDQ6gQyJZc
zayed-international-airport,medium,ChIJ_QS6FTNPXj4Rh1Dtow6vH_Y
zayed-international-airport,medium,ChIJ5YtLV7hPXj4R30frPezuOe8
zayed-international-airport,medium,ChIJUcq4CQBPXj4RrP8bmXN55UI
zayed-international-airport,medium,ChIJa-JXp4dRXj4RwYg3Nwqibmo
zayed-international-airport,medium,ChIJQRT3IABRXj4RhK_Znr1OILM
zayed-international-airport,medium,ChIJbSN1CLFPXj4Rl9x9Aro5dag
zayed-international-airport,medium,ChIJhTfJMztRXj4RxFVl3wqJQak
zayed-international-airport,medium,ChIJh9wAonFPXj4R6P2_rlevv90
zayed-international-airport,medium,ChIJRcFIcQBPXj4R_ffjuPKPC3w
zayed-international-airport,medium,ChIJ6xBtUQBPXj4RBIivJTZdPiE
zayed-international-airport,medium,ChIJFbcipNZPXj4RDzs7kJAKif8
zayed-international-airport,medium,ChIJm4-13dJPXj4RGhVhaDMey88
zayed-international-airport,medium,ChIJtcOjwlZPXj4RzHRLm0qD3cg
zayed-international-airport,medium,ChIJAQMQu4BPXj4RgzlYD-d7xlE
zayed-international-airport,medium,ChIJPaBozw5OXj4RFHmj9O7KVNQ
zayed-international-airport,medium,ChIJUayCUE5PXj4Rg1xfk-miDhw
zayed-international-airport,medium,ChIJ0buKpw5OXj4R8Q_RMWwMbHU
zayed-international-airport,medium,ChIJr3cA2epPXj4RcS6qJB4IjtA
zayed-international-airport,medium,ChIJf3cbfzdPXj4RMbH1w9jcBl8
zayed-international-airport,medium,ChIJ80o6kQxOXj4R3GhiXR5zl-E
zayed-international-airport,medium,ChIJc7DZPwlnXj4RDLTM5fIWTaY
zayed-international-airport,medium,ChIJ-WMhQYxPXj4RV48sW_jXqOo
zayed-international-airport,medium,ChIJqRwwWXtPXj4RIFw8lRVEroE
zayed-international-airport,medium,ChIJq55P8zdPXj4RgpexpFVFk9Q
zayed-international-airport,medium,ChIJFbhrTABPXj4RGr41seI0ToA
zayed-international-airport,medium,ChIJ05JPFVNPXj4Rs8Z2F_7JQ6E
zayed-international-airport,medium,ChIJO5rnYmBRXj4R1pXDgiZmjbw
zayed-international-airport,medium,ChIJA_bkfvdRXj4RIn9092gR8BA
zayed-international-airport,medium,ChIJt5VoqPdRXj4R15pqzNESzv8
zayed-international-airport,medium,ChIJibicqPdRXj4R8213z11_N4Y
zayed-international-airport,medium,ChIJ1zUsWro4Xj4RPiP1sG2UhqM
zayed-international-airport,medium,ChIJBcezDOBRXj4ReyZ1UMIFj00
zayed-international-airport,medium,ChIJab-JA4RRXj4RbxVemc2x5kk
zayed-international-airport,medium,ChIJCfv3ErtRXj4RCJFiBgEm7ag
zayed-international-airport,medium,ChIJPz1dPzVRXj4RKKiV5j-5NB4
zayed-international-airport,medium,ChIJc_5igYhRXj4RffnMtilTDoM
zayed-international-airport,medium,ChIJ3ziKcCpTXj4RwqXtq8cgUOg
zayed-international-airport,medium,ChIJN3D6p8dPXj4R3yBQqwyBw3M
zayed-international-airport,medium,ChIJMRP7IAFPXj4RSz1qPAw9NhI
zayed-international-airport,medium,ChIJ0eiMDgBPXj4RbtWaL1szmjY
zayed-international-airport,medium,ChIJ_3PpKfdFXj4RMHet52RdlMM
zayed-international-airport,medium,ChIJF3S7gY5PXj4Rj-9MkNrGVCc
zayed-international-airport,medium,ChIJE9GxX6BHXj4RGlt2IQolkFo
zayed-international-airport,medium,ChIJrzaR6p5PXj4RhUr3DeYN2qM
zayed-international-airport,medium,ChIJUQwY39BPXj4RsxvhH-xf4yg
zayed-international-airport,medium,ChIJX0fF9NNFXj4RnoPe9u8IN-0
zayed-international-airport,medium,ChIJP2wFAmlFXj4RyTAG9SZLuOo
zayed-international-airport,medium,ChIJyzQrxX9BXj4R3dgagdsPj3c
zayed-international-airport,medium,ChIJJa-aG9pHXj4RITVTPeiexls
zayed-international-airport,medium,ChIJzZVKEF5GXj4RN9lxYZQXab4
zayed-international-airport,medium,ChIJYfh3OItpXj4Rt3V__N7ZRco
zayed-international-airport,medium,ChIJXegBnsJLXj4RbvwJRXPu_8o
zayed-international-airport,medium,ChIJycN1AhxFXj4RscBwotobRns
zayed-international-airport,medium,ChIJt4ngRthFXj4R7qe029dMUJU
zayed-international-airport,high,ChIJY9wBUAA3Xj4RHgCm5aISavs
zayed-international-airport,high,ChIJfdd0XWc5Xj4R7X8N9miotYw
zayed-international-airport,high,ChIJDbcz2A9tXz4RnqvVPtIP15c
zayed-international-airport,high,ChIJZ3vcheo3Xj4RnSWZDXWS72k
zayed-international-airport,high,ChIJlwG5_DI3Xj4RXNhToLQcoWw
zayed-international-airport,high,ChIJhzTbC103Xj4RjodcumrbGZw
zayed-international-airport,high,ChIJFSj2a4k3Xj4RTujzuydX3ys
zayed-international-airport,high,ChIJDfakpIJHXj4R3WYRCyOrI74
zayed-international-airport,high,ChIJJY0cP_ZHXj4Rezb6C_enoRc
zayed-international-airport,high,ChIJhXJdydZHXj4RqFWkuoidlqA
zayed-international-airport,high,ChIJUWAtgZZBXj4RXG5RVhUuGYA
zayed-international-airport,high,ChIJA3AAmCVHXj4Rd8NywioXdIc
zayed-international-airport,high,ChIJW-umFABHXj4RodLZiPhbEqU
zayed-international-airport,high,ChIJO_qHc_43Xj4R-51XaEJ9OPQ
zayed-international-airport,high,ChIJz9fcsplJXj4R3XctupxLwzw
zayed-international-airport,high,ChIJmVS7RtpJXj4Rb9wAlFGyBaw
zayed-international-airport,high,ChIJZ1LG5gBDXj4RE09vzn8m_8Q
zayed-international-airport,high,ChIJP_gGHdE3Xj4Rm_qbfE31_R0
zayed-international-airport,high,ChIJVWQVD7E3Xj4RQ-5zO0t9tHU
zayed-international-airport,high,ChIJT3PvNzI3Xj4RJ1wkNwZNvPk
zayed-international-airport,high,ChIJ98vusWNJXj4RXbp7IqKZZgo
zayed-international-airport,high,ChIJQxZCWlw3Xj4RqQ5C33U4JIc
zayed-international-airport,high,ChIJ2wGFVwA3Xj4RRZiJN7Utd3E
zayed-international-airport,high,ChIJJWo7LP43Xj4R-zT_vBfl0Bw
zayed-international-airport,high,ChIJ3_iyPrQ5Xj4RH9UwIvrtDss
zayed-international-airport,high,ChIJ283PSsBBXj4REO-rAvURQTo
zayed-international-airport,high,ChIJE__JMcNBXj4REcdk-ayGa_4
zayed-international-airport,high,ChIJl7_SMwBBXj4RPp45Y4qDIwc
zayed-international-airport,high,ChIJcTxuQwBBXj4RPzFEJ4VnIT8
zayed-international-airport,high,ChIJc22EmKppXj4REIpupbbjOuk
zayed-international-airport,high,ChIJjw-oAIZBXj4RYs_ZF8S82Wc
zayed-international-airport,high,ChIJ73UPkVxBXj4RYyfjOtI6t_8
zayed-international-airport,high,ChIJUwh_7hJBXj4RT9ne8taJJjY
zayed-international-airport,high,ChIJOXCASgBBXj4ReiTJQeiDRD8
zayed-international-airport,high,ChIJH70e0D5BXj4RTlmr6g49yAg
zayed-international-airport,high,ChIJgXLLwwB-hWgReooggOGQAOo
zayed-international-airport,high,ChIJzyPbvrtHXj4R6KGLA8AAb2Q
zayed-international-airport,high,ChIJlVCCajQmE6QRPxItws2xgAc
zayed-international-airport,high,ChIJ69xfDaRHXj4R9w_joO8apaw
zayed-international-airport,high,ChIJR8LWo1tGXj4Rx0MLzz2712E
zayed-international-airport,high,ChIJgwQaObtoXj4RnWr9rQqAL9g
zayed-international-airport,high,ChIJKWCUUOFHXj4Rrd1yQPVEeQs
zayed-international-airport,high,ChIJg26InplHXj4RXG9GjMhTi2M
zayed-international-airport,high,ChIJmzfKIsZHXj4Rrih7HO9RVEw
zayed-international-airport,high,ChIJWZqMfGPLXz4RzawoztEqiN8
zayed-international-airport,high,ChIJIdc3eS6CU2oRfKdORtrjY1c
zayed-international-airport,high,ChIJVVVVVWVGXj4RGN8NnKuUiYw
zayed-international-airport,high,ChIJT2jWaABHXj4RnRduqhYIfac
zayed-international-airport,high,ChIJlQA9FmVLXj4RFVoutOwlpcM
zayed-international-airport,high,ChIJvWRdzGpHXj4RVrdYzftLegk
zayed-international-airport,high,ChIJJwJRkhhLXj4RHg-05l3AHaM
zayed-international-airport,high,ChIJ-Rufg89LXj4R9LX9JgimYwE
zayed-international-airport,high,ChIJoehW3PVLXj4RU3UN_7ClLuM
zayed-international-airport,high,ChIJUV6SAl9LXj4RJWzYz9AJzJc
zayed-international-airport,high,ChIJDTDKMwBLXj4RP4aLf7qiIW0
zayed-international-airport,high,ChIJX2AtOQBLXj4RV43R0rNhdX8
zayed-international-airport,high,ChIJF8NlR7NpXj4R3R1apjTHXqw
zayed-international-airport,high,ChIJE__TXa5pXj4RJQijrVSdBso
zayed-international-airport,high,ChIJJY0w0PdpXj4RnI5Xq36sUF0
zayed-international-airport,high,ChIJP1lYpkRnXj4R_-fm4K6DmlA
zayed-international-airport,high,ChIJWwW__3pDXj4ROuUJUpFFRic
zayed-international-airport,high,ChIJzb2iNlJDXj4RCp00sbC5K2E
zayed-international-airport,high,ChIJXSza7bBDXj4RlUamaUqdoJE
zayed-international-airport,high,ChIJxem_UQBpXj4Rj-UHmV5l3Bc
zayed-international-airport,high,ChIJBY9muG5DXj4RV-rTK3YN8mc
zayed-international-airport,high,ChIJidma655DXj4Rd7GNaJdYJPg
zayed-international-airport,high,ChIJjeOuPQBDXj4RymqmgVCSoZc
zayed-international-airport,high,ChIJPX91JwBDXj4RajZtPQQGYWA
zayed-international-airport,high,ChIJD1_g9DpCXj4RWJAagGvwxYA
zayed-international-airport,high,ChIJ98d6OJ1oXj4RGQ8-o1qspv4
zayed-international-airport,high,ChIJFbzk5RNDXj4R3vo4JY7we1U
zayed-international-airport,high,ChIJx5hdNjFDXj4RaCf8w3PXD_w
zayed-international-airport,high,ChIJb1XY6HBDXj4R8gnYqL6bYpU
zayed-international-airport,high,ChIJV_2SfgBDXj4RkemcafiSsFQ
zayed-international-airport,high,ChIJBUAM_NhDXj4RRkVDWdeQrAQ
zayed-international-airport,high,ChIJEeqr-cqrX0ERM21WrfvrUVQ
zayed-international-airport,high,ChIJqyjJBwBDXj4R7RcDQqw3YVI
zayed-international-airport,high,ChIJ6bHnLSfOJGoRUlthxqok0gc
zayed-international-airport,high,ChIJs3UEXetDXj4RHt1DEeZYyhY
zayed-international-airport,high,ChIJcb1OvglBXj4Rpj4qKbJJoW0
zayed-international-airport,high,ChIJIcgTO9ZDXj4RbWXJ_yrpjuM
zayed-international-airport,high,ChIJ1Rym03lDXj4Ry8HrwL3DgZQ
zayed-international-airport,high,ChIJ7aBvpbBBXj4Rrz5YkTw3PKA
zayed-international-airport,high,ChIJ8Uq1R1lBXj4Rb-6WJo3wDE4
zayed-international-airport,high,ChIJ7YcGHXJBXj4R2XGB_gU-fdU
zayed-international-airport,high,ChIJ2bVES9BDXj4R1GQbwTs4s7U
zayed-international-airport,high,ChIJ60POGgBBXj4RZm8XLPPzC3U
zayed-international-airport,high,ChIJfxeqQk5BXj4RA0PquO-4oMk
zayed-international-airport,high,ChIJ6x3D_plBXj4R-qot1dS-WBE
zayed-international-airport,high,ChIJNaSYXthDXj4RprtgcxKvnds
zayed-international-airport,high,ChIJnexvv2BBXj4RGZ-nIdMn_Y8
zayed-international-airport,high,ChIJ7yIxJNpDXj4R2GCbL6B0_nw
zayed-international-airport,high,ChIJFRhBdlJBXj4RwYy2RLGionw
zayed-international-airport,high,ChIJzeXPk_JBXj4R3ruXrllceTM
zayed-international-airport,high,ChIJHeslLLBHXj4R2k220ct8BWA
zayed-international-airport,high,ChIJHVEMxaRGXj4R85sXAIZsZxA
zayed-international-airport,high,ChIJJT5ZErJGXj4R7VeU-kgIwzI
zayed-international-airport,high,ChIJV4F6t4VHXj4RFM9DyQdTykQ
zayed-international-airport,high,ChIJbzaVH0xFXj4R4sopMv_a0Ts
zayed-international-airport,high,ChIJgVU2UABFXj4RrnJ9POOqlsM
zayed-international-airport,high,ChIJS_qRzU5HXj4RdDHREb3iqr0
zayed-international-airport,high,ChIJcflCD3lHXj4RT3mzoBbL5Xs
zayed-international-airport,high,ChIJu-zyqTFHXj4Rfn0ltDhuQLY
zayed-international-airport,high,ChIJI1MU0phHXj4R9Cwmi8huUZY
zayed-international-airport,high,ChIJBSTDRftHXj4RrjwQvtjVgVY
zayed-international-airport,high,ChIJOXqcoflHXj4Rw9lYL-ImdG0
zayed-international-airport,high,ChIJq4yo9plGXj4Rwg8iScd-r9I
zayed-international-airport,high,ChIJq_2Ft5NGXj4RBu1gRSV_VPU
zayed-international-airport,high,ChIJ14qBf3tmXj4Ryl0XGGlJi5A
zayed-international-airport,high,ChIJA3hjb-NHXj4ROuB2SgejwCc
zayed-international-airport,high,ChIJC5E64aFHXj4Rv3VUWnT-q6E
zayed-international-airport,high,ChIJDQ4dJJFGXj4RvEL8WJHJhKo
zayed-international-airport,high,ChIJraRWc2ZGXj4RHZzmHNkAoVI
zayed-international-airport,high,ChIJV8chu3ZFXj4R8k3bfpbP4yQ
zayed-international-airport,high,ChIJMSB4C35HXj4RZaFWsB2HzPA
zayed-international-airport,high,ChIJ93WxzyVGXj4RV-nEwzu_2CI
zayed-international-airport,high,ChIJR7yaYMIr0A8RJ1xxI2XJjZQ
zayed-international-airport,high,ChIJ7YfCKAXNFAARAun7rUoz3ns
zayed-international-airport,high,ChIJz9Ih5T5GXj4RFa6jMlBD1lU
zayed-international-airport,high,ChIJ_YYU-SlHXj4R_s2xoMvN3H8
zayed-international-airport,high,ChIJCf71DQBHXj4RGSg-Rap3pzQ
zayed-international-airport,high,ChIJq6qq6mlGXj4RO92VESUx4Jc
zayed-international-airport,high,ChIJk3jzKPdHXj4R0MWNKxJuIRI
zayed-international-airport,high,ChIJkWCcYQBHXj4R4DwKrMJEBbc
zayed-international-airport,high,ChIJpYqPLKxHXj4RC99ZOhG1Mbw
zayed-international-airport,high,ChIJAbHY8TNJXj4RCFVFm83o6-w
zayed-international-airport,high,ChIJae_1NFRJXj4RCUMrko0sCNc
zayed-international-airport,high,ChIJpe7674JHXj4R4qEwHDutwpo
zayed-international-airport,high,ChIJ-yPLqWJnXj4RARhFLzDIQDc
zayed-international-airport,high,ChIJf-mskP1LXj4Rwp8hj8OpI4Q
zayed-international-airport,high,ChIJbTzHK9BLXj4Rkf2blpN_OHs
zayed-international-airport,high,ChIJS4LrXUJKXj4R06eLXSFl_HI
zayed-international-airport,high,ChIJcRPc8q5LXj4RBYS7OqLRv-4
zayed-international-airport,high,ChIJSQFcsM5LXj4RSSQoyypSq7Q
zayed-international-airport,high,ChIJEyNXSwBLXj4Rryi_vyyFOf4
zayed-international-airport,high,ChIJmx1MGFJLXj4R1DeoQzykyR8
zayed-international-airport,high,ChIJBfshCQBLXj4R8lLRss4p7rE
zayed-international-airport,high,ChIJH9OQ6MdLXj4RhHK3jSbdvQg
zayed-international-airport,high,ChIJu0XIBgBLXj4RNXhuRCd-vW8
zayed-international-airport,high,ChIJ9yCOWgBLXj4RNpETWETZQIs
zayed-international-airport,high,ChIJpyiz9sFLXj4R44LdwEBpgA0
zayed-international-airport,high,ChIJDUqQz7xLXj4RmjBT0eLZ-aY
zayed-international-airport,high,ChIJHTnQlVZKXj4RiaTEYsOcroA
zayed-international-airport,high,ChIJ2wgq0cKDfq8RI1aJLtodTok
zayed-international-airport,high,ChIJU-Jvx8ZLXj4ROEepDo8c2do
zayed-international-airport,high,ChIJ43Hi13lpXj4RzzYf8mWbs3A
zayed-international-airport,high,ChIJ5Q2p8hxpXj4RW1aP3BZOk1o
zayed-international-airport,high,ChIJ6WvjJUxpXj4RBrEpujZgm_0
zayed-international-airport,high,ChIJASsJwpdpXj4RK-rxI9CDims
zayed-international-airport,high,ChIJLbmsUNVpXj4Rimbd3z_7Zkc
zayed-international-airport,high,ChIJBREr7oNDXj4RfhQ5lRfJBPU
zayed-international-airport,high,ChIJ4RPvP8hpXj4RZyJsF1mf7zA
zayed-international-airport,high,ChIJY59gK9VpXj4ROCwYdCtZdb0
zayed-international-airport,high,ChIJ3SEIKAtDXj4R-KbBxJRio3I
zayed-international-airport,high,ChIJ1RNCXzRDXj4RkbuAKXOwcGA
zayed-international-airport,high,ChIJRfTVvZVDXj4RZZRKmMGM9cs
zayed-international-airport,high,ChIJD78jm21DXj4RFJaaFlEWA9U
zayed-international-airport,high,ChIJt8i1c6JDXj4RZT68OZOeZA8
zayed-international-airport,high,ChIJJThiRQBDXj4ReHyHBI8ug-c
zayed-international-airport,high,ChIJn6Y25n5CXj4RNiqHwAV0tvE
zayed-international-airport,high,ChIJ_em4aABDXj4RJvIkDFBUzlU
zayed-international-airport,high,ChIJsZcdI0VCXj4RcqqbomF0j6w
zayed-international-airport,high,ChIJy0gbkiRDXj4RsKUFEhYvICw
zayed-international-airport,high,ChIJi3I6PmpFXj4RvnqAlf-Zj14
zayed-international-airport,high,ChIJObWU69VFXj4RHe9sihg8jm0
zayed-international-airport,high,ChIJP1niJQBHXj4RF3V73XOmjaQ
zayed-international-airport,high,ChIJjVmxV54IyG8Rb6vQGYUtChQ
zayed-international-airport,high,ChIJK756BwBFXj4RNGsyZqGUr0o
zayed-international-airport,high,ChIJBa4fnRRFXj4RPhetV5A5vHI
zayed-international-airport,high,ChIJJb5APb1FXj4RU9aUzn6zONo
zayed-international-airport,high,ChIJDauAueVFXj4R3Xmnuq3eL3M
zayed-international-airport,high,ChIJ2cRwm0lynCgR06QvoTEAUV0
zayed-international-airport,high,ChIJcTgqyBZHXj4Rf5B1BB4WmsQ
zayed-international-airport,high,ChIJdzZoddFFXj4RJUxCBRKNlz8
zayed-international-airport,high,ChIJCcq3fX1GXj4RHBRRQQMXNlE
zayed-international-airport,high,ChIJew69Lv1FXj4RjK59U-COz1k
zayed-international-airport,high,ChIJH26D38ZFXj4RrPiy947PD0w
zayed-international-airport,high,ChIJ32dV6-JFXj4RirMzddSWiYA
zayed-international-airport,high,ChIJieGTC7ZPXj4RX_8hfMRV2HY
zayed-international-airport,high,ChIJV8rMtqhHXj4R1k1OzNyPle4
zayed-international-airport,high,ChIJwReRVwZPXj4RpK7PtgYsZSw
zayed-international-airport,high,ChIJVdq-wf5HXj4RAyEN29J_D4Q
zayed-international-airport,high,ChIJoV3tjb5FXj4RPTMhunNNho0
zayed-international-airport,high,ChIJcRE_l2NmXj4Rs7yNgCkivuE
zayed-international-airport,high,ChIJCRc4ebdFXj4RDqx1r4bzbto
zayed-international-airport,high,ChIJx_35IbpFXj4RiBbhXLiaAmA
zayed-international-airport,high,ChIJQ-xRY6NFXj4Ru-FAiCzJdaQ
zayed-international-airport,high,ChIJg9vaPitJXj4RteR_PONRSLE
zayed-international-airport,high,ChIJaxDupR1JXj4RxkHSywjtQnU
zayed-international-airport,high,ChIJu1fiwWpJXj4RVNRMH1pYlyA
zayed-international-airport,high,ChIJEQ2uFQBJXj4R8QG8_u2Tfu8
zayed-international-airport,high,ChIJp3xbSABJXj4RArqZJvxrev0
zayed-international-airport,high,ChIJURVpPwBJXj4RqJu7MxgB1zo
zayed-international-airport,high,ChIJmzoJWuVLXj4RqBn0BWJ2yrk
zayed-international-airport,high,ChIJB9iPPgBLXj4RcvY_sB8WxMA
zayed-international-airport,high,ChIJhST-PqhLXj4R4Ns1HCNIcjA
zayed-international-airport,high,ChIJv066Aa1LXj4RLnzJJT43tGQ
zayed-international-airport,high,ChIJCWVOVMBLXj4R3mIpsIuRc0w
zayed-international-airport,high,ChIJJS9H8odLXj4RMBB1xetn8ZA
zayed-international-airport,high,ChIJ4bpFkLxLXj4RuvHAx35d5a0
zayed-international-airport,high,ChIJdUbDqP9LXj4RSAKS5ScIBrI
zayed-international-airport,high,ChIJL34CrU5KXj4RgMSMmWEYPcs
zayed-international-airport,high,ChIJiY916chLXj4RDkfGzvC9L9Y
zayed-international-airport,high,ChIJycSvtZxCXj4R-RJF502OC-k
zayed-international-airport,high,ChIJQS7TRp1CXj4R7kO__gEfjH4
zayed-international-airport,high,ChIJmckIai1FXj4RDJdfcplz-70
zayed-international-airport,high,ChIJbWf7-eFFXj4R3ua_ke0oiTc
zayed-international-airport,high,ChIJZUhSv6tFXj4R7ZpJFnYGOTw
zayed-international-airport,high,ChIJlbPth9ndjWwRRkf1fcPzukU
zayed-international-airport,high,ChIJK1krJPdFXj4RQVCLQY9UeGY
zayed-international-airport,high,ChIJ2TEfXYhnXj4RGxHrc6Ex7DY
zayed-international-airport,high,ChIJTVNlNwBFXj4R54kFMo_W4Fg
zayed-international-airport,high,ChIJz5Tsn31PXj4RrE5jIkDZ7vw
zayed-international-airport,high,ChIJY6BbY3ZPXj4RrUQtPfRTC6M
zayed-international-airport,high,ChIJiZM66x5PXj4RIbSt7qEUTzI
zayed-international-airport,high,ChIJL3H83LJPXj4RKlSye3d8n04
zayed-international-airport,high,ChIJp_cpJsFPXj4RIWhXvPqu7X0
zayed-international-airport,high,ChIJAUJXWQBPXj4RFsvzWMRVP5w
zayed-international-airport,high,ChIJ4yH5BgBPXj4Rq8jB2riSSG0
zayed-international-airport,high,ChIJPeHUOZ9PXj4RP72F07qBF7g
zayed-international-airport,high,ChIJA3XvaTVJXj4R4gSJlIkcAPA
zayed-international-airport,high,ChIJ3Tz_hthPXj4Ry_IfDWiVNDg
zayed-international-airport,high,ChIJ9UmGSABPXj4REU0bkml0VRU
zayed-international-airport,high,ChIJHdY88ulLXj4RxJwFo9jhF2g
zayed-international-airport,high,ChIJkcOkHe1LXj4RoGvVx_GBerI
zayed-international-airport,high,ChIJ8U8s0m1LXj4Ro5PzKtDofJA
zayed-international-airport,high,ChIJi8b_JRRLXj4RpcuKoAG2qjQ
zayed-international-airport,high,ChIJp-oXb_NLXj4RBDc3QGLm-uE
zayed-international-airport,high,ChIJ25NhJwBLXj4RR7-_dUZ3l7k
zayed-international-airport,high,ChIJwRS3lGZLXj4RBdg5XZufD1Y
zayed-international-airport,high,ChIJYQXTWupLXj4Rq7nhwQ2tKK4
zayed-international-airport,high,ChIJt5zCMjRLXj4RpfBYXaplTHw
zayed-international-airport,high,ChIJqTJYp2lLXj4RoBypwhbNdf0
zayed-international-airport,high,ChIJURfcOI9FXj4RQMm5phqBgY8
zayed-international-airport,high,ChIJ4UkIgGJFXj4Rqq_4olKf64c
zayed-international-airport,high,ChIJFZhIAO5DXj4RzlYwDOcq5NA
zayed-international-airport,high,ChIJX56uiH1FXj4R0q65jZPBHjU
zayed-international-airport,high,ChIJAdgYhN5PXj4RaWe6WoDcrrc
zayed-international-airport,high,ChIJsXh-qCRFXj4RPD1S74hayKA
zayed-international-airport,high,ChIJNe0TlU1PXj4Refjm7kiQahI
zayed-international-airport,high,ChIJnbUMv8FFXj4RNd5I0EaxNd0
zayed-international-airport,high,ChIJldsuf4dPXj4RP-dmBlvAypc
zayed-international-airport,high,ChIJiRA2fSNFXj4RMWrYFpOYLvQ
zayed-international-airport,high,ChIJUa8OzOlFXj4Rwz13Z_Ot4xk
zayed-international-airport,high,ChIJHxjtWBlFXj4RDcKTU8utwso
zayed-international-airport,high,ChIJo0AcVmRFXj4RX_BMC8Yz8Rc
zayed-international-airport,high,ChIJeQR6m39FXj4R_lb3bZ30fCg
zayed-international-airport,high,ChIJ3-uGn0Iz26cR1MLoPgqPDNw
zayed-international-airport,high,ChIJB0itbYNFXj4RSJ3-1CYpOfo
zayed-international-airport,high,ChIJs8VLrXFFXj4RAgma1lPZzZw
zayed-international-airport,high,ChIJ8ZtA3AhPXj4R9bv4hORDLjI
zayed-international-airport,high,ChIJw8rScR1FXj4RqBQrVfnEKSg
zayed-international-airport,high,ChIJ356381xFXj4RleluuqcjXKw
zayed-international-airport,high,ChIJzytGPQBFXj4ROm4eylf7Kho
zayed-international-airport,high,ChIJO454ZwBPXj4RZFsKq4kIvPw
zayed-international-airport,high,ChIJW3C9ewBPXj4REgscJwT0eTs
zayed-international-airport,high,ChIJzQ8rNUhOXj4RGlCfY1LYDIc
zayed-international-airport,high,ChIJc2TrBABPXj4RuGMwJyG_aN4
zayed-international-airport,high,ChIJWUO80Z9PXj4ReoD9XBjFuPM
zayed-international-airport,high,ChIJJZQinK9PXj4R8pDiVbY5L1w
zayed-international-airport,high,ChIJfxUbmz5OXj4Rh_bZxj75WL4
zayed-international-airport,high,ChIJfySZEadpXj4RQFGCOlwRwOg
zayed-international-airport,high,ChIJp323AgBPXj4RrofDoXgnPcg
zayed-international-airport,high,ChIJD4CyS3NOXj4RscRpJQ6SRmc
zayed-international-airport,high,ChIJd4DLeFpPXj4RfCwYjK8HG7o
zayed-international-airport,high,ChIJCZNgIwBPXj4RBXDQ6gQyJZc
zayed-international-airport,high,ChIJ_QS6FTNPXj4Rh1Dtow6vH_Y
zayed-international-airport,high,ChIJ5YtLV7hPXj4R30frPezuOe8
zayed-international-airport,high,ChIJUcq4CQBPXj4RrP8bmXN55UI
zayed-international-airport,high,ChIJNxIMOABdXj4RlXDKCcO8GOA
zayed-international-airport,high,ChIJa-JXp4dRXj4RwYg3Nwqibmo
zayed-international-airport,high,ChIJQRT3IABRXj4RhK_Znr1OILM
zayed-international-airport,high,ChIJbSN1CLFPXj4Rl9x9Aro5dag
zayed-international-airport,high,ChIJhTfJMztRXj4RxFVl3wqJQak
zayed-international-airport,high,ChIJh9wAonFPXj4R6P2_rlevv90
zayed-international-airport,high,ChIJRcFIcQBPXj4R_ffjuPKPC3w
zayed-international-airport,high,ChIJ6xBtUQBPXj4RBIivJTZdPiE
zayed-international-airport,high,ChIJFbcipNZPXj4RDzs7kJAKif8
zayed-international-airport,high,ChIJm4-13dJPXj4RGhVhaDMey88
zayed-international-airport,high,ChIJtcOjwlZPXj4RzHRLm0qD3cg
zayed-international-airport,high,ChIJAQMQu4BPXj4RgzlYD-d7xlE
zayed-international-airport,high,ChIJPaBozw5OXj4RFHmj9O7KVNQ
zayed-international-airport,high,ChIJUayCUE5PXj4Rg1xfk-miDhw
zayed-international-airport,high,ChIJ0buKpw5OXj4R8Q_RMWwMbHU
zayed-international-airport,high,ChIJr3cA2epPXj4RcS6qJB4IjtA
zayed-international-airport,high,ChIJf3cbfzdPXj4RMbH1w9jcBl8
zayed-international-airport,high,ChIJ80o6kQxOXj4R3GhiXR5zl-E
zayed-international-airport,high,ChIJc7DZPwlnXj4RDLTM5fIWTaY
zayed-international-airport,high,ChIJ-WMhQYxPXj4RV48sW_jXqOo
zayed-international-airport,high,ChIJqRwwWXtPXj4RIFw8lRVEroE
zayed-international-airport,high,ChIJq55P8zdPXj4RgpexpFVFk9Q
zayed-international-airport,high,ChIJFbhrTABPXj4RGr41seI0ToA
zayed-international-airport,high,ChIJ05JPFVNPXj4Rs8Z2F_7JQ6E
zayed-international-airport,high,ChIJO5rnYmBRXj4R1pXDgiZmjbw
zayed-international-airport,high,ChIJA_bkfvdRXj4RIn9092gR8BA
zayed-international-airport,high,ChIJt5VoqPdRXj4R15pqzNESzv8
zayed-international-airport,high,ChIJibicqPdRXj4R8213z11_N4Y
zayed-international-airport,high,ChIJ1zUsWro4Xj4RPiP1sG2UhqM
zayed-international-airport,high,ChIJBcezDOBRXj4ReyZ1UMIFj00
zayed-international-airport,high,ChIJab-JA4RRXj4RbxVemc2x5kk
zayed-international-airport,high,ChIJCfv3ErtRXj4RCJFiBgEm7ag
zayed-international-airport,high,ChIJPz1dPzVRXj4RKKiV5j-5NB4
zayed-international-airport,high,ChIJi2-5U-JQXj4RmwTYBRtggI0
zayed-international-airport,high,ChIJq5ONTeJQXj4RPygnsSHohfo
zayed-international-airport,high,ChIJu4bD1_tRXj4ROPAfbx-56ZQ
zayed-international-airport,high,ChIJc_5igYhRXj4RffnMtilTDoM
zayed-international-airport,high,ChIJz_enoPRTXj4RVH3vL0Ra3vg
zayed-international-airport,high,ChIJU1UVxdBTXj4RzpS8lHFzIXk
zayed-international-airport,high,ChIJ7UBjdwBTXj4RDw3kK6HKUj4
zayed-international-airport,high,ChIJ07zx0dBTXj4RHfn6zx0uWys
zayed-international-airport,high,ChIJEc5nE4dRXj4ROdauxmUuvg8
zayed-international-airport,high,ChIJ5VRBLABRXj4R1L7jmeybm0k
zayed-international-airport,high,ChIJHRHEdABTXj4RHV8GDF6GJnc
zayed-international-airport,high,ChIJD0W-SABRXj4RrzbXBZFrWOc
zayed-international-airport,high,ChIJEZ20muRTXj4RUyA9gbLP178
zayed-international-airport,high,ChIJhTWMCwBTXj4RcbqH-FrIlh4
zayed-international-airport,high,ChIJ3ziKcCpTXj4RwqXtq8cgUOg
zayed-international-airport,high,ChIJhUGNSspTXj4RiOO6P3BKeXY
zayed-international-airport,high,ChIJUyGKEPdTXj4RNHhv6O7kFKU
zayed-international-airport,high,ChIJg0g1FgBTXj4Rmoec2de02ag
zayed-international-airport,high,ChIJLS6N-09VXj4RbfbzABrqwKA
zayed-international-airport,high,ChIJE4NdzHpVXj4RoL9Hiy_phuM
zayed-international-airport,high,ChIJz7nkWLhUXj4RZ5DPrOZKnVM
zayed-international-airport,high,ChIJK893qr1UXj4Rp6kDeZ1ogg4
zayed-international-airport,high,ChIJuegG0rZVXj4RDFF9Zo1WhtM
zayed-international-airport,high,ChIJb93JIBlVXj4ReEJI8IfLCu0
zayed-international-airport,high,ChIJ1wXhfNNVXj4Ratll-WibPf0
zayed-international-airport,high,ChIJN3D6p8dPXj4R3yBQqwyBw3M
zayed-international-airport,high,ChIJMRP7IAFPXj4RSz1qPAw9NhI
zayed-international-airport,high,ChIJ0eiMDgBPXj4RbtWaL1szmjY
zayed-international-airport,high,ChIJ_3PpKfdFXj4RMHet52RdlMM
zayed-international-airport,high,ChIJF3S7gY5PXj4Rj-9MkNrGVCc
zayed-international-airport,high,ChIJE9GxX6BHXj4RGlt2IQolkFo
zayed-international-airport,high,ChIJrzaR6p5PXj4RhUr3DeYN2qM
zayed-international-airport,high,ChIJz2ltkixLXj4R7VAg6B_e7jg
zayed-international-airport,high,ChIJUQwY39BPXj4RsxvhH-xf4yg
zayed-international-airport,high,ChIJX0fF9NNFXj4RnoPe9u8IN-0
zayed-international-airport,high,ChIJhTH3IQA3Xj4RxufTBS3mKI0
zayed-international-airport,high,ChIJGUvxqCQMLi4RhzATSVQSUus
zayed-international-airport,high,ChIJKepBesZHXj4RaBj3rjbxowg
zayed-international-airport,high,ChIJP2wFAmlFXj4RyTAG9SZLuOo
zayed-international-airport,high,ChIJyzQrxX9BXj4R3dgagdsPj3c
zayed-international-airport,high,ChIJJa-aG9pHXj4RITVTPeiexls
zayed-international-airport,high,ChIJ4wFe7_lHXj4RtfXZggHE9rQ
zayed-international-airport,high,ChIJG4PiHHpHXj4Rgotz8EAEtKw
zayed-international-airport,high,ChIJJ-JnA39CXj4R29ei0wLjmCw
zayed-international-airport,high,ChIJzZVKEF5GXj4RN9lxYZQXab4
zayed-international-airport,high,ChIJoZVnEQBHXj4RhoneBiTbNw4
zayed-international-airport,high,ChIJkT7LnDdoXj4RYAutdxTjQN4
zayed-international-airport,high,ChIJYfh3OItpXj4Rt3V__N7ZRco
zayed-international-airport,high,ChIJSZPJAhFpXj4RnXb7lxKNILI
zayed-international-airport,high,ChIJee0fKLBHXj4R3ULumaNyt_E
zayed-international-airport,high,ChIJo4M7ff5HXj4RozyClVf8rfk
zayed-international-airport,high,ChIJXegBnsJLXj4RbvwJRXPu_8o
zayed-international-airport,high,ChIJycN1AhxFXj4RscBwotobRns
zayed-international-airport,high,ChIJqZDQZdFBXj4RVgknuVN2Yt4
zayed-international-airport,high,ChIJP402dFdpXj4RYdkRQwX62T4
zayed-international-airport,high,ChIJt4ngRthFXj4R7qe029dMUJU
