branch_id,place_id
al-ain,ChIJH2YVQQCvij4RZQa-s3P6o5A
al-ain,ChIJJSr-mdqvij4R_-EnlVovxxc
al-ain,ChIJT40F49Sxij4RQ-TqfKKhzuE
al-ain,ChIJtec-F-Wxij4Rt6BTCnNZOMw
al-ain,ChIJDSS2q4Cwij4RvG_Tnf01jt8
al-ain,ChIJRZKmhW67ij4RHlKz6bWF8bo
al-ain,ChIJ_____4Kwij4RdvbjmlasuA0
al-ain,ChIJkcORU66xij4R5XULIuF29mE
al-ain,ChIJSfjSIGq7ij4RnJuMR9P6kGg
al-ain,ChIJOWloVwCxij4Rx7wld6mBoQA
al-ain,ChIJ7XvVr9K7ij4Rxu2eZXbJ8Vw
al-ain,ChIJgSVEMZuxij4RZWngLi7zKcM
al-ain,ChIJN9p2AACxij4RWi7vgfxJpO0
al-ain,ChIJ4VenI46vij4RGBeeev-86bQ
al-ain,ChIJaYcAKOyuij4RCf8grQIXvuE
al-ain,ChIJr43UrvOvij4RLdeyRLXdWfE
al-ain,ChIJt0vAsDSvij4RWgwMtDkaaFI
al-ain,ChIJ_9ZzagCvij4RmxNysl_08_Q
al-ain,ChIJyzrkHQCvij4R19Jws_CJwpA
al-ain,ChIJy9DwP36vij4RuRl0-pZfnvg
al-ain,ChIJb8rKZWuvij4RLIM1lvlk5qs
al-ain,ChIJGYN4yliuij4RVdmyprz2s-I
al-ain,ChIJzVSzpS6vij4RHs1SiAUsVSo
al-ain,ChIJ4xoBN-Ovij4RRMxUU1cZhZk
al-ain,ChIJT6ZsEACvij4RRcsQzz29zYo
al-ain,ChIJd8I4wAavij4RC8iI04X5KZE
al-ain,ChIJpYjj6mqvij4R4I8B3ncx9m8
al-ain,ChIJe1q1FACvij4RbqxxXV4gDPI
al-ain,ChIJ1cdEtV-wij4RW0RkDncIp8M
al-ain,ChIJW23Ta5Sxij4RZw2mVtWj55U
al-ain,ChIJ_X46CTGxij4RMnoOzA907sw
al-ain,ChIJ6d_oa8iJjSUR15P3HQcrfCw
al-ain,ChIJe312ZDKxij4RyI6Xy_M19PA
al-ain,ChIJGbP1Dt-xij4ReO46JKGjBW0
al-ain,ChIJN-JTaQ6xij4RXhquuKhwiFU
al-ain,ChIJERXyTkCxij4Ri9bWQWbnAtw
al-ain,ChIJK8uF552xij4RD-ZWkBvF9Ck
al-ain,ChIJa56kFACxij4Rbe1C2aQl2Ec
al-ain,ChIJZ8jWX4uxij4REip53Fc5Tio
al-ain,ChIJgxPwtxCxij4RrIpt5G1gD7I
al-ain,ChIJeSlaldytij4R70I__hAougk
al-ain,ChIJ2YFLNnytij4RGblUGSx6nKU
al-ain,ChIJh8ij3rKtij4Rp2CCh_pprKg
al-ain,ChIJb34n5hCuij4RqiS1VgZaSnk
al-ain,ChIJkbpRWACvij4RvV8mBcToWBE
al-ain,ChIJ16Zlg3Cvij4RSAL9vtSZD24
al-ain,ChIJeyjXNgCvij4R3MKT6a88heY
al-ain,ChIJG1pmtnGvij4RHhOTDoimxGU
al-ain,ChIJhasCFAavij4RTLvJROlIaJc
al-ain,ChIJPd269Eivij4RdjSUpOsmWis
al-ain,ChIJXQMLrqGvij4RwibUhavk5Js
al-ain,ChIJnwr5NkOvij4RmdNyeS6uroo
al-ain,ChIJoT6bF5-vij4RIQkvhC95ltA
al-ain,ChIJkwV77Zmvij4RbWKomCxWpSU
al-ain,ChIJ-_Jmvj2vij4Rzs_B58K1mgI
al-ain,ChIJUcv0Wo2vij4RGxp4BAsn7bU
al-ain,ChIJFxt_UT6vij4RRApoki-kaTw
al-ain,ChIJj5pu4Jmvij4R8VxjaZq3GhM
al-ain,ChIJ4TNJ_Beuij4RbLLgYvIfAOU
al-ain,ChIJ17kOD-exij4RJ9DJM4hBxCo
al-ain,ChIJs0pW-oqxij4RD1dWYgW7sEQ
al-ain,ChIJU4NjYgCxij4RBcwdPx0x-yU
al-ain,ChIJ75l9fqixij4RCKBHJGfstZY
al-ain,ChIJj5zIfOevij4R2ibq7N4RC7E
al-ain,ChIJc9M2xlOvij4R-gAQCRTyIVM
al-ain,ChIJp03PfgKvij4RVEXNXYDhzc8
al-ain,ChIJLZQi5qixij4RayvhFBBxGFI
al-ain,ChIJ8cBnmJKxij4RzrqPlMRDco0
al-ain,ChIJXWqKk3ixij4RMwvu8dUKO9s
al-ain,ChIJKYRkPLG3ij4ResFU6w9CLQg
al-ain,ChIJIVxKcxSxij4RmmEG3Ws025M
al-ain,ChIJodo1MACxij4RUDlmajOn_LM
al-ain,ChIJef4lftuxij4Rfi7yz9mf2n8
al-ain,ChIJT0wjtIaxij4RwYFBNm-PToI
al-ain,ChIJpy8hMgCxij4RXYPtqHWrUDg
al-ain,ChIJTRqhNACxij4Rxymyy5_qv4o
al-ain,ChIJ8-ChZQCxij4RH4RdrcS1s5g
al-ain,ChIJdWxdAMirij4RfYMcrX0oCLI
al-ain,ChIJIdbJY6Orij4RLauLzQeStq8
al-ain,ChIJBTsfZaOrij4RLWgcGF0WdAY
al-ain,ChIJXcRycq6rij4RXLLD_tPsaLk
al-ain,ChIJSe2ZH1irij4R3b-ju9B9jEM
al-ain,ChIJa2LlS7Grij4RzC192Tf8-h0
al-ain,ChIJO_irHamrij4RhPOkg4hXXog
al-ain,ChIJteiTbDyrij4R6QR1zelYWuQ
al-ain,ChIJLSoUyY2rij4RRDLBM0DgZHk
al-ain,ChIJ_2g8q5Krij4RT0GHhjNKa2Q
al-ain,ChIJwRxUuLKrij4R9lk-zofNVGE
al-ain,ChIJYUoTGwCrij4RmxAt8U9KOx0
al-ain,ChIJhYQ9C5mrij4RH-3Y0yi96kg
al-ain,ChIJj-5WtCyrij4ReY-l0N6BYxk
al-ain,ChIJW3lViT-rij4RBh3Rb4MjbmM
al-ain,ChIJ87oNO1arij4R931BObDRzhw
al-ain,ChIJvQv1ptGrij4R-UT44SnvJ8I
al-ain,ChIJ32BduMerij4RVe1lRl02D5M
al-ain,ChIJwbrCNFCrij4Rsh5duW10TuY
al-ain,ChIJfTXji0Orij4R6tfTCEQIWek
al-ain,ChIJqSIkSpmrij4RRYfU88SH9PA
al-ain,ChIJU95A5cGrij4RSMrN6vDizms
al-ain,ChIJA1hqHQCtij4Rg3VXhTel5qQ
al-ain,ChIJ34CaaACtij4R5q99hBnibtg
al-ain,ChIJLXJNyeatij4RT2-2Q09JYw4
al-ain,ChIJ7S7Bhpetij4RMJrRBcMy2X4
al-ain,ChIJJT6mDpGtij4RQ6hVVFR3VHY
al-ain,ChIJuUBGT9mtij4RX6VbfPTF0gU
al-ain,ChIJqatRyVqtij4RZZjneBXxA_Y
al-ain,ChIJJd_Y08Kxij4R755rwM1pNxY
al-ain,ChIJMcqDKaKtij4RP-EC5vE9v8E
al-ain,ChIJBeU6eomzij4RQI0dC_6vJyM
al-ain,ChIJXReqYQKuij4RfM51Db0DhR0
al-ain,ChIJSW3Wc6Cvij4RVqmVUXRIPfY
al-ain,ChIJryale2Czij4Rc97z1tugN94
al-ain,ChIJZ06Rl2evij4RKK5i-cGvy1I
al-ain,ChIJeQc9-u2zij4RxYGKkIvunk8
al-ain,ChIJzVM6DwCtij4RkvOo_mxu4bw
al-ain,ChIJx77OIACtij4RWaSVGi1r4L4
al-ain,ChIJDUAQUwCvij4RxvPzndlEkBs
al-ain,ChIJp9ytd6ixij4RjF79c_A7Clk
al-ain,ChIJaRyRTE-xij4ROKfEGjuBN00
al-ain,ChIJHYmgppuxij4RKP9R7btrgyE
al-ain,ChIJzzbywhyyij4RijXShawdh7I
al-ain,ChIJFSNK1MOzij4RQf8QpfrN95E
al-ain,ChIJ41I_Tm-xij4RGDLRsXuw3Ow
al-ain,ChIJV70DgtGzij4RRh6_4hZV550
al-ain,ChIJGbhzeuexij4Ra090LoMMZkM
al-ain,ChIJE5gFvtKzij4R686ZJdYDvBM
al-ain,ChIJz2y9eACxij4RsbndWqEjBRc
al-ain,ChIJN5j0wUWxij4R8TN2xJxsI3M
al-ain,ChIJu34BNYyxij4RotZtIy2lDLw
al-ain,ChIJ7ZcjXACxij4Rp1-jfjC1aBo
al-ain,ChIJMU5vP36xij4R7f2yKKT8OOw
al-ain,ChIJWUyAG3Gzij4RhQBnPkdegb4
al-ain,ChIJj0mGaWaxij4RUFUa-tnn0p0
al-ain,ChIJTQR2LGixij4RcHgrhdYfyjQ
al-ain,ChIJWaLT1k2xij4R8jIst56kvSY
al-ain,ChIJx5yyPG-xij4RyZzGgCJzI1k
al-ain,ChIJA7oWOwCxij4RBsuCy_BNTTY
al-ain,ChIJBd1qxzGxij4R2gSQLCjksz8
al-ain,ChIJn3MwAgCxij4REndfcDBfAbU
al-ain,ChIJu12vWMyxij4RegezLVwdcHY
al-ain,ChIJ0TcX7JSxij4R5kaeUxPrR20
al-ain,ChIJHUImbcCxij4ROzNTek34UJk
al-ain,ChIJZyaHMcixij4RmCPKOzwrJxs
al-ain,ChIJSeYuXQqxij4R2ibXVpu_Lr4
al-ain,ChIJKYmr1ROvij4RvCy_3kolans
al-ain,ChIJA1-xH8a2ij4RTPwDvgo89fY
al-ain,ChIJKd8e7BW3ij4R1k01bqxDmKE
al-ain,ChIJoUtyIYuxij4RPWUJdrIMnUY
al-ain,ChIJz-uNw6axij4RX0vDmGzHhEA
al-ain,ChIJW_LGkcy2ij4RSLOZoWF-dbg
al-ain,ChIJq6qaVEuxij4RWWIh9sKUrhE
al-ain,ChIJS-YvDbW2ij4RasrqSqPnGTI
al-ain,ChIJAedexYixij4RkBJo11kzsHg
al-ain,ChIJ67lzQ9S3ij4R3An0QtVOzDQ
al-ain,ChIJz_AZxHqzij4R1pfjNDA1yE4
al-ain,ChIJr9Go6Y63ij4Rz2x2lb9RlDA
al-ain,ChIJldRHUzWxij4RVwF96KlfMSo
al-ain,ChIJlwqCQO5pXj4RcCzZmE-eNeE
al-ain,ChIJgQNmroyrij4RPjErjMtG8WY
al-ain,ChIJJVYkZ4Kzij4REDyJZyiYQC8
al-ain,ChIJGY_KeQCzij4RqsPrFl-0GpM
al-ain,ChIJ-Y-shROzij4REi_nYgYTzNs
al-ain,ChIJoRwtTBSyij4R2hO70UOK_gQ
al-ain,ChIJgW8DtvSzij4RImrsJ1zOZnY
al-ain,ChIJpxOOGEuzij4RuKvHVHiPZDk
al-ain,ChIJVSBoxRKzij4RyipMKZhIrR4
al-ain,ChIJ6Vqaz22zij4RXNfJYsXsWJA
al-ain,ChIJA1QJIn6zij4RhG1KGqPFxy8
al-ain,ChIJiScg9dqzij4Rus0DNYwz1oA
al-ain,ChIJF2LeaqCeS20RPkqCjoqMdho
al-ain,ChIJEZWd-rmzij4RcDJR6JAOSh0
al-ain,ChIJEb2yvPWzij4RDlQHmy45hyM
al-ain,ChIJf3YNWWuzij4RlHMoHL_Zizo
al-ain,ChIJARdJKW-xij4RS5nwkneYuBA
al-ain,ChIJE79PNEezij4RBibrYfJhS7M
al-ain,ChIJzZzwdvyzij4R93q2jmrkT9g
al-ain,ChIJ7XCqrZazij4RzL7krO5dGcc
al-ain,ChIJlcof4o6zij4RiVKy1AyWuY4
al-ain,ChIJhWHkbROzij4R3nbF40YZU9s
al-ain,ChIJVaKTfJ2zij4RRm2aNjhpOmM
al-ain,ChIJBfYOwO-zij4RRmNOG_ccs2Q
al-ain,ChIJfb9jbk2zij4Rqt-sJfZTpSY
al-ain,ChIJ0z9BSduzij4RJsLs4UPB_iM
al-ain,ChIJ82r9i_2zij4RbuBWvsheeAk
al-ain,ChIJWY1zBMuzij4RBuHOnnh32p8
al-ain,ChIJldy7Pfyzij4RtdcZgM_Aw-0
al-ain,ChIJbxzxlEWzij4RTBTuWtkKrME
al-ain,ChIJk89iJMOxij4RguPEr8-FdKk
al-ain,ChIJTwgmD52zij4RxUO7u81QlEo
al-ain,ChIJxRtIFuuzij4RAyPK9TpQSqo
al-ain,ChIJGZgfmuSzij4RlS1BqwKz4zo
al-ain,ChIJrf7J9kKxij4RPFoNDu6fTqg
al-ain,ChIJzdUy-8Czij4RmxSaIqqwpHE
al-ain,ChIJZ9LEDlSzij4R3Jx7UE0uKoU
al-ain,ChIJf_x7y4izij4RQZivgm3G8bA
al-ain,ChIJUZ4hKwCzij4R1sqYnzGECNY
al-ain,ChIJBZ-qewCzij4RQryQGLMjjqg
al-ain,ChIJ_YhXghmzij4R8afgQgHP1KY
al-ain,ChIJY2wJB_yzij4RbuclvcI_gtk
al-ain,ChIJb13Zlimzij4RD-hsK2jCPDI
al-ain,ChIJkyjnF-mzij4RCnk-kRbdL3s
al-ain,ChIJQdfM-5Czij4RgPpmIcFoBbk
al-ain,ChIJfwxbf7izij4RFwLvZ0STmL4
al-ain,ChIJFbdhbwCzij4R7-K-QbfipTU
al-ain,ChIJReX6zPuzij4Rd9z8z7Q-RMk
al-ain,ChIJQ1TNHgCzij4RnFb7L1Z0Jj4
al-ain,ChIJNZw28Fe3ij4RCaSuV_X25Nc
al-ain,ChIJR1j5rn-3ij4RzZ7a0gBlQlQ
al-ain,ChIJofWRFqi3ij4RMw2tuR55xTY
al-ain,ChIJhZ2WJA-3ij4RiewECdncvWU
al-ain,ChIJ_85hIgaxij4Rw4l18HnLnTM
al-ain,ChIJcejkDOM44Q0RgAprA5HjXV8
al-ain,ChIJz0CxCPGxij4R44xn9olX80U
al-ain,ChIJ_0IqsYe3ij4Rvzc7B7wmuH0
al-ain,ChIJX8Y-PqoGokkR5xo7Kl6D3Ew
al-ain,ChIJJ5dhdsi2ij4Rm77DgC7A8s4
al-ain,ChIJmabtJ8e3ij4RzMg5zeJpwAg
al-ain,ChIJ298VMgC3ij4R0g9BJjC04ws
al-ain,ChIJV_9vUwCxij4RvybZ95ktgvM
al-ain,ChIJ2eQKsI63ij4R06cfb7OVS9s
al-ain,ChIJ64h8fRDWUaMRDmgq1e0aqys
al-ain,ChIJ7eMGCra2ij4RBGB61P7mdNs
al-ain,ChIJgaSfi-Cxij4R91ClwcAIpdg
al-ain,ChIJz9PMEaO3ij4R-YhOxprTSBU
al-ain,ChIJkfNwb4q3ij4R5QQU0K9c0cg
al-ain,ChIJuV3OaCm3ij4RfHHqpjiUbfg
al-ain,ChIJfetbRPi3ij4ROA8uVDx97_Q
al-ain,ChIJsZuQLAexij4RLAMfapXe8_A
al-ain,ChIJex4uGwC3ij4RXcArFhTLPeQ
al-ain,ChIJZ8MHIiW3ij4RnnRAqZ5iK0E
al-ain,ChIJ7XjJh-C3ij4ReyBLlfS4S2k
al-ain,ChIJb9EuAsqzij4RnjnjWHzfV6k
al-ain,ChIJV35toUa3ij4RGFVgmkg9lQA
al-ain,ChIJHzHHZh6xij4RSVU8Bg6gLWM
al-ain,ChIJYVIg79S3ij4R5xEhD_znX8o
al-barsha,ChIJDQwaOcBxXz4RiKiPNrhC0B8
al-barsha,ChIJnbgZ0DZxXz4RcCgUSnMXktA
al-barsha,ChIJU5t7lGdxXz4R-OGTPyptdMY
al-barsha,ChIJCfaagUpxXz4RuMGUUNAzDM0
al-barsha,ChIJdSesLxpxXz4RM1bACiVK1zU
al-barsha,ChIJ6SbmmzJlXz4RIFQWZ0cCUh8
al-barsha,ChIJASaS2CRxXz4R8csNCKEtw04
al-barsha,ChIJadsHdwBxXz4R2nJ-4I76WGI
al-barsha,ChIJ9ztEA-FtXz4RAGemqVYec5w
al-barsha,ChIJiZQzQd5tXz4RpZpIxBBEbIc
al-barsha,ChIJMzPF6ZZtXz4Rx0s_zlZyioE
al-barsha,ChIJW-0RDINtXz4R-PR22ETHCI4
al-barsha,ChIJLfqWekhtXz4R2evgQqknHso
al-barsha,ChIJeRSOP0htXz4RAxBfsOZg2VA
al-barsha,ChIJn_rhhwdtXz4RVxPr2F7oTxA
al-barsha,ChIJdzDwuXv3NAoRpv5ZrUa0FHM
al-barsha,ChIJxYTfREVtXz4Rs3jUmZCAO9Y
al-barsha,ChIJyd4g_pptXz4RkOGnZHR6XVo
al-barsha,ChIJ1cHNmXZtXz4RTQ4zuuiuoSo
al-barsha,ChIJy0WgZQBtXz4R4FvmqLRMmao
al-barsha,ChIJH6BhdmttXz4R6qFnHkj5XSw
al-barsha,ChIJx6Te75NtXz4Rsmj3p0qtE7I
al-barsha,ChIJ3RiWBWdtXz4RMxjFdoI8lM0
al-barsha,ChIJ4yiZA4JtXz4RyHOqaHDbi2Q
al-barsha,ChIJj1ve_eldXz4RGjEWSq6f9Z0
al-barsha,ChIJrwaWdhRtXz4RZdzBgyHtIaw
al-barsha,ChIJE9U6SqhtXz4RieMmZ4jyBLk
al-barsha,ChIJHxzurtbByQQRwAWu-oB9X2Y
al-barsha,ChIJWbDLOlJtXz4ROrG0ixz94ZA
al-barsha,ChIJ8xCzIFBtXz4Rw2fM2k0qHRE
al-barsha,ChIJhzOwdARvXz4RvQtECCtDJeU
al-barsha,ChIJ8dQJgZBtXz4RFxFYRl20DJY
al-barsha,ChIJfTsjowdtXz4RfqaeZosQfGc
al-barsha,ChIJTTn1ObxxXz4Rr6xLe3sTJ7M
al-barsha,ChIJ04qA-IxxXz4RQJ73k0cbT5Y
al-barsha,ChIJM8fdRdVvXz4Renbv4kiHe7k
al-barsha,ChIJsQaIhpxxXz4RvkSCjY5xvl0
al-barsha,ChIJ09XSVOtxXz4RnkSNm1FGWEk
al-barsha,ChIJpbcAKFZxXz4RxSkZ_TAJ69E
al-barsha,ChIJE5Ou_LpvXz4ROLr_fRQOwrM
al-barsha,ChIJFy58IWNxXz4R7vZRt7pdvL8
al-barsha,ChIJB5jPJQBvXz4RNV14eDEZsjI
al-barsha,ChIJjToFURFvXz4R6vYsL0ElwE0
al-barsha,ChIJwxrt1eVxXz4RBrAvN6_Fk-Q
al-barsha,ChIJr0DM93hxXz4RK-gsY2Qx8dw
al-barsha,ChIJdyraDPh5Xz4R34aO9wPm56E
al-barsha,ChIJa0TN9-VxXz4RxSMbxpXzac0
al-barsha,ChIJpauUu-5xXz4RgooM9W3Oa6k
al-barsha,ChIJu-seIOhxXz4REDI59Lky-K8
al-barsha,ChIJ-0P7Jf1tXz4Rje7-0YFcM3Q
al-barsha,ChIJZR_lhhhtXz4RqarjuJzbGtc
al-barsha,ChIJQ20Q4t9sXz4RXdmqnHykV_o
al-barsha,ChIJEy4q3t9sXz4RoIIRLAFe1PI
al-barsha,ChIJj_pqhGBtXz4RTs4UjuBCKc4
al-barsha,ChIJbe5lUn5tXz4R7vU7HpkjHSc
al-barsha,ChIJYz5VGJVDXz4Rnm-Fq2l1WjY
al-barsha,ChIJCVQWGwBtXz4RraEvUe4A_VY
al-barsha,ChIJ3bYQmRJtXz4RfgBW44vVHDw
al-barsha,ChIJGVsHtbNtXz4RrOYLqo7Jcuc
al-barsha,ChIJ6ZNQrbNtXz4RcJs8XZxFPT4
al-barsha,ChIJ2bny5oZtXz4RmHYfIgIp-c0
al-barsha,ChIJTc8aR-VsXz4RF5-Volg8EbU
al-barsha,ChIJM7-UJbptXz4R3yQ6jeUWHsg
al-barsha,ChIJiZsbz5ZtXz4RhAc9F3Y0SMk
al-barsha,ChIJq2_GrGBtXz4Rb3uoss5ALuo
al-barsha,ChIJbx3zbs1tXz4RYWuD2zQHnBI
al-barsha,ChIJN1xMJf9tXz4RLuPTojI9uEo
al-barsha,ChIJsXxEXqZtXz4Ro4u9Db1gDuY
al-barsha,ChIJsQNsE_9tXz4RtkipklfpFmE
al-barsha,ChIJaXRKzyhhXz4Rgco-Kv7KkGw
al-barsha,ChIJK-7lVO1tXz4RMr9whME7dJY
al-barsha,ChIJBa4VrhZtXz4RBILEucrVUEc
al-barsha,ChIJLWXAa5ttXz4R90i2vNMocj8
al-barsha,ChIJzynOTXJtXz4R-WtRuvgtE5Y
al-barsha,ChIJH32H67ZtXz4R8CNbPtkHgtg
al-barsha,ChIJAeX3S6htXz4RprfwZfXyLcY
al-barsha,ChIJl2qKJgltXz4ReuBuwKKMYvw
al-barsha,ChIJC4J6G2VtXz4R4RsTT8qB6ac
al-barsha,ChIJa1InCzVtXz4Rihe5RIz6XGc
al-barsha,ChIJQ7UJcfttXz4RoBTDuI2qAvs
al-barsha,ChIJuVb7JFZvXz4R4i2GWXDiSyo
al-barsha,ChIJ2-ovMplvXz4RyX4r_oQ7ycA
al-barsha,ChIJhR7xgQ9vXz4R_DHNyab7d0E
al-barsha,ChIJV1t8T_FvXz4RQxzTeykQ-64
al-barsha,ChIJ4zlwjihvXz4RgRVZyYd1gic
al-barsha,ChIJxYEDqrtvXz4ROdRxDwW98lE
al-barsha,ChIJuRItV1pvXz4RDyikHbCwXtE
al-barsha,ChIJj5yMIXJuXz4RRDbWKMTCPu0
al-barsha,ChIJ_3cd8NtvXz4RdhT5_M0FRoI
al-barsha,ChIJiZEgcYnacoERdctf7dzpZWY
al-barsha,ChIJccLd2X9vXz4Rei7lzTt5N78
al-barsha,ChIJ3aP6j7hvXz4Rf8nb_6qElnI
al-barsha,ChIJ6zPLjxZvXz4RBi8Z_6P-kPo
al-barsha,ChIJ0yIYUnFuXz4RxEeQNv2BzdM
al-barsha,ChIJ2bDzTzVuXz4RTJkqKFMgz1Q
al-barsha,ChIJ206iCbZvXz4Rq3Zwg1M9RoY
al-barsha,ChIJV1uf80puXz4Rc52nnaN4zr4
al-barsha,ChIJ4V7lZhBvXz4RgbOwhFmVkKM
al-barsha,ChIJUdN_NbNvXz4Rn-_W_7yLKrc
al-barsha,ChIJWzXPzmNvXz4RJfl6Aix_b74
al-barsha,ChIJMxIuLABvXz4RNsNPqOvXxjw
al-barsha,ChIJ-RIG-T1vXz4RfJS75Xz-zoE
al-barsha,ChIJLfsLPFQTXz4RX_4X2fhzqfU
al-barsha,ChIJDfWiCfltXz4Rusomg1MTsa4
al-barsha,ChIJjXtdokFtXz4RL83O2a0D6ZE
al-barsha,ChIJEQAPcthrXz4R3RTM5SJQyrc
al-barsha,ChIJZzmYK6MTXz4RgF2mPRGbNd0
al-barsha,ChIJm1pVp0BtXz4Rpgo2ztoaZEA
al-barsha,ChIJU_QK2KoUXz4Ru93PuJFIupY
al-barsha,ChIJx5BOfa5sXz4RXNsRSY2lun4
al-barsha,ChIJ5S0k-lNrXz4RQHWm2twWnbM
al-barsha,ChIJWzSmhLNrXz4RHXehJpUg3E0
al-barsha,ChIJ6ZsuhmFtXz4R47TQ90ZHCzE
al-barsha,ChIJpf9cxi1tXz4RbtgU9W1DO4I
al-barsha,ChIJwcoaR6dsXz4RDLheu2Bp538
al-barsha,ChIJzXuUo5tsXz4RzzSoaPXEn5c
al-barsha,ChIJOwhDoWFDXz4RmQU9ldvvwWY
al-barsha,ChIJM-KxW6FsXz4RjrMlJoqqJWM
al-barsha,ChIJ5f2XdotDXz4RMj_NhIGHozU
al-barsha,ChIJA6g3FNFtXz4Rt4V5ajzhvlk
al-barsha,ChIJ_aEXB79sXz4RnviPOYGaj2E
al-barsha,ChIJVVVA7JhsXz4RpDbMLQunIKU
al-barsha,ChIJn2iIevJrXz4RX00nr_Slasg
al-barsha,ChIJPycKFHltXz4RUZ1LzXwyJAg
al-barsha,ChIJ67goKABtXz4RXHhw0ECjnFw
al-barsha,ChIJvcTyx0NtXz4Rac1Gnsk9Jzc
al-barsha,ChIJO96ntmJtXz4RR1nUd6qXzIo
al-barsha,ChIJa17sR5ZtXz4RMNhHiMM0Zsw
al-barsha,ChIJi3fzHnRxXz4R9CwkfSdz09k
al-barsha,ChIJbQepX4NtXz4R8Xcv4BeD8mg
al-barsha,ChIJK2kMNQttXz4RSwr6ashIbvw
al-barsha,ChIJCSbQ9uNtXz4Rd7PasTLpvzw
al-barsha,ChIJrz3XvhptXz4R4wDdcB9IE_Y
al-barsha,ChIJX3PyIE1tXz4R51483ZNsyx4
al-barsha,ChIJv8jrgpttXz4RsVuFSw-cgIo
al-barsha,ChIJyR0D6zZsXz4RHT0ZIk1MVKs
al-barsha,ChIJtQVHyThvXz4Rlt7agELQepk
al-barsha,ChIJtS1tnJ9rXz4RHzfSa65XG7w
al-barsha,ChIJey-AeARvXz4RYT4o2ICbfkQ
al-barsha,ChIJgzFdhEVvXz4RfFUxi7RUxzQ
al-barsha,ChIJ45xjV7dvXz4Rs6aRKTp46Bg
al-barsha,ChIJH7f3XthvXz4R88x3K_nW814
al-barsha,ChIJTV_hyeZtXz4Rju47jz_CRK0
al-barsha,ChIJUT9-0hZvXz4RZw7yu7JXlZo
al-barsha,ChIJO55c5TlvXz4RnSwQJqkRQ2Y
al-barsha,ChIJUVdlILJvXz4Rkgl6CUtm4hk
al-barsha,ChIJfX-wmphvXz4R2FjbEsZ9zjo
al-barsha,ChIJZUUZelhvXz4R03pu6KUwLDk
al-barsha,ChIJJ6SgNf9nXz4Rbi-MxPKgNX0
al-barsha,ChIJf1uHVF1vXz4R_PgvE_iDdeg
al-barsha,ChIJG_lBnh5vXz4RFf-fzpViDVU
al-barsha,ChIJ_ytLU8hvXz4RZhKQkKfJiSk
al-barsha,ChIJZwNBTwVvXz4RdP-Y_XSAFAc
al-barsha,ChIJ-VZVpCRvXz4R9geUkFI53TA
al-barsha,ChIJ__8_94puXz4RRr6WQ2wLdBU
al-barsha,ChIJXbX5Y0ZvXz4R-DgfAQPgZkM
al-barsha,ChIJ51gyj4puXz4R4MBu-EV-Hqs
al-barsha,ChIJPdYXxPtvXz4RlLjDjn0h96c
al-barsha,ChIJb1rjB8RvXz4RoHKEfoR_gA8
al-barsha,ChIJO6eueq4EDowR5Y39_qFmCK0
al-barsha,ChIJPbP38DJlXz4RfTGiZ3W_Fzs
al-barsha,ChIJv_FEbKdsXz4RS0OpAt_a7WA
al-barsha,ChIJkVpdJetrXz4R2v9qP9A2AYg
al-barsha,ChIJzbQmWi5rXz4RDRz-3XIcbaY
al-barsha,ChIJY5xG-adrXz4RRGRjUX6IX44
al-barsha,ChIJt61bfPRrXz4R--uyPFsQffQ
al-barsha,ChIJu-rs299rXz4Rf6H8NIgAEvg
al-barsha,ChIJz4GoXLxrXz4RS4Hp4z4ZOPI
al-barsha,ChIJYczZwaNDXz4RVUkLBjBhJ2I
al-barsha,ChIJMeSaCWVrXz4RveubZkApFLk
al-barsha,ChIJn0hk6OVrXz4RlDHlwMNraBc
al-barsha,ChIJVaa5b91rXz4R49LpEhPbiJ0
al-barsha,ChIJp6EpTHprXz4RGABjzaVtGq8
al-barsha,ChIJB1eybbhrXz4RfNr5DkIOkvQ
al-barsha,ChIJpfLIdP1rXz4R_R7xnlyKBJk
al-barsha,ChIJ0-w-wVxrXz4RYc37MlYKCbE
al-barsha,ChIJH5dUcoFrXz4RWOBrkjL0Wzw
al-barsha,ChIJXUoCz0ZtXz4Res-r0ofyu3k
al-barsha,ChIJkz0IbwBrXz4RIwqLuYA0bD4
al-barsha,ChIJrxTUycpDXz4R_z1tNuPd2cA
al-barsha,ChIJ2fLyQXlrXz4Rl6K19ZHZSSc
al-barsha,ChIJlWNJ7G1rXz4RjLW-0wzJSt8
al-barsha,ChIJec_eH3VrXz4R7F-kRtcUXaI
al-barsha,ChIJW_vhozhrXz4RmzolAlSh74k
al-barsha,ChIJRbNfwhVrXz4RnpZhckAR_cc
al-barsha,ChIJK8wwz3FrXz4Rw2gJhSlSU2k
al-barsha,ChIJXyZO3NBrXz4RXZf2d5HfGyU
al-barsha,ChIJLfby84FrXz4ReCf-3ArfkN0
al-barsha,ChIJpdwj3YVrXz4RwQq2vbFqc-s
al-barsha,ChIJz2ApzP5tXz4RR1A2SJQhumg
al-barsha,ChIJ9bJ680NrXz4Rj_yWJ0q_eQk
al-barsha,ChIJCYKz2FJrXz4RNGlMQNegMFQ
al-barsha,ChIJtU9-uPRrXz4RN3R6liZ223g
al-barsha,ChIJ9yBJjwhsXz4RdzOzU_uq7DQ
al-barsha,ChIJXaK8uCNrXz4R0aW_t1ImN0Q
al-barsha,ChIJGzGWmElrXz4RvqIF6_LqQJk
al-barsha,ChIJNY4YQIFvXz4RuE3Gy4NpBf4
al-barsha,ChIJKVma2d1vXz4RO3KzvSzSBP4
al-barsha,ChIJPRDTDUdvXz4RB2FprX5HeYg
al-barsha,ChIJQwBJk8NvXz4RkIx_tAQYo4o
al-barsha,ChIJzx81zK9vXz4RHN3UOtKrKi4
al-barsha,ChIJq0UBBuhvXz4RTmeulwgAkCQ
al-barsha,ChIJf6CO9v9vXz4RPz89YP4GQnk
al-barsha,ChIJYeLHIKxDXz4Rb1a_NVBlntY
al-barsha,ChIJ7TiGQZNvXz4RsQBI4VvYsnM
al-barsha,ChIJ94qvnXdvXz4RSyovDe-z77Y
al-barsha,ChIJldzzkhZvXz4RqP58EX3zYQ0
al-barsha,ChIJl13_eyVpXz4RuyD2Mdz4dQ0
al-barsha,ChIJ6yo1xAVDXz4RRB-E6eBv3Uk
al-barsha,ChIJEULr2U1vXz4REyipqD_3eAs
al-barsha,ChIJaXwb3aRrXz4RAzpj7IpzKvg
al-barsha,ChIJD5PwivlrXz4RDU4oUcEBl0U
al-barsha,ChIJVyfUzl9rXz4RCK9R7pn1vis
al-barsha,ChIJs_eK9yxrXz4RzOBm4aMC_HU
al-barsha,ChIJAfkYH_xrXz4R9NtW4vGoDL4
al-barsha,ChIJFf99ixxrXz4Rnip_Ns4PpBg
al-barsha,ChIJtY3W8CBrXz4R2LE5GFldpVc
al-barsha,ChIJe63--TBrXz4R4NKODsQUYmc
al-barsha,ChIJwVknQB1rXz4RUmMkorXxZaI
al-barsha,ChIJLeWVEQBrXz4RNvbgOR-dD_0
al-barsha,ChIJxVg52EdrXz4RQnkKjDeWGew
al-barsha,ChIJb6ujzs5rXz4RQ_2sNmN5WRU
al-barsha,ChIJ49Z7XVdrXz4RoIv7siBSqEw
al-barsha,ChIJ8f8nFj1rXz4RVvHyg7cmvLI
al-barsha,ChIJS4uv1PZrXz4RrxyMoF1U0ko
al-barsha,ChIJS5XPi3prXz4Rei1aMIOC6ng
al-barsha,ChIJ11il0yeQMioRcY99sg7ykZs
al-barsha,ChIJU3XoVANrXz4RU30Ih_o90Q0
al-barsha,ChIJxWdj6MNrXz4RbL2IH8EYfFo
al-barsha,ChIJsz4djPdrXz4R1-Rt0aWmHKw
al-barsha,ChIJnTV05xRrXz4Rk_ymTk8TL_Q
al-barsha,ChIJD4bp5lRrXz4RbSHxZ-kIxYM
al-barsha,ChIJnVgaLwBrXz4RhpUHa5ytUHE
al-barsha,ChIJr2VKFixrXz4RiQgP2XD3vw0
al-barsha,ChIJRxWUdgBrXz4Rv7hVj9UWcXA
al-barsha,ChIJD1ePLKdrXz4R4ff-YEShxvs
al-barsha,ChIJZzQyyVFqXz4RIHidgDF01FA
al-barsha,ChIJIWujKHtrXz4RE-7llgiR4N0
al-barsha,ChIJ_YpjhmJrXz4RD-SdWVqhWCA
al-barsha,ChIJrR3Ef9prXz4RPa9jzsXsgzE
al-barsha,ChIJ7xuNn8FrXz4RB3dSnDLcPIg
al-barsha,ChIJQ44YqBNrXz4RR_DLtbYjO_Y
al-barsha,ChIJmXmD0yhrXz4RZLjcBRXnJ6o
al-barsha,ChIJbVx-iq1rXz4R5wi7QFRwMCA
al-barsha,ChIJZQxNp4BrXz4RGG36xMjuoJI
al-barsha,ChIJSTj_IsZrXz4RjkgnU6ZMk2A
al-barsha,ChIJ3R8VfyBrXz4RzQB2VOn8F8w
al-barsha,ChIJDSh_I65rXz4RxfTrHI_J8b4
al-barsha,ChIJOw_2bhNrXz4R6El-vfiOYp8
al-barsha,ChIJa4CFpv1rXz4Rb8J-J6i-ArI
al-barsha,ChIJ7SYyfihrXz4RXLClE0wn5Fs
al-barsha,ChIJAc2mBNVrXz4R4eKQ2a-yvLA
al-barsha,ChIJqwq2NVFpXz4RMjx88Nz2EaU
al-barsha,ChIJK1hHUcRrXz4RXEJ4FE4pJN4
al-barsha,ChIJI296UTRpXz4RMRbdqPYaXJ8
al-barsha,ChIJvYtMcgBpXz4RderZ6nPPbws
al-barsha,ChIJJbUDMXxpXz4RxDAEmJ-kHIU
al-barsha,ChIJhbXVqRtpXz4RFkKE772AO8Q
al-barsha,ChIJGQHuH9tpXz4RCdhOYe4zaVQ
al-barsha,ChIJD7jeX01vXz4RVRMCBIiPawE
al-barsha,ChIJbev-qwNpXz4R92w3l3EeDN0
al-barsha,ChIJc2Txbq5pXz4RRlzAkygTmhg
al-barsha,ChIJb3hmvhhpXz4RgFy4CfzNLoE
al-barsha,ChIJWVOdSRVpXz4RuVCIucyY-as
al-barsha,ChIJNRSSi0xqXz4RK6puzEPZpA4
al-barsha,ChIJMciDnXRrXz4RTN8ha8OmReA
al-barsha,ChIJQWUxURlrXz4Rw8PsX6p1y-A
al-barsha,ChIJz6C6gOJpXz4Rbu0J8dO7ajk
al-barsha,ChIJGcXffoxrXz4RXktJR3_duiw
al-barsha,ChIJuVtFGABrXz4RzzgtNI1g-_s
al-barsha,ChIJP6910blrXz4RDBrB-jf74Zg
al-barsha,ChIJoXaB0r9rXz4ROgb7NzM9Hh4
al-barsha,ChIJF4k5d_hrXz4R0EjhASdjQu4
al-barsha,ChIJgadI4RtrXz4R8BEcIUEHX9E
al-barsha,ChIJrwHLMpBDXz4RG-p5G02RNLg
al-barsha,ChIJ_zUVh5NpXz4RqddTRQjn7EM
al-barsha,ChIJwVS4G5NrXz4RKW68ddfWAVQ
al-barsha,ChIJNZV-h0ppXz4RX1x_21do2ts
al-barsha,ChIJi0XhEeFrXz4Rt4tw37GjwWk
al-barsha,ChIJ5zK5CZVDXz4RVnD8Fm9pVk4
al-barsha,ChIJY0phdN1rXz4REnOYlJUocFA
al-barsha,ChIJmwSByiZqXz4R71zuNrtpdQQ
al-barsha,ChIJR0do5TZqXz4RF7ibiW3Pcr8
al-barsha,ChIJAf6vLtZpXz4R5apQG1K1RzI
al-barsha,ChIJN6beLyZrXz4RyeVXHz4c7Ck
al-barsha,ChIJB3ibexBpXz4RWUiiiIhfd3E
al-barsha,ChIJ4wIIjUBqXz4RMpLJ4g4MDKk
al-barsha,ChIJgXm1JUBrXz4RytE-OTZQYvM
al-barsha,ChIJBW8b_L5rXz4ROct4NjxpLmY
al-barsha,ChIJB_vhFk9rXz4R-nmqKBxTRKY
al-barsha,ChIJ8-2cniRqXz4RxP4N5tsMRIs
al-barsha,ChIJ-x2G8eFrXz4RTbYOYqcjbzw
al-barsha,ChIJt7gZNidrXz4RhTQkfNNsyhQ
al-barsha,ChIJZxi8datrXz4RHIphRY2kC0w
al-barsha,ChIJW2LRvOFpXz4R9PtTPVun_dM
al-barsha,ChIJ06d9E-BpXz4R1NMNghcBTMs
al-barsha,ChIJ5T7zUJtpXz4RKjmYJalkRLE
al-barsha,ChIJ-9qNpUxpXz4R8LBiFZRzURk
al-barsha,ChIJMbEyjAxpXz4REHnzrDi162k
al-barsha,ChIJzckmtpRpXz4Ryjt_12Z3QsA
al-barsha,ChIJccJ83etpXz4R2crhhTWvWUM
al-barsha,ChIJVew1lrdpXz4RMXwmYrWcwbI
al-barsha,ChIJF6qiTdZpXz4RC91u2RSbWo4
al-barsha,ChIJJTOjShRpXz4Rz89x3PV_ClA
al-barsha,ChIJ01kQZkVpXz4RuWinByM2B94
al-barsha,ChIJPyCPNnBrXz4RnvTY2E0sr0U
al-barsha,ChIJPVos8UhpXz4RJOi12LXUmMg
al-barsha,ChIJIwLD1L1vXz4RIO8T1NHJUxA
al-barsha,ChIJg-5VBQBpXz4RlWgmAoyu3Uo
al-barsha,ChIJnUQzSQBpXz4RVjwEb294ia8
al-barsha,ChIJNyDuH3VpXz4RzBl3M_1dpdI
al-barsha,ChIJKfGJ-9lpXz4R_aJd2kNBjnA
al-barsha,ChIJvY8VYoFpXz4R3WZqLQyUOYo
al-barsha,ChIJu8zvAndpXz4RTqEb041058E
al-barsha,ChIJL1pAXxlpXz4REYAGY2DQ7oE
al-barsha,ChIJ7XW19Bz0uw8RACWkZpqJL1s
al-barsha,ChIJo9BeWK1pXz4R2PtK_CJ-H3U
al-barsha,ChIJf5kyjC5pXz4R56eq5RQat2Q
al-barsha,ChIJddXIf85rXz4RaLcWJAcido0
al-barsha,ChIJ1SgeOZJDXz4ROaObLUh_Aec
al-barsha,ChIJGcBVQRpDXz4RUPrFktjufz0
al-barsha,ChIJo1Ydk0BqXz4R8slljwdDzrs
al-barsha,ChIJcTDxWJtrXz4ROFwZqnTaIvM
al-barsha,ChIJma5AbM9rXz4Ri9f410RNpw4
al-barsha,ChIJF9jrFCRrXz4R60mSuWNNu0c
al-barsha,ChIJRd6p1fNrXz4Rb_vndkRnyO0
al-barsha,ChIJp-9jLxFqXz4RBz0pOnf356k
al-barsha,ChIJi6kBHCJqXz4R1LSoBgFHpC4
al-barsha,ChIJmbQT5Q9pXz4RTcITLViIWjM
al-barsha,ChIJ0Y0DQ-1DXz4RCSA0T_vf9P8
al-barsha,ChIJhaG4jh5pXz4RRgJr20PuSWo
al-barsha,ChIJP51lMQVqXz4RD6HqPxzgfo8
al-barsha,ChIJqWuPhpFrXz4RxunMP9bef2I
al-barsha,ChIJ6SoDggRqXz4R7BAvkaFzkRk
al-barsha,ChIJ905RFkNpXz4R5ABvz9GUTwo
al-barsha,ChIJ_6O7ZhgsmEMRDRb3so4R4O0
al-barsha,ChIJHbEf4F65eiURxBnD7-heiBg
al-barsha,ChIJcUON1vVpXz4R7_DyGfj8ljw
al-barsha,ChIJ2bVGXh1pXz4RAFaCrsWU1R4
al-barsha,ChIJg-gkNrppXz4RNh9RysXlWcg
al-barsha,ChIJQWakM0BpXz4RWiHoZdv1lVA
al-barsha,ChIJF-Ow-SdpXz4R_0n40jRhQNo
al-barsha,ChIJ8QQdkq5pXz4RX3FnLte83Rk
al-barsha,ChIJmRKa_5hpXz4R_9Hpp02ls90
al-barsha,ChIJ82MttINpXz4RmdheptphCSQ
al-barsha,ChIJfxKczKBpXz4R5_eQ3rHhTp0
al-barsha,ChIJY99J8J1pXz4R6vYZRRjwm2E
al-barsha,ChIJpXfDnTUnRggRqNJ7dLJVWXE
al-barsha,ChIJWd2MolBpXz4RMaI1wxGdL74
al-barsha,ChIJpWQUEjJoXz4RlI6OwXS5va8
al-barsha,ChIJC635ED9pXz4Rzy7DksENhsE
al-barsha,ChIJx9yRrY5pXz4RVwMdh-0rbIk
al-barsha,ChIJ9fiqSGFpXz4RzQVfvnoD0eM
al-barsha,ChIJMciJj51pXz4RBhHoFazX-mw
al-barsha,ChIJuQSymgdpXz4RQMKEUEuNCvc
al-barsha,ChIJSYDoMPRpXz4RO37A4YnIg_c
al-barsha,ChIJpcG8VL9pXz4Rx8R4UD6Qjyg
al-barsha,ChIJL5Vn-WZpXz4R84H3ZwDMXNQ
al-barsha,ChIJNYpoaktpXz4RvWyXhptbmGA
al-barsha,ChIJMaXbMwBpXz4Rfy9Nu7-IpLc
al-barsha,ChIJh_lp3yBpXz4R5i25x2_o-Pw
al-barsha,ChIJ55fnfRldXz4Rhugo9GcCMRg
al-barsha,ChIJDa8wWtNpXz4RpPMYhiW0Cvc
al-barsha,ChIJ2-cSD2ppXz4RgieAyPBDatg
al-barsha,ChIJQVQek59rXz4RAG7c_F1lfF4
al-barsha,ChIJwQZOJ_V7Xz4R-GbG3nOBR9s
al-barsha,ChIJ2bmyEMZrXz4R_OLIvz40tDI
al-barsha,ChIJcYYO9NJpXz4R5ayXhS1-h08
al-barsha,ChIJj8yR8RppXz4Ro1SLfUtxPZk
al-barsha,ChIJLQrX-sJpXz4ROS8lWWkR62g
al-barsha,ChIJ8cF-LmhpXz4Rqqda-d055es
al-barsha,ChIJ6RREWe1pXz4RX7j2D37MuOo
al-barsha,ChIJFZjcVgBpXz4R6Md6mHK7nG4
al-barsha,ChIJj9Mr4JBDXz4Rv6KTbCsoszY
al-barsha,ChIJHVXH-_ZpXz4R-yZ5Da8l_fI
al-barsha,ChIJTZQd4v9pXz4RUFUMrWEyff0
al-barsha,ChIJxyO0XT1DXz4R7VZlMXG-I_c
al-barsha,ChIJhdA3WABDXz4Rj6MPltJF_nY
al-barsha,ChIJ64YtRDJDXz4R7mFPuC4lgB0
al-barsha,ChIJO_iqMetCXz4R0JHA1kRnG6s
al-barsha,ChIJI1r4IP1CXz4RcTn5yOX5MXg
al-barsha,ChIJ0UD1bJRDXz4R6WaTdVoYRZ8
al-barsha,ChIJre3cwVhrXz4Ryya3lYa7Slk
al-barsha,ChIJi_f1ZQFqXz4ReNLWfJ6MFEE
al-barsha,ChIJQYuPrm1DXz4RnfOXvLVDXb0
al-barsha,ChIJB1KUASZDXz4Rjn8jkMaI0QA
al-barsha,ChIJj7jMk9dpXz4RpgWmZysF8Mk
al-barsha,ChIJIfaNTpJpXz4Rf2hAPr4ITJY
al-barsha,ChIJjTTlILtpXz4R9D--AtcxpyI
al-barsha,ChIJ8YM0cOlpXz4RAmBHRrU5TVg
al-barsha,ChIJCQB88-JpXz4RU_pzq5Fp4JA
al-barsha,ChIJR4QYtRZCXz4Rrj6Pg9cUZ3Y
al-barsha,ChIJ90ydelZDXz4RQc9i3swo3eU
al-barsha,ChIJO_6URRppXz4Rp3WvCoOj6zg
al-barsha,ChIJfdpFo1FpXz4R4AsBNpmPgYg
al-barsha,ChIJQaw2fwtCXz4Rnvy3bF4gae4
al-barsha,ChIJB_1pvVdpXz4Rv1nTixHTcJY
al-barsha,ChIJdWPzvGhDXz4Rb-ODwtXveo4
al-barsha,ChIJj4ruxS5DXz4Rnwa0xss7RRc
al-barsha,ChIJk7BNq4JpXz4R32UzidiqOF8
al-barsha,ChIJ00cEbsBpXz4RP7zwiBHcMCY
al-barsha,ChIJlcpfSXxCXz4RSCAq5R26n3c
al-barsha,ChIJ74TuJThpXz4R0grQUFgC4YU
al-barsha,ChIJU9tRFZBpXz4RCtjRVR5Mbrs
al-barsha,ChIJ7ddNpqppXz4RUcsINlXKdig
al-barsha,ChIJx0WdTdtpXz4R-rWz9lgwd8I
al-barsha,ChIJC-YJFChoXz4Ru7vsBmyQHMg
al-barsha,ChIJA0TF43hpXz4R1xS9rpItnnM
al-barsha,ChIJe6f_Kp1pXz4R4Hlh1KIojoc
al-barsha,ChIJcdNVXdhpXz4RholO2M5netU
al-barsha,ChIJ25If95RpXz4Rf__xdh5OTXg
al-barsha,ChIJI4elhJxpXz4RxxBRnNA489w
al-barsha,ChIJh1suPOdpXz4RSxCY97bhkNM
al-barsha,ChIJPSv6UmVpXz4RD8D6scSDhmI
al-barsha,ChIJM5UAbTlpXz4RTzNOf_SieYE
al-barsha,ChIJqeQKEosVuywRK5aPS93zj48
al-barsha,ChIJl_V8WalpXz4RXKaTB_V_y2U
al-barsha,ChIJy64j2UxpXz4RbA3zoorvT8M
al-barsha,ChIJJ2j7HCVpXz4RCuSqWS9uCWA
al-barsha,ChIJjdvGXWj8rUwRPZW9_g5XC3E
al-barsha,ChIJgUaLe9tDXz4Rn5r_LHtoGZQ
al-barsha,ChIJSVZc4NFpXz4RcxNHrgH5Cew
al-barsha,ChIJQ1Qz_sFpXz4R10KhyIosOfE
al-barsha,ChIJn8ZZQ_lpXz4RY4Eyx61aJfk
al-barsha,ChIJPw22BMZnXz4R9f0kWfaMBcg
al-barsha,ChIJYYU_KS1DXz4RdcjCg_AwXeE
al-barsha,ChIJsx8-I0FCXz4RkF31mTk1790
al-barsha,ChIJ__-vrIlCXz4RU6n0DOZPvK0
al-barsha,ChIJiTDAc45CXz4R1sFRBmmcgdg
al-barsha,ChIJaTs5JpZDXz4RWVY_icT2GvA
al-barsha,ChIJA5NM7-1CXz4Rx5rqB7fcZuE
al-barsha,ChIJg_bFekddXz4REnOm468lyLk
al-barsha,ChIJgdmN5AldXz4RrUS80Bn7Itc
al-barsha,ChIJpX2T-lxpXz4RjDY730JqBmQ
al-barsha,ChIJGSGo8EtpXz4RWtwP7ziX03Y
al-barsha,ChIJkUyZtuxrXz4RWmh1jznT4GI
al-barsha,ChIJk5O0ns1tXz4RpuLbhCUHm-4
al-barsha,ChIJw8V9XABrXz4RvZrjKdUiFxA
al-barsha,ChIJjZKyiOFvXz4RthD5WyFx86A
al-barsha,ChIJ73kkjwprXz4RPQf7k34mCrM
al-barsha,ChIJ9eFOZPoTXz4RWJdd9j75_Ww
al-barsha,ChIJibSOk3ATXz4Ru9kk0k27QLc
al-barsha,ChIJ0bkI2LtDXz4RvvLcg34Dmwk
al-barsha,ChIJWWmtp5RrXz4RKAOob3bZ8Xs
al-barsha,ChIJr5cq53FtXz4Rgck5mrpdndU
al-barsha,ChIJm4JrEiprXz4RRCbXT6RD-Cs
al-barsha,ChIJw2SgmU5pXz4Rfz58NkfTqSU
al-barsha,ChIJGVuPdplpXz4RL9_-8NUgIVA
al-barsha,ChIJo3q5flMTXz4RlPYpV6U5_Bs
al-barsha,ChIJGWfxwXZrXz4RaDExsAf_1VQ
al-barsha,ChIJ3Z_dNr1rXz4RM-IIH0gIP5s
al-barsha,ChIJv9rfIaBpXz4RlVqMpulSc-w
al-barsha,ChIJxWcdeHFrXz4RSS5cDxk3Ipk
al-barsha,ChIJCTJbKcBrXz4ROxdrt_AN3HU
al-barsha,ChIJmRqgKs5tXz4ROaLUO5o3xrE
al-barsha,ChIJgcnc3-RDXz4R7cWCOIC2Y9Q
al-barsha,ChIJPaLZE61sXz4RbhYuDkxDmfo
al-barsha,ChIJa3nmeU5rXz4RUnQeGiTE-20
al-barsha,ChIJHa7EkXBrXz4R9zC6WIolZhw
al-barsha,ChIJ3dMkZ51rXz4RbblnFNSf_GM
al-barsha,ChIJmwaCxdlrXz4RPPmVoL5YHys
al-barsha,ChIJT1Hj18NpXz4ROKPmlp3fPqI
al-barsha,ChIJHwO0dwBpXz4RM5-hbuPJfew
al-barsha,ChIJOaAvx2tDXz4RNo_FZjkZ1W0
al-barsha,ChIJl2VXm15pXz4RRORHRQfgAZU
al-barsha,ChIJiXcYek5rXz4R2iwZ70XCrYA
al-barsha,ChIJcXCcMHhrXz4RIE7nzeaM8KM
al-barsha,ChIJSxQmTzBpXz4RfvSmWsvy1wQ
al-barsha,ChIJ43MrMgVpXz4RGP6bYu8gaXQ
al-barsha,ChIJwSx5FthvXz4RmtHASAsN-fs
al-barsha,ChIJnUpu9MZpXz4R4jTWAjnQEW0
al-barsha,ChIJF1wJzmlrXz4RZrgGIfIS2EA
al-barsha,ChIJ1VFR4cVrXz4RKt_2S2nZOXY
al-barsha,ChIJ4032HgBDXz4RJrXjEABBKuI
al-barsha,ChIJ2Tvo4C5oXz4Rd-Ojr80KO2g
al-barsha,ChIJESSte7JrXz4RwuVSlRhyVu0
al-barsha,ChIJIfW1ZF1pXz4Rzv60ZNi17yw
al-barsha,ChIJD_VnCxtpXz4Rmdp00bGDF48
al-barsha,ChIJ_bSHEy5tXz4Rx6pzU9p40IU
al-barsha,ChIJnXETLo9pXz4RJ14BPaC1JNk
al-barsha,ChIJyXFULOlpXz4Rr24af9L_HYY
al-barsha,ChIJp49fVuhrXz4RetghndQh8Lk
al-barsha,ChIJyTrWHnprXz4Rto8FGnV5ZPY
al-barsha,ChIJka-2aL1rXz4Ru4lK6zytvrQ
al-barsha,ChIJs909jE5pXz4RtKSpN4vHHUI
al-barsha,ChIJix4s2Y5rXz4RSoYML3j8MT4
al-barsha,ChIJhasAvIZvXz4R81gKxwIcsIw
al-barsha,ChIJmXOXV9drXz4RzJ06x8lorjg
al-barsha,ChIJndz_sdJrXz4RnLd0xbg03go
al-barsha,ChIJCz-6WSZrXz4R5cgJFTDmh9k
al-barsha,ChIJc5PkVpRpXz4Rq_2Cbs_CmJI
al-barsha,ChIJgUEYTPlrXz4RyElaEd8a3gc
al-barsha,ChIJg1-LDFhtXz4R-tPU9bdlyT8
al-barsha,ChIJVyXWg1JvXz4R9KoUis_6TT4
al-barsha,ChIJVVWVQHdrXz4RPyGhBUN7i8g
al-barsha,ChIJFxrEMPhSiiQRRkTNEUkUeQw
al-barsha,ChIJi1-YOO8TXz4RhdAD7OyN-Ec
al-barsha,ChIJc-HKfQBtXz4R0-f1OQ-CH-U
al-barsha,ChIJRw2SMABtXz4RCzlw8YvdDLE
al-barsha,ChIJ603DYu9vXz4RhEUkV03iHNI
al-barsha,ChIJwfH3M1JCXz4RXNFepB9FH5k
al-barsha,ChIJcwjt1udtXz4Rs0ripEKHkKw
al-barsha,ChIJWz3DmjltXz4R2EWn06BCDRM
al-barsha,ChIJ9c8YPZddXz4RApj9Pns_1vg
al-barsha,ChIJycbpu34TXz4RFUI9UzN9iQQ
al-barsha,ChIJLxiFomptr4kRaWFjTp0jPPs
al-barsha,ChIJ89MxA45rXz4RQsLKOxKv22E
al-dhafra,ChIJQ0b6O_ZpZz4R042RmWWzocs
al-dhafra,ChIJ-2RUarlpZz4RkbqejW8J7VI
al-dhafra,ChIJSamswnZoZz4RPV0waldsHxA
al-dhafra,ChIJV39jFChnZz4REGForxT_MEg
al-dhafra,ChIJsbzWiAlpZz4R6-aELCcsv7g
al-dhafra,ChIJ73FGJQBpZz4R_hVp0SDsCrA
al-dhafra,ChIJ64_zRwdnZz4RcLS_SLhM4NQ
al-dhafra,ChIJ47lBrIZpZz4R8qMfIF7C0mc
al-dhafra,ChIJQSSEGlBpZz4R7CvEumjusdo
al-dhafra,ChIJtZEXprVpZz4ROlJHQcQefIY
al-dhafra,ChIJYx6iMwBpZz4R0fI6fCnKOrA
al-dhafra,ChIJD5GeJgBnZz4RY1BXTMUOG7k
al-dhafra,ChIJN4jY3bVnZz4R_DSQOVuH63Y
al-dhafra,ChIJ-3zGFwBnZz4R6rFt-91AkXU
al-dhafra,ChIJFaP01K1nZz4R6RCYDvIow60
al-dhafra,ChIJsZFRB6lJXT4REHIm1aEWMHg
al-dhafra,ChIJd6qp675nZz4RsfdRsLRGiOM
al-dhafra,ChIJzy9_25xnZz4RDqDkfJjTE-4
al-dhafra,ChIJnRN2EqyjYD4R2TPuiuE5sHk
al-dhafra,ChIJ4z4ri_FnZz4Rr0dEOiGx9FI
al-dhafra,ChIJ_UjhDgpnZz4RIjSYV7ez3HQ
al-dhafra,ChIJ3e1XsYlnZz4Rqmk-ugaaE8Y
al-dhafra,ChIJhRcH34NnZz4RiMOEBgVjZDY
al-dhafra,ChIJv9PAalFnZz4R6TMw9sAbMzM
al-dhafra,ChIJJ_vWKsJnZz4RUvF7Ip7gsIE
al-dhafra,ChIJxZ2_H29nZz4RXvuYJ7UQhOk
al-dhafra,ChIJaWgU15xnZz4RGUaUj9NBWTg
al-dhafra,ChIJ7bH4JgBnZz4Rmc53L0RPaZc
al-dhafra,ChIJPfsER1pnZz4RAaM9QgKcxyg
al-dhafra,ChIJmT2fsE9nZz4RSz-vzEMRX8M
al-dhafra,ChIJVf7l4ahnZz4RIJABTsAJ6_Q
al-dhafra,ChIJBc3J_KZnZz4RU9I8sA_DGrI
al-dhafra,ChIJpZ0WhY9nZz4RxhUv1cBgpZs
al-dhafra,ChIJKXOaFxhnZz4R47ny1MI7mEo
al-dhafra,ChIJX0gAt6hnZz4R_9MBs3wYxyA
al-dhafra,ChIJa3U1UYhnZz4R6BW6XZL_aCg
al-falah,ChIJtQjdJQA1Xj4RP5yMaTP93hg
al-falah,ChIJU71fTgA3Xj4R1bZcBypM_6E
al-falah,ChIJc8jCcwA3Xj4RXP9GeGLAETc
al-falah,ChIJTfx2Fas1Xj4RXXv7RfOXp_s
al-falah,ChIJ7WLNYuY1Xj4RBxk-Ae-QjbY
al-falah,ChIJM-YUZ141Xj4RLhK3ykbv0bs
al-falah,ChIJd4rl_D81Xj4RVl6fU4mhLwQ
al-falah,ChIJ26YpFQA1Xj4RctDbCx9h3_U
al-falah,ChIJo7CnN4Y1Xj4RfWHJLmKkqGw
al-falah,ChIJ889aKgA1Xj4RONebCsiXQh8
al-falah,ChIJBcz3X3M1Xj4RocQJ6R9_yao
al-falah,ChIJ0-Mws2o1Xj4RW4GwqWyhMgI
al-falah,ChIJM3Y7MQA1Xj4RMi1NpCifzoI
al-falah,ChIJrU6TKAA1Xj4RsCw6icItnQQ
al-falah,ChIJ50g2PzL07k0RZ8HvOz5zVsY
al-falah,ChIJnT93iPc1Xj4RWqAWhWyU8V0
al-falah,ChIJa0OxPwA1Xj4RnegqtFIPNZ0
al-falah,ChIJJwJRkhhLXj4RHg-05l3AHaM
al-falah,ChIJsX_aaoo1Xj4RIcWrAVwQBAQ
al-falah,ChIJ-Rufg89LXj4R9LX9JgimYwE
al-falah,ChIJbcsDXkQ1Xj4RgOPhTD1rMSE
al-falah,ChIJCZuYUIQ1Xj4Ryjo4wDZZLZM
al-falah,ChIJaWDWZl9LXj4Rdr6pZ7U8OBY
al-falah,ChIJ4VOTJQA1Xj4R_WMsbGV9LTc
al-falah,ChIJoehW3PVLXj4RU3UN_7ClLuM
al-falah,ChIJ5RK9QAY1Xj4RFTSWJtfRiGs
al-falah,ChIJpxu_lnI1Xj4RK0jVxTFi64k
al-falah,ChIJWeldMhI1Xj4RKHbtwmzZg9Y
al-falah,ChIJUV6SAl9LXj4RJWzYz9AJzJc
al-falah,ChIJDTDKMwBLXj4RP4aLf7qiIW0
al-falah,ChIJX2AtOQBLXj4RV43R0rNhdX8
al-falah,ChIJgTTmDAA1Xj4RO-lptUYgWHk
al-falah,ChIJycEPpNA1Xj4RIVE9S8Xm2Us
al-falah,ChIJ-yPLqWJnXj4RARhFLzDIQDc
al-falah,ChIJf-mskP1LXj4Rwp8hj8OpI4Q
al-falah,ChIJbTzHK9BLXj4Rkf2blpN_OHs
al-falah,ChIJR52zG0hLXj4RkSrrjYMD-nU
al-falah,ChIJS4LrXUJKXj4R06eLXSFl_HI
al-falah,ChIJcRPc8q5LXj4RBYS7OqLRv-4
al-falah,ChIJSQFcsM5LXj4RSSQoyypSq7Q
al-falah,ChIJEyNXSwBLXj4Rryi_vyyFOf4
al-falah,ChIJmx1MGFJLXj4R1DeoQzykyR8
al-falah,ChIJBfshCQBLXj4R8lLRss4p7rE
al-falah,ChIJH9OQ6MdLXj4RhHK3jSbdvQg
al-falah,ChIJsceFi2pLXj4RcZahYmF59BM
al-falah,ChIJu0XIBgBLXj4RNXhuRCd-vW8
al-falah,ChIJ9yCOWgBLXj4RNpETWETZQIs
al-falah,ChIJpyiz9sFLXj4R44LdwEBpgA0
al-falah,ChIJDUqQz7xLXj4RmjBT0eLZ-aY
al-falah,ChIJHTnQlVZKXj4RiaTEYsOcroA
al-falah,ChIJ2wgq0cKDfq8RI1aJLtodTok
al-falah,ChIJU-Jvx8ZLXj4ROEepDo8c2do
al-falah,ChIJmzoJWuVLXj4RqBn0BWJ2yrk
al-falah,ChIJB9iPPgBLXj4RcvY_sB8WxMA
al-falah,ChIJv066Aa1LXj4RLnzJJT43tGQ
al-falah,ChIJCWVOVMBLXj4R3mIpsIuRc0w
al-falah,ChIJJS9H8odLXj4RMBB1xetn8ZA
al-falah,ChIJ4bpFkLxLXj4RuvHAx35d5a0
al-falah,ChIJdUbDqP9LXj4RSAKS5ScIBrI
al-falah,ChIJL34CrU5KXj4RgMSMmWEYPcs
al-falah,ChIJiY916chLXj4RDkfGzvC9L9Y
al-falah,ChIJA3XvaTVJXj4R4gSJlIkcAPA
al-falah,ChIJ3Tz_hthPXj4Ry_IfDWiVNDg
al-falah,ChIJ9UmGSABPXj4REU0bkml0VRU
al-falah,ChIJHdY88ulLXj4RxJwFo9jhF2g
al-falah,ChIJkcOkHe1LXj4RoGvVx_GBerI
al-falah,ChIJ8U8s0m1LXj4Ro5PzKtDofJA
al-falah,ChIJi8b_JRRLXj4RpcuKoAG2qjQ
al-falah,ChIJp-oXb_NLXj4RBDc3QGLm-uE
al-falah,ChIJ25NhJwBLXj4RR7-_dUZ3l7k
al-falah,ChIJwRS3lGZLXj4RBdg5XZufD1Y
al-falah,ChIJYQXTWupLXj4Rq7nhwQ2tKK4
al-falah,ChIJt5zCMjRLXj4RpfBYXaplTHw
al-falah,ChIJqTJYp2lLXj4RoBypwhbNdf0
al-falah,ChIJz2ltkixLXj4R7VAg6B_e7jg
al-falah,ChIJhTH3IQA3Xj4RxufTBS3mKI0
al-falah,ChIJGUvxqCQMLi4RhzATSVQSUus
al-jada,ChIJx9eINHZfXz4RhzBrl896A-w
al-jada,ChIJvWyw6kX19T4RKpNsMC75Aa4
al-jada,ChIJ7TmETYT19T4R69vnLMm-jvE
al-jada,ChIJ-ZHKLlH19T4RdNWQNGWwVcE
al-jada,ChIJ1VCGKgD19T4Rm4fIVIhnb5w
al-jada,ChIJ9XdCEIhP9D4R8V7UtQ_ekF0
al-jada,ChIJN2WxUO319T4RV8dksDE1AAQ
al-jada,ChIJEz8KWKD552IR_ZSDLvRqyNU
al-jada,ChIJmbGG9mhfXz4RsF6TvXHGj8w
al-jada,ChIJ1yByaqdfXz4RHhgEkUvYCZQ
al-jada,ChIJjQZufONeXz4R8OsmQMDIssc
al-jada,ChIJm7iVyrMlRqURIp9-0RjFOKc
al-jada,ChIJlwqgEzJfXz4RR6emFcENWZM
al-jada,ChIJQYAIdw5fXz4RsBCXNvyRoCs
al-jada,ChIJL4sJdvtfXz4RMsvZXencQ0U
al-jada,ChIJE5wiehRfXz4RUOEscbo2EeY
al-jada,ChIJBd3hzeJXfyMRta-fcmfoNuI
al-jada,ChIJf2rzvRhfXz4RzvR4GqMP9Hs
al-jada,ChIJIbqEfFlfXz4RXyDQmljIUKo
al-jada,ChIJCfMbbW9fXz4RveIw7fKrTCc
al-jada,ChIJg6NTysVfXz4RHQLIQndvGv8
al-jada,ChIJ0Tgw0U5fXz4RhEkAt36l9Qw
al-jada,ChIJDVozUgBfXz4R1X5XT6W1Lwg
al-jada,ChIJ-0Ja9_VfXz4RA7bw0daJgLc
al-jada,ChIJ1eNhgd9fXz4RuvRh2auxfkM
al-jada,ChIJj7Jm3t6b9T4RO1TlKMMHK8M
al-jada,ChIJbVJoeP1fXz4RmxIr7Pr7lBY
al-jada,ChIJ39ts4aJfXz4RLvBpILB1RJY
al-jada,ChIJuzCH_qlfXz4RZh8WQHgLwd8
al-jada,ChIJX8dksxlfXz4R1e1sT07AKUI
al-jada,ChIJL-m58dNfXz4RAMZ-FxG2Fzo
al-jada,ChIJ9S5b2oNfXz4R_9ibqLSAeuA
al-jada,ChIJ-zN-A-lZXz4RvtTGiuchu-A
al-jada,ChIJTWl3Wnr19T4RfTl83jrc028
al-jada,ChIJ8W5lPs_19T4RfkbaAdufyM8
al-jada,ChIJbxwhBQD19T4Ree2T_eVOIPA
al-jada,ChIJG1_3OwD19T4RAvZ6eS3sQxw
al-jada,ChIJQ1jzTu319T4RslXJOrTSANg
al-jada,ChIJl3DPcKj19T4Rg2K5JVhf7ck
al-jada,ChIJMYZFl77z9T4R0gzSYtweQIc
al-jada,ChIJuzBCbMpeXz4RxZW0WD98Ct0
al-jada,ChIJD9p-vLBfXz4RYW3xh4FKnG0
al-jada,ChIJ93PtZgBZXz4RI7w-Xtw5MfU
al-jada,ChIJlx4c34NfXz4RNWeXsP1TyJk
al-jada,ChIJQR_bfiJfXz4R8_7vwfdZEq4
al-jada,ChIJ1fk5k8JfXz4RhXaNK864CY4
al-jada,ChIJhS4YWLBfXz4RVr0X3Q-igSA
al-jada,ChIJN9iT5I9fXz4Ra9wX-HJfdKQ
al-jada,ChIJaTUdmCBfXz4R3UO495zgSlk
al-jada,ChIJA-EyzRdfXz4RE3t3rQSKlSc
al-jada,ChIJq6qqqv1YXz4RaNpdZFGR3P0
al-jada,ChIJ0-U5SDVfXz4RjzjD_EyJoHs
al-jada,ChIJR2fkRYJfXz4REzmPziZ6qpg
al-jada,ChIJW8oMfABfXz4RIcRUJoLLXbg
al-jada,ChIJd1MjLz1fXz4RjRjnzrOqlkg
al-jada,ChIJS9adGiBfXz4ROf65E4Hk_-U
al-jada,ChIJS77minNfXz4R2YZQP0h5-UU
al-jada,ChIJXwWRdABfXz4RnN7GMvtyDOA
al-jada,ChIJp2gR5idfXz4RPjz-9-DprGg
al-jada,ChIJofTmTdpfXz4RdMzeH2B-GwU
al-jada,ChIJ7SSzQkJfXz4RFrgppMVBRuI
al-jada,ChIJFfN9e0RfXz4RHL2GZN8Ean4
al-jada,ChIJVZE-ciZfXz4Rp3c1vTep_ys
al-jada,ChIJiVO5P-BfXz4RikSUGaTr2XU
al-jada,ChIJcU1Ba6JfXz4Rth2bex0_nlU
al-jada,ChIJr9DXCOBfXz4Rwj9WKHJI-MI
al-jada,ChIJe72N3cNfXz4RSiXGHtRMUkA
al-jada,ChIJBzCGSQBfXz4R2kEJKf63JkE
al-jada,ChIJyUDLP_JfXz4Rqm9EIayeXX4
al-jada,ChIJy9j-38VfXz4R-tbo6hKJ2IY
al-jada,ChIJfUxSTsRfXz4RCsKQ7BV-KbM
al-jada,ChIJU50SyDtfXz4RB-Gqo67mIxk
al-jada,ChIJg135IVJfXz4RrnzZCk-satQ
al-jada,ChIJQ_iYnghfXz4RCInkdSg3_Sw
al-jada,ChIJJUbFlrz19T4Rmn8pIcJzj30
al-jada,ChIJB4RGDtz19T4RFor4lFp-5uk
al-jada,ChIJmS_bQQD19T4RzH7R42KJ-bQ
al-jada,ChIJ00-Ax4L19T4RG7REf_i4OS0
al-jada,ChIJP9ZJETpdXz4R9pYBm6ZcG0o
al-jada,ChIJpcnaFnr19T4Ruz1_jTMk8_o
al-jada,ChIJ4SIJ-_Hz9T4RRxT3HVLaEak
al-jada,ChIJl_G_HOFZXz4R2PnapI98n0o
al-jada,ChIJxZWfPCFZXz4RrR7kgogRbRs
al-jada,ChIJBV8FjRZZXz4RmqXXsT4z61o
al-jada,ChIJI6kdiclZXz4RxZY6UTyFWoU
al-jada,ChIJL5YDXKVZXz4RnfZj13al2Ng
al-jada,ChIJax8yHhdZXz4RbpgE5mygB3g
al-jada,ChIJifgXa5xZXz4RIfhneYBaeZg
al-jada,ChIJNY29cDNZXz4RT5H-KSCWfCo
al-jada,ChIJO8VOgxVZXz4RATnT-vho3m0
al-jada,ChIJ7SIfIBVZXz4R0e0eh9Mq9LI
al-jada,ChIJUSIIsRBZXz4R70gQkI41nIw
al-jada,ChIJnf_kDzBZXz4Ry6AQbetEHfA
al-jada,ChIJX8Cw0BBZXz4Rb2uZZEkEAPw
al-jada,ChIJB2RZRz9ZXz4RDJDxu0WJR5g
al-jada,ChIJcfgzQz5ZXz4R76xWmFnB528
al-jada,ChIJlxL3RqtZXz4R55LgCV2JNQc
al-jada,ChIJc3_ZrDhZXz4RfcuPCWZBYOI
al-jada,ChIJu81xwBpfXz4RRRg116nWxg0
al-jada,ChIJYy1ZBHxfXz4RpGS9b2k2eXo
al-jada,ChIJWZ5gTL5fXz4RqO4LzvFchyg
al-jada,ChIJb8vnGMFYXz4RNDvewkI1L4w
al-jada,ChIJ7YAC5uZfXz4RAOK_CywTiUw
al-jada,ChIJFZkKF4JfXz4RhqrSSsI3xps
al-jada,ChIJMeE-dnJfXz4RQivhpNxdXFA
al-jada,ChIJZ22FMPxfXz4R9Lfg4J_xjl0
al-jada,ChIJG5O8OD_19T4ReFZfaBhH-T8
al-jada,ChIJg6umBAD19T4RuZBInE-fVMg
al-jada,ChIJwZjRHvr19T4RGQDuWHQjCxQ
al-jada,ChIJTbjikgtZXz4RMiGNoUNLPnw
al-jada,ChIJc5khtppZXz4RofafrhU7b2o
al-jada,ChIJ9fLeKQBZXz4RANcolwUEpRo
al-jada,ChIJ4flbZQdZXz4R1rPa-ar1hto
al-jada,ChIJz_-SIeVZXz4RKPHZoQto1SE
al-jada,ChIJ5z7QNuRYXz4RfwEqF0YOBNY
al-jada,ChIJz3MWcgBZXz4RidNKVFe3LfM
al-jada,ChIJq7Dq9v5ZXz4RQ4IhL0h77o0
al-jada,ChIJH9ezoptZXz4RfRCnIn9sH_4
al-jada,ChIJFW-SXABZXz4R4Ml8b4JtD3Y
al-jada,ChIJ0cnKjVBYXz4RKA_FL7Mb5RA
al-jada,ChIJyZLa-MNZXz4RuY4N3AHUYVs
al-jada,ChIJ_47sagBZXz4RsbCxjoIIUIw
al-jada,ChIJhe5sgyZZXz4Rk9Rm4lC265o
al-jada,ChIJecETiaH39T4Rq7O0o-tgGtM
al-jada,ChIJRSDw2PX39T4RseVuWvDd5vQ
al-jada,ChIJXZWEseP39T4RnHrpKtcirAo
al-jada,ChIJMSec71dZXz4RV4CORjjmTxY
al-jada,ChIJNxucuvv39T4RY5NdfQIytkE
al-jada,ChIJpQMjbQBZXz4RzscUup6hkN8
al-jada,ChIJrwkkTBv39T4RdDA9sAXQGzs
al-jada,ChIJVT_tAD5DdwgRbn4DNMU6-18
al-jada,ChIJ5c5EP2lZXz4R07DF9QCU9pc
al-jada,ChIJtdX9NH5ZXz4RYJrrD5aVdyk
al-jada,ChIJo3g7Ct5ZXz4RGQ0rROQAQc0
al-jada,ChIJDZ-wGwD39T4R1OOO3DMuXEs
al-jada,ChIJdyOsJA339T4Rt18fInECe9E
al-jada,ChIJbY8bpeFfXz4RfpbWgug8jv0
al-jada,ChIJKwaeJQBfXz4RuRGxRQDn_RU
al-jada,ChIJsVnEq25fXz4Rnr-ENLe7oYU
al-jada,ChIJKYc-EWBfXz4RkNN7aXLiX_A
al-jada,ChIJk2Ha7wwsCaYR5GsD3akLXjA
al-jada,ChIJeaTqXzlfXz4R1KgagkXcaxo
al-jada,ChIJRxogNgZfXz4RPygt_5RDYpY
al-jada,ChIJOVXQ5vVfXz4RDjGG7cOA23M
al-jada,ChIJba3ay3tfXz4ReallJjjtNy4
al-jada,ChIJcZMY08BbXz4RAXhSzvsLDDw
al-jada,ChIJzQgcys53RqAR_1d4ZjhnbR0
al-jada,ChIJ69cB64hfXz4RK3vfHvUDtpw
al-jada,ChIJ27NNoSxfXz4RzhvOVsqbLlw
al-jada,ChIJY6RZGEdZXz4RtiEBnARWTcE
al-jada,ChIJvV3b1rFfXz4RaJp24DnxVbo
al-jada,ChIJxZOmoLJZXz4R5KcEH4_1d3g
al-jada,ChIJN6aauTZfXz4RtNoV8PagHvM
al-jada,ChIJx4xh6HZfXz4RqYvmGjtdv2o
al-jada,ChIJ6wqSJytfXz4RIsuiHeaU9CE
al-jada,ChIJDZC5RU5fXz4RSTvVwJfCFCY
al-jada,ChIJzYRGHGxfXz4RvTgt5jyI_0I
al-jada,ChIJLbMyubJfXz4R7jEQHDNVNAA
al-jada,ChIJ9d_jLvpfXz4Re8S-DpdAuS4
al-jada,ChIJPWxxDQBfXz4R5Y2CPgKhr4k
al-jada,ChIJEWHiVadfXz4R3tvFPPHpaVU
al-jada,ChIJj_i5049bXz4Rm-V7iESj4V4
al-jada,ChIJoV3UJn9fXz4RHnbMlfa6fMQ
al-jada,ChIJhWNgXfdfXz4R3hm16pMSu6Y
al-jada,ChIJIa3LyNtfXz4RTV76_-xpZ7g
al-jada,ChIJi913rc5bXz4RYJ2keUu5-Hg
al-jada,ChIJn_LnZbxfXz4Rv6Gq40f4q9M
al-jada,ChIJiShrsCxfXz4RMGrgk1TyvJc
al-jada,ChIJIYXza0BfXz4RUW80wJ9zHZA
al-jada,ChIJkycPAQBfXz4R9R7m8IJwDKU
al-jada,ChIJh5MPNeNfXz4RmPNDH8rWRa0
al-jada,ChIJN2oSBwBfXz4RgRU81SjhsFU
al-jada,ChIJJ4OGQABfXz4RBoipTrHlTUU
al-jada,ChIJl2BnIelfXz4RJgZZlncmjJQ
al-jada,ChIJBSqy7q1ZXz4RzZkmJwu7HaE
al-jada,ChIJ0yPsdiNfXz4R1rGMNPMSeec
al-jada,ChIJeajZ57RfXz4R7OJY8K-vEpo
al-jada,ChIJWxW2p2dfXz4RqBbXWd-aO2U
al-maqta,ChIJTQLaGGwxXj4RtC5iJ9F4WH4
al-maqta,ChIJYcOSndMwXj4Rs4bcGo-cl3A
al-maqta,ChIJ_-MkY6U3Xj4Ra1MET4K3Szk
al-maqta,ChIJXSo9rpoxXj4RHqVO5MTBqnM
al-maqta,ChIJ6Zahg84xXj4RWrLGHhmXVFU
al-maqta,ChIJL-4MydMwXj4RwCG1pUPCqBE
al-maqta,ChIJAQAAAAc5Xj4RyYZgcl6Qj6I
al-maqta,ChIJZ3Y4rQc5Xj4Rf2Hj5qf3te0
al-maqta,ChIJicjNWjA5Xj4Rs_XYoRMaURY
al-maqta,ChIJM3LYPwA5Xj4RrG-NL0wf-jw
al-maqta,ChIJe8yFjyY5Xj4R4XF7d9fE92I
al-maqta,ChIJqbZoi0E3Xj4RqvcwgAiD-I0
al-maqta,ChIJ2Vb-EwA3Xj4Rvihc0dAhjho
al-maqta,ChIJ0-UqaLA3Xj4RQyw3xdUBT8Y
al-maqta,ChIJ5dmFEQA5Xj4RUUhWfRGaTWA
al-maqta,ChIJifIQ9Lk4Xj4RvyIgEGAO9Mo
al-maqta,ChIJ803MSw85Xj4R8gBaPIO3lJA
al-maqta,ChIJOdy0rpM5Xj4RyYrr8KmUcQU
al-maqta,ChIJP8IJcLw5Xj4RV_3UnhRln20
al-maqta,ChIJ0aF1awA5Xj4RzsnvtOgyrIo
al-maqta,ChIJkdfyBfY5Xj4R6Ssl9zGJNrE
al-maqta,ChIJhVfAK4k5Xj4RbHhZUFTulLQ
al-maqta,ChIJk52ZdNo5Xj4RB1qWnAG5aXA
al-maqta,ChIJNzGvYmxmXj4RiZGijh7LIvo
al-maqta,ChIJwRAhTuw5Xj4Rby1hbkcY9ms
al-maqta,ChIJyeR_SNA5Xj4RvJ2RJp75KbE
al-maqta,ChIJZZQ3B9g5Xj4Ru6ePF4wxb1c
al-maqta,ChIJh_uD3m85Xj4RBJOJd5VJwQ8
al-maqta,ChIJ2djxtgk5Xj4RxiaaioL9bg8
al-maqta,ChIJY9wBUAA3Xj4RHgCm5aISavs
al-maqta,ChIJn8JqQR03Xj4REWqgFbMUIYQ
al-maqta,ChIJfdd0XWc5Xj4R7X8N9miotYw
al-maqta,ChIJP62LnMA3Xj4RIszOUCkof-4
al-maqta,ChIJRYqhWAA3Xj4RHPWhQzSfkWI
al-maqta,ChIJuUeP8ao4Xj4RxMi6isbzXA4
al-maqta,ChIJ-2RJpOtBXj4Rp4TlKDZ7vsE
al-maqta,ChIJrzco_UdBXj4RQJPS7RSKTt4
al-maqta,ChIJKUIDIy9BXj4R6UaKJFEJwKk
al-maqta,ChIJC_6gQJY5Xj4RvlU8hx0MrtM
al-maqta,ChIJ30QrfVlHXj4RNznnw6DrRt8
al-maqta,ChIJsw6LWwA5Xj4RW_AF0uHPbZo
al-maqta,ChIJ6_WfJ3dmXj4RZQmzEt54c2U
al-maqta,ChIJjUAl_p05Xj4RrzZQVGSfVV0
al-maqta,ChIJ8ex8GXI5Xj4Rc5m8NvenPh0
al-maqta,ChIJywlzodE5Xj4RF1q0f3U82vs
al-maqta,ChIJnS98uac4Xj4R3BbG-ufXM_E
al-maqta,ChIJ370tt8s5Xj4RbzcVsDTjo3s
al-maqta,ChIJ1TavO7FHXj4RggvNIQ2170I
al-maqta,ChIJayuaDsM5Xj4RdUrjCnR9yOg
al-maqta,ChIJdwN6yac4Xj4Rjoks1vUX42w
al-maqta,ChIJ2SOz_FI5Xj4Rb4VZoGTYkqQ
al-maqta,ChIJ22Wcv7M5Xj4RHiLNi34QnEI
al-maqta,ChIJwTfCb19BXj4Rjav9VmrFmWo
al-maqta,ChIJhdQYIydBXj4RqWi2HUxr2Ok
al-maqta,ChIJgSu-zBxBXj4Rz8Jg9k1AQK8
al-maqta,ChIJAb0bBM9BXj4RpNLev9Hb6Bw
al-maqta,ChIJC5OFi0BHXj4RAuJqyhWbkJY
al-maqta,ChIJ1acVeH1HXj4RSli59C2hk2k
al-maqta,ChIJDfakpIJHXj4R3WYRCyOrI74
al-maqta,ChIJXy21KDxHXj4RIdV7o7AKBeU
al-maqta,ChIJJY0cP_ZHXj4Rezb6C_enoRc
al-maqta,ChIJhXJdydZHXj4RqFWkuoidlqA
al-maqta,ChIJ7dsioyZBXj4RzIkYAl0M0OY
al-maqta,ChIJUWAtgZZBXj4RXG5RVhUuGYA
al-maqta,ChIJA3AAmCVHXj4Rd8NywioXdIc
al-maqta,ChIJmZTGYwZHXj4RUVITzCRY67A
al-maqta,ChIJK2_bRwBHXj4RIGTTZCUQak0
al-maqta,ChIJ45jENidHXj4RbsTlCPw-bLk
al-maqta,ChIJW-umFABHXj4RodLZiPhbEqU
al-maqta,ChIJT6HWvGA3Xj4Rmf8dQzGbtGY
al-maqta,ChIJAV19Lv83Xj4R1oqXSoHmJGk
al-maqta,ChIJTcAI62k3Xj4RrDfM2aTKmJ8
al-maqta,ChIJjX-vDS5HXj4RdLKTuTi86Vs
al-maqta,ChIJ3_iyPrQ5Xj4RH9UwIvrtDss
al-maqta,ChIJ283PSsBBXj4REO-rAvURQTo
al-maqta,ChIJE__JMcNBXj4REcdk-ayGa_4
al-maqta,ChIJl7_SMwBBXj4RPp45Y4qDIwc
al-maqta,ChIJcTxuQwBBXj4RPzFEJ4VnIT8
al-maqta,ChIJc22EmKppXj4REIpupbbjOuk
al-maqta,ChIJjw-oAIZBXj4RYs_ZF8S82Wc
al-maqta,ChIJ_7VnoLNBXj4RAjn-nwWg6Ek
al-maqta,ChIJ73UPkVxBXj4RYyfjOtI6t_8
al-maqta,ChIJUwh_7hJBXj4RT9ne8taJJjY
al-maqta,ChIJxQJEAwBBXj4RyV2rj8yoNWQ
al-maqta,ChIJOXCASgBBXj4ReiTJQeiDRD8
al-maqta,ChIJH70e0D5BXj4RTlmr6g49yAg
al-maqta,ChIJgXLLwwB-hWgReooggOGQAOo
al-maqta,ChIJzyPbvrtHXj4R6KGLA8AAb2Q
al-maqta,ChIJlVCCajQmE6QRPxItws2xgAc
al-maqta,ChIJ69xfDaRHXj4R9w_joO8apaw
al-maqta,ChIJR8LWo1tGXj4Rx0MLzz2712E
al-maqta,ChIJgwQaObtoXj4RnWr9rQqAL9g
al-maqta,ChIJKWCUUOFHXj4Rrd1yQPVEeQs
al-maqta,ChIJg26InplHXj4RXG9GjMhTi2M
al-maqta,ChIJmzfKIsZHXj4Rrih7HO9RVEw
al-maqta,ChIJWZqMfGPLXz4RzawoztEqiN8
al-maqta,ChIJIdc3eS6CU2oRfKdORtrjY1c
al-maqta,ChIJVVVVVWVGXj4RGN8NnKuUiYw
al-maqta,ChIJT2jWaABHXj4RnRduqhYIfac
al-maqta,ChIJlQA9FmVLXj4RFVoutOwlpcM
al-maqta,ChIJZXlAm1JoXj4R6LavbbVS52Y
al-maqta,ChIJqfxHJwBpXj4R2mW273YWwbw
al-maqta,ChIJF8NlR7NpXj4R3R1apjTHXqw
al-maqta,ChIJ8Wb6FwBpXj4RPNJTS1cWs0Q
al-maqta,ChIJE__TXa5pXj4RJQijrVSdBso
al-maqta,ChIJsaqal7RpXj4RXyel5unpRvk
al-maqta,ChIJJY0w0PdpXj4RnI5Xq36sUF0
al-maqta,ChIJP1lYpkRnXj4R_-fm4K6DmlA
al-maqta,ChIJWwW__3pDXj4ROuUJUpFFRic
al-maqta,ChIJzb2iNlJDXj4RCp00sbC5K2E
al-maqta,ChIJXSza7bBDXj4RlUamaUqdoJE
al-maqta,ChIJxem_UQBpXj4Rj-UHmV5l3Bc
al-maqta,ChIJBY9muG5DXj4RV-rTK3YN8mc
al-maqta,ChIJidma655DXj4Rd7GNaJdYJPg
al-maqta,ChIJjeOuPQBDXj4RymqmgVCSoZc
al-maqta,ChIJPX91JwBDXj4RajZtPQQGYWA
al-maqta,ChIJD1_g9DpCXj4RWJAagGvwxYA
al-maqta,ChIJ98d6OJ1oXj4RGQ8-o1qspv4
al-maqta,ChIJFbzk5RNDXj4R3vo4JY7we1U
al-maqta,ChIJx5hdNjFDXj4RaCf8w3PXD_w
al-maqta,ChIJb1XY6HBDXj4R8gnYqL6bYpU
al-maqta,ChIJV_2SfgBDXj4RkemcafiSsFQ
al-maqta,ChIJBUAM_NhDXj4RRkVDWdeQrAQ
al-maqta,ChIJEeqr-cqrX0ERM21WrfvrUVQ
al-maqta,ChIJqyjJBwBDXj4R7RcDQqw3YVI
al-maqta,ChIJ6bHnLSfOJGoRUlthxqok0gc
al-maqta,ChIJs3UEXetDXj4RHt1DEeZYyhY
al-maqta,ChIJcb1OvglBXj4Rpj4qKbJJoW0
al-maqta,ChIJ1Rym03lDXj4Ry8HrwL3DgZQ
al-maqta,ChIJ7aBvpbBBXj4Rrz5YkTw3PKA
al-maqta,ChIJ8Uq1R1lBXj4Rb-6WJo3wDE4
al-maqta,ChIJ7YcGHXJBXj4R2XGB_gU-fdU
al-maqta,ChIJ2bVES9BDXj4R1GQbwTs4s7U
al-maqta,ChIJ60POGgBBXj4RZm8XLPPzC3U
al-maqta,ChIJfxeqQk5BXj4RA0PquO-4oMk
al-maqta,ChIJ6x3D_plBXj4R-qot1dS-WBE
al-maqta,ChIJNaSYXthDXj4RprtgcxKvnds
al-maqta,ChIJnexvv2BBXj4RGZ-nIdMn_Y8
al-maqta,ChIJ7yIxJNpDXj4R2GCbL6B0_nw
al-maqta,ChIJFRhBdlJBXj4RwYy2RLGionw
al-maqta,ChIJzeXPk_JBXj4R3ruXrllceTM
al-maqta,ChIJHeslLLBHXj4R2k220ct8BWA
al-maqta,ChIJbUqn6dRBXj4R42NJ8vyTdW4
al-maqta,ChIJJw6KqQlBXj4R8b-g8H7A294
al-maqta,ChIJHVEMxaRGXj4R85sXAIZsZxA
al-maqta,ChIJJT5ZErJGXj4R7VeU-kgIwzI
al-maqta,ChIJV4F6t4VHXj4RFM9DyQdTykQ
al-maqta,ChIJbzaVH0xFXj4R4sopMv_a0Ts
al-maqta,ChIJgVU2UABFXj4RrnJ9POOqlsM
al-maqta,ChIJS_qRzU5HXj4RdDHREb3iqr0
al-maqta,ChIJcflCD3lHXj4RT3mzoBbL5Xs
al-maqta,ChIJu-zyqTFHXj4Rfn0ltDhuQLY
al-maqta,ChIJI1MU0phHXj4R9Cwmi8huUZY
al-maqta,ChIJBSTDRftHXj4RrjwQvtjVgVY
al-maqta,ChIJOXqcoflHXj4Rw9lYL-ImdG0
al-maqta,ChIJq4yo9plGXj4Rwg8iScd-r9I
al-maqta,ChIJq_2Ft5NGXj4RBu1gRSV_VPU
al-maqta,ChIJ14qBf3tmXj4Ryl0XGGlJi5A
al-maqta,ChIJA3hjb-NHXj4ROuB2SgejwCc
al-maqta,ChIJC5E64aFHXj4Rv3VUWnT-q6E
al-maqta,ChIJDQ4dJJFGXj4RvEL8WJHJhKo
al-maqta,ChIJraRWc2ZGXj4RHZzmHNkAoVI
al-maqta,ChIJV8chu3ZFXj4R8k3bfpbP4yQ
al-maqta,ChIJMSB4C35HXj4RZaFWsB2HzPA
al-maqta,ChIJ93WxzyVGXj4RV-nEwzu_2CI
al-maqta,ChIJR7yaYMIr0A8RJ1xxI2XJjZQ
al-maqta,ChIJ7YfCKAXNFAARAun7rUoz3ns
al-maqta,ChIJz9Ih5T5GXj4RFa6jMlBD1lU
al-maqta,ChIJ_YYU-SlHXj4R_s2xoMvN3H8
al-maqta,ChIJCf71DQBHXj4RGSg-Rap3pzQ
al-maqta,ChIJq6qq6mlGXj4RO92VESUx4Jc
al-maqta,ChIJk3jzKPdHXj4R0MWNKxJuIRI
al-maqta,ChIJkWCcYQBHXj4R4DwKrMJEBbc
al-maqta,ChIJpYqPLKxHXj4RC99ZOhG1Mbw
al-maqta,ChIJAbHY8TNJXj4RCFVFm83o6-w
al-maqta,ChIJae_1NFRJXj4RCUMrko0sCNc
al-maqta,ChIJpe7674JHXj4R4qEwHDutwpo
al-maqta,ChIJ_XHbJhZmXj4RZEoLST18fRY
al-maqta,ChIJ43Hi13lpXj4RzzYf8mWbs3A
al-maqta,ChIJ3X_JNv1pXj4RqPI030unqzE
al-maqta,ChIJDccChn1pXj4RChtxa2C6YOk
al-maqta,ChIJRccC8h1pXj4R6bmL4SEfoA0
al-maqta,ChIJIQC5B3dpXj4RuLjtnsl-iQg
al-maqta,ChIJA8LhDvNpXj4R8vv9oOyrJDw
al-maqta,ChIJ5Q2p8hxpXj4RW1aP3BZOk1o
al-maqta,ChIJ6WvjJUxpXj4RBrEpujZgm_0
al-maqta,ChIJASsJwpdpXj4RK-rxI9CDims
al-maqta,ChIJLbmsUNVpXj4Rimbd3z_7Zkc
al-maqta,ChIJXXEoRatpXj4RAwuSFz46vVo
al-maqta,ChIJ8bfdgZ5pXj4Rufma7EEL_sc
al-maqta,ChIJBREr7oNDXj4RfhQ5lRfJBPU
al-maqta,ChIJwzatXQBpXj4RvqKh4Y4GzcQ
al-maqta,ChIJ4RPvP8hpXj4RZyJsF1mf7zA
al-maqta,ChIJY59gK9VpXj4ROCwYdCtZdb0
al-maqta,ChIJI8v8dWppXj4RWPqjOl9OoXE
al-maqta,ChIJ3SEIKAtDXj4R-KbBxJRio3I
al-maqta,ChIJ1RNCXzRDXj4RkbuAKXOwcGA
al-maqta,ChIJRfTVvZVDXj4RZZRKmMGM9cs
al-maqta,ChIJD78jm21DXj4RFJaaFlEWA9U
al-maqta,ChIJt8i1c6JDXj4RZT68OZOeZA8
al-maqta,ChIJJThiRQBDXj4ReHyHBI8ug-c
al-maqta,ChIJn6Y25n5CXj4RNiqHwAV0tvE
al-maqta,ChIJ_em4aABDXj4RJvIkDFBUzlU
al-maqta,ChIJsZcdI0VCXj4RcqqbomF0j6w
al-maqta,ChIJy0gbkiRDXj4RsKUFEhYvICw
al-maqta,ChIJi3I6PmpFXj4RvnqAlf-Zj14
al-maqta,ChIJObWU69VFXj4RHe9sihg8jm0
al-maqta,ChIJP1niJQBHXj4RF3V73XOmjaQ
al-maqta,ChIJjVmxV54IyG8Rb6vQGYUtChQ
al-maqta,ChIJK756BwBFXj4RNGsyZqGUr0o
al-maqta,ChIJBa4fnRRFXj4RPhetV5A5vHI
al-maqta,ChIJJb5APb1FXj4RU9aUzn6zONo
al-maqta,ChIJDauAueVFXj4R3Xmnuq3eL3M
al-maqta,ChIJ2cRwm0lynCgR06QvoTEAUV0
al-maqta,ChIJcTgqyBZHXj4Rf5B1BB4WmsQ
al-maqta,ChIJdzZoddFFXj4RJUxCBRKNlz8
al-maqta,ChIJCcq3fX1GXj4RHBRRQQMXNlE
al-maqta,ChIJew69Lv1FXj4RjK59U-COz1k
al-maqta,ChIJH26D38ZFXj4RrPiy947PD0w
al-maqta,ChIJ32dV6-JFXj4RirMzddSWiYA
al-maqta,ChIJieGTC7ZPXj4RX_8hfMRV2HY
al-maqta,ChIJV8rMtqhHXj4R1k1OzNyPle4
al-maqta,ChIJwReRVwZPXj4RpK7PtgYsZSw
al-maqta,ChIJVdq-wf5HXj4RAyEN29J_D4Q
al-maqta,ChIJoV3tjb5FXj4RPTMhunNNho0
al-maqta,ChIJcRE_l2NmXj4Rs7yNgCkivuE
al-maqta,ChIJCRc4ebdFXj4RDqx1r4bzbto
al-maqta,ChIJx_35IbpFXj4RiBbhXLiaAmA
al-maqta,ChIJg9vaPitJXj4RteR_PONRSLE
al-maqta,ChIJaxDupR1JXj4RxkHSywjtQnU
al-maqta,ChIJu1fiwWpJXj4RVNRMH1pYlyA
al-maqta,ChIJEQ2uFQBJXj4R8QG8_u2Tfu8
al-maqta,ChIJp3xbSABJXj4RArqZJvxrev0
al-maqta,ChIJURVpPwBJXj4RqJu7MxgB1zo
al-maqta,ChIJPyQ_-xVpXj4RkJ-p2SBjK8w
al-maqta,ChIJFyiZ0CNpXj4RyziQ0BZlrFQ
al-maqta,ChIJWXHpIZdnXj4RMfPQcuP8kS4
al-maqta,ChIJVZe88pNpXj4RT9AwJCaXtvA
al-maqta,ChIJycSvtZxCXj4R-RJF502OC-k
al-maqta,ChIJQS7TRp1CXj4R7kO__gEfjH4
al-maqta,ChIJ6-A3RTtnXj4RqdgqRg4jvXw
al-maqta,ChIJZUhSv6tFXj4R7ZpJFnYGOTw
al-maqta,ChIJTVNlNwBFXj4R54kFMo_W4Fg
al-maqta,ChIJz5Tsn31PXj4RrE5jIkDZ7vw
al-maqta,ChIJY6BbY3ZPXj4RrUQtPfRTC6M
al-maqta,ChIJiZM66x5PXj4RIbSt7qEUTzI
al-maqta,ChIJL3H83LJPXj4RKlSye3d8n04
al-maqta,ChIJp_cpJsFPXj4RIWhXvPqu7X0
al-maqta,ChIJAUJXWQBPXj4RFsvzWMRVP5w
al-maqta,ChIJ4yH5BgBPXj4Rq8jB2riSSG0
al-maqta,ChIJPeHUOZ9PXj4RP72F07qBF7g
al-maqta,ChIJD4c_XalPXj4RdqRn4Ir54qU
al-maqta,ChIJASsD9DJmXj4ROzoEGOtYpgA
al-maqta,ChIJJZQinK9PXj4R8pDiVbY5L1w
al-maqta,ChIJ_QS6FTNPXj4Rh1Dtow6vH_Y
al-maqta,ChIJ5YtLV7hPXj4R30frPezuOe8
al-maqta,ChIJF3S7gY5PXj4Rj-9MkNrGVCc
al-maqta,ChIJE9GxX6BHXj4RGlt2IQolkFo
al-maqta,ChIJke2vFUgPQ44RFn9Fo_Dwp0o
al-maqta,ChIJjyvQJ3JHXj4RCvnEkHP0x_0
al-maqta,ChIJwRyMb6U4Xj4R8gq-RkeyZdI
al-maqta,ChIJ75cTy_Q5Xj4RLalc3zmVD6k
al-maqta,ChIJR0SITitHXj4RVCWVzbn_lEk
al-maqta,ChIJq0b4j1ppXj4RGyoDe94smso
al-maqta,ChIJBR1S6FBHXj4RlHjUu_rqzo0
al-maqta,ChIJKepBesZHXj4RaBj3rjbxowg
al-maqta,ChIJP2wFAmlFXj4RyTAG9SZLuOo
al-maqta,ChIJ6Sm2IEM5Xj4RBqYTUK4jEzg
al-maqta,ChIJgewjGqg4Xj4RyTXUzZhLSd4
al-maqta,ChIJyzQrxX9BXj4R3dgagdsPj3c
al-maqta,ChIJy3uB4qlnXj4RcO9_SwxyAfs
al-maqta,ChIJz27LlA4JIWYR1KLi8sKhdlU
al-maqta,ChIJ3SEMMhNHXj4R6covViidENk
al-maqta,ChIJ-bSvTvJnXj4RJ44FIOPKvoc
al-maqta,ChIJhS5MWfU5Xj4RCmQZfvI7plE
al-maqta,ChIJ8e8Wzr44Xj4RYCEdDKI7hVs
al-maqta,ChIJJa-aG9pHXj4RITVTPeiexls
al-maqta,ChIJTSS60x05Xj4RwqbETuIf1qU
al-maqta,ChIJ_YyMCwBpXj4RdNchW4I14U4
al-maqta,ChIJ60v63kRpXj4Rx-2z7cIGd1M
al-maqta,ChIJX1RX4wo8YW0RWfZ4IhmQ910
al-maqta,ChIJN-yizFtHXj4RbeJ-DhbUwHM
al-maqta,ChIJ4wFe7_lHXj4RtfXZggHE9rQ
al-maqta,ChIJG4PiHHpHXj4Rgotz8EAEtKw
al-maqta,ChIJG5Yvx8tBXj4Ry0hMcfLWkQk
al-maqta,ChIJX0IhBpZHXj4RiiNGNxkvges
al-maqta,ChIJ2dS7qFlHXj4RjQTzdcHobd4
al-maqta,ChIJ946Ye1dnXj4RFIZ7eAKoEfs
al-maqta,ChIJd2c2cwA5Xj4RjZ8W4tHLMms
al-maqta,ChIJmZ06CDlpXj4RCblh8NscV30
al-maqta,ChIJdYSb1Kw5Xj4RDDcMzM6IXMM
al-maqta,ChIJw8Bw3Tg5Xj4R9-nmzE04CZ8
al-maqta,ChIJ355akfo5Xj4RX11z73jrTCg
al-maqta,ChIJd8s9Zr2KF6wRfOLuJLQJUBc
al-maqta,ChIJJ-JnA39CXj4R29ei0wLjmCw
al-maqta,ChIJzZVKEF5GXj4RN9lxYZQXab4
al-maqta,ChIJoZVnEQBHXj4RhoneBiTbNw4
al-maqta,ChIJJ4wSTrdpXj4R1L8vQ_7a69k
al-maqta,ChIJkT7LnDdoXj4RYAutdxTjQN4
al-maqta,ChIJYfh3OItpXj4Rt3V__N7ZRco
al-maqta,ChIJ-8uEJ7o4Xj4RVtJLCdiSXgs
al-maqta,ChIJSZPJAhFpXj4RnXb7lxKNILI
al-maqta,ChIJee0fKLBHXj4R3ULumaNyt_E
al-maqta,ChIJo4M7ff5HXj4RozyClVf8rfk
al-maqta,ChIJXegBnsJLXj4RbvwJRXPu_8o
al-maqta,ChIJycN1AhxFXj4RscBwotobRns
al-maqta,ChIJqVgBKaRpXj4RQq9wj7RRfN4
al-maqta,ChIJqZDQZdFBXj4RVgknuVN2Yt4
al-maqta,ChIJP402dFdpXj4RYdkRQwX62T4
al-maqta,ChIJt4ngRthFXj4R7qe029dMUJU
al-taif-mall,ChIJoYuaQAD79D4RhOhaNPhQ71c
al-taif-mall,ChIJV_ByagD79D4RPZz86qD9L3E
al-taif-mall,ChIJVVVVVSX69D4RsBMddCd14Lc
al-taif-mall,ChIJjx0ncwb79D4RA2E_huvgtlY
al-taif-mall,ChIJj_II2DT79D4RNpLWXI9OL28
al-taif-mall,ChIJZ0pI9iL69D4RGoGU7BJ20X8
al-taif-mall,ChIJ93EaSrX_9D4RLk2RY3_fNxw
al-taif-mall,ChIJdbiTLRD59D4R8Ri5bpadxAU
al-taif-mall,ChIJA4TxbAD79D4Rw4-u7ALDABs
al-taif-mall,ChIJXQTJEwD59D4Rr-fLQvb8Ev8
al-taif-mall,ChIJSWg28yb79D4RO4ssJ3YyIC8
al-taif-mall,ChIJTxpnBNj_9D4RG2wSOl2G400
al-taif-mall,ChIJgy_Wo9759D4R2Nv8viI79eY
al-taif-mall,ChIJaS_ARAD59D4RxizgunrQirs
al-taif-mall,ChIJ08lYm8T59D4RYTrCU8wk8iE
al-taif-mall,ChIJSWXqLTP59D4RcignXiGp62g
al-taif-mall,ChIJZfOpWiD59D4R06wGEJaIDBE
al-taif-mall,ChIJ6xHZAAD59D4RdoNFMeICrlY
al-taif-mall,ChIJyRKFBgD59D4RfW9dZDMLbqI
al-taif-mall,ChIJwUwcvSn59D4Rdtw1WG3kj2w
al-taif-mall,ChIJJyrFTQD59D4Rb8-E4DFYNQI
al-taif-mall,ChIJmeKrJgz59D4RdbIK0zGnJ78
al-taif-mall,ChIJ0cnQ33759D4RQwOlK2BLAgc
al-taif-mall,ChIJGUXscAD59D4RqaF9iiysQnw
al-taif-mall,ChIJM0ecid359D4Rq20uS8tixXU
al-taif-mall,ChIJF4fjcQD59D4RSdnMf42_rt0
al-taif-mall,ChIJQ32IFR359D4RA34PgGaWplc
al-taif-mall,ChIJ9YdgH_L59D4RwDQsuse0M9s
al-taif-mall,ChIJl5EB_Ir_9D4RUajZc46YwEQ
al-taif-mall,ChIJIeJVLtz59D4RHrOhPQ9JV_M
al-taif-mall,ChIJPyAt7zX59D4R030rG7smEho
al-taif-mall,ChIJ7TMj__359D4RYS1TCgwZb3g
al-taif-mall,ChIJjUGE3j759D4R7tQ9230j_PM
al-taif-mall,ChIJSa4JVJn59D4RaLSRZHAiphE
al-taif-mall,ChIJKRkJtP_59D4RheSZoOWtfEA
al-taif-mall,ChIJc9EQmxD59D4Rcwsk38AoKtw
al-taif-mall,ChIJGUnnZ1VVz60RjrmFKHTQ1m4
al-taif-mall,ChIJCXmzTZD59D4RRKy-4elTz3Q
al-taif-mall,ChIJc9E-TIz49D4RUQCOxd6_qQM
al-taif-mall,ChIJI_nn_cn59D4RuLhSDBG0Z6k
al-taif-mall,ChIJO8wAEQD59D4R2E5Qp-yU_-8
al-taif-mall,ChIJtzfT2yr59D4RCPXxIkLxN1c
al-taif-mall,ChIJA9cyrnr59D4RzVlbytYAiq0
al-taif-mall,ChIJbRT00BP59D4Rbv_R_QCqZJ0
al-taif-mall,ChIJO7I5Khj59D4RJDlACuffiqg
al-taif-mall,ChIJN8Qi_WH49D4RQgSeuX-GN2k
al-taif-mall,ChIJF7NML_b59D4Rl3FGWbvMQw8
al-taif-mall,ChIJyYqAOIj49D4RZuVZ_rpyEOc
al-taif-mall,ChIJCZZ1_Eb59D4RYKTIUV-vlnA
al-taif-mall,ChIJU8d5BF749D4Rt_YEbaNTUYQ
al-taif-mall,ChIJLSalP4r59D4ROpOODwvV9fk
al-taif-mall,ChIJEXUBpHz49D4RY5EfpwR9bik
al-taif-mall,ChIJ7aPMZsH59D4ReOtmGf_raWE
al-taif-mall,ChIJuwyURd759D4RqBIxMb5NeZg
al-taif-mall,ChIJPx2hVdT59D4RGe6czyZE3PY
al-taif-mall,ChIJS-zE0mH49D4R6Q-w7iyxdCo
al-taif-mall,ChIJXS-_bGb59D4RPppprculaFM
al-taif-mall,ChIJNcdMMTf59D4RPPSKKcYpsns
al-taif-mall,ChIJaeQxwKxV9D4RqP1AXYdNnZY
al-taif-mall,ChIJj0kHfwBV9D4RuQyh8aeCRM4
al-taif-mall,ChIJ-eiEMHz59D4R1eP2m7AVlE0
al-taif-mall,ChIJ7UUo6RxX9D4RYHufB-ZSpNc
al-taif-mall,ChIJjfRLcoL49D4Raqg2zj70WuQ
al-taif-mall,ChIJLQ3n7rRX9D4RExSVbDRPnTw
al-taif-mall,ChIJKf-PbXhX9D4RmGf9MunuoDE
al-taif-mall,ChIJ_____9pX9D4RU7fGy7WyfQY
al-taif-mall,ChIJJWW8hWT59D4Ruapb0URffN8
al-taif-mall,ChIJY_UvsIhX9D4Rek8rAP8EbQc
al-taif-mall,ChIJIbuOwIL49D4RIgYLKgHFxcU
al-taif-mall,ChIJUzD_JaT59D4RLQzapvnOnRY
al-taif-mall,ChIJ6cNBTFX59D4Rnu2bDQ1kNaY
al-taif-mall,ChIJc16kuon49D4ROdEl3dj7GlI
al-taif-mall,ChIJMceeZIX49D4R4YbsY9R7Mck
al-taif-mall,ChIJ61wQTn759D4RidCBfKi2_HY
al-taif-mall,ChIJd4_Mv4X59D4RT8ELJotR3cE
al-taif-mall,ChIJWcfpH3T49D4RnSdqoRvfb9E
al-taif-mall,ChIJkS2kNAD59D4R1gWfnfj8ApA
al-taif-mall,ChIJvygbwHH49D4R1_tQ0L0rXQg
al-taif-mall,ChIJm9_KjhVX9D4RH5CoevS7NWs
al-taif-mall,ChIJPVD01JP49D4RVheBiFC89Yc
al-taif-mall,ChIJ_bpCHfb59D4R0qHQZozKEY0
al-taif-mall,ChIJ23rrOgD59D4Rn7VrLSi7r8E
al-taif-mall,ChIJL3cZuUH59D4RJR0aKCkIQHg
al-taif-mall,ChIJfxd-SO759D4RNOogFRhy6QY
al-taif-mall,ChIJew18Ljn59D4RPW_itGVtJ5E
al-taif-mall,ChIJ2XbNAsP59D4RDZ0MIP7u55I
al-taif-mall,ChIJVc308s1X9D4Rl20ej_2WoMA
al-taif-mall,ChIJ40OfV7b59D4RmxNC0cQaWnk
al-taif-mall,ChIJFejbttxX9D4R6DndOii7np0
al-taif-mall,ChIJf47Opc9X9D4RU8CdNHz3nRo
al-taif-mall,ChIJX6mpNQBX9D4RX3xr3tlWwk8
al-taif-mall,ChIJQw6k-pVX9D4Rq0lZTq4V374
al-taif-mall,ChIJqf3nVMNX9D4RNxk1S1tk-Jk
al-taif-mall,ChIJgxS3R2FX9D4RQdcQjkrw3R8
al-taif-mall,ChIJ0wLpSGRX9D4RtgPoNG0xhAU
al-taif-mall,ChIJAbpUEzVX9D4RYxko2oeuN1I
al-taif-mall,ChIJ3TeRmJlX9D4Rtrxz_LsZWes
al-taif-mall,ChIJka7OIQBX9D4RykaSV1HbXDs
al-taif-mall,ChIJ46JNaABX9D4RidIJJwkzgZg
al-taif-mall,ChIJZZ-I1FJX9D4RlVcSOOwQOVQ
al-taif-mall,ChIJE7CMU_IvYEARQwxCMchZNKY
al-taif-mall,ChIJ8ao9Vsoc40ER9oFeF_-ZY3E
al-taif-mall,ChIJ1-yGJAD59D4RZtlifD_9Wxk
al-taif-mall,ChIJX4cBY3n59D4R9zbKJaup9mo
al-taif-mall,ChIJt8RNXHT59D4RfwrwpvaAb0k
al-taif-mall,ChIJDeadJgD59D4RsVZ-QITRVkg
al-taif-mall,ChIJPa_heAD59D4RGkJd8G6pKfU
al-taif-mall,ChIJzyN1o-H59D4Rw9iy4vADEeY
al-taif-mall,ChIJl_U-NyX59D4RRtufc8fLEaQ
al-taif-mall,ChIJ3XQtqGz59D4R-cSQu19crZs
al-taif-mall,ChIJWeTnUVD59D4R0JEA-nTOOIo
al-taif-mall,ChIJ03lcqzpX9D4R4zeXjQb2Veo
al-taif-mall,ChIJYb14Lv5X9D4RI7M-BOY4C1E
al-taif-mall,ChIJ32Rmo2D49D4RK0IkD2ObwjY
al-taif-mall,ChIJ22TD7gJX9D4RfioVi65JwRk
al-taif-mall,ChIJZYlAMwD59D4RLHYEdWj8ANI
al-taif-mall,ChIJ6538LLP59D4RVQ3BRznDrcY
al-taif-mall,ChIJzX93XwH59D4RFHfXwHvwpqU
al-taif-mall,ChIJy3vMsFD59D4Rx_zgk9bk4iM
al-taif-mall,ChIJNzMgNxv59D4RLzqPRd7CNsY
al-taif-mall,ChIJ1QRAhT759D4RksSB8wHYgL4
baniyas,ChIJteiZ_KsxXj4RuG_oXaWx5sc
baniyas,ChIJNzVAYUMzXj4RGYUnve5FYX0
baniyas,ChIJaQ0plTcyXj4R_hsiC2uzYF4
baniyas,ChIJDceKjdYzXj4ROX27DAQYcb4
baniyas,ChIJd4I1TgAzXj4R80XG3YW0GQc
baniyas,ChIJBakSoX85Xj4RkYjk5vwovD4
baniyas,ChIJp39vgc8xXj4R0enSOIbQ8YM
baniyas,ChIJTQLaGGwxXj4RtC5iJ9F4WH4
baniyas,ChIJS3E1SQAxXj4RxnPr3mawtWI
baniyas,ChIJDzoPN_kxXj4R4TVWc-KCKRM
baniyas,ChIJYcOSndMwXj4Rs4bcGo-cl3A
baniyas,ChIJ_-MkY6U3Xj4Ra1MET4K3Szk
baniyas,ChIJXSo9rpoxXj4RHqVO5MTBqnM
baniyas,ChIJ6Zahg84xXj4RWrLGHhmXVFU
baniyas,ChIJjWGmzJ8xXj4RdpXYUHob2aY
baniyas,ChIJL-4MydMwXj4RwCG1pUPCqBE
baniyas,ChIJ_XrQiNMwXj4Rw92Z_nekmI0
baniyas,ChIJcZqDBgAxXj4RARRPAyKMcKM
baniyas,ChIJXS0tH9wxXj4R5ldIJYJr4-g
baniyas,ChIJVfViBtozXj4R1-h5kt-hW_o
baniyas,ChIJAQAAAAc5Xj4RyYZgcl6Qj6I
baniyas,ChIJMUsdLAA5Xj4R38lHVrv-1uw
baniyas,ChIJZ3Y4rQc5Xj4Rf2Hj5qf3te0
baniyas,ChIJ6QMpZAA5Xj4RoTxDuIcwqrk
baniyas,ChIJE9YDJCc5Xj4R7cgEdN_5kug
baniyas,ChIJicjNWjA5Xj4Rs_XYoRMaURY
baniyas,ChIJM3LYPwA5Xj4RrG-NL0wf-jw
baniyas,ChIJl3lAeAA5Xj4RygyB26dQkRk
baniyas,ChIJe8yFjyY5Xj4R4XF7d9fE92I
baniyas,ChIJqbZoi0E3Xj4RqvcwgAiD-I0
baniyas,ChIJ2Vb-EwA3Xj4Rvihc0dAhjho
baniyas,ChIJ0-UqaLA3Xj4RQyw3xdUBT8Y
baniyas,ChIJo43uxzs3Xj4RVXtbF8SINMg
baniyas,ChIJZaPHks03Xj4R6n0H-_TPtQw
baniyas,ChIJm1gKcAhpXj4RtVHtytsjU04
baniyas,ChIJxfs_Lzo3Xj4RU0tYtvjdnGk
baniyas,ChIJLYzElP03Xj4REreRhHMZUxA
baniyas,ChIJ08woPh43Xj4RLQn9RfK_d-g
baniyas,ChIJtfowytc5Xj4RNDIQaQ9jm1g
baniyas,ChIJN2YaKjo3Xj4RP5c-7TO_fxk
baniyas,ChIJySPEeAA3Xj4R86ydETlyKcI
baniyas,ChIJt1f8pV43Xj4R275r0Rk9rLQ
baniyas,ChIJvwV1Ojg3Xj4RKv8KM-y2oV0
baniyas,ChIJnXM8Kjo3Xj4R0nTG9oRpbxc
baniyas,ChIJjV4_8zo3Xj4Rimg3RsMt3mU
baniyas,ChIJOUYK5mQ3Xj4RgsLlrhLrwdk
baniyas,ChIJ_zKmtTs3Xj4RYRpi9OuNKb0
baniyas,ChIJOcOsNcE3Xj4RhBFGnss57Aw
baniyas,ChIJY5YI9essoS4RMF0Pwj868uk
baniyas,ChIJ714SwUI3Xj4RaVZ4gcav8po
baniyas,ChIJ5dmFEQA5Xj4RUUhWfRGaTWA
baniyas,ChIJifIQ9Lk4Xj4RvyIgEGAO9Mo
baniyas,ChIJ803MSw85Xj4R8gBaPIO3lJA
baniyas,ChIJOdy0rpM5Xj4RyYrr8KmUcQU
baniyas,ChIJP8IJcLw5Xj4RV_3UnhRln20
baniyas,ChIJ0aF1awA5Xj4RzsnvtOgyrIo
baniyas,ChIJkdfyBfY5Xj4R6Ssl9zGJNrE
baniyas,ChIJhVfAK4k5Xj4RbHhZUFTulLQ
baniyas,ChIJk52ZdNo5Xj4RB1qWnAG5aXA
baniyas,ChIJNzGvYmxmXj4RiZGijh7LIvo
baniyas,ChIJwRAhTuw5Xj4Rby1hbkcY9ms
baniyas,ChIJyeR_SNA5Xj4RvJ2RJp75KbE
baniyas,ChIJZZQ3B9g5Xj4Ru6ePF4wxb1c
baniyas,ChIJh_uD3m85Xj4RBJOJd5VJwQ8
baniyas,ChIJ2djxtgk5Xj4RxiaaioL9bg8
baniyas,ChIJ7eg4VFo3Xj4RBKDKLzVzjgo
baniyas,ChIJV6YIh8k3Xj4RrOj5e4LpLng
baniyas,ChIJY9wBUAA3Xj4RHgCm5aISavs
baniyas,ChIJn8JqQR03Xj4REWqgFbMUIYQ
baniyas,ChIJ39lgm6M3Xj4RbqH0Ipuq43c
baniyas,ChIJfdd0XWc5Xj4R7X8N9miotYw
baniyas,ChIJOyibkek3Xj4RNtUWnHkJcHs
baniyas,ChIJBfiK_gU3Xj4RveC4lqwKWko
baniyas,ChIJP62LnMA3Xj4RIszOUCkof-4
baniyas,ChIJRYqhWAA3Xj4RHPWhQzSfkWI
baniyas,ChIJNUWVaoM3Xj4RHWdV5LZ8nYM
baniyas,ChIJt_rot6w3Xj4RywzijzxGx14
baniyas,ChIJLwJz4iE3Xj4RJU4kyWBwJD8
baniyas,ChIJOzO8UBo3Xj4RhBpJW_9Clik
baniyas,ChIJPd5FGSs3Xj4RY5IWOucozsc
baniyas,ChIJabO2FcM3Xj4RjG434cOBstU
baniyas,ChIJiR2zSQA3Xj4RZlURnE8qVxk
baniyas,ChIJ445rqPg3Xj4RO1U_JhJFh8c
baniyas,ChIJZbAdeyg3Xj4RhrWxz1sAecs
baniyas,ChIJg-4lyOM3Xj4RjXGHH6n7wOw
baniyas,ChIJHTzshj03Xj4Rl2iPemwnqi0
baniyas,ChIJlUSPaHk3Xj4R-ujE-YJrULs
baniyas,ChIJY-eWPNc1Xj4RGVzJhKtVWl8
baniyas,ChIJ30QrfVlHXj4RNznnw6DrRt8
baniyas,ChIJsw6LWwA5Xj4RW_AF0uHPbZo
baniyas,ChIJ6_WfJ3dmXj4RZQmzEt54c2U
baniyas,ChIJjUAl_p05Xj4RrzZQVGSfVV0
baniyas,ChIJ8ex8GXI5Xj4Rc5m8NvenPh0
baniyas,ChIJywlzodE5Xj4RF1q0f3U82vs
baniyas,ChIJnS98uac4Xj4R3BbG-ufXM_E
baniyas,ChIJ370tt8s5Xj4RbzcVsDTjo3s
baniyas,ChIJ1TavO7FHXj4RggvNIQ2170I
baniyas,ChIJayuaDsM5Xj4RdUrjCnR9yOg
baniyas,ChIJdwN6yac4Xj4Rjoks1vUX42w
baniyas,ChIJ2SOz_FI5Xj4Rb4VZoGTYkqQ
baniyas,ChIJDbcz2A9tXz4RnqvVPtIP15c
baniyas,ChIJZ3vcheo3Xj4RnSWZDXWS72k
baniyas,ChIJlwG5_DI3Xj4RXNhToLQcoWw
baniyas,ChIJhzTbC103Xj4RjodcumrbGZw
baniyas,ChIJD-kPNyo3Xj4R5j4JRHO67vA
baniyas,ChIJFSj2a4k3Xj4RTujzuydX3ys
baniyas,ChIJ-daFfQA3Xj4Rp5lBqSC1Bl4
baniyas,ChIJHcgoVCs3Xj4RRjOpdRRXIHg
baniyas,ChIJc8jCcwA3Xj4RXP9GeGLAETc
baniyas,ChIJC5OFi0BHXj4RAuJqyhWbkJY
baniyas,ChIJ1acVeH1HXj4RSli59C2hk2k
baniyas,ChIJDfakpIJHXj4R3WYRCyOrI74
baniyas,ChIJXy21KDxHXj4RIdV7o7AKBeU
baniyas,ChIJJY0cP_ZHXj4Rezb6C_enoRc
baniyas,ChIJhXJdydZHXj4RqFWkuoidlqA
baniyas,ChIJ7dsioyZBXj4RzIkYAl0M0OY
baniyas,ChIJUWAtgZZBXj4RXG5RVhUuGYA
baniyas,ChIJA3AAmCVHXj4Rd8NywioXdIc
baniyas,ChIJmZTGYwZHXj4RUVITzCRY67A
baniyas,ChIJK2_bRwBHXj4RIGTTZCUQak0
baniyas,ChIJ45jENidHXj4RbsTlCPw-bLk
baniyas,ChIJW-umFABHXj4RodLZiPhbEqU
baniyas,ChIJqWvdQgBJXj4RWBnsE2sHUHY
baniyas,ChIJT6HWvGA3Xj4Rmf8dQzGbtGY
baniyas,ChIJO_qHc_43Xj4R-51XaEJ9OPQ
baniyas,ChIJAV19Lv83Xj4R1oqXSoHmJGk
baniyas,ChIJTcAI62k3Xj4RrDfM2aTKmJ8
baniyas,ChIJjX-vDS5HXj4RdLKTuTi86Vs
baniyas,ChIJRwdqDwBJXj4RfDUU2XRviaM
baniyas,ChIJzw1nGGI3Xj4RSdzy0PD4W_k
baniyas,ChIJz9fcsplJXj4R3XctupxLwzw
baniyas,ChIJmVS7RtpJXj4Rb9wAlFGyBaw
baniyas,ChIJZ1LG5gBDXj4RE09vzn8m_8Q
baniyas,ChIJ9fMLuP1JXj4RFOdsj2_RPvw
baniyas,ChIJO3IcU29JXj4RXQvZWQrgZn0
baniyas,ChIJP_gGHdE3Xj4Rm_qbfE31_R0
baniyas,ChIJVWQVD7E3Xj4RQ-5zO0t9tHU
baniyas,ChIJT3PvNzI3Xj4RJ1wkNwZNvPk
baniyas,ChIJ98vusWNJXj4RXbp7IqKZZgo
baniyas,ChIJQxZCWlw3Xj4RqQ5C33U4JIc
baniyas,ChIJ2wGFVwA3Xj4RRZiJN7Utd3E
baniyas,ChIJJWo7LP43Xj4R-zT_vBfl0Bw
baniyas,ChIJjw-oAIZBXj4RYs_ZF8S82Wc
baniyas,ChIJH70e0D5BXj4RTlmr6g49yAg
baniyas,ChIJgXLLwwB-hWgReooggOGQAOo
baniyas,ChIJke2vFUgPQ44RFn9Fo_Dwp0o
baniyas,ChIJjyvQJ3JHXj4RCvnEkHP0x_0
baniyas,ChIJwRyMb6U4Xj4R8gq-RkeyZdI
baniyas,ChIJ75cTy_Q5Xj4RLalc3zmVD6k
baniyas,ChIJR0SITitHXj4RVCWVzbn_lEk
baniyas,ChIJgW7eCQA3Xj4RtaKpBvr7dwo
baniyas,ChIJBR1S6FBHXj4RlHjUu_rqzo0
baniyas,ChIJ6Sm2IEM5Xj4RBqYTUK4jEzg
baniyas,ChIJgewjGqg4Xj4RyTXUzZhLSd4
baniyas,ChIJz27LlA4JIWYR1KLi8sKhdlU
baniyas,ChIJ3SEMMhNHXj4R6covViidENk
baniyas,ChIJhS5MWfU5Xj4RCmQZfvI7plE
baniyas,ChIJ8e8Wzr44Xj4RYCEdDKI7hVs
baniyas,ChIJTSS60x05Xj4RwqbETuIf1qU
baniyas,ChIJN-yizFtHXj4RbeJ-DhbUwHM
baniyas,ChIJG5Yvx8tBXj4Ry0hMcfLWkQk
baniyas,ChIJX0IhBpZHXj4RiiNGNxkvges
baniyas,ChIJ2dS7qFlHXj4RjQTzdcHobd4
baniyas,ChIJ946Ye1dnXj4RFIZ7eAKoEfs
baniyas,ChIJd2c2cwA5Xj4RjZ8W4tHLMms
baniyas,ChIJmZ06CDlpXj4RCblh8NscV30
baniyas,ChIJdYSb1Kw5Xj4RDDcMzM6IXMM
baniyas,ChIJw8Bw3Tg5Xj4R9-nmzE04CZ8
baniyas,ChIJ355akfo5Xj4RX11z73jrTCg
baniyas,ChIJd8s9Zr2KF6wRfOLuJLQJUBc
baniyas,ChIJ-8uEJ7o4Xj4RVtJLCdiSXgs
city-walk,ChIJLfby84FrXz4ReCf-3ArfkN0
city-walk,ChIJpdwj3YVrXz4RwQq2vbFqc-s
city-walk,ChIJ9bJ680NrXz4Rj_yWJ0q_eQk
city-walk,ChIJtU9-uPRrXz4RN3R6liZ223g
city-walk,ChIJGzGWmElrXz4RvqIF6_LqQJk
city-walk,ChIJldzzkhZvXz4RqP58EX3zYQ0
city-walk,ChIJZzQyyVFqXz4RIHidgDF01FA
city-walk,ChIJIWujKHtrXz4RE-7llgiR4N0
city-walk,ChIJ_YpjhmJrXz4RD-SdWVqhWCA
city-walk,ChIJrR3Ef9prXz4RPa9jzsXsgzE
city-walk,ChIJ7xuNn8FrXz4RB3dSnDLcPIg
city-walk,ChIJQ44YqBNrXz4RR_DLtbYjO_Y
city-walk,ChIJmXmD0yhrXz4RZLjcBRXnJ6o
city-walk,ChIJbVx-iq1rXz4R5wi7QFRwMCA
city-walk,ChIJZQxNp4BrXz4RGG36xMjuoJI
city-walk,ChIJSTj_IsZrXz4RjkgnU6ZMk2A
city-walk,ChIJ3R8VfyBrXz4RzQB2VOn8F8w
city-walk,ChIJDSh_I65rXz4RxfTrHI_J8b4
city-walk,ChIJOw_2bhNrXz4R6El-vfiOYp8
city-walk,ChIJa4CFpv1rXz4Rb8J-J6i-ArI
city-walk,ChIJ692_u5NrXz4RTD99fc17TzU
city-walk,ChIJ7SYyfihrXz4RXLClE0wn5Fs
city-walk,ChIJAc2mBNVrXz4R4eKQ2a-yvLA
city-walk,ChIJqwq2NVFpXz4RMjx88Nz2EaU
city-walk,ChIJK1hHUcRrXz4RXEJ4FE4pJN4
city-walk,ChIJI296UTRpXz4RMRbdqPYaXJ8
city-walk,ChIJvYtMcgBpXz4RderZ6nPPbws
city-walk,ChIJJbUDMXxpXz4RxDAEmJ-kHIU
city-walk,ChIJhbXVqRtpXz4RFkKE772AO8Q
city-walk,ChIJGQHuH9tpXz4RCdhOYe4zaVQ
city-walk,ChIJD7jeX01vXz4RVRMCBIiPawE
city-walk,ChIJbev-qwNpXz4R92w3l3EeDN0
city-walk,ChIJc2Txbq5pXz4RRlzAkygTmhg
city-walk,ChIJWVOdSRVpXz4RuVCIucyY-as
city-walk,ChIJpcEpTollXz4RYWx3J_3jiFI
city-walk,ChIJNRSSi0xqXz4RK6puzEPZpA4
city-walk,ChIJMciDnXRrXz4RTN8ha8OmReA
city-walk,ChIJQWUxURlrXz4Rw8PsX6p1y-A
city-walk,ChIJz6C6gOJpXz4Rbu0J8dO7ajk
city-walk,ChIJGcXffoxrXz4RXktJR3_duiw
city-walk,ChIJuVtFGABrXz4RzzgtNI1g-_s
city-walk,ChIJP6910blrXz4RDBrB-jf74Zg
city-walk,ChIJoXaB0r9rXz4ROgb7NzM9Hh4
city-walk,ChIJF4k5d_hrXz4R0EjhASdjQu4
city-walk,ChIJrwHLMpBDXz4RG-p5G02RNLg
city-walk,ChIJ_zUVh5NpXz4RqddTRQjn7EM
city-walk,ChIJwVS4G5NrXz4RKW68ddfWAVQ
city-walk,ChIJNZV-h0ppXz4RX1x_21do2ts
city-walk,ChIJi0XhEeFrXz4Rt4tw37GjwWk
city-walk,ChIJ5zK5CZVDXz4RVnD8Fm9pVk4
city-walk,ChIJY0phdN1rXz4REnOYlJUocFA
city-walk,ChIJmwSByiZqXz4R71zuNrtpdQQ
city-walk,ChIJR0do5TZqXz4RF7ibiW3Pcr8
city-walk,ChIJAf6vLtZpXz4R5apQG1K1RzI
city-walk,ChIJN6beLyZrXz4RyeVXHz4c7Ck
city-walk,ChIJB3ibexBpXz4RWUiiiIhfd3E
city-walk,ChIJ4wIIjUBqXz4RMpLJ4g4MDKk
city-walk,ChIJgXm1JUBrXz4RytE-OTZQYvM
city-walk,ChIJBW8b_L5rXz4ROct4NjxpLmY
city-walk,ChIJB_vhFk9rXz4R-nmqKBxTRKY
city-walk,ChIJ8-2cniRqXz4RxP4N5tsMRIs
city-walk,ChIJ-x2G8eFrXz4RTbYOYqcjbzw
city-walk,ChIJt7gZNidrXz4RhTQkfNNsyhQ
city-walk,ChIJZxi8datrXz4RHIphRY2kC0w
city-walk,ChIJW2LRvOFpXz4R9PtTPVun_dM
city-walk,ChIJ06d9E-BpXz4R1NMNghcBTMs
city-walk,ChIJ5T7zUJtpXz4RKjmYJalkRLE
city-walk,ChIJ-9qNpUxpXz4R8LBiFZRzURk
city-walk,ChIJMbEyjAxpXz4REHnzrDi162k
city-walk,ChIJzckmtpRpXz4Ryjt_12Z3QsA
city-walk,ChIJccJ83etpXz4R2crhhTWvWUM
city-walk,ChIJVew1lrdpXz4RMXwmYrWcwbI
city-walk,ChIJF6qiTdZpXz4RC91u2RSbWo4
city-walk,ChIJJTOjShRpXz4Rz89x3PV_ClA
city-walk,ChIJ01kQZkVpXz4RuWinByM2B94
city-walk,ChIJPyCPNnBrXz4RnvTY2E0sr0U
city-walk,ChIJPVos8UhpXz4RJOi12LXUmMg
city-walk,ChIJIwLD1L1vXz4RIO8T1NHJUxA
city-walk,ChIJg-5VBQBpXz4RlWgmAoyu3Uo
city-walk,ChIJnUQzSQBpXz4RVjwEb294ia8
city-walk,ChIJNyDuH3VpXz4RzBl3M_1dpdI
city-walk,ChIJKfGJ-9lpXz4R_aJd2kNBjnA
city-walk,ChIJvY8VYoFpXz4R3WZqLQyUOYo
city-walk,ChIJu8zvAndpXz4RTqEb041058E
city-walk,ChIJLSKu0D5nXz4RGBDK06c050k
city-walk,ChIJL1pAXxlpXz4REYAGY2DQ7oE
city-walk,ChIJfyvyeJxpXz4R95d_eDOquYM
city-walk,ChIJ7XW19Bz0uw8RACWkZpqJL1s
city-walk,ChIJo9BeWK1pXz4R2PtK_CJ-H3U
city-walk,ChIJf5kyjC5pXz4R56eq5RQat2Q
city-walk,ChIJcdO6tMppXz4RmM-QqbWBV5A
city-walk,ChIJddXIf85rXz4RaLcWJAcido0
city-walk,ChIJ1SgeOZJDXz4ROaObLUh_Aec
city-walk,ChIJGcBVQRpDXz4RUPrFktjufz0
city-walk,ChIJo1Ydk0BqXz4R8slljwdDzrs
city-walk,ChIJcTDxWJtrXz4ROFwZqnTaIvM
city-walk,ChIJma5AbM9rXz4Ri9f410RNpw4
city-walk,ChIJF9jrFCRrXz4R60mSuWNNu0c
city-walk,ChIJRd6p1fNrXz4Rb_vndkRnyO0
city-walk,ChIJp-9jLxFqXz4RBz0pOnf356k
city-walk,ChIJi6kBHCJqXz4R1LSoBgFHpC4
city-walk,ChIJmbQT5Q9pXz4RTcITLViIWjM
city-walk,ChIJ0Y0DQ-1DXz4RCSA0T_vf9P8
city-walk,ChIJhaG4jh5pXz4RRgJr20PuSWo
city-walk,ChIJP51lMQVqXz4RD6HqPxzgfo8
city-walk,ChIJqWuPhpFrXz4RxunMP9bef2I
city-walk,ChIJ6SoDggRqXz4R7BAvkaFzkRk
city-walk,ChIJ905RFkNpXz4R5ABvz9GUTwo
city-walk,ChIJ_6O7ZhgsmEMRDRb3so4R4O0
city-walk,ChIJHbEf4F65eiURxBnD7-heiBg
city-walk,ChIJcUON1vVpXz4R7_DyGfj8ljw
city-walk,ChIJ2bVGXh1pXz4RAFaCrsWU1R4
city-walk,ChIJg-gkNrppXz4RNh9RysXlWcg
city-walk,ChIJQWakM0BpXz4RWiHoZdv1lVA
city-walk,ChIJF-Ow-SdpXz4R_0n40jRhQNo
city-walk,ChIJ8QQdkq5pXz4RX3FnLte83Rk
city-walk,ChIJmRKa_5hpXz4R_9Hpp02ls90
city-walk,ChIJ82MttINpXz4RmdheptphCSQ
city-walk,ChIJfxKczKBpXz4R5_eQ3rHhTp0
city-walk,ChIJY99J8J1pXz4R6vYZRRjwm2E
city-walk,ChIJpXfDnTUnRggRqNJ7dLJVWXE
city-walk,ChIJWd2MolBpXz4RMaI1wxGdL74
city-walk,ChIJpWQUEjJoXz4RlI6OwXS5va8
city-walk,ChIJC635ED9pXz4Rzy7DksENhsE
city-walk,ChIJx9yRrY5pXz4RVwMdh-0rbIk
city-walk,ChIJ9fiqSGFpXz4RzQVfvnoD0eM
city-walk,ChIJMciJj51pXz4RBhHoFazX-mw
city-walk,ChIJuQSymgdpXz4RQMKEUEuNCvc
city-walk,ChIJSYDoMPRpXz4RO37A4YnIg_c
city-walk,ChIJpcG8VL9pXz4Rx8R4UD6Qjyg
city-walk,ChIJL5Vn-WZpXz4R84H3ZwDMXNQ
city-walk,ChIJNYpoaktpXz4RvWyXhptbmGA
city-walk,ChIJMaXbMwBpXz4Rfy9Nu7-IpLc
city-walk,ChIJh_lp3yBpXz4R5i25x2_o-Pw
city-walk,ChIJ55fnfRldXz4Rhugo9GcCMRg
city-walk,ChIJDa8wWtNpXz4RpPMYhiW0Cvc
city-walk,ChIJ2-cSD2ppXz4RgieAyPBDatg
city-walk,ChIJQVQek59rXz4RAG7c_F1lfF4
city-walk,ChIJwQZOJ_V7Xz4R-GbG3nOBR9s
city-walk,ChIJ2bmyEMZrXz4R_OLIvz40tDI
city-walk,ChIJcYYO9NJpXz4R5ayXhS1-h08
city-walk,ChIJj8yR8RppXz4Ro1SLfUtxPZk
city-walk,ChIJLQrX-sJpXz4ROS8lWWkR62g
city-walk,ChIJ8cF-LmhpXz4Rqqda-d055es
city-walk,ChIJ6RREWe1pXz4RX7j2D37MuOo
city-walk,ChIJFZjcVgBpXz4R6Md6mHK7nG4
city-walk,ChIJ-4aAroJoyocRmi2d7LwBVcg
city-walk,ChIJj9Mr4JBDXz4Rv6KTbCsoszY
city-walk,ChIJHVXH-_ZpXz4R-yZ5Da8l_fI
city-walk,ChIJTZQd4v9pXz4RUFUMrWEyff0
city-walk,ChIJxyO0XT1DXz4R7VZlMXG-I_c
city-walk,ChIJhdA3WABDXz4Rj6MPltJF_nY
city-walk,ChIJ64YtRDJDXz4R7mFPuC4lgB0
city-walk,ChIJO_iqMetCXz4R0JHA1kRnG6s
city-walk,ChIJI1r4IP1CXz4RcTn5yOX5MXg
city-walk,ChIJ0UD1bJRDXz4R6WaTdVoYRZ8
city-walk,ChIJre3cwVhrXz4Ryya3lYa7Slk
city-walk,ChIJi_f1ZQFqXz4ReNLWfJ6MFEE
city-walk,ChIJQYuPrm1DXz4RnfOXvLVDXb0
city-walk,ChIJB1KUASZDXz4Rjn8jkMaI0QA
city-walk,ChIJj7jMk9dpXz4RpgWmZysF8Mk
city-walk,ChIJIfaNTpJpXz4Rf2hAPr4ITJY
city-walk,ChIJjTTlILtpXz4R9D--AtcxpyI
city-walk,ChIJ8YM0cOlpXz4RAmBHRrU5TVg
city-walk,ChIJCQB88-JpXz4RU_pzq5Fp4JA
city-walk,ChIJR4QYtRZCXz4Rrj6Pg9cUZ3Y
city-walk,ChIJ90ydelZDXz4RQc9i3swo3eU
city-walk,ChIJO_6URRppXz4Rp3WvCoOj6zg
city-walk,ChIJH2Pi7h9rXz4RAoP2g7eSxhE
city-walk,ChIJfdpFo1FpXz4R4AsBNpmPgYg
city-walk,ChIJQaw2fwtCXz4Rnvy3bF4gae4
city-walk,ChIJB_1pvVdpXz4Rv1nTixHTcJY
city-walk,ChIJdWPzvGhDXz4Rb-ODwtXveo4
city-walk,ChIJj4ruxS5DXz4Rnwa0xss7RRc
city-walk,ChIJk7BNq4JpXz4R32UzidiqOF8
city-walk,ChIJ00cEbsBpXz4RP7zwiBHcMCY
city-walk,ChIJK1VAzatDXz4Rq-4cA4BIN14
city-walk,ChIJlcpfSXxCXz4RSCAq5R26n3c
city-walk,ChIJ74TuJThpXz4R0grQUFgC4YU
city-walk,ChIJU9tRFZBpXz4RCtjRVR5Mbrs
city-walk,ChIJ7ddNpqppXz4RUcsINlXKdig
city-walk,ChIJx0WdTdtpXz4R-rWz9lgwd8I
city-walk,ChIJC-YJFChoXz4Ru7vsBmyQHMg
city-walk,ChIJA0TF43hpXz4R1xS9rpItnnM
city-walk,ChIJe6f_Kp1pXz4R4Hlh1KIojoc
city-walk,ChIJcdNVXdhpXz4RholO2M5netU
city-walk,ChIJ25If95RpXz4Rf__xdh5OTXg
city-walk,ChIJI4elhJxpXz4RxxBRnNA489w
city-walk,ChIJh1suPOdpXz4RSxCY97bhkNM
city-walk,ChIJPSv6UmVpXz4RD8D6scSDhmI
city-walk,ChIJM5UAbTlpXz4RTzNOf_SieYE
city-walk,ChIJqeQKEosVuywRK5aPS93zj48
city-walk,ChIJl_V8WalpXz4RXKaTB_V_y2U
city-walk,ChIJy64j2UxpXz4RbA3zoorvT8M
city-walk,ChIJJ2j7HCVpXz4RCuSqWS9uCWA
city-walk,ChIJjdvGXWj8rUwRPZW9_g5XC3E
city-walk,ChIJgUaLe9tDXz4Rn5r_LHtoGZQ
city-walk,ChIJSVZc4NFpXz4RcxNHrgH5Cew
city-walk,ChIJQ1Qz_sFpXz4R10KhyIosOfE
city-walk,ChIJn8ZZQ_lpXz4RY4Eyx61aJfk
city-walk,ChIJTTjZohJnXz4RLZO4TXpG-qk
city-walk,ChIJT0AQ1n5nXz4RjOKXwpkzhEY
city-walk,ChIJ3XPBxZlhXz4RRQ7K1QNxXfA
city-walk,ChIJc-XHkRJJC4ARQioJL4ZTssI
city-walk,ChIJk2vrMWppXz4RGutjLinVmmI
city-walk,ChIJPw22BMZnXz4R9f0kWfaMBcg
city-walk,ChIJoajPqSdnXz4RDl2n5wydMTQ
city-walk,ChIJ6ZQxC7RnXz4RqnCroiwMuMY
city-walk,ChIJhV-jWiVnXz4RRvhjLDI4eeY
city-walk,ChIJj8F2ecRnXz4RwM7JfxJy_rY
city-walk,ChIJa6VH7T1nXz4RYkIkzdemfr8
city-walk,ChIJm2u4GLVDXz4RbYGrEsK1mgY
city-walk,ChIJmwKh-SlDXz4RlBAPowFqGmY
city-walk,ChIJGfFPsRZCXz4RPj3idpca4x8
city-walk,ChIJl1U2ctlDXz4RQ0r2Nfavuxg
city-walk,ChIJPSys-v1DXz4RBCy9x6Z6W7M
city-walk,ChIJwZpk-11DXz4RpXWNPfc_7j0
city-walk,ChIJYYU_KS1DXz4RdcjCg_AwXeE
city-walk,ChIJw5hG6zZqXz4RMwxx2F-B6QE
city-walk,ChIJPd_il09CXz4RNCGy4Mah_Mo
city-walk,ChIJU6AlfpVbXz4RGFbwztuNhVQ
city-walk,ChIJsx8-I0FCXz4RkF31mTk1790
city-walk,ChIJA4o41LVDXz4RcA2P_3VqBsU
city-walk,ChIJnSNwimRCXz4RFzl5J6yPzDU
city-walk,ChIJL463FRFDXz4ReHgw1Q3vvYA
city-walk,ChIJS15ZNqBDXz4RWD6tXpCSYCk
city-walk,ChIJKYrtrEVDXz4RcIuya45HC2s
city-walk,ChIJoch8ETpDXz4RQJhQJcNI_eA
city-walk,ChIJ__-vrIlCXz4RU6n0DOZPvK0
city-walk,ChIJqdPpEmZDXz4RUv5OMpmsX8M
city-walk,ChIJSczn7OhDXz4Rx15psO4LBMc
city-walk,ChIJI_Ppl_JCXz4RyW7l5QTBQjs
city-walk,ChIJM8YbS4hDXz4RunUs-JfLIUY
city-walk,ChIJnXnqttZDXz4RvEdHTZdkRT0
city-walk,ChIJiTDAc45CXz4R1sFRBmmcgdg
city-walk,ChIJ9bLfzDJDXz4RbUxa6BfnulM
city-walk,ChIJaTs5JpZDXz4RWVY_icT2GvA
city-walk,ChIJq2MX2l9DXz4RX6In4hKNMvo
city-walk,ChIJ65jZ-V5DXz4R5SvthuZhiTE
city-walk,ChIJA5NM7-1CXz4Rx5rqB7fcZuE
city-walk,ChIJ6yfuNu9CXz4RSZxfr53hK6A
city-walk,ChIJ8ayA7fxDXz4Rav_b-4pF62U
city-walk,ChIJg_bFekddXz4REnOm468lyLk
city-walk,ChIJYdknQNxdXz4R-qdL_1jzhgE
city-walk,ChIJHYCY2gBdXz4Rhmm3ZEuuzys
city-walk,ChIJwcT0JgBdXz4R-DwAh-82h-o
city-walk,ChIJX3KcVdddXz4R2cZ32MtzAkY
city-walk,ChIJfbr9uSBdXz4RpYKsKMbx1-Q
city-walk,ChIJgdmN5AldXz4RrUS80Bn7Itc
city-walk,ChIJl0RB9xD_tgsRegMj41YzE5Q
city-walk,ChIJ_9dvpTNdXz4RKngx7hesHp4
city-walk,ChIJK0bEWOldXz4Rk-HOBfGDFm8
city-walk,ChIJNcZgOsxdXz4RGKFABH5lZaQ
city-walk,ChIJ3djCs8VdXz4RIESwvoo65t4
city-walk,ChIJAQIraVFnXz4R8UyNKUHARJg
city-walk,ChIJ_____35nXz4Rqm1F4eeHBBw
city-walk,ChIJRyja_X5nXz4RF_HBCeYZ9Ko
city-walk,ChIJa-tOPy9nXz4RO-a7rmFRpek
city-walk,ChIJnWUXitBnXz4RpsQGJYttC-g
city-walk,ChIJ9zni5CxnXz4RYkBFMmjm6MM
city-walk,ChIJe6Kzb3xdXz4RKzjTc4Q0VsA
city-walk,ChIJ7XTRCvxdXz4RvoYk1lrTwHw
city-walk,ChIJ54PE32NnXz4RggzfKf_eLyw
city-walk,ChIJ-6lvMLlnXz4RAWRCDUhTRy0
city-walk,ChIJUWD2BlxnXz4RADoI3-el_64
city-walk,ChIJaTqGt_NdXz4RJPCbJqOZF2E
city-walk,ChIJiV8912VnXz4R9S0cBE9nfrQ
city-walk,ChIJRx7AE-lnXz4RwqOU8-tGkUU
city-walk,ChIJFdgpCWRnXz4Rns1aRLL0NbA
city-walk,ChIJ990ttmNdXz4RNIfeNp9L4ok
city-walk,ChIJx_FHjb5dXz4RiYZKjAiLGnY
city-walk,ChIJd10kwPddXz4RqMNSzN-RMwE
city-walk,ChIJYZDSemlnXz4Ro8iX-HS7dRU
city-walk,ChIJ6czHN_pnXz4RcZVIDp-k3JA
city-walk,ChIJy67R6jtdXz4RTz5cT1JOL3A
city-walk,ChIJZweKLtZDXz4RbpT20aXl9WA
city-walk,ChIJJcv-FDlDXz4ReaQQGfjufRU
city-walk,ChIJVXuVdgRDXz4R1_fh8fSzBB8
city-walk,ChIJ173lcARDXz4RsOtGVejMk_Q
city-walk,ChIJL6mc-5BDXz4R9pu0yyhHx5w
city-walk,ChIJn9YOcoVDXz4RW8qGFkArogE
city-walk,ChIJ8xifsMZDXz4RCtka8ZHGSHM
city-walk,ChIJ_R3F1YVDXz4RUZ9OtziZ20E
city-walk,ChIJMaWgeOVDXz4Rb0ejuFUxp3o
city-walk,ChIJs5DYDwFDXz4RWjm47yZqAkI
city-walk,ChIJdWqSLe5DXz4RFI6VkXTwzRU
city-walk,ChIJb63oRkJDXz4RTjHA6eW7Xq8
city-walk,ChIJS_Bm19dCXz4RoldSfGCt6rE
city-walk,ChIJ445b-mJDXz4RhC-FtqY1pdI
city-walk,ChIJ0_62TctCXz4RcoHXK9X6ZCo
city-walk,ChIJzYyp-npDXz4RMvc8cbmKdfA
city-walk,ChIJ5X5ZzqhDXz4RkPi33Lq0vVU
city-walk,ChIJSboImmdDXz4RvsmtSWva3UM
city-walk,ChIJUTC8XH1DXz4Rmk3LUBlh1GE
city-walk,ChIJj8Yznu5dXz4Rjf59z-Uk9tY
city-walk,ChIJlbi2Ry9DXz4R2vX342Rv1lk
city-walk,ChIJmTxeuidDXz4R7tfgd4ZbbWk
city-walk,ChIJpxgrVi5DXz4Rm2MXZvrmZhk
city-walk,ChIJoUlx-ydDXz4RH-9QPpRFqrE
city-walk,ChIJveiAjwVDXz4Rob9Ord9EE3o
city-walk,ChIJobqykDRdXz4RFn4I97LEYKU
city-walk,ChIJUax1zSldXz4REsvSzLAKQq0
city-walk,ChIJ9fGtyhtdXz4R7QA59nTMK3s
city-walk,ChIJc0IZaw5dXz4RRGESwJ79GQo
city-walk,ChIJJSFzLBZdXz4RhhEaAriQEZ4
city-walk,ChIJJ-Z1J7FdXz4RaXvI0VPa0N8
city-walk,ChIJl7fLPNpnXz4R_zkMbuFuC3Y
city-walk,ChIJ18BykgldXz4RVtoNdClWLXQ
city-walk,ChIJJYbFgyBdXz4RCDzOz2PHTO4
city-walk,ChIJEbdYNWRdXz4R9r6q0ml0BV8
city-walk,ChIJf7NQ1xldXz4RXGh4KNFmrIo
city-walk,ChIJgQkiixBdXz4RnN3lfLQA_g4
city-walk,ChIJq6qqqjddXz4Rhrp-LIcaijk
city-walk,ChIJAfinfbVdXz4Rv2Xdo8HyP-M
city-walk,ChIJb4P-ikxqXz4RU5uH6EZ1neM
city-walk,ChIJa6RFMfZdXz4Rm9vEZ_bENLw
city-walk,ChIJUWJnWDBdXz4RIsmVjOuqFQM
city-walk,ChIJO0HYnY5dXz4RzE6uk-ihc_E
city-walk,ChIJnww0x_NdXz4R27oSQJ6hRig
city-walk,ChIJyfPItvNdXz4RqEoYtb40LwM
city-walk,ChIJv3Tju_NdXz4R8AwrSB2Op5o
city-walk,ChIJC2S2-MddXz4RPO6OJQFIeNE
city-walk,ChIJHRRLx59dXz4RIEeraUE_0C4
city-walk,ChIJaQ06FQ1nXz4R1PXstZ5Ez1I
city-walk,ChIJp5bnwWFdXz4RjsoXr7dbUyQ
city-walk,ChIJiUHQkvddXz4RdY5qWkxKfL4
city-walk,ChIJ1bxyuxVDXz4RgP1WYjxMCws
city-walk,ChIJT3dW8K9DXz4RlnEhlk-Sf8Q
city-walk,ChIJIfRUokZDXz4RkgA4pP9MCgg
city-walk,ChIJewKrHLlDXz4RrXuiRQtbc3o
city-walk,ChIJf3Xns3VDXz4RVYt9uJAdmPQ
city-walk,ChIJq5pVYwBDXz4R1skfI97mr3g
city-walk,ChIJ3THkWC9DXz4RPrvau-G5j-I
city-walk,ChIJEzrgOcRdXz4R561Fb5N9u4k
city-walk,ChIJpUt9g0FdXz4RyuGJqPnJ3pc
city-walk,ChIJDXnxMiFdXz4RQDkdOXMt4Vc
city-walk,ChIJDY4-VABdXz4R8osfXZ1-8T8
city-walk,ChIJh9g_XEddXz4RKQAs10kQ0p8
city-walk,ChIJcXq0KXFdXz4RaF00PwCjsUY
city-walk,ChIJv9tXBYddXz4R_wce6BkpdWY
city-walk,ChIJ-YIfJNJDXz4R4jONMChgek8
city-walk,ChIJwa3qsYBdXz4RK86NSMW3ub0
city-walk,ChIJoZabF25dXz4R4nH6kE69fG8
city-walk,ChIJu5UUt_FdXz4RrKREpX9XUAA
city-walk,ChIJBb2DkUxdXz4Re1MH93ktLeg
city-walk,ChIJ-SAM485cXz4RfEM1CojmEks
city-walk,ChIJF_6s24ddXz4RArh7t0rhCgs
city-walk,ChIJqb6nqc9dXz4RpN9XVwjj_so
city-walk,ChIJ0-eEY7VdXz4R2MwIjjEkDTA
city-walk,ChIJyaBr37ZdXz4RogkYWeRtKvA
city-walk,ChIJ8ctH3RNdXz4Rxs6StJZWoGo
city-walk,ChIJhVVL3PJcXz4REhRyMbtoOoQ
city-walk,ChIJBxuV5E1DXz4R_xJU139vabY
city-walk,ChIJT5rpzwdrXz4RWNnWqoExxoU
city-walk,ChIJ0xf8VY1cXz4R3q7MDV_wqZI
city-walk,ChIJhflyUqlDXz4RqZE4OJXyWT0
city-walk,ChIJzxAUPwBDXz4RuTalg7m9NRA
city-walk,ChIJKYtv291DXz4Ref9-qswte-k
city-walk,ChIJryyWFiRDXz4RZUzwWFKFy7g
city-walk,ChIJfaOzawBDXz4RkVof15S2wUU
city-walk,ChIJpX2T-lxpXz4RjDY730JqBmQ
city-walk,ChIJGSGo8EtpXz4RWtwP7ziX03Y
city-walk,ChIJjZKyiOFvXz4RthD5WyFx86A
city-walk,ChIJ0bkI2LtDXz4RvvLcg34Dmwk
city-walk,ChIJWWmtp5RrXz4RKAOob3bZ8Xs
city-walk,ChIJzb3LsI5CXz4Rk1w6UF3Gn6k
city-walk,ChIJw2SgmU5pXz4Rfz58NkfTqSU
city-walk,ChIJGVuPdplpXz4RL9_-8NUgIVA
city-walk,ChIJ3Z_dNr1rXz4RM-IIH0gIP5s
city-walk,ChIJv9rfIaBpXz4RlVqMpulSc-w
city-walk,ChIJCTJbKcBrXz4ROxdrt_AN3HU
city-walk,ChIJgcnc3-RDXz4R7cWCOIC2Y9Q
city-walk,ChIJ3dMkZ51rXz4RbblnFNSf_GM
city-walk,ChIJT1Hj18NpXz4ROKPmlp3fPqI
city-walk,ChIJHwO0dwBpXz4RM5-hbuPJfew
city-walk,ChIJOaAvx2tDXz4RNo_FZjkZ1W0
city-walk,ChIJl2VXm15pXz4RRORHRQfgAZU
city-walk,ChIJiXcYek5rXz4R2iwZ70XCrYA
city-walk,ChIJcXCcMHhrXz4RIE7nzeaM8KM
city-walk,ChIJSxQmTzBpXz4RfvSmWsvy1wQ
city-walk,ChIJ43MrMgVpXz4RGP6bYu8gaXQ
city-walk,ChIJnUpu9MZpXz4R4jTWAjnQEW0
city-walk,ChIJ4032HgBDXz4RJrXjEABBKuI
city-walk,ChIJ2Tvo4C5oXz4Rd-Ojr80KO2g
city-walk,ChIJESSte7JrXz4RwuVSlRhyVu0
city-walk,ChIJIfW1ZF1pXz4Rzv60ZNi17yw
city-walk,ChIJD_VnCxtpXz4Rmdp00bGDF48
city-walk,ChIJnXETLo9pXz4RJ14BPaC1JNk
city-walk,ChIJNUuRdEBDXz4ReiYCZtYLdm4
city-walk,ChIJyXFULOlpXz4Rr24af9L_HYY
city-walk,ChIJp49fVuhrXz4RetghndQh8Lk
city-walk,ChIJka-2aL1rXz4Ru4lK6zytvrQ
city-walk,ChIJs909jE5pXz4RtKSpN4vHHUI
city-walk,ChIJe96AarFdXz4R1fa8vqt9Qr4
city-walk,ChIJndz_sdJrXz4RnLd0xbg03go
city-walk,ChIJlx4xcC9DXz4Rq6WIc5xTVfg
city-walk,ChIJ_WDFXipDXz4R37Sn4n_OojM
city-walk,ChIJZ0wpICZDXz4RIivO07Wjb8A
city-walk,ChIJvzExJjlDXz4R3ZUZLq8axUM
city-walk,ChIJa9Vi-yhDXz4RQOagiFI85pQ
city-walk,ChIJLUQnWxVDXz4RXziYnrpfK2c
city-walk,ChIJR6AmByZDXz4RcDJ-Hm49CG4
city-walk,ChIJ0T2RPuhdXz4RF6SRJ00GtIc
city-walk,ChIJ8UKn1ylDXz4RaucGDyd1da8
city-walk,ChIJVYO3BghDXz4Rbvm2TBB9710
city-walk,ChIJJyD2H0FDXz4RHG3r1mfchlE
city-walk,ChIJ87t0EBtDXz4RVF3OSeINq_Q
city-walk,ChIJCz-6WSZrXz4R5cgJFTDmh9k
city-walk,ChIJy6W-QxdDXz4RDBxKakIIo-8
city-walk,ChIJc5PkVpRpXz4Rq_2Cbs_CmJI
city-walk,ChIJ6R7MbkVDXz4RvIQRwaQlCig
city-walk,ChIJWULC7ptdXz4RXhDPrgMPxNk
city-walk,ChIJg4btG9pCXz4R1r5dPsWE98c
city-walk,ChIJ9b4SdwJDXz4RSdNpXQUmjLM
city-walk,ChIJ2wqQDEdDXz4R82zluMG_8ME
city-walk,ChIJ4YZCSldDXz4RwEdIzlkoWBY
city-walk,ChIJX6Tp4M1CXz4Rkq8OIcnyYTg
city-walk,ChIJV18Q4LpKpw0R1kpF_oKbxQg
city-walk,ChIJM8kc7XVdXz4RT4QYeg9qVk8
city-walk,ChIJQZPIa6pDXz4RPKdDOQkMAvQ
city-walk,ChIJXYh_eRZDXz4RIXUSjFsJ-38
city-walk,ChIJg8cLzLddXz4RWHcYWUmLgEo
city-walk,ChIJz5XN8SdDXz4RJ7h1_E6AUxA
city-walk,ChIJvz_4C9xDXz4ROkmxONcNesg
city-walk,ChIJ599h4FxDXz4Ruk8OOd2YqH0
city-walk,ChIJi848muRDXz4RNKTYdhed97s
city-walk,ChIJH4K4CrddXz4RNEVDWiqgGxs
city-walk,ChIJrTFv04pdXz4Rc5ViGesV_2s
city-walk,ChIJLXFZ_LxdXz4RNeq5EdmmN_0
city-walk,ChIJoddFISZDXz4RxjSNygBWt5U
city-walk,ChIJs7Q1msJdXz4RpS94mnvcMNI
city-walk,ChIJSWGZBFFDXz4RSkxPwdhI9NY
city-walk,ChIJ9c8YPZddXz4RApj9Pns_1vg
city-walk,ChIJ3R84tj9DXz4RPJHY77M7qzc
city-walk,ChIJYRUp2yVDXz4RxHmTuKu331o
city-walk,ChIJLxiFomptr4kRaWFjTp0jPPs
city-walk,ChIJ89MxA45rXz4RQsLKOxKv22E
city-walk,ChIJVxagOW5dXz4RuDYJwCVTyyw
city-walk,ChIJR0XIt9RCXz4Rk6VA1cczWXI
city-walk,ChIJ_6YEFBZDXz4RpzyGPMWOMUQ
city-walk,ChIJG4FDtShDXz4RkKsg3TARiAY
city-walk,ChIJV3iM8rdDXz4RO_pncMJf4ss
city-walk,ChIJj8yAU8tCXz4ROU_DEpwV0cA
city-walk,ChIJ13g1usVDXz4RdLinKpuurv0
city-walk,ChIJzXrMixZDXz4RR0QbkRkLi4Y
city-walk,ChIJFXPta_lDXz4RsNHsBGiM9os
city-walk,ChIJK7mTfYFDXz4RJpImTkOu3Qw
city-walk,ChIJpxzVPxBDXz4RnGTvndFZ62c
city-walk,ChIJpaWtyddCXz4RduS_UQE9Zvo
city-walk,ChIJ2TuInGdDXz4RJK1DpAaVPi0
city-walk,ChIJh_QAmLFdXz4RT3w6IILifkQ
city-walk,ChIJE1sanaJDXz4Rch9MnF_pIgI
city-walk,ChIJZ5Ytac9DXz4ROrZpfXWJZ9s
city-walk,ChIJAVByhiZDXz4Ry9g6sHUeqTc
city-walk,ChIJN0xJr9hCXz4RD9DxN1F8_tA
city-walk,ChIJcSNl1ApDXz4Rycqc9GrgEug
city-walk,ChIJv815OLRDXz4RHEw3GnV604Q
city-walk,ChIJ6-O78dhcXz4RY5P19DCNDrs
city-walk,ChIJXYnEnxZDXz4RL-0ai9I9jM4
city-walk,ChIJt7g76v5DXz4RhXbaNnObgw4
city-walk,ChIJ02ad-ltDXz4Rr_OFpmACFyk
city-walk,ChIJXxEMQzxDXz4R809rN0-wc8M
city-walk,ChIJz-D_LUxDXz4Rw5eIXQEmfnQ
city-walk,ChIJF5uvt6xdXz4RcH7QgngHefs
city-walk,ChIJoYIqGRpDXz4RpbxTKU4Y-sc
delma,ChIJ3_iyPrQ5Xj4RH9UwIvrtDss
delma,ChIJ283PSsBBXj4REO-rAvURQTo
delma,ChIJE__JMcNBXj4REcdk-ayGa_4
delma,ChIJl7_SMwBBXj4RPp45Y4qDIwc
delma,ChIJcTxuQwBBXj4RPzFEJ4VnIT8
delma,ChIJc22EmKppXj4REIpupbbjOuk
delma,ChIJjw-oAIZBXj4RYs_ZF8S82Wc
delma,ChIJ73UPkVxBXj4RYyfjOtI6t_8
delma,ChIJe4z7kLFpXj4R8ChzMToftoQ
delma,ChIJZXlAm1JoXj4R6LavbbVS52Y
delma,ChIJqfxHJwBpXj4R2mW273YWwbw
delma,ChIJF8NlR7NpXj4R3R1apjTHXqw
delma,ChIJ8Wb6FwBpXj4RPNJTS1cWs0Q
delma,ChIJE__TXa5pXj4RJQijrVSdBso
delma,ChIJsaqal7RpXj4RXyel5unpRvk
delma,ChIJJY0w0PdpXj4RnI5Xq36sUF0
delma,ChIJP1lYpkRnXj4R_-fm4K6DmlA
delma,ChIJWwW__3pDXj4ROuUJUpFFRic
delma,ChIJzb2iNlJDXj4RCp00sbC5K2E
delma,ChIJXSza7bBDXj4RlUamaUqdoJE
delma,ChIJxem_UQBpXj4Rj-UHmV5l3Bc
delma,ChIJBY9muG5DXj4RV-rTK3YN8mc
delma,ChIJidma655DXj4Rd7GNaJdYJPg
delma,ChIJjeOuPQBDXj4RymqmgVCSoZc
delma,ChIJPX91JwBDXj4RajZtPQQGYWA
delma,ChIJD1_g9DpCXj4RWJAagGvwxYA
delma,ChIJ98d6OJ1oXj4RGQ8-o1qspv4
delma,ChIJFbzk5RNDXj4R3vo4JY7we1U
delma,ChIJx5hdNjFDXj4RaCf8w3PXD_w
delma,ChIJb1XY6HBDXj4R8gnYqL6bYpU
delma,ChIJV_2SfgBDXj4RkemcafiSsFQ
delma,ChIJBUAM_NhDXj4RRkVDWdeQrAQ
delma,ChIJEeqr-cqrX0ERM21WrfvrUVQ
delma,ChIJqyjJBwBDXj4R7RcDQqw3YVI
delma,ChIJ6bHnLSfOJGoRUlthxqok0gc
delma,ChIJs3UEXetDXj4RHt1DEeZYyhY
delma,ChIJcb1OvglBXj4Rpj4qKbJJoW0
delma,ChIJIcgTO9ZDXj4RbWXJ_yrpjuM
delma,ChIJ1Rym03lDXj4Ry8HrwL3DgZQ
delma,ChIJ7aBvpbBBXj4Rrz5YkTw3PKA
delma,ChIJ8Uq1R1lBXj4Rb-6WJo3wDE4
delma,ChIJ7YcGHXJBXj4R2XGB_gU-fdU
delma,ChIJ2bVES9BDXj4R1GQbwTs4s7U
delma,ChIJ60POGgBBXj4RZm8XLPPzC3U
delma,ChIJfxeqQk5BXj4RA0PquO-4oMk
delma,ChIJ6x3D_plBXj4R-qot1dS-WBE
delma,ChIJNaSYXthDXj4RprtgcxKvnds
delma,ChIJnexvv2BBXj4RGZ-nIdMn_Y8
delma,ChIJ7yIxJNpDXj4R2GCbL6B0_nw
delma,ChIJFRhBdlJBXj4RwYy2RLGionw
delma,ChIJzeXPk_JBXj4R3ruXrllceTM
delma,ChIJbUqn6dRBXj4R42NJ8vyTdW4
delma,ChIJJw6KqQlBXj4R8b-g8H7A294
delma,ChIJbzaVH0xFXj4R4sopMv_a0Ts
delma,ChIJWZU8RV5pXj4RQh7WVMBVA4M
delma,ChIJQdR3YXhlXj4Rs1lVb0ScdqY
delma,ChIJUR0MMCtlXj4RCrmzug27EF4
delma,ChIJ9aiDGABvXj4Rmqzih9RDTWM
delma,ChIJNcEbcyNpXj4RN7bElDhvr2U
delma,ChIJ-YhJtkppXj4Rabaoqq1SQSw
delma,ChIJhVWfudppXj4RW1NJDUldjnk
delma,ChIJjwQqBABpXj4REuTQ2Av-a9Q
delma,ChIJcUCfJsdpXj4Rr4YKloDlJPw
delma,ChIJ0TaixelpXj4RNujWv0mWuVk
delma,ChIJfTM1sL1pXj4RMz_zxOsTuyM
delma,ChIJ_XHbJhZmXj4RZEoLST18fRY
delma,ChIJyVN5GCdHXj4ReNVO3YUVu1I
delma,ChIJJ6Rmi0NpXj4RirmSVXHGwrE
delma,ChIJ_X5_sYloXj4R7yEMS_c4eKE
delma,ChIJ6ceRi2pnXj4RO9pOhI7icjE
delma,ChIJ43Hi13lpXj4RzzYf8mWbs3A
delma,ChIJT7KcLitpXj4Rh5bcE_YzEJE
delma,ChIJ3X_JNv1pXj4RqPI030unqzE
delma,ChIJDccChn1pXj4RChtxa2C6YOk
delma,ChIJRccC8h1pXj4R6bmL4SEfoA0
delma,ChIJIQC5B3dpXj4RuLjtnsl-iQg
delma,ChIJA8LhDvNpXj4R8vv9oOyrJDw
delma,ChIJtaypk6VHXj4Rno3wZUgkHEU
delma,ChIJ5Q2p8hxpXj4RW1aP3BZOk1o
delma,ChIJ6WvjJUxpXj4RBrEpujZgm_0
delma,ChIJASsJwpdpXj4RK-rxI9CDims
delma,ChIJLbmsUNVpXj4Rimbd3z_7Zkc
delma,ChIJXXEoRatpXj4RAwuSFz46vVo
delma,ChIJ8bfdgZ5pXj4Rufma7EEL_sc
delma,ChIJBREr7oNDXj4RfhQ5lRfJBPU
delma,ChIJwzatXQBpXj4RvqKh4Y4GzcQ
delma,ChIJ4RPvP8hpXj4RZyJsF1mf7zA
delma,ChIJY59gK9VpXj4ROCwYdCtZdb0
delma,ChIJI8v8dWppXj4RWPqjOl9OoXE
delma,ChIJ3SEIKAtDXj4R-KbBxJRio3I
delma,ChIJ1RNCXzRDXj4RkbuAKXOwcGA
delma,ChIJRfTVvZVDXj4RZZRKmMGM9cs
delma,ChIJD78jm21DXj4RFJaaFlEWA9U
delma,ChIJt8i1c6JDXj4RZT68OZOeZA8
delma,ChIJJThiRQBDXj4ReHyHBI8ug-c
delma,ChIJn6Y25n5CXj4RNiqHwAV0tvE
delma,ChIJ_em4aABDXj4RJvIkDFBUzlU
delma,ChIJsZcdI0VCXj4RcqqbomF0j6w
delma,ChIJy0gbkiRDXj4RsKUFEhYvICw
delma,ChIJi3I6PmpFXj4RvnqAlf-Zj14
delma,ChIJxQc-metlXj4RA2Np0qHrA70
delma,ChIJUQmc5sVlXj4R2PCDAWYrzt0
delma,ChIJvzTI6fZlXj4RF8U8gHHjyio
delma,ChIJNYLTB-tlXj4RSEYSqRV0fDE
delma,ChIJYXvJfPdlXj4RmcqPihLlFT8
delma,ChIJP8lwH-tlXj4R7n0s3BN0qpg
delma,ChIJIdnAcBtlXj4ReLhQ8LafChQ
delma,ChIJd23po5NlXj4RwUreEU0itg8
delma,ChIJ935DJ0BnXj4REi93Www6b6w
delma,ChIJtX9tROtlXj4RIk-cLGMAvcY
delma,ChIJm5L3bxxnXj4R2bVCq7eRdF0
delma,ChIJ7Q7KjQNmXj4ROEhXBTwMTWk
delma,ChIJsa0vizFnXj4RdKePMZEwcsY
delma,ChIJqWAauUtlXj4R5CEvqGsTNdk
delma,ChIJ7zVlrFNnXj4RNolp-WNFv9A
delma,ChIJiZPMTaJnXj4RHOK4tARmadY
delma,ChIJhS7daENnXj4RDkqHu8tuBvc
delma,ChIJkfB4BgVmXj4RCj9l9s0IATk
delma,ChIJfS8fdSdnXj4Re-Hd6z48PNs
delma,ChIJUy6LoMNlXj4RbjQD6nE6-kQ
delma,ChIJz6dobOJlXj4RX9XDqXofqHE
delma,ChIJQTsb0AhmXj4RdCam14AheBk
delma,ChIJg6FONuBnXj4RkIDJUY_jwfU
delma,ChIJaYW4UClnXj4R2OH_mVOFax8
delma,ChIJv_c8XKhlXj4R37pIbgaaggo
delma,ChIJnziwXgtmXj4RAe6_Mb7E0TA
delma,ChIJ-xQ51yplXj4R0C5AxmRh0KM
delma,ChIJZ-M2UgBnXj4RscZnYuRSk1Y
delma,ChIJkzlGXCZmXj4Rv0Ng_vrsMsI
delma,ChIJl5huYkBpXj4RX9faSAjd-iA
delma,ChIJB5DRKyZmXj4RDRhF9YlGekM
delma,ChIJ-bj4weBlXj4RYa1MziOiO6c
delma,ChIJyRCxvUBnXj4R5PTdoN5UFTQ
delma,ChIJxw_jYCBmXj4R4W15MAFN0z8
delma,ChIJx1BuZIdpXj4RYy4-cDCDdS0
delma,ChIJMTJk1YBpXj4Rr8PtSnvwj5M
delma,ChIJ3dyLL_hpXj4RY54HfB5SeGk
delma,ChIJxRNBcplpXj4RX-TbGt12084
delma,ChIJo1n-M0JnXj4R7PLlSnGxI_Y
delma,ChIJb6QgHwBnXj4Ry47XhnrMDQY
delma,ChIJ44q9goBDXj4Rw1_ZJL2LHcE
delma,ChIJnbuwwDZGXj4R2MuK02ZL3RQ
delma,ChIJ_1-JP91nXj4RrBOgLJu35F4
delma,ChIJPyQ_-xVpXj4RkJ-p2SBjK8w
delma,ChIJuYirVjFnXj4RhJ2QvewLb9Y
delma,ChIJ8_vGInVnXj4Rj-RC-PH75Q8
delma,ChIJFyiZ0CNpXj4RyziQ0BZlrFQ
delma,ChIJX28z48ZnXj4RrrTv2jMdt1s
delma,ChIJZ3VuZhBnXj4RyjUlmklyTsI
delma,ChIJs0OGRxhmXj4RyqF8O7pRgMs
delma,ChIJWXHpIZdnXj4RMfPQcuP8kS4
delma,ChIJl_nk5cNnXj4RwjYoWDZgh6g
delma,ChIJVZe88pNpXj4RT9AwJCaXtvA
delma,ChIJ8z35MOhnXj4RBz5wq89B23E
delma,ChIJFRtjJr5nXj4RH8E6eCIm0NM
delma,ChIJycSvtZxCXj4R-RJF502OC-k
delma,ChIJQS7TRp1CXj4R7kO__gEfjH4
delma,ChIJn9KShVdpXj4RDEEMcAqN5gA
delma,ChIJW1ZZSkNmXj4ROlTwRMqMJUc
delma,ChIJV_fiWINnXj4RSVmfyhdlhnI
delma,ChIJHYAIMgBnXj4RLEfhkv4gRHg
delma,ChIJn-VSqNlnXj4R47V-_I-fBjI
delma,ChIJ1_XlqW5mXj4R2AysySiBqcQ
delma,ChIJB2qvUzlnXj4Ru2ErXtcNvvk
delma,ChIJZRR1sEBmXj4RXNuJ5Ox0s2Q
delma,ChIJ09YGNc5nXj4RwhYG0cOt4EA
delma,ChIJ9aiQWhRVsk8R7Wc-AZs4BkU
delma,ChIJA08z79VnXj4RDoBZEk7Amgs
delma,ChIJPU5JKHFmXj4RrYmSwxlGq80
delma,ChIJuaSSHi5nXj4Ra0WscH_VXFg
delma,ChIJF4h7eNJnXj4R5ks2kNdQdTA
delma,ChIJqTeaHthnXj4R4mu23EJamJY
delma,ChIJk8hQALtnXj4R0sneJuNBZPc
delma,ChIJVbstSFBmXj4R449I_E3vMkY
delma,ChIJkUYZJK5nXj4RiJ9Ku8bXwdM
delma,ChIJASsD9DJmXj4ROzoEGOtYpgA
delma,ChIJE954bXBnXj4R0i-p2WyA0dk
delma,ChIJWbEXrURmXj4RqTlvNIxNwMg
delma,ChIJIYAxKfpnXj4RttR5NvR6D0Q
delma,ChIJV-MZgqZnXj4RqyrxMfMdd98
delma,ChIJNS4mnhZnXj4ROmaMfmpRpog
delma,ChIJmY8cvnHui2sRb7FTWZ29zT8
delma,ChIJcdzVQ0lmXj4R8LF1iNswxUY
delma,ChIJG9QuzEBmXj4RFF3cHMHXnFE
delma,ChIJicmWN_5nXj4RlcNpSiVRe_k
delma,ChIJGQcdzZNnXj4REEerUGl7wDg
delma,ChIJQcy0bbxnXj4R-WqMI3VHVNI
delma,ChIJ_d7LWzNnXj4RGDMh0Ss42H8
delma,ChIJjxX0knlnXj4R44jguI9QG6w
delma,ChIJ8TsCxJ1nXj4RbbrhicyE6kc
delma,ChIJ5wt_y71nXj4Rf9V6KjoRaDQ
delma,ChIJ7-O7sH1nXj4Ruiwbj6pPfJo
delma,ChIJHRSMuBpnXj4ReujgE1dwHj0
delma,ChIJTzbECidnXj4RapPAqym1g6g
delma,ChIJM_cTHgBnXj4Rcz0pQfziQdc
delma,ChIJA0HSlpxnXj4RfrJqY3XlIYQ
delma,ChIJjf-Dz21nXj4RW69cUeFr59U
delma,ChIJYwNX56JnXj4RdqtWGzb13JA
delma,ChIJZV66kJhnXj4ReG9g2VN4Fa8
delma,ChIJ_S01UQVnXj4Rp9gKj2D00ws
delma,ChIJN9mjS01nXj4RjuZGa59Z6Fw
delma,ChIJcRgS2eFnXj4RhCRJ8MKJkXM
delma,ChIJ-VDAk51nXj4Rgep2KOSVTB4
delma,ChIJ5R5zm15mXj4RRrTpMfjvLO4
delma,ChIJ5ygF_l1mXj4R3TyhG8g5Ytg
delma,ChIJMXrb-ltmXj4R1SYL2CWAIsE
delma,ChIJ-d9iPl9mXj4RmAkeDYJ5VyY
delma,ChIJ1VAD2FBnXj4RpmMke4lL7oU
delma,ChIJ46n5PadnXj4RQxaG0H7wG1c
delma,ChIJf0lCeppnXj4RpNFakW7VXQU
delma,ChIJJRQvpxpnXj4RWzb_3l_p7l0
delma,ChIJ79IYKRFnXj4RMx7me4gh_Jg
delma,ChIJIUtXTBZnXj4Rp3OlWXUTxTo
delma,ChIJG3eVAWFmXj4RX_EiWIICdkc
delma,ChIJYypGG5BnXj4RZGQ25vMinrE
delma,ChIJiZseMgBnXj4RLhFPAjVs4Dw
delma,ChIJ0aqt6ztz_a8Rrw4sUQPIb8c
delma,ChIJscAhvklnXj4RPJwXl-xvlhs
delma,ChIJ4fKvQapdXj4RR4R8aMsOKH0
delma,ChIJsci4XkJnXj4RdFbLSs1RTaM
delma,ChIJCULiVB5nXj4RrriEuVkzcCg
delma,ChIJYY-i2nlnXj4RZaHk_hMG7hw
delma,ChIJc2LcxaxnXj4RlYm5aUKnvuM
delma,ChIJ684164pnXj4R7iGsef52v7w
delma,ChIJMQDQxVxnXj4RaEL-lsslhxo
delma,ChIJq6qqatNpXj4RG-LPAvrvE9o
delma,ChIJoyzRazppXj4RbE9fTX--YgY
delma,ChIJ59T1ESdnXj4Rf1TGNNax3LE
delma,ChIJ15JvYpZnXj4RhJkLzg3Yo50
delma,ChIJO19xxlxnXj4RCj2gDk8OZws
delma,ChIJNxIMOABdXj4RlXDKCcO8GOA
delma,ChIJedHeCPBnXj4RxLG6Hrun3XA
delma,ChIJs3vVRWJpXj4RWFSLjKWVMig
delma,ChIJf5ksS1pnXj4R8nGiK6EIavw
delma,ChIJ857h14VoXj4R-MivhTIp0zA
delma,ChIJq0b4j1ppXj4RGyoDe94smso
delma,ChIJxdrDuv5nXj4RpY-5DF6euTc
delma,ChIJyTjTcmtnXj4RQimZyggX-0g
delma,ChIJ--LATKNnXj4RcjNbguWP7XQ
delma,ChIJ66GC8lBnXj4RWy2ZqpAMXPs
delma,ChIJ039yYpBnXj4R-jriLFdsbhQ
delma,ChIJY0o69snGMosRON-icriog-w
delma,ChIJseoQLkpnXj4R0ttDnknkwFs
delma,ChIJB65Z-txnXj4R1tA3xNsPhuU
delma,ChIJlwoJZqtnXj4RWTk4Uc8irM0
delma,ChIJb1nZFylnXj4RQ970d7ENh7E
delma,ChIJ3en6cZ9nXj4RF2tAl2cNOhY
delma,ChIJVeWO8JBnXj4RFTW9auZALEQ
delma,ChIJa5lMYwBnXj4RMZ5IObcolEI
delma,ChIJD1sARgBnXj4RIsSKjimSOtU
delma,ChIJyzQrxX9BXj4R3dgagdsPj3c
delma,ChIJ16q9A1NmXj4RlbEye6DidAY
delma,ChIJE0h1bvxnXj4RfgC7_mTG3Ac
delma,ChIJy3uB4qlnXj4RcO9_SwxyAfs
delma,ChIJQTdrojBmXj4Rb_9E07pJORU
delma,ChIJYfQcrDJnXj4Rql8gi5D3N8o
delma,ChIJE-5kYTxmXj4Rh-fgMnNBUmQ
delma,ChIJ-bSvTvJnXj4RJ44FIOPKvoc
delma,ChIJSdNDIwtnXj4RtgRQAVdqGsE
delma,ChIJ-yLmBEGo92oRIFpI1-xLi84
delma,ChIJXcohuMJnXj4RoWXg91Ni0Ds
delma,ChIJQ5y8-ihmXj4R2--Iu91VhF8
delma,ChIJoxxAhsJpXj4RcYTCJSBnW4E
delma,ChIJ_chcCE9mXj4Ri_BscHtsX9I
delma,ChIJu39Q-xztHQsRridqi4XMjY4
delma,ChIJTcrTWGGt7mQRXgEix_2_Uq4
delma,ChIJ_YyMCwBpXj4RdNchW4I14U4
delma,ChIJu7lVNFFnXj4Rh3ZfIeCW_l8
delma,ChIJucQxxsRnXj4R512MmgYJ4vQ
delma,ChIJBwQQN51nXj4RxvRgy-HYskU
delma,ChIJAwEMi9xnXj4RT3boB_iocto
delma,ChIJVVVVeVlmXj4R6VS3CRGr4ok
delma,ChIJ60v63kRpXj4Rx-2z7cIGd1M
delma,ChIJ5xZgC51nXj4R9Q19GGhq79U
delma,ChIJISIA0epnXj4R3NPYSWTWMzc
delma,ChIJ8c1oDTpnXj4RhWg-OJ1Acwc
delma,ChIJX1RX4wo8YW0RWfZ4IhmQ910
delma,ChIJTbJqXgdnXj4RxwgM7jWri0k
delma,ChIJYe0rouVnXj4RBQKS16aIjdc
delma,ChIJrdP5fzVnXj4RMa-wVitoTkg
delma,ChIJqSQmziRnXj4RmeMQxuCyqdE
delma,ChIJqWOcxKZnXj4REDnFq7XplL4
delma,ChIJ2R_mwgpmXj4RFBUQ0mAaS0g
delma,ChIJIcfhikBmXj4RDW08uEX-Z5g
delma,ChIJs33dBLxnXj4RMLCKrC_P_8o
delma,ChIJr0nXtj1nXj4RRRzISutiKk8
delma,ChIJ5ZdMfFpnXj4RogmtEazB4y0
delma,ChIJqWcd62dmXj4RhK3HHIGDJU4
delma,ChIJaXKPMvRnXj4RRPVd1vS7_-4
delma,ChIJadIgXV5mXj4RHvil6PozSWE
delma,ChIJD_u7A2ZmXj4RWpXlIFngq0E
delma,ChIJWXQkBbNnXj4RH9BkA9ttS4g
delma,ChIJycDEwXtnXj4RvJsLPnvqb0M
delma,ChIJxSWvhJ9nXj4RAD2csL2tCPs
delma,ChIJMx2vVDFnXj4RofkJZHV4AF0
delma,ChIJvYuUk31nXj4RAIboTOIYjjw
delma,ChIJOT5Vq4VnXj4RUX2e0_2hhFM
delma,ChIJoZ61PXdnXj4RP8OgX34DSZk
delma,ChIJ56Heog1nXj4RwXiqmukHXas
delma,ChIJUUhQMmFmXj4Rmmo5z04KXOU
delma,ChIJ5waOJUFnXj4R9Qe9NGUCeys
delma,ChIJZ6QJe0lnXj4RBmyypnUAkmw
delma,ChIJJ8ZD0y9nXj4Rgq4iStCwxaQ
delma,ChIJ9ePCDDJnXj4R2lE3kpQj14o
delma,ChIJE82v1t1nXj4R4TjauuobSTk
delma,ChIJCX-p3FZnXj4RxvSlMaCdcjA
delma,ChIJDRVrHQBnXj4RQ7zsRdI3hHo
delma,ChIJS61JbB5mXj4RgF-hmsgxuBs
delma,ChIJq7KQiVkiu44RFiNNjfq-8Qg
delma,ChIJDwhDPz5nXj4RYsFFNcfOBsY
delma,ChIJC2xhY5osVYcREHYoqqDJMkg
delma,ChIJC-qSZ9VnXj4Rl4-9xeIvBfM
delma,ChIJFf5hotJnXj4RaeQ_fkV8Cvk
delma,ChIJP_qupm5nXj4RbumVBqXp1xQ
delma,ChIJIWVIlbRnXj4RgOogtBZgwKs
delma,ChIJQ8ljpdVnXj4RXbKAYsbdZ4A
delma,ChIJ9WInBWtnXj4RxEXM3Kxdfh0
delma,ChIJpY8eIopnXj4R-W--X2TfcdA
delma,ChIJS3rYruNnXj4Rkzh6QikQ-7Y
delma,ChIJiebkpd5nXj4RX2Mi86natDE
delma,ChIJ15sJJShnXj4RQ0eeYXBdZwo
delma,ChIJ2wDUJSZnXj4RDEaKjF9OrrY
delma,ChIJaQAS82NmXj4Rc7ND45DP_mE
delma,ChIJYw2ruydmXj4RBVpf7T18Iv8
delma,ChIJz8os5WRmXj4RT6RASiduQhY
delma,ChIJXdfe9ednXj4RJJ-loFBOlbc
delma,ChIJT_KD0o5nXj4RnPEbddbl8DE
delma,ChIJndvG6k1nXj4Rux7D-1bDDqw
delma,ChIJsbAHHABnXj4RS-zsnr4GJaw
delma,ChIJtXoBeyNmXj4RNAp0GFV7IWo
delma,ChIJk-wHqNtnXj4RCnLfnouEc_c
delma,ChIJS6zSkSBnXj4RqEs00Xw5zDs
delma,ChIJI4lXbABnXj4RaN1ZxKqvAUs
delma,ChIJvS9WeYlnXj4RRfn1UzM5QRY
delma,ChIJaRZUqHZmXj4RpLJ7tHP_RFg
delma,ChIJpX_OJYJoXj4Rpjz8-daA5RA
delma,ChIJ_wOzsw5nXj4REAiP6OP6nU0
delma,ChIJXUjWmR5nXj4R8waZHt49aJA
delma,ChIJHydx9CGS2CcRx5ActGmymJ8
delma,ChIJA0Zs2CJnXj4Rr0yMvlyjPqk
delma,ChIJK7tMZFpmXj4RXCtoBOrjFdE
delma,ChIJm0kTSBVmXj4RfDXhsMaQ3hA
delma,ChIJiRByoWVmXj4RwyYFrNKx1y4
delma,ChIJa_uR1otnXj4RcemH38_7OxM
delma,ChIJVfuOjmdmXj4Re4b0WfIcBEk
delma,ChIJyWDqRWJnXj4RTZMYi4u1spg
delma,ChIJByfkR1JnXj4RjZnK3wXzQsU
delma,ChIJDSIpTQxnXj4Ri2TOMbuDqYQ
delma,ChIJYzLadgpnXj4RLzJZVi1kNSQ
delma,ChIJ83bmZbVnXj4R0qRR4A-B13A
delma,ChIJSWDSRvhnXj4R4BtLYbxkGsE
delma,ChIJBdF1KLFnXj4RIoI6NE7VsH0
delma,ChIJOa6rvn5pXj4RHFhX0FEX7yY
delma,ChIJr6wjqh9nXj4ROupP3dicQsc
delma,ChIJCcn8d-VnXj4R9liKH-vNo7c
delma,ChIJJ-JnA39CXj4R29ei0wLjmCw
delma,ChIJu5Q_WXBnXj4RRdALUTTrM6k
delma,ChIJi2dTOThnXj4RsR8brZ1nOy0
delma,ChIJJ4wSTrdpXj4R1L8vQ_7a69k
delma,ChIJkT7LnDdoXj4RYAutdxTjQN4
delma,ChIJSZPJAhFpXj4RnXb7lxKNILI
delma,ChIJqVgBKaRpXj4RQq9wj7RRfN4
delma,ChIJqZDQZdFBXj4RVgknuVN2Yt4
delma,ChIJP402dFdpXj4RYdkRQwX62T4
jumeirah-park,ChIJ0xJNJSZzXz4RQ846shrt3Lc
jumeirah-park,ChIJQYcVZIkNXz4RYFxLHJjbGfA
jumeirah-park,ChIJf44m4B5zXz4RDc9u3CqRczM
jumeirah-park,ChIJ-TPt1QpzXz4R27dKO5NNWTw
jumeirah-park,ChIJk0IQhIJzXz4RAMT7QM01P7E
jumeirah-park,ChIJpfOXeGxzXz4RLzWKQdVc8XU
jumeirah-park,ChIJF07vlkhzXz4RoG7_c686iYA
jumeirah-park,ChIJZT43DL9yXz4RAvU9OL33nqI
jumeirah-park,ChIJjSUEOoUTXz4RidlUibu2gXE
jumeirah-park,ChIJgzcwKgwTXz4R5RVpp0Xuk2U
jumeirah-park,ChIJH4HsYwgTXz4RnFfRp2wIZDU
jumeirah-park,ChIJz_JrbwANXz4RE1yLzAdPxWU
jumeirah-park,ChIJQQ9HfGFtXz4Rcqp-MgnFtYs
jumeirah-park,ChIJFYM39WFtXz4RmuHdt8OHkaU
jumeirah-park,ChIJAQzhvRZzXz4R7LB3xAxA2R8
jumeirah-park,ChIJRd0oCmttXz4RgljcoxztV-w
jumeirah-park,ChIJlZnuSCptXz4RkPej8K7FhgA
jumeirah-park,ChIJPUzATcttXz4RYU9GiywYy48
jumeirah-park,ChIJvTZLAiMTXz4R3H3zDnNdHxA
jumeirah-park,ChIJUVp9dgBtXz4RvJE993SwGYA
jumeirah-park,ChIJnayY5GBtXz4RKym4qjw4Z94
jumeirah-park,ChIJy1JfMEtzXz4RsZMQzfZFpy0
jumeirah-park,ChIJww1hzH9zXz4RA5qObvwwKts
jumeirah-park,ChIJU6qE5mpbXz4Rd2R_DW1mf34
jumeirah-park,ChIJAeeQOIRyXz4RirpCKt2YzMI
jumeirah-park,ChIJVY3jmoRyXz4RNXucNW735AA
jumeirah-park,ChIJ2YzCa_tzXz4R99BFw5m7-Cg
jumeirah-park,ChIJSwsA8-xtXz4R-hn-0S1Da6s
jumeirah-park,ChIJdYZ52odyXz4R2F8T3JPful4
jumeirah-park,ChIJU9L0HABzXz4RZeyesg08rMo
jumeirah-park,ChIJ79opllUTXz4RpHddFZ0jXEo
jumeirah-park,ChIJiZQzQd5tXz4RpZpIxBBEbIc
jumeirah-park,ChIJMzPF6ZZtXz4Rx0s_zlZyioE
jumeirah-park,ChIJW4wwOd9tXz4RyYU_5slz5Lg
jumeirah-park,ChIJvaDnjb1tXz4Rx0XkYIh7BK8
jumeirah-park,ChIJW-0RDINtXz4R-PR22ETHCI4
jumeirah-park,ChIJ0SctRSVtXz4RCZyZRHoRUgU
jumeirah-park,ChIJLfqWekhtXz4R2evgQqknHso
jumeirah-park,ChIJeRSOP0htXz4RAxBfsOZg2VA
jumeirah-park,ChIJvyAnXABtXz4RAPIlDUMQsnk
jumeirah-park,ChIJPWvkYH1tXz4RXf0Zcca1LwE
jumeirah-park,ChIJn_rhhwdtXz4RVxPr2F7oTxA
jumeirah-park,ChIJdzDwuXv3NAoRpv5ZrUa0FHM
jumeirah-park,ChIJxYTfREVtXz4Rs3jUmZCAO9Y
jumeirah-park,ChIJyd4g_pptXz4RkOGnZHR6XVo
jumeirah-park,ChIJL0WozWRtXz4RrIU7_16-yO0
jumeirah-park,ChIJ11Vs8WNtXz4RfNkV0GBBdH8
jumeirah-park,ChIJ1cHNmXZtXz4RTQ4zuuiuoSo
jumeirah-park,ChIJy0WgZQBtXz4R4FvmqLRMmao
jumeirah-park,ChIJwZsVA5xtXz4RU5FQwpuKqAs
jumeirah-park,ChIJLR4ydBRtXz4R4D643joO_Ig
jumeirah-park,ChIJH6BhdmttXz4R6qFnHkj5XSw
jumeirah-park,ChIJx6Te75NtXz4Rsmj3p0qtE7I
jumeirah-park,ChIJJ423AiGqsAkRciWCRv5Wri4
jumeirah-park,ChIJ3RiWBWdtXz4RMxjFdoI8lM0
jumeirah-park,ChIJ4yiZA4JtXz4RyHOqaHDbi2Q
jumeirah-park,ChIJj1ve_eldXz4RGjEWSq6f9Z0
jumeirah-park,ChIJrwaWdhRtXz4RZdzBgyHtIaw
jumeirah-park,ChIJE9U6SqhtXz4RieMmZ4jyBLk
jumeirah-park,ChIJHxzurtbByQQRwAWu-oB9X2Y
jumeirah-park,ChIJWbDLOlJtXz4ROrG0ixz94ZA
jumeirah-park,ChIJ8dQJgZBtXz4RFxFYRl20DJY
jumeirah-park,ChIJfTsjowdtXz4RfqaeZosQfGc
jumeirah-park,ChIJiwe0qHBrXz4RjEMJraSg8cI
jumeirah-park,ChIJX60WmAcTXz4RtBaDubm2ofY
jumeirah-park,ChIJxVt4blkTXz4Rd2u_R0AqBVs
jumeirah-park,ChIJwflAdUUTXz4RiHzn2Z3_AUc
jumeirah-park,ChIJh2140HwTXz4RdZGKPmUiksc
jumeirah-park,ChIJv7ArzDYTXz4Rcbrjg4tuQeE
jumeirah-park,ChIJl5NnLDETXz4RkmOuqobecKE
jumeirah-park,ChIJD-AMzTATXz4RdArMURJdaRk
jumeirah-park,ChIJLZ4RLTcTXz4Rkp_H-CHCd1o
jumeirah-park,ChIJT8sO8IETXz4RvHgp8L42WD4
jumeirah-park,ChIJZR_lhhhtXz4RqarjuJzbGtc
jumeirah-park,ChIJQ20Q4t9sXz4RXdmqnHykV_o
jumeirah-park,ChIJEy4q3t9sXz4RoIIRLAFe1PI
jumeirah-park,ChIJj_pqhGBtXz4RTs4UjuBCKc4
jumeirah-park,ChIJZbBg6ihtXz4RzkyQMCZHSWo
jumeirah-park,ChIJbe5lUn5tXz4R7vU7HpkjHSc
jumeirah-park,ChIJYz5VGJVDXz4Rnm-Fq2l1WjY
jumeirah-park,ChIJCVQWGwBtXz4RraEvUe4A_VY
jumeirah-park,ChIJ3bYQmRJtXz4RfgBW44vVHDw
jumeirah-park,ChIJGVsHtbNtXz4RrOYLqo7Jcuc
jumeirah-park,ChIJ6ZNQrbNtXz4RcJs8XZxFPT4
jumeirah-park,ChIJ2bny5oZtXz4RmHYfIgIp-c0
jumeirah-park,ChIJTc8aR-VsXz4RF5-Volg8EbU
jumeirah-park,ChIJM7-UJbptXz4R3yQ6jeUWHsg
jumeirah-park,ChIJiZsbz5ZtXz4RhAc9F3Y0SMk
jumeirah-park,ChIJq2_GrGBtXz4Rb3uoss5ALuo
jumeirah-park,ChIJbx3zbs1tXz4RYWuD2zQHnBI
jumeirah-park,ChIJN1xMJf9tXz4RLuPTojI9uEo
jumeirah-park,ChIJsXxEXqZtXz4Ro4u9Db1gDuY
jumeirah-park,ChIJsQNsE_9tXz4RtkipklfpFmE
jumeirah-park,ChIJaXRKzyhhXz4Rgco-Kv7KkGw
jumeirah-park,ChIJK-7lVO1tXz4RMr9whME7dJY
jumeirah-park,ChIJBa4VrhZtXz4RBILEucrVUEc
jumeirah-park,ChIJLWXAa5ttXz4R90i2vNMocj8
jumeirah-park,ChIJzynOTXJtXz4R-WtRuvgtE5Y
jumeirah-park,ChIJH32H67ZtXz4R8CNbPtkHgtg
jumeirah-park,ChIJAeX3S6htXz4RprfwZfXyLcY
jumeirah-park,ChIJl2qKJgltXz4ReuBuwKKMYvw
jumeirah-park,ChIJC4J6G2VtXz4R4RsTT8qB6ac
jumeirah-park,ChIJa1InCzVtXz4Rihe5RIz6XGc
jumeirah-park,ChIJQ7UJcfttXz4RoBTDuI2qAvs
jumeirah-park,ChIJuVb7JFZvXz4R4i2GWXDiSyo
jumeirah-park,ChIJ2-ovMplvXz4RyX4r_oQ7ycA
jumeirah-park,ChIJV1t8T_FvXz4RQxzTeykQ-64
jumeirah-park,ChIJ4zlwjihvXz4RgRVZyYd1gic
jumeirah-park,ChIJuRItV1pvXz4RDyikHbCwXtE
jumeirah-park,ChIJj5yMIXJuXz4RRDbWKMTCPu0
jumeirah-park,ChIJ_3cd8NtvXz4RdhT5_M0FRoI
jumeirah-park,ChIJccLd2X9vXz4Rei7lzTt5N78
jumeirah-park,ChIJ3aP6j7hvXz4Rf8nb_6qElnI
jumeirah-park,ChIJ6zPLjxZvXz4RBi8Z_6P-kPo
jumeirah-park,ChIJ0yIYUnFuXz4RxEeQNv2BzdM
jumeirah-park,ChIJ4V7lZhBvXz4RgbOwhFmVkKM
jumeirah-park,ChIJUdN_NbNvXz4Rn-_W_7yLKrc
jumeirah-park,ChIJLfsLPFQTXz4RX_4X2fhzqfU
jumeirah-park,ChIJDfWiCfltXz4Rusomg1MTsa4
jumeirah-park,ChIJjXtdokFtXz4RL83O2a0D6ZE
jumeirah-park,ChIJEQAPcthrXz4R3RTM5SJQyrc
jumeirah-park,ChIJZzmYK6MTXz4RgF2mPRGbNd0
jumeirah-park,ChIJm1pVp0BtXz4Rpgo2ztoaZEA
jumeirah-park,ChIJM-19L-cVXz4REIhLIFnnVr8
jumeirah-park,ChIJU_QK2KoUXz4Ru93PuJFIupY
jumeirah-park,ChIJx5BOfa5sXz4RXNsRSY2lun4
jumeirah-park,ChIJ5S0k-lNrXz4RQHWm2twWnbM
jumeirah-park,ChIJhdRRgeVrXz4RuC0c19eOEis
jumeirah-park,ChIJWzSmhLNrXz4RHXehJpUg3E0
jumeirah-park,ChIJPxviM1VrXz4R0KxbSC9YcNc
jumeirah-park,ChIJp991Ws8TXz4RVATWrbaOyC8
jumeirah-park,ChIJ6ZsuhmFtXz4R47TQ90ZHCzE
jumeirah-park,ChIJpf9cxi1tXz4RbtgU9W1DO4I
jumeirah-park,ChIJwcoaR6dsXz4RDLheu2Bp538
jumeirah-park,ChIJzXuUo5tsXz4RzzSoaPXEn5c
jumeirah-park,ChIJOwhDoWFDXz4RmQU9ldvvwWY
jumeirah-park,ChIJM-KxW6FsXz4RjrMlJoqqJWM
jumeirah-park,ChIJ5f2XdotDXz4RMj_NhIGHozU
jumeirah-park,ChIJA6g3FNFtXz4Rt4V5ajzhvlk
jumeirah-park,ChIJ_aEXB79sXz4RnviPOYGaj2E
jumeirah-park,ChIJVVVA7JhsXz4RpDbMLQunIKU
jumeirah-park,ChIJn2iIevJrXz4RX00nr_Slasg
jumeirah-park,ChIJPycKFHltXz4RUZ1LzXwyJAg
jumeirah-park,ChIJ67goKABtXz4RXHhw0ECjnFw
jumeirah-park,ChIJvcTyx0NtXz4Rac1Gnsk9Jzc
jumeirah-park,ChIJO96ntmJtXz4RR1nUd6qXzIo
jumeirah-park,ChIJa17sR5ZtXz4RMNhHiMM0Zsw
jumeirah-park,ChIJi3fzHnRxXz4R9CwkfSdz09k
jumeirah-park,ChIJbQepX4NtXz4R8Xcv4BeD8mg
jumeirah-park,ChIJK2kMNQttXz4RSwr6ashIbvw
jumeirah-park,ChIJCSbQ9uNtXz4Rd7PasTLpvzw
jumeirah-park,ChIJrz3XvhptXz4R4wDdcB9IE_Y
jumeirah-park,ChIJX3PyIE1tXz4R51483ZNsyx4
jumeirah-park,ChIJv8jrgpttXz4RsVuFSw-cgIo
jumeirah-park,ChIJyR0D6zZsXz4RHT0ZIk1MVKs
jumeirah-park,ChIJTV_hyeZtXz4Rju47jz_CRK0
jumeirah-park,ChIJUT9-0hZvXz4RZw7yu7JXlZo
jumeirah-park,ChIJIXoYDu0VXz4RQgMgF8eRDvI
jumeirah-park,ChIJzwtZOSQVXz4RIDAOvN9ycHQ
jumeirah-park,ChIJv_FEbKdsXz4RS0OpAt_a7WA
jumeirah-park,ChIJkVpdJetrXz4R2v9qP9A2AYg
jumeirah-park,ChIJzbQmWi5rXz4RDRz-3XIcbaY
jumeirah-park,ChIJY5xG-adrXz4RRGRjUX6IX44
jumeirah-park,ChIJt61bfPRrXz4R--uyPFsQffQ
jumeirah-park,ChIJu-rs299rXz4Rf6H8NIgAEvg
jumeirah-park,ChIJz4GoXLxrXz4RS4Hp4z4ZOPI
jumeirah-park,ChIJYczZwaNDXz4RVUkLBjBhJ2I
jumeirah-park,ChIJMeSaCWVrXz4RveubZkApFLk
jumeirah-park,ChIJn0hk6OVrXz4RlDHlwMNraBc
jumeirah-park,ChIJVaa5b91rXz4R49LpEhPbiJ0
jumeirah-park,ChIJp6EpTHprXz4RGABjzaVtGq8
jumeirah-park,ChIJB1eybbhrXz4RfNr5DkIOkvQ
jumeirah-park,ChIJpfLIdP1rXz4R_R7xnlyKBJk
jumeirah-park,ChIJ0-w-wVxrXz4RYc37MlYKCbE
jumeirah-park,ChIJH5dUcoFrXz4RWOBrkjL0Wzw
jumeirah-park,ChIJXUoCz0ZtXz4Res-r0ofyu3k
jumeirah-park,ChIJkz0IbwBrXz4RIwqLuYA0bD4
jumeirah-park,ChIJrxTUycpDXz4R_z1tNuPd2cA
jumeirah-park,ChIJ2fLyQXlrXz4Rl6K19ZHZSSc
jumeirah-park,ChIJlWNJ7G1rXz4RjLW-0wzJSt8
jumeirah-park,ChIJec_eH3VrXz4R7F-kRtcUXaI
jumeirah-park,ChIJW_vhozhrXz4RmzolAlSh74k
jumeirah-park,ChIJRbNfwhVrXz4RnpZhckAR_cc
jumeirah-park,ChIJK8wwz3FrXz4Rw2gJhSlSU2k
jumeirah-park,ChIJXyZO3NBrXz4RXZf2d5HfGyU
jumeirah-park,ChIJLfby84FrXz4ReCf-3ArfkN0
jumeirah-park,ChIJpdwj3YVrXz4RwQq2vbFqc-s
jumeirah-park,ChIJz2ApzP5tXz4RR1A2SJQhumg
jumeirah-park,ChIJ9bJ680NrXz4Rj_yWJ0q_eQk
jumeirah-park,ChIJCYKz2FJrXz4RNGlMQNegMFQ
jumeirah-park,ChIJtU9-uPRrXz4RN3R6liZ223g
jumeirah-park,ChIJ9yBJjwhsXz4RdzOzU_uq7DQ
jumeirah-park,ChIJXaK8uCNrXz4R0aW_t1ImN0Q
jumeirah-park,ChIJGzGWmElrXz4RvqIF6_LqQJk
jumeirah-park,ChIJNY4YQIFvXz4RuE3Gy4NpBf4
jumeirah-park,ChIJaXwb3aRrXz4RAzpj7IpzKvg
jumeirah-park,ChIJD5PwivlrXz4RDU4oUcEBl0U
jumeirah-park,ChIJVyfUzl9rXz4RCK9R7pn1vis
jumeirah-park,ChIJs_eK9yxrXz4RzOBm4aMC_HU
jumeirah-park,ChIJAfkYH_xrXz4R9NtW4vGoDL4
jumeirah-park,ChIJFf99ixxrXz4Rnip_Ns4PpBg
jumeirah-park,ChIJtY3W8CBrXz4R2LE5GFldpVc
jumeirah-park,ChIJe63--TBrXz4R4NKODsQUYmc
jumeirah-park,ChIJwVknQB1rXz4RUmMkorXxZaI
jumeirah-park,ChIJLeWVEQBrXz4RNvbgOR-dD_0
jumeirah-park,ChIJxVg52EdrXz4RQnkKjDeWGew
jumeirah-park,ChIJb6ujzs5rXz4RQ_2sNmN5WRU
jumeirah-park,ChIJ49Z7XVdrXz4RoIv7siBSqEw
jumeirah-park,ChIJ8f8nFj1rXz4RVvHyg7cmvLI
jumeirah-park,ChIJS4uv1PZrXz4RrxyMoF1U0ko
jumeirah-park,ChIJS5XPi3prXz4Rei1aMIOC6ng
jumeirah-park,ChIJ11il0yeQMioRcY99sg7ykZs
jumeirah-park,ChIJU3XoVANrXz4RU30Ih_o90Q0
jumeirah-park,ChIJxWdj6MNrXz4RbL2IH8EYfFo
jumeirah-park,ChIJsz4djPdrXz4R1-Rt0aWmHKw
jumeirah-park,ChIJnTV05xRrXz4Rk_ymTk8TL_Q
jumeirah-park,ChIJD4bp5lRrXz4RbSHxZ-kIxYM
jumeirah-park,ChIJnVgaLwBrXz4RhpUHa5ytUHE
jumeirah-park,ChIJr2VKFixrXz4RiQgP2XD3vw0
jumeirah-park,ChIJRxWUdgBrXz4Rv7hVj9UWcXA
jumeirah-park,ChIJD1ePLKdrXz4R4ff-YEShxvs
jumeirah-park,ChIJIWujKHtrXz4RE-7llgiR4N0
jumeirah-park,ChIJrR3Ef9prXz4RPa9jzsXsgzE
jumeirah-park,ChIJbVx-iq1rXz4R5wi7QFRwMCA
jumeirah-park,ChIJSTj_IsZrXz4RjkgnU6ZMk2A
jumeirah-park,ChIJ3R8VfyBrXz4RzQB2VOn8F8w
jumeirah-park,ChIJOw_2bhNrXz4R6El-vfiOYp8
jumeirah-park,ChIJkUyZtuxrXz4RWmh1jznT4GI
jumeirah-park,ChIJxw3DBjETXz4RrPkUIXBMD7A
jumeirah-park,ChIJk5O0ns1tXz4RpuLbhCUHm-4
jumeirah-park,ChIJw8V9XABrXz4RvZrjKdUiFxA
jumeirah-park,ChIJ73kkjwprXz4RPQf7k34mCrM
jumeirah-park,ChIJ9eFOZPoTXz4RWJdd9j75_Ww
jumeirah-park,ChIJibSOk3ATXz4Ru9kk0k27QLc
jumeirah-park,ChIJeb6R7-VtXz4R2jyela2LY3M
jumeirah-park,ChIJWWmtp5RrXz4RKAOob3bZ8Xs
jumeirah-park,ChIJr5cq53FtXz4Rgck5mrpdndU
jumeirah-park,ChIJSaevdyVDXz4Rr54SlMnK6S4
jumeirah-park,ChIJm4JrEiprXz4RRCbXT6RD-Cs
jumeirah-park,ChIJo3q5flMTXz4RlPYpV6U5_Bs
jumeirah-park,ChIJGWfxwXZrXz4RaDExsAf_1VQ
jumeirah-park,ChIJ3Z_dNr1rXz4RM-IIH0gIP5s
jumeirah-park,ChIJxWcdeHFrXz4RSS5cDxk3Ipk
jumeirah-park,ChIJmRqgKs5tXz4ROaLUO5o3xrE
jumeirah-park,ChIJPaLZE61sXz4RbhYuDkxDmfo
jumeirah-park,ChIJa3nmeU5rXz4RUnQeGiTE-20
jumeirah-park,ChIJHa7EkXBrXz4R9zC6WIolZhw
jumeirah-park,ChIJ3dMkZ51rXz4RbblnFNSf_GM
jumeirah-park,ChIJmwaCxdlrXz4RPPmVoL5YHys
jumeirah-park,ChIJwSx5FthvXz4RmtHASAsN-fs
jumeirah-park,ChIJF1wJzmlrXz4RZrgGIfIS2EA
jumeirah-park,ChIJ1VFR4cVrXz4RKt_2S2nZOXY
jumeirah-park,ChIJ_bSHEy5tXz4Rx6pzU9p40IU
jumeirah-park,ChIJyTrWHnprXz4Rto8FGnV5ZPY
jumeirah-park,ChIJix4s2Y5rXz4RSoYML3j8MT4
jumeirah-park,ChIJhasAvIZvXz4R81gKxwIcsIw
jumeirah-park,ChIJmXOXV9drXz4RzJ06x8lorjg
jumeirah-park,ChIJgUEYTPlrXz4RyElaEd8a3gc
jumeirah-park,ChIJg1-LDFhtXz4R-tPU9bdlyT8
jumeirah-park,ChIJVyXWg1JvXz4R9KoUis_6TT4
jumeirah-park,ChIJQYK-GYAVXz4RqTJjGBLQWB0
jumeirah-park,ChIJu-ch-ThtXz4R5JwTE1GI3w8
jumeirah-park,ChIJVVWVQHdrXz4RPyGhBUN7i8g
jumeirah-park,ChIJg_m-X3MTXz4RlUVHkObT4Ow
jumeirah-park,ChIJCx0fu7kTXz4RIIq2xQCEQ1o
jumeirah-park,ChIJFxrEMPhSiiQRRkTNEUkUeQw
jumeirah-park,ChIJi1-YOO8TXz4RhdAD7OyN-Ec
jumeirah-park,ChIJSY86HQATXz4R-BYQRQIpg-8
jumeirah-park,ChIJc-HKfQBtXz4R0-f1OQ-CH-U
jumeirah-park,ChIJDYokjKoUXz4RWa3CUoZHhrs
jumeirah-park,ChIJRw2SMABtXz4RCzlw8YvdDLE
jumeirah-park,ChIJ603DYu9vXz4RhEUkV03iHNI
jumeirah-park,ChIJwfH3M1JCXz4RXNFepB9FH5k
jumeirah-park,ChIJcwjt1udtXz4Rs0ripEKHkKw
jumeirah-park,ChIJWz3DmjltXz4R2EWn06BCDRM
jumeirah-park,ChIJ9c8YPZddXz4RApj9Pns_1vg
jumeirah-park,ChIJycbpu34TXz4RFUI9UzN9iQQ
khaleej-al-arabi,ChIJ3_iyPrQ5Xj4RH9UwIvrtDss
khaleej-al-arabi,ChIJe4z7kLFpXj4R8ChzMToftoQ
khaleej-al-arabi,ChIJZXlAm1JoXj4R6LavbbVS52Y
khaleej-al-arabi,ChIJqfxHJwBpXj4R2mW273YWwbw
khaleej-al-arabi,ChIJF8NlR7NpXj4R3R1apjTHXqw
khaleej-al-arabi,ChIJ8Wb6FwBpXj4RPNJTS1cWs0Q
khaleej-al-arabi,ChIJE__TXa5pXj4RJQijrVSdBso
khaleej-al-arabi,ChIJsaqal7RpXj4RXyel5unpRvk
khaleej-al-arabi,ChIJJY0w0PdpXj4RnI5Xq36sUF0
khaleej-al-arabi,ChIJP1lYpkRnXj4R_-fm4K6DmlA
khaleej-al-arabi,ChIJWwW__3pDXj4ROuUJUpFFRic
khaleej-al-arabi,ChIJzb2iNlJDXj4RCp00sbC5K2E
khaleej-al-arabi,ChIJXSza7bBDXj4RlUamaUqdoJE
khaleej-al-arabi,ChIJxem_UQBpXj4Rj-UHmV5l3Bc
khaleej-al-arabi,ChIJBY9muG5DXj4RV-rTK3YN8mc
khaleej-al-arabi,ChIJidma655DXj4Rd7GNaJdYJPg
khaleej-al-arabi,ChIJjeOuPQBDXj4RymqmgVCSoZc
khaleej-al-arabi,ChIJPX91JwBDXj4RajZtPQQGYWA
khaleej-al-arabi,ChIJb1XY6HBDXj4R8gnYqL6bYpU
khaleej-al-arabi,ChIJV_2SfgBDXj4RkemcafiSsFQ
khaleej-al-arabi,ChIJBUAM_NhDXj4RRkVDWdeQrAQ
khaleej-al-arabi,ChIJ6bHnLSfOJGoRUlthxqok0gc
khaleej-al-arabi,ChIJs3UEXetDXj4RHt1DEeZYyhY
khaleej-al-arabi,ChIJWZU8RV5pXj4RQh7WVMBVA4M
khaleej-al-arabi,ChIJQdR3YXhlXj4Rs1lVb0ScdqY
khaleej-al-arabi,ChIJUR0MMCtlXj4RCrmzug27EF4
khaleej-al-arabi,ChIJ9aiDGABvXj4Rmqzih9RDTWM
khaleej-al-arabi,ChIJNcEbcyNpXj4RN7bElDhvr2U
khaleej-al-arabi,ChIJ-YhJtkppXj4Rabaoqq1SQSw
khaleej-al-arabi,ChIJhVWfudppXj4RW1NJDUldjnk
khaleej-al-arabi,ChIJjwQqBABpXj4REuTQ2Av-a9Q
khaleej-al-arabi,ChIJcUCfJsdpXj4Rr4YKloDlJPw
khaleej-al-arabi,ChIJ0TaixelpXj4RNujWv0mWuVk
khaleej-al-arabi,ChIJfTM1sL1pXj4RMz_zxOsTuyM
khaleej-al-arabi,ChIJ_XHbJhZmXj4RZEoLST18fRY
khaleej-al-arabi,ChIJyVN5GCdHXj4ReNVO3YUVu1I
khaleej-al-arabi,ChIJJ6Rmi0NpXj4RirmSVXHGwrE
khaleej-al-arabi,ChIJ_X5_sYloXj4R7yEMS_c4eKE
khaleej-al-arabi,ChIJ6ceRi2pnXj4RO9pOhI7icjE
khaleej-al-arabi,ChIJ43Hi13lpXj4RzzYf8mWbs3A
khaleej-al-arabi,ChIJT7KcLitpXj4Rh5bcE_YzEJE
khaleej-al-arabi,ChIJ3X_JNv1pXj4RqPI030unqzE
khaleej-al-arabi,ChIJDccChn1pXj4RChtxa2C6YOk
khaleej-al-arabi,ChIJRccC8h1pXj4R6bmL4SEfoA0
khaleej-al-arabi,ChIJIQC5B3dpXj4RuLjtnsl-iQg
khaleej-al-arabi,ChIJA8LhDvNpXj4R8vv9oOyrJDw
khaleej-al-arabi,ChIJtaypk6VHXj4Rno3wZUgkHEU
khaleej-al-arabi,ChIJ5Q2p8hxpXj4RW1aP3BZOk1o
khaleej-al-arabi,ChIJ6WvjJUxpXj4RBrEpujZgm_0
khaleej-al-arabi,ChIJASsJwpdpXj4RK-rxI9CDims
khaleej-al-arabi,ChIJLbmsUNVpXj4Rimbd3z_7Zkc
khaleej-al-arabi,ChIJXXEoRatpXj4RAwuSFz46vVo
khaleej-al-arabi,ChIJ8bfdgZ5pXj4Rufma7EEL_sc
khaleej-al-arabi,ChIJBREr7oNDXj4RfhQ5lRfJBPU
khaleej-al-arabi,ChIJwzatXQBpXj4RvqKh4Y4GzcQ
khaleej-al-arabi,ChIJ4RPvP8hpXj4RZyJsF1mf7zA
khaleej-al-arabi,ChIJY59gK9VpXj4ROCwYdCtZdb0
khaleej-al-arabi,ChIJI8v8dWppXj4RWPqjOl9OoXE
khaleej-al-arabi,ChIJ3SEIKAtDXj4R-KbBxJRio3I
khaleej-al-arabi,ChIJ1RNCXzRDXj4RkbuAKXOwcGA
khaleej-al-arabi,ChIJn6Y25n5CXj4RNiqHwAV0tvE
khaleej-al-arabi,ChIJ_em4aABDXj4RJvIkDFBUzlU
khaleej-al-arabi,ChIJxQc-metlXj4RA2Np0qHrA70
khaleej-al-arabi,ChIJUQmc5sVlXj4R2PCDAWYrzt0
khaleej-al-arabi,ChIJvzTI6fZlXj4RF8U8gHHjyio
khaleej-al-arabi,ChIJId_FDZtoXj4RtLMGvvUMFc0
khaleej-al-arabi,ChIJfZhovYdlXj4RhiiooGvSt7s
khaleej-al-arabi,ChIJNYLTB-tlXj4RSEYSqRV0fDE
khaleej-al-arabi,ChIJYXvJfPdlXj4RmcqPihLlFT8
khaleej-al-arabi,ChIJP8lwH-tlXj4R7n0s3BN0qpg
khaleej-al-arabi,ChIJIdnAcBtlXj4ReLhQ8LafChQ
khaleej-al-arabi,ChIJd23po5NlXj4RwUreEU0itg8
khaleej-al-arabi,ChIJM38BGwBlXj4RXvM9xafewTw
khaleej-al-arabi,ChIJ935DJ0BnXj4REi93Www6b6w
khaleej-al-arabi,ChIJtX9tROtlXj4RIk-cLGMAvcY
khaleej-al-arabi,ChIJm5L3bxxnXj4R2bVCq7eRdF0
khaleej-al-arabi,ChIJsa0vizFnXj4RdKePMZEwcsY
khaleej-al-arabi,ChIJqWAauUtlXj4R5CEvqGsTNdk
khaleej-al-arabi,ChIJ7zVlrFNnXj4RNolp-WNFv9A
khaleej-al-arabi,ChIJiZPMTaJnXj4RHOK4tARmadY
khaleej-al-arabi,ChIJhS7daENnXj4RDkqHu8tuBvc
khaleej-al-arabi,ChIJkfB4BgVmXj4RCj9l9s0IATk
khaleej-al-arabi,ChIJfS8fdSdnXj4Re-Hd6z48PNs
khaleej-al-arabi,ChIJUy6LoMNlXj4RbjQD6nE6-kQ
khaleej-al-arabi,ChIJz6dobOJlXj4RX9XDqXofqHE
khaleej-al-arabi,ChIJQTsb0AhmXj4RdCam14AheBk
khaleej-al-arabi,ChIJg6FONuBnXj4RkIDJUY_jwfU
khaleej-al-arabi,ChIJaYW4UClnXj4R2OH_mVOFax8
khaleej-al-arabi,ChIJv_c8XKhlXj4R37pIbgaaggo
khaleej-al-arabi,ChIJnziwXgtmXj4RAe6_Mb7E0TA
khaleej-al-arabi,ChIJ-xQ51yplXj4R0C5AxmRh0KM
khaleej-al-arabi,ChIJZ-M2UgBnXj4RscZnYuRSk1Y
khaleej-al-arabi,ChIJkzlGXCZmXj4Rv0Ng_vrsMsI
khaleej-al-arabi,ChIJl5huYkBpXj4RX9faSAjd-iA
khaleej-al-arabi,ChIJB5DRKyZmXj4RDRhF9YlGekM
khaleej-al-arabi,ChIJ-bj4weBlXj4RYa1MziOiO6c
khaleej-al-arabi,ChIJyRCxvUBnXj4R5PTdoN5UFTQ
khaleej-al-arabi,ChIJxw_jYCBmXj4R4W15MAFN0z8
khaleej-al-arabi,ChIJx1BuZIdpXj4RYy4-cDCDdS0
khaleej-al-arabi,ChIJMTJk1YBpXj4Rr8PtSnvwj5M
khaleej-al-arabi,ChIJ3dyLL_hpXj4RY54HfB5SeGk
khaleej-al-arabi,ChIJ_Vu7UilmXj4R0AsGTzHwkaU
khaleej-al-arabi,ChIJxRNBcplpXj4RX-TbGt12084
khaleej-al-arabi,ChIJo1n-M0JnXj4R7PLlSnGxI_Y
khaleej-al-arabi,ChIJb6QgHwBnXj4Ry47XhnrMDQY
khaleej-al-arabi,ChIJ44q9goBDXj4Rw1_ZJL2LHcE
khaleej-al-arabi,ChIJnbuwwDZGXj4R2MuK02ZL3RQ
khaleej-al-arabi,ChIJ_1-JP91nXj4RrBOgLJu35F4
khaleej-al-arabi,ChIJPyQ_-xVpXj4RkJ-p2SBjK8w
khaleej-al-arabi,ChIJuYirVjFnXj4RhJ2QvewLb9Y
khaleej-al-arabi,ChIJ8_vGInVnXj4Rj-RC-PH75Q8
khaleej-al-arabi,ChIJFyiZ0CNpXj4RyziQ0BZlrFQ
khaleej-al-arabi,ChIJX28z48ZnXj4RrrTv2jMdt1s
khaleej-al-arabi,ChIJZ3VuZhBnXj4RyjUlmklyTsI
khaleej-al-arabi,ChIJs0OGRxhmXj4RyqF8O7pRgMs
khaleej-al-arabi,ChIJWXHpIZdnXj4RMfPQcuP8kS4
khaleej-al-arabi,ChIJl_nk5cNnXj4RwjYoWDZgh6g
khaleej-al-arabi,ChIJVZe88pNpXj4RT9AwJCaXtvA
khaleej-al-arabi,ChIJ8z35MOhnXj4RBz5wq89B23E
khaleej-al-arabi,ChIJFRtjJr5nXj4RH8E6eCIm0NM
khaleej-al-arabi,ChIJQS7TRp1CXj4R7kO__gEfjH4
khaleej-al-arabi,ChIJNUZcwFxlXj4R1UGyZkyy7vk
khaleej-al-arabi,ChIJ4x5Z0rllXj4RX0TozoUVNCM
khaleej-al-arabi,ChIJxftp17llXj4RR6iKQLzAZSE
khaleej-al-arabi,ChIJk2y5S1hlXj4RaU-V3GxHYZ4
khaleej-al-arabi,ChIJE41fxbllXj4RaqLEAd7ULzA
khaleej-al-arabi,ChIJhUJoI2hlXj4RWMgLSf9uN1o
khaleej-al-arabi,ChIJ4x5Z0rllXj4RLtJ5OoBzSig
khaleej-al-arabi,ChIJH3UftbtlXj4R_Gp1GDNG7Dg
khaleej-al-arabi,ChIJ4x5Z0rllXj4R_-VAv4ifxYU
khaleej-al-arabi,ChIJ4x5Z0rllXj4RjjjlVYEGEbY
khaleej-al-arabi,ChIJbefoOABlXj4R17KuY77z_5E
khaleej-al-arabi,ChIJq6ZwLwBlXj4R5_xaVc_AL5M
khaleej-al-arabi,ChIJ4x5Z0rllXj4Req_RsypIwio
khaleej-al-arabi,ChIJn9KShVdpXj4RDEEMcAqN5gA
khaleej-al-arabi,ChIJW1ZZSkNmXj4ROlTwRMqMJUc
khaleej-al-arabi,ChIJV_fiWINnXj4RSVmfyhdlhnI
khaleej-al-arabi,ChIJHYAIMgBnXj4RLEfhkv4gRHg
khaleej-al-arabi,ChIJn-VSqNlnXj4R47V-_I-fBjI
khaleej-al-arabi,ChIJ1_XlqW5mXj4R2AysySiBqcQ
khaleej-al-arabi,ChIJB2qvUzlnXj4Ru2ErXtcNvvk
khaleej-al-arabi,ChIJZRR1sEBmXj4RXNuJ5Ox0s2Q
khaleej-al-arabi,ChIJ09YGNc5nXj4RwhYG0cOt4EA
khaleej-al-arabi,ChIJ9aiQWhRVsk8R7Wc-AZs4BkU
khaleej-al-arabi,ChIJA08z79VnXj4RDoBZEk7Amgs
khaleej-al-arabi,ChIJPU5JKHFmXj4RrYmSwxlGq80
khaleej-al-arabi,ChIJuaSSHi5nXj4Ra0WscH_VXFg
khaleej-al-arabi,ChIJF4h7eNJnXj4R5ks2kNdQdTA
khaleej-al-arabi,ChIJqTeaHthnXj4R4mu23EJamJY
khaleej-al-arabi,ChIJk8hQALtnXj4R0sneJuNBZPc
khaleej-al-arabi,ChIJVbstSFBmXj4R449I_E3vMkY
khaleej-al-arabi,ChIJkUYZJK5nXj4RiJ9Ku8bXwdM
khaleej-al-arabi,ChIJASsD9DJmXj4ROzoEGOtYpgA
khaleej-al-arabi,ChIJE954bXBnXj4R0i-p2WyA0dk
khaleej-al-arabi,ChIJWbEXrURmXj4RqTlvNIxNwMg
khaleej-al-arabi,ChIJIYAxKfpnXj4RttR5NvR6D0Q
khaleej-al-arabi,ChIJV-MZgqZnXj4RqyrxMfMdd98
khaleej-al-arabi,ChIJNS4mnhZnXj4ROmaMfmpRpog
khaleej-al-arabi,ChIJmY8cvnHui2sRb7FTWZ29zT8
khaleej-al-arabi,ChIJcdzVQ0lmXj4R8LF1iNswxUY
khaleej-al-arabi,ChIJG9QuzEBmXj4RFF3cHMHXnFE
khaleej-al-arabi,ChIJicmWN_5nXj4RlcNpSiVRe_k
khaleej-al-arabi,ChIJGQcdzZNnXj4REEerUGl7wDg
khaleej-al-arabi,ChIJQcy0bbxnXj4R-WqMI3VHVNI
khaleej-al-arabi,ChIJ_d7LWzNnXj4RGDMh0Ss42H8
khaleej-al-arabi,ChIJjxX0knlnXj4R44jguI9QG6w
khaleej-al-arabi,ChIJ8TsCxJ1nXj4RbbrhicyE6kc
khaleej-al-arabi,ChIJ5wt_y71nXj4Rf9V6KjoRaDQ
khaleej-al-arabi,ChIJ7-O7sH1nXj4Ruiwbj6pPfJo
khaleej-al-arabi,ChIJHRSMuBpnXj4ReujgE1dwHj0
khaleej-al-arabi,ChIJTzbECidnXj4RapPAqym1g6g
khaleej-al-arabi,ChIJM_cTHgBnXj4Rcz0pQfziQdc
khaleej-al-arabi,ChIJA0HSlpxnXj4RfrJqY3XlIYQ
khaleej-al-arabi,ChIJjf-Dz21nXj4RW69cUeFr59U
khaleej-al-arabi,ChIJYwNX56JnXj4RdqtWGzb13JA
khaleej-al-arabi,ChIJZV66kJhnXj4ReG9g2VN4Fa8
khaleej-al-arabi,ChIJ_S01UQVnXj4Rp9gKj2D00ws
khaleej-al-arabi,ChIJN9mjS01nXj4RjuZGa59Z6Fw
khaleej-al-arabi,ChIJcRgS2eFnXj4RhCRJ8MKJkXM
khaleej-al-arabi,ChIJ-VDAk51nXj4Rgep2KOSVTB4
khaleej-al-arabi,ChIJ5R5zm15mXj4RRrTpMfjvLO4
khaleej-al-arabi,ChIJ5ygF_l1mXj4R3TyhG8g5Ytg
khaleej-al-arabi,ChIJMXrb-ltmXj4R1SYL2CWAIsE
khaleej-al-arabi,ChIJ-d9iPl9mXj4RmAkeDYJ5VyY
khaleej-al-arabi,ChIJ1VAD2FBnXj4RpmMke4lL7oU
khaleej-al-arabi,ChIJ46n5PadnXj4RQxaG0H7wG1c
khaleej-al-arabi,ChIJf0lCeppnXj4RpNFakW7VXQU
khaleej-al-arabi,ChIJ79IYKRFnXj4RMx7me4gh_Jg
khaleej-al-arabi,ChIJIUtXTBZnXj4Rp3OlWXUTxTo
khaleej-al-arabi,ChIJG3eVAWFmXj4RX_EiWIICdkc
khaleej-al-arabi,ChIJYypGG5BnXj4RZGQ25vMinrE
khaleej-al-arabi,ChIJiZseMgBnXj4RLhFPAjVs4Dw
khaleej-al-arabi,ChIJ0aqt6ztz_a8Rrw4sUQPIb8c
khaleej-al-arabi,ChIJscAhvklnXj4RPJwXl-xvlhs
khaleej-al-arabi,ChIJedHeCPBnXj4RxLG6Hrun3XA
khaleej-al-arabi,ChIJs3vVRWJpXj4RWFSLjKWVMig
khaleej-al-arabi,ChIJf5ksS1pnXj4R8nGiK6EIavw
khaleej-al-arabi,ChIJ857h14VoXj4R-MivhTIp0zA
khaleej-al-arabi,ChIJq0b4j1ppXj4RGyoDe94smso
khaleej-al-arabi,ChIJxdrDuv5nXj4RpY-5DF6euTc
khaleej-al-arabi,ChIJyTjTcmtnXj4RQimZyggX-0g
khaleej-al-arabi,ChIJ--LATKNnXj4RcjNbguWP7XQ
khaleej-al-arabi,ChIJ66GC8lBnXj4RWy2ZqpAMXPs
khaleej-al-arabi,ChIJ039yYpBnXj4R-jriLFdsbhQ
khaleej-al-arabi,ChIJY0o69snGMosRON-icriog-w
khaleej-al-arabi,ChIJseoQLkpnXj4R0ttDnknkwFs
khaleej-al-arabi,ChIJB65Z-txnXj4R1tA3xNsPhuU
khaleej-al-arabi,ChIJlwoJZqtnXj4RWTk4Uc8irM0
khaleej-al-arabi,ChIJb1nZFylnXj4RQ970d7ENh7E
khaleej-al-arabi,ChIJ3en6cZ9nXj4RF2tAl2cNOhY
khaleej-al-arabi,ChIJVeWO8JBnXj4RFTW9auZALEQ
khaleej-al-arabi,ChIJa5lMYwBnXj4RMZ5IObcolEI
khaleej-al-arabi,ChIJD1sARgBnXj4RIsSKjimSOtU
khaleej-al-arabi,ChIJ16q9A1NmXj4RlbEye6DidAY
khaleej-al-arabi,ChIJE0h1bvxnXj4RfgC7_mTG3Ac
khaleej-al-arabi,ChIJy3uB4qlnXj4RcO9_SwxyAfs
khaleej-al-arabi,ChIJQTdrojBmXj4Rb_9E07pJORU
khaleej-al-arabi,ChIJYfQcrDJnXj4Rql8gi5D3N8o
khaleej-al-arabi,ChIJE-5kYTxmXj4Rh-fgMnNBUmQ
khaleej-al-arabi,ChIJ-bSvTvJnXj4RJ44FIOPKvoc
khaleej-al-arabi,ChIJSdNDIwtnXj4RtgRQAVdqGsE
khaleej-al-arabi,ChIJ-yLmBEGo92oRIFpI1-xLi84
khaleej-al-arabi,ChIJXcohuMJnXj4RoWXg91Ni0Ds
khaleej-al-arabi,ChIJQ5y8-ihmXj4R2--Iu91VhF8
khaleej-al-arabi,ChIJoxxAhsJpXj4RcYTCJSBnW4E
khaleej-al-arabi,ChIJ_chcCE9mXj4Ri_BscHtsX9I
khaleej-al-arabi,ChIJu39Q-xztHQsRridqi4XMjY4
khaleej-al-arabi,ChIJTcrTWGGt7mQRXgEix_2_Uq4
khaleej-al-arabi,ChIJ_YyMCwBpXj4RdNchW4I14U4
khaleej-al-arabi,ChIJu7lVNFFnXj4Rh3ZfIeCW_l8
khaleej-al-arabi,ChIJucQxxsRnXj4R512MmgYJ4vQ
khaleej-al-arabi,ChIJBwQQN51nXj4RxvRgy-HYskU
khaleej-al-arabi,ChIJAwEMi9xnXj4RT3boB_iocto
khaleej-al-arabi,ChIJVVVVeVlmXj4R6VS3CRGr4ok
khaleej-al-arabi,ChIJ60v63kRpXj4Rx-2z7cIGd1M
khaleej-al-arabi,ChIJ5xZgC51nXj4R9Q19GGhq79U
khaleej-al-arabi,ChIJISIA0epnXj4R3NPYSWTWMzc
khaleej-al-arabi,ChIJ8c1oDTpnXj4RhWg-OJ1Acwc
khaleej-al-arabi,ChIJX1RX4wo8YW0RWfZ4IhmQ910
khaleej-al-arabi,ChIJTbJqXgdnXj4RxwgM7jWri0k
khaleej-al-arabi,ChIJYe0rouVnXj4RBQKS16aIjdc
khaleej-al-arabi,ChIJrdP5fzVnXj4RMa-wVitoTkg
khaleej-al-arabi,ChIJqSQmziRnXj4RmeMQxuCyqdE
khaleej-al-arabi,ChIJqWOcxKZnXj4REDnFq7XplL4
khaleej-al-arabi,ChIJ2R_mwgpmXj4RFBUQ0mAaS0g
khaleej-al-arabi,ChIJIcfhikBmXj4RDW08uEX-Z5g
khaleej-al-arabi,ChIJs33dBLxnXj4RMLCKrC_P_8o
khaleej-al-arabi,ChIJr0nXtj1nXj4RRRzISutiKk8
khaleej-al-arabi,ChIJ5ZdMfFpnXj4RogmtEazB4y0
khaleej-al-arabi,ChIJqWcd62dmXj4RhK3HHIGDJU4
khaleej-al-arabi,ChIJaXKPMvRnXj4RRPVd1vS7_-4
khaleej-al-arabi,ChIJadIgXV5mXj4RHvil6PozSWE
khaleej-al-arabi,ChIJD_u7A2ZmXj4RWpXlIFngq0E
khaleej-al-arabi,ChIJWXQkBbNnXj4RH9BkA9ttS4g
khaleej-al-arabi,ChIJycDEwXtnXj4RvJsLPnvqb0M
khaleej-al-arabi,ChIJxSWvhJ9nXj4RAD2csL2tCPs
khaleej-al-arabi,ChIJMx2vVDFnXj4RofkJZHV4AF0
khaleej-al-arabi,ChIJvYuUk31nXj4RAIboTOIYjjw
khaleej-al-arabi,ChIJOT5Vq4VnXj4RUX2e0_2hhFM
khaleej-al-arabi,ChIJoZ61PXdnXj4RP8OgX34DSZk
khaleej-al-arabi,ChIJ56Heog1nXj4RwXiqmukHXas
khaleej-al-arabi,ChIJUUhQMmFmXj4Rmmo5z04KXOU
khaleej-al-arabi,ChIJ5waOJUFnXj4R9Qe9NGUCeys
khaleej-al-arabi,ChIJZ6QJe0lnXj4RBmyypnUAkmw
khaleej-al-arabi,ChIJJ8ZD0y9nXj4Rgq4iStCwxaQ
khaleej-al-arabi,ChIJ9ePCDDJnXj4R2lE3kpQj14o
khaleej-al-arabi,ChIJE82v1t1nXj4R4TjauuobSTk
khaleej-al-arabi,ChIJCX-p3FZnXj4RxvSlMaCdcjA
khaleej-al-arabi,ChIJDRVrHQBnXj4RQ7zsRdI3hHo
khaleej-al-arabi,ChIJS61JbB5mXj4RgF-hmsgxuBs
khaleej-al-arabi,ChIJq7KQiVkiu44RFiNNjfq-8Qg
khaleej-al-arabi,ChIJDwhDPz5nXj4RYsFFNcfOBsY
khaleej-al-arabi,ChIJC2xhY5osVYcREHYoqqDJMkg
khaleej-al-arabi,ChIJC-qSZ9VnXj4Rl4-9xeIvBfM
khaleej-al-arabi,ChIJFf5hotJnXj4RaeQ_fkV8Cvk
khaleej-al-arabi,ChIJP_qupm5nXj4RbumVBqXp1xQ
khaleej-al-arabi,ChIJIWVIlbRnXj4RgOogtBZgwKs
khaleej-al-arabi,ChIJQ8ljpdVnXj4RXbKAYsbdZ4A
khaleej-al-arabi,ChIJ9WInBWtnXj4RxEXM3Kxdfh0
khaleej-al-arabi,ChIJpY8eIopnXj4R-W--X2TfcdA
khaleej-al-arabi,ChIJS3rYruNnXj4Rkzh6QikQ-7Y
khaleej-al-arabi,ChIJiebkpd5nXj4RX2Mi86natDE
khaleej-al-arabi,ChIJ15sJJShnXj4RQ0eeYXBdZwo
khaleej-al-arabi,ChIJ2wDUJSZnXj4RDEaKjF9OrrY
khaleej-al-arabi,ChIJaQAS82NmXj4Rc7ND45DP_mE
khaleej-al-arabi,ChIJYw2ruydmXj4RBVpf7T18Iv8
khaleej-al-arabi,ChIJz8os5WRmXj4RT6RASiduQhY
khaleej-al-arabi,ChIJXdfe9ednXj4RJJ-loFBOlbc
khaleej-al-arabi,ChIJT_KD0o5nXj4RnPEbddbl8DE
khaleej-al-arabi,ChIJndvG6k1nXj4Rux7D-1bDDqw
khaleej-al-arabi,ChIJsbAHHABnXj4RS-zsnr4GJaw
khaleej-al-arabi,ChIJtXoBeyNmXj4RNAp0GFV7IWo
khaleej-al-arabi,ChIJk-wHqNtnXj4RCnLfnouEc_c
khaleej-al-arabi,ChIJS6zSkSBnXj4RqEs00Xw5zDs
khaleej-al-arabi,ChIJI4lXbABnXj4RaN1ZxKqvAUs
khaleej-al-arabi,ChIJvS9WeYlnXj4RRfn1UzM5QRY
khaleej-al-arabi,ChIJaRZUqHZmXj4RpLJ7tHP_RFg
khaleej-al-arabi,ChIJpX_OJYJoXj4Rpjz8-daA5RA
khaleej-al-arabi,ChIJ_wOzsw5nXj4REAiP6OP6nU0
khaleej-al-arabi,ChIJXUjWmR5nXj4R8waZHt49aJA
khaleej-al-arabi,ChIJHydx9CGS2CcRx5ActGmymJ8
khaleej-al-arabi,ChIJA0Zs2CJnXj4Rr0yMvlyjPqk
khaleej-al-arabi,ChIJK7tMZFpmXj4RXCtoBOrjFdE
khaleej-al-arabi,ChIJm0kTSBVmXj4RfDXhsMaQ3hA
khaleej-al-arabi,ChIJiRByoWVmXj4RwyYFrNKx1y4
khaleej-al-arabi,ChIJa_uR1otnXj4RcemH38_7OxM
khaleej-al-arabi,ChIJVfuOjmdmXj4Re4b0WfIcBEk
khaleej-al-arabi,ChIJyWDqRWJnXj4RTZMYi4u1spg
khaleej-al-arabi,ChIJByfkR1JnXj4RjZnK3wXzQsU
khaleej-al-arabi,ChIJDSIpTQxnXj4Ri2TOMbuDqYQ
khaleej-al-arabi,ChIJYzLadgpnXj4RLzJZVi1kNSQ
khaleej-al-arabi,ChIJ83bmZbVnXj4R0qRR4A-B13A
khaleej-al-arabi,ChIJSWDSRvhnXj4R4BtLYbxkGsE
khaleej-al-arabi,ChIJBdF1KLFnXj4RIoI6NE7VsH0
khaleej-al-arabi,ChIJOa6rvn5pXj4RHFhX0FEX7yY
khaleej-al-arabi,ChIJr6wjqh9nXj4ROupP3dicQsc
khaleej-al-arabi,ChIJCcn8d-VnXj4R9liKH-vNo7c
khaleej-al-arabi,ChIJJ-JnA39CXj4R29ei0wLjmCw
khaleej-al-arabi,ChIJu5Q_WXBnXj4RRdALUTTrM6k
khaleej-al-arabi,ChIJi2dTOThnXj4RsR8brZ1nOy0
khaleej-al-arabi,ChIJJ4wSTrdpXj4R1L8vQ_7a69k
khaleej-al-arabi,ChIJkT7LnDdoXj4RYAutdxTjQN4
khaleej-al-arabi,ChIJSZPJAhFpXj4RnXb7lxKNILI
khaleej-al-arabi,ChIJqVgBKaRpXj4RQq9wj7RRfN4
khaleej-al-arabi,ChIJqZDQZdFBXj4RVgknuVN2Yt4
khaleej-al-arabi,ChIJP402dFdpXj4RYdkRQwX62T4
khalifa-city-a,ChIJW-umFABHXj4RodLZiPhbEqU
khalifa-city-a,ChIJc22EmKppXj4REIpupbbjOuk
khalifa-city-a,ChIJjw-oAIZBXj4RYs_ZF8S82Wc
khalifa-city-a,ChIJ73UPkVxBXj4RYyfjOtI6t_8
khalifa-city-a,ChIJzyPbvrtHXj4R6KGLA8AAb2Q
khalifa-city-a,ChIJlVCCajQmE6QRPxItws2xgAc
khalifa-city-a,ChIJ69xfDaRHXj4R9w_joO8apaw
khalifa-city-a,ChIJR8LWo1tGXj4Rx0MLzz2712E
khalifa-city-a,ChIJgwQaObtoXj4RnWr9rQqAL9g
khalifa-city-a,ChIJKWCUUOFHXj4Rrd1yQPVEeQs
khalifa-city-a,ChIJg26InplHXj4RXG9GjMhTi2M
khalifa-city-a,ChIJmzfKIsZHXj4Rrih7HO9RVEw
khalifa-city-a,ChIJWZqMfGPLXz4RzawoztEqiN8
khalifa-city-a,ChIJIdc3eS6CU2oRfKdORtrjY1c
khalifa-city-a,ChIJVVVVVWVGXj4RGN8NnKuUiYw
khalifa-city-a,ChIJT2jWaABHXj4RnRduqhYIfac
khalifa-city-a,ChIJlQA9FmVLXj4RFVoutOwlpcM
khalifa-city-a,ChIJzb2iNlJDXj4RCp00sbC5K2E
khalifa-city-a,ChIJBY9muG5DXj4RV-rTK3YN8mc
khalifa-city-a,ChIJD1_g9DpCXj4RWJAagGvwxYA
khalifa-city-a,ChIJ98d6OJ1oXj4RGQ8-o1qspv4
khalifa-city-a,ChIJFbzk5RNDXj4R3vo4JY7we1U
khalifa-city-a,ChIJx5hdNjFDXj4RaCf8w3PXD_w
khalifa-city-a,ChIJb1XY6HBDXj4R8gnYqL6bYpU
khalifa-city-a,ChIJV_2SfgBDXj4RkemcafiSsFQ
khalifa-city-a,ChIJBUAM_NhDXj4RRkVDWdeQrAQ
khalifa-city-a,ChIJEeqr-cqrX0ERM21WrfvrUVQ
khalifa-city-a,ChIJqyjJBwBDXj4R7RcDQqw3YVI
khalifa-city-a,ChIJ6bHnLSfOJGoRUlthxqok0gc
khalifa-city-a,ChIJs3UEXetDXj4RHt1DEeZYyhY
khalifa-city-a,ChIJcb1OvglBXj4Rpj4qKbJJoW0
khalifa-city-a,ChIJIcgTO9ZDXj4RbWXJ_yrpjuM
khalifa-city-a,ChIJ1Rym03lDXj4Ry8HrwL3DgZQ
khalifa-city-a,ChIJ7aBvpbBBXj4Rrz5YkTw3PKA
khalifa-city-a,ChIJ8Uq1R1lBXj4Rb-6WJo3wDE4
khalifa-city-a,ChIJ7YcGHXJBXj4R2XGB_gU-fdU
khalifa-city-a,ChIJ2bVES9BDXj4R1GQbwTs4s7U
khalifa-city-a,ChIJ60POGgBBXj4RZm8XLPPzC3U
khalifa-city-a,ChIJfxeqQk5BXj4RA0PquO-4oMk
khalifa-city-a,ChIJ6x3D_plBXj4R-qot1dS-WBE
khalifa-city-a,ChIJNaSYXthDXj4RprtgcxKvnds
khalifa-city-a,ChIJnexvv2BBXj4RGZ-nIdMn_Y8
khalifa-city-a,ChIJ7yIxJNpDXj4R2GCbL6B0_nw
khalifa-city-a,ChIJFRhBdlJBXj4RwYy2RLGionw
khalifa-city-a,ChIJzeXPk_JBXj4R3ruXrllceTM
khalifa-city-a,ChIJHeslLLBHXj4R2k220ct8BWA
khalifa-city-a,ChIJbUqn6dRBXj4R42NJ8vyTdW4
khalifa-city-a,ChIJJw6KqQlBXj4R8b-g8H7A294
khalifa-city-a,ChIJHVEMxaRGXj4R85sXAIZsZxA
khalifa-city-a,ChIJJT5ZErJGXj4R7VeU-kgIwzI
khalifa-city-a,ChIJV4F6t4VHXj4RFM9DyQdTykQ
khalifa-city-a,ChIJbzaVH0xFXj4R4sopMv_a0Ts
khalifa-city-a,ChIJgVU2UABFXj4RrnJ9POOqlsM
khalifa-city-a,ChIJS_qRzU5HXj4RdDHREb3iqr0
khalifa-city-a,ChIJcflCD3lHXj4RT3mzoBbL5Xs
khalifa-city-a,ChIJu-zyqTFHXj4Rfn0ltDhuQLY
khalifa-city-a,ChIJI1MU0phHXj4R9Cwmi8huUZY
khalifa-city-a,ChIJBSTDRftHXj4RrjwQvtjVgVY
khalifa-city-a,ChIJOXqcoflHXj4Rw9lYL-ImdG0
khalifa-city-a,ChIJq4yo9plGXj4Rwg8iScd-r9I
khalifa-city-a,ChIJq_2Ft5NGXj4RBu1gRSV_VPU
khalifa-city-a,ChIJ14qBf3tmXj4Ryl0XGGlJi5A
khalifa-city-a,ChIJA3hjb-NHXj4ROuB2SgejwCc
khalifa-city-a,ChIJC5E64aFHXj4Rv3VUWnT-q6E
khalifa-city-a,ChIJDQ4dJJFGXj4RvEL8WJHJhKo
khalifa-city-a,ChIJraRWc2ZGXj4RHZzmHNkAoVI
khalifa-city-a,ChIJV8chu3ZFXj4R8k3bfpbP4yQ
khalifa-city-a,ChIJMSB4C35HXj4RZaFWsB2HzPA
khalifa-city-a,ChIJ93WxzyVGXj4RV-nEwzu_2CI
khalifa-city-a,ChIJR7yaYMIr0A8RJ1xxI2XJjZQ
khalifa-city-a,ChIJ7YfCKAXNFAARAun7rUoz3ns
khalifa-city-a,ChIJz9Ih5T5GXj4RFa6jMlBD1lU
khalifa-city-a,ChIJ_YYU-SlHXj4R_s2xoMvN3H8
khalifa-city-a,ChIJCf71DQBHXj4RGSg-Rap3pzQ
khalifa-city-a,ChIJq6qq6mlGXj4RO92VESUx4Jc
khalifa-city-a,ChIJk3jzKPdHXj4R0MWNKxJuIRI
khalifa-city-a,ChIJkWCcYQBHXj4R4DwKrMJEBbc
khalifa-city-a,ChIJpYqPLKxHXj4RC99ZOhG1Mbw
khalifa-city-a,ChIJAbHY8TNJXj4RCFVFm83o6-w
khalifa-city-a,ChIJae_1NFRJXj4RCUMrko0sCNc
khalifa-city-a,ChIJpe7674JHXj4R4qEwHDutwpo
khalifa-city-a,ChIJLbmsUNVpXj4Rimbd3z_7Zkc
khalifa-city-a,ChIJBREr7oNDXj4RfhQ5lRfJBPU
khalifa-city-a,ChIJY59gK9VpXj4ROCwYdCtZdb0
khalifa-city-a,ChIJ3SEIKAtDXj4R-KbBxJRio3I
khalifa-city-a,ChIJ1RNCXzRDXj4RkbuAKXOwcGA
khalifa-city-a,ChIJRfTVvZVDXj4RZZRKmMGM9cs
khalifa-city-a,ChIJD78jm21DXj4RFJaaFlEWA9U
khalifa-city-a,ChIJt8i1c6JDXj4RZT68OZOeZA8
khalifa-city-a,ChIJJThiRQBDXj4ReHyHBI8ug-c
khalifa-city-a,ChIJn6Y25n5CXj4RNiqHwAV0tvE
khalifa-city-a,ChIJ_em4aABDXj4RJvIkDFBUzlU
khalifa-city-a,ChIJsZcdI0VCXj4RcqqbomF0j6w
khalifa-city-a,ChIJy0gbkiRDXj4RsKUFEhYvICw
khalifa-city-a,ChIJi3I6PmpFXj4RvnqAlf-Zj14
khalifa-city-a,ChIJObWU69VFXj4RHe9sihg8jm0
khalifa-city-a,ChIJP1niJQBHXj4RF3V73XOmjaQ
khalifa-city-a,ChIJjVmxV54IyG8Rb6vQGYUtChQ
khalifa-city-a,ChIJK756BwBFXj4RNGsyZqGUr0o
khalifa-city-a,ChIJBa4fnRRFXj4RPhetV5A5vHI
khalifa-city-a,ChIJJb5APb1FXj4RU9aUzn6zONo
khalifa-city-a,ChIJDauAueVFXj4R3Xmnuq3eL3M
khalifa-city-a,ChIJ2cRwm0lynCgR06QvoTEAUV0
khalifa-city-a,ChIJcTgqyBZHXj4Rf5B1BB4WmsQ
khalifa-city-a,ChIJdzZoddFFXj4RJUxCBRKNlz8
khalifa-city-a,ChIJCcq3fX1GXj4RHBRRQQMXNlE
khalifa-city-a,ChIJH26D38ZFXj4RrPiy947PD0w
khalifa-city-a,ChIJ32dV6-JFXj4RirMzddSWiYA
khalifa-city-a,ChIJieGTC7ZPXj4RX_8hfMRV2HY
khalifa-city-a,ChIJV8rMtqhHXj4R1k1OzNyPle4
khalifa-city-a,ChIJwReRVwZPXj4RpK7PtgYsZSw
khalifa-city-a,ChIJVdq-wf5HXj4RAyEN29J_D4Q
khalifa-city-a,ChIJoV3tjb5FXj4RPTMhunNNho0
khalifa-city-a,ChIJcRE_l2NmXj4Rs7yNgCkivuE
khalifa-city-a,ChIJCRc4ebdFXj4RDqx1r4bzbto
khalifa-city-a,ChIJx_35IbpFXj4RiBbhXLiaAmA
khalifa-city-a,ChIJQ-xRY6NFXj4Ru-FAiCzJdaQ
khalifa-city-a,ChIJg9vaPitJXj4RteR_PONRSLE
khalifa-city-a,ChIJaxDupR1JXj4RxkHSywjtQnU
khalifa-city-a,ChIJu1fiwWpJXj4RVNRMH1pYlyA
khalifa-city-a,ChIJEQ2uFQBJXj4R8QG8_u2Tfu8
khalifa-city-a,ChIJp3xbSABJXj4RArqZJvxrev0
khalifa-city-a,ChIJURVpPwBJXj4RqJu7MxgB1zo
khalifa-city-a,ChIJycSvtZxCXj4R-RJF502OC-k
khalifa-city-a,ChIJQS7TRp1CXj4R7kO__gEfjH4
khalifa-city-a,ChIJ6-A3RTtnXj4RqdgqRg4jvXw
khalifa-city-a,ChIJmckIai1FXj4RDJdfcplz-70
khalifa-city-a,ChIJbWf7-eFFXj4R3ua_ke0oiTc
khalifa-city-a,ChIJZUhSv6tFXj4R7ZpJFnYGOTw
khalifa-city-a,ChIJlbPth9ndjWwRRkf1fcPzukU
khalifa-city-a,ChIJK1krJPdFXj4RQVCLQY9UeGY
khalifa-city-a,ChIJ2TEfXYhnXj4RGxHrc6Ex7DY
khalifa-city-a,ChIJTVNlNwBFXj4R54kFMo_W4Fg
khalifa-city-a,ChIJz5Tsn31PXj4RrE5jIkDZ7vw
khalifa-city-a,ChIJY6BbY3ZPXj4RrUQtPfRTC6M
khalifa-city-a,ChIJiZM66x5PXj4RIbSt7qEUTzI
khalifa-city-a,ChIJL3H83LJPXj4RKlSye3d8n04
khalifa-city-a,ChIJp_cpJsFPXj4RIWhXvPqu7X0
khalifa-city-a,ChIJAUJXWQBPXj4RFsvzWMRVP5w
khalifa-city-a,ChIJ4yH5BgBPXj4Rq8jB2riSSG0
khalifa-city-a,ChIJPeHUOZ9PXj4RP72F07qBF7g
khalifa-city-a,ChIJD4c_XalPXj4RdqRn4Ir54qU
khalifa-city-a,ChIJA3XvaTVJXj4R4gSJlIkcAPA
khalifa-city-a,ChIJ3Tz_hthPXj4Ry_IfDWiVNDg
khalifa-city-a,ChIJ9UmGSABPXj4REU0bkml0VRU
khalifa-city-a,ChIJkcOkHe1LXj4RoGvVx_GBerI
khalifa-city-a,ChIJ8U8s0m1LXj4Ro5PzKtDofJA
khalifa-city-a,ChIJi8b_JRRLXj4RpcuKoAG2qjQ
khalifa-city-a,ChIJp-oXb_NLXj4RBDc3QGLm-uE
khalifa-city-a,ChIJ25NhJwBLXj4RR7-_dUZ3l7k
khalifa-city-a,ChIJURfcOI9FXj4RQMm5phqBgY8
khalifa-city-a,ChIJ4UkIgGJFXj4Rqq_4olKf64c
khalifa-city-a,ChIJFZhIAO5DXj4RzlYwDOcq5NA
khalifa-city-a,ChIJX56uiH1FXj4R0q65jZPBHjU
khalifa-city-a,ChIJAdgYhN5PXj4RaWe6WoDcrrc
khalifa-city-a,ChIJsXh-qCRFXj4RPD1S74hayKA
khalifa-city-a,ChIJNe0TlU1PXj4Refjm7kiQahI
khalifa-city-a,ChIJnbUMv8FFXj4RNd5I0EaxNd0
khalifa-city-a,ChIJldsuf4dPXj4RP-dmBlvAypc
khalifa-city-a,ChIJiRA2fSNFXj4RMWrYFpOYLvQ
khalifa-city-a,ChIJUa8OzOlFXj4Rwz13Z_Ot4xk
khalifa-city-a,ChIJHxjtWBlFXj4RDcKTU8utwso
khalifa-city-a,ChIJo0AcVmRFXj4RX_BMC8Yz8Rc
khalifa-city-a,ChIJeQR6m39FXj4R_lb3bZ30fCg
khalifa-city-a,ChIJ3-uGn0Iz26cR1MLoPgqPDNw
khalifa-city-a,ChIJB0itbYNFXj4RSJ3-1CYpOfo
khalifa-city-a,ChIJs8VLrXFFXj4RAgma1lPZzZw
khalifa-city-a,ChIJ8ZtA3AhPXj4R9bv4hORDLjI
khalifa-city-a,ChIJw8rScR1FXj4RqBQrVfnEKSg
khalifa-city-a,ChIJ356381xFXj4RleluuqcjXKw
khalifa-city-a,ChIJzytGPQBFXj4ROm4eylf7Kho
khalifa-city-a,ChIJO454ZwBPXj4RZFsKq4kIvPw
khalifa-city-a,ChIJW3C9ewBPXj4REgscJwT0eTs
khalifa-city-a,ChIJzQ8rNUhOXj4RGlCfY1LYDIc
khalifa-city-a,ChIJc2TrBABPXj4RuGMwJyG_aN4
khalifa-city-a,ChIJWUO80Z9PXj4ReoD9XBjFuPM
khalifa-city-a,ChIJJZQinK9PXj4R8pDiVbY5L1w
khalifa-city-a,ChIJfxUbmz5OXj4Rh_bZxj75WL4
khalifa-city-a,ChIJfySZEadpXj4RQFGCOlwRwOg
khalifa-city-a,ChIJp323AgBPXj4RrofDoXgnPcg
khalifa-city-a,ChIJD4CyS3NOXj4RscRpJQ6SRmc
khalifa-city-a,ChIJd4DLeFpPXj4RfCwYjK8HG7o
khalifa-city-a,ChIJCZNgIwBPXj4RBXDQ6gQyJZc
khalifa-city-a,ChIJ_QS6FTNPXj4Rh1Dtow6vH_Y
khalifa-city-a,ChIJ5YtLV7hPXj4R30frPezuOe8
khalifa-city-a,ChIJUcq4CQBPXj4RrP8bmXN55UI
khalifa-city-a,ChIJa-JXp4dRXj4RwYg3Nwqibmo
khalifa-city-a,ChIJbSN1CLFPXj4Rl9x9Aro5dag
khalifa-city-a,ChIJhTfJMztRXj4RxFVl3wqJQak
khalifa-city-a,ChIJh9wAonFPXj4R6P2_rlevv90
khalifa-city-a,ChIJRcFIcQBPXj4R_ffjuPKPC3w
khalifa-city-a,ChIJ6xBtUQBPXj4RBIivJTZdPiE
khalifa-city-a,ChIJFbcipNZPXj4RDzs7kJAKif8
khalifa-city-a,ChIJm4-13dJPXj4RGhVhaDMey88
khalifa-city-a,ChIJtcOjwlZPXj4RzHRLm0qD3cg
khalifa-city-a,ChIJAQMQu4BPXj4RgzlYD-d7xlE
khalifa-city-a,ChIJPaBozw5OXj4RFHmj9O7KVNQ
khalifa-city-a,ChIJUayCUE5PXj4Rg1xfk-miDhw
khalifa-city-a,ChIJ0buKpw5OXj4R8Q_RMWwMbHU
khalifa-city-a,ChIJr3cA2epPXj4RcS6qJB4IjtA
khalifa-city-a,ChIJf3cbfzdPXj4RMbH1w9jcBl8
khalifa-city-a,ChIJ80o6kQxOXj4R3GhiXR5zl-E
khalifa-city-a,ChIJc7DZPwlnXj4RDLTM5fIWTaY
khalifa-city-a,ChIJ-WMhQYxPXj4RV48sW_jXqOo
khalifa-city-a,ChIJqRwwWXtPXj4RIFw8lRVEroE
khalifa-city-a,ChIJq55P8zdPXj4RgpexpFVFk9Q
khalifa-city-a,ChIJFbhrTABPXj4RGr41seI0ToA
khalifa-city-a,ChIJMV0z8chPXj4R3Ks5UvWdfLM
khalifa-city-a,ChIJ05JPFVNPXj4Rs8Z2F_7JQ6E
khalifa-city-a,ChIJO5rnYmBRXj4R1pXDgiZmjbw
khalifa-city-a,ChIJA_bkfvdRXj4RIn9092gR8BA
khalifa-city-a,ChIJt5VoqPdRXj4R15pqzNESzv8
khalifa-city-a,ChIJibicqPdRXj4R8213z11_N4Y
khalifa-city-a,ChIJ1zUsWro4Xj4RPiP1sG2UhqM
khalifa-city-a,ChIJGZx6RABRXj4RKcPXqTWlMuo
khalifa-city-a,ChIJBcezDOBRXj4ReyZ1UMIFj00
khalifa-city-a,ChIJab-JA4RRXj4RbxVemc2x5kk
khalifa-city-a,ChIJCfv3ErtRXj4RCJFiBgEm7ag
khalifa-city-a,ChIJ6a7GXQBRXj4RY6VaPDEnhe8
khalifa-city-a,ChIJPz1dPzVRXj4RKKiV5j-5NB4
khalifa-city-a,ChIJ3ziKcCpTXj4RwqXtq8cgUOg
khalifa-city-a,ChIJN3D6p8dPXj4R3yBQqwyBw3M
khalifa-city-a,ChIJMRP7IAFPXj4RSz1qPAw9NhI
khalifa-city-a,ChIJ0eiMDgBPXj4RbtWaL1szmjY
khalifa-city-a,ChIJ_3PpKfdFXj4RMHet52RdlMM
khalifa-city-a,ChIJF3S7gY5PXj4Rj-9MkNrGVCc
khalifa-city-a,ChIJE9GxX6BHXj4RGlt2IQolkFo
khalifa-city-a,ChIJrzaR6p5PXj4RhUr3DeYN2qM
khalifa-city-a,ChIJUQwY39BPXj4RsxvhH-xf4yg
khalifa-city-a,ChIJX0fF9NNFXj4RnoPe9u8IN-0
khalifa-city-a,ChIJKepBesZHXj4RaBj3rjbxowg
khalifa-city-a,ChIJP2wFAmlFXj4RyTAG9SZLuOo
khalifa-city-a,ChIJyzQrxX9BXj4R3dgagdsPj3c
khalifa-city-a,ChIJJa-aG9pHXj4RITVTPeiexls
khalifa-city-a,ChIJ4wFe7_lHXj4RtfXZggHE9rQ
khalifa-city-a,ChIJG4PiHHpHXj4Rgotz8EAEtKw
khalifa-city-a,ChIJJ-JnA39CXj4R29ei0wLjmCw
khalifa-city-a,ChIJzZVKEF5GXj4RN9lxYZQXab4
khalifa-city-a,ChIJoZVnEQBHXj4RhoneBiTbNw4
khalifa-city-a,ChIJkT7LnDdoXj4RYAutdxTjQN4
khalifa-city-a,ChIJYfh3OItpXj4Rt3V__N7ZRco
khalifa-city-a,ChIJSZPJAhFpXj4RnXb7lxKNILI
khalifa-city-a,ChIJee0fKLBHXj4R3ULumaNyt_E
khalifa-city-a,ChIJo4M7ff5HXj4RozyClVf8rfk
khalifa-city-a,ChIJXegBnsJLXj4RbvwJRXPu_8o
khalifa-city-a,ChIJycN1AhxFXj4RscBwotobRns
khalifa-city-a,ChIJqZDQZdFBXj4RVgknuVN2Yt4
khalifa-city-a,ChIJP402dFdpXj4RYdkRQwX62T4
khalifa-city-a,ChIJt4ngRthFXj4R7qe029dMUJU
ministries-complex,ChIJC5OFi0BHXj4RAuJqyhWbkJY
ministries-complex,ChIJ1acVeH1HXj4RSli59C2hk2k
ministries-complex,ChIJDfakpIJHXj4R3WYRCyOrI74
ministries-complex,ChIJXy21KDxHXj4RIdV7o7AKBeU
ministries-complex,ChIJJY0cP_ZHXj4Rezb6C_enoRc
ministries-complex,ChIJhXJdydZHXj4RqFWkuoidlqA
ministries-complex,ChIJ7dsioyZBXj4RzIkYAl0M0OY
ministries-complex,ChIJUWAtgZZBXj4RXG5RVhUuGYA
ministries-complex,ChIJA3AAmCVHXj4Rd8NywioXdIc
ministries-complex,ChIJmZTGYwZHXj4RUVITzCRY67A
ministries-complex,ChIJ3_iyPrQ5Xj4RH9UwIvrtDss
ministries-complex,ChIJ283PSsBBXj4REO-rAvURQTo
ministries-complex,ChIJE__JMcNBXj4REcdk-ayGa_4
ministries-complex,ChIJl7_SMwBBXj4RPp45Y4qDIwc
ministries-complex,ChIJcTxuQwBBXj4RPzFEJ4VnIT8
ministries-complex,ChIJc22EmKppXj4REIpupbbjOuk
ministries-complex,ChIJjw-oAIZBXj4RYs_ZF8S82Wc
ministries-complex,ChIJ_7VnoLNBXj4RAjn-nwWg6Ek
ministries-complex,ChIJ73UPkVxBXj4RYyfjOtI6t_8
ministries-complex,ChIJUwh_7hJBXj4RT9ne8taJJjY
ministries-complex,ChIJxQJEAwBBXj4RyV2rj8yoNWQ
ministries-complex,ChIJOXCASgBBXj4ReiTJQeiDRD8
ministries-complex,ChIJH70e0D5BXj4RTlmr6g49yAg
ministries-complex,ChIJgXLLwwB-hWgReooggOGQAOo
ministries-complex,ChIJzyPbvrtHXj4R6KGLA8AAb2Q
ministries-complex,ChIJR8LWo1tGXj4Rx0MLzz2712E
ministries-complex,ChIJgwQaObtoXj4RnWr9rQqAL9g
ministries-complex,ChIJWZqMfGPLXz4RzawoztEqiN8
ministries-complex,ChIJe4z7kLFpXj4R8ChzMToftoQ
ministries-complex,ChIJZXlAm1JoXj4R6LavbbVS52Y
ministries-complex,ChIJqfxHJwBpXj4R2mW273YWwbw
ministries-complex,ChIJF8NlR7NpXj4R3R1apjTHXqw
ministries-complex,ChIJ8Wb6FwBpXj4RPNJTS1cWs0Q
ministries-complex,ChIJE__TXa5pXj4RJQijrVSdBso
ministries-complex,ChIJsaqal7RpXj4RXyel5unpRvk
ministries-complex,ChIJJY0w0PdpXj4RnI5Xq36sUF0
ministries-complex,ChIJP1lYpkRnXj4R_-fm4K6DmlA
ministries-complex,ChIJWwW__3pDXj4ROuUJUpFFRic
ministries-complex,ChIJzb2iNlJDXj4RCp00sbC5K2E
ministries-complex,ChIJXSza7bBDXj4RlUamaUqdoJE
ministries-complex,ChIJxem_UQBpXj4Rj-UHmV5l3Bc
ministries-complex,ChIJBY9muG5DXj4RV-rTK3YN8mc
ministries-complex,ChIJidma655DXj4Rd7GNaJdYJPg
ministries-complex,ChIJjeOuPQBDXj4RymqmgVCSoZc
ministries-complex,ChIJPX91JwBDXj4RajZtPQQGYWA
ministries-complex,ChIJD1_g9DpCXj4RWJAagGvwxYA
ministries-complex,ChIJ98d6OJ1oXj4RGQ8-o1qspv4
ministries-complex,ChIJFbzk5RNDXj4R3vo4JY7we1U
ministries-complex,ChIJx5hdNjFDXj4RaCf8w3PXD_w
ministries-complex,ChIJb1XY6HBDXj4R8gnYqL6bYpU
ministries-complex,ChIJV_2SfgBDXj4RkemcafiSsFQ
ministries-complex,ChIJBUAM_NhDXj4RRkVDWdeQrAQ
ministries-complex,ChIJEeqr-cqrX0ERM21WrfvrUVQ
ministries-complex,ChIJqyjJBwBDXj4R7RcDQqw3YVI
ministries-complex,ChIJ6bHnLSfOJGoRUlthxqok0gc
ministries-complex,ChIJs3UEXetDXj4RHt1DEeZYyhY
ministries-complex,ChIJcb1OvglBXj4Rpj4qKbJJoW0
ministries-complex,ChIJIcgTO9ZDXj4RbWXJ_yrpjuM
ministries-complex,ChIJ1Rym03lDXj4Ry8HrwL3DgZQ
ministries-complex,ChIJ7aBvpbBBXj4Rrz5YkTw3PKA
ministries-complex,ChIJ8Uq1R1lBXj4Rb-6WJo3wDE4
ministries-complex,ChIJ7YcGHXJBXj4R2XGB_gU-fdU
ministries-complex,ChIJ2bVES9BDXj4R1GQbwTs4s7U
ministries-complex,ChIJ60POGgBBXj4RZm8XLPPzC3U
ministries-complex,ChIJfxeqQk5BXj4RA0PquO-4oMk
ministries-complex,ChIJ6x3D_plBXj4R-qot1dS-WBE
ministries-complex,ChIJNaSYXthDXj4RprtgcxKvnds
ministries-complex,ChIJnexvv2BBXj4RGZ-nIdMn_Y8
ministries-complex,ChIJ7yIxJNpDXj4R2GCbL6B0_nw
ministries-complex,ChIJFRhBdlJBXj4RwYy2RLGionw
ministries-complex,ChIJzeXPk_JBXj4R3ruXrllceTM
ministries-complex,ChIJHeslLLBHXj4R2k220ct8BWA
ministries-complex,ChIJbUqn6dRBXj4R42NJ8vyTdW4
ministries-complex,ChIJJw6KqQlBXj4R8b-g8H7A294
ministries-complex,ChIJHVEMxaRGXj4R85sXAIZsZxA
ministries-complex,ChIJJT5ZErJGXj4R7VeU-kgIwzI
ministries-complex,ChIJV4F6t4VHXj4RFM9DyQdTykQ
ministries-complex,ChIJbzaVH0xFXj4R4sopMv_a0Ts
ministries-complex,ChIJgVU2UABFXj4RrnJ9POOqlsM
ministries-complex,ChIJS_qRzU5HXj4RdDHREb3iqr0
ministries-complex,ChIJcflCD3lHXj4RT3mzoBbL5Xs
ministries-complex,ChIJu-zyqTFHXj4Rfn0ltDhuQLY
ministries-complex,ChIJI1MU0phHXj4R9Cwmi8huUZY
ministries-complex,ChIJBSTDRftHXj4RrjwQvtjVgVY
ministries-complex,ChIJOXqcoflHXj4Rw9lYL-ImdG0
ministries-complex,ChIJq4yo9plGXj4Rwg8iScd-r9I
ministries-complex,ChIJq_2Ft5NGXj4RBu1gRSV_VPU
ministries-complex,ChIJA3hjb-NHXj4ROuB2SgejwCc
ministries-complex,ChIJC5E64aFHXj4Rv3VUWnT-q6E
ministries-complex,ChIJDQ4dJJFGXj4RvEL8WJHJhKo
ministries-complex,ChIJraRWc2ZGXj4RHZzmHNkAoVI
ministries-complex,ChIJV8chu3ZFXj4R8k3bfpbP4yQ
ministries-complex,ChIJMSB4C35HXj4RZaFWsB2HzPA
ministries-complex,ChIJkWCcYQBHXj4R4DwKrMJEBbc
ministries-complex,ChIJNcEbcyNpXj4RN7bElDhvr2U
ministries-complex,ChIJ-YhJtkppXj4Rabaoqq1SQSw
ministries-complex,ChIJhVWfudppXj4RW1NJDUldjnk
ministries-complex,ChIJcUCfJsdpXj4Rr4YKloDlJPw
ministries-complex,ChIJ0TaixelpXj4RNujWv0mWuVk
ministries-complex,ChIJfTM1sL1pXj4RMz_zxOsTuyM
ministries-complex,ChIJ_XHbJhZmXj4RZEoLST18fRY
ministries-complex,ChIJyVN5GCdHXj4ReNVO3YUVu1I
ministries-complex,ChIJJ6Rmi0NpXj4RirmSVXHGwrE
ministries-complex,ChIJ_X5_sYloXj4R7yEMS_c4eKE
ministries-complex,ChIJ6ceRi2pnXj4RO9pOhI7icjE
ministries-complex,ChIJ43Hi13lpXj4RzzYf8mWbs3A
ministries-complex,ChIJT7KcLitpXj4Rh5bcE_YzEJE
ministries-complex,ChIJ3X_JNv1pXj4RqPI030unqzE
ministries-complex,ChIJDccChn1pXj4RChtxa2C6YOk
ministries-complex,ChIJRccC8h1pXj4R6bmL4SEfoA0
ministries-complex,ChIJIQC5B3dpXj4RuLjtnsl-iQg
ministries-complex,ChIJA8LhDvNpXj4R8vv9oOyrJDw
ministries-complex,ChIJtaypk6VHXj4Rno3wZUgkHEU
ministries-complex,ChIJ5Q2p8hxpXj4RW1aP3BZOk1o
ministries-complex,ChIJ6WvjJUxpXj4RBrEpujZgm_0
ministries-complex,ChIJASsJwpdpXj4RK-rxI9CDims
ministries-complex,ChIJLbmsUNVpXj4Rimbd3z_7Zkc
ministries-complex,ChIJXXEoRatpXj4RAwuSFz46vVo
ministries-complex,ChIJ8bfdgZ5pXj4Rufma7EEL_sc
ministries-complex,ChIJBREr7oNDXj4RfhQ5lRfJBPU
ministries-complex,ChIJwzatXQBpXj4RvqKh4Y4GzcQ
ministries-complex,ChIJ4RPvP8hpXj4RZyJsF1mf7zA
ministries-complex,ChIJY59gK9VpXj4ROCwYdCtZdb0
ministries-complex,ChIJI8v8dWppXj4RWPqjOl9OoXE
ministries-complex,ChIJ3SEIKAtDXj4R-KbBxJRio3I
ministries-complex,ChIJ1RNCXzRDXj4RkbuAKXOwcGA
ministries-complex,ChIJD78jm21DXj4RFJaaFlEWA9U
ministries-complex,ChIJt8i1c6JDXj4RZT68OZOeZA8
ministries-complex,ChIJJThiRQBDXj4ReHyHBI8ug-c
ministries-complex,ChIJn6Y25n5CXj4RNiqHwAV0tvE
ministries-complex,ChIJ_em4aABDXj4RJvIkDFBUzlU
ministries-complex,ChIJsZcdI0VCXj4RcqqbomF0j6w
ministries-complex,ChIJy0gbkiRDXj4RsKUFEhYvICw
ministries-complex,ChIJi3I6PmpFXj4RvnqAlf-Zj14
ministries-complex,ChIJObWU69VFXj4RHe9sihg8jm0
ministries-complex,ChIJP1niJQBHXj4RF3V73XOmjaQ
ministries-complex,ChIJjVmxV54IyG8Rb6vQGYUtChQ
ministries-complex,ChIJK756BwBFXj4RNGsyZqGUr0o
ministries-complex,ChIJBa4fnRRFXj4RPhetV5A5vHI
ministries-complex,ChIJJb5APb1FXj4RU9aUzn6zONo
ministries-complex,ChIJDauAueVFXj4R3Xmnuq3eL3M
ministries-complex,ChIJ2cRwm0lynCgR06QvoTEAUV0
ministries-complex,ChIJcTgqyBZHXj4Rf5B1BB4WmsQ
ministries-complex,ChIJdzZoddFFXj4RJUxCBRKNlz8
ministries-complex,ChIJCcq3fX1GXj4RHBRRQQMXNlE
ministries-complex,ChIJew69Lv1FXj4RjK59U-COz1k
ministries-complex,ChIJH26D38ZFXj4RrPiy947PD0w
ministries-complex,ChIJ32dV6-JFXj4RirMzddSWiYA
ministries-complex,ChIJieGTC7ZPXj4RX_8hfMRV2HY
ministries-complex,ChIJV8rMtqhHXj4R1k1OzNyPle4
ministries-complex,ChIJwReRVwZPXj4RpK7PtgYsZSw
ministries-complex,ChIJVdq-wf5HXj4RAyEN29J_D4Q
ministries-complex,ChIJoV3tjb5FXj4RPTMhunNNho0
ministries-complex,ChIJcRE_l2NmXj4Rs7yNgCkivuE
ministries-complex,ChIJCRc4ebdFXj4RDqx1r4bzbto
ministries-complex,ChIJx_35IbpFXj4RiBbhXLiaAmA
ministries-complex,ChIJg9vaPitJXj4RteR_PONRSLE
ministries-complex,ChIJaxDupR1JXj4RxkHSywjtQnU
ministries-complex,ChIJu1fiwWpJXj4RVNRMH1pYlyA
ministries-complex,ChIJEQ2uFQBJXj4R8QG8_u2Tfu8
ministries-complex,ChIJp3xbSABJXj4RArqZJvxrev0
ministries-complex,ChIJkzlGXCZmXj4Rv0Ng_vrsMsI
ministries-complex,ChIJl5huYkBpXj4RX9faSAjd-iA
ministries-complex,ChIJB5DRKyZmXj4RDRhF9YlGekM
ministries-complex,ChIJyRCxvUBnXj4R5PTdoN5UFTQ
ministries-complex,ChIJxw_jYCBmXj4R4W15MAFN0z8
ministries-complex,ChIJx1BuZIdpXj4RYy4-cDCDdS0
ministries-complex,ChIJMTJk1YBpXj4Rr8PtSnvwj5M
ministries-complex,ChIJ3dyLL_hpXj4RY54HfB5SeGk
ministries-complex,ChIJ_Vu7UilmXj4R0AsGTzHwkaU
ministries-complex,ChIJxRNBcplpXj4RX-TbGt12084
ministries-complex,ChIJo1n-M0JnXj4R7PLlSnGxI_Y
ministries-complex,ChIJb6QgHwBnXj4Ry47XhnrMDQY
ministries-complex,ChIJ44q9goBDXj4Rw1_ZJL2LHcE
ministries-complex,ChIJnbuwwDZGXj4R2MuK02ZL3RQ
ministries-complex,ChIJ_1-JP91nXj4RrBOgLJu35F4
ministries-complex,ChIJPyQ_-xVpXj4RkJ-p2SBjK8w
ministries-complex,ChIJuYirVjFnXj4RhJ2QvewLb9Y
ministries-complex,ChIJ8_vGInVnXj4Rj-RC-PH75Q8
ministries-complex,ChIJFyiZ0CNpXj4RyziQ0BZlrFQ
ministries-complex,ChIJX28z48ZnXj4RrrTv2jMdt1s
ministries-complex,ChIJZ3VuZhBnXj4RyjUlmklyTsI
ministries-complex,ChIJs0OGRxhmXj4RyqF8O7pRgMs
ministries-complex,ChIJWXHpIZdnXj4RMfPQcuP8kS4
ministries-complex,ChIJl_nk5cNnXj4RwjYoWDZgh6g
ministries-complex,ChIJVZe88pNpXj4RT9AwJCaXtvA
ministries-complex,ChIJ8z35MOhnXj4RBz5wq89B23E
ministries-complex,ChIJFRtjJr5nXj4RH8E6eCIm0NM
ministries-complex,ChIJycSvtZxCXj4R-RJF502OC-k
ministries-complex,ChIJQS7TRp1CXj4R7kO__gEfjH4
ministries-complex,ChIJ6-A3RTtnXj4RqdgqRg4jvXw
ministries-complex,ChIJZUhSv6tFXj4R7ZpJFnYGOTw
ministries-complex,ChIJTVNlNwBFXj4R54kFMo_W4Fg
ministries-complex,ChIJY6BbY3ZPXj4RrUQtPfRTC6M
ministries-complex,ChIJiZM66x5PXj4RIbSt7qEUTzI
ministries-complex,ChIJL3H83LJPXj4RKlSye3d8n04
ministries-complex,ChIJp_cpJsFPXj4RIWhXvPqu7X0
ministries-complex,ChIJD4c_XalPXj4RdqRn4Ir54qU
ministries-complex,ChIJW1ZZSkNmXj4ROlTwRMqMJUc
ministries-complex,ChIJHYAIMgBnXj4RLEfhkv4gRHg
ministries-complex,ChIJB2qvUzlnXj4Ru2ErXtcNvvk
ministries-complex,ChIJZRR1sEBmXj4RXNuJ5Ox0s2Q
ministries-complex,ChIJ09YGNc5nXj4RwhYG0cOt4EA
ministries-complex,ChIJ9aiQWhRVsk8R7Wc-AZs4BkU
ministries-complex,ChIJk8hQALtnXj4R0sneJuNBZPc
ministries-complex,ChIJVbstSFBmXj4R449I_E3vMkY
ministries-complex,ChIJkUYZJK5nXj4RiJ9Ku8bXwdM
ministries-complex,ChIJASsD9DJmXj4ROzoEGOtYpgA
ministries-complex,ChIJE954bXBnXj4R0i-p2WyA0dk
ministries-complex,ChIJWbEXrURmXj4RqTlvNIxNwMg
ministries-complex,ChIJIYAxKfpnXj4RttR5NvR6D0Q
ministries-complex,ChIJV-MZgqZnXj4RqyrxMfMdd98
ministries-complex,ChIJNS4mnhZnXj4ROmaMfmpRpog
ministries-complex,ChIJmY8cvnHui2sRb7FTWZ29zT8
ministries-complex,ChIJcdzVQ0lmXj4R8LF1iNswxUY
ministries-complex,ChIJG9QuzEBmXj4RFF3cHMHXnFE
ministries-complex,ChIJicmWN_5nXj4RlcNpSiVRe_k
ministries-complex,ChIJGQcdzZNnXj4REEerUGl7wDg
ministries-complex,ChIJ_d7LWzNnXj4RGDMh0Ss42H8
ministries-complex,ChIJjxX0knlnXj4R44jguI9QG6w
ministries-complex,ChIJ5wt_y71nXj4Rf9V6KjoRaDQ
ministries-complex,ChIJTzbECidnXj4RapPAqym1g6g
ministries-complex,ChIJA0HSlpxnXj4RfrJqY3XlIYQ
ministries-complex,ChIJjf-Dz21nXj4RW69cUeFr59U
ministries-complex,ChIJYwNX56JnXj4RdqtWGzb13JA
ministries-complex,ChIJ_S01UQVnXj4Rp9gKj2D00ws
ministries-complex,ChIJcRgS2eFnXj4RhCRJ8MKJkXM
ministries-complex,ChIJ-VDAk51nXj4Rgep2KOSVTB4
ministries-complex,ChIJ5R5zm15mXj4RRrTpMfjvLO4
ministries-complex,ChIJ5ygF_l1mXj4R3TyhG8g5Ytg
ministries-complex,ChIJMXrb-ltmXj4R1SYL2CWAIsE
ministries-complex,ChIJ-d9iPl9mXj4RmAkeDYJ5VyY
ministries-complex,ChIJ1VAD2FBnXj4RpmMke4lL7oU
ministries-complex,ChIJG3eVAWFmXj4RX_EiWIICdkc
ministries-complex,ChIJF3S7gY5PXj4Rj-9MkNrGVCc
ministries-complex,ChIJke2vFUgPQ44RFn9Fo_Dwp0o
ministries-complex,ChIJedHeCPBnXj4RxLG6Hrun3XA
ministries-complex,ChIJs3vVRWJpXj4RWFSLjKWVMig
ministries-complex,ChIJf5ksS1pnXj4R8nGiK6EIavw
ministries-complex,ChIJ857h14VoXj4R-MivhTIp0zA
ministries-complex,ChIJq0b4j1ppXj4RGyoDe94smso
ministries-complex,ChIJxdrDuv5nXj4RpY-5DF6euTc
ministries-complex,ChIJyTjTcmtnXj4RQimZyggX-0g
ministries-complex,ChIJ--LATKNnXj4RcjNbguWP7XQ
ministries-complex,ChIJ66GC8lBnXj4RWy2ZqpAMXPs
ministries-complex,ChIJBR1S6FBHXj4RlHjUu_rqzo0
ministries-complex,ChIJ039yYpBnXj4R-jriLFdsbhQ
ministries-complex,ChIJY0o69snGMosRON-icriog-w
ministries-complex,ChIJseoQLkpnXj4R0ttDnknkwFs
ministries-complex,ChIJB65Z-txnXj4R1tA3xNsPhuU
ministries-complex,ChIJlwoJZqtnXj4RWTk4Uc8irM0
ministries-complex,ChIJKepBesZHXj4RaBj3rjbxowg
ministries-complex,ChIJb1nZFylnXj4RQ970d7ENh7E
ministries-complex,ChIJP2wFAmlFXj4RyTAG9SZLuOo
ministries-complex,ChIJ3en6cZ9nXj4RF2tAl2cNOhY
ministries-complex,ChIJVeWO8JBnXj4RFTW9auZALEQ
ministries-complex,ChIJa5lMYwBnXj4RMZ5IObcolEI
ministries-complex,ChIJD1sARgBnXj4RIsSKjimSOtU
ministries-complex,ChIJyzQrxX9BXj4R3dgagdsPj3c
ministries-complex,ChIJE0h1bvxnXj4RfgC7_mTG3Ac
ministries-complex,ChIJy3uB4qlnXj4RcO9_SwxyAfs
ministries-complex,ChIJQTdrojBmXj4Rb_9E07pJORU
ministries-complex,ChIJYfQcrDJnXj4Rql8gi5D3N8o
ministries-complex,ChIJE-5kYTxmXj4Rh-fgMnNBUmQ
ministries-complex,ChIJ-bSvTvJnXj4RJ44FIOPKvoc
ministries-complex,ChIJSdNDIwtnXj4RtgRQAVdqGsE
ministries-complex,ChIJ-yLmBEGo92oRIFpI1-xLi84
ministries-complex,ChIJXcohuMJnXj4RoWXg91Ni0Ds
ministries-complex,ChIJQ5y8-ihmXj4R2--Iu91VhF8
ministries-complex,ChIJJa-aG9pHXj4RITVTPeiexls
ministries-complex,ChIJoxxAhsJpXj4RcYTCJSBnW4E
ministries-complex,ChIJ_chcCE9mXj4Ri_BscHtsX9I
ministries-complex,ChIJu39Q-xztHQsRridqi4XMjY4
ministries-complex,ChIJTcrTWGGt7mQRXgEix_2_Uq4
ministries-complex,ChIJ_YyMCwBpXj4RdNchW4I14U4
ministries-complex,ChIJu7lVNFFnXj4Rh3ZfIeCW_l8
ministries-complex,ChIJucQxxsRnXj4R512MmgYJ4vQ
ministries-complex,ChIJAwEMi9xnXj4RT3boB_iocto
ministries-complex,ChIJVVVVeVlmXj4R6VS3CRGr4ok
ministries-complex,ChIJ60v63kRpXj4Rx-2z7cIGd1M
ministries-complex,ChIJ5xZgC51nXj4R9Q19GGhq79U
ministries-complex,ChIJISIA0epnXj4R3NPYSWTWMzc
ministries-complex,ChIJ8c1oDTpnXj4RhWg-OJ1Acwc
ministries-complex,ChIJX1RX4wo8YW0RWfZ4IhmQ910
ministries-complex,ChIJ4wFe7_lHXj4RtfXZggHE9rQ
ministries-complex,ChIJG4PiHHpHXj4Rgotz8EAEtKw
ministries-complex,ChIJX0IhBpZHXj4RiiNGNxkvges
ministries-complex,ChIJd8s9Zr2KF6wRfOLuJLQJUBc
ministries-complex,ChIJIcfhikBmXj4RDW08uEX-Z5g
ministries-complex,ChIJs33dBLxnXj4RMLCKrC_P_8o
ministries-complex,ChIJr0nXtj1nXj4RRRzISutiKk8
ministries-complex,ChIJ5waOJUFnXj4R9Qe9NGUCeys
ministries-complex,ChIJ9ePCDDJnXj4R2lE3kpQj14o
ministries-complex,ChIJCX-p3FZnXj4RxvSlMaCdcjA
ministries-complex,ChIJq7KQiVkiu44RFiNNjfq-8Qg
ministries-complex,ChIJC2xhY5osVYcREHYoqqDJMkg
ministries-complex,ChIJP_qupm5nXj4RbumVBqXp1xQ
ministries-complex,ChIJ9WInBWtnXj4RxEXM3Kxdfh0
ministries-complex,ChIJS3rYruNnXj4Rkzh6QikQ-7Y
ministries-complex,ChIJ2wDUJSZnXj4RDEaKjF9OrrY
ministries-complex,ChIJtXoBeyNmXj4RNAp0GFV7IWo
ministries-complex,ChIJS6zSkSBnXj4RqEs00Xw5zDs
ministries-complex,ChIJvS9WeYlnXj4RRfn1UzM5QRY
ministries-complex,ChIJaRZUqHZmXj4RpLJ7tHP_RFg
ministries-complex,ChIJpX_OJYJoXj4Rpjz8-daA5RA
ministries-complex,ChIJXUjWmR5nXj4R8waZHt49aJA
ministries-complex,ChIJHydx9CGS2CcRx5ActGmymJ8
ministries-complex,ChIJA0Zs2CJnXj4Rr0yMvlyjPqk
ministries-complex,ChIJK7tMZFpmXj4RXCtoBOrjFdE
ministries-complex,ChIJm0kTSBVmXj4RfDXhsMaQ3hA
ministries-complex,ChIJa_uR1otnXj4RcemH38_7OxM
ministries-complex,ChIJVfuOjmdmXj4Re4b0WfIcBEk
ministries-complex,ChIJDSIpTQxnXj4Ri2TOMbuDqYQ
ministries-complex,ChIJYzLadgpnXj4RLzJZVi1kNSQ
ministries-complex,ChIJ83bmZbVnXj4R0qRR4A-B13A
ministries-complex,ChIJSWDSRvhnXj4R4BtLYbxkGsE
ministries-complex,ChIJBdF1KLFnXj4RIoI6NE7VsH0
ministries-complex,ChIJCcn8d-VnXj4R9liKH-vNo7c
ministries-complex,ChIJJ-JnA39CXj4R29ei0wLjmCw
ministries-complex,ChIJzZVKEF5GXj4RN9lxYZQXab4
ministries-complex,ChIJi2dTOThnXj4RsR8brZ1nOy0
ministries-complex,ChIJoZVnEQBHXj4RhoneBiTbNw4
ministries-complex,ChIJJ4wSTrdpXj4R1L8vQ_7a69k
ministries-complex,ChIJkT7LnDdoXj4RYAutdxTjQN4
ministries-complex,ChIJYfh3OItpXj4Rt3V__N7ZRco
ministries-complex,ChIJSZPJAhFpXj4RnXb7lxKNILI
ministries-complex,ChIJo4M7ff5HXj4RozyClVf8rfk
ministries-complex,ChIJXegBnsJLXj4RbvwJRXPu_8o
ministries-complex,ChIJycN1AhxFXj4RscBwotobRns
ministries-complex,ChIJqVgBKaRpXj4RQq9wj7RRfN4
ministries-complex,ChIJqZDQZdFBXj4RVgknuVN2Yt4
ministries-complex,ChIJP402dFdpXj4RYdkRQwX62T4
ministries-complex,ChIJt4ngRthFXj4R7qe029dMUJU
mirdif-35,ChIJHZTtagBnXz4R-T_iYrv9Y-4
mirdif-35,ChIJ39L9PCBnXz4Ruj0HEMZVO9Y
mirdif-35,ChIJwRk_qm1DXz4RNPf8_w03wfU
mirdif-35,ChIJ3fEZOAxjXz4RIqY8t3dl6P8
mirdif-35,ChIJhw_xEt0qL4gR6Bishu08MI8
mirdif-35,ChIJ-4aAroJoyocRmi2d7LwBVcg
mirdif-35,ChIJ8Uc3ZS5hXz4RVamF1VJU_yA
mirdif-35,ChIJ2wrcY99hXz4REOoLVtiJjGQ
mirdif-35,ChIJmbrs0SNhXz4RjWt44UckSIw
mirdif-35,ChIJLbYRUTVhXz4RNhPFDAH3VdQ
mirdif-35,ChIJC_qVUOhjXz4RYVaBUlzbsok
mirdif-35,ChIJF7iiZgBjXz4R3N42R0BK600
mirdif-35,ChIJWyGpE3uJ9T4Rvke0DIm6mvU
mirdif-35,ChIJYQxpyvWJ9T4Rr1y_OU33YbY
mirdif-35,ChIJPb-wh7iJ9T4R1X7nwjvnu6Y
mirdif-35,ChIJWyGpE3uJ9T4RA7N8iSDaXMg
mirdif-35,ChIJt0PRI9VnXz4R6cLfcZ2CQqA
mirdif-35,ChIJ96MBJCJnXz4R3fmAVRU8dkc
mirdif-35,ChIJNVRR1jxnXz4RgUheGZafAng
mirdif-35,ChIJbZ9sKCJnXz4R5etfw8-hPrk
mirdif-35,ChIJaU06UbJnXz4RjymQpMEOrlI
mirdif-35,ChIJN9GXfiFnXz4RB1h1C-0HwyU
mirdif-35,ChIJCQ-j-rVnXz4RAc55X4uk7MQ
mirdif-35,ChIJZcp6qrNnXz4RgjHeyT2fs80
mirdif-35,ChIJj8F2ecRnXz4RwM7JfxJy_rY
mirdif-35,ChIJD7RMJyJnXz4R-2RiGsWUzhU
mirdif-35,ChIJieL6pPBnXz4RlHCXGysyqXM
mirdif-35,ChIJa6VH7T1nXz4RYkIkzdemfr8
mirdif-35,ChIJVZxgDwBnXz4R4UwUSaQtENs
mirdif-35,ChIJxbo1zKhtXz4RlJIfAV8ap3A
mirdif-35,ChIJxYEVxhZhXz4RiyCA3bE9lMY
mirdif-35,ChIJS7h9niphXz4Rj-MRTZZ5FhM
mirdif-35,ChIJ3RuWcyxnXz4RCLO-jnWZGz0
mirdif-35,ChIJIWnOw6xnXz4RUEkZG9Bb87M
mirdif-35,ChIJPbDoe05hXz4RP77AYns8EZM
mirdif-35,ChIJU90E1hVhXz4RKbhXBXGvb2w
mirdif-35,ChIJzyOoiNVnXz4R3-OlizbH3yE
mirdif-35,ChIJXxhsHtVgXz4RPqhOOKX78gI
mirdif-35,ChIJX8JEWtRgXz4R8lwfLlrHRww
mirdif-35,ChIJAYtbRnBhXz4R_1Hf8c6DSYQ
mirdif-35,ChIJWeMuTpJcXz4Rp0jl14Nu0n0
mirdif-35,ChIJ6aC-giphXz4RYJgEINdIGNk
mirdif-35,ChIJJygT_P1gXz4RggrF7atrAkg
mirdif-35,ChIJL_QEkTpcXz4R7As6m_Q-BoE
mirdif-35,ChIJ0UDwxztcXz4R_WI_BKhMQMo
mirdif-35,ChIJ7zNRkgFhXz4R-0gn-lWqmpg
mirdif-35,ChIJ8T1hzpZcXz4RN0Yw4opznAo
mirdif-35,ChIJaQ9wZeNhXz4RR0dWJH5iQnE
mirdif-35,ChIJHWsZFt5hXz4RpOwEA-S8SI0
mirdif-35,ChIJRRqnottgXz4RrzDx1wDnLig
mirdif-35,ChIJmRWH5F9hXz4RhGk4MRZLPUc
mirdif-35,ChIJI3TXQyJhXz4RYXUbQh-w0BU
mirdif-35,ChIJJUS1xjphXz4R7SfAMZyI8r4
mirdif-35,ChIJq6qqqiZhXz4Rr4q81wQyQq8
mirdif-35,ChIJqYLy1kRtXz4RnWuhFR4bkr0
mirdif-35,ChIJMXT5aJ2L9T4RcIWNTPBaagI
mirdif-35,ChIJg_bFekddXz4REnOm468lyLk
mirdif-35,ChIJYdknQNxdXz4R-qdL_1jzhgE
mirdif-35,ChIJHYCY2gBdXz4Rhmm3ZEuuzys
mirdif-35,ChIJwcT0JgBdXz4R-DwAh-82h-o
mirdif-35,ChIJX3KcVdddXz4R2cZ32MtzAkY
mirdif-35,ChIJfbr9uSBdXz4RpYKsKMbx1-Q
mirdif-35,ChIJgdmN5AldXz4RrUS80Bn7Itc
mirdif-35,ChIJl0RB9xD_tgsRegMj41YzE5Q
mirdif-35,ChIJ_9dvpTNdXz4RKngx7hesHp4
mirdif-35,ChIJK0bEWOldXz4Rk-HOBfGDFm8
mirdif-35,ChIJNcZgOsxdXz4RGKFABH5lZaQ
mirdif-35,ChIJ3djCs8VdXz4RIESwvoo65t4
mirdif-35,ChIJAQIraVFnXz4R8UyNKUHARJg
mirdif-35,ChIJ_____35nXz4Rqm1F4eeHBBw
mirdif-35,ChIJRyja_X5nXz4RF_HBCeYZ9Ko
mirdif-35,ChIJa-tOPy9nXz4RO-a7rmFRpek
mirdif-35,ChIJnWUXitBnXz4RpsQGJYttC-g
mirdif-35,ChIJe6Kzb3xdXz4RKzjTc4Q0VsA
mirdif-35,ChIJ7XTRCvxdXz4RvoYk1lrTwHw
mirdif-35,ChIJ54PE32NnXz4RggzfKf_eLyw
mirdif-35,ChIJ-6lvMLlnXz4RAWRCDUhTRy0
mirdif-35,ChIJUWD2BlxnXz4RADoI3-el_64
mirdif-35,ChIJaTqGt_NdXz4RJPCbJqOZF2E
mirdif-35,ChIJ50DICttnXz4Ra3KfHgO3HZU
mirdif-35,ChIJiV8912VnXz4R9S0cBE9nfrQ
mirdif-35,ChIJRx7AE-lnXz4RwqOU8-tGkUU
mirdif-35,ChIJFdgpCWRnXz4Rns1aRLL0NbA
mirdif-35,ChIJ990ttmNdXz4RNIfeNp9L4ok
mirdif-35,ChIJx_FHjb5dXz4RiYZKjAiLGnY
mirdif-35,ChIJd10kwPddXz4RqMNSzN-RMwE
mirdif-35,ChIJYZDSemlnXz4Ro8iX-HS7dRU
mirdif-35,ChIJ6czHN_pnXz4RcZVIDp-k3JA
mirdif-35,ChIJy67R6jtdXz4RTz5cT1JOL3A
mirdif-35,ChIJgy_72bZhXz4R2Ai3UayDt7c
mirdif-35,ChIJtcmijnhhXz4R6Mvnk0xrhr4
mirdif-35,ChIJ3WcHYKJgXz4R-qKbDTrZVog
mirdif-35,ChIJScplBrRgXz4RLPW3nEWNtuQ
mirdif-35,ChIJiylkaSdhXz4RE0nwVI4OR2Q
mirdif-35,ChIJA74ot6RgXz4RClsSDg2I2OE
mirdif-35,ChIJi3Oh9EhhXz4RrFHQy8FnM9w
mirdif-35,ChIJe-0wLMthXz4R0j9s_Y0a9FU
mirdif-35,ChIJRQHEp-tgXz4RjPFNhFYZlVc
mirdif-35,ChIJQQ2WSlxhXz4R9tsVXUmEjcM
mirdif-35,ChIJfWjzrZVhXz4R2gOQ46Ams9o
mirdif-35,ChIJMRLGEU1hXz4RPj3LAt32oCo
mirdif-35,ChIJq8ya9SdhXz4RQsK6_4hgzls
mirdif-35,ChIJQ3rnkVBhXz4RtgefhpUOauM
mirdif-35,ChIJ-0U6Z-dhXz4RXRJa0Mc3Hhc
mirdif-35,ChIJoxAi2QxhXz4RW8iaxk-7jo0
mirdif-35,ChIJOxA3apJgXz4RS1_ETpmpCzQ
mirdif-35,ChIJ15PLWpJgXz4R5U6x1jNpKmA
mirdif-35,ChIJIV5u57lhXz4RTiAAlQApPLA
mirdif-35,ChIJR9fyi3vROAMRFfcKvuznzWg
mirdif-35,ChIJbWKo8dthXz4Ryldl6yieAe4
mirdif-35,ChIJC-JsJAthXz4R_9QZZP2u5bg
mirdif-35,ChIJkZWwGlphXz4RSyv2Ojl-cWs
mirdif-35,ChIJBTAVWr1gXz4R2Rm3lu_LsZY
mirdif-35,ChIJK2Od559hXz4RbGXCEq7mPzw
mirdif-35,ChIJIx1uJwCL9T4Rparz3amzlaU
mirdif-35,ChIJt-lnnICL9T4R5OpyCNwdKBM
mirdif-35,ChIJVQh_dACL9T4RYg07-HwgtQ8
mirdif-35,ChIJobqykDRdXz4RFn4I97LEYKU
mirdif-35,ChIJUax1zSldXz4REsvSzLAKQq0
mirdif-35,ChIJ9fGtyhtdXz4R7QA59nTMK3s
mirdif-35,ChIJc0IZaw5dXz4RRGESwJ79GQo
mirdif-35,ChIJJSFzLBZdXz4RhhEaAriQEZ4
mirdif-35,ChIJJ-Z1J7FdXz4RaXvI0VPa0N8
mirdif-35,ChIJl7fLPNpnXz4R_zkMbuFuC3Y
mirdif-35,ChIJ18BykgldXz4RVtoNdClWLXQ
mirdif-35,ChIJJYbFgyBdXz4RCDzOz2PHTO4
mirdif-35,ChIJEbdYNWRdXz4R9r6q0ml0BV8
mirdif-35,ChIJf7NQ1xldXz4RXGh4KNFmrIo
mirdif-35,ChIJgQkiixBdXz4RnN3lfLQA_g4
mirdif-35,ChIJq6qqqjddXz4Rhrp-LIcaijk
mirdif-35,ChIJAfinfbVdXz4Rv2Xdo8HyP-M
mirdif-35,ChIJb4P-ikxqXz4RU5uH6EZ1neM
mirdif-35,ChIJa6RFMfZdXz4Rm9vEZ_bENLw
mirdif-35,ChIJUWJnWDBdXz4RIsmVjOuqFQM
mirdif-35,ChIJO0HYnY5dXz4RzE6uk-ihc_E
mirdif-35,ChIJnww0x_NdXz4R27oSQJ6hRig
mirdif-35,ChIJyfPItvNdXz4RqEoYtb40LwM
mirdif-35,ChIJv3Tju_NdXz4R8AwrSB2Op5o
mirdif-35,ChIJC2S2-MddXz4RPO6OJQFIeNE
mirdif-35,ChIJ8VFklKZdXz4RpWBVJ8NC4bc
mirdif-35,ChIJRZwdLpZdXz4RHHEUXyKEIfs
mirdif-35,ChIJCb4Nk6ZdXz4RSM9yg0NxgjE
mirdif-35,ChIJHRRLx59dXz4RIEeraUE_0C4
mirdif-35,ChIJ1RFJ6QddXz4RhG3ONUD8zNQ
mirdif-35,ChIJBTzrgYZDXz4R4k3BNQwPjhs
mirdif-35,ChIJaQ06FQ1nXz4R1PXstZ5Ez1I
mirdif-35,ChIJXZYxUuhDXz4Ryj9adQUkUic
mirdif-35,ChIJqxrlxd5dXz4Rczmmr0avRmw
mirdif-35,ChIJg3KJ-dtdXz4RWh5XMgAtnno
mirdif-35,ChIJp5bnwWFdXz4RjsoXr7dbUyQ
mirdif-35,ChIJiUHQkvddXz4RdY5qWkxKfL4
mirdif-35,ChIJ4dmgO-9hXz4Rs5WytTfD5r4
mirdif-35,ChIJSW1zuyBhXz4RqFo3pM3UzRw
mirdif-35,ChIJ13X3hjxhXz4RmyOc4SN8FVc
mirdif-35,ChIJT4n6R0phXz4RPwat6Axi93g
mirdif-35,ChIJE1CVe7ZhXz4RPi3-mmioJNc
mirdif-35,ChIJyxgqYEBhXz4RAZNvYw_LX3E
mirdif-35,ChIJjQm_aR5eXz4RBuSMIYXLnQE
mirdif-35,ChIJcSTLPuBhXz4RdV6E3PdOMGA
mirdif-35,ChIJNaFSzPJhXz4ReVV0OP6vyd0
mirdif-35,ChIJ8Yc6IgBhXz4Rdx4fS5Ow0SQ
mirdif-35,ChIJa0rqaZJgXz4Re1XxxSHj5Ms
mirdif-35,ChIJkWpwh_BhXz4R4dJNEDAXwmU
mirdif-35,ChIJXf3q1wRqXz4RSrgwabJZY7Y
mirdif-35,ChIJUX2qSwBhXz4RptuSK0u82tI
mirdif-35,ChIJYch0DJpgXz4RNOdsjPZt4I8
mirdif-35,ChIJlwYu_B1hXz4RZTOwsrvsdO0
mirdif-35,ChIJ1WFkRoJfXz4RhRGLtbve9hM
mirdif-35,ChIJa1olWx9hXz4Rez4OqrBJ3ZE
mirdif-35,ChIJGe2UN9FfXz4R2KOaY8GQ-6w
mirdif-35,ChIJPUgcS-NhXz4RMdpvyJgsz80
mirdif-35,ChIJVZa8oM1fXz4RleKF7gZelj4
mirdif-35,ChIJYf7krX9gXz4RGvBGpDymdfI
mirdif-35,ChIJPWi4MdJhXz4Rn165efHK74E
mirdif-35,ChIJJeVLTB9hXz4RH-4bfiFsE3U
mirdif-35,ChIJOeV_SABhXz4RCf-BqDcwoOM
mirdif-35,ChIJ5-zAICZhXz4RJ2hQ1mdyWJM
mirdif-35,ChIJX9rSfAhgXz4REP2-OpVO6sI
mirdif-35,ChIJUTLJmUBhXz4ReE1-QwVa5zQ
mirdif-35,ChIJu2wbdABhXz4R703fn6o__tE
mirdif-35,ChIJqSi8VgBhXz4RRSNr9lEqRRE
mirdif-35,ChIJKVJksb6L9T4Rj8-UUEITQYY
mirdif-35,ChIJq4mrwTaL9T4R_fHgr6kgEKE
mirdif-35,ChIJRVFcEICL9T4R4YDx1KhzjDU
mirdif-35,ChIJpUt9g0FdXz4RyuGJqPnJ3pc
mirdif-35,ChIJv9tXBYddXz4R_wce6BkpdWY
mirdif-35,ChIJoZabF25dXz4R4nH6kE69fG8
mirdif-35,ChIJBb2DkUxdXz4Re1MH93ktLeg
mirdif-35,ChIJ-SAM485cXz4RfEM1CojmEks
mirdif-35,ChIJ0-eEY7VdXz4R2MwIjjEkDTA
mirdif-35,ChIJ10YA6zRdXz4RYFVmTR_FCkc
mirdif-35,ChIJyaBr37ZdXz4RogkYWeRtKvA
mirdif-35,ChIJ8ctH3RNdXz4Rxs6StJZWoGo
mirdif-35,ChIJhVVL3PJcXz4REhRyMbtoOoQ
mirdif-35,ChIJBxuV5E1DXz4R_xJU139vabY
mirdif-35,ChIJT5rpzwdrXz4RWNnWqoExxoU
mirdif-35,ChIJiencRA9dXz4Rj9VKMog1XHE
mirdif-35,ChIJ0xf8VY1cXz4R3q7MDV_wqZI
mirdif-35,ChIJhflyUqlDXz4RqZE4OJXyWT0
mirdif-35,ChIJ_d1QA5ZdXz4RaOJErnOSNEs
mirdif-35,ChIJJw0fUqpdXz4Rp5zGUOHHvO4
mirdif-35,ChIJjW3qyTdcXz4ReawLpDKzfZQ
mirdif-35,ChIJHczgbTdcXz4RtMBSE8265p4
mirdif-35,ChIJixkr1gpdXz4RsyFhhsO1plQ
mirdif-35,ChIJg8NAHpRdXz4R674YLWLRFA4
mirdif-35,ChIJ7QZKOa1dXz4R0SulC-Xxoig
mirdif-35,ChIJTwgtSTVcXz4RIjgKUHZYlKg
mirdif-35,ChIJZc5bnktcXz4RchtiK-npzcM
mirdif-35,ChIJm7X5E6XXoaERWIIXJ-zV3SM
mirdif-35,ChIJV27GvdJdXz4RIkSfEiyRxJs
mirdif-35,ChIJlUgUk0pcXz4R8WgkFFJ94do
mirdif-35,ChIJi6JYazFdXz4R82JZL0Bui88
mirdif-35,ChIJbZdnMgBdXz4RzWgw9k2uD4w
mirdif-35,ChIJkZ8VmBJdXz4RzBql3DA8hH8
mirdif-35,ChIJ2eQpKC1fXz4RH_ILhIzZbN0
mirdif-35,ChIJAc1VP_VfXz4RaWB02ulApwU
mirdif-35,ChIJw8M7dwBfXz4RaVa_fnwYnEM
mirdif-35,ChIJx9eINHZfXz4RhzBrl896A-w
mirdif-35,ChIJSavaasVpXz4RpkpuUijc-lA
mirdif-35,ChIJ7SaAwL9fXz4Ry5ygsTXccn0
mirdif-35,ChIJwxgIBdNfXz4R2RZ3llHfwbE
mirdif-35,ChIJIVYaXIBfXz4RxWYrAHRah6E
mirdif-35,ChIJNS1I9LFfXz4RFklMqibvKbQ
mirdif-35,ChIJW0AKHgBfXz4RtLYw1saIKCI
mirdif-35,ChIJebG7ezRfXz4R9Hw61_VcUQ8
mirdif-35,ChIJ4Soq2PpfXz4RRmLrirgM8aE
mirdif-35,ChIJM5RgXhBfXz4REaa4gZmtkrs
mirdif-35,ChIJXegPKwBdXz4RBK8FobLCP-Q
mirdif-35,ChIJDcrq3ABdXz4RMSRDg1NXe3w
mirdif-35,ChIJp1bBDyZcXz4R-_1hE0ra_Ow
mirdif-35,ChIJN_DWUZNdXz4R768kyy6GpEU
mirdif-35,ChIJB_FBOgBdXz4Rzv1HuzwXmRU
mirdif-35,ChIJv1x4_URdXz4RjKMFG3dGylc
mirdif-35,ChIJwa_PajZcXz4RLar0UQTyHbg
mirdif-35,ChIJvSVdQHFdXz4RondKdvbKvkE
mirdif-35,ChIJcalR9YLDj0gRx59Jmhk6tIs
mirdif-35,ChIJ4YSlr31fXz4R3O5UIlKb4X4
mirdif-35,ChIJiyJWuF1dXz4RgjDsXbMvvtw
mirdif-35,ChIJz9CTbIIBjkQRosDOC6oKDdU
mirdif-35,ChIJYVP9wiZcXz4Ryr1f5m2No8Q
mirdif-35,ChIJXRVawDxcXz4R7xjC64iV7Oc
mirdif-35,ChIJLY85Mz1cXz4Ry6IMj7ARBzk
mirdif-35,ChIJn2Buu9JfXz4RgaDjCvjXS1E
mirdif-35,ChIJEz8KWKD552IR_ZSDLvRqyNU
mirdif-35,ChIJmbGG9mhfXz4RsF6TvXHGj8w
mirdif-35,ChIJ1yByaqdfXz4RHhgEkUvYCZQ
mirdif-35,ChIJjQZufONeXz4R8OsmQMDIssc
mirdif-35,ChIJm7iVyrMlRqURIp9-0RjFOKc
mirdif-35,ChIJlwqgEzJfXz4RR6emFcENWZM
mirdif-35,ChIJL4sJdvtfXz4RMsvZXencQ0U
mirdif-35,ChIJE5wiehRfXz4RUOEscbo2EeY
mirdif-35,ChIJBd3hzeJXfyMRta-fcmfoNuI
mirdif-35,ChIJf2rzvRhfXz4RzvR4GqMP9Hs
mirdif-35,ChIJCfMbbW9fXz4RveIw7fKrTCc
mirdif-35,ChIJ39ts4aJfXz4RLvBpILB1RJY
mirdif-35,ChIJuzCH_qlfXz4RZh8WQHgLwd8
mirdif-35,ChIJX8dksxlfXz4R1e1sT07AKUI
mirdif-35,ChIJQR_bfiJfXz4R8_7vwfdZEq4
mirdif-35,ChIJN9iT5I9fXz4Ra9wX-HJfdKQ
mirdif-35,ChIJA-EyzRdfXz4RE3t3rQSKlSc
mirdif-35,ChIJq6qqqv1YXz4RaNpdZFGR3P0
mirdif-35,ChIJR2fkRYJfXz4REzmPziZ6qpg
mirdif-35,ChIJS9adGiBfXz4ROf65E4Hk_-U
mirdif-35,ChIJS77minNfXz4R2YZQP0h5-UU
mirdif-35,ChIJofTmTdpfXz4RdMzeH2B-GwU
mirdif-35,ChIJe96AarFdXz4R1fa8vqt9Qr4
mirdif-35,ChIJbY8bpeFfXz4RfpbWgug8jv0
mirdif-35,ChIJsVnEq25fXz4Rnr-ENLe7oYU
mirdif-35,ChIJkW4sqLRfXz4RwH28p3EKsyw
mirdif-35,ChIJhSJ5XYNeXz4RFLQxzanhjeI
mirdif-35,ChIJKYc-EWBfXz4RkNN7aXLiX_A
mirdif-35,ChIJD4pbyIReXz4RJeR0Ol7UuzQ
mirdif-35,ChIJk2Ha7wwsCaYR5GsD3akLXjA
mirdif-35,ChIJOVXQ5vVfXz4RDjGG7cOA23M
mirdif-35,ChIJzQgcys53RqAR_1d4ZjhnbR0
mirdif-35,ChIJN6aauTZfXz4RtNoV8PagHvM
mirdif-35,ChIJ6wqSJytfXz4RIsuiHeaU9CE
mirdif-35,ChIJDZC5RU5fXz4RSTvVwJfCFCY
mirdif-35,ChIJzYRGHGxfXz4RvTgt5jyI_0I
mirdif-35,ChIJLbMyubJfXz4R7jEQHDNVNAA
mirdif-35,ChIJ9d_jLvpfXz4Re8S-DpdAuS4
mirdif-35,ChIJPWxxDQBfXz4R5Y2CPgKhr4k
mirdif-35,ChIJEWHiVadfXz4R3tvFPPHpaVU
mirdif-35,ChIJj_i5049bXz4Rm-V7iESj4V4
mirdif-35,ChIJoV3UJn9fXz4RHnbMlfa6fMQ
mirdif-35,ChIJhWNgXfdfXz4R3hm16pMSu6Y
mirdif-35,ChIJIa3LyNtfXz4RTV76_-xpZ7g
mirdif-35,ChIJi913rc5bXz4RYJ2keUu5-Hg
mirdif-35,ChIJn_LnZbxfXz4Rv6Gq40f4q9M
mirdif-35,ChIJiShrsCxfXz4RMGrgk1TyvJc
mirdif-35,ChIJIYXza0BfXz4RUW80wJ9zHZA
mirdif-35,ChIJh5MPNeNfXz4RmPNDH8rWRa0
mirdif-35,ChIJN2oSBwBfXz4RgRU81SjhsFU
mirdif-35,ChIJJ4OGQABfXz4RBoipTrHlTUU
mirdif-35,ChIJ0yPsdiNfXz4R1rGMNPMSeec
mirdif-35,ChIJeajZ57RfXz4R7OJY8K-vEpo
mirdif-35,ChIJ50TTpI1nXz4RaqSoKFjAEW8
mirdif-35,ChIJdY8I9MVfXz4RPFIynt2hNSg
mirdif-35,ChIJ1-SAD6JdXz4RlsbZOakKkJU
mirdif-35,ChIJrTFv04pdXz4Rc5ViGesV_2s
mirdif-35,ChIJEQpiSHJdXz4R-g6pex1DozA
mirdif-35,ChIJffs70exhXz4RZT7sYRh88us
mirdif-35,ChIJh_QAmLFdXz4RT3w6IILifkQ
mirdif-35,ChIJB01DrkthXz4Ra6_U9r6optU
mirdif-35,ChIJ6-O78dhcXz4RY5P19DCNDrs
mirdif-35,ChIJQcOkZ25dXz4R30pInhh9IXA
mohammed-bin-zayed-city,ChIJTQLaGGwxXj4RtC5iJ9F4WH4
mohammed-bin-zayed-city,ChIJS3E1SQAxXj4RxnPr3mawtWI
mohammed-bin-zayed-city,ChIJDzoPN_kxXj4R4TVWc-KCKRM
mohammed-bin-zayed-city,ChIJYcOSndMwXj4Rs4bcGo-cl3A
mohammed-bin-zayed-city,ChIJ_-MkY6U3Xj4Ra1MET4K3Szk
mohammed-bin-zayed-city,ChIJXSo9rpoxXj4RHqVO5MTBqnM
mohammed-bin-zayed-city,ChIJ6Zahg84xXj4RWrLGHhmXVFU
mohammed-bin-zayed-city,ChIJjWGmzJ8xXj4RdpXYUHob2aY
mohammed-bin-zayed-city,ChIJL-4MydMwXj4RwCG1pUPCqBE
mohammed-bin-zayed-city,ChIJ_XrQiNMwXj4Rw92Z_nekmI0
mohammed-bin-zayed-city,ChIJcZqDBgAxXj4RARRPAyKMcKM
mohammed-bin-zayed-city,ChIJXS0tH9wxXj4R5ldIJYJr4-g
mohammed-bin-zayed-city,ChIJAQAAAAc5Xj4RyYZgcl6Qj6I
mohammed-bin-zayed-city,ChIJZ3Y4rQc5Xj4Rf2Hj5qf3te0
mohammed-bin-zayed-city,ChIJicjNWjA5Xj4Rs_XYoRMaURY
mohammed-bin-zayed-city,ChIJM3LYPwA5Xj4RrG-NL0wf-jw
mohammed-bin-zayed-city,ChIJe8yFjyY5Xj4R4XF7d9fE92I
mohammed-bin-zayed-city,ChIJqbZoi0E3Xj4RqvcwgAiD-I0
mohammed-bin-zayed-city,ChIJ2Vb-EwA3Xj4Rvihc0dAhjho
mohammed-bin-zayed-city,ChIJ0-UqaLA3Xj4RQyw3xdUBT8Y
mohammed-bin-zayed-city,ChIJo43uxzs3Xj4RVXtbF8SINMg
mohammed-bin-zayed-city,ChIJ5ch6Hag3Xj4RlU_4s1p7o8s
mohammed-bin-zayed-city,ChIJZaPHks03Xj4R6n0H-_TPtQw
mohammed-bin-zayed-city,ChIJm1gKcAhpXj4RtVHtytsjU04
mohammed-bin-zayed-city,ChIJxfs_Lzo3Xj4RU0tYtvjdnGk
mohammed-bin-zayed-city,ChIJLYzElP03Xj4REreRhHMZUxA
mohammed-bin-zayed-city,ChIJ08woPh43Xj4RLQn9RfK_d-g
mohammed-bin-zayed-city,ChIJtfowytc5Xj4RNDIQaQ9jm1g
mohammed-bin-zayed-city,ChIJN2YaKjo3Xj4RP5c-7TO_fxk
mohammed-bin-zayed-city,ChIJySPEeAA3Xj4R86ydETlyKcI
mohammed-bin-zayed-city,ChIJt1f8pV43Xj4R275r0Rk9rLQ
mohammed-bin-zayed-city,ChIJvwV1Ojg3Xj4RKv8KM-y2oV0
mohammed-bin-zayed-city,ChIJnXM8Kjo3Xj4R0nTG9oRpbxc
mohammed-bin-zayed-city,ChIJjV4_8zo3Xj4Rimg3RsMt3mU
mohammed-bin-zayed-city,ChIJOUYK5mQ3Xj4RgsLlrhLrwdk
mohammed-bin-zayed-city,ChIJ_zKmtTs3Xj4RYRpi9OuNKb0
mohammed-bin-zayed-city,ChIJOcOsNcE3Xj4RhBFGnss57Aw
mohammed-bin-zayed-city,ChIJ5dmFEQA5Xj4RUUhWfRGaTWA
mohammed-bin-zayed-city,ChIJifIQ9Lk4Xj4RvyIgEGAO9Mo
mohammed-bin-zayed-city,ChIJ803MSw85Xj4R8gBaPIO3lJA
mohammed-bin-zayed-city,ChIJOdy0rpM5Xj4RyYrr8KmUcQU
mohammed-bin-zayed-city,ChIJP8IJcLw5Xj4RV_3UnhRln20
mohammed-bin-zayed-city,ChIJ0aF1awA5Xj4RzsnvtOgyrIo
mohammed-bin-zayed-city,ChIJkdfyBfY5Xj4R6Ssl9zGJNrE
mohammed-bin-zayed-city,ChIJhVfAK4k5Xj4RbHhZUFTulLQ
mohammed-bin-zayed-city,ChIJk52ZdNo5Xj4RB1qWnAG5aXA
mohammed-bin-zayed-city,ChIJNzGvYmxmXj4RiZGijh7LIvo
mohammed-bin-zayed-city,ChIJwRAhTuw5Xj4Rby1hbkcY9ms
mohammed-bin-zayed-city,ChIJyeR_SNA5Xj4RvJ2RJp75KbE
mohammed-bin-zayed-city,ChIJZZQ3B9g5Xj4Ru6ePF4wxb1c
mohammed-bin-zayed-city,ChIJh_uD3m85Xj4RBJOJd5VJwQ8
mohammed-bin-zayed-city,ChIJ2djxtgk5Xj4RxiaaioL9bg8
mohammed-bin-zayed-city,ChIJ7eg4VFo3Xj4RBKDKLzVzjgo
mohammed-bin-zayed-city,ChIJV6YIh8k3Xj4RrOj5e4LpLng
mohammed-bin-zayed-city,ChIJY9wBUAA3Xj4RHgCm5aISavs
mohammed-bin-zayed-city,ChIJn8JqQR03Xj4REWqgFbMUIYQ
mohammed-bin-zayed-city,ChIJ39lgm6M3Xj4RbqH0Ipuq43c
mohammed-bin-zayed-city,ChIJfdd0XWc5Xj4R7X8N9miotYw
mohammed-bin-zayed-city,ChIJOyibkek3Xj4RNtUWnHkJcHs
mohammed-bin-zayed-city,ChIJBfiK_gU3Xj4RveC4lqwKWko
mohammed-bin-zayed-city,ChIJP62LnMA3Xj4RIszOUCkof-4
mohammed-bin-zayed-city,ChIJRYqhWAA3Xj4RHPWhQzSfkWI
mohammed-bin-zayed-city,ChIJNUWVaoM3Xj4RHWdV5LZ8nYM
mohammed-bin-zayed-city,ChIJt_rot6w3Xj4RywzijzxGx14
mohammed-bin-zayed-city,ChIJLwJz4iE3Xj4RJU4kyWBwJD8
mohammed-bin-zayed-city,ChIJOzO8UBo3Xj4RhBpJW_9Clik
mohammed-bin-zayed-city,ChIJPd5FGSs3Xj4RY5IWOucozsc
mohammed-bin-zayed-city,ChIJabO2FcM3Xj4RjG434cOBstU
mohammed-bin-zayed-city,ChIJiR2zSQA3Xj4RZlURnE8qVxk
mohammed-bin-zayed-city,ChIJ445rqPg3Xj4RO1U_JhJFh8c
mohammed-bin-zayed-city,ChIJZbAdeyg3Xj4RhrWxz1sAecs
mohammed-bin-zayed-city,ChIJg-4lyOM3Xj4RjXGHH6n7wOw
mohammed-bin-zayed-city,ChIJHTzshj03Xj4Rl2iPemwnqi0
mohammed-bin-zayed-city,ChIJl2TZx5ZAXj4RC7EmKTvL6Hs
mohammed-bin-zayed-city,ChIJA34HWS1BXj4RF-llU6km1aM
mohammed-bin-zayed-city,ChIJYVDYbQZBXj4RL4-pFMetxd0
mohammed-bin-zayed-city,ChIJuUeP8ao4Xj4RxMi6isbzXA4
mohammed-bin-zayed-city,ChIJ-2RJpOtBXj4Rp4TlKDZ7vsE
mohammed-bin-zayed-city,ChIJrzco_UdBXj4RQJPS7RSKTt4
mohammed-bin-zayed-city,ChIJLX5UpYhBXj4RbD_16AYNI0U
mohammed-bin-zayed-city,ChIJKUIDIy9BXj4R6UaKJFEJwKk
mohammed-bin-zayed-city,ChIJC_6gQJY5Xj4RvlU8hx0MrtM
mohammed-bin-zayed-city,ChIJHUJjt4VBXj4Rri2SeVpBo-g
mohammed-bin-zayed-city,ChIJ30QrfVlHXj4RNznnw6DrRt8
mohammed-bin-zayed-city,ChIJsw6LWwA5Xj4RW_AF0uHPbZo
mohammed-bin-zayed-city,ChIJ6_WfJ3dmXj4RZQmzEt54c2U
mohammed-bin-zayed-city,ChIJjUAl_p05Xj4RrzZQVGSfVV0
mohammed-bin-zayed-city,ChIJ8ex8GXI5Xj4Rc5m8NvenPh0
mohammed-bin-zayed-city,ChIJywlzodE5Xj4RF1q0f3U82vs
mohammed-bin-zayed-city,ChIJnS98uac4Xj4R3BbG-ufXM_E
mohammed-bin-zayed-city,ChIJ370tt8s5Xj4RbzcVsDTjo3s
mohammed-bin-zayed-city,ChIJ1TavO7FHXj4RggvNIQ2170I
mohammed-bin-zayed-city,ChIJayuaDsM5Xj4RdUrjCnR9yOg
mohammed-bin-zayed-city,ChIJdwN6yac4Xj4Rjoks1vUX42w
mohammed-bin-zayed-city,ChIJ2SOz_FI5Xj4Rb4VZoGTYkqQ
mohammed-bin-zayed-city,ChIJ22Wcv7M5Xj4RHiLNi34QnEI
mohammed-bin-zayed-city,ChIJDbcz2A9tXz4RnqvVPtIP15c
mohammed-bin-zayed-city,ChIJZ3vcheo3Xj4RnSWZDXWS72k
mohammed-bin-zayed-city,ChIJlwG5_DI3Xj4RXNhToLQcoWw
mohammed-bin-zayed-city,ChIJhzTbC103Xj4RjodcumrbGZw
mohammed-bin-zayed-city,ChIJD-kPNyo3Xj4R5j4JRHO67vA
mohammed-bin-zayed-city,ChIJFSj2a4k3Xj4RTujzuydX3ys
mohammed-bin-zayed-city,ChIJHcgoVCs3Xj4RRjOpdRRXIHg
mohammed-bin-zayed-city,ChIJtcJvK9lBXj4Rx8OIYr8cAgU
mohammed-bin-zayed-city,ChIJwTfCb19BXj4Rjav9VmrFmWo
mohammed-bin-zayed-city,ChIJhdQYIydBXj4RqWi2HUxr2Ok
mohammed-bin-zayed-city,ChIJgSu-zBxBXj4Rz8Jg9k1AQK8
mohammed-bin-zayed-city,ChIJAb0bBM9BXj4RpNLev9Hb6Bw
mohammed-bin-zayed-city,ChIJC5OFi0BHXj4RAuJqyhWbkJY
mohammed-bin-zayed-city,ChIJDfakpIJHXj4R3WYRCyOrI74
mohammed-bin-zayed-city,ChIJXy21KDxHXj4RIdV7o7AKBeU
mohammed-bin-zayed-city,ChIJJY0cP_ZHXj4Rezb6C_enoRc
mohammed-bin-zayed-city,ChIJhXJdydZHXj4RqFWkuoidlqA
mohammed-bin-zayed-city,ChIJ7dsioyZBXj4RzIkYAl0M0OY
mohammed-bin-zayed-city,ChIJUWAtgZZBXj4RXG5RVhUuGYA
mohammed-bin-zayed-city,ChIJA3AAmCVHXj4Rd8NywioXdIc
mohammed-bin-zayed-city,ChIJmZTGYwZHXj4RUVITzCRY67A
mohammed-bin-zayed-city,ChIJK2_bRwBHXj4RIGTTZCUQak0
mohammed-bin-zayed-city,ChIJ45jENidHXj4RbsTlCPw-bLk
mohammed-bin-zayed-city,ChIJW-umFABHXj4RodLZiPhbEqU
mohammed-bin-zayed-city,ChIJqWvdQgBJXj4RWBnsE2sHUHY
mohammed-bin-zayed-city,ChIJT6HWvGA3Xj4Rmf8dQzGbtGY
mohammed-bin-zayed-city,ChIJO_qHc_43Xj4R-51XaEJ9OPQ
mohammed-bin-zayed-city,ChIJAV19Lv83Xj4R1oqXSoHmJGk
mohammed-bin-zayed-city,ChIJTcAI62k3Xj4RrDfM2aTKmJ8
mohammed-bin-zayed-city,ChIJjX-vDS5HXj4RdLKTuTi86Vs
mohammed-bin-zayed-city,ChIJRwdqDwBJXj4RfDUU2XRviaM
mohammed-bin-zayed-city,ChIJzw1nGGI3Xj4RSdzy0PD4W_k
mohammed-bin-zayed-city,ChIJz9fcsplJXj4R3XctupxLwzw
mohammed-bin-zayed-city,ChIJmVS7RtpJXj4Rb9wAlFGyBaw
mohammed-bin-zayed-city,ChIJZ1LG5gBDXj4RE09vzn8m_8Q
mohammed-bin-zayed-city,ChIJ9fMLuP1JXj4RFOdsj2_RPvw
mohammed-bin-zayed-city,ChIJP_gGHdE3Xj4Rm_qbfE31_R0
mohammed-bin-zayed-city,ChIJT3PvNzI3Xj4RJ1wkNwZNvPk
mohammed-bin-zayed-city,ChIJ98vusWNJXj4RXbp7IqKZZgo
mohammed-bin-zayed-city,ChIJ3_iyPrQ5Xj4RH9UwIvrtDss
mohammed-bin-zayed-city,ChIJ283PSsBBXj4REO-rAvURQTo
mohammed-bin-zayed-city,ChIJE__JMcNBXj4REcdk-ayGa_4
mohammed-bin-zayed-city,ChIJl7_SMwBBXj4RPp45Y4qDIwc
mohammed-bin-zayed-city,ChIJcTxuQwBBXj4RPzFEJ4VnIT8
mohammed-bin-zayed-city,ChIJc22EmKppXj4REIpupbbjOuk
mohammed-bin-zayed-city,ChIJjw-oAIZBXj4RYs_ZF8S82Wc
mohammed-bin-zayed-city,ChIJ_7VnoLNBXj4RAjn-nwWg6Ek
mohammed-bin-zayed-city,ChIJ73UPkVxBXj4RYyfjOtI6t_8
mohammed-bin-zayed-city,ChIJUwh_7hJBXj4RT9ne8taJJjY
mohammed-bin-zayed-city,ChIJxQJEAwBBXj4RyV2rj8yoNWQ
mohammed-bin-zayed-city,ChIJOXCASgBBXj4ReiTJQeiDRD8
mohammed-bin-zayed-city,ChIJH70e0D5BXj4RTlmr6g49yAg
mohammed-bin-zayed-city,ChIJgXLLwwB-hWgReooggOGQAOo
mohammed-bin-zayed-city,ChIJzyPbvrtHXj4R6KGLA8AAb2Q
mohammed-bin-zayed-city,ChIJlVCCajQmE6QRPxItws2xgAc
mohammed-bin-zayed-city,ChIJ69xfDaRHXj4R9w_joO8apaw
mohammed-bin-zayed-city,ChIJR8LWo1tGXj4Rx0MLzz2712E
mohammed-bin-zayed-city,ChIJgwQaObtoXj4RnWr9rQqAL9g
mohammed-bin-zayed-city,ChIJKWCUUOFHXj4Rrd1yQPVEeQs
mohammed-bin-zayed-city,ChIJg26InplHXj4RXG9GjMhTi2M
mohammed-bin-zayed-city,ChIJmzfKIsZHXj4Rrih7HO9RVEw
mohammed-bin-zayed-city,ChIJWZqMfGPLXz4RzawoztEqiN8
mohammed-bin-zayed-city,ChIJIdc3eS6CU2oRfKdORtrjY1c
mohammed-bin-zayed-city,ChIJVVVVVWVGXj4RGN8NnKuUiYw
mohammed-bin-zayed-city,ChIJT2jWaABHXj4RnRduqhYIfac
mohammed-bin-zayed-city,ChIJlQA9FmVLXj4RFVoutOwlpcM
mohammed-bin-zayed-city,ChIJvWRdzGpHXj4RVrdYzftLegk
mohammed-bin-zayed-city,ChIJZXlAm1JoXj4R6LavbbVS52Y
mohammed-bin-zayed-city,ChIJqfxHJwBpXj4R2mW273YWwbw
mohammed-bin-zayed-city,ChIJF8NlR7NpXj4R3R1apjTHXqw
mohammed-bin-zayed-city,ChIJ8Wb6FwBpXj4RPNJTS1cWs0Q
mohammed-bin-zayed-city,ChIJE__TXa5pXj4RJQijrVSdBso
mohammed-bin-zayed-city,ChIJsaqal7RpXj4RXyel5unpRvk
mohammed-bin-zayed-city,ChIJJY0w0PdpXj4RnI5Xq36sUF0
mohammed-bin-zayed-city,ChIJP1lYpkRnXj4R_-fm4K6DmlA
mohammed-bin-zayed-city,ChIJWwW__3pDXj4ROuUJUpFFRic
mohammed-bin-zayed-city,ChIJzb2iNlJDXj4RCp00sbC5K2E
mohammed-bin-zayed-city,ChIJXSza7bBDXj4RlUamaUqdoJE
mohammed-bin-zayed-city,ChIJxem_UQBpXj4Rj-UHmV5l3Bc
mohammed-bin-zayed-city,ChIJBY9muG5DXj4RV-rTK3YN8mc
mohammed-bin-zayed-city,ChIJidma655DXj4Rd7GNaJdYJPg
mohammed-bin-zayed-city,ChIJjeOuPQBDXj4RymqmgVCSoZc
mohammed-bin-zayed-city,ChIJPX91JwBDXj4RajZtPQQGYWA
mohammed-bin-zayed-city,ChIJD1_g9DpCXj4RWJAagGvwxYA
mohammed-bin-zayed-city,ChIJ98d6OJ1oXj4RGQ8-o1qspv4
mohammed-bin-zayed-city,ChIJFbzk5RNDXj4R3vo4JY7we1U
mohammed-bin-zayed-city,ChIJx5hdNjFDXj4RaCf8w3PXD_w
mohammed-bin-zayed-city,ChIJb1XY6HBDXj4R8gnYqL6bYpU
mohammed-bin-zayed-city,ChIJV_2SfgBDXj4RkemcafiSsFQ
mohammed-bin-zayed-city,ChIJBUAM_NhDXj4RRkVDWdeQrAQ
mohammed-bin-zayed-city,ChIJEeqr-cqrX0ERM21WrfvrUVQ
mohammed-bin-zayed-city,ChIJqyjJBwBDXj4R7RcDQqw3YVI
mohammed-bin-zayed-city,ChIJ6bHnLSfOJGoRUlthxqok0gc
mohammed-bin-zayed-city,ChIJs3UEXetDXj4RHt1DEeZYyhY
mohammed-bin-zayed-city,ChIJcb1OvglBXj4Rpj4qKbJJoW0
mohammed-bin-zayed-city,ChIJIcgTO9ZDXj4RbWXJ_yrpjuM
mohammed-bin-zayed-city,ChIJ1Rym03lDXj4Ry8HrwL3DgZQ
mohammed-bin-zayed-city,ChIJ7aBvpbBBXj4Rrz5YkTw3PKA
mohammed-bin-zayed-city,ChIJ8Uq1R1lBXj4Rb-6WJo3wDE4
mohammed-bin-zayed-city,ChIJ7YcGHXJBXj4R2XGB_gU-fdU
mohammed-bin-zayed-city,ChIJ2bVES9BDXj4R1GQbwTs4s7U
mohammed-bin-zayed-city,ChIJ60POGgBBXj4RZm8XLPPzC3U
mohammed-bin-zayed-city,ChIJfxeqQk5BXj4RA0PquO-4oMk
mohammed-bin-zayed-city,ChIJ6x3D_plBXj4R-qot1dS-WBE
mohammed-bin-zayed-city,ChIJNaSYXthDXj4RprtgcxKvnds
mohammed-bin-zayed-city,ChIJnexvv2BBXj4RGZ-nIdMn_Y8
mohammed-bin-zayed-city,ChIJ7yIxJNpDXj4R2GCbL6B0_nw
mohammed-bin-zayed-city,ChIJFRhBdlJBXj4RwYy2RLGionw
mohammed-bin-zayed-city,ChIJzeXPk_JBXj4R3ruXrllceTM
mohammed-bin-zayed-city,ChIJHeslLLBHXj4R2k220ct8BWA
mohammed-bin-zayed-city,ChIJbUqn6dRBXj4R42NJ8vyTdW4
mohammed-bin-zayed-city,ChIJJw6KqQlBXj4R8b-g8H7A294
mohammed-bin-zayed-city,ChIJHVEMxaRGXj4R85sXAIZsZxA
mohammed-bin-zayed-city,ChIJJT5ZErJGXj4R7VeU-kgIwzI
mohammed-bin-zayed-city,ChIJV4F6t4VHXj4RFM9DyQdTykQ
mohammed-bin-zayed-city,ChIJbzaVH0xFXj4R4sopMv_a0Ts
mohammed-bin-zayed-city,ChIJgVU2UABFXj4RrnJ9POOqlsM
mohammed-bin-zayed-city,ChIJS_qRzU5HXj4RdDHREb3iqr0
mohammed-bin-zayed-city,ChIJcflCD3lHXj4RT3mzoBbL5Xs
mohammed-bin-zayed-city,ChIJu-zyqTFHXj4Rfn0ltDhuQLY
mohammed-bin-zayed-city,ChIJI1MU0phHXj4R9Cwmi8huUZY
mohammed-bin-zayed-city,ChIJBSTDRftHXj4RrjwQvtjVgVY
mohammed-bin-zayed-city,ChIJOXqcoflHXj4Rw9lYL-ImdG0
mohammed-bin-zayed-city,ChIJq4yo9plGXj4Rwg8iScd-r9I
mohammed-bin-zayed-city,ChIJq_2Ft5NGXj4RBu1gRSV_VPU
mohammed-bin-zayed-city,ChIJ14qBf3tmXj4Ryl0XGGlJi5A
mohammed-bin-zayed-city,ChIJA3hjb-NHXj4ROuB2SgejwCc
mohammed-bin-zayed-city,ChIJC5E64aFHXj4Rv3VUWnT-q6E
mohammed-bin-zayed-city,ChIJDQ4dJJFGXj4RvEL8WJHJhKo
mohammed-bin-zayed-city,ChIJraRWc2ZGXj4RHZzmHNkAoVI
mohammed-bin-zayed-city,ChIJV8chu3ZFXj4R8k3bfpbP4yQ
mohammed-bin-zayed-city,ChIJMSB4C35HXj4RZaFWsB2HzPA
mohammed-bin-zayed-city,ChIJ93WxzyVGXj4RV-nEwzu_2CI
mohammed-bin-zayed-city,ChIJR7yaYMIr0A8RJ1xxI2XJjZQ
mohammed-bin-zayed-city,ChIJ7YfCKAXNFAARAun7rUoz3ns
mohammed-bin-zayed-city,ChIJz9Ih5T5GXj4RFa6jMlBD1lU
mohammed-bin-zayed-city,ChIJ_YYU-SlHXj4R_s2xoMvN3H8
mohammed-bin-zayed-city,ChIJCf71DQBHXj4RGSg-Rap3pzQ
mohammed-bin-zayed-city,ChIJq6qq6mlGXj4RO92VESUx4Jc
mohammed-bin-zayed-city,ChIJk3jzKPdHXj4R0MWNKxJuIRI
mohammed-bin-zayed-city,ChIJkWCcYQBHXj4R4DwKrMJEBbc
mohammed-bin-zayed-city,ChIJpYqPLKxHXj4RC99ZOhG1Mbw
mohammed-bin-zayed-city,ChIJ6WvjJUxpXj4RBrEpujZgm_0
mohammed-bin-zayed-city,ChIJASsJwpdpXj4RK-rxI9CDims
mohammed-bin-zayed-city,ChIJ4RPvP8hpXj4RZyJsF1mf7zA
mohammed-bin-zayed-city,ChIJ3SEIKAtDXj4R-KbBxJRio3I
mohammed-bin-zayed-city,ChIJ1RNCXzRDXj4RkbuAKXOwcGA
mohammed-bin-zayed-city,ChIJRfTVvZVDXj4RZZRKmMGM9cs
mohammed-bin-zayed-city,ChIJD78jm21DXj4RFJaaFlEWA9U
mohammed-bin-zayed-city,ChIJt8i1c6JDXj4RZT68OZOeZA8
mohammed-bin-zayed-city,ChIJJThiRQBDXj4ReHyHBI8ug-c
mohammed-bin-zayed-city,ChIJn6Y25n5CXj4RNiqHwAV0tvE
mohammed-bin-zayed-city,ChIJsZcdI0VCXj4RcqqbomF0j6w
mohammed-bin-zayed-city,ChIJy0gbkiRDXj4RsKUFEhYvICw
mohammed-bin-zayed-city,ChIJi3I6PmpFXj4RvnqAlf-Zj14
mohammed-bin-zayed-city,ChIJObWU69VFXj4RHe9sihg8jm0
mohammed-bin-zayed-city,ChIJP1niJQBHXj4RF3V73XOmjaQ
mohammed-bin-zayed-city,ChIJjVmxV54IyG8Rb6vQGYUtChQ
mohammed-bin-zayed-city,ChIJK756BwBFXj4RNGsyZqGUr0o
mohammed-bin-zayed-city,ChIJJb5APb1FXj4RU9aUzn6zONo
mohammed-bin-zayed-city,ChIJDauAueVFXj4R3Xmnuq3eL3M
mohammed-bin-zayed-city,ChIJ2cRwm0lynCgR06QvoTEAUV0
mohammed-bin-zayed-city,ChIJcTgqyBZHXj4Rf5B1BB4WmsQ
mohammed-bin-zayed-city,ChIJdzZoddFFXj4RJUxCBRKNlz8
mohammed-bin-zayed-city,ChIJCcq3fX1GXj4RHBRRQQMXNlE
mohammed-bin-zayed-city,ChIJew69Lv1FXj4RjK59U-COz1k
mohammed-bin-zayed-city,ChIJH26D38ZFXj4RrPiy947PD0w
mohammed-bin-zayed-city,ChIJ32dV6-JFXj4RirMzddSWiYA
mohammed-bin-zayed-city,ChIJycSvtZxCXj4R-RJF502OC-k
mohammed-bin-zayed-city,ChIJQS7TRp1CXj4R7kO__gEfjH4
mohammed-bin-zayed-city,ChIJE9GxX6BHXj4RGlt2IQolkFo
mohammed-bin-zayed-city,ChIJke2vFUgPQ44RFn9Fo_Dwp0o
mohammed-bin-zayed-city,ChIJjyvQJ3JHXj4RCvnEkHP0x_0
mohammed-bin-zayed-city,ChIJwRyMb6U4Xj4R8gq-RkeyZdI
mohammed-bin-zayed-city,ChIJ75cTy_Q5Xj4RLalc3zmVD6k
mohammed-bin-zayed-city,ChIJR0SITitHXj4RVCWVzbn_lEk
mohammed-bin-zayed-city,ChIJgW7eCQA3Xj4RtaKpBvr7dwo
mohammed-bin-zayed-city,ChIJBR1S6FBHXj4RlHjUu_rqzo0
mohammed-bin-zayed-city,ChIJKepBesZHXj4RaBj3rjbxowg
mohammed-bin-zayed-city,ChIJP2wFAmlFXj4RyTAG9SZLuOo
mohammed-bin-zayed-city,ChIJ6Sm2IEM5Xj4RBqYTUK4jEzg
mohammed-bin-zayed-city,ChIJgewjGqg4Xj4RyTXUzZhLSd4
mohammed-bin-zayed-city,ChIJyzQrxX9BXj4R3dgagdsPj3c
mohammed-bin-zayed-city,ChIJz27LlA4JIWYR1KLi8sKhdlU
mohammed-bin-zayed-city,ChIJ3SEMMhNHXj4R6covViidENk
mohammed-bin-zayed-city,ChIJhS5MWfU5Xj4RCmQZfvI7plE
mohammed-bin-zayed-city,ChIJ8e8Wzr44Xj4RYCEdDKI7hVs
mohammed-bin-zayed-city,ChIJJa-aG9pHXj4RITVTPeiexls
mohammed-bin-zayed-city,ChIJTSS60x05Xj4RwqbETuIf1qU
mohammed-bin-zayed-city,ChIJN-yizFtHXj4RbeJ-DhbUwHM
mohammed-bin-zayed-city,ChIJ4wFe7_lHXj4RtfXZggHE9rQ
mohammed-bin-zayed-city,ChIJG4PiHHpHXj4Rgotz8EAEtKw
mohammed-bin-zayed-city,ChIJG5Yvx8tBXj4Ry0hMcfLWkQk
mohammed-bin-zayed-city,ChIJX0IhBpZHXj4RiiNGNxkvges
mohammed-bin-zayed-city,ChIJ2dS7qFlHXj4RjQTzdcHobd4
mohammed-bin-zayed-city,ChIJ946Ye1dnXj4RFIZ7eAKoEfs
mohammed-bin-zayed-city,ChIJd2c2cwA5Xj4RjZ8W4tHLMms
mohammed-bin-zayed-city,ChIJmZ06CDlpXj4RCblh8NscV30
mohammed-bin-zayed-city,ChIJdYSb1Kw5Xj4RDDcMzM6IXMM
mohammed-bin-zayed-city,ChIJw8Bw3Tg5Xj4R9-nmzE04CZ8
mohammed-bin-zayed-city,ChIJ355akfo5Xj4RX11z73jrTCg
mohammed-bin-zayed-city,ChIJd8s9Zr2KF6wRfOLuJLQJUBc
mohammed-bin-zayed-city,ChIJzZVKEF5GXj4RN9lxYZQXab4
mohammed-bin-zayed-city,ChIJoZVnEQBHXj4RhoneBiTbNw4
mohammed-bin-zayed-city,ChIJYfh3OItpXj4Rt3V__N7ZRco
mohammed-bin-zayed-city,ChIJ-8uEJ7o4Xj4RVtJLCdiSXgs
mohammed-bin-zayed-city,ChIJee0fKLBHXj4R3ULumaNyt_E
mohammed-bin-zayed-city,ChIJo4M7ff5HXj4RozyClVf8rfk
mohammed-bin-zayed-city,ChIJXegBnsJLXj4RbvwJRXPu_8o
mohammed-bin-zayed-city,ChIJycN1AhxFXj4RscBwotobRns
mohammed-bin-zayed-city,ChIJqZDQZdFBXj4RVgknuVN2Yt4
mohammed-bin-zayed-city,ChIJt4ngRthFXj4R7qe029dMUJU
nad-al-sheba,ChIJPdYXxPtvXz4RlLjDjn0h96c
nad-al-sheba,ChIJO6eueq4EDowR5Y39_qFmCK0
nad-al-sheba,ChIJY2PJKEdlXz4RXvLNfkJEjIA
nad-al-sheba,ChIJrdyGHIxlXz4RMXqOynIPONk
nad-al-sheba,ChIJcRT5AjxlXz4REVM-ZMw_o1U
nad-al-sheba,ChIJ_Rz8ffBlXz4RixdA6P0BB6c
nad-al-sheba,ChIJp45pIJFvXz4RhiV98_Ji_GE
nad-al-sheba,ChIJfaxM8S9lXz4RHkoHvPfytro
nad-al-sheba,ChIJCVBnVjVlXz4RiJmC7OHMlLI
nad-al-sheba,ChIJdUim7oBlXz4R9S6HG57onDI
nad-al-sheba,ChIJ917dV-xlXz4Rcxop9ZP3vLY
nad-al-sheba,ChIJg3BMKyxlXz4RLY7pIE47vQE
nad-al-sheba,ChIJ2cCtcn5vXz4R6Sge05ksYkc
nad-al-sheba,ChIJtc-oO7BlXz4RAenTObgmeIg
nad-al-sheba,ChIJga7G1g5vXz4R6I32rUYs5Oo
nad-al-sheba,ChIJWdLKyeplXz4RoXF6ZrJk178
nad-al-sheba,ChIJ_zanGIVlXz4RHcGTjal0YLE
nad-al-sheba,ChIJgYMWJLxlXz4RMZ-B628d5Kw
nad-al-sheba,ChIJYfsLPAJlXz4Rx0rLrAOelm4
nad-al-sheba,ChIJm9oqm41kXz4RR_VFWRZ8j3A
nad-al-sheba,ChIJ07r3PPhlXz4R-I79DdPzB74
nad-al-sheba,ChIJWZALWPNkXz4RCGktGh7MECQ
nad-al-sheba,ChIJCSFxyI1kXz4RhK8kGl3WHrc
nad-al-sheba,ChIJiZv--UNlXz4RAS-NyEJ2YVQ
nad-al-sheba,ChIJc1_0JGJlXz4RvF_0DH0U62g
nad-al-sheba,ChIJY3kRIKhlXz4R_pWQqmSHv40
nad-al-sheba,ChIJVT51brdlXz4R82FpvmSZaEw
nad-al-sheba,ChIJ-6pk77dlXz4R6LTw2zZbZ3w
nad-al-sheba,ChIJEUmGiNtlXz4R_hPdiBSMQvk
nad-al-sheba,ChIJPQT7VMFlXz4R-vM1YJcR0r0
nad-al-sheba,ChIJiR6yLYNlXz4RcnsRKn2pJko
nad-al-sheba,ChIJywgCk5qPOUgR4NOYnBx_4Q8
nad-al-sheba,ChIJqbF3oddlXz4R8JAAkszwPKg
nad-al-sheba,ChIJy9JKGPBlXz4RiRZO7zcHVbk
nad-al-sheba,ChIJo5_Sy5VlXz4R3dERIYwva4s
nad-al-sheba,ChIJpcEpTollXz4RYWx3J_3jiFI
nad-al-sheba,ChIJwfOXOuNlXz4Rhv9XhOocsEw
nad-al-sheba,ChIJNw6Op_1lXz4RiraAUs5U76E
nad-al-sheba,ChIJjSHYKmdlXz4R7199l-Nl7Pw
nad-al-sheba,ChIJT0MB79BlXz4R3Ue-of9OgY8
nad-al-sheba,ChIJC-2Th4xlXz4Rw5caWKJ5tYc
nad-al-sheba,ChIJHf1YcR1lXz4R_GhOxTT3lJA
nad-al-sheba,ChIJx6wkCWtlXz4RX7Ku5gat0DU
nad-al-sheba,ChIJAemqn4tlXz4RluxuNtm2n_0
nad-al-sheba,ChIJ--suGWRlXz4RxJXiRY8kj0s
nad-al-sheba,ChIJH3yBpCplXz4RZonQD1ayXQo
nad-al-sheba,ChIJT-CEh2hkXz4Rqi92Z6ZL_nw
nad-al-sheba,ChIJ57SKJG5kXz4ROxQxs202Ozk
nad-al-sheba,ChIJ4yLyvpJlXz4R9mnI2Y4Podc
nad-al-sheba,ChIJ38JVwPRlXz4RMA0uZNO0buk
nad-al-sheba,ChIJrQxExWhlXz4ROCa5WYFMqI8
nad-al-sheba,ChIJUWxyKNFlXz4RVXAWN5T6lPs
nad-al-sheba,ChIJhdXRHKRlXz4RqVR2Jdq1YKw
nad-al-sheba,ChIJT35jK25kXz4RqiqOZ4KTtwk
nad-al-sheba,ChIJn-15vKhlXz4RjvDBtBNWL6c
nad-al-sheba,ChIJDdodtc9jXz4R3ti9_nqWpII
nad-al-sheba,ChIJNZHv4yZlXz4R40GyJJb_xJE
nad-al-sheba,ChIJm6_EBkBlXz4RQCuT4_8QHCA
nad-al-sheba,ChIJs5MZ2NTsNiYRRsUmv629P2E
nad-al-sheba,ChIJhxnrPQBjXz4RcUaVRViuFYQ
nad-al-sheba,ChIJC4TfiutlXz4RhAKMGThmIBM
nad-al-sheba,ChIJeT1ymMxlXz4RZ3vObyKgSuo
nad-al-sheba,ChIJL9GqvqxlXz4RBm_WM6JKV7A
nad-al-sheba,ChIJxanDWwBlXz4RTto-wgop4FM
nad-al-sheba,ChIJIwLD1L1vXz4RIO8T1NHJUxA
nad-al-sheba,ChIJnUQzSQBpXz4RVjwEb294ia8
nad-al-sheba,ChIJu8zvAndpXz4RTqEb041058E
nad-al-sheba,ChIJLSKu0D5nXz4RGBDK06c050k
nad-al-sheba,ChIJL1pAXxlpXz4REYAGY2DQ7oE
nad-al-sheba,ChIJfyvyeJxpXz4R95d_eDOquYM
nad-al-sheba,ChIJ7XW19Bz0uw8RACWkZpqJL1s
nad-al-sheba,ChIJo9BeWK1pXz4R2PtK_CJ-H3U
nad-al-sheba,ChIJf5kyjC5pXz4R56eq5RQat2Q
nad-al-sheba,ChIJcdO6tMppXz4RmM-QqbWBV5A
nad-al-sheba,ChIJV8xH9xZnXz4Rzp-5IMdmyCY
nad-al-sheba,ChIJQ0rUvPZnXz4RKQZx1N6r8ro
nad-al-sheba,ChIJrwz-6ktnXz4RThRfJCdAdsM
nad-al-sheba,ChIJZ_wIswtnXz4RdMnU_26j8yk
nad-al-sheba,ChIJLRC3h4VDXz4RqDuOWPkR1v0
nad-al-sheba,ChIJ2xuub2NnXz4RW-ld2i0rn5Y
nad-al-sheba,ChIJByQWay9nXz4RdepbnyXyo_Q
nad-al-sheba,ChIJgY2AawBnXz4RvrQgAzAaYGc
nad-al-sheba,ChIJx--xod1nXz4R9pUr1Qw22GU
nad-al-sheba,ChIJ57yPnRBlXz4RRiimmiiLf5U
nad-al-sheba,ChIJy4AVMdZhXz4RWS2ku-D22NU
nad-al-sheba,ChIJh5GWp2phXz4RYMsbeBFFZxk
nad-al-sheba,ChIJHZTtagBnXz4R-T_iYrv9Y-4
nad-al-sheba,ChIJP3sM4hVnXz4Rw3xRWVI9XKU
nad-al-sheba,ChIJsy5y6KBjXz4RSrru6jitzcc
nad-al-sheba,ChIJJx4Kt59jXz4RDJTAWzsEIHg
nad-al-sheba,ChIJn-n337FnXz4R8vaArJBcByk
nad-al-sheba,ChIJ39L9PCBnXz4Ruj0HEMZVO9Y
nad-al-sheba,ChIJwRk_qm1DXz4RNPf8_w03wfU
nad-al-sheba,ChIJ3fEZOAxjXz4RIqY8t3dl6P8
nad-al-sheba,ChIJg-gkNrppXz4RNh9RysXlWcg
nad-al-sheba,ChIJQWakM0BpXz4RWiHoZdv1lVA
nad-al-sheba,ChIJF-Ow-SdpXz4R_0n40jRhQNo
nad-al-sheba,ChIJ8QQdkq5pXz4RX3FnLte83Rk
nad-al-sheba,ChIJmRKa_5hpXz4R_9Hpp02ls90
nad-al-sheba,ChIJ82MttINpXz4RmdheptphCSQ
nad-al-sheba,ChIJfxKczKBpXz4R5_eQ3rHhTp0
nad-al-sheba,ChIJpXfDnTUnRggRqNJ7dLJVWXE
nad-al-sheba,ChIJWd2MolBpXz4RMaI1wxGdL74
nad-al-sheba,ChIJpWQUEjJoXz4RlI6OwXS5va8
nad-al-sheba,ChIJC635ED9pXz4Rzy7DksENhsE
nad-al-sheba,ChIJx9yRrY5pXz4RVwMdh-0rbIk
nad-al-sheba,ChIJ9fiqSGFpXz4RzQVfvnoD0eM
nad-al-sheba,ChIJMciJj51pXz4RBhHoFazX-mw
nad-al-sheba,ChIJuQSymgdpXz4RQMKEUEuNCvc
nad-al-sheba,ChIJSYDoMPRpXz4RO37A4YnIg_c
nad-al-sheba,ChIJpcG8VL9pXz4Rx8R4UD6Qjyg
nad-al-sheba,ChIJL5Vn-WZpXz4R84H3ZwDMXNQ
nad-al-sheba,ChIJNYpoaktpXz4RvWyXhptbmGA
nad-al-sheba,ChIJMaXbMwBpXz4Rfy9Nu7-IpLc
nad-al-sheba,ChIJh_lp3yBpXz4R5i25x2_o-Pw
nad-al-sheba,ChIJ55fnfRldXz4Rhugo9GcCMRg
nad-al-sheba,ChIJDa8wWtNpXz4RpPMYhiW0Cvc
nad-al-sheba,ChIJ2-cSD2ppXz4RgieAyPBDatg
nad-al-sheba,ChIJQVQek59rXz4RAG7c_F1lfF4
nad-al-sheba,ChIJwQZOJ_V7Xz4R-GbG3nOBR9s
nad-al-sheba,ChIJ2bmyEMZrXz4R_OLIvz40tDI
nad-al-sheba,ChIJcYYO9NJpXz4R5ayXhS1-h08
nad-al-sheba,ChIJj8yR8RppXz4Ro1SLfUtxPZk
nad-al-sheba,ChIJLQrX-sJpXz4ROS8lWWkR62g
nad-al-sheba,ChIJ8cF-LmhpXz4Rqqda-d055es
nad-al-sheba,ChIJ6RREWe1pXz4RX7j2D37MuOo
nad-al-sheba,ChIJFZjcVgBpXz4R6Md6mHK7nG4
nad-al-sheba,ChIJxSCQ0ltmXz4RBDXnZ2z93kY
nad-al-sheba,ChIJ22tpJuhnXz4RpijOmmdUyq0
nad-al-sheba,ChIJXTH26w5nXz4Rl4CiRKs9tt4
nad-al-sheba,ChIJiw35AzdnXz4RVRJ6F9-ggkM
nad-al-sheba,ChIJuWItKrRmXz4Rv5r4d0Bt0l0
nad-al-sheba,ChIJ-cOVENZhXz4RHu_PvQSKXgc
nad-al-sheba,ChIJs4jpcKxnXz4R-oJyGOwSU-c
nad-al-sheba,ChIJxTKT9PZnXz4RTeQKr9lpxH8
nad-al-sheba,ChIJhw_xEt0qL4gR6Bishu08MI8
nad-al-sheba,ChIJ8dTAdbRmXz4RTquFKhxBuag
nad-al-sheba,ChIJ-4aAroJoyocRmi2d7LwBVcg
nad-al-sheba,ChIJoUdhgmFnXz4RVzMJYbIVrxo
nad-al-sheba,ChIJgyzBRgVnXz4RZhemhYppi_Q
nad-al-sheba,ChIJ7ZL6WrRmXz4RWJI163Dc7UQ
nad-al-sheba,ChIJuzmZrS1nXz4RzjAWSyBIqvg
nad-al-sheba,ChIJUeqh-bNmXz4R0G9XxI5cJPs
nad-al-sheba,ChIJ82nBnRhhXz4Rv1KPOxbejJk
nad-al-sheba,ChIJ8Uc3ZS5hXz4RVamF1VJU_yA
nad-al-sheba,ChIJAch-r0hhXz4RqhO-RtZjmJU
nad-al-sheba,ChIJ-bwr_cBhXz4R_A7f-_yL6CE
nad-al-sheba,ChIJ2wrcY99hXz4REOoLVtiJjGQ
nad-al-sheba,ChIJk27KicFhXz4RQpyMtihuVLo
nad-al-sheba,ChIJ2Z-uxVlhXz4RYxCu15KDbYE
nad-al-sheba,ChIJmbrs0SNhXz4RjWt44UckSIw
nad-al-sheba,ChIJLbYRUTVhXz4RNhPFDAH3VdQ
nad-al-sheba,ChIJtcE4rb9hXz4RqM9jKkNVzZQ
nad-al-sheba,ChIJuTOTorhhXz4RpoQyb-Rpviw
nad-al-sheba,ChIJO6eU7Q9hXz4RiUGvjK3GsdU
nad-al-sheba,ChIJC_qVUOhjXz4RYVaBUlzbsok
nad-al-sheba,ChIJF7iiZgBjXz4R3N42R0BK600
nad-al-sheba,ChIJk7BNq4JpXz4R32UzidiqOF8
nad-al-sheba,ChIJlcpfSXxCXz4RSCAq5R26n3c
nad-al-sheba,ChIJ74TuJThpXz4R0grQUFgC4YU
nad-al-sheba,ChIJU9tRFZBpXz4RCtjRVR5Mbrs
nad-al-sheba,ChIJ7ddNpqppXz4RUcsINlXKdig
nad-al-sheba,ChIJx0WdTdtpXz4R-rWz9lgwd8I
nad-al-sheba,ChIJA0TF43hpXz4R1xS9rpItnnM
nad-al-sheba,ChIJe6f_Kp1pXz4R4Hlh1KIojoc
nad-al-sheba,ChIJcdNVXdhpXz4RholO2M5netU
nad-al-sheba,ChIJI4elhJxpXz4RxxBRnNA489w
nad-al-sheba,ChIJh1suPOdpXz4RSxCY97bhkNM
nad-al-sheba,ChIJPSv6UmVpXz4RD8D6scSDhmI
nad-al-sheba,ChIJM5UAbTlpXz4RTzNOf_SieYE
nad-al-sheba,ChIJqeQKEosVuywRK5aPS93zj48
nad-al-sheba,ChIJl_V8WalpXz4RXKaTB_V_y2U
nad-al-sheba,ChIJy64j2UxpXz4RbA3zoorvT8M
nad-al-sheba,ChIJJ2j7HCVpXz4RCuSqWS9uCWA
nad-al-sheba,ChIJjdvGXWj8rUwRPZW9_g5XC3E
nad-al-sheba,ChIJgUaLe9tDXz4Rn5r_LHtoGZQ
nad-al-sheba,ChIJSVZc4NFpXz4RcxNHrgH5Cew
nad-al-sheba,ChIJQ1Qz_sFpXz4R10KhyIosOfE
nad-al-sheba,ChIJn8ZZQ_lpXz4RY4Eyx61aJfk
nad-al-sheba,ChIJTTjZohJnXz4RLZO4TXpG-qk
nad-al-sheba,ChIJT0AQ1n5nXz4RjOKXwpkzhEY
nad-al-sheba,ChIJ3XPBxZlhXz4RRQ7K1QNxXfA
nad-al-sheba,ChIJc-XHkRJJC4ARQioJL4ZTssI
nad-al-sheba,ChIJk2vrMWppXz4RGutjLinVmmI
nad-al-sheba,ChIJPw22BMZnXz4R9f0kWfaMBcg
nad-al-sheba,ChIJoajPqSdnXz4RDl2n5wydMTQ
nad-al-sheba,ChIJ6ZQxC7RnXz4RqnCroiwMuMY
nad-al-sheba,ChIJhV-jWiVnXz4RRvhjLDI4eeY
nad-al-sheba,ChIJt0PRI9VnXz4R6cLfcZ2CQqA
nad-al-sheba,ChIJ96MBJCJnXz4R3fmAVRU8dkc
nad-al-sheba,ChIJNVRR1jxnXz4RgUheGZafAng
nad-al-sheba,ChIJbZ9sKCJnXz4R5etfw8-hPrk
nad-al-sheba,ChIJaU06UbJnXz4RjymQpMEOrlI
nad-al-sheba,ChIJN9GXfiFnXz4RB1h1C-0HwyU
nad-al-sheba,ChIJCQ-j-rVnXz4RAc55X4uk7MQ
nad-al-sheba,ChIJZcp6qrNnXz4RgjHeyT2fs80
nad-al-sheba,ChIJj8F2ecRnXz4RwM7JfxJy_rY
nad-al-sheba,ChIJD7RMJyJnXz4R-2RiGsWUzhU
nad-al-sheba,ChIJieL6pPBnXz4RlHCXGysyqXM
nad-al-sheba,ChIJa6VH7T1nXz4RYkIkzdemfr8
nad-al-sheba,ChIJVZxgDwBnXz4R4UwUSaQtENs
nad-al-sheba,ChIJxbo1zKhtXz4RlJIfAV8ap3A
nad-al-sheba,ChIJxYEVxhZhXz4RiyCA3bE9lMY
nad-al-sheba,ChIJS7h9niphXz4Rj-MRTZZ5FhM
nad-al-sheba,ChIJ3RuWcyxnXz4RCLO-jnWZGz0
nad-al-sheba,ChIJIWnOw6xnXz4RUEkZG9Bb87M
nad-al-sheba,ChIJPbDoe05hXz4RP77AYns8EZM
nad-al-sheba,ChIJU90E1hVhXz4RKbhXBXGvb2w
nad-al-sheba,ChIJzyOoiNVnXz4R3-OlizbH3yE
nad-al-sheba,ChIJXxhsHtVgXz4RPqhOOKX78gI
nad-al-sheba,ChIJX8JEWtRgXz4R8lwfLlrHRww
nad-al-sheba,ChIJAYtbRnBhXz4R_1Hf8c6DSYQ
nad-al-sheba,ChIJWeMuTpJcXz4Rp0jl14Nu0n0
nad-al-sheba,ChIJ6aC-giphXz4RYJgEINdIGNk
nad-al-sheba,ChIJJygT_P1gXz4RggrF7atrAkg
nad-al-sheba,ChIJL_QEkTpcXz4R7As6m_Q-BoE
nad-al-sheba,ChIJ0UDwxztcXz4R_WI_BKhMQMo
nad-al-sheba,ChIJ7zNRkgFhXz4R-0gn-lWqmpg
nad-al-sheba,ChIJ8T1hzpZcXz4RN0Yw4opznAo
nad-al-sheba,ChIJaQ9wZeNhXz4RR0dWJH5iQnE
nad-al-sheba,ChIJHWsZFt5hXz4RpOwEA-S8SI0
nad-al-sheba,ChIJRRqnottgXz4RrzDx1wDnLig
nad-al-sheba,ChIJmRWH5F9hXz4RhGk4MRZLPUc
nad-al-sheba,ChIJI3TXQyJhXz4RYXUbQh-w0BU
nad-al-sheba,ChIJJUS1xjphXz4R7SfAMZyI8r4
nad-al-sheba,ChIJq6qqqiZhXz4Rr4q81wQyQq8
nad-al-sheba,ChIJqYLy1kRtXz4RnWuhFR4bkr0
nad-al-sheba,ChIJYYU_KS1DXz4RdcjCg_AwXeE
nad-al-sheba,ChIJ__-vrIlCXz4RU6n0DOZPvK0
nad-al-sheba,ChIJg_bFekddXz4REnOm468lyLk
nad-al-sheba,ChIJYdknQNxdXz4R-qdL_1jzhgE
nad-al-sheba,ChIJHYCY2gBdXz4Rhmm3ZEuuzys
nad-al-sheba,ChIJwcT0JgBdXz4R-DwAh-82h-o
nad-al-sheba,ChIJX3KcVdddXz4R2cZ32MtzAkY
nad-al-sheba,ChIJfbr9uSBdXz4RpYKsKMbx1-Q
nad-al-sheba,ChIJgdmN5AldXz4RrUS80Bn7Itc
nad-al-sheba,ChIJl0RB9xD_tgsRegMj41YzE5Q
nad-al-sheba,ChIJ_9dvpTNdXz4RKngx7hesHp4
nad-al-sheba,ChIJK0bEWOldXz4Rk-HOBfGDFm8
nad-al-sheba,ChIJNcZgOsxdXz4RGKFABH5lZaQ
nad-al-sheba,ChIJ3djCs8VdXz4RIESwvoo65t4
nad-al-sheba,ChIJAQIraVFnXz4R8UyNKUHARJg
nad-al-sheba,ChIJ_____35nXz4Rqm1F4eeHBBw
nad-al-sheba,ChIJRyja_X5nXz4RF_HBCeYZ9Ko
nad-al-sheba,ChIJa-tOPy9nXz4RO-a7rmFRpek
nad-al-sheba,ChIJnWUXitBnXz4RpsQGJYttC-g
nad-al-sheba,ChIJ9zni5CxnXz4RYkBFMmjm6MM
nad-al-sheba,ChIJe6Kzb3xdXz4RKzjTc4Q0VsA
nad-al-sheba,ChIJ7XTRCvxdXz4RvoYk1lrTwHw
nad-al-sheba,ChIJ54PE32NnXz4RggzfKf_eLyw
nad-al-sheba,ChIJ-6lvMLlnXz4RAWRCDUhTRy0
nad-al-sheba,ChIJUWD2BlxnXz4RADoI3-el_64
nad-al-sheba,ChIJaTqGt_NdXz4RJPCbJqOZF2E
nad-al-sheba,ChIJ50DICttnXz4Ra3KfHgO3HZU
nad-al-sheba,ChIJiV8912VnXz4R9S0cBE9nfrQ
nad-al-sheba,ChIJRx7AE-lnXz4RwqOU8-tGkUU
nad-al-sheba,ChIJFdgpCWRnXz4Rns1aRLL0NbA
nad-al-sheba,ChIJ990ttmNdXz4RNIfeNp9L4ok
nad-al-sheba,ChIJx_FHjb5dXz4RiYZKjAiLGnY
nad-al-sheba,ChIJd10kwPddXz4RqMNSzN-RMwE
nad-al-sheba,ChIJYZDSemlnXz4Ro8iX-HS7dRU
nad-al-sheba,ChIJ6czHN_pnXz4RcZVIDp-k3JA
nad-al-sheba,ChIJy67R6jtdXz4RTz5cT1JOL3A
nad-al-sheba,ChIJgy_72bZhXz4R2Ai3UayDt7c
nad-al-sheba,ChIJtcmijnhhXz4R6Mvnk0xrhr4
nad-al-sheba,ChIJ3WcHYKJgXz4R-qKbDTrZVog
nad-al-sheba,ChIJScplBrRgXz4RLPW3nEWNtuQ
nad-al-sheba,ChIJiylkaSdhXz4RE0nwVI4OR2Q
nad-al-sheba,ChIJA74ot6RgXz4RClsSDg2I2OE
nad-al-sheba,ChIJi3Oh9EhhXz4RrFHQy8FnM9w
nad-al-sheba,ChIJe-0wLMthXz4R0j9s_Y0a9FU
nad-al-sheba,ChIJRQHEp-tgXz4RjPFNhFYZlVc
nad-al-sheba,ChIJQQ2WSlxhXz4R9tsVXUmEjcM
nad-al-sheba,ChIJfWjzrZVhXz4R2gOQ46Ams9o
nad-al-sheba,ChIJMRLGEU1hXz4RPj3LAt32oCo
nad-al-sheba,ChIJ15PLWpJgXz4R5U6x1jNpKmA
nad-al-sheba,ChIJ0_62TctCXz4RcoHXK9X6ZCo
nad-al-sheba,ChIJj8Yznu5dXz4Rjf59z-Uk9tY
nad-al-sheba,ChIJobqykDRdXz4RFn4I97LEYKU
nad-al-sheba,ChIJUax1zSldXz4REsvSzLAKQq0
nad-al-sheba,ChIJ9fGtyhtdXz4R7QA59nTMK3s
nad-al-sheba,ChIJc0IZaw5dXz4RRGESwJ79GQo
nad-al-sheba,ChIJJSFzLBZdXz4RhhEaAriQEZ4
nad-al-sheba,ChIJJ-Z1J7FdXz4RaXvI0VPa0N8
nad-al-sheba,ChIJl7fLPNpnXz4R_zkMbuFuC3Y
nad-al-sheba,ChIJ18BykgldXz4RVtoNdClWLXQ
nad-al-sheba,ChIJf7NQ1xldXz4RXGh4KNFmrIo
nad-al-sheba,ChIJgQkiixBdXz4RnN3lfLQA_g4
nad-al-sheba,ChIJq6qqqjddXz4Rhrp-LIcaijk
nad-al-sheba,ChIJAfinfbVdXz4Rv2Xdo8HyP-M
nad-al-sheba,ChIJb4P-ikxqXz4RU5uH6EZ1neM
nad-al-sheba,ChIJa6RFMfZdXz4Rm9vEZ_bENLw
nad-al-sheba,ChIJUWJnWDBdXz4RIsmVjOuqFQM
nad-al-sheba,ChIJO0HYnY5dXz4RzE6uk-ihc_E
nad-al-sheba,ChIJnww0x_NdXz4R27oSQJ6hRig
nad-al-sheba,ChIJyfPItvNdXz4RqEoYtb40LwM
nad-al-sheba,ChIJv3Tju_NdXz4R8AwrSB2Op5o
nad-al-sheba,ChIJC2S2-MddXz4RPO6OJQFIeNE
nad-al-sheba,ChIJHRRLx59dXz4RIEeraUE_0C4
nad-al-sheba,ChIJaQ06FQ1nXz4R1PXstZ5Ez1I
nad-al-sheba,ChIJXZYxUuhDXz4Ryj9adQUkUic
nad-al-sheba,ChIJqxrlxd5dXz4Rczmmr0avRmw
nad-al-sheba,ChIJg3KJ-dtdXz4RWh5XMgAtnno
nad-al-sheba,ChIJp5bnwWFdXz4RjsoXr7dbUyQ
nad-al-sheba,ChIJiUHQkvddXz4RdY5qWkxKfL4
nad-al-sheba,ChIJ4dmgO-9hXz4Rs5WytTfD5r4
nad-al-sheba,ChIJSW1zuyBhXz4RqFo3pM3UzRw
nad-al-sheba,ChIJ13X3hjxhXz4RmyOc4SN8FVc
nad-al-sheba,ChIJT4n6R0phXz4RPwat6Axi93g
nad-al-sheba,ChIJJym1WZlgXz4RDU-v4mRhckE
nad-al-sheba,ChIJE1CVe7ZhXz4RPi3-mmioJNc
nad-al-sheba,ChIJyxgqYEBhXz4RAZNvYw_LX3E
nad-al-sheba,ChIJjQm_aR5eXz4RBuSMIYXLnQE
nad-al-sheba,ChIJcSTLPuBhXz4RdV6E3PdOMGA
nad-al-sheba,ChIJNaFSzPJhXz4ReVV0OP6vyd0
nad-al-sheba,ChIJ8Yc6IgBhXz4Rdx4fS5Ow0SQ
nad-al-sheba,ChIJa0rqaZJgXz4Re1XxxSHj5Ms
nad-al-sheba,ChIJkWpwh_BhXz4R4dJNEDAXwmU
nad-al-sheba,ChIJXf3q1wRqXz4RSrgwabJZY7Y
nad-al-sheba,ChIJUX2qSwBhXz4RptuSK0u82tI
nad-al-sheba,ChIJYch0DJpgXz4RNOdsjPZt4I8
nad-al-sheba,ChIJlwYu_B1hXz4RZTOwsrvsdO0
nad-al-sheba,ChIJTwgtSTVcXz4RIjgKUHZYlKg
nad-al-sheba,ChIJlUgUk0pcXz4R8WgkFFJ94do
nad-al-sheba,ChIJzb3LsI5CXz4Rk1w6UF3Gn6k
nad-al-sheba,ChIJw2SgmU5pXz4Rfz58NkfTqSU
nad-al-sheba,ChIJGVuPdplpXz4RL9_-8NUgIVA
nad-al-sheba,ChIJT1Hj18NpXz4ROKPmlp3fPqI
nad-al-sheba,ChIJHwO0dwBpXz4RM5-hbuPJfew
nad-al-sheba,ChIJl2VXm15pXz4RRORHRQfgAZU
nad-al-sheba,ChIJSxQmTzBpXz4RfvSmWsvy1wQ
nad-al-sheba,ChIJ43MrMgVpXz4RGP6bYu8gaXQ
nad-al-sheba,ChIJnUpu9MZpXz4R4jTWAjnQEW0
nad-al-sheba,ChIJ4032HgBDXz4RJrXjEABBKuI
nad-al-sheba,ChIJ2Tvo4C5oXz4Rd-Ojr80KO2g
nad-al-sheba,ChIJIfW1ZF1pXz4Rzv60ZNi17yw
nad-al-sheba,ChIJs909jE5pXz4RtKSpN4vHHUI
nad-al-sheba,ChIJe96AarFdXz4R1fa8vqt9Qr4
nad-al-sheba,ChIJE_tab0VhXz4ReV_bHaTmvz8
nad-al-sheba,ChIJc5PkVpRpXz4Rq_2Cbs_CmJI
nad-al-sheba,ChIJ50TTpI1nXz4RaqSoKFjAEW8
nad-al-sheba,ChIJu-vSyFZlXz4RdtTYEsLN1DU
nad-al-sheba,ChIJLxiFomptr4kRaWFjTp0jPPs
nad-al-sheba,ChIJffs70exhXz4RZT7sYRh88us
nad-al-sheba,ChIJV3iM8rdDXz4RO_pncMJf4ss
nad-al-sheba,ChIJj8yAU8tCXz4ROU_DEpwV0cA
nad-al-sheba,ChIJ2TuInGdDXz4RJK1DpAaVPi0
nad-al-sheba,ChIJB01DrkthXz4Ra6_U9r6optU
nad-al-sheba,ChIJQWSBZGthXz4Ro4fbXJE_78o
nad-al-sheba,ChIJ__uojk9hXz4RZ8Rn2DxoMWg
noya-plaza,ChIJkWCcYQBHXj4R4DwKrMJEBbc
noya-plaza,ChIJAbHY8TNJXj4RCFVFm83o6-w
noya-plaza,ChIJae_1NFRJXj4RCUMrko0sCNc
noya-plaza,ChIJpe7674JHXj4R4qEwHDutwpo
noya-plaza,ChIJi3I6PmpFXj4RvnqAlf-Zj14
noya-plaza,ChIJObWU69VFXj4RHe9sihg8jm0
noya-plaza,ChIJP1niJQBHXj4RF3V73XOmjaQ
noya-plaza,ChIJjVmxV54IyG8Rb6vQGYUtChQ
noya-plaza,ChIJBa4fnRRFXj4RPhetV5A5vHI
noya-plaza,ChIJJb5APb1FXj4RU9aUzn6zONo
noya-plaza,ChIJDauAueVFXj4R3Xmnuq3eL3M
noya-plaza,ChIJ2cRwm0lynCgR06QvoTEAUV0
noya-plaza,ChIJdzZoddFFXj4RJUxCBRKNlz8
noya-plaza,ChIJCcq3fX1GXj4RHBRRQQMXNlE
noya-plaza,ChIJew69Lv1FXj4RjK59U-COz1k
noya-plaza,ChIJH26D38ZFXj4RrPiy947PD0w
noya-plaza,ChIJ32dV6-JFXj4RirMzddSWiYA
noya-plaza,ChIJieGTC7ZPXj4RX_8hfMRV2HY
noya-plaza,ChIJV8rMtqhHXj4R1k1OzNyPle4
noya-plaza,ChIJwReRVwZPXj4RpK7PtgYsZSw
noya-plaza,ChIJVdq-wf5HXj4RAyEN29J_D4Q
noya-plaza,ChIJoV3tjb5FXj4RPTMhunNNho0
noya-plaza,ChIJcRE_l2NmXj4Rs7yNgCkivuE
noya-plaza,ChIJCRc4ebdFXj4RDqx1r4bzbto
noya-plaza,ChIJx_35IbpFXj4RiBbhXLiaAmA
noya-plaza,ChIJQ-xRY6NFXj4Ru-FAiCzJdaQ
noya-plaza,ChIJg9vaPitJXj4RteR_PONRSLE
noya-plaza,ChIJaxDupR1JXj4RxkHSywjtQnU
noya-plaza,ChIJu1fiwWpJXj4RVNRMH1pYlyA
noya-plaza,ChIJEQ2uFQBJXj4R8QG8_u2Tfu8
noya-plaza,ChIJp3xbSABJXj4RArqZJvxrev0
noya-plaza,ChIJURVpPwBJXj4RqJu7MxgB1zo
noya-plaza,ChIJ6-A3RTtnXj4RqdgqRg4jvXw
noya-plaza,ChIJmckIai1FXj4RDJdfcplz-70
noya-plaza,ChIJbWf7-eFFXj4R3ua_ke0oiTc
noya-plaza,ChIJZUhSv6tFXj4R7ZpJFnYGOTw
noya-plaza,ChIJlbPth9ndjWwRRkf1fcPzukU
noya-plaza,ChIJK1krJPdFXj4RQVCLQY9UeGY
noya-plaza,ChIJ2TEfXYhnXj4RGxHrc6Ex7DY
noya-plaza,ChIJz5Tsn31PXj4RrE5jIkDZ7vw
noya-plaza,ChIJY6BbY3ZPXj4RrUQtPfRTC6M
noya-plaza,ChIJiZM66x5PXj4RIbSt7qEUTzI
noya-plaza,ChIJL3H83LJPXj4RKlSye3d8n04
noya-plaza,ChIJp_cpJsFPXj4RIWhXvPqu7X0
noya-plaza,ChIJAUJXWQBPXj4RFsvzWMRVP5w
noya-plaza,ChIJ4yH5BgBPXj4Rq8jB2riSSG0
noya-plaza,ChIJPeHUOZ9PXj4RP72F07qBF7g
noya-plaza,ChIJD4c_XalPXj4RdqRn4Ir54qU
noya-plaza,ChIJA3XvaTVJXj4R4gSJlIkcAPA
noya-plaza,ChIJ3Tz_hthPXj4Ry_IfDWiVNDg
noya-plaza,ChIJ9UmGSABPXj4REU0bkml0VRU
noya-plaza,ChIJkcOkHe1LXj4RoGvVx_GBerI
noya-plaza,ChIJ8U8s0m1LXj4Ro5PzKtDofJA
noya-plaza,ChIJi8b_JRRLXj4RpcuKoAG2qjQ
noya-plaza,ChIJp-oXb_NLXj4RBDc3QGLm-uE
noya-plaza,ChIJ25NhJwBLXj4RR7-_dUZ3l7k
noya-plaza,ChIJURfcOI9FXj4RQMm5phqBgY8
noya-plaza,ChIJ4UkIgGJFXj4Rqq_4olKf64c
noya-plaza,ChIJFZhIAO5DXj4RzlYwDOcq5NA
noya-plaza,ChIJX56uiH1FXj4R0q65jZPBHjU
noya-plaza,ChIJAdgYhN5PXj4RaWe6WoDcrrc
noya-plaza,ChIJsXh-qCRFXj4RPD1S74hayKA
noya-plaza,ChIJNe0TlU1PXj4Refjm7kiQahI
noya-plaza,ChIJnbUMv8FFXj4RNd5I0EaxNd0
noya-plaza,ChIJldsuf4dPXj4RP-dmBlvAypc
noya-plaza,ChIJiRA2fSNFXj4RMWrYFpOYLvQ
noya-plaza,ChIJUa8OzOlFXj4Rwz13Z_Ot4xk
noya-plaza,ChIJHxjtWBlFXj4RDcKTU8utwso
noya-plaza,ChIJo0AcVmRFXj4RX_BMC8Yz8Rc
noya-plaza,ChIJeQR6m39FXj4R_lb3bZ30fCg
noya-plaza,ChIJ3-uGn0Iz26cR1MLoPgqPDNw
noya-plaza,ChIJB0itbYNFXj4RSJ3-1CYpOfo
noya-plaza,ChIJs8VLrXFFXj4RAgma1lPZzZw
noya-plaza,ChIJw8rScR1FXj4RqBQrVfnEKSg
noya-plaza,ChIJ356381xFXj4RleluuqcjXKw
noya-plaza,ChIJzytGPQBFXj4ROm4eylf7Kho
noya-plaza,ChIJO454ZwBPXj4RZFsKq4kIvPw
noya-plaza,ChIJW3C9ewBPXj4REgscJwT0eTs
noya-plaza,ChIJzQ8rNUhOXj4RGlCfY1LYDIc
noya-plaza,ChIJc2TrBABPXj4RuGMwJyG_aN4
noya-plaza,ChIJWUO80Z9PXj4ReoD9XBjFuPM
noya-plaza,ChIJJZQinK9PXj4R8pDiVbY5L1w
noya-plaza,ChIJfxUbmz5OXj4Rh_bZxj75WL4
noya-plaza,ChIJfySZEadpXj4RQFGCOlwRwOg
noya-plaza,ChIJp323AgBPXj4RrofDoXgnPcg
noya-plaza,ChIJD4CyS3NOXj4RscRpJQ6SRmc
noya-plaza,ChIJd4DLeFpPXj4RfCwYjK8HG7o
noya-plaza,ChIJCZNgIwBPXj4RBXDQ6gQyJZc
noya-plaza,ChIJ_QS6FTNPXj4Rh1Dtow6vH_Y
noya-plaza,ChIJ5YtLV7hPXj4R30frPezuOe8
noya-plaza,ChIJUcq4CQBPXj4RrP8bmXN55UI
noya-plaza,ChIJNxIMOABdXj4RlXDKCcO8GOA
noya-plaza,ChIJbSN1CLFPXj4Rl9x9Aro5dag
noya-plaza,ChIJhTfJMztRXj4RxFVl3wqJQak
noya-plaza,ChIJh9wAonFPXj4R6P2_rlevv90
noya-plaza,ChIJRcFIcQBPXj4R_ffjuPKPC3w
noya-plaza,ChIJ6xBtUQBPXj4RBIivJTZdPiE
noya-plaza,ChIJFbcipNZPXj4RDzs7kJAKif8
noya-plaza,ChIJm4-13dJPXj4RGhVhaDMey88
noya-plaza,ChIJtcOjwlZPXj4RzHRLm0qD3cg
noya-plaza,ChIJAQMQu4BPXj4RgzlYD-d7xlE
noya-plaza,ChIJPaBozw5OXj4RFHmj9O7KVNQ
noya-plaza,ChIJUayCUE5PXj4Rg1xfk-miDhw
noya-plaza,ChIJ0buKpw5OXj4R8Q_RMWwMbHU
noya-plaza,ChIJr3cA2epPXj4RcS6qJB4IjtA
noya-plaza,ChIJf3cbfzdPXj4RMbH1w9jcBl8
noya-plaza,ChIJ80o6kQxOXj4R3GhiXR5zl-E
noya-plaza,ChIJc7DZPwlnXj4RDLTM5fIWTaY
noya-plaza,ChIJ-WMhQYxPXj4RV48sW_jXqOo
noya-plaza,ChIJqRwwWXtPXj4RIFw8lRVEroE
noya-plaza,ChIJq55P8zdPXj4RgpexpFVFk9Q
noya-plaza,ChIJFbhrTABPXj4RGr41seI0ToA
noya-plaza,ChIJMV0z8chPXj4R3Ks5UvWdfLM
noya-plaza,ChIJ05JPFVNPXj4Rs8Z2F_7JQ6E
noya-plaza,ChIJO5rnYmBRXj4R1pXDgiZmjbw
noya-plaza,ChIJA_bkfvdRXj4RIn9092gR8BA
noya-plaza,ChIJt5VoqPdRXj4R15pqzNESzv8
noya-plaza,ChIJibicqPdRXj4R8213z11_N4Y
noya-plaza,ChIJGZx6RABRXj4RKcPXqTWlMuo
noya-plaza,ChIJab-JA4RRXj4RbxVemc2x5kk
noya-plaza,ChIJCfv3ErtRXj4RCJFiBgEm7ag
noya-plaza,ChIJPz1dPzVRXj4RKKiV5j-5NB4
noya-plaza,ChIJN3D6p8dPXj4R3yBQqwyBw3M
noya-plaza,ChIJMRP7IAFPXj4RSz1qPAw9NhI
noya-plaza,ChIJ0eiMDgBPXj4RbtWaL1szmjY
noya-plaza,ChIJ_3PpKfdFXj4RMHet52RdlMM
noya-plaza,ChIJF3S7gY5PXj4Rj-9MkNrGVCc
noya-plaza,ChIJrzaR6p5PXj4RhUr3DeYN2qM
noya-plaza,ChIJUQwY39BPXj4RsxvhH-xf4yg
noya-plaza,ChIJX0fF9NNFXj4RnoPe9u8IN-0
noya-plaza,ChIJP2wFAmlFXj4RyTAG9SZLuOo
noya-plaza,ChIJYfh3OItpXj4Rt3V__N7ZRco
noya-plaza,ChIJycN1AhxFXj4RscBwotobRns
noya-plaza,ChIJt4ngRthFXj4R7qe029dMUJU
ras-al-khaimah,ChIJ57BJWm_Z9T4Rbp1vPU5HrwQ
ras-al-khaimah,ChIJd9JDaNTZ9T4Rd6wxgb05ONE
ras-al-khaimah,ChIJkbkF8ZLY9T4RDsAzXVQPo0Q
ras-al-khaimah,ChIJjygd9e7Y9T4RYvwAPYok-bs
ras-al-khaimah,ChIJp6V7iGLZ9T4RhOI172D6Zv4
ras-al-khaimah,ChIJLyDTCO_Z9T4RHRYLMIlB19Y
ras-al-khaimah,ChIJBfi_glfZ9T4RLrhEMDVJJQ0
ras-al-khaimah,ChIJjTflok3Z9T4RmGJZSxOxnYI
ras-al-khaimah,ChIJqZUVNezY9T4RMgY3cIFIxsg
ras-al-khaimah,ChIJmy4uK-zY9T4RTlESwwP-5WU
ras-al-khaimah,ChIJLb1EQgAL9j4RmzDQc669eEY
ras-al-khaimah,ChIJE2KXVYkL9j4RUQMkgOQdPiM
ras-al-khaimah,ChIJG-i1oYYL9j4Rck04E-h-P9w
ras-al-khaimah,ChIJOXIv-mEL9j4R_xQg36C4sQo
ras-al-khaimah,ChIJH7inUeMK9j4RT1w6dN1d5Wk
ras-al-khaimah,ChIJ32vNReMK9j4RboYlzrd6gHg
ras-al-khaimah,ChIJ7UYTMgsL9j4RAdNrTpkGBqg
ras-al-khaimah,ChIJ6dBqcvsK9j4RtKwYGdHRoaU
ras-al-khaimah,ChIJI8_paPsK9j4RXUGuefBRE3k
ras-al-khaimah,ChIJ77KyeWcL9j4RsNG4MI8ikzY
ras-al-khaimah,ChIJs13nvNkK9j4RBSlVRiJ7y1E
ras-al-khaimah,ChIJU-2CEocL9j4RHY1-lYMVnt0
ras-al-khaimah,ChIJlyCvDtejn2gRbvh_PlTKoQY
ras-al-khaimah,ChIJyclq2rYL9j4RydJt3eJEVIw
ras-al-khaimah,ChIJCT8OBQAL9j4RubOn5LP5brs
ras-al-khaimah,ChIJY97wp-MK9j4Ric_osFzrMO4
ras-al-khaimah,ChIJq1GaGOB19j4RMr9PuygWQhE
ras-al-khaimah,ChIJ72LyEiV19j4RAl9jPTJwcZo
ras-al-khaimah,ChIJN71XLyJx9j4RFdHjXVAEPo8
ras-al-khaimah,ChIJnSZUg4Z19j4Rq0ghjP1th6E
ras-al-khaimah,ChIJW6tVWmt19j4RtbYqsCLEeFQ
ras-al-khaimah,ChIJYZ5FVkB19j4RibA_nsmtkl4
ras-al-khaimah,ChIJYXPGRS519j4RSXMkKBBNJZs
ras-al-khaimah,ChIJX66-BA519j4R4fOv7U9tHvw
ras-al-khaimah,ChIJ_xAiXz519j4RnZi6Ae-FwTk
ras-al-khaimah,ChIJNYygSpp19j4RxlJsueGbO0k
ras-al-khaimah,ChIJs3W4wZp19j4RYBGzFuYY3U4
ras-al-khaimah,ChIJsTXRkgR19j4RHPxNRRmwQrY
ras-al-khaimah,ChIJheZAj6B19j4R4tcwUtGPuZs
ras-al-khaimah,ChIJI0rAUQB19j4R3V5Rd2kiZ3c
ras-al-khaimah,ChIJaYRaHfB19j4Rsjcm_-X2PSY
ras-al-khaimah,ChIJE7nyaQB19j4RqJqshGXbiQg
ras-al-khaimah,ChIJYU4PwtJ19j4RTzPR2Cu8EP0
ras-al-khaimah,ChIJhy_UfGXf9T4RDswvn_ONTPw
ras-al-khaimah,ChIJh9Uohgnf9T4RRFW7J3EEXy4
ras-al-khaimah,ChIJ4zBgllF19j4ROMTc9V0tA9g
ras-al-khaimah,ChIJK58PZp_f9T4RvPEjATCdJ88
ras-al-khaimah,ChIJkwiYO5h19j4RGE1uqJuX8W8
ras-al-khaimah,ChIJq5oGzUl19j4R2vf9KrEfZNI
ras-al-khaimah,ChIJkQiGUwB19j4R1VVjtT9y8h0
ras-al-khaimah,ChIJhS6Ze8HZ9T4RJYg58wY-r2s
ras-al-khaimah,ChIJB73SbffZ9T4RphyvTZ7pUCE
ras-al-khaimah,ChIJc9JHtP7Z9T4R4LoaadXA_5U
ras-al-khaimah,ChIJA_PXdYvZ9T4RthIvjYhL9Uk
ras-al-khaimah,ChIJIXh0PgDZ9T4Rb8_eF9TIrcM
ras-al-khaimah,ChIJod_5fILY9T4R6B4o95PwwRY
ras-al-khaimah,ChIJK7sGMwDZ9T4RDDiUky0clOM
ras-al-khaimah,ChIJLbbExfXm56kRnco40ItPWEM
ras-al-khaimah,ChIJRTOGOpp19j4RwLvZFhsRMX4
ras-al-khaimah,ChIJR607LQB19j4RNX0vKsmk3H4
ras-al-khaimah,ChIJB9zGLKB19j4RHdhZF7f6m8o
ras-al-khaimah,ChIJV5kPnuN19j4RSMkHoVUlpOo
ras-al-khaimah,ChIJWx6gaZ919j4RXUuTiLkUWlA
ras-al-khaimah,ChIJE-HwZ7B19j4RTFWNfWB_tCo
ras-al-khaimah,ChIJV0hlsKt19j4Rl6RZGjT6wtg
ras-al-khaimah,ChIJo-aKmr919j4Ro27ktj_ySCU
ras-al-khaimah,ChIJlxuxeq519j4R_C_1ELLTT50
ras-al-khaimah,ChIJ23HGVlFx9j4RHXE9L1mXjU4
ras-al-khaimah,ChIJ983n88J19j4RVKxtjNXtECw
ras-al-khaimah,ChIJA48D3iF19j4RgMICY3CYKaQ
ras-al-khaimah,ChIJSdlJGj919j4RniyCy4YWAwM
ras-al-khaimah,ChIJGTmUdUV19j4Rtw8vJqPKVb8
ras-al-khaimah,ChIJaTs_yhZ19j4RZ-Pgn1AscAU
ras-al-khaimah,ChIJKTwLEjd39j4RyM8fCwDuk4A
ras-al-khaimah,ChIJsTlX6p929j4RvSNgp5T0dK8
ras-al-khaimah,ChIJM3m2CWt29j4RZlKhyBiOWvY
ras-al-khaimah,ChIJZTFdsHt29j4RAX7MugE_05Y
ras-al-khaimah,ChIJNyvJUqF39j4RJijXXhkAsXw
ras-al-khaimah,ChIJZxWastp39j4RrrOAaqrp3H4
ras-al-khaimah,ChIJz4_EZAB39j4R3Xsvujuxmc4
ras-al-khaimah,ChIJmSrYw4B19j4ReS0jA2f8MQ4
ras-al-khaimah,ChIJ_YqF6tF39j4RRFOlplWtEAQ
ras-al-khaimah,ChIJl8Kr47F39j4Rng3fa3wo1O8
ras-al-khaimah,ChIJLQOxbtJ39j4RNK3Qh2SOuMU
ras-al-khaimah,ChIJewHRLIx39j4RHpQh1HB6dfk
ras-al-khaimah,ChIJwwPC9nt39j4R7QdVZeJPChQ
ras-al-khaimah,ChIJhVcq1_F39j4R1IZvx4CTi88
ras-al-khaimah,ChIJmzKkutV39j4RviEgIvV90Ug
ras-al-khaimah,ChIJF2riysJ19j4Rz-IGoUaN4Xg
ras-al-khaimah,ChIJ_xlise119j4RPwHaPUlPHLk
ras-al-khaimah,ChIJs9hlpFF09j4R9_vZcehtnPo
ras-al-khaimah,ChIJC9kG5jB19j4R4B37BfGhlfE
ras-al-khaimah,ChIJY2HJGQJ19j4RdCq6WyUdEyA
ras-al-khaimah,ChIJpdzNnFp19j4RMomGtHfA25Y
ras-al-khaimah,ChIJDzY92B919j4Rv_y8Wd98RFU
ras-al-khaimah,ChIJCWI_a5p19j4RBnvg0eL4-wE
ras-al-khaimah,ChIJH-yfWJt19j4R0GDJMiWTCfM
ras-al-khaimah,ChIJ1UO62UV09j4ROx5CK2Bb2UE
ras-al-khaimah,ChIJ59x_uOh19j4RhzuGy-wtHi0
ras-al-khaimah,ChIJPamKiwt19j4RTIK-2dFElH0
ras-al-khaimah,ChIJ0YKeuLt19j4RdlHvfjWrcMk
ras-al-khaimah,ChIJf4Eu6yx09j4R2nRrgIbrI_Q
ras-al-khaimah,ChIJpeBZSRh09j4RU-bAqHawmL0
ras-al-khaimah,ChIJhe_CqTB09j4R73prPQmuQBU
ras-al-khaimah,ChIJAxD-sJJ19j4Rixpby7A29rw
ras-al-khaimah,ChIJU_PnVd519j4RsgSZcVNX7tQ
ras-al-khaimah,ChIJ503kUDZ19j4RM3M9avnwbtI
ras-al-khaimah,ChIJVbvGVR909j4RlLooncN9YTA
ras-al-khaimah,ChIJl6cp9toinY4RXWO5ksa8U6E
ras-al-khaimah,ChIJs9fYRBh09j4RtcwB_AsSovc
ras-al-khaimah,ChIJWaRuwjJ19j4RqDcPBPK0lB4
ras-al-khaimah,ChIJp_z4RnF19j4RYLoYChZAJb0
ras-al-khaimah,ChIJY6eErj519j4RjyNUh-WP70s
ras-al-khaimah,ChIJfXlEpj919j4Rob1dVQCIr4k
ras-al-khaimah,ChIJCfq-VLB19j4RgGOXLI4tvf8
ras-al-khaimah,ChIJk9OIa1139j4RFswsdSR7nJ0
ras-al-khaimah,ChIJ0Qh_PAB39j4RKEWX0zI8joc
ras-al-khaimah,ChIJi9Z48O129j4RoeWtiWsC1Gc
ras-al-khaimah,ChIJdxRuemN39j4RvnNsHf_4jvw
ras-al-khaimah,ChIJC2PpNhh39j4RjXwV4qOFObo
ras-al-khaimah,ChIJ39zfUAB39j4RccI-wSv96zs
ras-al-khaimah,ChIJ0_k2qhp09j4RW5NJQknfBxw
ras-al-khaimah,ChIJ2fG7TAV09j4RdcFCv89ZYM8
ras-al-khaimah,ChIJJyZh06Z19j4RIV1N1SXTy_E
ras-al-khaimah,ChIJo60juBp09j4RxprB1ROh4jw
ras-al-khaimah,ChIJ_VKb3Ch39j4R6d2giog1bGI
ras-al-khaimah,ChIJDflo59R19j4RvHUqihK1aOo
ras-al-khaimah,ChIJ44Tsrqx29j4Ra0Ys2jTiaTI
ras-al-khaimah,ChIJTW1MpB139j4Riq0jm1uZytQ
ras-al-khaimah,ChIJ0eIdE_d39j4RyGNSjZj8i9k
ras-al-khaimah,ChIJ1_Yaz8V19j4RjORr66opjvI
ras-al-khaimah,ChIJg2woDqB29j4R9KROo6EzNAg
ras-al-khaimah,ChIJyyBNc7p39j4R6XKw3DIFChg
ras-al-khaimah,ChIJ_____xh09j4RK-q74h5hN1U
ras-al-khaimah,ChIJ_36f_R909j4R9vtMKujX6EU
ras-al-khaimah,ChIJkRiQzEt39j4ROD_kh5eaqDE
ras-al-khaimah,ChIJ-cn0BqR19j4Ra4YIlXAEJWc
ras-al-khaimah,ChIJX9_SLZ929j4RF2lNn7GYw8I
ras-al-khaimah,ChIJ6-au5ql29j4RyME91--x10o
ras-al-khaimah,ChIJlQ7d-YR39j4RuCGAM8_ZCVc
ras-al-khaimah,ChIJobu8YR939j4Rm9qaP1NzWNU
ras-al-khaimah,ChIJx6A95Rp39j4Rv3ZZ3rQ0rq4
ras-al-khaimah,ChIJR3BMohp39j4RjHx5bKn1gBw
ras-al-khaimah,ChIJsa02ABJ39j4RloTerA2WaPI
ras-al-khaimah,ChIJ43mKAul29j4RwMfroDxOpn4
ras-al-khaimah,ChIJz_7UrqZ39j4RnttNaxsMM6Y
ras-al-khaimah,ChIJp7CHiiN19j4RBnLbTR2fsBk
ras-al-khaimah,ChIJ770NLph39j4R3PDuJoRS7r8
ras-al-khaimah,ChIJjR0s4nd39j4Rlk8irdnWO-Q
ras-al-khaimah,ChIJT1cY1bh39j4Rm-k5idpvlmk
ras-al-khaimah,ChIJm986utF29j4Re3j2-FzN4iU
ras-al-khaimah,ChIJ0zRH367Z9T4RrRyGzqVJu_A
ras-al-khaimah,ChIJ4czgrtrZ9T4RTTApGRiMzEI
ras-al-khaimah,ChIJdbhNVG539j4ROD_YdP1QkT4
ras-al-khaimah,ChIJy1DuNml39j4RgqXO3I9vasg
ras-al-khaimah,ChIJu8miHQBx9j4R18_qW90A_Ng
ras-al-khaimah,ChIJhSC6XVVx9j4R01PCUF_wKEs
ras-al-khaimah,ChIJK98C3wBx9j4RLhaWGIi-PY4
ras-al-khaimah,ChIJkzMv2d1x9j4RN4f6Ug5pFW8
ras-al-khaimah,ChIJG6YnAi9x9j4RwRvhwDvkhWw
ras-al-khaimah,ChIJvc6MiO9x9j4RDufptShpW8U
ras-al-khaimah,ChIJQZme4R9x9j4ROIs37UgUTQ8
ras-al-khaimah,ChIJvZ2pT7dx9j4Rgbkg0JGfiZg
ras-al-khaimah,ChIJxZ1QcgB39j4RVMe3Uxgie2I
ras-al-khaimah,ChIJ3UClc3Bx9j4RYiev0DEeqgc
ras-al-khaimah,ChIJkQti4TF09j4RFJSePACfXkg
ras-al-khaimah,ChIJASlOrAtx9j4RePX-FnPG5NY
ras-al-khaimah,ChIJR5oFRQBx9j4Rl5xHQHeRxWI
ras-al-khaimah,ChIJzdljpTlx9j4Rt01g4bfdaXw
ras-al-khaimah,ChIJ14BOlU1x9j4RkNJSv8D0PsI
ras-al-khaimah,ChIJs-MT6Sxx9j4RSkw4gcYJ540
ras-al-khaimah,ChIJRR19CNN29j4RYNx_8yF30m0
ras-al-khaimah,ChIJ4UGeudlw9j4R3NOfjJHZWUo
ras-al-khaimah,ChIJDd0S7yhx9j4RoPwwtVtav6Y
ras-al-khaimah,ChIJk7kmeSx39j4R8cNzBdi4BxI
ras-al-khaimah,ChIJ65ELiJRx9j4Rs4PhcaHgf9c
ras-al-khaimah,ChIJS-9OpSdx9j4R0gWm9x3EA3w
ras-al-khaimah,ChIJpTN-YCZ39j4R_cexjh0A3Hs
ras-al-khaimah,ChIJfSN-PwBx9j4RVPMMcYuPBr8
ras-al-khaimah,ChIJ31xUlj9x9j4RiNMCJsZs_Pw
ras-al-khaimah,ChIJHymEgtqJWgkRWkzvoGF1kl4
ras-al-khaimah,ChIJz8gsySVx9j4RcrdKOIHe-YU
ras-al-khaimah,ChIJe7clgPx19j4R2bfO4qvUbJ0
ras-al-khaimah,ChIJGZ4yYLp19j4RKZX9V_K5xac
ras-al-khaimah,ChIJMS475VN39j4Rk7cZptXOG6Y
ras-al-khaimah,ChIJKQYUPn939j4RSdpv9YIlDIM
ras-al-khaimah,ChIJQ4H9gJZ39j4RC7_P9C10fKg
ras-al-khaimah,ChIJrd6TJM119j4RDjaVe6-tpj4
ras-al-khaimah,ChIJDfljeVevUoIRRIxCIuktjo8
ras-al-khaimah,ChIJdQ5lNCt39j4RXu2b4iVESr4
ras-al-khaimah,ChIJZ8kvqGt39j4RHNSqQhJgnec
ras-al-khaimah,ChIJfyDEzObvVWERtwgCTK7Zz_c
ras-al-khaimah,ChIJt7PRRaDZ9T4ROd7L5UcHcIc
ras-al-khaimah,ChIJh4YBJHp39j4RIWlnX50cqOI
ras-al-khaimah,ChIJuZTaitd19j4R0OA6dvwbfhM
ras-al-khaimah,ChIJ-WGSwwB39j4R9s-C7O9nehI
ras-al-khaimah,ChIJJQX5QYJDXz4RKLmA_ANvKpE
ras-al-khaimah,ChIJe7WnoUd39j4RsbYD1rVkYgU
ras-al-khaimah,ChIJi9RbHshx9j4R7blD_5-RCpo
ras-al-khaimah,ChIJfaKKX8P39T4ROGKNBsqA3tw
ras-al-khaimah,ChIJzz1GtVt19j4R8aD570gnDv4
ras-al-khaimah,ChIJvwnMPgBx9j4RGVNow1FUv48
ras-al-khaimah,ChIJdVbkuzh39j4R-PVHQUBcLZg
ras-al-khaimah,ChIJ6fKQegJ19j4RwHQ91x7T0fc
shahama,ChIJ93WxzyVGXj4RV-nEwzu_2CI
shahama,ChIJ_YYU-SlHXj4R_s2xoMvN3H8
shahama,ChIJkWCcYQBHXj4R4DwKrMJEBbc
shahama,ChIJAbHY8TNJXj4RCFVFm83o6-w
shahama,ChIJae_1NFRJXj4RCUMrko0sCNc
shahama,ChIJpe7674JHXj4R4qEwHDutwpo
shahama,ChIJi3I6PmpFXj4RvnqAlf-Zj14
shahama,ChIJObWU69VFXj4RHe9sihg8jm0
shahama,ChIJP1niJQBHXj4RF3V73XOmjaQ
shahama,ChIJjVmxV54IyG8Rb6vQGYUtChQ
shahama,ChIJK756BwBFXj4RNGsyZqGUr0o
shahama,ChIJBa4fnRRFXj4RPhetV5A5vHI
shahama,ChIJJb5APb1FXj4RU9aUzn6zONo
shahama,ChIJDauAueVFXj4R3Xmnuq3eL3M
shahama,ChIJ2cRwm0lynCgR06QvoTEAUV0
shahama,ChIJdzZoddFFXj4RJUxCBRKNlz8
shahama,ChIJCcq3fX1GXj4RHBRRQQMXNlE
shahama,ChIJew69Lv1FXj4RjK59U-COz1k
shahama,ChIJH26D38ZFXj4RrPiy947PD0w
shahama,ChIJ32dV6-JFXj4RirMzddSWiYA
shahama,ChIJieGTC7ZPXj4RX_8hfMRV2HY
shahama,ChIJV8rMtqhHXj4R1k1OzNyPle4
shahama,ChIJwReRVwZPXj4RpK7PtgYsZSw
shahama,ChIJVdq-wf5HXj4RAyEN29J_D4Q
shahama,ChIJoV3tjb5FXj4RPTMhunNNho0
shahama,ChIJcRE_l2NmXj4Rs7yNgCkivuE
shahama,ChIJCRc4ebdFXj4RDqx1r4bzbto
shahama,ChIJx_35IbpFXj4RiBbhXLiaAmA
shahama,ChIJQ-xRY6NFXj4Ru-FAiCzJdaQ
shahama,ChIJg9vaPitJXj4RteR_PONRSLE
shahama,ChIJaxDupR1JXj4RxkHSywjtQnU
shahama,ChIJu1fiwWpJXj4RVNRMH1pYlyA
shahama,ChIJEQ2uFQBJXj4R8QG8_u2Tfu8
shahama,ChIJp3xbSABJXj4RArqZJvxrev0
shahama,ChIJURVpPwBJXj4RqJu7MxgB1zo
shahama,ChIJ6-A3RTtnXj4RqdgqRg4jvXw
shahama,ChIJmckIai1FXj4RDJdfcplz-70
shahama,ChIJbWf7-eFFXj4R3ua_ke0oiTc
shahama,ChIJZUhSv6tFXj4R7ZpJFnYGOTw
shahama,ChIJlbPth9ndjWwRRkf1fcPzukU
shahama,ChIJK1krJPdFXj4RQVCLQY9UeGY
shahama,ChIJ2TEfXYhnXj4RGxHrc6Ex7DY
shahama,ChIJTVNlNwBFXj4R54kFMo_W4Fg
shahama,ChIJz5Tsn31PXj4RrE5jIkDZ7vw
shahama,ChIJY6BbY3ZPXj4RrUQtPfRTC6M
shahama,ChIJiZM66x5PXj4RIbSt7qEUTzI
shahama,ChIJL3H83LJPXj4RKlSye3d8n04
shahama,ChIJp_cpJsFPXj4RIWhXvPqu7X0
shahama,ChIJAUJXWQBPXj4RFsvzWMRVP5w
shahama,ChIJ4yH5BgBPXj4Rq8jB2riSSG0
shahama,ChIJPeHUOZ9PXj4RP72F07qBF7g
shahama,ChIJD4c_XalPXj4RdqRn4Ir54qU
shahama,ChIJA3XvaTVJXj4R4gSJlIkcAPA
shahama,ChIJ3Tz_hthPXj4Ry_IfDWiVNDg
shahama,ChIJ9UmGSABPXj4REU0bkml0VRU
shahama,ChIJkcOkHe1LXj4RoGvVx_GBerI
shahama,ChIJ8U8s0m1LXj4Ro5PzKtDofJA
shahama,ChIJi8b_JRRLXj4RpcuKoAG2qjQ
shahama,ChIJp-oXb_NLXj4RBDc3QGLm-uE
shahama,ChIJ25NhJwBLXj4RR7-_dUZ3l7k
shahama,ChIJURfcOI9FXj4RQMm5phqBgY8
shahama,ChIJ4UkIgGJFXj4Rqq_4olKf64c
shahama,ChIJFZhIAO5DXj4RzlYwDOcq5NA
shahama,ChIJX56uiH1FXj4R0q65jZPBHjU
shahama,ChIJAdgYhN5PXj4RaWe6WoDcrrc
shahama,ChIJsXh-qCRFXj4RPD1S74hayKA
shahama,ChIJNe0TlU1PXj4Refjm7kiQahI
shahama,ChIJnbUMv8FFXj4RNd5I0EaxNd0
shahama,ChIJldsuf4dPXj4RP-dmBlvAypc
shahama,ChIJiRA2fSNFXj4RMWrYFpOYLvQ
shahama,ChIJUa8OzOlFXj4Rwz13Z_Ot4xk
shahama,ChIJHxjtWBlFXj4RDcKTU8utwso
shahama,ChIJo0AcVmRFXj4RX_BMC8Yz8Rc
shahama,ChIJeQR6m39FXj4R_lb3bZ30fCg
shahama,ChIJ3-uGn0Iz26cR1MLoPgqPDNw
shahama,ChIJB0itbYNFXj4RSJ3-1CYpOfo
shahama,ChIJs8VLrXFFXj4RAgma1lPZzZw
shahama,ChIJ8ZtA3AhPXj4R9bv4hORDLjI
shahama,ChIJw8rScR1FXj4RqBQrVfnEKSg
shahama,ChIJ356381xFXj4RleluuqcjXKw
shahama,ChIJzytGPQBFXj4ROm4eylf7Kho
shahama,ChIJO454ZwBPXj4RZFsKq4kIvPw
shahama,ChIJW3C9ewBPXj4REgscJwT0eTs
shahama,ChIJzQ8rNUhOXj4RGlCfY1LYDIc
shahama,ChIJc2TrBABPXj4RuGMwJyG_aN4
shahama,ChIJWUO80Z9PXj4ReoD9XBjFuPM
shahama,ChIJJZQinK9PXj4R8pDiVbY5L1w
shahama,ChIJfxUbmz5OXj4Rh_bZxj75WL4
shahama,ChIJfySZEadpXj4RQFGCOlwRwOg
shahama,ChIJp323AgBPXj4RrofDoXgnPcg
shahama,ChIJD4CyS3NOXj4RscRpJQ6SRmc
shahama,ChIJd4DLeFpPXj4RfCwYjK8HG7o
shahama,ChIJCZNgIwBPXj4RBXDQ6gQyJZc
shahama,ChIJ_QS6FTNPXj4Rh1Dtow6vH_Y
shahama,ChIJ5YtLV7hPXj4R30frPezuOe8
shahama,ChIJUcq4CQBPXj4RrP8bmXN55UI
shahama,ChIJa-JXp4dRXj4RwYg3Nwqibmo
shahama,ChIJQRT3IABRXj4RhK_Znr1OILM
shahama,ChIJbSN1CLFPXj4Rl9x9Aro5dag
shahama,ChIJhTfJMztRXj4RxFVl3wqJQak
shahama,ChIJRcFIcQBPXj4R_ffjuPKPC3w
shahama,ChIJ6xBtUQBPXj4RBIivJTZdPiE
shahama,ChIJFbcipNZPXj4RDzs7kJAKif8
shahama,ChIJm4-13dJPXj4RGhVhaDMey88
shahama,ChIJtcOjwlZPXj4RzHRLm0qD3cg
shahama,ChIJAQMQu4BPXj4RgzlYD-d7xlE
shahama,ChIJPaBozw5OXj4RFHmj9O7KVNQ
shahama,ChIJUayCUE5PXj4Rg1xfk-miDhw
shahama,ChIJ0buKpw5OXj4R8Q_RMWwMbHU
shahama,ChIJr3cA2epPXj4RcS6qJB4IjtA
shahama,ChIJf3cbfzdPXj4RMbH1w9jcBl8
shahama,ChIJ80o6kQxOXj4R3GhiXR5zl-E
shahama,ChIJc7DZPwlnXj4RDLTM5fIWTaY
shahama,ChIJ-WMhQYxPXj4RV48sW_jXqOo
shahama,ChIJqRwwWXtPXj4RIFw8lRVEroE
shahama,ChIJq55P8zdPXj4RgpexpFVFk9Q
shahama,ChIJFbhrTABPXj4RGr41seI0ToA
shahama,ChIJMV0z8chPXj4R3Ks5UvWdfLM
shahama,ChIJ05JPFVNPXj4Rs8Z2F_7JQ6E
shahama,ChIJO5rnYmBRXj4R1pXDgiZmjbw
shahama,ChIJA_bkfvdRXj4RIn9092gR8BA
shahama,ChIJt5VoqPdRXj4R15pqzNESzv8
shahama,ChIJibicqPdRXj4R8213z11_N4Y
shahama,ChIJ1zUsWro4Xj4RPiP1sG2UhqM
shahama,ChIJGZx6RABRXj4RKcPXqTWlMuo
shahama,ChIJBcezDOBRXj4ReyZ1UMIFj00
shahama,ChIJab-JA4RRXj4RbxVemc2x5kk
shahama,ChIJCfv3ErtRXj4RCJFiBgEm7ag
shahama,ChIJ6a7GXQBRXj4RY6VaPDEnhe8
shahama,ChIJPz1dPzVRXj4RKKiV5j-5NB4
shahama,ChIJi2-5U-JQXj4RmwTYBRtggI0
shahama,ChIJq5ONTeJQXj4RPygnsSHohfo
shahama,ChIJu4bD1_tRXj4ROPAfbx-56ZQ
shahama,ChIJc_5igYhRXj4RffnMtilTDoM
shahama,ChIJHRHEdABTXj4RHV8GDF6GJnc
shahama,ChIJD0W-SABRXj4RrzbXBZFrWOc
shahama,ChIJEZ20muRTXj4RUyA9gbLP178
shahama,ChIJ3ziKcCpTXj4RwqXtq8cgUOg
shahama,ChIJhUGNSspTXj4RiOO6P3BKeXY
shahama,ChIJN3D6p8dPXj4R3yBQqwyBw3M
shahama,ChIJMRP7IAFPXj4RSz1qPAw9NhI
shahama,ChIJ0eiMDgBPXj4RbtWaL1szmjY
shahama,ChIJ_3PpKfdFXj4RMHet52RdlMM
shahama,ChIJF3S7gY5PXj4Rj-9MkNrGVCc
shahama,ChIJrzaR6p5PXj4RhUr3DeYN2qM
shahama,ChIJUQwY39BPXj4RsxvhH-xf4yg
shahama,ChIJX0fF9NNFXj4RnoPe9u8IN-0
shahama,ChIJP2wFAmlFXj4RyTAG9SZLuOo
shahama,ChIJYfh3OItpXj4Rt3V__N7ZRco
shahama,ChIJycN1AhxFXj4RscBwotobRns
shahama,ChIJt4ngRthFXj4R7qe029dMUJU
shakhbout-city,ChIJteiZ_KsxXj4RuG_oXaWx5sc
shakhbout-city,ChIJDceKjdYzXj4ROX27DAQYcb4
shakhbout-city,ChIJp39vgc8xXj4R0enSOIbQ8YM
shakhbout-city,ChIJTQLaGGwxXj4RtC5iJ9F4WH4
shakhbout-city,ChIJS3E1SQAxXj4RxnPr3mawtWI
shakhbout-city,ChIJDzoPN_kxXj4R4TVWc-KCKRM
shakhbout-city,ChIJYcOSndMwXj4Rs4bcGo-cl3A
shakhbout-city,ChIJ_-MkY6U3Xj4Ra1MET4K3Szk
shakhbout-city,ChIJXSo9rpoxXj4RHqVO5MTBqnM
shakhbout-city,ChIJ6Zahg84xXj4RWrLGHhmXVFU
shakhbout-city,ChIJjWGmzJ8xXj4RdpXYUHob2aY
shakhbout-city,ChIJL-4MydMwXj4RwCG1pUPCqBE
shakhbout-city,ChIJ_XrQiNMwXj4Rw92Z_nekmI0
shakhbout-city,ChIJcZqDBgAxXj4RARRPAyKMcKM
shakhbout-city,ChIJXS0tH9wxXj4R5ldIJYJr4-g
shakhbout-city,ChIJAQAAAAc5Xj4RyYZgcl6Qj6I
shakhbout-city,ChIJZ3Y4rQc5Xj4Rf2Hj5qf3te0
shakhbout-city,ChIJE9YDJCc5Xj4R7cgEdN_5kug
shakhbout-city,ChIJicjNWjA5Xj4Rs_XYoRMaURY
shakhbout-city,ChIJM3LYPwA5Xj4RrG-NL0wf-jw
shakhbout-city,ChIJe8yFjyY5Xj4R4XF7d9fE92I
shakhbout-city,ChIJqbZoi0E3Xj4RqvcwgAiD-I0
shakhbout-city,ChIJ2Vb-EwA3Xj4Rvihc0dAhjho
shakhbout-city,ChIJ0-UqaLA3Xj4RQyw3xdUBT8Y
shakhbout-city,ChIJo43uxzs3Xj4RVXtbF8SINMg
shakhbout-city,ChIJ5ch6Hag3Xj4RlU_4s1p7o8s
shakhbout-city,ChIJZaPHks03Xj4R6n0H-_TPtQw
shakhbout-city,ChIJm1gKcAhpXj4RtVHtytsjU04
shakhbout-city,ChIJxfs_Lzo3Xj4RU0tYtvjdnGk
shakhbout-city,ChIJLYzElP03Xj4REreRhHMZUxA
shakhbout-city,ChIJ08woPh43Xj4RLQn9RfK_d-g
shakhbout-city,ChIJtfowytc5Xj4RNDIQaQ9jm1g
shakhbout-city,ChIJN2YaKjo3Xj4RP5c-7TO_fxk
shakhbout-city,ChIJySPEeAA3Xj4R86ydETlyKcI
shakhbout-city,ChIJt1f8pV43Xj4R275r0Rk9rLQ
shakhbout-city,ChIJvwV1Ojg3Xj4RKv8KM-y2oV0
shakhbout-city,ChIJnXM8Kjo3Xj4R0nTG9oRpbxc
shakhbout-city,ChIJjV4_8zo3Xj4Rimg3RsMt3mU
shakhbout-city,ChIJOUYK5mQ3Xj4RgsLlrhLrwdk
shakhbout-city,ChIJ_zKmtTs3Xj4RYRpi9OuNKb0
shakhbout-city,ChIJOcOsNcE3Xj4RhBFGnss57Aw
shakhbout-city,ChIJY5YI9essoS4RMF0Pwj868uk
shakhbout-city,ChIJ714SwUI3Xj4RaVZ4gcav8po
shakhbout-city,ChIJ5dmFEQA5Xj4RUUhWfRGaTWA
shakhbout-city,ChIJifIQ9Lk4Xj4RvyIgEGAO9Mo
shakhbout-city,ChIJ803MSw85Xj4R8gBaPIO3lJA
shakhbout-city,ChIJOdy0rpM5Xj4RyYrr8KmUcQU
shakhbout-city,ChIJP8IJcLw5Xj4RV_3UnhRln20
shakhbout-city,ChIJ0aF1awA5Xj4RzsnvtOgyrIo
shakhbout-city,ChIJkdfyBfY5Xj4R6Ssl9zGJNrE
shakhbout-city,ChIJhVfAK4k5Xj4RbHhZUFTulLQ
shakhbout-city,ChIJk52ZdNo5Xj4RB1qWnAG5aXA
shakhbout-city,ChIJNzGvYmxmXj4RiZGijh7LIvo
shakhbout-city,ChIJwRAhTuw5Xj4Rby1hbkcY9ms
shakhbout-city,ChIJyeR_SNA5Xj4RvJ2RJp75KbE
shakhbout-city,ChIJZZQ3B9g5Xj4Ru6ePF4wxb1c
shakhbout-city,ChIJh_uD3m85Xj4RBJOJd5VJwQ8
shakhbout-city,ChIJ2djxtgk5Xj4RxiaaioL9bg8
shakhbout-city,ChIJ7eg4VFo3Xj4RBKDKLzVzjgo
shakhbout-city,ChIJV6YIh8k3Xj4RrOj5e4LpLng
shakhbout-city,ChIJY9wBUAA3Xj4RHgCm5aISavs
shakhbout-city,ChIJn8JqQR03Xj4REWqgFbMUIYQ
shakhbout-city,ChIJ39lgm6M3Xj4RbqH0Ipuq43c
shakhbout-city,ChIJfdd0XWc5Xj4R7X8N9miotYw
shakhbout-city,ChIJOyibkek3Xj4RNtUWnHkJcHs
shakhbout-city,ChIJBfiK_gU3Xj4RveC4lqwKWko
shakhbout-city,ChIJP62LnMA3Xj4RIszOUCkof-4
shakhbout-city,ChIJRYqhWAA3Xj4RHPWhQzSfkWI
shakhbout-city,ChIJNUWVaoM3Xj4RHWdV5LZ8nYM
shakhbout-city,ChIJt_rot6w3Xj4RywzijzxGx14
shakhbout-city,ChIJLwJz4iE3Xj4RJU4kyWBwJD8
shakhbout-city,ChIJOzO8UBo3Xj4RhBpJW_9Clik
shakhbout-city,ChIJPd5FGSs3Xj4RY5IWOucozsc
shakhbout-city,ChIJabO2FcM3Xj4RjG434cOBstU
shakhbout-city,ChIJiR2zSQA3Xj4RZlURnE8qVxk
shakhbout-city,ChIJ445rqPg3Xj4RO1U_JhJFh8c
shakhbout-city,ChIJZbAdeyg3Xj4RhrWxz1sAecs
shakhbout-city,ChIJg-4lyOM3Xj4RjXGHH6n7wOw
shakhbout-city,ChIJHTzshj03Xj4Rl2iPemwnqi0
shakhbout-city,ChIJlUSPaHk3Xj4R-ujE-YJrULs
shakhbout-city,ChIJY-eWPNc1Xj4RGVzJhKtVWl8
shakhbout-city,ChIJ30QrfVlHXj4RNznnw6DrRt8
shakhbout-city,ChIJsw6LWwA5Xj4RW_AF0uHPbZo
shakhbout-city,ChIJ6_WfJ3dmXj4RZQmzEt54c2U
shakhbout-city,ChIJjUAl_p05Xj4RrzZQVGSfVV0
shakhbout-city,ChIJ8ex8GXI5Xj4Rc5m8NvenPh0
shakhbout-city,ChIJywlzodE5Xj4RF1q0f3U82vs
shakhbout-city,ChIJnS98uac4Xj4R3BbG-ufXM_E
shakhbout-city,ChIJ370tt8s5Xj4RbzcVsDTjo3s
shakhbout-city,ChIJ1TavO7FHXj4RggvNIQ2170I
shakhbout-city,ChIJayuaDsM5Xj4RdUrjCnR9yOg
shakhbout-city,ChIJdwN6yac4Xj4Rjoks1vUX42w
shakhbout-city,ChIJ2SOz_FI5Xj4Rb4VZoGTYkqQ
shakhbout-city,ChIJ22Wcv7M5Xj4RHiLNi34QnEI
shakhbout-city,ChIJZ3vcheo3Xj4RnSWZDXWS72k
shakhbout-city,ChIJlwG5_DI3Xj4RXNhToLQcoWw
shakhbout-city,ChIJhzTbC103Xj4RjodcumrbGZw
shakhbout-city,ChIJD-kPNyo3Xj4R5j4JRHO67vA
shakhbout-city,ChIJFSj2a4k3Xj4RTujzuydX3ys
shakhbout-city,ChIJ-daFfQA3Xj4Rp5lBqSC1Bl4
shakhbout-city,ChIJHcgoVCs3Xj4RRjOpdRRXIHg
shakhbout-city,ChIJtQjdJQA1Xj4RP5yMaTP93hg
shakhbout-city,ChIJU71fTgA3Xj4R1bZcBypM_6E
shakhbout-city,ChIJc8jCcwA3Xj4RXP9GeGLAETc
shakhbout-city,ChIJ7UcHfQA3Xj4R62hNLli-kxI
shakhbout-city,ChIJC5OFi0BHXj4RAuJqyhWbkJY
shakhbout-city,ChIJ1acVeH1HXj4RSli59C2hk2k
shakhbout-city,ChIJDfakpIJHXj4R3WYRCyOrI74
shakhbout-city,ChIJXy21KDxHXj4RIdV7o7AKBeU
shakhbout-city,ChIJJY0cP_ZHXj4Rezb6C_enoRc
shakhbout-city,ChIJhXJdydZHXj4RqFWkuoidlqA
shakhbout-city,ChIJ7dsioyZBXj4RzIkYAl0M0OY
shakhbout-city,ChIJUWAtgZZBXj4RXG5RVhUuGYA
shakhbout-city,ChIJA3AAmCVHXj4Rd8NywioXdIc
shakhbout-city,ChIJmZTGYwZHXj4RUVITzCRY67A
shakhbout-city,ChIJK2_bRwBHXj4RIGTTZCUQak0
shakhbout-city,ChIJ45jENidHXj4RbsTlCPw-bLk
shakhbout-city,ChIJW-umFABHXj4RodLZiPhbEqU
shakhbout-city,ChIJqWvdQgBJXj4RWBnsE2sHUHY
shakhbout-city,ChIJT6HWvGA3Xj4Rmf8dQzGbtGY
shakhbout-city,ChIJO_qHc_43Xj4R-51XaEJ9OPQ
shakhbout-city,ChIJAV19Lv83Xj4R1oqXSoHmJGk
shakhbout-city,ChIJTcAI62k3Xj4RrDfM2aTKmJ8
shakhbout-city,ChIJjX-vDS5HXj4RdLKTuTi86Vs
shakhbout-city,ChIJRwdqDwBJXj4RfDUU2XRviaM
shakhbout-city,ChIJzw1nGGI3Xj4RSdzy0PD4W_k
shakhbout-city,ChIJz9fcsplJXj4R3XctupxLwzw
shakhbout-city,ChIJmVS7RtpJXj4Rb9wAlFGyBaw
shakhbout-city,ChIJZ1LG5gBDXj4RE09vzn8m_8Q
shakhbout-city,ChIJ9fMLuP1JXj4RFOdsj2_RPvw
shakhbout-city,ChIJO3IcU29JXj4RXQvZWQrgZn0
shakhbout-city,ChIJP_gGHdE3Xj4Rm_qbfE31_R0
shakhbout-city,ChIJVWQVD7E3Xj4RQ-5zO0t9tHU
shakhbout-city,ChIJT3PvNzI3Xj4RJ1wkNwZNvPk
shakhbout-city,ChIJ98vusWNJXj4RXbp7IqKZZgo
shakhbout-city,ChIJQxZCWlw3Xj4RqQ5C33U4JIc
shakhbout-city,ChIJ2wGFVwA3Xj4RRZiJN7Utd3E
shakhbout-city,ChIJJWo7LP43Xj4R-zT_vBfl0Bw
shakhbout-city,ChIJTfx2Fas1Xj4RXXv7RfOXp_s
shakhbout-city,ChIJ7WLNYuY1Xj4RBxk-Ae-QjbY
shakhbout-city,ChIJM-YUZ141Xj4RLhK3ykbv0bs
shakhbout-city,ChIJDwJ1_qo1Xj4Ryf1W99mZ24k
shakhbout-city,ChIJN_IABwA1Xj4R44U4ZKasTRk
shakhbout-city,ChIJ889aKgA1Xj4RONebCsiXQh8
shakhbout-city,ChIJH70e0D5BXj4RTlmr6g49yAg
shakhbout-city,ChIJgXLLwwB-hWgReooggOGQAOo
shakhbout-city,ChIJzyPbvrtHXj4R6KGLA8AAb2Q
shakhbout-city,ChIJlVCCajQmE6QRPxItws2xgAc
shakhbout-city,ChIJ69xfDaRHXj4R9w_joO8apaw
shakhbout-city,ChIJR8LWo1tGXj4Rx0MLzz2712E
shakhbout-city,ChIJgwQaObtoXj4RnWr9rQqAL9g
shakhbout-city,ChIJKWCUUOFHXj4Rrd1yQPVEeQs
shakhbout-city,ChIJg26InplHXj4RXG9GjMhTi2M
shakhbout-city,ChIJmzfKIsZHXj4Rrih7HO9RVEw
shakhbout-city,ChIJWZqMfGPLXz4RzawoztEqiN8
shakhbout-city,ChIJIdc3eS6CU2oRfKdORtrjY1c
shakhbout-city,ChIJVVVVVWVGXj4RGN8NnKuUiYw
shakhbout-city,ChIJT2jWaABHXj4RnRduqhYIfac
shakhbout-city,ChIJlQA9FmVLXj4RFVoutOwlpcM
shakhbout-city,ChIJvWRdzGpHXj4RVrdYzftLegk
shakhbout-city,ChIJ-Rufg89LXj4R9LX9JgimYwE
shakhbout-city,ChIJaWDWZl9LXj4Rdr6pZ7U8OBY
shakhbout-city,ChIJoehW3PVLXj4RU3UN_7ClLuM
shakhbout-city,ChIJUV6SAl9LXj4RJWzYz9AJzJc
shakhbout-city,ChIJDTDKMwBLXj4RP4aLf7qiIW0
shakhbout-city,ChIJX2AtOQBLXj4RV43R0rNhdX8
shakhbout-city,ChIJzeXPk_JBXj4R3ruXrllceTM
shakhbout-city,ChIJS_qRzU5HXj4RdDHREb3iqr0
shakhbout-city,ChIJI1MU0phHXj4R9Cwmi8huUZY
shakhbout-city,ChIJBSTDRftHXj4RrjwQvtjVgVY
shakhbout-city,ChIJOXqcoflHXj4Rw9lYL-ImdG0
shakhbout-city,ChIJq4yo9plGXj4Rwg8iScd-r9I
shakhbout-city,ChIJq_2Ft5NGXj4RBu1gRSV_VPU
shakhbout-city,ChIJ14qBf3tmXj4Ryl0XGGlJi5A
shakhbout-city,ChIJA3hjb-NHXj4ROuB2SgejwCc
shakhbout-city,ChIJC5E64aFHXj4Rv3VUWnT-q6E
shakhbout-city,ChIJDQ4dJJFGXj4RvEL8WJHJhKo
shakhbout-city,ChIJraRWc2ZGXj4RHZzmHNkAoVI
shakhbout-city,ChIJMSB4C35HXj4RZaFWsB2HzPA
shakhbout-city,ChIJ93WxzyVGXj4RV-nEwzu_2CI
shakhbout-city,ChIJR7yaYMIr0A8RJ1xxI2XJjZQ
shakhbout-city,ChIJ7YfCKAXNFAARAun7rUoz3ns
shakhbout-city,ChIJz9Ih5T5GXj4RFa6jMlBD1lU
shakhbout-city,ChIJ_YYU-SlHXj4R_s2xoMvN3H8
shakhbout-city,ChIJCf71DQBHXj4RGSg-Rap3pzQ
shakhbout-city,ChIJq6qq6mlGXj4RO92VESUx4Jc
shakhbout-city,ChIJk3jzKPdHXj4R0MWNKxJuIRI
shakhbout-city,ChIJkWCcYQBHXj4R4DwKrMJEBbc
shakhbout-city,ChIJpYqPLKxHXj4RC99ZOhG1Mbw
shakhbout-city,ChIJ-yPLqWJnXj4RARhFLzDIQDc
shakhbout-city,ChIJf-mskP1LXj4Rwp8hj8OpI4Q
shakhbout-city,ChIJbTzHK9BLXj4Rkf2blpN_OHs
shakhbout-city,ChIJR52zG0hLXj4RkSrrjYMD-nU
shakhbout-city,ChIJS4LrXUJKXj4R06eLXSFl_HI
shakhbout-city,ChIJcRPc8q5LXj4RBYS7OqLRv-4
shakhbout-city,ChIJSQFcsM5LXj4RSSQoyypSq7Q
shakhbout-city,ChIJEyNXSwBLXj4Rryi_vyyFOf4
shakhbout-city,ChIJmx1MGFJLXj4R1DeoQzykyR8
shakhbout-city,ChIJBfshCQBLXj4R8lLRss4p7rE
shakhbout-city,ChIJH9OQ6MdLXj4RhHK3jSbdvQg
shakhbout-city,ChIJsceFi2pLXj4RcZahYmF59BM
shakhbout-city,ChIJ9yCOWgBLXj4RNpETWETZQIs
shakhbout-city,ChIJDUqQz7xLXj4RmjBT0eLZ-aY
shakhbout-city,ChIJU-Jvx8ZLXj4ROEepDo8c2do
shakhbout-city,ChIJcTgqyBZHXj4Rf5B1BB4WmsQ
shakhbout-city,ChIJmzoJWuVLXj4RqBn0BWJ2yrk
shakhbout-city,ChIJdUbDqP9LXj4RSAKS5ScIBrI
shakhbout-city,ChIJL34CrU5KXj4RgMSMmWEYPcs
shakhbout-city,ChIJE9GxX6BHXj4RGlt2IQolkFo
shakhbout-city,ChIJz2ltkixLXj4R7VAg6B_e7jg
shakhbout-city,ChIJke2vFUgPQ44RFn9Fo_Dwp0o
shakhbout-city,ChIJjyvQJ3JHXj4RCvnEkHP0x_0
shakhbout-city,ChIJwRyMb6U4Xj4R8gq-RkeyZdI
shakhbout-city,ChIJ75cTy_Q5Xj4RLalc3zmVD6k
shakhbout-city,ChIJR0SITitHXj4RVCWVzbn_lEk
shakhbout-city,ChIJgW7eCQA3Xj4RtaKpBvr7dwo
shakhbout-city,ChIJBR1S6FBHXj4RlHjUu_rqzo0
shakhbout-city,ChIJKepBesZHXj4RaBj3rjbxowg
shakhbout-city,ChIJ6Sm2IEM5Xj4RBqYTUK4jEzg
shakhbout-city,ChIJgewjGqg4Xj4RyTXUzZhLSd4
shakhbout-city,ChIJz27LlA4JIWYR1KLi8sKhdlU
shakhbout-city,ChIJ3SEMMhNHXj4R6covViidENk
shakhbout-city,ChIJhS5MWfU5Xj4RCmQZfvI7plE
shakhbout-city,ChIJ8e8Wzr44Xj4RYCEdDKI7hVs
shakhbout-city,ChIJJa-aG9pHXj4RITVTPeiexls
shakhbout-city,ChIJTSS60x05Xj4RwqbETuIf1qU
shakhbout-city,ChIJN-yizFtHXj4RbeJ-DhbUwHM
shakhbout-city,ChIJ4wFe7_lHXj4RtfXZggHE9rQ
shakhbout-city,ChIJG4PiHHpHXj4Rgotz8EAEtKw
shakhbout-city,ChIJG5Yvx8tBXj4Ry0hMcfLWkQk
shakhbout-city,ChIJX0IhBpZHXj4RiiNGNxkvges
shakhbout-city,ChIJ2dS7qFlHXj4RjQTzdcHobd4
shakhbout-city,ChIJ946Ye1dnXj4RFIZ7eAKoEfs
shakhbout-city,ChIJd2c2cwA5Xj4RjZ8W4tHLMms
shakhbout-city,ChIJmZ06CDlpXj4RCblh8NscV30
shakhbout-city,ChIJdYSb1Kw5Xj4RDDcMzM6IXMM
shakhbout-city,ChIJw8Bw3Tg5Xj4R9-nmzE04CZ8
shakhbout-city,ChIJ355akfo5Xj4RX11z73jrTCg
shakhbout-city,ChIJd8s9Zr2KF6wRfOLuJLQJUBc
shakhbout-city,ChIJzZVKEF5GXj4RN9lxYZQXab4
shakhbout-city,ChIJ-8uEJ7o4Xj4RVtJLCdiSXgs
shakhbout-city,ChIJee0fKLBHXj4R3ULumaNyt_E
shakhbout-city,ChIJo4M7ff5HXj4RozyClVf8rfk
shakhbout-city,ChIJXegBnsJLXj4RbvwJRXPu_8o
westyas,ChIJkWCcYQBHXj4R4DwKrMJEBbc
westyas,ChIJAbHY8TNJXj4RCFVFm83o6-w
westyas,ChIJae_1NFRJXj4RCUMrko0sCNc
westyas,ChIJpe7674JHXj4R4qEwHDutwpo
westyas,ChIJi3I6PmpFXj4RvnqAlf-Zj14
westyas,ChIJObWU69VFXj4RHe9sihg8jm0
westyas,ChIJP1niJQBHXj4RF3V73XOmjaQ
westyas,ChIJjVmxV54IyG8Rb6vQGYUtChQ
westyas,ChIJBa4fnRRFXj4RPhetV5A5vHI
westyas,ChIJJb5APb1FXj4RU9aUzn6zONo
westyas,ChIJDauAueVFXj4R3Xmnuq3eL3M
westyas,ChIJ2cRwm0lynCgR06QvoTEAUV0
westyas,ChIJdzZoddFFXj4RJUxCBRKNlz8
westyas,ChIJCcq3fX1GXj4RHBRRQQMXNlE
westyas,ChIJew69Lv1FXj4RjK59U-COz1k
westyas,ChIJH26D38ZFXj4RrPiy947PD0w
westyas,ChIJ32dV6-JFXj4RirMzddSWiYA
westyas,ChIJieGTC7ZPXj4RX_8hfMRV2HY
westyas,ChIJV8rMtqhHXj4R1k1OzNyPle4
westyas,ChIJwReRVwZPXj4RpK7PtgYsZSw
westyas,ChIJVdq-wf5HXj4RAyEN29J_D4Q
westyas,ChIJoV3tjb5FXj4RPTMhunNNho0
westyas,ChIJcRE_l2NmXj4Rs7yNgCkivuE
westyas,ChIJCRc4ebdFXj4RDqx1r4bzbto
westyas,ChIJx_35IbpFXj4RiBbhXLiaAmA
westyas,ChIJg9vaPitJXj4RteR_PONRSLE
westyas,ChIJaxDupR1JXj4RxkHSywjtQnU
westyas,ChIJu1fiwWpJXj4RVNRMH1pYlyA
westyas,ChIJEQ2uFQBJXj4R8QG8_u2Tfu8
westyas,ChIJp3xbSABJXj4RArqZJvxrev0
westyas,ChIJURVpPwBJXj4RqJu7MxgB1zo
westyas,ChIJ6-A3RTtnXj4RqdgqRg4jvXw
westyas,ChIJmckIai1FXj4RDJdfcplz-70
westyas,ChIJbWf7-eFFXj4R3ua_ke0oiTc
westyas,ChIJZUhSv6tFXj4R7ZpJFnYGOTw
westyas,ChIJlbPth9ndjWwRRkf1fcPzukU
westyas,ChIJK1krJPdFXj4RQVCLQY9UeGY
westyas,ChIJ2TEfXYhnXj4RGxHrc6Ex7DY
westyas,ChIJz5Tsn31PXj4RrE5jIkDZ7vw
westyas,ChIJY6BbY3ZPXj4RrUQtPfRTC6M
westyas,ChIJiZM66x5PXj4RIbSt7qEUTzI
westyas,ChIJL3H83LJPXj4RKlSye3d8n04
westyas,ChIJp_cpJsFPXj4RIWhXvPqu7X0
westyas,ChIJAUJXWQBPXj4RFsvzWMRVP5w
westyas,ChIJ4yH5BgBPXj4Rq8jB2riSSG0
westyas,ChIJPeHUOZ9PXj4RP72F07qBF7g
westyas,ChIJD4c_XalPXj4RdqRn4Ir54qU
westyas,ChIJA3XvaTVJXj4R4gSJlIkcAPA
westyas,ChIJ3Tz_hthPXj4Ry_IfDWiVNDg
westyas,ChIJ9UmGSABPXj4REU0bkml0VRU
westyas,ChIJkcOkHe1LXj4RoGvVx_GBerI
westyas,ChIJ8U8s0m1LXj4Ro5PzKtDofJA
westyas,ChIJi8b_JRRLXj4RpcuKoAG2qjQ
westyas,ChIJp-oXb_NLXj4RBDc3QGLm-uE
westyas,ChIJ4UkIgGJFXj4Rqq_4olKf64c
westyas,ChIJFZhIAO5DXj4RzlYwDOcq5NA
westyas,ChIJX56uiH1FXj4R0q65jZPBHjU
westyas,ChIJAdgYhN5PXj4RaWe6WoDcrrc
westyas,ChIJsXh-qCRFXj4RPD1S74hayKA
westyas,ChIJNe0TlU1PXj4Refjm7kiQahI
westyas,ChIJnbUMv8FFXj4RNd5I0EaxNd0
westyas,ChIJldsuf4dPXj4RP-dmBlvAypc
westyas,ChIJiRA2fSNFXj4RMWrYFpOYLvQ
westyas,ChIJUa8OzOlFXj4Rwz13Z_Ot4xk
westyas,ChIJHxjtWBlFXj4RDcKTU8utwso
westyas,ChIJo0AcVmRFXj4RX_BMC8Yz8Rc
westyas,ChIJeQR6m39FXj4R_lb3bZ30fCg
westyas,ChIJ3-uGn0Iz26cR1MLoPgqPDNw
westyas,ChIJB0itbYNFXj4RSJ3-1CYpOfo
westyas,ChIJs8VLrXFFXj4RAgma1lPZzZw
westyas,ChIJ8ZtA3AhPXj4R9bv4hORDLjI
westyas,ChIJ4fKvQapdXj4RR4R8aMsOKH0
westyas,ChIJsci4XkJnXj4RdFbLSs1RTaM
westyas,ChIJw8rScR1FXj4RqBQrVfnEKSg
westyas,ChIJ356381xFXj4RleluuqcjXKw
westyas,ChIJzytGPQBFXj4ROm4eylf7Kho
westyas,ChIJO454ZwBPXj4RZFsKq4kIvPw
westyas,ChIJW3C9ewBPXj4REgscJwT0eTs
westyas,ChIJzQ8rNUhOXj4RGlCfY1LYDIc
westyas,ChIJc2TrBABPXj4RuGMwJyG_aN4
westyas,ChIJWUO80Z9PXj4ReoD9XBjFuPM
westyas,ChIJJZQinK9PXj4R8pDiVbY5L1w
westyas,ChIJfxUbmz5OXj4Rh_bZxj75WL4
westyas,ChIJfySZEadpXj4RQFGCOlwRwOg
westyas,ChIJp323AgBPXj4RrofDoXgnPcg
westyas,ChIJD4CyS3NOXj4RscRpJQ6SRmc
westyas,ChIJd4DLeFpPXj4RfCwYjK8HG7o
westyas,ChIJCZNgIwBPXj4RBXDQ6gQyJZc
westyas,ChIJ_QS6FTNPXj4Rh1Dtow6vH_Y
westyas,ChIJ5YtLV7hPXj4R30frPezuOe8
westyas,ChIJUcq4CQBPXj4RrP8bmXN55UI
westyas,ChIJ684164pnXj4R7iGsef52v7w
westyas,ChIJMQDQxVxnXj4RaEL-lsslhxo
westyas,ChIJq6qqatNpXj4RG-LPAvrvE9o
westyas,ChIJoyzRazppXj4RbE9fTX--YgY
westyas,ChIJ59T1ESdnXj4Rf1TGNNax3LE
westyas,ChIJ15JvYpZnXj4RhJkLzg3Yo50
westyas,ChIJO19xxlxnXj4RCj2gDk8OZws
westyas,ChIJi71ebABdXj4RxZxHjJ8O_p0
westyas,ChIJNxIMOABdXj4RlXDKCcO8GOA
westyas,ChIJbSN1CLFPXj4Rl9x9Aro5dag
westyas,ChIJhTfJMztRXj4RxFVl3wqJQak
westyas,ChIJh9wAonFPXj4R6P2_rlevv90
westyas,ChIJRcFIcQBPXj4R_ffjuPKPC3w
westyas,ChIJ6xBtUQBPXj4RBIivJTZdPiE
westyas,ChIJFbcipNZPXj4RDzs7kJAKif8
westyas,ChIJm4-13dJPXj4RGhVhaDMey88
westyas,ChIJtcOjwlZPXj4RzHRLm0qD3cg
westyas,ChIJAQMQu4BPXj4RgzlYD-d7xlE
westyas,ChIJPaBozw5OXj4RFHmj9O7KVNQ
westyas,ChIJUayCUE5PXj4Rg1xfk-miDhw
westyas,ChIJ0buKpw5OXj4R8Q_RMWwMbHU
westyas,ChIJr3cA2epPXj4RcS6qJB4IjtA
westyas,ChIJf3cbfzdPXj4RMbH1w9jcBl8
westyas,ChIJ80o6kQxOXj4R3GhiXR5zl-E
westyas,ChIJc7DZPwlnXj4RDLTM5fIWTaY
westyas,ChIJ-WMhQYxPXj4RV48sW_jXqOo
westyas,ChIJqRwwWXtPXj4RIFw8lRVEroE
westyas,ChIJq55P8zdPXj4RgpexpFVFk9Q
westyas,ChIJFbhrTABPXj4RGr41seI0ToA
westyas,ChIJMV0z8chPXj4R3Ks5UvWdfLM
westyas,ChIJ05JPFVNPXj4Rs8Z2F_7JQ6E
westyas,ChIJX78DV_BFXj4RN5nviRuPI5Q
westyas,ChIJ332nEJ9dXj4RYkL1dRzw7x8
westyas,ChIJnWNRuh9pXj4R93AxarN6zlI
westyas,ChIJ74u6ERZdXj4R_UOyeBtrBRw
westyas,ChIJEQDnOQBdXj4RANnNr0KE6H0
westyas,ChIJQ-vjMIdfXj4Rv__UgWAIaN4
westyas,ChIJO5rnYmBRXj4R1pXDgiZmjbw
westyas,ChIJA_bkfvdRXj4RIn9092gR8BA
westyas,ChIJt5VoqPdRXj4R15pqzNESzv8
westyas,ChIJibicqPdRXj4R8213z11_N4Y
westyas,ChIJGZx6RABRXj4RKcPXqTWlMuo
westyas,ChIJab-JA4RRXj4RbxVemc2x5kk
westyas,ChIJCfv3ErtRXj4RCJFiBgEm7ag
westyas,ChIJPz1dPzVRXj4RKKiV5j-5NB4
westyas,ChIJN3D6p8dPXj4R3yBQqwyBw3M
westyas,ChIJMRP7IAFPXj4RSz1qPAw9NhI
westyas,ChIJ0eiMDgBPXj4RbtWaL1szmjY
westyas,ChIJF3S7gY5PXj4Rj-9MkNrGVCc
westyas,ChIJrzaR6p5PXj4RhUr3DeYN2qM
westyas,ChIJUQwY39BPXj4RsxvhH-xf4yg
westyas,ChIJX0fF9NNFXj4RnoPe9u8IN-0
westyas,ChIJP2wFAmlFXj4RyTAG9SZLuOo
westyas,ChIJYfh3OItpXj4Rt3V__N7ZRco
westyas,ChIJycN1AhxFXj4RscBwotobRns
westyas,ChIJt4ngRthFXj4R7qe029dMUJU
zawaya-walk,ChIJR0xwLfJdXz4Rhz-hnaHA3hM
zawaya-walk,ChIJDcrq3ABdXz4RMSRDg1NXe3w
zawaya-walk,ChIJp1bBDyZcXz4R-_1hE0ra_Ow
zawaya-walk,ChIJN_DWUZNdXz4R768kyy6GpEU
zawaya-walk,ChIJB_FBOgBdXz4Rzv1HuzwXmRU
zawaya-walk,ChIJv1x4_URdXz4RjKMFG3dGylc
zawaya-walk,ChIJwa_PajZcXz4RLar0UQTyHbg
zawaya-walk,ChIJvSVdQHFdXz4RondKdvbKvkE
zawaya-walk,ChIJcalR9YLDj0gRx59Jmhk6tIs
zawaya-walk,ChIJ4YSlr31fXz4R3O5UIlKb4X4
zawaya-walk,ChIJiyJWuF1dXz4RgjDsXbMvvtw
zawaya-walk,ChIJz9CTbIIBjkQRosDOC6oKDdU
zawaya-walk,ChIJYVP9wiZcXz4Ryr1f5m2No8Q
zawaya-walk,ChIJXRVawDxcXz4R7xjC64iV7Oc
zawaya-walk,ChIJLY85Mz1cXz4Ry6IMj7ARBzk
zawaya-walk,ChIJn2Buu9JfXz4RgaDjCvjXS1E
zawaya-walk,ChIJEz8KWKD552IR_ZSDLvRqyNU
zawaya-walk,ChIJmbGG9mhfXz4RsF6TvXHGj8w
zawaya-walk,ChIJ1yByaqdfXz4RHhgEkUvYCZQ
zawaya-walk,ChIJjQZufONeXz4R8OsmQMDIssc
zawaya-walk,ChIJm7iVyrMlRqURIp9-0RjFOKc
zawaya-walk,ChIJlwqgEzJfXz4RR6emFcENWZM
zawaya-walk,ChIJQYAIdw5fXz4RsBCXNvyRoCs
zawaya-walk,ChIJL4sJdvtfXz4RMsvZXencQ0U
zawaya-walk,ChIJE5wiehRfXz4RUOEscbo2EeY
zawaya-walk,ChIJBd3hzeJXfyMRta-fcmfoNuI
zawaya-walk,ChIJf2rzvRhfXz4RzvR4GqMP9Hs
zawaya-walk,ChIJIbqEfFlfXz4RXyDQmljIUKo
zawaya-walk,ChIJCfMbbW9fXz4RveIw7fKrTCc
zawaya-walk,ChIJg6NTysVfXz4RHQLIQndvGv8
zawaya-walk,ChIJ0Tgw0U5fXz4RhEkAt36l9Qw
zawaya-walk,ChIJDVozUgBfXz4R1X5XT6W1Lwg
zawaya-walk,ChIJ-0Ja9_VfXz4RA7bw0daJgLc
zawaya-walk,ChIJ1eNhgd9fXz4RuvRh2auxfkM
zawaya-walk,ChIJj7Jm3t6b9T4RO1TlKMMHK8M
zawaya-walk,ChIJbVJoeP1fXz4RmxIr7Pr7lBY
zawaya-walk,ChIJ39ts4aJfXz4RLvBpILB1RJY
zawaya-walk,ChIJuzCH_qlfXz4RZh8WQHgLwd8
zawaya-walk,ChIJX8dksxlfXz4R1e1sT07AKUI
zawaya-walk,ChIJL-m58dNfXz4RAMZ-FxG2Fzo
zawaya-walk,ChIJ9S5b2oNfXz4R_9ibqLSAeuA
zawaya-walk,ChIJ-zN-A-lZXz4RvtTGiuchu-A
zawaya-walk,ChIJTWl3Wnr19T4RfTl83jrc028
zawaya-walk,ChIJ8W5lPs_19T4RfkbaAdufyM8
zawaya-walk,ChIJbxwhBQD19T4Ree2T_eVOIPA
zawaya-walk,ChIJuXi5rexbXz4Rrge5NnADxho
zawaya-walk,ChIJZ6RAxWdbXz4Rce9GlE7dkpQ
zawaya-walk,ChIJvRWeHqpbXz4RiMrOejcWbCE
zawaya-walk,ChIJn30VYoxbXz4R_gsaNv_-ekA
zawaya-walk,ChIJPTY1fY1bXz4RruCL5HJixwk
zawaya-walk,ChIJ08PJWvtdXz4RldfPk4H69kw
zawaya-walk,ChIJdT8teVxbXz4RJ2fuKA5UsqM
zawaya-walk,ChIJycEuVYpbXz4RfOHtje7DNCc
zawaya-walk,ChIJ47iEwIxbXz4Rl8Wlyq2E9nQ
zawaya-walk,ChIJk74f1blbXz4RwJjKkNklL5E
zawaya-walk,ChIJnyC2IkRbXz4Rp1rFmPTmj0o
zawaya-walk,ChIJrwRvedFbXz4Rc5FLvTEtUuo
zawaya-walk,ChIJn0H48zpfXz4RjSyn5XhZVSk
zawaya-walk,ChIJJ1SRzkxZXz4RNl8UYadaCgo
zawaya-walk,ChIJX_unnZtfXz4RdR6kFg5F_o0
zawaya-walk,ChIJuzBCbMpeXz4RxZW0WD98Ct0
zawaya-walk,ChIJD9p-vLBfXz4RYW3xh4FKnG0
zawaya-walk,ChIJ93PtZgBZXz4RI7w-Xtw5MfU
zawaya-walk,ChIJu7JZ0yVfXz4RbFSPi2GjBbU
zawaya-walk,ChIJI3ew5ExZXz4RoLVH8STHE5g
zawaya-walk,ChIJlx4c34NfXz4RNWeXsP1TyJk
zawaya-walk,ChIJQR_bfiJfXz4R8_7vwfdZEq4
zawaya-walk,ChIJ1fk5k8JfXz4RhXaNK864CY4
zawaya-walk,ChIJhS4YWLBfXz4RVr0X3Q-igSA
zawaya-walk,ChIJN9iT5I9fXz4Ra9wX-HJfdKQ
zawaya-walk,ChIJaTUdmCBfXz4R3UO495zgSlk
zawaya-walk,ChIJA-EyzRdfXz4RE3t3rQSKlSc
zawaya-walk,ChIJq6qqqv1YXz4RaNpdZFGR3P0
zawaya-walk,ChIJ0-U5SDVfXz4RjzjD_EyJoHs
zawaya-walk,ChIJR2fkRYJfXz4REzmPziZ6qpg
zawaya-walk,ChIJW8oMfABfXz4RIcRUJoLLXbg
zawaya-walk,ChIJd1MjLz1fXz4RjRjnzrOqlkg
zawaya-walk,ChIJS9adGiBfXz4ROf65E4Hk_-U
zawaya-walk,ChIJS77minNfXz4R2YZQP0h5-UU
zawaya-walk,ChIJXwWRdABfXz4RnN7GMvtyDOA
zawaya-walk,ChIJp2gR5idfXz4RPjz-9-DprGg
zawaya-walk,ChIJofTmTdpfXz4RdMzeH2B-GwU
zawaya-walk,ChIJ7SSzQkJfXz4RFrgppMVBRuI
zawaya-walk,ChIJFfN9e0RfXz4RHL2GZN8Ean4
zawaya-walk,ChIJVZE-ciZfXz4Rp3c1vTep_ys
zawaya-walk,ChIJiVO5P-BfXz4RikSUGaTr2XU
zawaya-walk,ChIJYcoAMNNfXz4RhygkXYRIdZk
zawaya-walk,ChIJcU1Ba6JfXz4Rth2bex0_nlU
zawaya-walk,ChIJr9DXCOBfXz4Rwj9WKHJI-MI
zawaya-walk,ChIJe72N3cNfXz4RSiXGHtRMUkA
zawaya-walk,ChIJBzCGSQBfXz4R2kEJKf63JkE
zawaya-walk,ChIJyUDLP_JfXz4Rqm9EIayeXX4
zawaya-walk,ChIJy9j-38VfXz4R-tbo6hKJ2IY
zawaya-walk,ChIJfUxSTsRfXz4RCsKQ7BV-KbM
zawaya-walk,ChIJU50SyDtfXz4RB-Gqo67mIxk
zawaya-walk,ChIJg135IVJfXz4RrnzZCk-satQ
zawaya-walk,ChIJQ_iYnghfXz4RCInkdSg3_Sw
zawaya-walk,ChIJJUbFlrz19T4Rmn8pIcJzj30
zawaya-walk,ChIJRbcrOb5bXz4ROQ5MUVqO5s8
zawaya-walk,ChIJAaQ1IMRbXz4RK_3rfAj3Ac0
zawaya-walk,ChIJi5pos8VbXz4RES8hmlV1PZM
zawaya-walk,ChIJ9XHpCpVbXz4RkKx9b0BfIPM
zawaya-walk,ChIJz41LB5ZbXz4RyKTgvu44dd4
zawaya-walk,ChIJR7cOhsRbXz4RaeMjaS6xFCI
zawaya-walk,ChIJ7wM9QWpbXz4RkVp9PvUt3KQ
zawaya-walk,ChIJzZuQ1a1bXz4RPIzhlJS5DaI
zawaya-walk,ChIJ-fa1VZRbXz4RhPDZYZhwtBU
zawaya-walk,ChIJLfkMwjFbXz4R8WhtmxeEus0
zawaya-walk,ChIJaZVR4APfLYoRDs8nQwNkq7A
zawaya-walk,ChIJXXgtvxxbXz4Rlqv7kZXur5o
zawaya-walk,ChIJYTEDHthbXz4RnoCtk0BM6cw
zawaya-walk,ChIJiarrbNJbXz4ROcMKETPWAx4
zawaya-walk,ChIJiyMMy9BbXz4ReIW8bqdQNoc
zawaya-walk,ChIJP_C8v9pbXz4RnnmAdu9SxYo
zawaya-walk,ChIJ0UiETNhbXz4RDViHG_j-l-M
zawaya-walk,ChIJYT6ACepbXz4RbA8joNTo0qs
zawaya-walk,ChIJ8c8GkDRbXz4R8J0sEh84QHI
zawaya-walk,ChIJRZm6tGdZXz4RMtNnX-1S6SE
zawaya-walk,ChIJIyAbliNbXz4ReAGBa_WDMPI
zawaya-walk,ChIJl_G_HOFZXz4R2PnapI98n0o
zawaya-walk,ChIJxZWfPCFZXz4RrR7kgogRbRs
zawaya-walk,ChIJBV8FjRZZXz4RmqXXsT4z61o
zawaya-walk,ChIJI6kdiclZXz4RxZY6UTyFWoU
zawaya-walk,ChIJL5YDXKVZXz4RnfZj13al2Ng
zawaya-walk,ChIJax8yHhdZXz4RbpgE5mygB3g
zawaya-walk,ChIJifgXa5xZXz4RIfhneYBaeZg
zawaya-walk,ChIJO8VOgxVZXz4RATnT-vho3m0
zawaya-walk,ChIJ7SIfIBVZXz4R0e0eh9Mq9LI
zawaya-walk,ChIJUSIIsRBZXz4R70gQkI41nIw
zawaya-walk,ChIJnf_kDzBZXz4Ry6AQbetEHfA
zawaya-walk,ChIJX8Cw0BBZXz4Rb2uZZEkEAPw
zawaya-walk,ChIJB2RZRz9ZXz4RDJDxu0WJR5g
zawaya-walk,ChIJcfgzQz5ZXz4R76xWmFnB528
zawaya-walk,ChIJn2BI9j1ZXz4Rj41HaqibPz0
zawaya-walk,ChIJlxL3RqtZXz4R55LgCV2JNQc
zawaya-walk,ChIJc3_ZrDhZXz4RfcuPCWZBYOI
zawaya-walk,ChIJu81xwBpfXz4RRRg116nWxg0
zawaya-walk,ChIJYy1ZBHxfXz4RpGS9b2k2eXo
zawaya-walk,ChIJWZ5gTL5fXz4RqO4LzvFchyg
zawaya-walk,ChIJb8vnGMFYXz4RNDvewkI1L4w
zawaya-walk,ChIJ7YAC5uZfXz4RAOK_CywTiUw
zawaya-walk,ChIJFZkKF4JfXz4RhqrSSsI3xps
zawaya-walk,ChIJMeE-dnJfXz4RQivhpNxdXFA
zawaya-walk,ChIJZ22FMPxfXz4R9Lfg4J_xjl0
zawaya-walk,ChIJm1Jy7EJbXz4ReZ-r8qu-8CE
zawaya-walk,ChIJpaLl1klaXz4RJ7NpssMgXGI
zawaya-walk,ChIJP44SUjdaXz4R3hGkTSCFd3g
zawaya-walk,ChIJDUGzwT9bXz4RmNUWNM5W5sQ
zawaya-walk,ChIJ48Dh9ZlbXz4R2IDVA9xe6i0
zawaya-walk,ChIJYzCocDRaXz4RBKZ-V2N0F1s
zawaya-walk,ChIJ-SbnyvRbXz4RfQjq13pbrGw
zawaya-walk,ChIJMwmv3TBaXz4Ro_5dgsBLnMg
zawaya-walk,ChIJn6Dkq_RbXz4RNdYbbtOpCtg
zawaya-walk,ChIJV_POqilbXz4RYRMNVUjbg0k
zawaya-walk,ChIJk4IBfABbXz4RIqM58AAppEY
zawaya-walk,ChIJVY46pyVaXz4RzVkT4CG1nZI
zawaya-walk,ChIJV-X779NbXz4RXLgsfd2Qdtk
zawaya-walk,ChIJS2tOxdNbXz4RdU_0twitk8U
zawaya-walk,ChIJC-LiLblbXz4RwUJ71FrEeuk
zawaya-walk,ChIJV6VTbM9bXz4RWiNkOtSA3e4
zawaya-walk,ChIJv2v-ZM1bXz4RoJXkKBGxPLY
zawaya-walk,ChIJxwcPV5VZXz4R2bv268leaCc
zawaya-walk,ChIJ986svptZXz4Rh8-DejpYy2U
zawaya-walk,ChIJaYl9CpVZXz4Rerjtulc7fLw
zawaya-walk,ChIJoW2158pZXz4R681YZDFGm_0
zawaya-walk,ChIJuasNK4lZXz4RIrgLLmvKOPA
zawaya-walk,ChIJ-f6tkZpZXz4RyxQJE89NlAI
zawaya-walk,ChIJqyowzS1ZXz4RYeSkHpS17Wc
zawaya-walk,ChIJTbjikgtZXz4RMiGNoUNLPnw
zawaya-walk,ChIJR2ozSM5bXz4RulJTF9Db8wo
zawaya-walk,ChIJzeiDwopZXz4RsBN-yI7LOjs
zawaya-walk,ChIJFcUSgcBZXz4RN5ZvDWcYex0
zawaya-walk,ChIJw72UwopZXz4RMQ7WbiegsPY
zawaya-walk,ChIJa05eCtdbXz4RDd1zazjwkJ0
zawaya-walk,ChIJZdM2KYhZXz4RXkWhN4nwSH4
zawaya-walk,ChIJOTjnnYlZXz4RXtTkz9y19OU
zawaya-walk,ChIJT7HlRwtZXz4R48RUdHYu8Gg
zawaya-walk,ChIJ37qvhKpZXz4Rq2v_8cBjicM
zawaya-walk,ChIJc5khtppZXz4RofafrhU7b2o
zawaya-walk,ChIJ9fLeKQBZXz4RANcolwUEpRo
zawaya-walk,ChIJ4flbZQdZXz4R1rPa-ar1hto
zawaya-walk,ChIJz_-SIeVZXz4RKPHZoQto1SE
zawaya-walk,ChIJ5z7QNuRYXz4RfwEqF0YOBNY
zawaya-walk,ChIJz3MWcgBZXz4RidNKVFe3LfM
zawaya-walk,ChIJq7Dq9v5ZXz4RQ4IhL0h77o0
zawaya-walk,ChIJH9ezoptZXz4RfRCnIn9sH_4
zawaya-walk,ChIJPe3wOXEWO6wRWtfbUrbbtiU
zawaya-walk,ChIJFW-SXABZXz4R4Ml8b4JtD3Y
zawaya-walk,ChIJ0cnKjVBYXz4RKA_FL7Mb5RA
zawaya-walk,ChIJyZLa-MNZXz4RuY4N3AHUYVs
zawaya-walk,ChIJTxqY0ShZXz4Rt2N2fcRxMbE
zawaya-walk,ChIJ_47sagBZXz4RsbCxjoIIUIw
zawaya-walk,ChIJ6QF8vV5ZXz4RZu_pIFWZ5ts
zawaya-walk,ChIJhe5sgyZZXz4Rk9Rm4lC265o
zawaya-walk,ChIJecETiaH39T4Rq7O0o-tgGtM
zawaya-walk,ChIJRSDw2PX39T4RseVuWvDd5vQ
zawaya-walk,ChIJXZWEseP39T4RnHrpKtcirAo
zawaya-walk,ChIJMSec71dZXz4RV4CORjjmTxY
zawaya-walk,ChIJNxucuvv39T4RY5NdfQIytkE
zawaya-walk,ChIJxX4-UQBbXz4Rp3Ky8M4DsI4
zawaya-walk,ChIJpQMjbQBZXz4RzscUup6hkN8
zawaya-walk,ChIJrwkkTBv39T4RdDA9sAXQGzs
zawaya-walk,ChIJVT_tAD5DdwgRbn4DNMU6-18
zawaya-walk,ChIJ5c5EP2lZXz4R07DF9QCU9pc
zawaya-walk,ChIJtdX9NH5ZXz4RYJrrD5aVdyk
zawaya-walk,ChIJo3g7Ct5ZXz4RGQ0rROQAQc0
zawaya-walk,ChIJDZ-wGwD39T4R1OOO3DMuXEs
zawaya-walk,ChIJdyOsJA339T4Rt18fInECe9E
zawaya-walk,ChIJ-8vV4r_39T4RSyDcBH0b2DU
zawaya-walk,ChIJ_7J1y39bXz4RKGtK3CqxZjs
zawaya-walk,ChIJEXoPxHlbXz4R1B_h_-YgHSs
zawaya-walk,ChIJU_FE7oxZXz4RAFCCz9C5dmM
zawaya-walk,ChIJ90NFrO9ZXz4Ro0ad3uwU7CM
zawaya-walk,ChIJcx7T2uhZXz4RGfBUwq64G7c
zawaya-walk,ChIJQZrjjTRbXz4Rm3L3nXV8IIo
zawaya-walk,ChIJSbg1VAaf9T4RGmfbFN7wT8E
zawaya-walk,ChIJ7TZzRBlaXz4RcgV9TeolJZE
zawaya-walk,ChIJAfrlr5RZXz4RMAo3ivugxKA
zawaya-walk,ChIJa5ovS-5bXz4RTwihM_mvNts
zawaya-walk,ChIJFcKxeSBaXz4R8WST9RkRqfM
zawaya-walk,ChIJv6xVZQBZXz4RIrGysNq_T4s
zawaya-walk,ChIJyQxxvi5bXz4RAjUySCPJHgc
zawaya-walk,ChIJf_PphZtbXz4RjBpx0sC7A9g
zawaya-walk,ChIJnyOydrFbXz4R4JYajH31_E8
zawaya-walk,ChIJ9d5Zv2FZXz4RekweShNhSmg
zawaya-walk,ChIJLVd7CQBZXz4Rj9ZsIGlpVPM
zawaya-walk,ChIJSSutuPtZXz4R-q3irtOKbPA
zawaya-walk,ChIJ8VfD6ZBZXz4RNVGSTqpfcOs
zawaya-walk,ChIJYeE_PiJZXz4RCcoYmz6qM2Y
zawaya-walk,ChIJX8NLochZXz4RXUX6OY43kvg
zawaya-walk,ChIJtb-vyZ5ZXz4RzPsraGvzSWA
zawaya-walk,ChIJ7TxI2rlZXz4RM1Hpx4Ft7PU
zawaya-walk,ChIJvVQNgkdZXz4RiBLilDU3GFQ
zawaya-walk,ChIJfXDq6tJZXz4RroiQCyrUtYU
zawaya-walk,ChIJR0AlBQD39T4Rhkdrrc8ZkOw
zawaya-walk,ChIJL5UnvElYXz4RfTOyREySQFY
zawaya-walk,ChIJEStQPTdYXz4RCxyE-4Vssvo
zawaya-walk,ChIJ1xgX5lpZXz4Ru0C_B5RsoLM
zawaya-walk,ChIJ7XCRQQpZXz4Rs8WBvUGdS0c
zawaya-walk,ChIJKy56GZ5ZXz4RFWV5nEbeJrw
zawaya-walk,ChIJnzecHPZZXz4RpOlbna9cNEE
zawaya-walk,ChIJT-SLNgBZXz4R69tuLE6Vwjw
zawaya-walk,ChIJiVzmMwBZXz4R_b78-VDu4QA
zawaya-walk,ChIJzwEk5KtZXz4RJni9xzjlfDQ
zawaya-walk,ChIJs-_OiLBZXz4RX-HvbwLDPcA
zawaya-walk,ChIJcWEsIQBZXz4RNJAxpndkJZM
zawaya-walk,ChIJiRfmYABZXz4Rh_ar-xSmE2Q
zawaya-walk,ChIJE4chTClZXz4R7vURiYtbRHI
zawaya-walk,ChIJQQmx7Y1ZXz4RAv79CtVvwsw
zawaya-walk,ChIJcwLLYwD39T4RoKWnNtXG0lg
zawaya-walk,ChIJqf_R9cP39T4RsR0sWdnNUnc
zawaya-walk,ChIJT1y__EJZXz4RVzIdpFE9o-E
zawaya-walk,ChIJFzyI1Sv39T4RO0leKO8-hKE
zawaya-walk,ChIJAWggAsX39T4Ru6TQSSwpb7s
zawaya-walk,ChIJRTYMoov39T4RYfX-BjBZ0ac
zawaya-walk,ChIJz7ujP4v39T4Rhn6dsxA6MTE
zawaya-walk,ChIJkQSW5IxZXz4RFLHiTT3q9O4
zawaya-walk,ChIJdVZ55alZXz4RfuUPGLwiJu4
zawaya-walk,ChIJjQeGbHFZXz4RS-TkjEZdVnQ
zawaya-walk,ChIJt0BsyWhZXz4R_P_sbFzWuRU
zawaya-walk,ChIJPxximpBzhC0R3or17RmeePk
zawaya-walk,ChIJAet_lFRXXz4RReAJbaM8_Jc
zawaya-walk,ChIJeRN84GH39T4RtMUvpJ4_iwk
zawaya-walk,ChIJzcgAmabQh24REhVY-iYCuI0
zawaya-walk,ChIJSYh6HVX59T4RDE0VlE1HdnM
zawaya-walk,ChIJwSEyLuH39T4R7qfTAiwRqxo
zawaya-walk,ChIJL-iPGABZXz4R6OqqfW4gthE
zawaya-walk,ChIJp3LDugxXXz4RXggNdqmleQ8
zawaya-walk,ChIJLT8BhnZZXz4R12Ig81DTM54
zawaya-walk,ChIJa32N9BRYXz4RiVJ4tpp8Sa0
zawaya-walk,ChIJV3GaHwBZXz4R8UypONMy3oY
zawaya-walk,ChIJRVh9rwFZXz4RtZYO2SOYym4
zawaya-walk,ChIJ7Ru9OKhZXz4R_2ZlVuOUK5Q
zawaya-walk,ChIJvZsbsPBZXz4RF0zr2wUmZwk
zawaya-walk,ChIJka39-Y5ZXz4ReNFxwZDGgEQ
zawaya-walk,ChIJ7Vocftr39T4REpOVurs1msw
zawaya-walk,ChIJDSstAwP49T4R1zt48M5uB8Q
zawaya-walk,ChIJPWrE45j59T4ReGfuKnpkUSA
zawaya-walk,ChIJIbCvHe359T4RPdyYvfzllkY
zawaya-walk,ChIJR7WbKJj59T4R-xHXvMAiK5A
zawaya-walk,ChIJbY8bpeFfXz4RfpbWgug8jv0
zawaya-walk,ChIJKwaeJQBfXz4RuRGxRQDn_RU
zawaya-walk,ChIJsVnEq25fXz4Rnr-ENLe7oYU
zawaya-walk,ChIJKYc-EWBfXz4RkNN7aXLiX_A
zawaya-walk,ChIJMTOHD0xbXz4RAqvPF8yQn4U
zawaya-walk,ChIJk2Ha7wwsCaYR5GsD3akLXjA
zawaya-walk,ChIJeaTqXzlfXz4R1KgagkXcaxo
zawaya-walk,ChIJRxogNgZfXz4RPygt_5RDYpY
zawaya-walk,ChIJD6fZRjxbXz4R8PFdhqG5L80
zawaya-walk,ChIJOVXQ5vVfXz4RDjGG7cOA23M
zawaya-walk,ChIJba3ay3tfXz4ReallJjjtNy4
zawaya-walk,ChIJcZMY08BbXz4RAXhSzvsLDDw
zawaya-walk,ChIJyQXY3HxbXz4REx41PJ2W1vE
zawaya-walk,ChIJzQgcys53RqAR_1d4ZjhnbR0
zawaya-walk,ChIJ69cB64hfXz4RK3vfHvUDtpw
zawaya-walk,ChIJvzuwZABbXz4RuWO1kpE_4Ak
zawaya-walk,ChIJzQF4bB1bXz4RpI6cRxHI5nI
zawaya-walk,ChIJg_MknXgfJyoRy6tIRBNiArU
zawaya-walk,ChIJ27NNoSxfXz4RzhvOVsqbLlw
zawaya-walk,ChIJY6RZGEdZXz4RtiEBnARWTcE
zawaya-walk,ChIJvV3b1rFfXz4RaJp24DnxVbo
zawaya-walk,ChIJxZOmoLJZXz4R5KcEH4_1d3g
zawaya-walk,ChIJN6aauTZfXz4RtNoV8PagHvM
zawaya-walk,ChIJx4xh6HZfXz4RqYvmGjtdv2o
zawaya-walk,ChIJ6wqSJytfXz4RIsuiHeaU9CE
zawaya-walk,ChIJDZC5RU5fXz4RSTvVwJfCFCY
zawaya-walk,ChIJzYRGHGxfXz4RvTgt5jyI_0I
zawaya-walk,ChIJLbMyubJfXz4R7jEQHDNVNAA
zawaya-walk,ChIJ9d_jLvpfXz4Re8S-DpdAuS4
zawaya-walk,ChIJPWxxDQBfXz4R5Y2CPgKhr4k
zawaya-walk,ChIJEWHiVadfXz4R3tvFPPHpaVU
zawaya-walk,ChIJJfoB5ihaXz4RAdIy49SXLhc
zawaya-walk,ChIJj_i5049bXz4Rm-V7iESj4V4
zawaya-walk,ChIJoV3UJn9fXz4RHnbMlfa6fMQ
zawaya-walk,ChIJhWNgXfdfXz4R3hm16pMSu6Y
zawaya-walk,ChIJoSgNIH9ZXz4REHdAnbBsVjk
zawaya-walk,ChIJIa3LyNtfXz4RTV76_-xpZ7g
zawaya-walk,ChIJz85EZydaXz4RJQJhoMNq4ug
zawaya-walk,ChIJi913rc5bXz4RYJ2keUu5-Hg
zawaya-walk,ChIJn_LnZbxfXz4Rv6Gq40f4q9M
zawaya-walk,ChIJiShrsCxfXz4RMGrgk1TyvJc
zawaya-walk,ChIJIYXza0BfXz4RUW80wJ9zHZA
zawaya-walk,ChIJPbM6zFZdXz4RDJBCVFKMByI
zawaya-walk,ChIJkycPAQBfXz4R9R7m8IJwDKU
zawaya-walk,ChIJh5MPNeNfXz4RmPNDH8rWRa0
zawaya-walk,ChIJx-6puWpbXz4Rad7ir9VgT1M
zawaya-walk,ChIJN2oSBwBfXz4RgRU81SjhsFU
zawaya-walk,ChIJJ4OGQABfXz4RBoipTrHlTUU
zawaya-walk,ChIJjaVz42JbXz4RNvhd3hueGfI
zawaya-walk,ChIJl2BnIelfXz4RJgZZlncmjJQ
zawaya-walk,ChIJGUjA8sBbXz4RcWn8quVYyCU
zawaya-walk,ChIJBSqy7q1ZXz4RzZkmJwu7HaE
zawaya-walk,ChIJ2efh7wdbXz4RbEZZkTtThE4
zawaya-walk,ChIJyfV0haxbXz4RnCV6ZLuXNio
zawaya-walk,ChIJqb9O_W5c2gMRvDz6nOkJR2w
zawaya-walk,ChIJ0yPsdiNfXz4R1rGMNPMSeec
zawaya-walk,ChIJeajZ57RfXz4R7OJY8K-vEpo
zawaya-walk,ChIJC7k9f5ldXz4RPk2vWFoF9fY
zawaya-walk,ChIJr00kxEpdXz4Rgq-DRBauz2s
zawaya-walk,ChIJnf6qmkNbXz4R4pN69J94viw
zawaya-walk,ChIJQ-Sg4_FbXz4R4pG4uZs6YSc
zawaya-walk,ChIJ7RXPmtJeLYQRmizt9cos7O8
zawaya-walk,ChIJq8kSmNNbXz4RL_LJTsHVDtg
zawaya-walk,ChIJF-RyVmFbXz4RHnGD6nKK3Jg
zawaya-walk,ChIJEQpiSHJdXz4R-g6pex1DozA
zawaya-walk,ChIJH_Mr0G5bXz4R-tIcjT72Sh0
zawaya-walk,ChIJNyzOPgBdXz4R4lh3gegv41E
zawaya-walk,ChIJc3J4_cNbXz4RYoGh1sA6AwQ
zawaya-walk,ChIJYw23IFVdXz4R1YG0xaNXTQs
zawaya-walk,ChIJF26oxi5bXz4Rk2Dh4DaAOTg
zawaya-walk,ChIJOX2PeINbXz4RfLHFcmI1w1A
zawaya-walk,ChIJl2FrU-FbXz4RfXnTc-r-4K4
zawaya-walk,ChIJSa9_qo1bXz4RTGi5MlQjSB4
zawaya-walk,ChIJVRNV1hFbXz4RT9kIMCioIDo
zawaya-walk,ChIJ1YzEeO5bXz4Rkyz5LdzfJnQ
zawaya-walk,ChIJuYYL8I9bXz4Rdb12ESVXano
zawaya-walk,ChIJE6hXn5RbXz4RSToY_lMOmh4
zawaya-walk,ChIJUwiwGnVbXz4ROzHB8Swit1Q
zawaya-walk,ChIJc2-xoI5bXz4R5vgEnulKudU
zawaya-walk,ChIJlbqjAQBbXz4RRhXI9jsm3SM
zawaya-walk,ChIJdXPujc1dXz4Rj1x0SjK1IIg
zawaya-walk,ChIJJwUGVW1dXz4RlYf-uX5fLgk
zawaya-walk,ChIJQcOkZ25dXz4R30pInhh9IXA
zawaya-walk,ChIJS9EuhtpbXz4RztygiCyvDg0
zawaya-walk,ChIJp24GDDRbXz4RqJddGzPL0oI
zawaya-walk,ChIJNaNQfPVbXz4RlTYhj_9vSJk
zawaya-walk,ChIJx6lYvW1bXz4Rsnm0bar5T2E
zawaya-walk,ChIJDfzONxar_g8RuaapL3ooHwQ
zawaya-walk,ChIJPVtgot5bXz4RYhWAEkEaEYc
zawaya-walk,ChIJWxW2p2dfXz4RqBbXWd-aO2U
zawaya-walk,ChIJt1djftBbXz4RGz-b6H-RHN8
zawaya-walk,ChIJCdmCsDpaXz4RHJFx8WCWvc8
zawaya-walk,ChIJubGQyZZbXz4RzX5FFKAmhHw
zawaya-walk,ChIJVWixxsVbXz4RPtbf6zHzEAQ
zayed-international-airport,ChIJ73UPkVxBXj4RYyfjOtI6t_8
zayed-international-airport,ChIJzyPbvrtHXj4R6KGLA8AAb2Q
zayed-international-airport,ChIJR8LWo1tGXj4Rx0MLzz2712E
zayed-international-airport,ChIJ98d6OJ1oXj4RGQ8-o1qspv4
zayed-international-airport,ChIJcb1OvglBXj4Rpj4qKbJJoW0
zayed-international-airport,ChIJ8Uq1R1lBXj4Rb-6WJo3wDE4
zayed-international-airport,ChIJ7YcGHXJBXj4R2XGB_gU-fdU
zayed-international-airport,ChIJ60POGgBBXj4RZm8XLPPzC3U
zayed-international-airport,ChIJfxeqQk5BXj4RA0PquO-4oMk
zayed-international-airport,ChIJ6x3D_plBXj4R-qot1dS-WBE
zayed-international-airport,ChIJFRhBdlJBXj4RwYy2RLGionw
zayed-international-airport,ChIJbUqn6dRBXj4R42NJ8vyTdW4
zayed-international-airport,ChIJJw6KqQlBXj4R8b-g8H7A294
zayed-international-airport,ChIJbzaVH0xFXj4R4sopMv_a0Ts
zayed-international-airport,ChIJgVU2UABFXj4RrnJ9POOqlsM
zayed-international-airport,ChIJS_qRzU5HXj4RdDHREb3iqr0
zayed-international-airport,ChIJcflCD3lHXj4RT3mzoBbL5Xs
zayed-international-airport,ChIJu-zyqTFHXj4Rfn0ltDhuQLY
zayed-international-airport,ChIJI1MU0phHXj4R9Cwmi8huUZY
zayed-international-airport,ChIJBSTDRftHXj4RrjwQvtjVgVY
zayed-international-airport,ChIJq4yo9plGXj4Rwg8iScd-r9I
zayed-international-airport,ChIJC5E64aFHXj4Rv3VUWnT-q6E
zayed-international-airport,ChIJraRWc2ZGXj4RHZzmHNkAoVI
zayed-international-airport,ChIJV8chu3ZFXj4R8k3bfpbP4yQ
zayed-international-airport,ChIJMSB4C35HXj4RZaFWsB2HzPA
zayed-international-airport,ChIJ93WxzyVGXj4RV-nEwzu_2CI
zayed-international-airport,ChIJR7yaYMIr0A8RJ1xxI2XJjZQ
zayed-international-airport,ChIJ7YfCKAXNFAARAun7rUoz3ns
zayed-international-airport,ChIJz9Ih5T5GXj4RFa6jMlBD1lU
zayed-international-airport,ChIJ_YYU-SlHXj4R_s2xoMvN3H8
zayed-international-airport,ChIJCf71DQBHXj4RGSg-Rap3pzQ
zayed-international-airport,ChIJq6qq6mlGXj4RO92VESUx4Jc
zayed-international-airport,ChIJk3jzKPdHXj4R0MWNKxJuIRI
zayed-international-airport,ChIJkWCcYQBHXj4R4DwKrMJEBbc
zayed-international-airport,ChIJpYqPLKxHXj4RC99ZOhG1Mbw
zayed-international-airport,ChIJAbHY8TNJXj4RCFVFm83o6-w
zayed-international-airport,ChIJae_1NFRJXj4RCUMrko0sCNc
zayed-international-airport,ChIJpe7674JHXj4R4qEwHDutwpo
zayed-international-airport,ChIJRfTVvZVDXj4RZZRKmMGM9cs
zayed-international-airport,ChIJD78jm21DXj4RFJaaFlEWA9U
zayed-international-airport,ChIJJThiRQBDXj4ReHyHBI8ug-c
zayed-international-airport,ChIJsZcdI0VCXj4RcqqbomF0j6w
zayed-international-airport,ChIJy0gbkiRDXj4RsKUFEhYvICw
zayed-international-airport,ChIJi3I6PmpFXj4RvnqAlf-Zj14
zayed-international-airport,ChIJObWU69VFXj4RHe9sihg8jm0
zayed-international-airport,ChIJP1niJQBHXj4RF3V73XOmjaQ
zayed-international-airport,ChIJjVmxV54IyG8Rb6vQGYUtChQ
zayed-international-airport,ChIJK756BwBFXj4RNGsyZqGUr0o
zayed-international-airport,ChIJBa4fnRRFXj4RPhetV5A5vHI
zayed-international-airport,ChIJJb5APb1FXj4RU9aUzn6zONo
zayed-international-airport,ChIJDauAueVFXj4R3Xmnuq3eL3M
zayed-international-airport,ChIJ2cRwm0lynCgR06QvoTEAUV0
zayed-international-airport,ChIJcTgqyBZHXj4Rf5B1BB4WmsQ
zayed-international-airport,ChIJdzZoddFFXj4RJUxCBRKNlz8
zayed-international-airport,ChIJCcq3fX1GXj4RHBRRQQMXNlE
zayed-international-airport,ChIJew69Lv1FXj4RjK59U-COz1k
zayed-international-airport,ChIJH26D38ZFXj4RrPiy947PD0w
zayed-international-airport,ChIJ32dV6-JFXj4RirMzddSWiYA
zayed-international-airport,ChIJieGTC7ZPXj4RX_8hfMRV2HY
zayed-international-airport,ChIJV8rMtqhHXj4R1k1OzNyPle4
zayed-international-airport,ChIJwReRVwZPXj4RpK7PtgYsZSw
zayed-international-airport,ChIJVdq-wf5HXj4RAyEN29J_D4Q
zayed-international-airport,ChIJoV3tjb5FXj4RPTMhunNNho0
zayed-international-airport,ChIJcRE_l2NmXj4Rs7yNgCkivuE
zayed-international-airport,ChIJCRc4ebdFXj4RDqx1r4bzbto
zayed-international-airport,ChIJx_35IbpFXj4RiBbhXLiaAmA
zayed-international-airport,ChIJQ-xRY6NFXj4Ru-FAiCzJdaQ
zayed-international-airport,ChIJg9vaPitJXj4RteR_PONRSLE
zayed-international-airport,ChIJaxDupR1JXj4RxkHSywjtQnU
zayed-international-airport,ChIJu1fiwWpJXj4RVNRMH1pYlyA
zayed-international-airport,ChIJEQ2uFQBJXj4R8QG8_u2Tfu8
zayed-international-airport,ChIJp3xbSABJXj4RArqZJvxrev0
zayed-international-airport,ChIJURVpPwBJXj4RqJu7MxgB1zo
zayed-international-airport,ChIJmzoJWuVLXj4RqBn0BWJ2yrk
zayed-international-airport,ChIJ6-A3RTtnXj4RqdgqRg4jvXw
zayed-international-airport,ChIJmckIai1FXj4RDJdfcplz-70
zayed-international-airport,ChIJbWf7-eFFXj4R3ua_ke0oiTc
zayed-international-airport,ChIJZUhSv6tFXj4R7ZpJFnYGOTw
zayed-international-airport,ChIJlbPth9ndjWwRRkf1fcPzukU
zayed-international-airport,ChIJK1krJPdFXj4RQVCLQY9UeGY
zayed-international-airport,ChIJ2TEfXYhnXj4RGxHrc6Ex7DY
zayed-international-airport,ChIJTVNlNwBFXj4R54kFMo_W4Fg
zayed-international-airport,ChIJz5Tsn31PXj4RrE5jIkDZ7vw
zayed-international-airport,ChIJY6BbY3ZPXj4RrUQtPfRTC6M
zayed-international-airport,ChIJiZM66x5PXj4RIbSt7qEUTzI
zayed-international-airport,ChIJL3H83LJPXj4RKlSye3d8n04
zayed-international-airport,ChIJp_cpJsFPXj4RIWhXvPqu7X0
zayed-international-airport,ChIJAUJXWQBPXj4RFsvzWMRVP5w
zayed-international-airport,ChIJ4yH5BgBPXj4Rq8jB2riSSG0
zayed-international-airport,ChIJPeHUOZ9PXj4RP72F07qBF7g
zayed-international-airport,ChIJA3XvaTVJXj4R4gSJlIkcAPA
zayed-international-airport,ChIJ3Tz_hthPXj4Ry_IfDWiVNDg
zayed-international-airport,ChIJ9UmGSABPXj4REU0bkml0VRU
zayed-international-airport,ChIJHdY88ulLXj4RxJwFo9jhF2g
zayed-international-airport,ChIJkcOkHe1LXj4RoGvVx_GBerI
zayed-international-airport,ChIJ8U8s0m1LXj4Ro5PzKtDofJA
zayed-international-airport,ChIJi8b_JRRLXj4RpcuKoAG2qjQ
zayed-international-airport,ChIJp-oXb_NLXj4RBDc3QGLm-uE
zayed-international-airport,ChIJ25NhJwBLXj4RR7-_dUZ3l7k
zayed-international-airport,ChIJURfcOI9FXj4RQMm5phqBgY8
zayed-international-airport,ChIJ4UkIgGJFXj4Rqq_4olKf64c
zayed-international-airport,ChIJFZhIAO5DXj4RzlYwDOcq5NA
zayed-international-airport,ChIJX56uiH1FXj4R0q65jZPBHjU
zayed-international-airport,ChIJAdgYhN5PXj4RaWe6WoDcrrc
zayed-international-airport,ChIJsXh-qCRFXj4RPD1S74hayKA
zayed-international-airport,ChIJNe0TlU1PXj4Refjm7kiQahI
zayed-international-airport,ChIJnbUMv8FFXj4RNd5I0EaxNd0
zayed-international-airport,ChIJldsuf4dPXj4RP-dmBlvAypc
zayed-international-airport,ChIJiRA2fSNFXj4RMWrYFpOYLvQ
zayed-international-airport,ChIJUa8OzOlFXj4Rwz13Z_Ot4xk
zayed-international-airport,ChIJHxjtWBlFXj4RDcKTU8utwso
zayed-international-airport,ChIJo0AcVmRFXj4RX_BMC8Yz8Rc
zayed-international-airport,ChIJeQR6m39FXj4R_lb3bZ30fCg
zayed-international-airport,ChIJ3-uGn0Iz26cR1MLoPgqPDNw
zayed-international-airport,ChIJB0itbYNFXj4RSJ3-1CYpOfo
zayed-international-airport,ChIJs8VLrXFFXj4RAgma1lPZzZw
zayed-international-airport,ChIJ8ZtA3AhPXj4R9bv4hORDLjI
zayed-international-airport,ChIJw8rScR1FXj4RqBQrVfnEKSg
zayed-international-airport,ChIJ356381xFXj4RleluuqcjXKw
zayed-international-airport,ChIJzytGPQBFXj4ROm4eylf7Kho
zayed-international-airport,ChIJO454ZwBPXj4RZFsKq4kIvPw
zayed-international-airport,ChIJW3C9ewBPXj4REgscJwT0eTs
zayed-international-airport,ChIJzQ8rNUhOXj4RGlCfY1LYDIc
zayed-international-airport,ChIJc2TrBABPXj4RuGMwJyG_aN4
zayed-international-airport,ChIJWUO80Z9PXj4ReoD9XBjFuPM
zayed-international-airport,ChIJJZQinK9PXj4R8pDiVbY5L1w
zayed-international-airport,ChIJfxUbmz5OXj4Rh_bZxj75WL4
zayed-international-airport,ChIJfySZEadpXj4RQFGCOlwRwOg
zayed-international-airport,ChIJp323AgBPXj4RrofDoXgnPcg
zayed-international-airport,ChIJD4CyS3NOXj4RscRpJQ6SRmc
zayed-international-airport,ChIJd4DLeFpPXj4RfCwYjK8HG7o
zayed-international-airport,ChIJCZNgIwBPXj4RBXDQ6gQyJZc
zayed-international-airport,ChIJ_QS6FTNPXj4Rh1Dtow6vH_Y
zayed-international-airport,ChIJ5YtLV7hPXj4R30frPezuOe8
zayed-international-airport,ChIJUcq4CQBPXj4RrP8bmXN55UI
zayed-international-airport,ChIJa-JXp4dRXj4RwYg3Nwqibmo
zayed-international-airport,ChIJQRT3IABRXj4RhK_Znr1OILM
zayed-international-airport,ChIJbSN1CLFPXj4Rl9x9Aro5dag
zayed-international-airport,ChIJhTfJMztRXj4RxFVl3wqJQak
zayed-international-airport,ChIJh9wAonFPXj4R6P2_rlevv90
zayed-international-airport,ChIJRcFIcQBPXj4R_ffjuPKPC3w
zayed-international-airport,ChIJ6xBtUQBPXj4RBIivJTZdPiE
zayed-international-airport,ChIJFbcipNZPXj4RDzs7kJAKif8
zayed-international-airport,ChIJm4-13dJPXj4RGhVhaDMey88
zayed-international-airport,ChIJtcOjwlZPXj4RzHRLm0qD3cg
zayed-international-airport,ChIJAQMQu4BPXj4RgzlYD-d7xlE
zayed-international-airport,ChIJPaBozw5OXj4RFHmj9O7KVNQ
zayed-international-airport,ChIJUayCUE5PXj4Rg1xfk-miDhw
zayed-international-airport,ChIJ0buKpw5OXj4R8Q_RMWwMbHU
zayed-international-airport,ChIJr3cA2epPXj4RcS6qJB4IjtA
zayed-international-airport,ChIJf3cbfzdPXj4RMbH1w9jcBl8
zayed-international-airport,ChIJ80o6kQxOXj4R3GhiXR5zl-E
zayed-international-airport,ChIJc7DZPwlnXj4RDLTM5fIWTaY
zayed-international-airport,ChIJ-WMhQYxPXj4RV48sW_jXqOo
zayed-international-airport,ChIJqRwwWXtPXj4RIFw8lRVEroE
zayed-international-airport,ChIJq55P8zdPXj4RgpexpFVFk9Q
zayed-international-airport,ChIJFbhrTABPXj4RGr41seI0ToA
zayed-international-airport,ChIJMV0z8chPXj4R3Ks5UvWdfLM
zayed-international-airport,ChIJ05JPFVNPXj4Rs8Z2F_7JQ6E
zayed-international-airport,ChIJO5rnYmBRXj4R1pXDgiZmjbw
zayed-international-airport,ChIJA_bkfvdRXj4RIn9092gR8BA
zayed-international-airport,ChIJt5VoqPdRXj4R15pqzNESzv8
zayed-international-airport,ChIJibicqPdRXj4R8213z11_N4Y
zayed-international-airport,ChIJ1zUsWro4Xj4RPiP1sG2UhqM
zayed-international-airport,ChIJGZx6RABRXj4RKcPXqTWlMuo
zayed-international-airport,ChIJBcezDOBRXj4ReyZ1UMIFj00
zayed-international-airport,ChIJab-JA4RRXj4RbxVemc2x5kk
zayed-international-airport,ChIJCfv3ErtRXj4RCJFiBgEm7ag
zayed-international-airport,ChIJ6a7GXQBRXj4RY6VaPDEnhe8
zayed-international-airport,ChIJPz1dPzVRXj4RKKiV5j-5NB4
zayed-international-airport,ChIJc_5igYhRXj4RffnMtilTDoM
zayed-international-airport,ChIJ3ziKcCpTXj4RwqXtq8cgUOg
zayed-international-airport,ChIJN3D6p8dPXj4R3yBQqwyBw3M
zayed-international-airport,ChIJMRP7IAFPXj4RSz1qPAw9NhI
zayed-international-airport,ChIJ0eiMDgBPXj4RbtWaL1szmjY
zayed-international-airport,ChIJ_3PpKfdFXj4RMHet52RdlMM
zayed-international-airport,ChIJF3S7gY5PXj4Rj-9MkNrGVCc
zayed-international-airport,ChIJE9GxX6BHXj4RGlt2IQolkFo
zayed-international-airport,ChIJrzaR6p5PXj4RhUr3DeYN2qM
zayed-international-airport,ChIJUQwY39BPXj4RsxvhH-xf4yg
zayed-international-airport,ChIJX0fF9NNFXj4RnoPe9u8IN-0
zayed-international-airport,ChIJP2wFAmlFXj4RyTAG9SZLuOo
zayed-international-airport,ChIJyzQrxX9BXj4R3dgagdsPj3c
zayed-international-airport,ChIJJa-aG9pHXj4RITVTPeiexls
zayed-international-airport,ChIJzZVKEF5GXj4RN9lxYZQXab4
zayed-international-airport,ChIJYfh3OItpXj4Rt3V__N7ZRco
zayed-international-airport,ChIJXegBnsJLXj4RbvwJRXPu_8o
zayed-international-airport,ChIJycN1AhxFXj4RscBwotobRns
zayed-international-airport,ChIJt4ngRthFXj4R7qe029dMUJU
