place_id,name,address,lat,lng,rating,review_count,status,primary_type,price_level,price_low_aed,price_high_aed,is_bedashing,branch_id,excluded_reason,fetched_at
ChIJH2YVQQCvij4RZQa-s3P6o5A,As To As Prestige Salon,4MV2+P34 - Al Rawdah Al Sharqiyah - Al Hilaiw - Abu Dhabi - United Arab Emirates,24.1443297,55.6501775,3,7,OPERATIONAL,hair_salon,,,,False,,,2026-10-09
ChIJJSr-mdqvij4R_-EnlVovxxc,صالون بيور للرجال,Ar Rawdah Ash Sharqiyah St - Al Rawdah Al Sharqiyah - Al Ifaz - Abu Dhabi - United Arab Emirates,24.146946399999997,55.649912199999996,3.7,38,OPERATIONAL,hair_salon,,,,False,,,2026-10-09
ChIJT40F49Sxij4RQ-TqfKKhzuE,صالون وسبا نوسيكا للسيدات,Al - شارع أبوظبي - العين - العقابية - الخالدية - أبو ظبي - United Arab Emirates,24.1571361,55.6738938,4,54,OPERATIONAL,beauty_salon,,,,False,,,2026-10-09
ChIJ1TUE7Aqwij4RPXC8H5aMaxM,صالون المميز للرجال,4MVQ+VQF - Zakhir - Ramlat Zakher - Abu Dhabi - United Arab Emirates,24.144679,55.6894126,4.8,6,OPERATIONAL,barber_shop,,,,False,,men-only,2026-10-09
ChIJtec-F-Wxij4Rt6BTCnNZOMw,صالون السويداء للحلاقة,4MXR+4RP - Nahyan The First St - Zakhir - Ramlat Zakher - Abu Dhabi - United Arab Emirates,24.147827,55.692090699999994,3.7,3,OPERATIONAL,beauty_salon,,,,False,,,2026-10-09
ChIJDSS2q4Cwij4RvG_Tnf01jt8,صالون مهرة العين للسيدات,Shiab Al Ashkhar - Hai Zayed Mosque - Abu Dhabi - United Arab Emirates,24.1542213,55.7136402,3.5,114,OPERATIONAL,beauty_salon,expensive,1,600,False,,,2026-10-09
ChIJRZKmhW67ij4RHlKz6bWF8bo,Atlantes Spa / أتلانتس سبا للسيدات,Zakhir - Al Grayyeh - Abu Dhabi - United Arab Emirates,24.1378012,55.7073187,3.9,35,OPERATIONAL,beauty_salon,,,,False,,,2026-10-09
ChIJGUsxxty7ij4RIIlFm_CYrH4,صالون ورود العرب للرجال,Al Ain - Zakhir - Al Grayyeh - Abu Dhabi - United Arab Emirates,24.1413784,55.7115941,4.7,21,OPERATIONAL,barber_shop,,,,False,,men-only,2026-10-09
ChIJqzKEHdOxij4RBlhAUSlRyYQ,Nismo Gents Saloon صالون نيسمو للرجال,Al Anfas St - Zakhir - Ramlat Zakher - Abu Dhabi - United Arab Emirates,24.153515,55.694613999999994,4.3,11,OPERATIONAL,hair_salon,,,,False,,men-only,2026-10-09
ChIJ_____4Kwij4RdvbjmlasuA0,صالون ايليت سيزر للرجال والاطفال,Hazza Bin Sultan St - Shiab Al Ashkhar - Hai Zayed Mosque - Abu Dhabi - United Arab Emirates,24.1516767,55.7200468,3.1,16,OPERATIONAL,hair_salon,,,,False,,,2026-10-09
ChIJkcORU66xij4R5XULIuF29mE,Oro.beauty center,Al - Shiab Al Ashkhar - Hai Zayed Mosque - Abu Dhabi - United Arab Emirates,24.1522826,55.713698,3.4,22,OPERATIONAL,beauty_salon,,,,False,,,2026-10-09
ChIJVwZvWP-xij4RUCwBQ5nYhgs,صالون عامر منير للرجال,Unnamed Road - 5M2W+5QG - Zakhir - Al Swuaifi - Abu Dhabi - United Arab Emirates,24.1504367,55.6969594,2,3,OPERATIONAL,barber_shop,,,,False,,men-only,2026-10-09
ChIJSfjSIGq7ij4RnJuMR9P6kGg,صالون السفينة,4PP6+MJ3 - Zakhir - Al Grayyeh - Abu Dhabi - United Arab Emirates,24.136644,55.711544499999995,3.8,16,OPERATIONAL,hair_salon,,,,False,,,2026-10-09
ChIJOWloVwCxij4Rx7wld6mBoQA,محل حلاقة فى العين,1 Al Anfas St - Zakhir - Ramlat Zakher - Abu Dhabi - United Arab Emirates,24.1535577,55.694688299999996,5,4,OPERATIONAL,hair_salon,,,,False,,,2026-10-09
ChIJlfklSo-6ij4RHqEQBeF-PBU,صالون سي بريز للرجال,4PP4+VWX - Zakhir - Al Grayyeh - Abu Dhabi - United Arab Emirates,24.1372341,55.7073682,3.8,5,OPERATIONAL,barber_shop,,,,False,,men-only,2026-10-09
ChIJ7XvVr9K7ij4Rxu2eZXbJ8Vw,صالون القلعة الشامخة للحلاقة,grayya al amiri building - Zakhir - Al Grayyeh - Abu Dhabi - United Arab Emirates,24.1373195,55.7073663,4.7,7,OPERATIONAL,hair_salon,,,,False,,,2026-10-09
ChIJgSVEMZuxij4RZWngLi7zKcM,La Bella Signora Salon Beauty,5P37+MFJ - Shiab Al Ashkhar - Hai Zayed Mosque - Abu Dhabi - United Arab Emirates,24.1533831,55.7139562,3,2,OPERATIONAL,nail_salon,,,,False,,,2026-10-09
ChIJF_TK_Caxij4Rixhm8yEwZAA,Salon Al kafila,3 Al Anfas St - Zakhir - Ramlat Zakher - Abu Dhabi - United Arab Emirates,24.153441299999997,55.6946996,3,4,OPERATIONAL,barber_shop,,,,False,,men-only,2026-10-09
ChIJ8bZSskGxij4RIFuSLfFgUjQ,Al Qaffela Mens barber Shop,9 Al Anfas St - Zakhir - Ramlat Zakher - Abu Dhabi - United Arab Emirates,24.1531849,55.6950929,3,2,OPERATIONAL,barber_shop,,,,False,,men-only,2026-10-09
ChIJ1S26NwCxij4Rv5RPPVp48Mg,Evolved Gents Salon,15 Al Anfas St - Zakhir - Ramlat Zakher - Abu Dhabi - United Arab Emirates,24.152732099999998,55.695309099999996,4,5,OPERATIONAL,barber_shop,,,,False,,men-only,2026-10-09
ChIJk1wuqQmxij4RLPRtQLqYd74,صالون قمر العین للرجال (زاخر،الصویفی),الصویفی - Zakhir St - near at emirates top car wash - Zakhir - Al Swuaifi - Abu Dhabi - United Arab Emirates,24.1503423,55.6972276,,,OPERATIONAL,barber_shop,,,,False,,men-only,2026-10-09
ChIJN9p2AACxij4RWi7vgfxJpO0,مركز لابريس لتجميل السيدات,5P2C+F49 - Shiab Al Ashkhar - Hai Zayed Mosque - Abu Dhabi - United Arab Emirates,24.151167299999997,55.7203479,1.6,9,OPERATIONAL,beauty_salon,,,,False,,,2026-10-09
ChIJU0C-dACxij4RGpfaGtzS67Y,SALON | صالون - ELITE GULF GENTS SALON,62 Al Maghanim St - near AL BUSTAN Cafeteria - Zakhir - Ramlat Zakher - Abu Dhabi - United Arab Emirates,24.1559386,55.6991678,5,3,OPERATIONAL,hair_salon,,,,False,,men-only,2026-10-09
ChIJ4VenI46vij4RGBeeev-86bQ,مركز تي شاو للحناء والتجميل,شعبية - 71st St - Al Maqam - Shabiyat Al Maqam - Abu Dhabi - United Arab Emirates,24.181173299999998,55.6094643,4.3,51,OPERATIONAL,beauty_salon,,,,False,,,2026-10-09
ChIJWYChCTOvij4RqXeBnHj4fzU,Barber shop,5JH3+PXH - 76th St - Al Maqam - Shabiyat Al Maqam - Abu Dhabi - United Arab Emirates,24.179313699999998,55.6049924,4.8,12,OPERATIONAL,hair_salon,,,,False,,men-only,2026-10-09
ChIJaYcAKOyuij4RCf8grQIXvuE,Magic Mirorr Salon,5JJ5+2X5 - Al Maqam - Shabiyat Al Maqam - Abu Dhabi - United Arab Emirates,24.1800182,55.6099822,3.9,21,OPERATIONAL,beauty_salon,,,,False,,,2026-10-09
ChIJr43UrvOvij4RLdeyRLXdWfE,Salon QURRAT ALAIN,Nadi - Al Maqam - Shabiyat Al Maqam - Abu Dhabi - United Arab Emirates,24.1810862,55.609262699999995,4.4,7,OPERATIONAL,beauty_salon,,,,False,,,2026-10-09
ChIJt0vAsDSvij4RWgwMtDkaaFI,حلاق نور الشمس,12 Al Atayib St - Al Maqam - Shabiyat Al Maqam - Abu Dhabi - United Arab Emirates,24.1788556,55.6037214,4,2,OPERATIONAL,hair_salon,,,,False,,,2026-10-09
ChIJ_9ZzagCvij4RmxNysl_08_Q,Nadi Maqam,5JJ5+FMG - Al Maqam - Shabiyat Al Maqam - Abu Dhabi - United Arab Emirates,24.181186699999998,55.609215899999995,5,1,OPERATIONAL,hair_salon,,,,False,,,2026-10-09
ChIJyzrkHQCvij4R19Jws_CJwpA,Looza,11 Al Kufu-a St - Al Maqam - Shabiyat Al Maqam - Abu Dhabi - United Arab Emirates,24.178686,55.6061887,3.3,3,OPERATIONAL,beauty_salon,,,,False,,,2026-10-09
ChIJcap7T6qrij4RvYlH76_mdec,حلاق للرجال ناينتي تو,west al yahar abudhabi - Hazza al bosh st - Al Maqam - Shabiyat Al Maqam - Abu Dhabi - United Arab Emirates,24.1795223,55.605101499999996,3,2,OPERATIONAL,barber_shop,,,,False,,men-only,2026-10-09
ChIJy9DwP36vij4RuRl0-pZfnvg,صالون فاشن,شارع البشارة - Al Maqam - Shabiyat Al Maqam - Abu Dhabi - United Arab Emirates,24.1810688,55.609274199999994,,,OPERATIONAL,hair_salon,,,,False,,,2026-10-09
ChIJb8rKZWuvij4RLIM1lvlk5qs,Glossier Ladies Beauty Center,Al Maqam - Shabiyat Al Maqam - Abu Dhabi - United Arab Emirates,24.1840373,55.629039199999994,4.5,28,OPERATIONAL,beauty_salon,,,,False,,,2026-10-09
ChIJGYN4yliuij4RVdmyprz2s-I,صالون تجميل,5JMG+G9W - 43rd St - Al Maqam - Shabiyat Al Maqam - Abu Dhabi - United Arab Emirates,24.1838706,55.6259467,4,6,OPERATIONAL,beauty_salon,,,,False,,,2026-10-09
ChIJlSGhdTivij4RgzDl3i7upUI,Havana Salon صالون هافانا,Al Fawanees St - Al Maqam - Shabiyat Al Maqam - Abu Dhabi - United Arab Emirates,24.1844699,55.6267948,4.8,5,OPERATIONAL,barber_shop,,,,False,,men-only,2026-10-09
ChIJzVSzpS6vij4RHs1SiAUsVSo,Stylena Beauty Center مركز ستالينا للتجميل,11 - Road - 21 شارع المَقَام - المقام - شعبية المقام - أبو ظبي - United Arab Emirates,24.184875899999998,55.6277596,4.5,41,OPERATIONAL,beauty_salon,moderate,100,300,False,,,2026-10-09
ChIJU0Y101iuij4RT5iuwZjHw6E,صالون محمد اقبال للحلاقه الرجاليه,5JMG+PQC - Al Maqam - Shabiyat Al Maqam - Abu Dhabi - United Arab Emirates,24.1843006,55.626895,4,3,OPERATIONAL,barber_shop,,,,False,,men-only,2026-10-09
ChIJ4xoBN-Ovij4RRMxUU1cZhZk,Al maqam,5JMH+72X - Al Maqam - Shabiyat Al Maqam - Abu Dhabi - United Arab Emirates,24.1832489,55.627621299999994,,,OPERATIONAL,beauty_salon,,,,False,,,2026-10-09
ChIJT6ZsEACvij4RRcsQzz29zYo,Jaffar al maqam,14 Al Bayariq St - Al Maqam - Al Maqam Palace - Abu Dhabi - United Arab Emirates,24.172358,55.626512899999994,5,1,OPERATIONAL,hair_salon,,,,False,,,2026-10-09
ChIJS3meM36vij4ReDUw76BwhGU,skyline gents saloon,5JMG+QP7 - Al Maqam - Shabiyat Al Maqam - Abu Dhabi - United Arab Emirates,24.184406199999998,55.626784799999996,5,2,OPERATIONAL,barber_shop,,,,False,,men-only,2026-10-09
ChIJd8I4wAavij4RC8iI04X5KZE,Solo beauty center zakher,Al Mashriq Street - AL Khalidiyah - Al Khalidiyya - Abu Dhabi - United Arab Emirates,24.1682489,55.668431000000005,4.2,193,OPERATIONAL,beauty_salon,moderate,100,400,False,,,2026-10-09
ChIJpYjj6mqvij4R4I8B3ncx9m8,"Ushi Nail Spa – Khalidiya, Al Ain - Abu Dhabi",Tawam St - Al 'Iqabiyyah - Al Khalidiyya - Abu Dhabi - United Arab Emirates,24.173554799999998,55.665937899999996,4.7,548,OPERATIONAL,beauty_salon,moderate,100,300,False,,,2026-10-09
ChIJXR71-Livij4RBtoOgzUlJiE,زد أند إتش للعنايه بالرجال z&h men care center,144th St - Al 'Iqabiyyah - Al Khalidiyya - Abu Dhabi - United Arab Emirates,24.1730895,55.666279599999996,4.2,67,OPERATIONAL,beauty_salon,,,,False,,men-only,2026-10-09
ChIJe1q1FACvij4RbqxxXV4gDPI,Mscharming salon,35 Abdulrahman Al Awzaʹi St - Al Rawdah Al Sharqiyah - Al Ifaz - Abu Dhabi - United Arab Emirates,24.1616762,55.6581945,4.4,7,OPERATIONAL,beauty_salon,,,,False,,,2026-10-09
ChIJ1cdEtV-wij4RW0RkDncIp8M,Disney kids Saloon,Ghaleel Al Kanz St - Falaj Hazza' - Jefeer Jedeed - Abu Dhabi - United Arab Emirates,24.170811699999998,55.7105545,4.4,98,OPERATIONAL,beauty_salon,,,,False,,,2026-10-09
ChIJW23Ta5Sxij4RZw2mVtWj55U,للنساء - صالون جي اس - JS Salon,Al Ain - Zakhir - Ramlat Zakher - Abu Dhabi - United Arab Emirates,24.1655522,55.700232400000004,4.5,63,OPERATIONAL,beauty_salon,,,,False,,,2026-10-09
ChIJG3y9uOixij4RrjnpYKLaOfA,‏ صالون رملة زاخر رجال,Zakhir - Ramlat Zakher - Abu Dhabi - United Arab Emirates,24.162190499999998,55.6935278,4.2,17,OPERATIONAL,barber_shop,,,,False,,men-only,2026-10-09
ChIJNZ-hZwCxij4RhtobLEPOjAQ,صالون الناير للحلاقة SALON ALNAYER FOR GENTS,37 Niqa Ghafan St - Falaj Hazza' - Jefeer Jedeed - Abu Dhabi - United Arab Emirates,24.1728407,55.71072,5,3,OPERATIONAL,barber_shop,,,,False,,men-only,2026-10-09
ChIJ_X46CTGxij4RMnoOzA907sw,Rouge Beauty Salon Al Ain,Nahyan the first street - falaj Hazza - Jafeer jedeed - Abu Dhabi - United Arab Emirates,24.1810369,55.732102499999996,3.6,23,OPERATIONAL,beauty_salon,,,,False,,,2026-10-09
ChIJ6d_oa8iJjSUR15P3HQcrfCw,Class Cleopatra Salon,Falaj Hazza' - Jefeer Jedeed - Abu Dhabi - United Arab Emirates,24.181879199999997,55.7325436,4.8,184,OPERATIONAL,beauty_salon,moderate,1,300,False,,,2026-10-09
ChIJe312ZDKxij4RyI6Xy_M19PA,LAYALI AL FARAH LADIES SALON,Falaj Hazza' - Jefeer Jedeed - Abu Dhabi - United Arab Emirates,24.181904,55.7324255,4.1,15,OPERATIONAL,beauty_salon,,,,False,,,2026-10-09
ChIJGbP1Dt-xij4ReO46JKGjBW0,Sugar Touch Ladies Salon,Ash Shaheen St - Falaj Hazza' - Jefeer Jedeed - Abu Dhabi - United Arab Emirates,24.1815844,55.7327824,4.6,10,OPERATIONAL,beauty_salon,,,,False,,,2026-10-09
ChIJN-JTaQ6xij4RXhquuKhwiFU,SANVIKZ KIDS SALOON,Al Ain - Falaj Hazza' - Jefeer Jedeed - Abu Dhabi - United Arab Emirates,24.1819973,55.732533999999994,4.6,5,OPERATIONAL,hair_salon,,,,False,,,2026-10-09
ChIJERXyTkCxij4Ri9bWQWbnAtw,صالون روج للتجميل,130th St - Falaj Hazza' - Jefeer Jedeed - Abu Dhabi - United Arab Emirates,24.1818696,55.732467299999996,4,7,OPERATIONAL,beauty_salon,,,,False,,,2026-10-09
ChIJu85WdsWxij4RTSJhg0QwEkw,SALOON,5PMG+9H5 - Falaj Hazza' - Jefeer Jedeed - Abu Dhabi - United Arab Emirates,24.1833888,55.726498299999996,4.7,6,OPERATIONAL,barber_shop,,,,False,,men-only,2026-10-09
ChIJwex38u-wij4R9cD968PZJr8,Elegant Gents Barbershop,5PMG+582 - Unnamed Rd - Falaj Hazza' - Jefeer Jedeed - Abu Dhabi - United Arab Emirates,24.182878199999998,55.7257525,3.3,6,OPERATIONAL,barber_shop,,,,False,,men-only,2026-10-09
ChIJK8uF552xij4RD-ZWkBvF9Ck,صالون وادي الملوك للرجال,5PJM+M2P - 130th St - Falaj Hazza' - Jefeer Jedeed - Abu Dhabi - United Arab Emirates,24.1817073,55.7325713,5,1,OPERATIONAL,beauty_salon,,,,False,,,2026-10-09
ChIJa56kFACxij4Rbe1C2aQl2Ec,صالون سلفر مون,العين - 14 Ash Shaheen St - Falaj Hazza' - Jefeer Jedeed - Abu Dhabi - United Arab Emirates,24.1815932,55.7327367,5,2,OPERATIONAL,nail_salon,,,,False,,,2026-10-09
ChIJZ8jWX4uxij4REip53Fc5Tio,flow salon,5PH9+RVX - Falaj Hazzaʹ St - Falaj Hazza' - Jefeer Jedeed - Abu Dhabi - United Arab Emirates,24.1796071,55.7197366,5,1,OPERATIONAL,beauty_salon,,,,False,,,2026-10-09
ChIJgxPwtxCxij4RrIpt5G1gD7I,La.baleine.bleue,5PJM+J3H - Falaj Hazza' - Jefeer Jedeed - Abu Dhabi - United Arab Emirates,24.181574,55.7327229,,,OPERATIONAL,beauty_salon,,,,False,,,2026-10-09
ChIJeSlaldytij4R70I__hAougk,صالون سونا السلامات sona salon,96 Al Fu-Ad St - Al Salamat - Al Salamat 1 - Abu Dhabi - United Arab Emirates,24.2044279,55.5934677,3,10,OPERATIONAL,beauty_salon,,,,False,,,2026-10-09
ChIJ2YFLNnytij4RGblUGSx6nKU,صالون لوفان للسيدات,6H3M+HV5 - Al Salamat - Al Salamat 1 - Abu Dhabi - United Arab Emirates,24.2038756,55.5847336,3.7,17,OPERATIONAL,beauty_salon,,,,False,,,2026-10-09
ChIJ3WejZO6rij4RM_UpbDvSsIs,صالون السليمات للحلاقة,Al Ain - Al Salamat - Al Salamat 1 - Abu Dhabi - United Arab Emirates,24.203646300000003,55.57889910000001,4.1,8,OPERATIONAL,barber_shop,,,,False,,men-only,2026-10-09
ChIJh8ij3rKtij4Rp2CCh_pprKg,clemancespa,in side al ain cooperation building - 6H3M+PR5 Al Aboor str# 11 - السلامات - السلامات 1 - أبو ظبي - United Arab Emirates,24.2042622,55.5846113,3.7,3,OPERATIONAL,beauty_salon,,,,False,,,2026-10-09
ChIJh7lMYQCtij4R-nT5jSUBavU,The Lamour Cut Gents,Riq Al Hasat Street - Al Salamat - Al Salamat 1 - Abu Dhabi - United Arab Emirates,24.2082259,55.5831333,5,1,OPERATIONAL,barber_shop,,,,False,,men-only,2026-10-09
ChIJI3460mGuij4RdOMRcuk2-KU,صالون شمس الغروب للحلاقة,العين، شعبية - 5JRG+Q29 - Al Maqam - Shabiyat Al Maqam - Abu Dhabi - United Arab Emirates,24.1919185,55.625123099999996,3.9,7,OPERATIONAL,barber_shop,,,,False,,men-only,2026-10-09
ChIJB3Y6Gpquij4Ra4vOfOhCfyo,صالون شباب الطوية,5JW5+CCV - Al Bateen - Al Ghadeer - Abu Dhabi - United Arab Emirates,24.1961016,55.6085354,5,3,OPERATIONAL,barber_shop,,,,False,,men-only,2026-10-09
ChIJn8uTbqGvij4RIZXlOkesaAs,Al Bayan GENTS SALOON - صالون البيان للرجال,5JRF+HPH - Al Maqam - Shabiyat Al Maqam - Abu Dhabi - United Arab Emirates,24.191471099999998,55.6243261,5,1,OPERATIONAL,barber_shop,,,,False,,men-only,2026-10-09
ChIJ_wxd7NWvij4Rkis0V-b4XDw,Alkhattm barbershop,12 Al Waffa St - Al Maqam - Shabiyat Al Maqam - Abu Dhabi - United Arab Emirates,24.1915688,55.624193899999995,,,OPERATIONAL,barber_shop,,,,False,,men-only,2026-10-09
ChIJb-2SXACvij4RgQOwOtuJyeA,Salon aljasr alabyaz,5JRF+PW7 - Al Maqam - Shabiyat Al Maqam - Abu Dhabi - United Arab Emirates,24.191776299999997,55.624783099999995,5,1,OPERATIONAL,barber_shop,,,,False,,men-only,2026-10-09
ChIJb34n5hCuij4RqiS1VgZaSnk,Amber Spa & Beauty Lounge LLC,العين Street 43 - Villa 79 - 73 Al Jawdah St - 'Asharij - Bida Bin Ammar - Abu Dhabi - United Arab Emirates,24.202061,55.653159599999995,4.5,387,OPERATIONAL,beauty_salon,expensive,100,500,False,,,2026-10-09
ChIJkbpRWACvij4RvV8mBcToWBE,صالون ميس وررد,'Asharij - Bida Bin Ammar - Abu Dhabi - United Arab Emirates,24.1982389,55.661967,4,183,OPERATIONAL,nail_salon,,,,False,,,2026-10-09
ChIJ16Zlg3Cvij4RSAL9vtSZD24,AlFal Beauty Center - Alain,5MX7+C7R - 'Asharij - Bida Bin Ammar - Abu Dhabi - United Arab Emirates,24.198562499999998,55.6631875,4.3,80,OPERATIONAL,beauty_salon,,,,False,,,2026-10-09
ChIJeyjXNgCvij4R3MKT6a88heY,TAIF BEAUTY SALON ASHARIJ BRANCH ALAIN,183 'Asharij St - 'Asharij - Bida Bin Ammar - Abu Dhabi - United Arab Emirates,24.204673099999997,55.6525004,4.6,125,OPERATIONAL,beauty_salon,moderate,1,200,False,,,2026-10-09
ChIJG1pmtnGvij4RHhOTDoimxGU,Ondas Ladies Beauty Center مركز أونداس للتجميل للسيدات,'Asharij - Bida Bin Ammar - Abu Dhabi - United Arab Emirates,24.1984332,55.6626772,4.5,68,OPERATIONAL,beauty_salon,moderate,1,200,False,,,2026-10-09
ChIJhasCFAavij4RTLvJROlIaJc,Hidden beauty Lounge,'Asharij - Bida Bin Ammar - Abu Dhabi - United Arab Emirates,24.198339300000004,55.6616575,4.7,95,OPERATIONAL,beauty_salon,moderate,100,400,False,,,2026-10-09
ChIJPd269Eivij4RdjSUpOsmWis,Bishkek Beauty salon Al Ain,"street Al Dirasah. Bida Bin Ammar, Asharij Buildina 105, Office 1. Floor 1 St - 416 شارع الشفاء بنت عبدالله - عشارج - بدع بن عمار - أبو ظبي - United Arab Emirates",24.198176699999998,55.6619256,4.6,143,OPERATIONAL,beauty_salon,moderate,100,300,False,,,2026-10-09
ChIJXQMLrqGvij4RwibUhavk5Js,Ninos Spa for kids نينوز سبا للاطفال,Sheik Khalifa Bin Zayed St - 'Asharij - Bida Bin Ammar - Abu Dhabi - United Arab Emirates,24.1981494,55.6611811,4.3,60,OPERATIONAL,hair_salon,moderate,1,200,False,,,2026-10-09
ChIJnwr5NkOvij4RmdNyeS6uroo,صالون ريفيرا,'Asharij - Bida Bin Ammar - Abu Dhabi - United Arab Emirates,24.197998899999998,55.6592883,4.2,28,OPERATIONAL,beauty_salon,,,,False,,,2026-10-09
ChIJO6l4t76vij4RXtuMWFMVksw,PREMIUM SCISSOR SALON,Al Ain - 'Asharij - Bida Bin Ammar - Abu Dhabi - United Arab Emirates,24.1980079,55.6614672,4.1,54,OPERATIONAL,barber_shop,inexpensive,20,80,False,,men-only,2026-10-09
ChIJN3yCsDKvij4RVLtCjg9UH9M,Salon One Cut for Men صالون وان كت للرجال,Al Ain - 'Asharij - Bida Bin Ammar - Abu Dhabi - United Arab Emirates,24.1975634,55.6575334,3.7,68,OPERATIONAL,barber_shop,moderate,140,160,False,,men-only,2026-10-09
ChIJ8ds1UGyvij4RgwpbL4KYeu4,Barberco saloon,شارع الشفاء بنت عبدالله AsharijBida - 'Asharij - Bida Bin Ammar - Abu Dhabi - United Arab Emirates,24.1990093,55.663896599999994,3.7,27,OPERATIONAL,barber_shop,inexpensive,40,60,False,,men-only,2026-10-09
ChIJoT6bF5-vij4RIQkvhC95ltA,jehan Beauty Salon - صالون جيهان للتجميل,Al Shifa Bint Abdullah St - 'Asharij - Bida Bin Ammar - Abu Dhabi - United Arab Emirates,24.1980769,55.661911499999995,5,62,OPERATIONAL,beauty_salon,,,,False,,,2026-10-09
ChIJkwV77Zmvij4RbWKomCxWpSU,Blue Moon Saloon .gentes,135th St - 'Asharij - Bida Bin Ammar - Abu Dhabi - United Arab Emirates,24.198216,55.661817,4.1,24,OPERATIONAL,hair_salon,,,,False,,,2026-10-09
ChIJ-_Jmvj2vij4Rzs_B58K1mgI,THE GLAM SALON,5MX7+HGX - 'Asharij - Bida Bin Ammar - Abu Dhabi - United Arab Emirates,24.1989977,55.663868799999996,3.7,22,OPERATIONAL,beauty_salon,,,,False,,,2026-10-09
ChIJUcv0Wo2vij4RGxp4BAsn7bU,H R World Beauty Salon,"ALDAMHARI 3 FLOOR, ROOM NUMBER 17. ROADABLES - 33013 - عشارج - بدع بن عمار - أبو ظبي - United Arab Emirates",24.1981152,55.6617489,4.6,102,OPERATIONAL,beauty_salon,moderate,1,200,False,,,2026-10-09
ChIJFxt_UT6vij4RRApoki-kaTw,Piano salon,Al Shifa Bint Abdullah St - 'Asharij - Bida Bin Ammar - Abu Dhabi - United Arab Emirates,24.1981845,55.6618293,2.9,7,OPERATIONAL,hair_salon,,,,False,,,2026-10-09
ChIJj5pu4Jmvij4R8VxjaZq3GhM,City saloon tawam,5JVW+5JP - 135th St - Al Maqam - Twam - Abu Dhabi - United Arab Emirates,24.1929643,55.6465831,5,3,OPERATIONAL,hair_salon,,,,False,,,2026-10-09
ChIJlaVidQCvij4RAevQINHdr90,Sky Line men Saloon,157 Al Shifa Bint Abdullah St - 'Asharij - Bida Bin Ammar - Abu Dhabi - United Arab Emirates,24.1971576,55.65945,4.8,13,OPERATIONAL,barber_shop,,,,False,,men-only,2026-10-09
ChIJ4TNJ_Beuij4RbLLgYvIfAOU,ALTA Styles,5MW4+XXR - 'Asharij - Bida Bin Ammar - Abu Dhabi - United Arab Emirates,24.1974883,55.65740530000001,3.3,3,OPERATIONAL,hair_salon,,,,False,,,2026-10-09
ChIJ17kOD-exij4RJ9DJM4hBxCo,Lavita Beauty Center,Asharij Dist - Al Dirasah St - 'Asharij - Al Dafeinah - Abu Dhabi - United Arab Emirates,24.2042188,55.6764394,4,168,OPERATIONAL,beauty_salon,expensive,100,500,False,,,2026-10-09
ChIJs0pW-oqxij4RD1dWYgW7sEQ,Rival Salon,120 Al Dirasah St - 'Asharij - Al Dafeinah - Abu Dhabi - United Arab Emirates,24.2050193,55.6784092,4.8,389,OPERATIONAL,beauty_salon,,,,False,,,2026-10-09
ChIJU4NjYgCxij4RBcwdPx0x-yU,Yasmeen henna Beauty salon,Al Dirasah St - 'Asharij - Al Dafeinah - Abu Dhabi - United Arab Emirates,24.2027705,55.6729938,4.7,174,OPERATIONAL,beauty_salon,moderate,1,400,False,,,2026-10-09
ChIJ75l9fqixij4RCKBHJGfstZY,Fankosha Beauty Center | مركز فنكوشة للتجميل,AlAin - Al Dirasah St - 'Asharij - Al Dafeinah - Abu Dhabi - United Arab Emirates,24.2027461,55.6728747,4.8,20,OPERATIONAL,beauty_salon,,,,False,,,2026-10-09
ChIJdTe4_Hqvij4Rqf0hjUGMlIk,Al ain asharij,2 Al Raya St - 'Asharij - Bida Bin Ammar - Abu Dhabi - United Arab Emirates,24.2008029,55.6664895,4,4,OPERATIONAL,barber_shop,,,,False,,men-only,2026-10-09
ChIJDSjJFpSxij4RddgcpysaoX4,Scissors professional gents saloon,24.1898532 55.6822270 - Al 'Iqabiyyah - Al Saleel - Abu Dhabi - United Arab Emirates,24.189854699999998,55.682223099999995,5,1,OPERATIONAL,barber_shop,,,,False,,men-only,2026-10-09
ChIJoytDAgCvij4RqVHfzn3xU8M,Humaid Musallam Mens Saloon,2 Al Raya St - 'Asharij - Bida Bin Ammar - Abu Dhabi - United Arab Emirates,24.2009421,55.6668368,,,OPERATIONAL,barber_shop,,,,False,,men-only,2026-10-09
ChIJqwbZoR-uij4R-Rk9sJm9neE,Al Tamam Hairdressing Salon,6M28+9H3 - 'Asharij - Bida Bin Ammar - Abu Dhabi - United Arab Emirates,24.2008895,55.6664092,4.1,21,OPERATIONAL,barber_shop,,,,False,,men-only,2026-10-09
ChIJj5zIfOevij4R2ibq7N4RC7E,صالون حميد مسلم للرجال,2 Al Raya St - 'Asharij - Bida Bin Ammar - Abu Dhabi - United Arab Emirates,24.2008029,55.6664895,3.7,6,OPERATIONAL,hair_salon,,,,False,,,2026-10-09
ChIJc9M2xlOvij4R-gAQCRTyIVM,صالون نايس سيزر للرجال-Nice scissor Saloon,2 Al Raya St - 'Asharij - Bida Bin Ammar - Abu Dhabi - United Arab Emirates,24.2008029,55.6664895,2,2,OPERATIONAL,hair_salon,,,,False,,,2026-10-09
ChIJvTzOwB-uij4Ry3OSHndIoyk,Al Kafah Barber Shop,6M29+J34 - 'Asharij - Bida Bin Ammar - Abu Dhabi - United Arab Emirates,24.2015247,55.6677028,2.5,2,OPERATIONAL,barber_shop,,,,False,,men-only,2026-10-09
ChIJGUuk832vij4R3tq1iI3zAC0,Gents Salon & Beauty parlour,'Asharij - Bida Bin Ammar - Abu Dhabi - United Arab Emirates,24.201932,55.6690258,3,2,OPERATIONAL,hair_salon,,,,False,,men-only,2026-10-09
ChIJp03PfgKvij4RVEXNXYDhzc8,صالون تريم لاب للرجال,"مبنى, على راشد مصبح راشد - 4 : الرابع - 'Asharij - Bida Bin Ammar - Abu Dhabi - United Arab Emirates",24.199165,55.6641421,,,OPERATIONAL,hair_salon,,,,False,,,2026-10-09
ChIJLZQi5qixij4RayvhFBBxGFI,Hush Spa Ladies Centre,Khalid Bin Sultan Street - opp. Indian School - Al Muwaij'i - Ugdat Al Mutawaa - Abu Dhabi - United Arab Emirates,24.1982054,55.709481100000005,4.2,61,OPERATIONAL,beauty_salon,,,,False,,,2026-10-09
ChIJ0WnwuQ6xij4RmUmcRVyrPbw,Magic Barbershop,6P49+RV5 - Al Muwaij'i - Al Ruwaikah - Abu Dhabi - United Arab Emirates,24.2070075,55.7197338,3.2,13,OPERATIONAL,barber_shop,,,,False,,men-only,2026-10-09
ChIJCzAWXACxij4RimQM5lgq1SY,1980Men's Spa,6P56+FJG - Al Muwaij'i - Al Ruwaikah - Abu Dhabi - United Arab Emirates,24.2086915,55.7115864,,,OPERATIONAL,barber_shop,,,,False,,men-only,2026-10-09
ChIJ8cBnmJKxij4RzrqPlMRDco0,مركز سيسيليا للتجميل,Etisalat Khalid Bin Sultan St - Al Muwaij'i - Al Ruwaikah - Abu Dhabi - United Arab Emirates,24.202430699999997,55.7190976,5,1,OPERATIONAL,beauty_salon,,,,False,,,2026-10-09
ChIJXWqKk3ixij4RMwvu8dUKO9s,SOLO Beauty Center مركز سولو للتجميل,Khalid Bin Sultan St - Al Mu'tarid - Al Ghail - Abu Dhabi - United Arab Emirates,24.205357400000004,55.7419168,4.3,359,OPERATIONAL,beauty_salon,,,,False,,,2026-10-09
ChIJKYRkPLG3ij4ResFU6w9CLQg,صالون كيوي Kiwi Salon,Al Ain - Al Mu'tarid - Al Ghail - Abu Dhabi - United Arab Emirates,24.205811300000004,55.739893900000006,4.6,203,OPERATIONAL,beauty_salon,moderate,1,300,False,,,2026-10-09
ChIJIVxKcxSxij4RmmEG3Ws025M,Hevar Beauty Salon | مركز هيفار للتجميل,Al Mu'tarid - Al Ghail - Abu Dhabi - United Arab Emirates,24.207355999999997,55.7377575,4.3,59,OPERATIONAL,beauty_salon,expensive,100,500,False,,,2026-10-09
ChIJodo1MACxij4RUDlmajOn_LM,Perna Beauty Center- صالون بيرنا للسيدات,6P4Q+V98 - Al Mu'tarid - Al Ghail - Abu Dhabi - United Arab Emirates,24.2071875,55.738437499999996,4.4,57,OPERATIONAL,beauty_salon,,,,False,,,2026-10-09
ChIJef4lftuxij4Rfi7yz9mf2n8,رينبوس صالون السيدات,Falaj Hazza' - Al Mnaizlah - Abu Dhabi - United Arab Emirates,24.2013653,55.7373708,4.1,48,OPERATIONAL,beauty_salon,moderate,1,300,False,,,2026-10-09
ChIJT0wjtIaxij4RwYFBNm-PToI,Anna Lashes Al Ain,17 Al 'Udoud St - Al Mu'tarid - Al Ghail - Abu Dhabi - United Arab Emirates,24.2068232,55.7445987,5,2,OPERATIONAL,beauty_salon,,,,False,,,2026-10-09
ChIJpy8hMgCxij4RXYPtqHWrUDg,صالون ينال ستايل,6P4M+C4C - Al Minayzlah St - Falaj Hazza' - Al Mnaizfah - Abu Dhabi - United Arab Emirates,24.2060542,55.732767800000005,4.8,19,OPERATIONAL,hair_salon,,,,False,,,2026-10-09
ChIJTRqhNACxij4Rxymyy5_qv4o,صالون الهيبة الدمشقية للحلاقة والعناية بالرجال,بجانب حديقة - شارع - Al Jahili - Al Ghail - Abu Dhabi - United Arab Emirates,24.2071373,55.7462283,3.7,6,OPERATIONAL,hair_salon,,,,False,,,2026-10-09
ChIJ8-ChZQCxij4RH4RdrcS1s5g,Rouge and Henna Beauty salon and SPA,دوار الغيل - Al Mu'tarid - Al Ghail - Abu Dhabi - United Arab Emirates,24.207341,55.737880200000006,4.7,114,OPERATIONAL,beauty_salon,expensive,1,500,False,,,2026-10-09
ChIJdWxdAMirij4RfYMcrX0oCLI,OCEAN BEAUTY CENTER- Alyahar,Al Aamerah - Al Waha Al Aamerah - Abu Dhabi - United Arab Emirates,24.2217868,55.546720099999995,4.8,353,OPERATIONAL,beauty_salon,moderate,1,200,False,,,2026-10-09
ChIJIdbJY6Orij4RLauLzQeStq8,صالون اطفال ليتل كدز,Bin Anees al amirah Building - Street 51 Al Waha Al Amirah - Al Aamerah - Al Waha Al Aamerah - Abu Dhabi - United Arab Emirates,24.224256,55.5527308,4.2,118,OPERATIONAL,hair_salon,,,,False,,,2026-10-09
ChIJBTsfZaOrij4RLWgcGF0WdAY,صالون سونا اليحر sona salon,Al Aamerah - Al Waha Al Aamerah - Abu Dhabi - United Arab Emirates,24.224369499999998,55.5529857,2.7,43,OPERATIONAL,beauty_salon,,,,False,,,2026-10-09
ChIJXcRycq6rij4RXLLD_tPsaLk,RAW Beauty Salon L.L.C,Al Ain Rd - Al Aamerah - Al Waha Al Aamerah - Abu Dhabi - United Arab Emirates,24.221921299999998,55.546723099999994,4.1,145,OPERATIONAL,beauty_salon,,,,False,,,2026-10-09
ChIJSe2ZH1irij4R3b-ju9B9jEM,Calma SPA | كالما سبا,Al Ain Rd - Al Aamerah - Al Waha Al Aamerah - Abu Dhabi - United Arab Emirates,24.2245064,55.5518368,4.6,60,OPERATIONAL,beauty_salon,moderate,1,300,False,,,2026-10-09
ChIJa2LlS7Grij4RzC192Tf8-h0,صالون الاخلاص النسائي,8 Nazwa St - Al Aamerah - Al Waha Al Aamerah - Abu Dhabi - United Arab Emirates,24.224272,55.552481799999995,3.5,12,OPERATIONAL,beauty_salon,,,,False,,,2026-10-09
ChIJO_irHamrij4RhPOkg4hXXog,Cherry beauty salon,16 - العامرة - الواحة العامرة - أبو ظبي - United Arab Emirates,24.2275347,55.535258299999995,4.5,22,OPERATIONAL,beauty_salon,,,,False,,,2026-10-09
ChIJteiTbDyrij4R6QR1zelYWuQ,صالون الحوريه,Unnamed Road - 6G9Q+JCR - Al Aamerah - Al Waha Al Aamerah - Abu Dhabi - United Arab Emirates,24.2191163,55.538515399999994,3.6,26,OPERATIONAL,beauty_salon,,,,False,,,2026-10-09
ChIJLSoUyY2rij4RRDLBM0DgZHk,صالون بيل فلور للتجميل,اليحر الشمالي - 6HF2+RM5 - Al Aamerah - Al Waha Al Aamerah - Abu Dhabi - United Arab Emirates,24.224523299999998,55.551748599999996,4.4,46,OPERATIONAL,beauty_salon,expensive,1,600,False,,,2026-10-09
ChIJ_2g8q5Krij4RT0GHhjNKa2Q,Soft beauty - صالون,6GCW+J56 - Unnamed Road - Al Aamerah - Al Waha Al Aamerah - Abu Dhabi - United Arab Emirates,24.2245585,55.5517106,4.1,18,OPERATIONAL,beauty_salon,,,,False,,,2026-10-09
ChIJOVy3PMarij4RWWHzpQHYXME,صالون فجر السليمات للرجال,Al Aamerah - Al Waha Al Aamerah - Abu Dhabi - United Arab Emirates,24.222200599999997,55.5473578,3,12,OPERATIONAL,barber_shop,,,,False,,men-only,2026-10-09
ChIJwRxUuLKrij4R9lk-zofNVGE,Glow & Grace salon صالون جلو اند غريس,Hisn Al Ghayl St - Al Aamerah - Al Waha Al Aamerah - Abu Dhabi - United Arab Emirates,24.224860399999997,55.5525716,4.7,16,OPERATIONAL,beauty_salon,,,,False,,,2026-10-09
ChIJYUoTGwCrij4RmxAt8U9KOx0,Salon_Anarous (صالون اناروز ),13 Hisn Al Ghayl St - Al Aamerah - Al Waha Al Aamerah - Abu Dhabi - United Arab Emirates,24.2241139,55.551944999999996,3.7,3,OPERATIONAL,beauty_salon,,,,False,,,2026-10-09
ChIJhYQ9C5mrij4RH-3Y0yi96kg,حلاق قمر الیحر,Unnamed Rd - Al Aamerah - Al Waha Al Aamerah - Abu Dhabi - United Arab Emirates,24.222631099999997,55.5493721,4.1,15,OPERATIONAL,hair_salon,,,,False,,,2026-10-09
ChIJo2O5X6Wrij4Ro0oVnj2M40U,صالون الطيف الذهبي للرجال,6GCW+RRV - Al Aamerah - Al Waha Al Aamerah - Abu Dhabi - United Arab Emirates,24.2221078,55.5470505,3.7,3,OPERATIONAL,barber_shop,,,,False,,men-only,2026-10-09
ChIJj-5WtCyrij4ReY-l0N6BYxk,Hurit Al Bahar Ladies Salon,Unnamed Road - 6G9Q+M99 - العامرة - الواحة العامرة - أبو ظبي - United Arab Emirates,24.219161999999997,55.5384995,3.9,9,OPERATIONAL,beauty_salon,,,,False,,,2026-10-09
ChIJW3lViT-rij4RBh3Rb4MjbmM,صالون ليتل هير للأطفال little Hair Kids Salon,Hisn Al Ghayl St - Al Aamerah - Al Waha Al Aamerah - Abu Dhabi - United Arab Emirates,24.2245052,55.5526321,4.9,17,OPERATIONAL,hair_salon,,,,False,,,2026-10-09
ChIJ4VradQCrij4Rw881hEmTKXA,صالون مقص العامرة للرجال,4 Qassar Mi'aytin St - Al Aamerah - Al Waha Al Aamerah - Abu Dhabi - United Arab Emirates,24.2182118,55.53399640000001,5,3,OPERATIONAL,barber_shop,,,,False,,men-only,2026-10-09
ChIJ87oNO1arij4R931BObDRzhw,صالون الحوراء لتجميل السيدات,Unnamed Road - Al Aamerah - Al Waha Al Aamerah - Abu Dhabi - United Arab Emirates,24.224544899999998,55.551781299999995,4.2,13,OPERATIONAL,beauty_salon,,,,False,,,2026-10-09
ChIJHTAZQgCrij4R7SUHkjJGd0s,صالون نادوس للحلاقة الرجاليه,33626 - 9 Al Ghadayir St - Al Aamerah - Al Waha Al Aamerah - Abu Dhabi - United Arab Emirates,24.2194911,55.53865210000001,5,1,OPERATIONAL,barber_shop,,,,False,,men-only,2026-10-09
ChIJvQv1ptGrij4R-UT44SnvJ8I,Class Cleopatra Salon,Al Ain Rd - Al Aamerah - Al Waha Al Aamerah - Abu Dhabi - United Arab Emirates,24.226465299999997,55.557183699999996,4.9,514,OPERATIONAL,beauty_salon,expensive,100,500,False,,,2026-10-09
ChIJ32BduMerij4RVe1lRl02D5M,HOME OF QUEEN BEAUTY CENTER,Al Ain Rd - Al Aamerah - Al Rifaa - Abu Dhabi - United Arab Emirates,24.228812899999998,55.5608334,3.2,17,OPERATIONAL,beauty_salon,,,,False,,,2026-10-09
ChIJwbrCNFCrij4Rsh5duW10TuY,صالون زوينة للسيدات - خدمة المنازل,18 شارع طَوِي جَحَر - Al Aamerah - Al Rifaa - Abu Dhabi - United Arab Emirates,24.226377199999998,55.5611768,4.2,11,OPERATIONAL,beauty_salon,,,,False,,,2026-10-09
ChIJSwxW9ferij4RZL_byE0qkXo,صالون فوكس لرجال,أبو ظبي - العامرة - الرفاعة - أبو ظبي - United Arab Emirates,24.2275605,55.562576899999996,1,1,OPERATIONAL,barber_shop,,,,False,,men-only,2026-10-09
ChIJfTXji0Orij4R6tfTCEQIWek,فرموشة للتجميل,6HG4+HVV - 89th St - Al Aamerah - Al Waha Al Aamerah - Abu Dhabi - United Arab Emirates,24.2264838,55.557164,4.1,12,OPERATIONAL,beauty_salon,,,,False,,,2026-10-09
ChIJdRNUhNOtij4RV5ZTHiJWYUE,SMART QUALITY GENTS HAIRDRESSING سمارته كوالتي الحلاقت الرخيت,27 شارع الروايا - Al Salamat - Al Salamat 1 - Abu Dhabi - United Arab Emirates,24.211878900000002,55.5861917,5,4,OPERATIONAL,beauty_salon,,,,False,,men-only,2026-10-09
ChIJqSIkSpmrij4RRYfU88SH9PA,Ray Spa,6HG4+HRQ - 89th St - Al Aamerah - Al Waha Al Aamerah - Abu Dhabi - United Arab Emirates,24.226470199999998,55.5571433,3.7,9,OPERATIONAL,beauty_salon,,,,False,,,2026-10-09
ChIJq1OWOACrij4R8AgiKSoFKYA,صالون بيرو للرجال,23 As Souq St - Al Aamerah - Aliyah - Abu Dhabi - United Arab Emirates,24.228159599999998,55.5615738,3.7,3,OPERATIONAL,barber_shop,,,,False,,men-only,2026-10-09
ChIJU95A5cGrij4RSMrN6vDizms,صالون للسيدات وسبا بيشو شيك Besho Chic,بناية بريد الامارات-شقه 104 - Al Aamerah - Al Waha Al Aamerah - Abu Dhabi - United Arab Emirates,24.226547699999998,55.556971,3,8,OPERATIONAL,beauty_salon,,,,False,,,2026-10-09
ChIJh1Q8ioStij4RMmrE6lF0VB0,Seeh Sullam Salon,Al Salamat - Al Salamat 1 - Abu Dhabi - United Arab Emirates,24.211465099999998,55.5861759,5,1,OPERATIONAL,barber_shop,,,,False,,men-only,2026-10-09
ChIJx21mbACrij4R6V4HKtqyFaM,صالون دريم لوك للرجال حلاق,33 Ash Shouʹ St - Al Aamerah - Al Rifaa - Abu Dhabi - United Arab Emirates,24.226925899999998,55.5607977,3,2,OPERATIONAL,barber_shop,,,,False,,men-only,2026-10-09
ChIJSYJnUACrij4Rp4KZA3H6yZQ,صالون کت فور یو,6HG7+W2R - Al Aamerah - Al Rifaa - Abu Dhabi - United Arab Emirates,24.2273632,55.5625006,5,2,OPERATIONAL,barber_shop,,,,False,,men-only,2026-10-09
ChIJA1hqHQCtij4Rg3VXhTel5qQ,Mall of Al ain,9 شارع الحشا - Al Salamat - Al Salamat 1 - Abu Dhabi - United Arab Emirates,24.2139764,55.587101399999995,,,OPERATIONAL,nail_salon,,,,False,,,2026-10-09
ChIJ34CaaACtij4R5q99hBnibtg,Al salamat,6H6P+JGM - Al Salamat - Al Salamat 1 - Abu Dhabi - United Arab Emirates,24.211591199999997,55.586300099999995,,,OPERATIONAL,beauty_salon,,,,False,,,2026-10-09
ChIJLXJNyeatij4RT2-2Q09JYw4,Oriental Beauty Lounge - Al Ain City,Hamdan Bin Mohammad St - Al Bateen - Area Al Ain City - Abu Dhabi - United Arab Emirates,24.221936,55.6504443,4.5,262,OPERATIONAL,beauty_salon,moderate,100,400,False,,,2026-10-09
ChIJ7S7Bhpetij4RMJrRBcMy2X4,Ella Vera Spa Lounge,Souq Extra - Hamdan Bin Mohammad St - Al Bateen - Ghafat Al Shwaihi - Abu Dhabi - United Arab Emirates,24.2180914,55.6402674,4.9,358,OPERATIONAL,beauty_salon,very_expensive,100,600,False,,,2026-10-09
ChIJEeGFut6tij4RitHqEhlBPbY,حلاق الزمرد الازرق,6J9R+9J8 - Al Bateen - Ghafat Al Shwaihi - Abu Dhabi - United Arab Emirates,24.218415099999998,55.6415654,3.9,14,OPERATIONAL,barber_shop,,,,False,,men-only,2026-10-09
ChIJJT6mDpGtij4RQ6hVVFR3VHY,Spa Alain,47 Al Samh St - Al Markhaniyyah - Al MarkhaniyyahJiza'T Wraigah - Abu Dhabi - United Arab Emirates,24.221904499999997,55.6503941,,,OPERATIONAL,beauty_salon,,,,False,,,2026-10-09
ChIJuUBGT9mtij4RX6VbfPTF0gU,HANA ROYAL BEAUTY SALON,6J9R+66G - Al Bateen - Ghafat Al Shwaihi - Abu Dhabi - United Arab Emirates,24.2180534,55.640585699999995,3.8,4,OPERATIONAL,beauty_salon,,,,False,,,2026-10-09
ChIJqatRyVqtij4RZZjneBXxA_Y,MAISON DU GLAMOUR LADIES BEAUTY SALON,Hamdan Bin Mohammad St - Al Bateen - Ghafat Al Shwaihi - Abu Dhabi - United Arab Emirates,24.220603099999998,55.640761999999995,4,32,OPERATIONAL,beauty_salon,,,,False,,,2026-10-09
ChIJJd_Y08Kxij4R755rwM1pNxY,Brush and Blush Beauty Parlour Al Markhaniyyah,Shakhboot Bin Sultan St - Al Markhaniyyah - Mreifia - Abu Dhabi - United Arab Emirates,24.2147546,55.673829399999995,4.5,259,OPERATIONAL,beauty_salon,moderate,100,300,False,,,2026-10-09
ChIJaVP-IbGtij4REpj8CjkEfdo,Bedashing Beauty Lounge Al Ain,Villa 18 Hamdan Bin Mohammad St - Al Markaniyah - Muaifaa - Abu Dhabi - United Arab Emirates,24.2266835,55.6599794,4.7,1332,OPERATIONAL,beauty_salon,expensive,100,500,True,al-ain,,2026-10-09
ChIJMcqDKaKtij4RP-EC5vE9v8E,La Poupee Beauty Center - AL AIN,Al Muwaifaa - Area Villa 134 - شارع المَحَّار - المرخانية - مويفعة - أبو ظبي - United Arab Emirates,24.2244724,55.6530285,4.7,393,OPERATIONAL,beauty_salon,expensive,1,600,False,,,2026-10-09
ChIJBeU6eomzij4RQI0dC_6vJyM,Al jimi mall Brush and Blush Beauty Parlour,Parlour - Al Markhaniyyah - Mreifia - Abu Dhabi - United Arab Emirates,24.2145111,55.672177700000006,3.9,160,OPERATIONAL,beauty_salon,,,,False,,,2026-10-09
ChIJzcf_66etij4R9gqf9plzJEQ,ALHABOOY Gents Salon,6MC6+HJH - Al Markhaniyyah - Al Habooy - Abu Dhabi - United Arab Emirates,24.2213955,55.6614766,4.3,27,OPERATIONAL,barber_shop,,,,False,,men-only,2026-10-09
ChIJXReqYQKuij4RfM51Db0DhR0,Maison De Joelle Al Ain,Al Markhaniya - 131ST - Al Ain Ladies Club - Al Ain - المرخانية - مريفيعة - أبو ظبي - United Arab Emirates,24.2130956,55.667736,3.6,78,OPERATIONAL,beauty_salon,,,,False,,,2026-10-09
ChIJSW3Wc6Cvij4RVqmVUXRIPfY,369 Beauty Ladies Center,131st St - Al Markhaniyyah - Mreifia - Abu Dhabi - United Arab Emirates,24.212964,55.6667035,4.7,86,OPERATIONAL,beauty_salon,moderate,1,300,False,,,2026-10-09
ChIJryale2Czij4Rc97z1tugN94,Sona Salon for Kids,6MHC+P23 - Al Markhaniyyah - Al Habooy - Abu Dhabi - United Arab Emirates,24.229265299999998,55.6700498,1,2,OPERATIONAL,hair_salon,,,,False,,,2026-10-09
ChIJZ06Rl2evij4RKK5i-cGvy1I,"Zahraa Al Ward, Ladies Salon",6M66+6M5 - Al Markhaniyyah - Al Habooy - Abu Dhabi - United Arab Emirates,24.2105124,55.6617286,4.8,4,OPERATIONAL,beauty_salon,,,,False,,,2026-10-09
ChIJeQc9-u2zij4RxYGKkIvunk8,صالون 15 للرجال - فرع الهابوي,7 Al Thmam St - Al Markhaniyyah - Al Habooy - Abu Dhabi - United Arab Emirates,24.22882,55.6699103,5,2,OPERATIONAL,hair_salon,,,,False,,,2026-10-09
ChIJzVM6DwCtij4RkvOo_mxu4bw,History Beauty Center مركز التاريخ للتجميل,39 Al Thmam St - Al Markhaniyyah - Al Habooy - Abu Dhabi - United Arab Emirates,24.228352899999997,55.6676808,4.4,7,OPERATIONAL,beauty_salon,,,,False,,,2026-10-09
ChIJx77OIACtij4RWaSVGi1r4L4,صالون سونا المرخانية sona salon,41 Al Thmam St - Al Markhaniyyah - Al Habooy - Abu Dhabi - United Arab Emirates,24.2282558,55.6676442,2.3,10,OPERATIONAL,beauty_salon,,,,False,,,2026-10-09
ChIJDUAQUwCvij4RxvPzndlEkBs,TAIF BEAUTY SALON ASHARIJ,942 Shakhboot Bin Sultan St - Al Markhaniyyah - Jizat Wraigah - Abu Dhabi - United Arab Emirates,24.2083406,55.656448,5,2,OPERATIONAL,beauty_salon,,,,False,,,2026-10-09
ChIJp9ytd6ixij4RjF79c_A7Clk,OCEAN BEAUTY CENTER- Alkhabisi (main branch),St - 131 Shakhboot Bin Sultan St - Al Khibeesi - Al Sidrah - Abu Dhabi - United Arab Emirates,24.2190032,55.6873735,4.6,902,OPERATIONAL,beauty_salon,very_expensive,100,700,False,,,2026-10-09
ChIJaRyRTE-xij4ROKfEGjuBN00,The Space Beauty Lounge Al Ain,174 Sultan Bin Wiqaish Al Dhaheri St - Al Muwaij'i - Oud Bin Sag-han - Abu Dhabi - United Arab Emirates,24.2167021,55.7052835,4.2,313,OPERATIONAL,beauty_salon,expensive,100,500,False,,,2026-10-09
ChIJHYmgppuxij4RKP9R7btrgyE,مركز داماس للحناء و تجميل السيدات Damas Henna & Beauty Center,6P84+V99 - Al Muwaij'i - Oud Bin Sag-han - Abu Dhabi - United Arab Emirates,24.217168299999997,55.7059905,4.4,346,OPERATIONAL,beauty_salon,,,,False,,,2026-10-09
ChIJzzbywhyyij4RijXShawdh7I,Amro Ladies Salon,"Al Khabissi, Street 16 Villa Number 2 - الخبيصي - الناصرية - أبو ظبي - United Arab Emirates",24.227684699999998,55.6815978,4.6,449,OPERATIONAL,beauty_salon,,,,False,,,2026-10-09
ChIJFSNK1MOzij4RQf8QpfrN95E,Base beauty and spa,Shakhbout Bin Sultan St - Al Khibeesi - Al Sidrah - Abu Dhabi - United Arab Emirates,24.221101899999997,55.696005799999995,4.1,142,OPERATIONAL,beauty_salon,very_expensive,100,600,False,,,2026-10-09
ChIJ41I_Tm-xij4RGDLRsXuw3Ow,Royal Nails Beauty Lounge,"Asharej Roundabout, 138th St, Villa C1 - المويجعي - عود بن صقحان - أبو ظبي - United Arab Emirates",24.2088814,55.6876623,4.5,194,OPERATIONAL,nail_salon,moderate,150,250,False,,,2026-10-09
ChIJi5yUQwCxij4RrOliW9sABVg,1980 SPA,248 Sultan Bin Wiqaish Al Dhaheri St - Al Muwaij'i - Oud Bin Sag-han - Abu Dhabi - United Arab Emirates,24.212066999999998,55.695496,4.5,41,OPERATIONAL,barber_shop,,,,False,,men-only,2026-10-09
ChIJV70DgtGzij4RRh6_4hZV550,Rapunzel spa,130th Street - Al Khibeesi - Al Sidrah - Abu Dhabi - United Arab Emirates,24.2218061,55.694099099999995,4.3,88,OPERATIONAL,beauty_salon,,,,False,,,2026-10-09
ChIJGbhzeuexij4Ra090LoMMZkM,بريتي لارينا سبا العين,Unnamed Road - المويجعي - عود بن صقحان - أبو ظبي - United Arab Emirates,24.2089948,55.688223,3.6,27,OPERATIONAL,beauty_salon,,,,False,,,2026-10-09
ChIJE5gFvtKzij4R686ZJdYDvBM,Salon Reem Al Bawadi,6M6W+V99 - Al Muwaij'i - Oud Bin Sag-han - Abu Dhabi - United Arab Emirates,24.2121608,55.6959787,4.2,51,OPERATIONAL,beauty_salon,expensive,1,500,False,,,2026-10-09
ChIJz2y9eACxij4RsbndWqEjBRc,Need Spa & Dalkah House,380 Al Dhabi St - Al Khibeesi - Al Sidrah - Abu Dhabi - United Arab Emirates,24.220419399999997,55.6941554,3.9,36,OPERATIONAL,beauty_salon,moderate,100,300,False,,,2026-10-09
ChIJN5j0wUWxij4R8TN2xJxsI3M,فينثورا الطبي,6M6M+QV7 - 'Asharij - Al Dafeinah - Abu Dhabi - United Arab Emirates,24.211924099999997,55.6846738,1,8,OPERATIONAL,beauty_salon,,,,False,,,2026-10-09
ChIJE_MbFfGxij4RVVchYbyNp94,Al Nesyan Gents Saloon L.L.C,Al Ain - Al Khibeesi - Al Sidrah - Abu Dhabi - United Arab Emirates,24.2183185,55.6840438,3.8,37,OPERATIONAL,barber_shop,moderate,40,80,False,,men-only,2026-10-09
ChIJu34BNYyxij4RotZtIy2lDLw,مركز الرغوة الناعمة,6MCW+366 - Al Khibeesi - Al Sidrah - Abu Dhabi - United Arab Emirates,24.2201629,55.695501199999995,3.6,25,OPERATIONAL,beauty_salon,,,,False,,,2026-10-09
ChIJ7ZcjXACxij4Rp1-jfjC1aBo,الأناقة,18 Al Ghamir St - Al Khibeesi - Al Sidrah - Abu Dhabi - United Arab Emirates,24.2197975,55.696283099999995,4.7,3,OPERATIONAL,beauty_salon,,,,False,,,2026-10-09
ChIJMU5vP36xij4R7f2yKKT8OOw,MÉLANGE BEAUTÉ,altakamul street /villa54 - Shakhbout Bin Sultan St - Al Khibeesi - Al Sidrah - Abu Dhabi - United Arab Emirates,24.2217804,55.6940068,4.7,53,OPERATIONAL,beauty_salon,very_expensive,100,600,False,,,2026-10-09
ChIJf-nVE3Sxij4RsNWxdnIrMyE,City season salon and Moroccan hamam,Seeh Sidrah Street - Al Khibeesi - Al Sidrah - Abu Dhabi - United Arab Emirates,24.219272,55.685072999999996,3.9,25,OPERATIONAL,barber_shop,,,,False,,men-only,2026-10-09
ChIJ6fXQhCayij4Rw_VbirsLT9U,Al Nasyan Men's Saloon,6MMX+9GG - Al Khibeesi - Al Meryal - Abu Dhabi - United Arab Emirates,24.233431,55.698839899999996,3.9,8,OPERATIONAL,barber_shop,,,,False,,men-only,2026-10-09
ChIJWUyAG3Gzij4RhQBnPkdegb4,Miss elegant,6MJQ+55H - Riyah Al Shamal St - Al Khibeesi - Al Naseriyya - Abu Dhabi - United Arab Emirates,24.2304481,55.687988499999996,,,OPERATIONAL,beauty_salon,,,,False,,,2026-10-09
ChIJPeWQhCayij4RTBo1so-gZ_A,Barber Markhaniya Alain,6MMX+CH3 - Al Khibeesi - Al Meryal - Abu Dhabi - United Arab Emirates,24.233517700000004,55.6989271,3.3,11,OPERATIONAL,barber_shop,,,,False,,men-only,2026-10-09
ChIJj0mGaWaxij4RUFUa-tnn0p0,Salon Al Arousa - Bride Henna Salon,أبو ظبي - المعترض - عقدة المويجعي - أبو ظبي - United Arab Emirates,24.2281917,55.7313097,3.7,199,OPERATIONAL,beauty_salon,,,,False,,,2026-10-09
ChIJTQR2LGixij4RcHgrhdYfyjQ,صالون سونا المويجعي sona salon,Al Ain - Al Mu'tarid - Ugdat Al Muwaiji - Abu Dhabi - United Arab Emirates,24.2251847,55.735263599999996,3.6,197,OPERATIONAL,beauty_salon,,,,False,,,2026-10-09
ChIJWaLT1k2xij4R8jIst56kvSY,N Kay Beauty Salon,1 Floor - Sheikh Khalifa Bin Zayed Al Nahyan Highway - Al Muwaij'i - Shareat Al Muwaiji - Abu Dhabi - United Arab Emirates,24.2238884,55.7295187,4.7,616,OPERATIONAL,beauty_salon,very_expensive,200,700,False,,,2026-10-09
ChIJx5yyPG-xij4RyZzGgCJzI1k,Himi Spa - Al Muwaiji branch,Al Muwaij'iShareat - 33 Al Unshoudah St - Al Muwaij'i - Shareat Al Muwaiji - Abu Dhabi - United Arab Emirates,24.22388,55.729085000000005,4.3,254,OPERATIONAL,beauty_salon,,,,False,,,2026-10-09
ChIJA7oWOwCxij4RBsuCy_BNTTY,Thai Spa New Branch,128 Zayed Bin Sultan St - Al Mu'tarid - Nad Al Shareea - Abu Dhabi - United Arab Emirates,24.220264699999998,55.741375399999995,4.1,27,OPERATIONAL,beauty_salon,,,,False,,,2026-10-09
ChIJBd1qxzGxij4R2gSQLCjksz8,مركز ساميه عارف العدوان,155 Al Manarah St - Al Mu'tarid - Hai Hazaa Mosque - Abu Dhabi - United Arab Emirates,24.223611599999998,55.7386962,4.5,33,OPERATIONAL,beauty_salon,,,,False,,,2026-10-09
ChIJn3MwAgCxij4REndfcDBfAbU,Art By Nidhi’s (Henna),16 Al Taqaya St - Al Muwaij'i - Majlood - Abu Dhabi - United Arab Emirates,24.2150975,55.721423599999994,4.8,4,OPERATIONAL,beauty_salon,,,,False,,,2026-10-09
ChIJATVW-Eexij4Rhe3-susGdI8,صالون فرساي مان,6PFH+C3F - Al Muwaij'i - Shareat Al Muwaiji - Abu Dhabi - United Arab Emirates,24.2235706,55.7276666,2.7,10,OPERATIONAL,barber_shop,,,,False,,men-only,2026-10-09
ChIJu12vWMyxij4RegezLVwdcHY,‏حلاق أبو عيسى,دوار الجبل - Al Mu'tarid - Ugdat Al Muwaiji - Abu Dhabi - United Arab Emirates,24.2259299,55.73731480000001,4.9,53,OPERATIONAL,hair_salon,,,,False,,,2026-10-09
ChIJ0TcX7JSxij4R5kaeUxPrR20,صالون دريم مون للسيدات/‏Dream Moon ladies Saloon,City Seasons Hotel - Sheik Khalifa Bin Zayed St - Al Mu'tarid - Shareat Al Muwaiji - Abu Dhabi - United Arab Emirates,24.2235922,55.7275201,4.7,32,OPERATIONAL,beauty_salon,,,,False,,,2026-10-09
ChIJHUImbcCxij4ROzNTek34UJk,Rokas ladies beauty salon Home service Al Ain,3 Al Deejour St - Al Muwaij'i - Majlood - Abu Dhabi - United Arab Emirates,24.214372599999997,55.7201963,4.5,4,OPERATIONAL,beauty_salon,,,,False,,,2026-10-09
ChIJZyaHMcixij4RmCPKOzwrJxs,88 Ladies Beauty Center & Spa,Al Ain - Al Mu'tarid - Ugdat Al Muwaiji - Abu Dhabi - United Arab Emirates,24.2264557,55.737583,4,28,OPERATIONAL,beauty_salon,,,,False,,,2026-10-09
ChIJSeYuXQqxij4R2ibXVpu_Lr4,Very important kids salon,Khalifa Bin Zayed St - Al Muwaij'i - Shareat Al Muwaiji - Abu Dhabi - United Arab Emirates,24.223881799999997,55.7279754,4.6,12,OPERATIONAL,beauty_salon,,,,False,,,2026-10-09
ChIJKYmr1ROvij4RvCy_3kolans,Mizhi Ladies Salon صالون ميازي للسيدات,6PCV+96G Hai Hazaa Mosque - Zayed Bin Sultan St - Al Mu'tarid - Hai Hazaa Mosque - Abu Dhabi - United Arab Emirates,24.220947199999998,55.7430132,4.1,42,OPERATIONAL,beauty_salon,moderate,1,300,False,,,2026-10-09
ChIJA1-xH8a2ij4RTPwDvgo89fY,Al Ain Bride Beauty Centre,6PGJ+687 - Al Muwaij'i - Galaat Al Muwaiji - Abu Dhabi - United Arab Emirates,24.2255447,55.7307954,4.4,14,OPERATIONAL,beauty_salon,,,,False,,,2026-10-09
ChIJv6Aa7h-xij4RoyIA_R9SrRs,Salon Sayon,6P5F+3X2 - Zayed The First St - Al Muwaij'i - Al Ruwaikah - Abu Dhabi - United Arab Emirates,24.207642099999997,55.724894299999995,4.3,11,OPERATIONAL,barber_shop,,,,False,,men-only,2026-10-09
ChIJKd8e7BW3ij4R1k01bqxDmKE,HALO Beauty,"Hai Qasaidah, 6 street, Al Ain back side KFC - Khalifa binz zayed street - وسط المدينة - حي قصيدة - أبو ظبي - United Arab Emirates",24.2243225,55.7601035,4.8,606,OPERATIONAL,beauty_salon,,,,False,,,2026-10-09
ChIJoUtyIYuxij4RPWUJdrIMnUY,انفينتي بيوتي سنتر infinity beauty center,"Alain, khalifa Bin Zayed Al Awal Street - المعترض - عود الحصاة - أبو ظبي - United Arab Emirates",24.2272718,55.744094999999994,4.7,105,OPERATIONAL,beauty_salon,moderate,100,400,False,,,2026-10-09
ChIJz-uNw6axij4RX0vDmGzHhEA,صالون عروس البتول للحناء والتجميل saloon aroos albatul,AlAin - 62 Al 'Anajeej St - Al Mu'tarid - Hai Hazaa Mosque - Abu Dhabi - United Arab Emirates,24.221810899999998,55.7444383,4,62,OPERATIONAL,beauty_salon,,,,False,,,2026-10-09
ChIJW_LGkcy2ij4RSLOZoWF-dbg,Batavia Beauty Center,118th St - Central District - Al Rubainah - Abu Dhabi - United Arab Emirates,24.2173596,55.7598531,4.4,239,OPERATIONAL,beauty_salon,,,,False,,,2026-10-09
ChIJq6qaVEuxij4RWWIh9sKUrhE,مركز حمام الجمال المغربي - Al Jamal Al Maghrebi Hamam & Beauty Salon,Oud Touba - Building No 87 Ali Bin Abi Talib St - Central District - Nad Al Rusas - Abu Dhabi - United Arab Emirates,24.2278877,55.7576173,4.6,227,OPERATIONAL,beauty_salon,moderate,100,300,False,,,2026-10-09
ChIJt8V2Jba3ij4RmMXrTzrGtYc,AFRICAN CARIBBEAN GENTS SALON,Khalifa Bin Zayed St - Central District - Hai Al Qasr - Abu Dhabi - United Arab Emirates,24.221433,55.7580131,4.7,261,OPERATIONAL,hair_salon,moderate,1,100,False,,men-only,2026-10-09
ChIJS-YvDbW2ij4RasrqSqPnGTI,Karkafi Hair Extension Al Ain قرقفي للشعر المستعار (اكستنشن) العين,Sheikh Khalifa Bin Zayed St - near KFC - Central District - Al Mutawaa - Abu Dhabi - United Arab Emirates,24.2247813,55.7600603,4.8,268,OPERATIONAL,hair_care,,,,False,,,2026-10-09
ChIJAedexYixij4RkBJo11kzsHg,Lavella spa and salon,Apartment No. 3 Floor No - 2nd St - Central District - Hai Al Qasr - Abu Dhabi - United Arab Emirates,24.2232954,55.7574147,4.5,114,OPERATIONAL,beauty_salon,moderate,1,200,False,,,2026-10-09
ChIJ67lzQ9S3ij4R3An0QtVOzDQ,Al Farasha Al Dhabia,"Al-Ain - from the back, First parking - Same side as Sedar but from the back - Oud Altouba Street - وسط المدينة - حي الحميرة - أبو ظبي - United Arab Emirates",24.2269085,55.7581273,4.6,100,OPERATIONAL,beauty_salon,,,,False,,,2026-10-09
ChIJz_AZxHqzij4R1pfjNDA1yE4,Lavellebeautylounge,Al Ain - Al Mu'tarid - Harat Mohd Ibn Khalifa - Abu Dhabi - United Arab Emirates,24.222653599999997,55.7454755,4.7,222,OPERATIONAL,beauty_salon,moderate,1,200,False,,,2026-10-09
ChIJr9Go6Y63ij4Rz2x2lb9RlDA,HAYAT BEAUTY SALON صالون حياة للتجميل,"Near Clock Tower Al Hamoor & Al Kasoor Building 2nd floor, 203, Al Ain Sector hai Qesaidah Road 1 - 9 شارع أبها - وسط المدينة - حي قصيدة - أبو ظبي - United Arab Emirates",24.2217693,55.7596717,4.9,183,OPERATIONAL,beauty_salon,expensive,1,500,False,,,2026-10-09
ChIJldRHUzWxij4RVwF96KlfMSo,مركز فرنسا ستايل صالون نسائي France Style Salon,العين مركز المدينة اشارات الساعه بناية - شوكولالا المنطقة المركزية – حي القصر العين - Chocolala Central District - Hai Al Qasr Al Ain - Central District - Hai Al Qasr - Abu Dhabi - United Arab Emirates,24.222471499999997,55.757787799999996,4.2,111,OPERATIONAL,beauty_salon,moderate,1,300,False,,,2026-10-09
ChIJlwqCQO5pXj4RcCzZmE-eNeE,Revansh Beauty Salon - ريفانش بيوتي صالون,Oud Al-Tawbah St - Central District - Nad Al Rusas - Abu Dhabi - United Arab Emirates,24.2281868,55.761139799999995,4.6,184,OPERATIONAL,beauty_salon,very_expensive,200,500,False,,,2026-10-09
ChIJgQNmroyrij4RPjErjMtG8WY,Star party ladies saloon,Al Aamerah - Al Waha Al Aamerah - Abu Dhabi - United Arab Emirates,24.23135,55.555870899999995,,,OPERATIONAL,beauty_salon,,,,False,,,2026-10-09
ChIJJVYkZ4Kzij4REDyJZyiYQC8,Shouq Beauty Salon,56 Al Khayl St - Al Khibeesi - Al Naseriyya - Abu Dhabi - United Arab Emirates,24.233694399999997,55.6816758,4.5,790,OPERATIONAL,beauty_salon,expensive,100,500,False,,,2026-10-09
ChIJGY_KeQCzij4RqsPrFl-0GpM,Viorica Ladies Beauty Centre,Al Tiwayya - Eidan Al Jareh - Abu Dhabi - United Arab Emirates,24.2555211,55.6900859,4.9,118,OPERATIONAL,beauty_salon,moderate,100,300,False,,,2026-10-09
ChIJ5WKfWLSzij4RT0--KGcbJs0,NASIRIYAH GENTS SALOON,near Hijreya Masjid - Al Khibeesi - Al Naseriyya - Abu Dhabi - United Arab Emirates,24.2315638,55.684801699999994,5,3,OPERATIONAL,barber_shop,,,,False,,men-only,2026-10-09
ChIJ-Y-shROzij4REi_nYgYTzNs,كارلفت سيدة للسيدات,6MVH+H5R - Al Tiwayya - Maadhi - Abu Dhabi - United Arab Emirates,24.2439766,55.6778932,,,OPERATIONAL,beauty_salon,,,,False,,,2026-10-09
ChIJoRwtTBSyij4R2hO70UOK_gQ,صالون فلاش للرجال,6MVQ+868 - Al Tiwayya - Maadhi - Abu Dhabi - United Arab Emirates,24.2432986,55.688084599999996,4,6,OPERATIONAL,hair_salon,,,,False,,,2026-10-09
ChIJgW8DtvSzij4RImrsJ1zOZnY,صالون جسر الذهبي للرجال,6MQW+5QR - Unnamed Road - Al Khibeesi - Al Meryal - Abu Dhabi - United Arab Emirates,24.237987399999998,55.696888699999995,5,4,OPERATIONAL,hair_salon,,,,False,,,2026-10-09
ChIJpxOOGEuzij4RuKvHVHiPZDk,Madhah Hair Cutting Saloon,Al Ragayeb 1 Abdullah Muhammad building Shop no 4 G - الطوية - الرقايب - Ajman - United Arab Emirates,24.2460123,55.6942591,,,OPERATIONAL,hair_salon,,,,False,,,2026-10-09
ChIJVSBoxRKzij4RyipMKZhIrR4,صالون مساء النور للحلاقة,6MQW+5P5 - Hamdan Bin Mohammad St - Al Khibeesi - Al Meryal - Abu Dhabi - United Arab Emirates,24.2378526,55.696824899999996,5,1,OPERATIONAL,hair_salon,,,,False,,,2026-10-09
ChIJ6Vqaz22zij4RXNfJYsXsWJA,Most glam ladies salon,المرخانيه - شارع النَّوْرَس - Al Khibeesi - Al Meryal - Abu Dhabi - United Arab Emirates,24.239085100000004,55.6961703,3.9,19,OPERATIONAL,beauty_salon,,,,False,,,2026-10-09
ChIJb9xZPwCzij4R_vtK92NsDgw,naturals gents صالون ناتشورالس للرجال,7M4Q+5XG ENS staff accommodation phase 2 new - Al Aflaj St - Al Tiwayya - Eidan Al Jareh - Abu Dhabi - United Arab Emirates,24.2554444,55.689964499999995,3.7,3,OPERATIONAL,barber_shop,,,,False,,men-only,2026-10-09
ChIJK3QKUdCzij4R9I0MXh7Lmlo,OCEAN BEAUTY CENTER- Aljimi,Al Ain - Al Jimi - Ugdat Al Ameriya - Abu Dhabi - United Arab Emirates,24.2430225,55.720440499999995,4.4,722,CLOSED_TEMPORARILY,beauty_salon,expensive,1,600,False,,not-operational,2026-10-09
ChIJA1QJIn6zij4RhG1KGqPFxy8,Gloss Up Beauty Lounge,Al Maqasid St - Al Jimi - Al Ameriya - Abu Dhabi - United Arab Emirates,24.248288799999997,55.723898299999995,4,473,OPERATIONAL,beauty_salon,very_expensive,100,600,False,,,2026-10-09
ChIJiScg9dqzij4Rus0DNYwz1oA,Tips and Toes Jimi,Al Mahir St - Al Jimi - Ugdat Al Ameriya - Abu Dhabi - United Arab Emirates,24.2428189,55.7228603,4.2,689,OPERATIONAL,beauty_salon,expensive,100,500,False,,,2026-10-09
ChIJF2LeaqCeS20RPkqCjoqMdho,Cromatix Beauty Lounge,Villa 113 Al Ghizlan St - Alkhabeesi - Al Zaafaran - Abu Dhabi - United Arab Emirates,24.240997399999998,55.718609699999995,4.3,211,OPERATIONAL,beauty_salon,,,,False,,,2026-10-09
ChIJEZWd-rmzij4RcDJR6JAOSh0,مركز كير زون للعناية بالرجال,العين مقابل الجيمي مول بجانب - Al Jimi - Ugdat Al Ameriya - Abu Dhabi - United Arab Emirates,24.2437969,55.724625499999995,4.7,232,OPERATIONAL,hair_salon,moderate,50,150,False,,,2026-10-09
ChIJEb2yvPWzij4RDlQHmy45hyM,Class Cleopatra Salon,Al Jimi - Ugdat Al Ameriya - Abu Dhabi - United Arab Emirates,24.243853899999998,55.7246227,4.8,601,OPERATIONAL,beauty_salon,very_expensive,100,700,False,,,2026-10-09
ChIJf3YNWWuzij4RlHMoHL_Zizo,Toucher De Plumes salon | صالون تيشير دي بلومز للسيدات,منطقة الجيمي - مبنى الهلال الاحمر ، الدور الثالث - Hamdan Bin Mohammad St - Al Jimi - Civic Center - Abu Dhabi - United Arab Emirates,24.2409104,55.7278142,4.5,483,OPERATIONAL,beauty_salon,very_expensive,200,500,False,,,2026-10-09
ChIJrQZwdLyzij4RLOgYGO6eG90,Man Lab Gentlemen's Spa Al Ain Square,"Plot 8, near Gate 2 Hazza bin Zayed Stadium - الطوية - جفير عبيد - أبو ظبي - United Arab Emirates",24.246194199999998,55.7153564,4.7,503,OPERATIONAL,barber_shop,,,,False,,men-only,2026-10-09
ChIJARdJKW-xij4RS5nwkneYuBA,Ushi Nail Spa Al Ain Square,Al Ain Square - Al Tiwayya - Jafeer Obaid - Abu Dhabi - United Arab Emirates,24.243663299999998,55.7169567,4.6,612,OPERATIONAL,beauty_salon,moderate,100,400,False,,,2026-10-09
ChIJE79PNEezij4RBibrYfJhS7M,NAULA,Al Qata St - Al Khibeesi - Al Zaafaran - Abu Dhabi - United Arab Emirates,24.241822499999998,55.717861299999996,4.1,82,OPERATIONAL,beauty_salon,moderate,1,300,False,,,2026-10-09
ChIJzZzwdvyzij4R93q2jmrkT9g,Emirates platinum ladies center,opposite sheikh hazaa stadium - Al Khibeesi - Al Zaafaran - Abu Dhabi - United Arab Emirates,24.2421228,55.712899,4.4,31,OPERATIONAL,beauty_salon,,,,False,,,2026-10-09
ChIJ7XCqrZazij4RzL7krO5dGcc,Macsister,Al Ain - Al Khibeesi - Al Zaafaran - Abu Dhabi - United Arab Emirates,24.2370242,55.7146222,5,2,OPERATIONAL,hair_salon,,,,False,,,2026-10-09
ChIJlcof4o6zij4RiVKy1AyWuY4,Marilyn Monroe Spa(Ladies Spa Salon),Villa number - 10 20th St - Al Jimi - Al Ameriya - Abu Dhabi - United Arab Emirates,24.248341099999998,55.723098199999995,4.3,92,OPERATIONAL,beauty_salon,,,,False,,,2026-10-09
ChIJhWHkbROzij4R3nbF40YZU9s,La Bela Princino Beauty Center,6PV4+25H - Al Tiwayya - Al Zaafaran - Abu Dhabi - United Arab Emirates,24.2425572,55.705472099999994,4.8,75,OPERATIONAL,beauty_salon,,,,False,,,2026-10-09
ChIJvSb-jHSzij4RoqrkjTOAQoU,"Salon AL JAMAL , nr Jimi Mall",Al Ain - Al Jimi - Ugdat Al Ameriya - Abu Dhabi - United Arab Emirates,24.2427435,55.7242808,4.3,34,OPERATIONAL,barber_shop,,,,False,,men-only,2026-10-09
ChIJu6Z0Qs6zij4Rtsu3dS_7Owk,صالون الحربية للرجال,Al Jimi - Ugdat Al Ameriya - Abu Dhabi - United Arab Emirates,24.246269299999998,55.7203729,3.7,11,OPERATIONAL,barber_shop,,,,False,,men-only,2026-10-09
ChIJG7kx-r2zij4ReVooiDRbNAM,صالون الكشخه للرجال,الخبيصي - المريال - خلف مصلى العيد - Al Khibeesi - Al Meryal - Abu Dhabi - United Arab Emirates,24.235055799999998,55.6980101,3.4,11,OPERATIONAL,barber_shop,,,,False,,men-only,2026-10-09
ChIJd_btnMWzij4Rb1Db7N1Jv6E,Haair Salooon,6PXG+F48 - الجيمي - العامرية - أبو ظبي - United Arab Emirates,24.248656,55.725325399999996,4.2,10,OPERATIONAL,barber_shop,,,,False,,men-only,2026-10-09
ChIJVaKTfJ2zij4RRm2aNjhpOmM,صالون قصر العز للرجال,6PQ3+45Q - Al Khibeesi - Al Meryal - Abu Dhabi - United Arab Emirates,24.2378318,55.7029776,4.4,17,OPERATIONAL,hair_salon,,,,False,,,2026-10-09
ChIJBfYOwO-zij4RRmNOG_ccs2Q,Joya Center For Health and Beauty,83 Al Ghizlan St - Al Khibeesi - Al Zaafaran - Abu Dhabi - United Arab Emirates,24.2384922,55.7187487,4,13,OPERATIONAL,beauty_salon,,,,False,,,2026-10-09
ChIJfb9jbk2zij4Rqt-sJfZTpSY,Native Salon & Lounge,Al Jimi - Al Ameriya - Abu Dhabi - United Arab Emirates,24.2581505,55.7386291,3.2,179,OPERATIONAL,beauty_salon,moderate,100,300,False,,,2026-10-09
ChIJ0z9BSduzij4RJsLs4UPB_iM,Sona Beauty Center,6PWH+6H6 - Al Jimi - Ugdat Al Ameriya - Abu Dhabi - United Arab Emirates,24.245531999999997,55.728891,3.4,282,OPERATIONAL,beauty_salon,,,,False,,,2026-10-09
ChIJra5ej8azij4R-23Z_O-dqpk,kanaan gents saloon & spa AlAin - صالون وسبا كنعان للرجال العين,15 شارع خَلاَّب - Al Jimi - Slemi - Abu Dhabi - United Arab Emirates,24.2424337,55.739879699999996,4.2,161,OPERATIONAL,barber_shop,,,,False,,men-only,2026-10-09
ChIJ82r9i_2zij4RbuBWvsheeAk,Taif Beauty Salon Al Ain (Ladies),Near The Media Council - الجيمي - سليمي - أبو ظبي - United Arab Emirates,24.2414843,55.7505854,4.3,388,OPERATIONAL,beauty_salon,moderate,100,400,False,,,2026-10-09
ChIJWY1zBMuzij4RBuHOnnh32p8,Zahrat Al Hanan beauty salon,66 Hamdan Bin Zayed the First St - Al Jimi - Al Ameriya - Abu Dhabi - United Arab Emirates,24.257129400000004,55.7394758,3.6,163,OPERATIONAL,beauty_salon,moderate,1,200,False,,,2026-10-09
ChIJldy7Pfyzij4RtdcZgM_Aw-0,Larosh Beauty & fitness center,Al Ain - Al Jimi - Slemi - Abu Dhabi - United Arab Emirates,24.2459199,55.751331,4.7,870,OPERATIONAL,beauty_salon,moderate,1,300,False,,,2026-10-09
ChIJbxzxlEWzij4RTBTuWtkKrME,Himi spa - Al Jimi branch,31 Al Thamarah St - Al Jimi - Al Ameriya - Abu Dhabi - United Arab Emirates,24.2583882,55.7370143,4.6,64,OPERATIONAL,beauty_salon,expensive,100,500,False,,,2026-10-09
ChIJk89iJMOxij4RguPEr8-FdKk,Taila Salon,6QR2+J55 - Hamdan Bin Mohammad St - Al Jimi - Slemi - Abu Dhabi - United Arab Emirates,24.2415006,55.75048640000001,4,47,OPERATIONAL,beauty_salon,,,,False,,,2026-10-09
ChIJTwgmD52zij4RxUO7u81QlEo,مركز مون هاوس سبا للرجال,مدينة العين - الجيمي العامرية - Al Tajir St - Al Jimi - Al Ameriya - Abu Dhabi - United Arab Emirates,24.2581699,55.7390026,3.8,56,OPERATIONAL,hair_salon,moderate,50,150,False,,,2026-10-09
ChIJxRtIFuuzij4RAyPK9TpQSqo,مركز مونتي كارلو سبا ليدي,7P5Q+8P8 - Unnamed Road - Al Jimi - Al Ameriya - Abu Dhabi - United Arab Emirates,24.258284099999997,55.7393429,3.6,39,OPERATIONAL,beauty_salon,,,,False,,,2026-10-09
ChIJGZgfmuSzij4RlS1BqwKz4zo,Lemar SPA Health & Beauty Center,Al Kharis Round - Al Jimi - Slemi - Abu Dhabi - United Arab Emirates,24.2415706,55.748211399999995,4.3,126,OPERATIONAL,beauty_salon,very_expensive,100,600,False,,,2026-10-09
ChIJL_SXKt2zij4RUh5ZO-edAbI,Silkor Al Ain Branch - مركز سيلكور العين,"Hamdan Ibn Zayed Al Awwal Street,4th Str Behind Al Jimi Mall, Al Jimi District - الجيمي - العامرية - أبو ظبي - United Arab Emirates",24.247729099999997,55.7326005,4.7,304,OPERATIONAL,medical_clinic,,,,False,,not-a-salon,2026-10-09
ChIJrf7J9kKxij4RPFoNDu6fTqg,Radiance Beauty Center - Al Jimi,"Villa 14 Al Widdad St, Ugdat - Al Jimi - Al Ameriya - Abu Dhabi - United Arab Emirates",24.2463035,55.7289944,4.4,197,OPERATIONAL,beauty_salon,,,,False,,,2026-10-09
ChIJzdUy-8Czij4RmxSaIqqwpHE,صالون بيبي هوم,15 شارع خَلاَّب - Al Jimi - Slemi - Abu Dhabi - United Arab Emirates,24.2423273,55.739504499999995,4.6,78,OPERATIONAL,hair_salon,,,,False,,,2026-10-09
ChIJZ9LEDlSzij4R3Jx7UE0uKoU,Gitano Beauty Salon,Al Tajir St - Al Jimi - Al Ameriya - Abu Dhabi - United Arab Emirates,24.2581529,55.738962699999995,3.8,76,OPERATIONAL,beauty_salon,moderate,100,400,False,,,2026-10-09
ChIJ-2BpuI-xij4RUlwCQY2YX4c,Taif albawadi SPA for gents,24 Al Bahharah St - Al Jimi - Slemi - Abu Dhabi - United Arab Emirates,24.241489599999998,55.7507216,4.3,24,OPERATIONAL,hair_salon,,,,False,,men-only,2026-10-09
ChIJf_x7y4izij4RQZivgm3G8bA,صالون برنسيس اند هيروز للأطفال PRINCESS & HEROES KIDS SALOON,Jabal Al Husayn St - Al Tiwayya - Eidan Al Ridda - Abu Dhabi - United Arab Emirates,24.259551899999998,55.704788199999996,4.5,19,OPERATIONAL,hair_salon,,,,False,,,2026-10-09
ChIJUZ4hKwCzij4R1sqYnzGECNY,Bali Nails & lashes ladies beauty center,Al Jimi - Al Mraijeb - Abu Dhabi - United Arab Emirates,24.2591112,55.7371949,4.6,119,OPERATIONAL,nail_salon,,,,False,,,2026-10-09
ChIJBZ-qewCzij4RQryQGLMjjqg,مركز روح الغلا للسيدات,120 شارع العقود - Al Tiwayya - Wadi Bin Shami - Abu Dhabi - United Arab Emirates,24.259629399999998,55.7181639,4.7,65,OPERATIONAL,beauty_salon,moderate,1,200,False,,,2026-10-09
ChIJ_YhXghmzij4R8afgQgHP1KY,Pure eylashes center,40 123rd St - Al Jimi - Al Mraijeb - Abu Dhabi - United Arab Emirates,24.2591143,55.736628599999996,3.6,13,OPERATIONAL,hair_salon,,,,False,,,2026-10-09
ChIJY2wJB_yzij4RbuclvcI_gtk,Blushington Beauty Lounge,11 شارع البَريق - Al Jimi - Al Ameriya - Abu Dhabi - United Arab Emirates,24.2583275,55.7390207,4.5,125,OPERATIONAL,beauty_salon,,,,False,,,2026-10-09
ChIJb13Zlimzij4RD-hsK2jCPDI,مركز حسنا 1996 لتجميل السيدات,7P9V+P84 - Al Qattarah - Al Mragha - Abu Dhabi - United Arab Emirates,24.269312499999998,55.743312499999995,4.7,63,OPERATIONAL,beauty_salon,moderate,1,200,False,,,2026-10-09
ChIJkyjnF-mzij4RCnk-kRbdL3s,Ovilia Ladies Salon,11th St - Al Qattarah - Al Mragha - Abu Dhabi - United Arab Emirates,24.2692147,55.7429108,4.3,35,OPERATIONAL,beauty_salon,,,,False,,,2026-10-09
ChIJQdfM-5Czij4RgPpmIcFoBbk,Prestige Hareem Beauty Center,7P9V+MC8 Round About - Al Mas'oudi - Al Mragha - Abu Dhabi - United Arab Emirates,24.269161099999998,55.7435918,4.2,37,OPERATIONAL,beauty_salon,,,,False,,,2026-10-09
ChIJfwxbf7izij4RFwLvZ0STmL4,الرجل المتميز للحلاقة الرجالية,7P4G+MQ9 - 53rd St - Al Jimi - Al Ameriya - Abu Dhabi - United Arab Emirates,24.2566681,55.7269906,3.3,34,OPERATIONAL,hair_salon,,,,False,,,2026-10-09
ChIJ6bws2Z2zij4RFzOEh9o3oec,XO scissor for gents care,7P4Q+XM2 - Al Jimi - Al Ameriya - Abu Dhabi - United Arab Emirates,24.2573796,55.739135399999995,3.8,12,OPERATIONAL,beauty_salon,,,,False,,men-only,2026-10-09
ChIJXQ9MaZWzij4Rl2V761-jDXQ,Men's Wash salon,7P6Q+CRX - مريجب الشارع الرابع - Al Jimi - Al Mraijeb - Abu Dhabi - United Arab Emirates,24.2611223,55.739604799999995,4,2,OPERATIONAL,barber_shop,,,,False,,men-only,2026-10-09
ChIJi3SEJQCzij4RhOdkKKPrIgk,Disan Saloon Gents,27 Al Muhallab Bin Abi Sufrah St - Al Mas'oudi - Manazef - Abu Dhabi - United Arab Emirates,24.2704295,55.7292272,3.9,12,OPERATIONAL,barber_shop,,,,False,,men-only,2026-10-09
ChIJFbdhbwCzij4R7-K-QbfipTU,صالون المحترف,6 شارع المَحَّارَة - Al Jimi - Al Ameriya - Abu Dhabi - United Arab Emirates,24.257241099999998,55.739282599999996,3,6,OPERATIONAL,hair_salon,,,,False,,,2026-10-09
ChIJReX6zPuzij4Rd9z8z7Q-RMk,صالون الشطارة للحلاقة الرجالية,36 Al Zihab St - Al Mas'oudi - Al Mraijeb - Abu Dhabi - United Arab Emirates,24.2655982,55.739736,4.7,3,OPERATIONAL,hair_salon,,,,False,,,2026-10-09
ChIJwz_kbAazij4RoKIjj16p1X8,صالون العمله,7P59+Q58 - Al Tiwayya - Wadi Bin Shami - Abu Dhabi - United Arab Emirates,24.2594215,55.7179456,3,2,OPERATIONAL,barber_shop,,,,False,,men-only,2026-10-09
ChIJjSHWfT6zij4R_z9L1NqTEbs,AL QAFFELA MENS SALOON ‘BR’ صالون القافله الرجال 'فرع',18 Al Jeerah St - Al Mas'oudi - Manazef - Abu Dhabi - United Arab Emirates,24.2880613,55.736100799999996,4,3,OPERATIONAL,barber_shop,,,,False,,men-only,2026-10-09
ChIJQ1TNHgCzij4RnFb7L1Z0Jj4,Si 70,7PJJ+8PV - Al Mas'oudi - Manazef - Abu Dhabi - United Arab Emirates,24.280855,55.731787499999996,,,OPERATIONAL,beauty_salon,,,,False,,,2026-10-09
ChIJNZw28Fe3ij4RCaSuV_X25Nc,PURE GLOW LADIES SALON,Khalifa street - near lulu alfalah plaza - Central District - Hai Qesaidah - Abu Dhabi - United Arab Emirates,24.2248154,55.7616733,4.9,106,OPERATIONAL,beauty_salon,moderate,1,200,False,,,2026-10-09
ChIJR1j5rn-3ij4RzZ7a0gBlQlQ,Roses Dew Beauty Lounge- Al Ain,"6QF5+C8 Al Ain, Abu Dhabi Opposite to Burjeel Royal Hospital - Al Ain Life Pharmacy Building - Room # 5 - 8 2nd Floor - وسط المدينة - حي قصيدة - أبو ظبي - United Arab Emirates",24.223557399999997,55.758288400000005,4.6,247,OPERATIONAL,beauty_salon,very_expensive,100,700,False,,,2026-10-09
ChIJofWRFqi3ij4RMw2tuR55xTY,Maganda Ladies Beauty Center Al Ain,Building 8 Al Jusour St - Central District - Hai Qesaidah - Abu Dhabi - United Arab Emirates,24.223521299999998,55.758260099999994,4.5,33,OPERATIONAL,beauty_salon,,,,False,,,2026-10-09
ChIJhZ2WJA-3ij4RiewECdncvWU,Mubazzara Family Beauty Lounge & Spa,"6QF6+V4 - 2nd Floor, KFC Building - شارع خليفة بن زايد - وسط المدينة - حي قصيدة - أبو ظبي - United Arab Emirates",24.224653,55.7604012,4.5,218,OPERATIONAL,beauty_salon,,,,False,,,2026-10-09
ChIJ_85hIgaxij4Rw4l18HnLnTM,MB Signature ladies Beauty Salon,Bustanah St - Al Jimi - Al Ameriya - Abu Dhabi - United Arab Emirates,24.258449199999998,55.738070199999996,5,9,OPERATIONAL,beauty_salon,,,,False,,,2026-10-09
ChIJcejkDOM44Q0RgAprA5HjXV8,Blush and Beyond beauty center,Oud Al toba - Hai Al Humaira - Abu Dhabi - United Arab Emirates,24.2265452,55.757756799999996,5,1,OPERATIONAL,beauty_salon,,,,False,,,2026-10-09
ChIJz0CxCPGxij4R44xn9olX80U,Glosselle Salon,Zayed Bin Sultan St - Al Mu'tarid - Harat Mohd Ibn Khalifa - Abu Dhabi - United Arab Emirates,24.2203204,55.7492593,4.8,41,OPERATIONAL,beauty_salon,expensive,1,500,False,,,2026-10-09
ChIJ_0IqsYe3ij4Rvzc7B7wmuH0,Magic Touch Ladies Salon,Al Otaiba Jahily Building - Al Watan St - Al Jahili - Hai Al Qalaa - Abu Dhabi - United Arab Emirates,24.2166912,55.758976399999995,4.7,72,OPERATIONAL,beauty_salon,,,,False,,,2026-10-09
ChIJX8Y-PqoGokkR5xo7Kl6D3Ew,Fatima Beauty Salon,abudhabi Al yahar mall - Al Ain Rd - Al Aamerah - Al Waha Al Aamerah - Abu Dhabi - United Arab Emirates,24.2207229,55.543041599999995,5,1,OPERATIONAL,beauty_salon,,,,False,,,2026-10-09
ChIJJ5dhdsi2ij4Rm77DgC7A8s4,Margaux Ladies Beauty Center LLC OPC,Al Ain - Central District - Hai Al Humaira - Abu Dhabi - United Arab Emirates,24.2253688,55.7602601,3.6,52,OPERATIONAL,beauty_salon,,,,False,,,2026-10-09
ChIJmabtJ8e3ij4RzMg5zeJpwAg,Artistic Beauty Lounge Ladies Center,Oud Al Touba - Central District - Nad Al Rusas - Abu Dhabi - United Arab Emirates,24.2280464,55.7600838,4.9,28,OPERATIONAL,beauty_salon,,,,False,,,2026-10-09
ChIJ298VMgC3ij4R0g9BJjC04ws,Feather Touch Ladies Salon,38 Beirout St - Central District - Hai Qesaidah - Abu Dhabi - United Arab Emirates,24.2247184,55.7612563,4.8,63,OPERATIONAL,beauty_salon,,,,False,,,2026-10-09
ChIJV_9vUwCxij4RvybZ95ktgvM,Touch & Glow Ladies Beauty Salon,Central District - Al Rubainah - Abu Dhabi - United Arab Emirates,24.216324,55.7600355,4.7,56,OPERATIONAL,beauty_salon,,,,False,,,2026-10-09
ChIJ2eQKsI63ij4R06cfb7OVS9s,HUB Beauty Lounge,main street - Zayed Bin Sultan St - Central District - Al Rubainah - Abu Dhabi - United Arab Emirates,24.2206896,55.760191000000006,4,20,OPERATIONAL,beauty_salon,,,,False,,,2026-10-09
ChIJ64h8fRDWUaMRDmgq1e0aqys,Yamanails Ladies Beauty Center,SECOND FLOOR - 135 BUILDING 135 - Hessa Bint Mohammed St - Central District - Hai Qesaidah - Abu Dhabi - United Arab Emirates,24.2238309,55.758202000000004,5,27,OPERATIONAL,beauty_salon,moderate,200,300,False,,,2026-10-09
ChIJ7eMGCra2ij4RBGB61P7mdNs,Vero Nail Spa,Mansour Trading Building - Khalifa Street - Central District - Hai Al Humaira - Abu Dhabi - United Arab Emirates,24.225917499999998,55.7632833,4.5,290,OPERATIONAL,nail_salon,,,,False,,,2026-10-09
ChIJgaSfi-Cxij4R91ClwcAIpdg,Blue line reda rotana salon,Jahili rotana - Al Jahili - Al Masagi - Abu Dhabi - United Arab Emirates,24.2184693,55.7489096,5,28,OPERATIONAL,beauty_salon,,,,False,,,2026-10-09
ChIJz9PMEaO3ij4R-YhOxprTSBU,Ambience Ladies Salon and Spa,Lulu Hypermarket - Al Falah Plaza - Al Ain - Central District - Hai Qesaidah - Abu Dhabi - United Arab Emirates,24.224334199999998,55.7620705,4.8,303,OPERATIONAL,beauty_salon,expensive,100,500,False,,,2026-10-09
ChIJkfNwb4q3ij4R5QQU0K9c0cg,Glam & Beyond Ladies Beauty Salon,Zayed Bin Sultan St - Central District - Al Rubainah - Abu Dhabi - United Arab Emirates,24.2208628,55.7613524,4.9,42,OPERATIONAL,beauty_salon,,,,False,,,2026-10-09
ChIJR-xwAbdci60RLbv444040SM,Annyeong Spa & Beauty Center (لنساء فقط),"Villa No: 46, Al - Oud Al Thouba - شارع أجْيَاد - وسط المدينة - ند الرصاص - أبو ظبي - United Arab Emirates",24.2298409,55.757749,4.9,909,OPERATIONAL,spa,,,,False,,not-a-salon,2026-10-09
ChIJuV3OaCm3ij4RfHHqpjiUbfg,SD Ladies Beauty Salon,Sheikh Khalifa Bin Zayed St - near McDonald's - Central District - Hai Qesaidah - Abu Dhabi - United Arab Emirates,24.2248447,55.7614495,5,5,OPERATIONAL,beauty_salon,,,,False,,,2026-10-09
ChIJfetbRPi3ij4ROA8uVDx97_Q,صالون ليمار بيوتي للسيدات,بجانب دوار الساعة - Abha St - Central District - Hai Qesaidah - Abu Dhabi - United Arab Emirates,24.221742499999998,55.7591973,4.6,10,OPERATIONAL,beauty_salon,,,,False,,,2026-10-09
ChIJsZuQLAexij4RLAMfapXe8_A,"Biyo Beauty Spa - Souq Al Jami, Al Ain",Mohammed Bin Khalifa St - Central District - Shiebat Bin Anbar - Abu Dhabi - United Arab Emirates,24.2272924,55.7527809,4.8,262,OPERATIONAL,beauty_salon,moderate,100,400,False,,,2026-10-09
ChIJex4uGwC3ij4RXcArFhTLPeQ,vietnam,Downtown- Shek - Khalifa Bin Zayed St - Central District - Hai Qesaidah - Abu Dhabi - United Arab Emirates,24.2247298,55.7630005,4.7,207,OPERATIONAL,beauty_salon,expensive,100,500,False,,,2026-10-09
ChIJZ8MHIiW3ij4RnnRAqZ5iK0E,Nuha Beauty Salon,Sheikh Zayed Bin Sultan (Main Street - near Clock Tower Signal - Central District - Al Rubainah - Abu Dhabi - United Arab Emirates,24.220754,55.759972899999994,4.9,15,OPERATIONAL,beauty_salon,moderate,100,300,False,,,2026-10-09
ChIJ7XjJh-C3ij4ReyBLlfS4S2k,Mehara Beauty & Hair Studio,Al Bateel Street - شارع عود التُّوبَة - وسط المدينة - حي الحميرة - أبو ظبي - United Arab Emirates,24.2271189,55.759344,4.7,38,OPERATIONAL,beauty_salon,,,,False,,,2026-10-09
ChIJb9EuAsqzij4RnjnjWHzfV6k,The Loft Fifth Avenue Ladies Beauty Lounge - Al Jimi Mall,Hamdan Bin Mohammad St - Al Jimi - Ugdat Al Ameriya - Abu Dhabi - United Arab Emirates,24.244022299999997,55.7261064,4.6,55,OPERATIONAL,beauty_salon,moderate,1,300,False,,,2026-10-09
ChIJV35toUa3ij4RGFVgmkg9lQA,Eternity Ladies Salon,Al Touba - Unit 103 - 109 Hessa Bint Mohamed St - Central District - Hai Al Humaira - Abu Dhabi - United Arab Emirates,24.226283700000003,55.75763620000001,4.7,16,OPERATIONAL,beauty_salon,,,,False,,,2026-10-09
ChIJHzHHZh6xij4RSVU8Bg6gLWM,Zahra Al Jamal Ladies Care,Khalifa Bin Zayed St - Central District - Hai Qesaidah - Abu Dhabi - United Arab Emirates,24.224918100000004,55.762262299999996,4.8,57,OPERATIONAL,beauty_salon,,,,False,,,2026-10-09
ChIJYVIg79S3ij4R5xEhD_znX8o,Maraki Ladies Salon,"Building 22, Floor M1, Flat 201 - Al Bateel St - behind Welcome Tradings - Central District - Hai Al Humaira - Abu Dhabi - United Arab Emirates",24.227647599999997,55.7633851,5,2,OPERATIONAL,beauty_salon,,,,False,,,2026-10-09
ChIJDQwaOcBxXz4RiKiPNrhC0B8,Rerotti Hair & Beauty Remraam Al Thammam,Al Thamam Community Center - Al Hebiah Fifth - Remraam - Dubai - United Arab Emirates,25.0054075,55.2491833,4.1,224,OPERATIONAL,beauty_salon,,,,False,,,2026-10-09
ChIJnbgZ0DZxXz4RcCgUSnMXktA,Caractere Beauty Center | Hair Extension - Remraam,Remraam Community - Hessa St - Al Hebiah Fifth - Remraam - Dubai - United Arab Emirates,25.0020591,55.252505199999995,4.6,156,OPERATIONAL,beauty_salon,,,,False,,,2026-10-09
ChIJsyX-iO9xXz4RZJdNp9VkNKI,Caractere Gents Salon | Barber Shop - Remraam,"Caractere REMRAAM barber Shop, Remraam Community - Hessa St - Al Hebiah Fifth - Remraam - Dubai - United Arab Emirates",25.002162799999997,55.252471299999996,4.3,92,OPERATIONAL,barber_shop,,,,False,,men-only,2026-10-09
ChIJU5t7lGdxXz4R-OGTPyptdMY,Salon Nuha hairstyle,2724+PCG - Al Hebiah Fifth - Remraam - Dubai - United Arab Emirates,25.0018237,55.2560934,5,5,OPERATIONAL,beauty_salon,,,,False,,,2026-10-09
ChIJCfaagUpxXz4RuMGUUNAzDM0,Tips and Toes Mira Town Centre,Mira Town Centre - Al Yalayis 1 - Dubai - United Arab Emirates,25.0071525,55.3008537,4,342,OPERATIONAL,beauty_salon,expensive,100,500,False,,,2026-10-09
ChIJdSesLxpxXz4RM1bACiVK1zU,N.Bar Nail Spa & Salon Town Square,"Ground Floor, Opposite Spinneys, Town Square Community Center - اليلايس 2 - دبي - United Arab Emirates",25.003848899999998,55.2983179,4.8,617,OPERATIONAL,nail_salon,,,,False,,,2026-10-09
ChIJ6SbmmzJlXz4RIFQWZ0cCUh8,Refresh Hair & Beauty Bar,"Refresh Hair & Beauty Bar Nshama community centre , Townsquare - Al Qudra Rd - Al Yalayis 2 - Dubai - United Arab Emirates",25.0034846,55.2986777,4.8,286,OPERATIONAL,hair_salon,,,,False,,,2026-10-09
ChIJASaS2CRxXz4R8csNCKEtw04,ICEQUEEN Beauty & Wellness - Townsquare,"1A, Hayat Boulevard Town Square, Nshama Dubai - اليلايس 2 - دبي - United Arab Emirates",25.003818499999998,55.2959022,4.7,149,OPERATIONAL,beauty_salon,very_expensive,200,700,False,,,2026-10-09
ChIJVRiLkBl5Xz4RDfWUy1diwYQ,The Barbershop Juniors,"Al Qudra road Beside Cherry tree nursery, Townsquare - Warda Apartments - اليلايس 2 - دبي - United Arab Emirates",25.0038543,55.2930388,4.2,58,OPERATIONAL,hair_salon,,,,False,,men-only,2026-10-09
ChIJh-xKHkpxXz4REKPl-mdI8sY,The Barbershop Town Square Community Center,Town Square community center - Al Yalayis 2 - Dubai - United Arab Emirates,25.003926699999997,55.298425599999995,4.1,91,OPERATIONAL,barber_shop,,,,False,,men-only,2026-10-09
ChIJ1TdXFWBdXz4Rda-svMZ-5KY,Bsleek gents salon,Town square community nshama -Zahra Breeze 4b - Al Yalayis 2 - Dubai - United Arab Emirates,25.0056817,55.2957258,5,325,OPERATIONAL,barber_shop,moderate,80,160,False,,men-only,2026-10-09
ChIJP_JkBlFxXz4RBtRa3rTkJiE,Rover Gents Salon,Unnamed Road - 273V+PGG - اليلايس 2 - دبي - United Arab Emirates,25.0043094,55.293821699999995,3.2,26,OPERATIONAL,barber_shop,,,,False,,men-only,2026-10-09
ChIJLcUJfWVwXz4RIxegKoAql08,"The Barbershop, Mira Town",Mira Town Center - Al Yalayis 1 - Dubai - United Arab Emirates,25.0070514,55.300804299999996,4,137,OPERATIONAL,barber_shop,,,,False,,men-only,2026-10-09
ChIJadsHdwBxXz4R2nJ-4I76WGI,Cazimi Tan,2852+MJG - Reem Drive - Al Yalayis 1 - Dubai - United Arab Emirates,25.009179699999997,55.301582599999996,,,OPERATIONAL,beautician,,,,False,,,2026-10-09
ChIJ9ztEA-FtXz4RAGemqVYec5w,N Shades home of beauty/ Home service salon,Town Square - Al Yalayis 2 - Dubai - United Arab Emirates,25.004291799999997,55.2925556,5,7,OPERATIONAL,beauty_salon,,,,False,,,2026-10-09
ChIJ3Qnxo8FxXz4RSYyeTHT2xZI,kingerllo,274R+GJH - Al Yalayis 2 - Dubai - United Arab Emirates,25.0063125,55.2915625,,,OPERATIONAL,barber_shop,,,,False,,men-only,2026-10-09
ChIJiZQzQd5tXz4RpZpIxBBEbIc,The Salon | Al Furjan,Manor Hotel - Mina Jebel Ali - Al Furjan - Dubai - United Arab Emirates,25.0187892,55.142299099999995,4.9,746,OPERATIONAL,beauty_salon,expensive,100,500,False,,,2026-10-09
ChIJMzPF6ZZtXz4Rx0s_zlZyioE,MUKTA BEAUTY SALON ( AL FURJAN),"Al Furjan, Azizi Star Building, Shop No.12 - جبل علي الأولى - دبي - United Arab Emirates",25.024413199999998,55.1392016,4.8,258,OPERATIONAL,beauty_salon,,,,False,,,2026-10-09
ChIJA1yfYgBtXz4RM3VtVP7FtvU,Epic Hair Studio - Dubai,Jabal Ali First - Al Furjan - Dubai - United Arab Emirates,25.0181075,55.1415173,4.9,317,OPERATIONAL,barber_shop,moderate,40,100,False,,men-only,2026-10-09
ChIJvYNyDyRtXz4Rx1-dR3qdSqU,Twisted Scissors Gents Salon,Twisted Scissors Gents Salon - Jabal Ali First - Al Furjan - Dubai - United Arab Emirates,25.018493799999998,55.1426723,4.8,358,OPERATIONAL,barber_shop,moderate,40,140,False,,men-only,2026-10-09
ChIJW-0RDINtXz4R-PR22ETHCI4,Rejuvic Couture Beauty Salon ( Ladies),"Murano Residences 2, Unit 2 - جبل علي الأولى - Al Furjan - دبي - United Arab Emirates",25.024325899999997,55.1402553,4.9,376,OPERATIONAL,beauty_salon,expensive,100,500,False,,,2026-10-09
ChIJiQKBbuttXz4Rp1ex-npi-XQ,Short hair Gents Salon,Unnamed Road - Jabal Ali First - Dubai - United Arab Emirates,25.0238636,55.139991599999995,4.8,219,OPERATIONAL,hair_salon,moderate,100,150,False,,men-only,2026-10-09
ChIJLfqWekhtXz4R2evgQqknHso,Urban Diva Beauty Salon,"Rose Residence 2, Shop No. 4 - جبل علي الأولى - Al Furjan - دبي - United Arab Emirates",25.0180722,55.1414754,5,134,OPERATIONAL,beauty_salon,,,,False,,,2026-10-09
ChIJ12HQuiRtXz4Rm-fvdP1HXRk,OH Boy Gents Salon,Jabal Ali First - Al Furjan - Dubai - United Arab Emirates,25.025032,55.139215199999995,4.4,63,OPERATIONAL,hair_salon,,,,False,,men-only,2026-10-09
ChIJeRSOP0htXz4RAxBfsOZg2VA,Top Art Hair and Nail Salon,Azizi Star - Al Asayel Road - Jabal Ali First - Dubai - United Arab Emirates,25.024523,55.1392068,4.5,21,OPERATIONAL,beauty_salon,,,,False,,,2026-10-09
ChIJBXJ9IABtXz4R6oEaPN_94QA,HTEC GENTS BARBER,24MR+FPM - Al Asayel St - Jabal Ali First - Dubai - United Arab Emirates,25.033925699999998,55.1418219,4.4,5,OPERATIONAL,barber_shop,,,,False,,men-only,2026-10-09
ChIJD21vnRttXz4Row7lVf8TacY,BHH Classy Gents Salon,"Azizi Farishta Building, Shop#10 - ميناء جبل علي - Al Furjan - دبي - United Arab Emirates",25.0240002,55.1391127,4.1,20,OPERATIONAL,beauty_salon,,,,False,,men-only,2026-10-09
ChIJn_rhhwdtXz4RVxPr2F7oTxA,Soul to Soul salon,Midtown by Deyaar - Afnan 2 - Shop 1 - معيصم الأولى - Dubai Production City - دبي - United Arab Emirates,25.0287795,55.179637299999996,4.9,164,OPERATIONAL,hair_salon,,,,False,,,2026-10-09
ChIJdzDwuXv3NAoRpv5ZrUa0FHM,NS89 Beauty Bee,25C4+C2F Rose Residence - Shop no 4 - Jabal Ali First - Al Furjan - Dubai - United Arab Emirates,25.0210625,55.15506250000001,4.5,125,OPERATIONAL,beauty_salon,moderate,1,400,False,,,2026-10-09
ChIJ57aB0sxtXz4R3HGSNzMOVk8,The Professor Style Gents Saloon | Barber shop,"Production City, Midtown, Afnan 2, Shop 3 - معيصم الأولى - Dubai Production City - دبي - United Arab Emirates",25.028805499999997,55.1797998,4.7,90,OPERATIONAL,barber_shop,,,,False,,men-only,2026-10-09
ChIJW4n-D49tXz4RON1-suImsDg,SPIFF GENTS SALON Production City | Dubai,Midtown - Shop5 - Noor3 - معيصم الأولى - Dubai Production City - دبي - United Arab Emirates,25.026218399999998,55.1827178,4.7,191,OPERATIONAL,barber_shop,,,,False,,men-only,2026-10-09
ChIJxYTfREVtXz4Rs3jUmZCAO9Y,"Simply Beauty Salon & Spa - Midtown by Deeyar (Noor 2, Shop 3)","Noor 2 Bldg. , Midtown by Deeyar Me'Aisem First - Shop 03 - Me'aisem First - Dubai Production City - Dubai - United Arab Emirates",25.025991599999998,55.182406,4.7,238,OPERATIONAL,beauty_salon,,,,False,,,2026-10-09
ChIJzZKq3qBtXz4RnCvDFbWJEUE,Tache Barbershop (Tache Gents Salon),"La Residence Building Al Barsha South Fourth, Shop No.4 - البرشاء جنوب الخامسة - Jumeirah Village Triangle - دبي - United Arab Emirates",25.0343721,55.1746044,5,123,OPERATIONAL,barber_shop,moderate,80,160,False,,men-only,2026-10-09
ChIJyd4g_pptXz4RkOGnZHR6XVo,Be Revitalize Ladies Salon & Spa,"Midtown by Deyaar Afnan 4,Shop No. 3 - Midtown By Deyaar - معيصم الأولى - Dubai Production City - دبي - United Arab Emirates",25.0282327,55.1808033,4.5,104,OPERATIONAL,beauty_salon,,,,False,,,2026-10-09
ChIJXZMZUyFtXz4RD0HQiKHMtbY,Royal Prime Gents Salon | Barber Shop,"Afnan 4, Midtown - Shop 5 - Me'aisem First - Dubai Production City - Dubai - United Arab Emirates",25.0281916,55.180960999999996,4.1,33,OPERATIONAL,barber_shop,,,,False,,men-only,2026-10-09
ChIJ1cHNmXZtXz4RTQ4zuuiuoSo,牡丹大酒店 smile 潮色美发沙龙,"United Arab Emirates, Dubai, 牡丹大酒店G层 smile 沙龙",25.010218899999998,55.1622771,,,OPERATIONAL,hair_salon,,,,False,,,2026-10-09
ChIJy0WgZQBtXz4R4FvmqLRMmao,Hamza hair dresser,25MF+VM6 - Al Barsha South Fifth - District 1 - Dubai - United Arab Emirates,25.0346536,55.1741495,5,1,OPERATIONAL,hair_salon,,,,False,,,2026-10-09
ChIJNXgBW9NtXz4RxiYfwH0IPyg,AL QASAS GENTS SALON (BR),Rose Residence 1 - Shop no 3 - جبل علي الأولى - Al Furjan - دبي - United Arab Emirates,25.0208291,55.1551815,3.4,13,OPERATIONAL,hair_salon,,,,False,,men-only,2026-10-09
ChIJAcXysQ5tXz4RayUTSwH_JAQ,Super Cutting Line Gents Salon,Azizi Berton Building - Shop N0. 03 - Jebel Ali - Al Furjan - Dubai - United Arab Emirates,25.0199352,55.1503538,5,25,OPERATIONAL,barber_shop,inexpensive,20,80,False,,men-only,2026-10-09
ChIJE_cd88BtXz4R8Mog68bAd1I,Style Studio Gents Salon - Best salon in IMPZ,"Shop No 1, Qasr Sabah building 1 - معيصم الأولى - Dubai Production City - دبي - United Arab Emirates",25.0315925,55.194811699999995,4.6,271,OPERATIONAL,barber_shop,inexpensive,40,60,False,,men-only,2026-10-09
ChIJLwbhMvxtXz4Rk4gCcOLcVho,Barbershop Milado cut | Gents Salon,H39 - معيصم الأولى - Dubai Production City - دبي - United Arab Emirates,25.0351325,55.1995643,4.9,556,OPERATIONAL,barber_shop,,,,False,,men-only,2026-10-09
ChIJdysVucdtXz4RmeIsGND327I,Fade and Play Barbershop - Victory Heights,victory commercial center - Victory Dr - Al Hebiah Fourth - Dubai Sports City - Dubai - United Arab Emirates,25.0331723,55.2078801,4.8,392,OPERATIONAL,barber_shop,moderate,80,160,False,,men-only,2026-10-09
ChIJH6BhdmttXz4R6qFnHkj5XSw,Lash House Beauty Salon,Shop #3 - Qasr Sabah 2 - Me'aisem First - Dubai Production City - Dubai - United Arab Emirates,25.0328125,55.194562499999996,4.3,203,OPERATIONAL,beauty_salon,very_expensive,200,600,False,,,2026-10-09
ChIJdVYde4ZDXz4Rapj-bIPvOyg,Matrix Gents Salon - IMPZ,The Crescent Tower B - Shop 4 - Me'aisem First - Dubai Production City - Dubai - United Arab Emirates,25.033521900000004,55.2024684,4.8,231,OPERATIONAL,barber_shop,,,,False,,men-only,2026-10-09
ChIJx6Te75NtXz4Rsmj3p0qtE7I,Careplus Ladies Salon LLC,Crescent toward b shop 7 - Me'aisem First - Dubai Production City - Dubai - United Arab Emirates,25.0334276,55.20243,4.7,299,OPERATIONAL,beauty_salon,very_expensive,100,600,False,,,2026-10-09
ChIJ3RiWBWdtXz4RMxjFdoI8lM0,Chance Beauty Lounge 🌸 تشانس بيوتي لاونج,Me'aisem First - Dubai Production City - Dubai - United Arab Emirates,25.0353216,55.199497799999996,4.7,498,OPERATIONAL,beauty_salon,moderate,1,200,False,,,2026-10-09
ChIJ4yiZA4JtXz4RyHOqaHDbi2Q,Sasha Beauty Salon,Jumeirah Golf Estate Centro Al Andalus - معيصم الأولى - ملاعب عقارات جميرا للغولف - دبي - United Arab Emirates,25.0286464,55.2072625,4.7,307,OPERATIONAL,beauty_salon,,,,False,,,2026-10-09
ChIJB45Swr9tXz4R5klphFXiQuo,Cavalero Barbershop,Me'aisem First - Dubai Production City - Dubai - United Arab Emirates,25.0333038,55.20228290000001,4.7,354,OPERATIONAL,barber_shop,,,,False,,men-only,2026-10-09
ChIJN1R-7YdtXz4RxCV56uJzotI,NB Style Gents Saloon,26M2+JMP - Me'aisem First - Dubai Production City - Dubai - United Arab Emirates,25.0340953,55.2016877,4.2,169,OPERATIONAL,barber_shop,,,,False,,men-only,2026-10-09
ChIJNe3pVFZtXz4RviuYM3KjEfc,Royal Prime Gents Salon | Barber Shop - Lago Vista Tower B IMPZ,Dubai - Me'aisem First - Dubai Production City - Dubai - United Arab Emirates,25.0345281,55.2019972,3.9,23,OPERATIONAL,barber_shop,,,,False,,men-only,2026-10-09
ChIJj1ve_eldXz4RGjEWSq6f9Z0,Shams.nailz,10/1a Al Fay Rd - Me'aisem First - Dubai Production City - Dubai - United Arab Emirates,25.0367391,55.202424,4.7,26,OPERATIONAL,nail_salon,,,,False,,,2026-10-09
ChIJTazWqEdtXz4Rp9SJUqkGEsI,Old Money Gents Salon,Qasr Sabah 2 - Me'aisem First - Dubai Production City - Dubai - United Arab Emirates,25.0326085,55.1948332,4.6,80,OPERATIONAL,barber_shop,,,,False,,men-only,2026-10-09
ChIJBSr8UQBtXz4RJLnL9T6U70w,Royal Prime Gents Saloon,25FR+X8C - Me'aisem First - Dubai Production City - Dubai - United Arab Emirates,25.0249678,55.1907869,3.7,3,OPERATIONAL,beauty_salon,,,,False,,men-only,2026-10-09
ChIJrwaWdhRtXz4RZdzBgyHtIaw,Furious lady saloon,Me'aisem First - Dubai Production City - Dubai - United Arab Emirates,25.033455099999998,55.202495799999994,4.1,69,OPERATIONAL,beauty_salon,,,,False,,,2026-10-09
ChIJE9U6SqhtXz4RieMmZ4jyBLk,Oh My Glow Beauty Salon,"Dubai Sports City - Spanish Building, Canal Residence - الحبيه الرابعة - مدينة دبي الرياضية - دبي - United Arab Emirates",25.0363893,55.223227599999994,4.9,488,OPERATIONAL,beauty_salon,moderate,100,400,False,,,2026-10-09
ChIJX8Ahm1hxXz4REyK-CYCcGIU,Gents Saloon G Style,269V+VW - Al Hebiah Third - DAMAC Hills - Dubai - United Arab Emirates,25.0201061,55.2449009,4.5,84,OPERATIONAL,barber_shop,,,,False,,men-only,2026-10-09
ChIJvyLGOcBtXz4RU0XcgGrOyj0,Blackbeard Gents Salon صالون بلاك بيرد,arabian tower - Al Hebiah Fourth - Dubai Sports City - Dubai - United Arab Emirates,25.03593,55.223463599999995,4.5,202,OPERATIONAL,barber_shop,,,,False,,men-only,2026-10-09
ChIJw8X0l-VvXz4RiHWYwKfmBQg,Millionaire Salon – Sports City Dubai,Emirates Sports Hotel Apartments - Ground Floor A2 - near ICC - Al Hebiah Fourth - Dubai Sports City - Dubai - United Arab Emirates,25.037412,55.2259386,5,623,OPERATIONAL,barber_shop,moderate,60,120,False,,men-only,2026-10-09
ChIJdXWlD49vXz4RpLOsfzRxSkU,The Loft Fifth Avenue Gents Grooming - Tilal Al Ghaf,"Retail Hub, Tilal Al Ghaf - Al Hebiah Fourth - Tilal Al Ghaf - Dubai - United Arab Emirates",25.0329232,55.231910199999994,4.8,125,OPERATIONAL,barber_shop,,,,False,,men-only,2026-10-09
ChIJHxzurtbByQQRwAWu-oB9X2Y,Liza Reizer Hairstylist,Giovanni Boutique Suites - Al Hebiah Fourth - Dubai Sports City - Dubai - United Arab Emirates,25.0321008,55.2228813,4,2,OPERATIONAL,hair_salon,,,,False,,,2026-10-09
ChIJWbDLOlJtXz4ROrG0ixz94ZA,Tee&Glo Beauty Salon,The Els Club at - Al Hebiah Fourth - Dubai Sports City - Dubai - United Arab Emirates,25.0313961,55.2179248,4.8,195,OPERATIONAL,beauty_salon,very_expensive,100,600,False,,,2026-10-09
ChIJ8xCzIFBtXz4Rw2fM2k0qHRE,Natural curls by Fida,https://maps.app.goo.gl/BCEuMFpNozp66xuo8?g_st=iw - الحبيه الرابعة - Tilal Al Ghaf - دبي - United Arab Emirates,25.026100399999997,55.232606499999996,4.9,87,OPERATIONAL,hair_salon,,,,False,,,2026-10-09
ChIJ6blorvRtXz4RC9nLOI76A-A,The Village Gents Salon - ELS Club,ELS Club - Al Hebiah Fourth - Dubai Sports City - Dubai - United Arab Emirates,25.0315864,55.218618199999995,4.9,56,OPERATIONAL,barber_shop,,,,False,,men-only,2026-10-09
ChIJhzOwdARvXz4RvQtECCtDJeU,The Glo Studio Dubai,Elan - B419 - Al Hebiah Fourth - Tilal Al Ghaf - Dubai - United Arab Emirates,25.0241026,55.2336313,,,OPERATIONAL,beauty_salon,,,,False,,,2026-10-09
ChIJ8dQJgZBtXz4RFxFYRl20DJY,Taminafy Beauty,Harmony 3 - Al Hebiah Fourth - Tilal Al Ghaf - Dubai - United Arab Emirates,25.0178033,55.2142479,5,5,OPERATIONAL,beauty_salon,,,,False,,,2026-10-09
ChIJfTsjowdtXz4RfqaeZosQfGc,Glosse Harmony Beauty Salon L.L.C,Glosse Harmony Salon Grandiose Supermarket Building 2 - الحبيه الرابعة - Dubai Sports Village Sports City - دبي - United Arab Emirates,25.0364596,55.2258195,5,7,OPERATIONAL,beauty_salon,,,,False,,,2026-10-09
ChIJJ7-axBtxXz4RzJ1LY-IUXgo,The Corner Barber - Damac Hills,"Damac Hills, Dubailand Golf Veduta Tower B - Shop R01 - الحبيه الثالثة - داماك هيلز - دبي - United Arab Emirates",25.0180081,55.2527433,4.3,183,OPERATIONAL,barber_shop,,,,False,,men-only,2026-10-09
ChIJMQX-p9VxXz4RO9seBIvky3M,The Loft Fifth Avenue - Ladies Beauty Lounge & Gents Grooming - Mudon,Mudon Community Centre - Al Hebiah Sixth - Mudon - Dubai - United Arab Emirates,25.027176400000002,55.2677728,4.5,559,OPERATIONAL,beauty_salon,,,,False,,men-only,2026-10-09
ChIJTTn1ObxxXz4Rr6xLe3sTJ7M,Maison de Coiffure,Hessa St - Al Hebiah Third - DAMAC Hills - Dubai - United Arab Emirates,25.018971699999998,55.245788399999995,4.6,404,OPERATIONAL,beauty_salon,moderate,100,300,False,,,2026-10-09
ChIJZcS7cGJvXz4RNFc7flaVXA8,The Lab Gents' Salon & Spa: Arabian Ranches 2,Arabian Ranches leisure center - Wadi Al Safa 7 - Arabian Ranches 2 - Dubai - United Arab Emirates,25.0311876,55.2711823,4.5,157,OPERATIONAL,barber_shop,,,,False,,men-only,2026-10-09
ChIJ04qA-IxxXz4RQJ73k0cbT5Y,Avel Hair & Beauty Salon,Damac Mall - Al Hebiah Third - DAMAC Hills - Dubai - United Arab Emirates,25.0178354,55.247024599999996,4.8,265,OPERATIONAL,beauty_salon,very_expensive,300,600,False,,,2026-10-09
ChIJM8fdRdVvXz4Renbv4kiHe7k,Belle Femme Beauty Boutique & Spa at Arabian Ranches,"Arabian Ranches, The Leisure Centre - وادي الصفا 7 - Arabian Ranches 2 - دبي - United Arab Emirates",25.030974999999998,55.2709075,4.8,280,OPERATIONAL,beauty_salon,expensive,100,500,False,,,2026-10-09
ChIJ58LpPGhxXz4ROJbXJiZPBNo,Amber Gents Salon,Damac Mall - Al Hebiah Third - DAMAC Hills - Dubai - United Arab Emirates,25.017803999999998,55.2470492,4.3,54,OPERATIONAL,barber_shop,moderate,80,200,False,,men-only,2026-10-09
ChIJsQaIhpxxXz4RvkSCjY5xvl0,4Her Ladies Salon,Artesia - Tower A Radisson hotel building - 1 Hessa St - Al Hebiah Third - DAMAC Hills - Dubai - United Arab Emirates,25.0187876,55.2461377,4,104,OPERATIONAL,beauty_salon,,,,False,,,2026-10-09
ChIJ09XSVOtxXz4RnkSNm1FGWEk,American Wax Center ladies salon LLC,"Ground floor, Damac Mall - Al Hebiah Third - DAMAC Hills - Dubai - United Arab Emirates",25.0168184,55.2474394,4.8,73,OPERATIONAL,beauty_salon,,,,False,,,2026-10-09
ChIJpbcAKFZxXz4RxSkZ_TAJ69E,Eternity Beauty Salon,Wadi Al Safa 7 - The Sustainable City - Dubai - United Arab Emirates,25.0280925,55.274698799999996,4.6,109,OPERATIONAL,beauty_salon,,,,False,,,2026-10-09
ChIJHe2gyCtwXz4RDu3YRFyBBbY,Hair Touch Gents Salon,Al Qudra Rd - Wadi Al Safa 7 - The Sustainable City - Dubai - United Arab Emirates,25.0278109,55.2746426,4.3,77,OPERATIONAL,barber_shop,,,,False,,men-only,2026-10-09
ChIJUSfCrCpwXz4RJ20KhdEF0v8,The Barbershop The Ranches Souk,The Ranches Souk - وادي الصفا 7 - Arabian Ranches 2 - دبي - United Arab Emirates,25.029236299999997,55.270250499999996,3.5,69,OPERATIONAL,barber_shop,,,,False,,men-only,2026-10-09
ChIJE5Ou_LpvXz4ROLr_fRQOwrM,Fast Ladies Salon,Al slam A - Al Hebiah Sixth - Mudon - Dubai - United Arab Emirates,25.0260008,55.2691051,5,21,OPERATIONAL,beauty_salon,,,,False,,,2026-10-09
ChIJFy58IWNxXz4R7vZRt7pdvL8,"Hair Extension, Botox, Keratin",Golf Promenade 3B - Al Hebiah Third - DAMAC Hills - Dubai - United Arab Emirates,25.013959,55.250651,,,OPERATIONAL,beauty_salon,,,,False,,,2026-10-09
ChIJB5jPJQBvXz4RNV14eDEZsjI,creek horbar city,27H3+M4R - Al Hebiah Third - DAMAC Hills - Dubai - United Arab Emirates,25.029236899999997,55.252779600000004,,,OPERATIONAL,beauty_salon,,,,False,,,2026-10-09
ChIJjToFURFvXz4R6vYsL0ElwE0,CIZAM BEAUTY,Al Hebiah Third - DAMAC Hills - Dubai - United Arab Emirates,25.029236899999997,55.252779600000004,,,OPERATIONAL,beauty_salon,,,,False,,,2026-10-09
ChIJk2AHlsVvXz4R_blpFuCZkHE,Anastasia S. Glam Makeup Dubai,Al Hebiah Third - DAMAC Hills - Dubai - United Arab Emirates,25.029236899999997,55.252779600000004,,,CLOSED_TEMPORARILY,beauty_salon,,,,False,,not-operational,2026-10-09
ChIJwxrt1eVxXz4RBrAvN6_Fk-Q,Stay Flawless Beauty Lounge,"Town Square, Shop #6, Safi Apartments, Nshama - Al Qudra Rd - اليلايس 2 - دبي - United Arab Emirates",25.010626000000002,55.288730199999996,4.7,377,OPERATIONAL,beauty_salon,moderate,200,300,False,,,2026-10-09
ChIJr0DM93hxXz4RK-gsY2Qx8dw,Bianco Spa (Layan Branch),Dubai - Wadi Al Safa 7 - Dubai - United Arab Emirates,25.032131099999997,55.2830924,4.7,261,OPERATIONAL,beauty_salon,moderate,100,300,False,,,2026-10-09
ChIJdyraDPh5Xz4R34aO9wPm56E,LBL salon,community center G03 - Al Qudra Rd - Wadi Al Safa 7 - Layan - Dubai - United Arab Emirates,25.0269442,55.2818567,4.9,65,OPERATIONAL,beauty_salon,,,,False,,,2026-10-09
ChIJa0TN9-VxXz4RxSMbxpXzac0,N.Bar Nail Spa & Salon Serena Marketplace,Serena Marketplace - Emirates Rd - Wadi Al Safa 7 - Dubai - United Arab Emirates,25.0337085,55.2903411,4.9,305,OPERATIONAL,nail_salon,,,,False,,,2026-10-09
ChIJO4cxOKpxXz4ReXfPHux92mI,The Barbershop Town Square Al Zahra,Al Zahra Apartments Building Town Square - اليلايس 2 - دبي - United Arab Emirates,25.0096569,55.2895812,3.6,163,OPERATIONAL,barber_shop,,,,False,,men-only,2026-10-09
ChIJpauUu-5xXz4RgooM9W3Oa6k,MOST Hairdresser,Layan community - Wadi Al Safa 7 - Layan - Dubai - United Arab Emirates,25.026932499999997,55.281771899999995,4.8,23,OPERATIONAL,hair_salon,,,,False,,,2026-10-09
ChIJfZO6su5xXz4RFhEmyRC1hiU,The Barbershop Layan Community,Layan Community Center - Wadi Al Safa 7 - Dubai - United Arab Emirates,25.0320845,55.282984199999994,3.7,36,OPERATIONAL,hair_salon,,,,False,,men-only,2026-10-09
ChIJu-seIOhxXz4REDI59Lky-K8,Charlottes Beauty Dubai,Town Square - اليلايس 2 - دبي - United Arab Emirates,25.015367599999998,55.284716599999996,,,OPERATIONAL,beautician,,,,False,,,2026-10-09
ChIJWa0HW5pxXz4R5Fhk3Iamoa4,The Barbershop - Serena,Serena Marketplace - Wadi Al Safa 7 - Dubai - United Arab Emirates,25.033692799999997,55.2902395,4.4,65,OPERATIONAL,barber_shop,moderate,80,140,False,,men-only,2026-10-09
ChIJ-0P7Jf1tXz4Rje7-0YFcM3Q,Bedashing Beauty Lounge Jumeirah Park,"Shop 17 & 18, Jumeirah Park Club House - الثنيه الخامسة - Jumeirah Park - دبي - United Arab Emirates",25.039154000000003,55.1659736,4.8,446,OPERATIONAL,beauty_salon,moderate,100,300,True,jumeirah-park,,2026-10-09
ChIJZR_lhhhtXz4RqarjuJzbGtc,Cabello Lounge,The Pavillion - Al Worood 1 St - Al Thanyah Fifth - Jumeirah Park - Dubai - United Arab Emirates,25.043045499999998,55.1597024,4.7,392,OPERATIONAL,hair_salon,moderate,50,150,False,,,2026-10-09
ChIJQ20Q4t9sXz4RXdmqnHykV_o,N.Bar Nail Spa & Salon The Pavilion Jumeirah Park,The Pavilion - Jumeirah Park The Pavilion corner Al Asa Yer - Al Worood 1 St - الثنيه الخامسة - Jumeirah Park - دبي - United Arab Emirates,25.0425149,55.159436299999996,4.8,520,OPERATIONAL,nail_salon,expensive,150,450,False,,,2026-10-09
ChIJm6hiO0FtXz4R6r3DnFE_ijw,Chaps and Co - Jumeirah Islands Clubhouse,Club - Al Thanyah Fifth - Jumeirah Islands - Dubai - United Arab Emirates,25.0525994,55.1626908,5,403,OPERATIONAL,barber_shop,,,,False,,men-only,2026-10-09
ChIJEy4q3t9sXz4RoIIRLAFe1PI,"Sasha Beauty Salon, Jumeirah Park Pavilion",Pavilion - Al Worood 1 St - Al Thanyah Fifth - Jumeirah Park - Dubai - United Arab Emirates,25.0430217,55.1594675,4.7,480,OPERATIONAL,beauty_salon,very_expensive,100,600,False,,,2026-10-09
ChIJj_pqhGBtXz4RTs4UjuBCKc4,Royal Queen Beauty Home Services,Building 15 - جبل علي الأولى - ديسكفري جاردنز - دبي - United Arab Emirates,25.0390117,55.1444815,4.9,121,OPERATIONAL,beauty_salon,moderate,100,300,False,,,2026-10-09
ChIJbe5lUn5tXz4R7vU7HpkjHSc,Chloe’s Beauty Hair & Nails - Jumeirah Islands Clubhouse,3537+45C - Unnamed Road - Al Thanyah Fifth - Jumeirah Islands - Dubai - United Arab Emirates,25.0528138,55.1628775,4.2,10,OPERATIONAL,beauty_salon,,,,False,,,2026-10-09
ChIJYz5VGJVDXz4Rnm-Fq2l1WjY,Lena beauty nails Dubai,Jabal Ali First - Discovery Gardens - Dubai - United Arab Emirates,25.0390117,55.1444815,5,28,OPERATIONAL,nail_salon,,,,False,,,2026-10-09
ChIJpzIFWwBtXz4R4kauFIXfF_0,Short hair gents salon /Jumeirah park,East Pavilion - Jumeirah Park - Dubai - United Arab Emirates,25.0392878,55.1660525,4.8,25,OPERATIONAL,barber_shop,,,,False,,men-only,2026-10-09
ChIJCVQWGwBtXz4RraEvUe4A_VY,Kido By Cabello Kids Salon,5 Al Worood 1 St - Al Thanyah Fifth - Jumeirah Park - Dubai - United Arab Emirates,25.0429292,55.1595187,4.8,53,OPERATIONAL,hair_salon,,,,False,,,2026-10-09
ChIJ_2w9-69tXz4RnminK55itIg,The Barbershop Jumeirah Park,East pavilion mall - Al Thanyah Fifth - Jumeirah Park - Dubai - United Arab Emirates,25.0390311,55.165926999999996,4.4,36,OPERATIONAL,hair_salon,,,,False,,men-only,2026-10-09
ChIJOQqICuBsXz4RfGebovmnU9A,Hair Station Gents Salon,Shop No 16 Pavilion Mall - Al Worood 1 St - الثنيه الخامسة - Jumeirah Park - دبي - United Arab Emirates,25.042918399999998,55.1597028,4.3,39,OPERATIONAL,barber_shop,,,,False,,men-only,2026-10-09
ChIJ3bYQmRJtXz4RfgBW44vVHDw,Juice Salon Meadows,1st Rd - Al Thanyah Fourth - Dubai - United Arab Emirates,25.054317899999997,55.1707518,4.8,590,OPERATIONAL,beauty_salon,expensive,100,500,False,,,2026-10-09
ChIJGVsHtbNtXz4RrOYLqo7Jcuc,Gladys Beauty Saloon- Jumeriah Village Triangle,Imperial Residence - Shop Number 26 - Al Barsha South Fifth - Jumeirah Village Triangle - Dubai - United Arab Emirates,25.047579,55.195712,4.5,260,OPERATIONAL,beauty_salon,,,,False,,,2026-10-09
ChIJnalgPCBtXz4R3pAuiV9dPlM,The Lab Gents' Salon & Spa: Town Center,Emaar Town Centre - 1st Rd - Al Thanyah Fourth - Meadows - Dubai - Dubai - United Arab Emirates,25.054317899999997,55.1707518,4.8,108,OPERATIONAL,barber_shop,,,,False,,men-only,2026-10-09
ChIJ6ZNQrbNtXz4RcJs8XZxFPT4,Chi Nail Spa - JVT,Imperial Residence - Al Barsha South Fifth - Jumeirah Village Triangle - Dubai - United Arab Emirates,25.0481414,55.1956214,4.7,259,OPERATIONAL,nail_salon,,,,False,,,2026-10-09
ChIJ2bny5oZtXz4RmHYfIgIp-c0,OLÉA Wellness Beauty Salon,Ice Building - Al Barsha South Fifth - Jumeirah Village Triangle - Dubai - United Arab Emirates,25.041115899999998,55.184145099999995,4.9,128,OPERATIONAL,beauty_salon,very_expensive,200,700,False,,,2026-10-09
ChIJTc8aR-VsXz4RF5-Volg8EbU,The Nail Spa - Meadows Souk,"Al Thanyah Fourth - Meadows, Town Centre - Dubai - United Arab Emirates",25.054217899999998,55.1709721,4.8,159,OPERATIONAL,nail_salon,,,,False,,,2026-10-09
ChIJLa4hxLFtXz4RrldiuGnfeTI,Musk Barbershop JVT,Jeera V (formerly BQ2 Residence) - Al Barsha South Fifth - Jumeirah Village Triangle - Dubai - United Arab Emirates,25.044010099999998,55.193850399999995,4.8,305,OPERATIONAL,barber_shop,moderate,80,160,False,,men-only,2026-10-09
ChIJM7-UJbptXz4R3yQ6jeUWHsg,The Dollie Sisters - Ladies Salon,"Shop No. 4, BQ2 Residence - البرشاء جنوب الخامسة - Jumeirah Village Triangle - دبي - United Arab Emirates",25.044114999999998,55.194190899999995,4.3,88,OPERATIONAL,beauty_salon,,,,False,,,2026-10-09
ChIJ7Wku_QBtXz4Ru9f5aMzbMy8,The One Gents Salon | Barber Shop - IMPZ,inside enoc - Me'aisem First - Dubai Production City - Dubai - United Arab Emirates,25.0384215,55.1851035,4.7,95,OPERATIONAL,barber_shop,,,,False,,men-only,2026-10-09
ChIJiZsbz5ZtXz4RhAc9F3Y0SMk,House of Hair,Galadari building shop 03 - معيصم الأولى - Dubai Production City - دبي - United Arab Emirates,25.0370934,55.1835825,4.9,50,OPERATIONAL,hair_salon,,,,False,,,2026-10-09
ChIJq2_GrGBtXz4Rb3uoss5ALuo,Yang Place Beauty Salon,"Jenin Building Shop, 4 - Al Barsha South Fifth - Jumeirah Village Triangle - Dubai - United Arab Emirates",25.043305999999998,55.19071830000001,4.7,84,OPERATIONAL,beauty_salon,,,,False,,,2026-10-09
ChIJbx3zbs1tXz4RYWuD2zQHnBI,"Soul Senses Salon - Mövenpick Hotel JVT, Dubai",Level S - البرشاء جنوب الخامسة - Jumeirah Village Triangle - دبي - United Arab Emirates,25.041558199999997,55.1875122,4.7,232,OPERATIONAL,beauty_salon,moderate,100,300,False,,,2026-10-09
ChIJq3D-_KRtXz4RLuJN0VDfmkI,Rubooa Al Madina Gents Salon,near Me'aisem - Me'aisem First - City Centre Meaisem - Dubai - United Arab Emirates,25.0404494,55.1924031,4.5,40,OPERATIONAL,barber_shop,,,,False,,men-only,2026-10-09
ChIJN1xMJf9tXz4RLuPTojI9uEo,CurlyLocks by Irene,Street 7 - الثنيه الرابعة - The Springs 14 - دبي - United Arab Emirates,25.0528147,55.172016299999996,5,103,OPERATIONAL,hair_salon,,,,False,,,2026-10-09
ChIJsXxEXqZtXz4Ro4u9Db1gDuY,Lushways Salon - IMPZ,City Centre Me’aisem - إ311 - معيصم الأولى - City Centre Meaisem - دبي - United Arab Emirates,25.040335199999998,55.1970611,4.7,345,OPERATIONAL,beauty_salon,moderate,1,300,False,,,2026-10-09
ChIJsQNsE_9tXz4RtkipklfpFmE,NStyle Beauty Lounge,First Road Meadows Souk - الثنيه الرابعة - دبي - United Arab Emirates,25.0542269,55.171036799999996,4.6,225,OPERATIONAL,nail_salon,,,,False,,,2026-10-09
ChIJZVDFSbJtXz4Rmcyl_Ugtgas,The One Gents Salon | Barber Shop - JVT,Imperial Residence - Al Barsha South Fifth - Jumeirah Village Triangle - Dubai - United Arab Emirates,25.047389,55.1951329,4.7,254,OPERATIONAL,barber_shop,,,,False,,men-only,2026-10-09
ChIJSRaSlXBtXz4R1z0GUwge8HE,His Favourite Gents Salon,"Shop 13, Imperial Residence - Joory street - Al Barsha South Fifth - Jumeirah Village Triangle - Dubai - United Arab Emirates",25.0479068,55.1953719,4.5,50,OPERATIONAL,barber_shop,,,,False,,men-only,2026-10-09
ChIJs5gnoS5tXz4RP2FESCQv8ms,The Shave Shop Barber Shop JVC,Lavender 1 Emirates Gardens - Al Barsha South Fourth - Jumeirah Village Circle - Dubai - United Arab Emirates,25.0525366,55.2141628,4.5,209,OPERATIONAL,barber_shop,moderate,60,140,False,,men-only,2026-10-09
ChIJaXRKzyhhXz4Rgco-Kv7KkGw,Freya beauty salon,Park View Tower - Lazuward SW - Al Barsha South Fourth - Jumeirah Village Circle - Dubai - United Arab Emirates,25.0544288,55.2030495,4.8,1094,OPERATIONAL,beauty_salon,,,,False,,,2026-10-09
ChIJK-7lVO1tXz4RMr9whME7dJY,Ombre Salon JVC,"Jumeirah Village Circle Plaza residences 2, Block B, Retail 9 - البرشاء جنوب الرابعة - قرية جميرا الدائرية - دبي - United Arab Emirates",25.0528852,55.207406,4.7,1196,OPERATIONAL,beauty_salon,moderate,100,200,False,,,2026-10-09
ChIJBa4VrhZtXz4RBILEucrVUEc,Neferthena Ladies Salon,"O2 Residence Tower, JVC, Al Barsha 4, Retail 3 - البرشاء جنوب الرابعة - قرية جميرا الدائرية - دبي - United Arab Emirates",25.0464664,55.205284,4.8,415,OPERATIONAL,beauty_salon,moderate,100,400,False,,,2026-10-09
ChIJLWXAa5ttXz4R90i2vNMocj8,SOTA salon,"SOTA salon, Jumeirah Village Circle - district 12, Regina tower - البرشاء جنوب الرابعة - قرية جميرا الدائرية - دبي - United Arab Emirates",25.057231599999998,55.212588,4.8,345,OPERATIONAL,hair_salon,,,,False,,,2026-10-09
ChIJzynOTXJtXz4R-WtRuvgtE5Y,Casa Rio Beauty Salon,DAMAC Ghalia Tower - Lazuward S W - Al Barsha South Fourth - Jumeirah Village Circle - Dubai - United Arab Emirates,25.0528059,55.198741899999995,4.8,1169,OPERATIONAL,beauty_salon,moderate,100,400,False,,,2026-10-09
ChIJH32H67ZtXz4R8CNbPtkHgtg,The Perfect Blend Dubai JVC,Jumeirah Village Circle - البرشاء جنوب الرابعة - قرية جميرا الدائرية - دبي - United Arab Emirates,25.057879699999997,55.2098843,4.9,465,OPERATIONAL,hair_salon,,,,False,,,2026-10-09
ChIJ3XjzhKVtXz4R2_Lnu3b_XK0,KAMOON BARBERSHOP,Taraf 1 Residence - 20 street - Al Barsha South Fourth - Jumeirah Village Circle - Dubai - United Arab Emirates,25.0597336,55.2129897,5,844,OPERATIONAL,barber_shop,moderate,80,120,False,,men-only,2026-10-09
ChIJAeX3S6htXz4RprfwZfXyLcY,"Itsu Nails Beauty Salon, JVC",Jumeirah Village Circle - Vertmont Tower - البرشاء جنوب الرابعة - قرية جميرا الدائرية - دبي - United Arab Emirates,25.058787499999998,55.210279299999996,4.6,505,OPERATIONAL,beauty_salon,,,,False,,,2026-10-09
ChIJKcqBdOxtXz4RiKkZToWVQvk,Flap Barbershop - JVC,JVC - 22th street - Al Barsha South Fourth - Jumeirah Village Circle - Dubai - United Arab Emirates,25.051678799999998,55.208094599999995,4.9,830,OPERATIONAL,barber_shop,moderate,80,140,False,,men-only,2026-10-09
ChIJl2qKJgltXz4ReuBuwKKMYvw,The Salon Dubai | FIVE Jumeirah Village,Hotel - Street 5 - Al Barsha South Fourth - Jumeirah Village Circle - Dubai - United Arab Emirates,25.0540023,55.207186099999994,4.8,636,OPERATIONAL,beauty_salon,moderate,100,400,False,,,2026-10-09
ChIJC4J6G2VtXz4R4RsTT8qB6ac,The Curl Therapy,"Regent Court, JVC - Al Barsha South Fourth - District 14 - Dubai - United Arab Emirates",25.0534255,55.2060536,4.6,520,OPERATIONAL,hair_salon,,,,False,,,2026-10-09
ChIJa1InCzVtXz4Rihe5RIz6XGc,KOKO MOKO Russian Beauty Salon JVC,Jumeirah Village Circle - 3632+7PQ - البرشاء جنوب الرابعة - قرية جميرا الدائرية - دبي - United Arab Emirates,25.0532075,55.201651899999995,4.8,375,OPERATIONAL,beauty_salon,very_expensive,200,500,False,,,2026-10-09
ChIJQ7UJcfttXz4RoBTDuI2qAvs,Noona Beauty Salon,Shop No.2 Icon Casa building - البرشاء جنوب الرابعة - قرية جميرا الدائرية - دبي - United Arab Emirates,25.0609109,55.2095955,4.4,311,OPERATIONAL,beauty_salon,very_expensive,300,500,False,,,2026-10-09
ChIJvzT-2kJtXz4RAPkI-CPegfs,SHORT HAIR GENTS SALON JVC/SPA,MURDIH TOWER - Al Barsha South Fourth - Jumeirah Village Circle - Dubai - United Arab Emirates,25.0606322,55.2148961,4.9,561,OPERATIONAL,barber_shop,moderate,60,100,False,,men-only,2026-10-09
ChIJd4549M1tXz4REXg0QryBsbQ,Karizma Gents Salon | Barber Shop - JVC,JVC - Al Barsha South Fourth - Jumeirah Village Circle - Dubai - United Arab Emirates,25.0522845,55.2146009,4.9,439,OPERATIONAL,barber_shop,moderate,100,120,False,,men-only,2026-10-09
ChIJ_1hVtX5tXz4RgcM--oURINA,JK Masters Barbershop JVC,Circle (JVC Shop #3 - next to Tudu Supermarket - البرشاء جنوب الرابعة - قرية جميرا الدائرية - دبي - United Arab Emirates,25.049516,55.2053389,4.9,759,OPERATIONAL,barber_shop,moderate,60,120,False,,men-only,2026-10-09
ChIJuVb7JFZvXz4R4i2GWXDiSyo,The Fold Salon,Rabdan Building - Shop 5 - Al Hebiah First - Dubai Motor City - Dubai - United Arab Emirates,25.043765,55.2291855,4.9,133,OPERATIONAL,hair_salon,,,,False,,,2026-10-09
ChIJt6MnD09tXz4R4qbfDLgvwVo,Black Mustache Gents Salon | Barber Shop,JVC - Lazuward S W - Al Barsha South Fourth - Jumeirah Village Circle - Dubai - United Arab Emirates,25.052655899999998,55.201649499999995,4.8,363,OPERATIONAL,barber_shop,,,,False,,men-only,2026-10-09
ChIJ77Kdo2tuXz4R_a7Vo-eMqeE,Caractere Gents Salon | Barber Shop - Motor City,Dubai - Al Hebiah First - Up Town Motor City - Dubai - United Arab Emirates,25.046718499999997,55.2441673,4.6,232,OPERATIONAL,barber_shop,moderate,60,100,False,,men-only,2026-10-09
ChIJHQqpVxJvXz4R8Qgo3ulhPh8,Creators Barbers | Barber Shop | Gents Salon,Miraclz By Danube Arjan - Shop 3 - البرشاء جنوب الثالثة - جنوب البرشاء - دبي - United Arab Emirates,25.057306900000004,55.239019,5,997,OPERATIONAL,barber_shop,moderate,100,160,False,,men-only,2026-10-09
ChIJ2-ovMplvXz4RyX4r_oQ7ycA,Nailscape | Ladies salon | Beauty salon | Nail salon,Miraclz By Danube Arjan - Shop 4 - البرشاء جنوب الثالثة - جنوب البرشاء - دبي - United Arab Emirates,25.057358999999998,55.2389616,4.9,681,OPERATIONAL,nail_salon,moderate,100,250,False,,,2026-10-09
ChIJhR7xgQ9vXz4R_DHNyab7d0E,The Green House,"Shop 9, The Wings Building Arjan - البرشاء جنوب الثالثة - جنوب البرشاء - دبي - United Arab Emirates",25.0606594,55.241327399999996,4.9,350,OPERATIONAL,hair_salon,,,,False,,,2026-10-09
ChIJV1t8T_FvXz4RQxzTeykQ-64,HAIRLAB,Control Tower 503 - الحبيه الأولى - دبي موتور سيتي - دبي - United Arab Emirates,25.046806699999998,55.230931999999996,4.8,595,OPERATIONAL,beauty_salon,,,,False,,,2026-10-09
ChIJ4zlwjihvXz4RgRVZyYd1gic,XTEND Beauty Studio,Arjan Exit Rd - Al Barsha South Third - Al Barsha South - Dubai - United Arab Emirates,25.058037,55.241568,4.8,139,OPERATIONAL,beauty_salon,,,,False,,,2026-10-09
ChIJxYEDqrtvXz4ROdRxDwW98lE,91 Beauty Salon Arjan,"The Wings Block A, Unit 4 - البرشاء جنوب الثالثة - جنوب البرشاء - دبي - United Arab Emirates",25.0612535,55.241476899999995,4.9,295,OPERATIONAL,beauty_salon,expensive,100,500,False,,,2026-10-09
ChIJuRItV1pvXz4RDyikHbCwXtE,Beauty Savers Motor City,BFL Shopping Center - Al Hebiah First - Dubai Motor City - Dubai - United Arab Emirates,25.0434965,55.2311755,4.6,648,OPERATIONAL,beauty_salon,moderate,1,300,False,,,2026-10-09
ChIJ1U1l5N5vXz4R4RhjBztXF3g,Hairtrend Gents Salon - Arjan,"Arjan RD, Next to Choithrams - البرشاء جنوب الثالثة - جنوب البرشاء - دبي - United Arab Emirates",25.0596182,55.2412572,4.9,890,OPERATIONAL,barber_shop,moderate,60,140,False,,men-only,2026-10-09
ChIJj5yMIXJuXz4RRDbWKMTCPu0,Eternal Lotus Ladies Salon & Spa,"APEX ATRIUM BLDG - P.O. 644778 - 1ST FLOOR,110 - الحبيه الأولى - دبي موتور سيتي - دبي - United Arab Emirates",25.0460738,55.235501799999994,4.1,262,OPERATIONAL,beauty_salon,,,,False,,,2026-10-09
ChIJyf-gkBVuXz4R4mbWkiKOIdU,Volume Gents Salon,"Dubai Studio City, Taaleem Residences - الحبيه الثانية - مدينة دبي للاستوديوهات - دبي - United Arab Emirates",25.041298500000003,55.2471086,4.7,335,OPERATIONAL,barber_shop,moderate,60,160,False,,men-only,2026-10-09
ChIJ_3cd8NtvXz4RdhT5_M0FRoI,Amber Beauty Salon - Dubai Studio City,Glit1 - Al Hebiah Second - Dubai Studio City - Dubai - United Arab Emirates,25.041681399999998,55.247704799999994,4.7,397,OPERATIONAL,beauty_salon,very_expensive,100,600,False,,,2026-10-09
ChIJiZEgcYnacoERdctf7dzpZWY,Flawsome Ladies Salon,Shop No 1 - Al Barsha South Third - Al Barsha South - Dubai - United Arab Emirates,25.057235799999997,55.2323133,4.4,175,OPERATIONAL,beauty_salon,very_expensive,300,500,False,,,2026-10-09
ChIJccLd2X9vXz4Rei7lzTt5N78,Nails By DASH Beauty Salon,Vincitore Boulevard Arjan - Al Barsha South Third - Al Barsha South - Dubai - United Arab Emirates,25.059820300000002,55.2422096,4.9,479,OPERATIONAL,beauty_salon,moderate,100,400,False,,,2026-10-09
ChIJ3aP6j7hvXz4Rf8nb_6qElnI,La Maison de Amelie Ladies Beauty Salon LLC - Motor City Dubai,Daytona House - LB1 - Al Hebiah First - Dubai Motor City - Dubai - United Arab Emirates,25.0522724,55.231760799999996,4.9,651,OPERATIONAL,beauty_salon,expensive,1,500,False,,,2026-10-09
ChIJg_CtjJtvXz4R8lVUyxtmPLw,BARBER SHOP VASTERAS,Al Hebiah First - Dubai Motor City - Dubai - United Arab Emirates,25.0442266,55.2304209,4.9,368,OPERATIONAL,hair_salon,moderate,50,150,False,,men-only,2026-10-09
ChIJ6zPLjxZvXz4RBi8Z_6P-kPo,Snob Salon Arjan,Diamond Business Centre - Building C- Unit G06 - البرشاء جنوب الثالثة - جنوب البرشاء - دبي - United Arab Emirates,25.0576778,55.242607299999996,4.9,180,OPERATIONAL,beauty_salon,,,,False,,,2026-10-09
ChIJ0yIYUnFuXz4RxEeQNv2BzdM,Chi Nail Spa - Motor City,Detroit House Building - Detroit Rd - Al Hebiah First - Dubai Motor City - Dubai - United Arab Emirates,25.0459578,55.2313176,4.7,301,OPERATIONAL,nail_salon,very_expensive,300,450,False,,,2026-10-09
ChIJEwWCOOhvXz4RNCW_R94Jlm0,ANTIOCHIA TURKISH GENTS SALON (Motorcity Branch),Motor city Apex Atrium building shop no 2 - الحبيه الأولى - دبي موتور سيتي - دبي - United Arab Emirates,25.046371399999998,55.2355611,4.7,561,OPERATIONAL,barber_shop,,,,False,,men-only,2026-10-09
ChIJ2bDzTzVuXz4RTJkqKFMgz1Q,The Nail Spa | Arabian Ranches,"Golf Club - First, Arabian Ranches - Wadi Al Safa 6 - Arabian Ranches - Dubai - United Arab Emirates",25.051422199999998,55.2689426,4.8,246,OPERATIONAL,nail_salon,expensive,200,450,False,,,2026-10-09
ChIJ206iCbZvXz4Rq3Zwg1M9RoY,Lash Lab Salon,27RP+2MH Rukan Community - Wadi Al Safa 7 - Dubai - United Arab Emirates,25.0401052,55.2864982,5,63,OPERATIONAL,beauty_salon,very_expensive,300,700,False,,,2026-10-09
ChIJV1uf80puXz4Rc52nnaN4zr4,Hair By Marquee | Arabian Ranches,Golf Club - Wadi Al Safa 6 - Arabian Ranches - Dubai - United Arab Emirates,25.0514038,55.2688426,4.7,118,OPERATIONAL,hair_salon,,,,False,,,2026-10-09
ChIJ2THTRbNvXz4R-ThDRaZA0rc,The Barbershop Arabian Ranches Community Center,Arabian Ranches Community Centre - Arabian Ranches 1 - وادي الصفا 6 - المرابع العربية - دبي - United Arab Emirates,25.056836,55.270886999999995,4.4,216,OPERATIONAL,barber_shop,moderate,80,160,False,,men-only,2026-10-09
ChIJ4V7lZhBvXz4RgbOwhFmVkKM,Dermalounge Ladies Salon,Wadi Al Safa 6 - Arabian Ranches - Dubai - United Arab Emirates,25.0568636,55.2709463,4.8,17,OPERATIONAL,beauty_salon,,,,False,,,2026-10-09
ChIJ__bPdtFDXz4R9nTydY9Ct7k,The Corner Barber - Rukan,Rukan Residence Wadi Al Safa 7 Shop 7 - 27RP+2MH - وادي الصفا 7 - دبي - United Arab Emirates,25.0400874,55.2868596,4,23,OPERATIONAL,barber_shop,moderate,60,120,False,,men-only,2026-10-09
ChIJUdN_NbNvXz4Rn-_W_7yLKrc,Shima Beauty Lounge,374C+R47 - Sheikh Mohammed Bin Zayed Road (E311 Road) - Wadi Al Safa 6 - Arabian Ranches - Dubai - United Arab Emirates,25.057028,55.2702856,3.5,2,OPERATIONAL,beauty_salon,,,,False,,,2026-10-09
ChIJWzXPzmNvXz4RJfl6Aix_b74,Benefit Cosmetic BrowBar Lounge,3728+WWX - Wadi Al Safa 6 - Alma - Dubai - United Arab Emirates,25.052368400000002,55.2673602,,,OPERATIONAL,beauty_salon,,,,False,,,2026-10-09
ChIJMxIuLABvXz4RNsNPqOvXxjw,"Ruhee Beauty Concierge - Home Service Salon for Waxing, Massage and Nails",27RP+2MH - Wadi Al Safa 7 - Dubai - United Arab Emirates,25.0401243,55.2868436,5,88,OPERATIONAL,beauty_salon,moderate,100,300,False,,,2026-10-09
ChIJ-RIG-T1vXz4RfJS75Xz-zoE,Manicure&Pedicure&Brows,Rukan Community - Villa m 54 - 1 Street - Wadi Al Safa 7 - Dubai - United Arab Emirates,25.042974599999997,55.2893811,5,6,OPERATIONAL,nail_salon,,,,False,,,2026-10-09
ChIJLfsLPFQTXz4RX_4X2fhzqfU,Shakirovna Ladies Beauty Saloon,Marina Promenade - Dubai Marina - Dubai - United Arab Emirates,25.0730947,55.132518399999995,4.5,1428,OPERATIONAL,beauty_salon,expensive,200,400,False,,,2026-10-09
ChIJxwm73mkTXz4R6FK0YeM2Umg,Back Alive Barbershop,"Stella Maris Tower, Floor B1 - دبي مارينا - دبي - United Arab Emirates",25.0699428,55.132489199999995,4.6,190,OPERATIONAL,barber_shop,moderate,140,200,False,,men-only,2026-10-09
ChIJDfWiCfltXz4Rusomg1MTsa4,Nails LAB Salon (JLT Branch),Fortune Tower - Al Thanyah Fifth - Jumeirah Lakes Towers - Dubai - United Arab Emirates,25.068988599999997,55.1387424,4.7,282,OPERATIONAL,beauty_salon,very_expensive,200,600,False,,,2026-10-09
ChIJjXtdokFtXz4RL83O2a0D6ZE,Lish Beauty Bar - JLT,Cluster M - Al Thanyah Fifth - Jumeirah Lakes Towers - Dubai - United Arab Emirates,25.0642844,55.1381435,4.9,920,OPERATIONAL,beauty_salon,very_expensive,200,600,False,,,2026-10-09
ChIJEQAPcthrXz4R3RTM5SJQyrc,It's Beauty,"mall, MarinaScape - Dubai Marina - Dubai - United Arab Emirates",25.082531499999998,55.1465882,4.9,3219,OPERATIONAL,beauty_salon,very_expensive,200,500,False,,,2026-10-09
ChIJZzmYK6MTXz4RgF2mPRGbNd0,Sugar & Wax Beauty Salon - Dubai Marina,Marina Warf 2 - دبي مارينا - دبي - United Arab Emirates,25.0723131,55.132367099999996,4.8,629,OPERATIONAL,beauty_salon,moderate,100,200,False,,,2026-10-09
ChIJm1pVp0BtXz4Rpgo2ztoaZEA,Kozma Curl JLT Branch,JLT Cluster H - Cluster H - Al Thanyah Fifth - Jumeirah Lakes Towers - Dubai - United Arab Emirates,25.0702209,55.1441917,4.8,534,OPERATIONAL,hair_salon,moderate,150,350,False,,,2026-10-09
ChIJU_QK2KoUXz4Ru93PuJFIupY,"En Vogue Beauty Center, JBR",DoubleTree by Hilton Hotel - JBR - Ground Floor - The Walk - دبي مارينا - مساكن شاطئ جميرا - دبي - United Arab Emirates,25.0727411,55.1284475,4.1,491,OPERATIONAL,beauty_salon,,,,False,,,2026-10-09
ChIJx5BOfa5sXz4RXNsRSY2lun4,Essa Beauty,Lake Level - Gold Crest Views 2 - الثنيه الخامسة - JLT Cluster J - دبي - United Arab Emirates,25.066932299999998,55.1412726,4.9,406,OPERATIONAL,beauty_salon,very_expensive,200,500,False,,,2026-10-09
ChIJ5S0k-lNrXz4RQHWm2twWnbM,We Nails Beauty Salon,Trident Grand Residence - G012 - Dubai Marina - Jumeirah Beach Residence - Dubai - United Arab Emirates,25.0830611,55.140927999999995,4.7,413,OPERATIONAL,beauty_salon,moderate,100,400,False,,,2026-10-09
ChIJh14LqS0TXz4Rd2oLQjVzf2g,Mirrors Executive Men's Salon - Marina,"Jannah Hotel, Marina - Ground Floor, Shop - 2 Jannah Pl - Dubai Marina - Dubai - United Arab Emirates",25.0694677,55.133254,4.2,320,OPERATIONAL,barber_shop,moderate,80,120,False,,men-only,2026-10-09
ChIJiVOJcq1sXz4RidwAxLInDxE,Chaps and Co - JLT,"Rear of, Goldcrest Executive - Cluster C - Al Thanyah Fifth - Jumeirah Lakes Towers - Dubai - United Arab Emirates",25.0686556,55.139659400000006,4.9,1751,OPERATIONAL,barber_shop,,,,False,,men-only,2026-10-09
ChIJWzSmhLNrXz4RHXehJpUg3E0,"Wide Star Beauty Salon | Dubai Marina Hair, Nails & Lashes | Affordable Quality",Marina Wharf1 - Marina Wharf 1 - دبي مارينا - دبي - United Arab Emirates,25.0726929,55.132780999999994,4.8,370,OPERATIONAL,beauty_salon,moderate,100,300,False,,,2026-10-09
ChIJi-bviuptXz4RKGlEWNSNPnk,James pro barbers - Barber shop,Gold Crest Executive - Cluster C - Al Thanyah Fifth - Jumeirah Lakes Towers - Dubai - United Arab Emirates,25.068598299999998,55.1396723,5,2180,OPERATIONAL,barber_shop,moderate,80,180,False,,men-only,2026-10-09
ChIJq6paeFRrXz4RC_WlZ3B-aeI,Chaps and Co - Dubai Marina,"Ground Floor, Trident Grand Residence - Al Mamsha St - Dubai Marina - Dubai - United Arab Emirates",25.083171600000004,55.141073,4.9,1944,OPERATIONAL,barber_shop,,,,False,,men-only,2026-10-09
ChIJaTkPbgVtXz4RftBn8N4YECY,Sevan Fadez,Jumeirah Bay X3 - Al Thanyah Fifth - Jumeirah Lakes Towers - Dubai - United Arab Emirates,25.080270000000002,55.1531794,4.9,298,OPERATIONAL,barber_shop,moderate,60,120,False,,men-only,2026-10-09
ChIJedISKyZtXz4RKOwlWBqc9KY,Barbershop Dubai - حلاق - Barber Republic 💈,Vida The Hills - Emirates Hills - Dubai Vida The Hills Residence - Block C - الثنيه الرابعة - دبي - United Arab Emirates,25.0778683,55.1591928,4.8,145,OPERATIONAL,barber_shop,,,,False,,men-only,2026-10-09
ChIJ6ZsuhmFtXz4R47TQ90ZHCzE,Pretty WOW,Red Diamond Building S201/202/203 2nd Floor - الثنيه الخامسة - أبراج بحيرات الجميرا - دبي - United Arab Emirates,25.0773388,55.1549938,4,102,OPERATIONAL,beauty_salon,,,,False,,,2026-10-09
ChIJpf9cxi1tXz4RbtgU9W1DO4I,"Sasha Beauty Salon, Vida Hills",Al Naseem St - Al Thanyah Third - Dubai - United Arab Emirates,25.0797252,55.1569862,4.8,321,OPERATIONAL,beauty_salon,moderate,100,400,False,,,2026-10-09
ChIJwcoaR6dsXz4RDLheu2Bp538,Glam Street Dubai (Ladies only),"Shop B103, LAKE SHORE TOWER, CLUSTER Y - الثنيه الخامسة - أبراج بحيرات الجميرا - دبي - United Arab Emirates",25.0783083,55.152961600000005,4.9,898,OPERATIONAL,beauty_salon,very_expensive,100,600,False,,,2026-10-09
ChIJ4wscyqJtXz4Ru3HZPHSE77I,"Chaps and Co - Reform, The Lakes",Al Thanyah Third - The Lakes - Dubai - United Arab Emirates,25.078976899999997,55.167728999999994,4.9,751,OPERATIONAL,barber_shop,moderate,120,200,False,,men-only,2026-10-09
ChIJzXuUo5tsXz4RzzSoaPXEn5c,The Nail Spa - The Lakes Club,Community Centre - Al Thanyah Third - The Lakes - Dubai - United Arab Emirates,25.078745599999998,55.1673986,4.8,218,OPERATIONAL,nail_salon,,,,False,,,2026-10-09
ChIJOwhDoWFDXz4RmQU9ldvvwWY,Tony El Mendelek Vida Hills,Vida Emirates Hills - Tower B2 Al Thanya 3 - Al Thanyah Third - Dubai - United Arab Emirates,25.078236099999998,55.1584491,3.9,19,OPERATIONAL,hair_salon,,,,False,,,2026-10-09
ChIJM-KxW6FsXz4RjrMlJoqqJWM,Crystal Beauty Lounge JLT,Red Diamond Building - Al Thanyah Fifth - Dubai - United Arab Emirates,25.077361999999997,55.1549948,4.7,541,OPERATIONAL,beauty_salon,expensive,100,500,False,,,2026-10-09
ChIJ5f2XdotDXz4RMj_NhIGHozU,Queens Beauty Lounge Meadows,The Meadows Village - Al Thanyah Fourth - Dubai - United Arab Emirates,25.063899199999998,55.1579566,4.6,172,OPERATIONAL,beauty_salon,,,,False,,,2026-10-09
ChIJA6g3FNFtXz4Rt4V5ajzhvlk,Peach Beauty Bar,"Lake Level, Lake Shore Tower - B01 Cluster Y - Al Thanyah Fifth - Jumeirah Lakes Towers - Dubai - United Arab Emirates",25.0783225,55.1530505,4.9,216,OPERATIONAL,beauty_salon,expensive,100,500,False,,,2026-10-09
ChIJ_aEXB79sXz4RnviPOYGaj2E,Nboutique Beauty on Demand,"2, Al Sohool Street, Al Thanyah 4 - 394, Mohammad Bin Rashid The Meadows Village - الهلالي - الثنيه الرابعة - دبي - United Arab Emirates",25.0645646,55.157056700000005,4.7,1809,OPERATIONAL,beauty_salon,expensive,100,500,False,,,2026-10-09
ChIJERD2HHZtXz4REtZan2o13jw,Il Padrino Gentlemen Lounge | Meadows Village,New Meadows - The Meadows Village - الثنيه الرابعة - دبي - United Arab Emirates,25.0637769,55.1573079,4.7,155,OPERATIONAL,barber_shop,moderate,80,160,False,,men-only,2026-10-09
ChIJVVVA7JhsXz4RpDbMLQunIKU,Hair By Marquee - The Lakes Club,Emirates Golf Club - Al Thanyah Third - The Lakes - Dubai - United Arab Emirates,25.0785655,55.167194300000006,4.9,140,OPERATIONAL,hair_salon,,,,False,,,2026-10-09
ChIJuScZwSxtXz4RlhzgeFbVxVc,New Health Call Laser,Sarayat St - Al Thanyah Fifth - Dubai - United Arab Emirates,25.0773057,55.155272999999994,5,23,OPERATIONAL,medical_clinic,,,,False,,not-a-salon,2026-10-09
ChIJn2iIevJrXz4RX00nr_Slasg,salon starlocksladies salon,35H2+6MP First Central Hotel - Al Thanyah Fifth - Jumeirah Lakes Towers - Dubai - United Arab Emirates,25.0780937,55.1517133,4,6,OPERATIONAL,beauty_salon,,,,False,,,2026-10-09
ChIJPycKFHltXz4RUZ1LzXwyJAg,Toi Beauty Salon-Dubai,Al Thanyah Third - Emirates Hills - Dubai - United Arab Emirates,25.078668399999998,55.158438999999994,,,OPERATIONAL,beauty_salon,,,,False,,,2026-10-09
ChIJ67goKABtXz4RXHhw0ECjnFw,Barbie Elegance Salon,"Ub01,Lake Level، Jbc2 Tower - Cluster V - Al Thanyah Fifth - Jumeirah Lakes Towers - Dubai - United Arab Emirates",25.078166900000003,55.1513402,4.4,52,OPERATIONAL,beauty_salon,,,,False,,,2026-10-09
ChIJvcTyx0NtXz4Rac1Gnsk9Jzc,Divine Beauty Lounge | Best Hair & Nails Beauty Salon JVC | 20% OFF,"Divine Beauty Lounge, district 15 Amara residence - Shop no.1 - St 3 Street - 2 - Jumeirah Village Circle - Dubai - United Arab Emirates",25.056721,55.197400099999996,4.5,626,OPERATIONAL,beauty_salon,moderate,1,300,False,,,2026-10-09
ChIJO96ntmJtXz4RR1nUd6qXzIo,Glamour Mark Ladies Salon – JVC,"Binghati - district 15, jasmine jvc - shop number 3 - البرشاء جنوب الرابعة - قرية جميرا الدائرية - دبي - United Arab Emirates",25.056939000000003,55.197439499999994,4.7,754,OPERATIONAL,beauty_salon,expensive,100,500,False,,,2026-10-09
ChIJa17sR5ZtXz4RMNhHiMM0Zsw,Brau,The Springs Souk - الثنيه الرابعة - دبي - United Arab Emirates,25.066207799999997,55.19212340000001,4.9,1003,OPERATIONAL,beauty_salon,,,,False,,,2026-10-09
ChIJPSlsdJ1tXz4RLSM1gynUOJc,Upgrade Barbershop – JVC,City Apartments - Al Barsha South Fourth - Jumeirah Village Circle - Dubai - United Arab Emirates,25.064899699999998,55.2107744,4.9,620,OPERATIONAL,barber_shop,,,,False,,men-only,2026-10-09
ChIJi3fzHnRxXz4R9CwkfSdz09k,Pink Nails & Lashes By Youstina,SS Lootah residence - Al Barsha South Fourth - Jumeirah Village Circle - Dubai - United Arab Emirates,25.064538799999998,55.2129536,5,27,OPERATIONAL,nail_salon,,,,False,,,2026-10-09
ChIJbQepX4NtXz4R8Xcv4BeD8mg,"Sasha Beauty Salon, JVC",Binghatti Corner - Al Barsha South Fourth - Jumeirah Village Circle - Dubai - United Arab Emirates,25.064021999999998,55.2014389,4.9,192,OPERATIONAL,beauty_salon,very_expensive,200,500,False,,,2026-10-09
ChIJiV_7nExtXz4RSaQegms1xCc,Qabbani Barbers - JVC,Binghatti Corner - Al Barsha South Fourth - Jumeirah Village Circle - Dubai - United Arab Emirates,25.063876099999998,55.201196599999996,4.9,225,OPERATIONAL,barber_shop,moderate,60,140,False,,men-only,2026-10-09
ChIJK2kMNQttXz4RSwr6ashIbvw,Bodour Beauty Salon صالون بدور للتجميل,Street - شارع ٦٢ - البرشاء الثالثة - البرشاء - دبي - United Arab Emirates,25.0820178,55.2044122,4.2,186,OPERATIONAL,beauty_salon,,,,False,,,2026-10-09
ChIJCSbQ9uNtXz4Rd7PasTLpvzw,Ladies Salon,La Riviera Azure - Al Barsha South Fourth - Jumeirah Village Circle - Dubai - United Arab Emirates,25.0615223,55.203540499999995,4.3,87,OPERATIONAL,beauty_salon,,,,False,,,2026-10-09
ChIJrz3XvhptXz4R4wDdcB9IE_Y,Sky Beauty Salon,"JVC, Tuscan Residences Siena 2 - Al Barsha South Fourth - Jumeirah Village Circle - Dubai - United Arab Emirates",25.062839699999998,55.208152899999995,4.8,135,OPERATIONAL,beauty_salon,expensive,100,500,False,,,2026-10-09
ChIJX3PyIE1tXz4R51483ZNsyx4,Tips and Toes The Springs Souk,Springs Souq - الثنيه الرابعة - دبي - United Arab Emirates,25.065855499999998,55.192722499999995,4.5,522,OPERATIONAL,beauty_salon,,,,False,,,2026-10-09
ChIJ2cYCUsttXz4RjCvdY7jrgy8,Musk Barbershop JVC,JVC - Icon Casa - Al Barsha South Fourth - Jumeirah Village Circle - Dubai - United Arab Emirates,25.0608444,55.209705299999996,4.8,256,OPERATIONAL,barber_shop,,,,False,,men-only,2026-10-09
ChIJ_aEN6LZtXz4RRTp4xFa_aAk,KINGS CUT GENTS SALON,"Shop #6, Burj Residence, JVC, Dubai - البرشاء جنوب الرابعة - قرية جميرا الدائرية - دبي - United Arab Emirates",25.0601603,55.2103651,4.9,897,OPERATIONAL,barber_shop,moderate,40,120,False,,men-only,2026-10-09
ChIJv8jrgpttXz4RsVuFSw-cgIo,Tabassom Asgari Salon,"JVC Royal building, Shop no 9, قرية جميرا الدائرية - البرشاء جنوب الرابعة - قرية جميرا الدائرية - دبي - United Arab Emirates",25.0605418,55.207662199999994,4.3,193,OPERATIONAL,beauty_salon,moderate,1,200,False,,,2026-10-09
ChIJx1s0LOFtXz4RHrYZudzcwfU,Dimassi Gents Salon,Al Barsha South Fourth - Jumeirah Village Circle - Dubai - United Arab Emirates,25.063807699999998,55.2091754,4.9,357,OPERATIONAL,barber_shop,moderate,40,100,False,,men-only,2026-10-09
ChIJyR0D6zZsXz4RHT0ZIk1MVKs,Azema Ladies Salon,Tuscan Residences Arezzo 2 - Al Barsha South Fourth - Jumeirah Village Circle - Dubai - United Arab Emirates,25.061420299999998,55.2077691,4.7,442,OPERATIONAL,beauty_salon,moderate,1,400,False,,,2026-10-09
ChIJZ3x8r4RtXz4RIKfPYNTZKP4,Backstreet Professionals,Jeewar Tower JVC - Dubai - البرشاء جنوب الرابعة - قرية جميرا الدائرية - دبي - United Arab Emirates,25.0590191,55.209665699999995,4.3,52,OPERATIONAL,barber_shop,,,,False,,men-only,2026-10-09
ChIJedRlvC5tXz4Rkrj0XuGjJbM,1847 Grooming for Men The Springs Souk,Al Afnan St - Al Thanyah Fourth - Dubai - United Arab Emirates,25.0664518,55.1917427,4.8,790,OPERATIONAL,barber_shop,,,,False,,men-only,2026-10-09
ChIJtQVHyThvXz4Rlt7agELQepk,Boho Salon. DXB,La Fontana - Al Barsha South Third - Al Barsha South - Dubai - United Arab Emirates,25.0674629,55.2348672,4.9,1141,OPERATIONAL,hair_salon,,,,False,,,2026-10-09
ChIJtS1tnJ9rXz4RHzfSa65XG7w,Tips and Toes - Arjan Branch,"Al Faris Building, Arjan - Al Barsha South Third - Al Barsha South - Dubai - United Arab Emirates",25.066763899999998,55.238465,4.5,395,OPERATIONAL,beauty_salon,very_expensive,100,700,False,,,2026-10-09
ChIJey-AeARvXz4RYT4o2ICbfkQ,Aura Flora Beauty Salon - Ladies Beauty & Nail Salon in Arjan,"SHOP 05 , AL BARSHA SOUTH ARJANR - 366P+9G4 GEEPAS TOWER - near Geepas Tower - البرشاء جنوب الثالثة - جنوب البرشاء - دبي - United Arab Emirates",25.0606825,55.2363253,4.8,199,OPERATIONAL,beauty_salon,moderate,1,400,False,,,2026-10-09
ChIJgzFdhEVvXz4RfFUxi7RUxzQ,Salon Script | Arjan Dubai,"Salim 1, Arjan - البرشاء جنوب الثالثة - جنوب البرشاء - دبي - United Arab Emirates",25.0631736,55.23389100000001,4.9,251,OPERATIONAL,beauty_salon,very_expensive,200,800,False,,,2026-10-09
ChIJX7XYpotvXz4RDBvPXJv9hKA,Q's Elite Cuts Barbershop,Science Park - Al Barsha South Second - Al Barsha South - Dubai - United Arab Emirates,25.0706594,55.244974199999994,4.9,143,OPERATIONAL,barber_shop,moderate,40,120,False,,men-only,2026-10-09
ChIJ45xjV7dvXz4Rs6aRKTp46Bg,Ombre Salon - Arjan Branch,"Leerbatch Palace, Arjan - Shop number 1 - Al Barsha South Third - Al Barsha South - Dubai - United Arab Emirates",25.0654652,55.2333942,4.8,989,OPERATIONAL,beauty_salon,moderate,1,300,False,,,2026-10-09
ChIJ5c7VXWxtXz4ResDZdxOZ56o,Shave Cave Gents Salon JVC,3658+X4G - Al Barsha South Fourth - Jumeirah Village Circle - Dubai - United Arab Emirates,25.060198399999997,55.2152737,4.8,213,OPERATIONAL,barber_shop,moderate,60,120,False,,men-only,2026-10-09
ChIJH7f3XthvXz4R88x3K_nW814,Beauty Loft Salon,Dubai Science Park - Al Barsha South Second - Al Barsha South - Dubai - United Arab Emirates,25.069632199999997,55.2457296,4.5,225,OPERATIONAL,beauty_salon,,,,False,,,2026-10-09
ChIJTV_hyeZtXz4Rju47jz_CRK0,Trevi Salon,Residence 3 Building - Al Barsha South Fourth - Jumeirah Village Circle - Dubai - United Arab Emirates,25.060706399999997,55.216332599999994,4.9,201,OPERATIONAL,beauty_salon,,,,False,,,2026-10-09
ChIJUT9-0hZvXz4RZw7yu7JXlZo,FRQNCY Hair Salon,Danube resortz - Al Barsha South Third - Al Barsha South - Dubai - United Arab Emirates,25.061463,55.2327271,4.9,125,OPERATIONAL,hair_salon,very_expensive,400,500,False,,,2026-10-09
ChIJO55c5TlvXz4RnSwQJqkRQ2Y,Kay Beauty Salon,"PARK TERRACE - Shop # 7, La Fontana - البرشاء جنوب الثالثة - جنوب البرشاء - دبي - United Arab Emirates",25.0632611,55.2346903,4.8,304,OPERATIONAL,beauty_salon,moderate,1,400,False,,,2026-10-09
ChIJpWzmK1tvXz4RaE1GMa6yteE,Hosgeldin Turkish men salon,Umm Suqeim St - Al Barsha South Second - Al Barsha South - Dubai - United Arab Emirates,25.074085399999998,55.2482124,4.9,622,OPERATIONAL,barber_shop,,,,False,,men-only,2026-10-09
ChIJUVdlILJvXz4Rkgl6CUtm4hk,The Den Salon Dubai,Moin Chamma Building Miracle Residences Arjan - Al Barsha South Third - Al Barsha South - Dubai - United Arab Emirates,25.063465599999997,55.2474266,4.9,366,OPERATIONAL,beauty_salon,,,,False,,,2026-10-09
ChIJfX-wmphvXz4R2FjbEsZ9zjo,Elaine Quinn Ladies Salon,Al Barsha South Third - Al Barsha South - Dubai - United Arab Emirates,25.0636863,55.2477801,4.8,82,OPERATIONAL,hair_salon,,,,False,,,2026-10-09
ChIJZUUZelhvXz4R03pu6KUwLDk,She glam beauty saloon,Mall 1 - Al Quoz - Al Barsha South - Dubai - United Arab Emirates,25.077029699999997,55.2472607,4.7,159,OPERATIONAL,beauty_salon,,,,False,,,2026-10-09
ChIJJ6SgNf9nXz4Rbi-MxPKgNX0,MOVARA BEAUTY LADIES SALOON (BRANCH),07 street Umm Suqeim St - Al Barsha South Third - MIRACLE HILLS 1 - Dubai - United Arab Emirates,25.0643299,55.246639599999995,4.4,106,OPERATIONAL,beauty_salon,,,,False,,,2026-10-09
ChIJZ4GORs1vXz4RVH1VfUSMZnw,BEARDO BARBER SHOP ARJAN,"Miracle Hills Building, Shop No 4 - near Mediclinic Parkview Hospital - البرشاء جنوب الثالثة - جنوب البرشاء - دبي - United Arab Emirates",25.0640415,55.246724699999994,4,110,OPERATIONAL,hair_salon,moderate,1,300,False,,men-only,2026-10-09
ChIJf1uHVF1vXz4R_PgvE_iDdeg,The Retreat Beauty Salon,367X+99J - Al Barsha South Third - Al Barsha South - Dubai - United Arab Emirates,25.0638485,55.2479387,4.7,84,OPERATIONAL,beauty_salon,expensive,200,400,False,,,2026-10-09
ChIJG_lBnh5vXz4RFf-fzpViDVU,AL MANSOUR LADIES SALOON,Meraki genesis Building Arjan - Al Barsha South Third - Al Barsha South - Dubai - United Arab Emirates,25.0673934,55.245931999999996,4.6,73,OPERATIONAL,hair_salon,,,,False,,,2026-10-09
ChIJ_ytLU8hvXz4RZhKQkKfJiSk,Salon 971,Platinum One - Al Barsha South Third - Al Barsha South - Dubai - United Arab Emirates,25.0665198,55.2455157,4.9,250,OPERATIONAL,beauty_salon,,,,False,,,2026-10-09
ChIJiYmVMIpuXz4R2LJMZOVZQXA,Marshals Gents Salon,Arjan - Al Barsha South Third - Al Barsha South - Dubai - United Arab Emirates,25.0662028,55.2434367,4.8,371,OPERATIONAL,barber_shop,,,,False,,men-only,2026-10-09
ChIJZwNBTwVvXz4RdP-Y_XSAFAc,Styles and Smiles Beauty and African Hair Salon,Shop #G01 - The Light Commercial Tower - البرشاء جنوب الثالثة - أرجان دبي لاند - دبي - United Arab Emirates,25.065755900000003,55.245366,4.4,82,OPERATIONAL,beauty_salon,moderate,100,300,False,,,2026-10-09
ChIJ-VZVpCRvXz4R9geUkFI53TA,Beauty By Kaizo - Ladies Salon Arjan | Hair & Nails,The Light Commercial Tower - Al Barsha South Third - Arjan - Dubai - United Arab Emirates,25.0657401,55.2456622,4.6,153,OPERATIONAL,beauty_salon,moderate,1,200,False,,,2026-10-09
ChIJw1iiTq5vXz4RH589Srpw2PM,The Crib Barbershop,"Tower, Platinum One - Al Barsha South Third - Al Barsha South - Dubai - United Arab Emirates",25.0668047,55.245896699999996,4.9,158,OPERATIONAL,barber_shop,,,,False,,men-only,2026-10-09
ChIJ1w95LWhvXz4RqoYo3C_IFzI,Arabian Scissors Gents Salon | Barber Shop,Arjan - Al Barsha South Third - Al Barsha South - Dubai - United Arab Emirates,25.0635111,55.244829300000006,4.9,181,OPERATIONAL,barber_shop,moderate,60,120,False,,men-only,2026-10-09
ChIJl_2LcmBuXz4RMikXBjcWlQQ,Revamp Gents Salon Arjan,Miracle Residence - Umm Suqeim St - Al Barsha South Third - 7/2 - Dubai - United Arab Emirates,25.0636814,55.247445199999994,4.5,110,OPERATIONAL,barber_shop,,,,False,,men-only,2026-10-09
ChIJ__8_94puXz4RRr6WQ2wLdBU,Senses of Asia Wellness & Beauty - Ladies Spa,Platinum One - Al Barsha South Third - Al Barsha South - Dubai - United Arab Emirates,25.06652,55.245515999999995,4.8,101,OPERATIONAL,beauty_salon,,,,False,,,2026-10-09
ChIJXbX5Y0ZvXz4R-DgfAQPgZkM,DAVIDE ITALIAN HAIR & BEAUTY SALON,"Al Barsha South, Arjan, Lilly Building, Shop 4 - البرشاء جنوب الثالثة - جنوب البرشاء - دبي - United Arab Emirates",25.0616889,55.244945599999994,4.9,76,OPERATIONAL,hair_salon,,,,False,,,2026-10-09
ChIJ51gyj4puXz4R4MBu-EV-Hqs,KARZ Beauty Salon,أرجان - Al Barsha South Third - Al Barsha South - Dubai - United Arab Emirates,25.0655525,55.24558520000001,4.4,97,OPERATIONAL,beauty_salon,moderate,100,400,False,,,2026-10-09
ChIJPdYXxPtvXz4RlLjDjn0h96c,RTA 104 Bus stand,Unnamed Road - 38F4+4Q9 - وادي الصفا 4 - دبي - United Arab Emirates,25.0727893,55.3069973,4.7,6,OPERATIONAL,nail_salon,,,,False,,,2026-10-09
ChIJb1rjB8RvXz4RoHKEfoR_gA8,Crowns and Petals Beauty Salon,City Land Mall - Shop 277 - Wadi Al Safa 4 - Dubai - United Arab Emirates,25.0648043,55.3049318,4.9,153,OPERATIONAL,beauty_salon,very_expensive,100,600,False,,,2026-10-09
ChIJjY5FIZNvXz4R9OvYXJWaROk,Super Trim,"Wadi Al Safa 4, Beside Global Village - إ311 - وادي الصفا 4 - دبي - United Arab Emirates",25.0658995,55.3046866,4.3,6,OPERATIONAL,barber_shop,,,,False,,men-only,2026-10-09
ChIJO6eueq4EDowR5Y39_qFmCK0,Beauty Concierge by Aana K,"Wadi Al Safa 4 Cityland Mall, Gate no.8 - وادي الصفا 4 - دبي - United Arab Emirates",25.0682014,55.3016436,5,210,OPERATIONAL,beauty_salon,very_expensive,100,600,False,,,2026-10-09
ChIJb_zfF1dvXz4RqAGrHkYCFEA,Edge Cuts,"Arabian Ranches, Alreem3 - Villa 7 Street 2 - وادي الصفا 6 - Al Reem 3 - دبي - United Arab Emirates",25.0595577,55.2903266,5,23,CLOSED_TEMPORARILY,barber_shop,,,,False,,not-operational,2026-10-09
ChIJ29sQRQBvXz4RUnDTXeJPFhQ,Surron,376W+678 - Wadi Al Safa 6 - Al Reem 1 - Dubai - United Arab Emirates,25.060552599999998,55.29582310000001,,,OPERATIONAL,barber_shop,,,,False,,men-only,2026-10-09
ChIJjYqwLgBvXz4Rrm8MAJLeqSo,AL BARBIERE,Wadi Al Safa 4 - إ311 - beside Global Village - وادي الصفا 4 - دبي - United Arab Emirates,25.0658995,55.3046866,3.7,6,OPERATIONAL,barber_shop,,,,False,,men-only,2026-10-09
ChIJPbP38DJlXz4RfTGiZ3W_Fzs,Tips and Toes - Arabian 3,389F+M96 Souk - D54 - Wadi Al Safa 5 - Arabian Ranches 3 - Dubai - United Arab Emirates,25.069553,55.3235097,4.5,134,OPERATIONAL,beauty_salon,very_expensive,200,500,False,,,2026-10-09
ChIJC01ZfUNvXz4RUyNFPEqIe8o,Il Padrino Gentlemen Lounge | Arabian Ranches 3,Souk - Wadi Al Safa 5 - Arabian Ranches 3 - Dubai - United Arab Emirates,25.069570199999998,55.3233558,4.8,103,OPERATIONAL,barber_shop,moderate,60,160,False,,men-only,2026-10-09
ChIJv_FEbKdsXz4RS0OpAt_a7WA,Brow Studio,"Tower, Al Seef Tower 2, JLT Cluster U - Lake Level - Al Thanyah Fifth - Jumeirah Lakes Towers - Dubai - United Arab Emirates",25.08008,55.151826899999996,4.9,1010,OPERATIONAL,beauty_salon,very_expensive,100,600,False,,,2026-10-09
ChIJ4QVHnGdrXz4RJnIthHZTohU,CG Barbershop,"Arjaan by Rotana, Al Sufouh Complex - الصفوح 2 - Dubai Media City - دبي - United Arab Emirates",25.095400299999998,55.153359099999996,5,2646,OPERATIONAL,barber_shop,,,,False,,men-only,2026-10-09
ChIJ1SfNjnlrXz4R0ozB4L5fksE,The Barber House - Best Men’s Barbershop in Dubai Marina,Marinascape Mall - Shop 11A - Marina Promenade - Dubai Marina - Dubai - United Arab Emirates,25.083214299999998,55.1465428,4.9,1272,OPERATIONAL,barber_shop,,,,False,,men-only,2026-10-09
ChIJkVpdJetrXz4R2v9qP9A2AYg,Ivy The Palm Beauty & Bubbles,Marriott Resort - Palm West Beach - Road - نخلة جميرا - دبي - United Arab Emirates,25.106956600000004,55.1456081,4.8,2994,OPERATIONAL,beauty_salon,very_expensive,300,600,False,,,2026-10-09
ChIJzbQmWi5rXz4RDRz-3XIcbaY,Paulista Beauty Salon,Marina Royale Tower - 4th Floor Marina Promenade - Dubai Marina - Dubai - United Arab Emirates,25.083181,55.147565,4.8,682,OPERATIONAL,beauty_salon,,,,False,,,2026-10-09
ChIJY5xG-adrXz4RRGRjUX6IX44,The Galleria Hair Beauty Lounge,Al Sufouh - Al Sufouh 2 - Avani+ Palm View - الصفوح 2 - Dubai Media City - دبي - United Arab Emirates,25.098020899999998,55.157009599999995,4.9,769,OPERATIONAL,beauty_salon,,,,False,,,2026-10-09
ChIJM2gwg5prXz4RTvuSplmJC8A,Moe's Barbershop,Jumeirah Living Marina Gate - دبي مارينا - دبي - United Arab Emirates,25.087666199999997,55.146865899999995,5,1265,OPERATIONAL,barber_shop,,,,False,,men-only,2026-10-09
ChIJt61bfPRrXz4R--uyPFsQffQ,BROUSE.,64 Al Falak St - Al Sufouh 2 - Dubai Media City - Dubai - United Arab Emirates,25.0942871,55.156109699999995,5,378,OPERATIONAL,beauty_salon,very_expensive,200,500,False,,,2026-10-09
ChIJu-rs299rXz4Rf6H8NIgAEvg,Luxio Nail,Al Marsad St - Shop 8 Exit 33 - الصفوح 2 - Dubai Media City - دبي - United Arab Emirates,25.091713199999997,55.1587101,4.2,148,OPERATIONAL,nail_salon,very_expensive,400,500,False,,,2026-10-09
ChIJz4GoXLxrXz4RS4Hp4z4ZOPI,Mon Poney Ladies Salon,"Cayan Tower, Dubai Marina Ground floor, Unit 003 - برج كيان - دبي مارينا - دبي - United Arab Emirates",25.0869437,55.1452575,4.8,423,OPERATIONAL,beauty_salon,very_expensive,200,600,False,,,2026-10-09
ChIJgRwmRFBrXz4RIMG7CN9g7oU,Fade & Shave Barbers,Shop No 7 - Princess Tower - دبي مارينا - دبي - United Arab Emirates,25.0887682,55.146952399999996,4.9,2553,OPERATIONAL,barber_shop,moderate,80,180,False,,men-only,2026-10-09
ChIJYczZwaNDXz4RVUkLBjBhJ2I,The Nail Spa | Dubai Marina Gate,Marina Gate - Marina Promenade - opp. Spinneys - Dubai Marina - Dubai - United Arab Emirates,25.0865647,55.1480956,4.7,315,OPERATIONAL,nail_salon,moderate,100,400,False,,,2026-10-09
ChIJMeSaCWVrXz4RveubZkApFLk,Tips and Toes - The Greens Souk - Dubai,Community Centre - Shop Number 8 - Street 7 - Al Thanyah Third - The Greens - Dubai - United Arab Emirates,25.0940474,55.1680773,4.4,605,OPERATIONAL,beauty_salon,moderate,100,300,False,,,2026-10-09
ChIJn0hk6OVrXz4RlDHlwMNraBc,Sugar,"floor L - Dubai Al Haif Road, Marina Terrace - 1/1 - Dubai Marina - Jumeirah Beach Residence - Dubai - United Arab Emirates",25.084383,55.144739599999994,4.5,255,OPERATIONAL,beauty_salon,moderate,100,300,False,,,2026-10-09
ChIJVaa5b91rXz4R49LpEhPbiJ0,UNIQUE PERSONA Dubai Marina,The Residences at Marina Gate 1 - Dubai Marina - Dubai - United Arab Emirates,25.0862329,55.147256999999996,4.6,199,OPERATIONAL,beauty_salon,,,,False,,,2026-10-09
ChIJp6EpTHprXz4RGABjzaVtGq8,Mashael Beauty Lounge,Jebel Ali Race Course Rd - Al Thanyah First - Barsha Heights - Dubai - United Arab Emirates,25.095209999999998,55.174186999999996,4.5,368,OPERATIONAL,beauty_salon,moderate,100,300,False,,,2026-10-09
ChIJB1eybbhrXz4RfNr5DkIOkvQ,Urban Glam - Barsha Heights,"ground floor, Art heights building - shop # 7 - Al Thanyah First - Barsha Heights - Dubai - United Arab Emirates",25.0988513,55.1768786,3.4,484,OPERATIONAL,beauty_salon,moderate,100,300,False,,,2026-10-09
ChIJpfLIdP1rXz4R_R7xnlyKBJk,Mirrors Beauty Lounge - Barsha Heights,New API Building - Ground Floor - beside Fahad Tower 1 - Al Thanyah First - Barsha Heights - Dubai - United Arab Emirates,25.0971673,55.1774048,4.2,722,OPERATIONAL,beauty_salon,expensive,100,500,False,,,2026-10-09
ChIJ0-w-wVxrXz4RYc37MlYKCbE,Its Beauty Ladies Salon – Internet City,The One Tower - floor 10 - office 1003 Sheikh Zayed Rd - Al Thanyah First - Barsha Heights - Dubai - United Arab Emirates,25.1016403,55.1737684,4.8,2868,OPERATIONAL,beauty_salon,very_expensive,200,500,False,,,2026-10-09
ChIJH5dUcoFrXz4RWOBrkjL0Wzw,Cute Kids Salon,Postal 540340 - D61 شارع حصة - البرشاء الثالثة - البرشاء - دبي - United Arab Emirates,25.093936100000004,55.184953,4.3,616,OPERATIONAL,hair_salon,,,,False,,,2026-10-09
ChIJXUoCz0ZtXz4Res-r0ofyu3k,Bella Vie Salon and Spa,Adress 39 - villa no 2 Hessa St - Al Barsha Third - Al Barsha - Dubai - United Arab Emirates,25.0892303,55.1912716,4.8,797,OPERATIONAL,beauty_salon,very_expensive,100,700,False,,,2026-10-09
ChIJkz0IbwBrXz4RIwqLuYA0bD4,Unique You Al Barsha,"887 Sheikh Zayed St - floor, Pinnacle - 113, 1st - Sheikh Zayed Rd - Al Barsha First - Al Barsha - Dubai - United Arab Emirates",25.109664,55.184180399999995,4.6,639,OPERATIONAL,nail_salon,moderate,100,300,False,,,2026-10-09
ChIJrxTUycpDXz4R_z1tNuPd2cA,Mas Nails salon -160 aed extension with design - walk in available,Dubai Jewel Tower - Al Sufouh 2 - Dubai Internet City - Dubai - United Arab Emirates,25.102311,55.171628,4.4,776,OPERATIONAL,nail_salon,moderate,150,300,False,,,2026-10-09
ChIJ2fLyQXlrXz4Rl6K19ZHZSSc,Hair by Us | Beauty Salon | Hair Salon - Tecom,10 - 8 Al Rabeea' 1 St - Al Thanyah First - Barsha Heights - Dubai - United Arab Emirates,25.0942918,55.176914599999996,4.4,160,OPERATIONAL,beauty_salon,,,,False,,,2026-10-09
ChIJlWNJ7G1rXz4RjLW-0wzJSt8,The Cure,"Building # 10, BBC World Building, Sheikh Zayed Road, Dubai Media City - الصفوح 2 - Dubai Media City - دبي - United Arab Emirates",25.102199,55.169576,4.8,689,OPERATIONAL,beauty_salon,very_expensive,200,600,False,,,2026-10-09
ChIJec_eH3VrXz4R7F-kRtcUXaI,"Code Hair Ladies Salon - Al Sufouh Branch | Best Hair Extensions, Nails & Luxury Salon","Gardens La Suite Dubai Hotel & Apartments, Sidra Tower - Sheikh Zayed Rd - Al Sufouh 1 - Al Sufouh - Dubai - United Arab Emirates",25.107778,55.178611000000004,4.8,404,OPERATIONAL,beauty_salon,very_expensive,100,600,False,,,2026-10-09
ChIJW_vhozhrXz4RmzolAlSh74k,La Bionda Salon,Warsan Towers - Shop Number 1 - شارع حصة - الثنيه الأولى - Barsha Heights - دبي - United Arab Emirates,25.1012126,55.1791981,5,364,OPERATIONAL,beauty_salon,,,,False,,,2026-10-09
ChIJRbNfwhVrXz4RnpZhckAR_cc,KOMI WOMEN SALON(Komi korean salon),First Central hotel suites - 1st F - 1st St - Al Thanyah First - Barsha Heights - Dubai - United Arab Emirates,25.0977368,55.1745976,4.4,63,OPERATIONAL,hair_salon,,,,False,,,2026-10-09
ChIJO0fpoXhrXz4RmwW4M8GmdDI,The One Gents Salon | Barber Shop - Tecom,MCN Hive - Lila Café - G Floor - الثنيه الأولى - Barsha Heights - دبي - United Arab Emirates,25.096961999999998,55.1775999,4.8,501,OPERATIONAL,barber_shop,moderate,40,160,False,,men-only,2026-10-09
ChIJi3AzIXJrXz4RzW5isXa1v4Y,La Casa Barbershop,Mercure Dubai - Hotel Apartments - شارع الشيخ زايد - الثنيه الأولى - Barsha Heights - دبي - United Arab Emirates,25.1014053,55.1731076,4.9,420,OPERATIONAL,barber_shop,moderate,100,200,False,,men-only,2026-10-09
ChIJteplEABrXz4RF5fC8N84_a8,Red Gents Salon,Vista Tower - near to Carrefour - Al Thanyah First - Barsha Heights - Dubai - United Arab Emirates,25.0967086,55.1760472,4.8,108,OPERATIONAL,barber_shop,,,,False,,men-only,2026-10-09
ChIJK8wwz3FrXz4Rw2gJhSlSU2k,SHE Beauty Salon,Onyx building tower 1 - Sheikh Zayed Rd - Al Thanyah Third - The Greens - Dubai - United Arab Emirates,25.0973617,55.168440399999994,4.6,312,OPERATIONAL,beauty_salon,expensive,200,400,False,,,2026-10-09
ChIJq6zowxlrXz4Rn8FDlQ5H9rQ,House of Cuts Barbershop,Al Sufouh 2 - Dubai Media City - Dubai - United Arab Emirates,25.102491099999998,55.1692921,4.9,826,OPERATIONAL,barber_shop,,,,False,,men-only,2026-10-09
ChIJXyZO3NBrXz4RXZf2d5HfGyU,Bahia Beauty Bar Salon,Al Attar Business Center - Al Barsha 1 Groud Floor - Shop #34 - البرشاء الأولى - البرشاء - دبي - United Arab Emirates,25.1091704,55.183505499999995,4.8,359,OPERATIONAL,beauty_salon,,,,False,,,2026-10-09
ChIJLfby84FrXz4ReCf-3ArfkN0,PAINT Beauty Lounge,Galleria Mall 1st Floor - البرشاء الثانية - البرشاء - دبي - United Arab Emirates,25.0993694,55.2004318,4.3,411,OPERATIONAL,beauty_salon,very_expensive,200,800,False,,,2026-10-09
ChIJ_f9rnvhrXz4R4OFJnVOy9FY,Royal Ruby Gents Saloon Dubai,36X8+XWC - 16 Street 42A - Al Barsha Second - Al Barsha - Dubai - United Arab Emirates,25.099236899999998,55.21883450000001,4,135,OPERATIONAL,hair_salon,,,,False,,men-only,2026-10-09
ChIJpdwj3YVrXz4RwQq2vbFqc-s,Ginza Beauty Al Barsha,Beside Al Barsha Pond Park - 23rd St - Al BarshaAl Barsha 2 - Dubai Beside Al Barsha Pond Park - 23rd St - البرشاء الثانية - البرشاءالبرشاء 2 - دبي - United Arab Emirates,25.0985493,55.204848899999995,4.9,297,OPERATIONAL,beauty_salon,,,,False,,,2026-10-09
ChIJz2ApzP5tXz4RR1A2SJQhumg,BellaPharma Beauty Center,Union Coop (Ground Floor - Shop G01 Hessa St - Al Barsha Third - Al Barsha - Dubai - United Arab Emirates,25.0852622,55.1996023,4.7,226,OPERATIONAL,beauty_salon,,,,False,,,2026-10-09
ChIJ9bJ680NrXz4Rj_yWJ0q_eQk,Diamond Beauty Womens Salon LLC,Mall - G-38 Shop - 23rd St - Al Barsha Third - Al Barsha - Dubai - United Arab Emirates,25.099145,55.2038256,4.8,214,OPERATIONAL,beauty_salon,expensive,1,500,False,,,2026-10-09
ChIJCYKz2FJrXz4RNGlMQNegMFQ,SO Original Art and Beauty Salon - Al Barsha,Galleria Mall - البرشاء الثانية - البرشاء - دبي - United Arab Emirates,25.099424199999998,55.200841,4.3,91,OPERATIONAL,beauty_salon,,,,False,,,2026-10-09
ChIJNRuKdKxrXz4Rb7s1AwWSpZg,Golden Style Gents Saloon,Dubai - Al Barsha Second - Al Barsha - Dubai - United Arab Emirates,25.1078439,55.220226499999995,4.4,37,OPERATIONAL,barber_shop,,,,False,,men-only,2026-10-09
ChIJm959yKduXz4RpyB-kzTNlLY,For You Gents Salon,36QH+X62 - Al Barsha South First - Al Barsha South - Dubai - United Arab Emirates,25.089898599999998,55.22801990000001,4.1,26,OPERATIONAL,hair_salon,,,,False,,men-only,2026-10-09
ChIJmX0q3N9tXz4RPVXchx7zij8,Arabian Scissors Gents Salon | Barber Shop | Gents Salon - Al Barsha,Grove Mall - Al Barsha Second - Al Barsha - Dubai - United Arab Emirates,25.0986679,55.201307099999994,5,121,OPERATIONAL,barber_shop,moderate,60,160,False,,men-only,2026-10-09
ChIJtU9-uPRrXz4RN3R6liZ223g,N Beauty Salon - Best Beauty & Hair Salon in Dubai أفضل صالون تجميل وتصفيف الشعر في دبي,Al Barsha Mall Street # 23 - البرشاء الثانية - البرشاء - دبي - United Arab Emirates,25.098781799999998,55.204678799999996,4.1,168,OPERATIONAL,beauty_salon,,,,False,,,2026-10-09
ChIJ9yBJjwhsXz4RdzOzU_uq7DQ,Mademoiselle House Of Beauty - Al Barsha 2,Al Barsha Second - Al Barsha - Dubai - United Arab Emirates,25.0947255,55.2141138,3.8,69,OPERATIONAL,beauty_salon,,,,False,,,2026-10-09
ChIJXaK8uCNrXz4R0aW_t1ImN0Q,Amro Ladies Salon,23rd Street - First Floor - البرشاء الثانية - البرشاء - دبي - United Arab Emirates,25.098029,55.200751,4.8,167,OPERATIONAL,beauty_salon,very_expensive,300,800,False,,,2026-10-09
ChIJjSWjajFrXz4R4L12_i6FkAQ,صالون نجمة البرشاء,4626+XJV - Al Barsha Second - Al Barsha - Dubai - United Arab Emirates,25.102507799999998,55.2114495,4.3,8,OPERATIONAL,barber_shop,,,,False,,men-only,2026-10-09
ChIJ9yBJjwhsXz4RCdoxPDhA-_Q,Diplomat Gents Salon,36V7+VJ - Al Barsha Second - Al Barsha - Dubai - United Arab Emirates,25.094761700000003,55.214126099999994,4.5,22,OPERATIONAL,barber_shop,,,,False,,men-only,2026-10-09
ChIJGzGWmElrXz4RvqIF6_LqQJk,Chic Charm Beauty Salon @ Al Barsha Mall BR,Al Barsha Third - Al Barsha - Dubai - United Arab Emirates,25.0981898,55.204902499999996,4.4,106,OPERATIONAL,beauty_salon,,,,False,,,2026-10-09
ChIJGV0gbDhtXz4Rg97ZDQpI-tI,Details Salon (Men),Union cop al - Hessa St - Al Barsha Third - Al Barsha - Dubai - United Arab Emirates,25.084926900000003,55.199256999999996,4.7,22,OPERATIONAL,barber_shop,,,,False,,men-only,2026-10-09
ChIJkVB_KlFrXz4RQbgs9XgJykA,The Barbershop Galleria Mall Al Barsha,"Galleria Mall Al Barsha, Ground Floor, Unit 9 - شارع - ٣٢٩ - البرشاء الثالثة - البرشاء - دبي - United Arab Emirates",25.0995501,55.200518499999994,4.3,39,OPERATIONAL,barber_shop,,,,False,,men-only,2026-10-09
ChIJq0YhUApsXz4RZLs6dVoWswQ,Bede Zayed Barber Shop,93 Street 32D - Al Barsha Second - Al Barsha - Dubai - United Arab Emirates,25.093707,55.2072696,4.2,17,OPERATIONAL,barber_shop,,,,False,,men-only,2026-10-09
ChIJNY4YQIFvXz4RuE3Gy4NpBf4,Chelsea Gregory - Cosmetic Makeup Artistry,"Clinic Galleria Mall, American Hospital - Al Barsha Second - Al Barsha - Dubai - United Arab Emirates",25.0989793,55.2004817,5,17,OPERATIONAL,beauty_salon,,,,False,,,2026-10-09
ChIJlWr1-pdvXz4R7RhScjoYsKo,Bekky Barber DHM,Dubai hills mall - 004 Home parking P4 entrance - shop P4 - First floor - حدائق الشيخ محمد بن راشد - دبي - United Arab Emirates,25.101605,55.2377037,4.9,608,OPERATIONAL,barber_shop,,,,False,,men-only,2026-10-09
ChIJKVma2d1vXz4RO3KzvSzSBP4,Bianco Spa (Hills Branch),Al Khail Rd - Hadaeq Sheikh Mohammed Bin Rashid - Dubai - United Arab Emirates,25.102752499999998,55.2377572,4.7,873,OPERATIONAL,beauty_salon,,,,False,,,2026-10-09
ChIJPRDTDUdvXz4RB2FprX5HeYg,Ashwina Hair & Beauty Salon,"Shop no.14, Ground floor, Al Barsha South Mall Al Barsha South 1 - البرشاء جنوب الأولى - جنوب البرشاء - دبي - United Arab Emirates",25.085905699999998,55.241774199999995,4.7,255,OPERATIONAL,hair_salon,moderate,100,350,False,,,2026-10-09
ChIJQwBJk8NvXz4RkIx_tAQYo4o,N.Bar Nail Spa & Salon Dubai Hills Mall,Al Khail Rd - Hadaeq Sheikh Mohammed Bin Rashid - Dubai - United Arab Emirates,25.1002863,55.239985499999996,4.7,842,OPERATIONAL,nail_salon,,,,False,,,2026-10-09
ChIJzx81zK9vXz4RHN3UOtKrKi4,Tress Ladies Salon LLC Albarsha,Albarsha South Mall - Ground floor - البرشاء جنوب الأولى - جنوب البرشاء - دبي - United Arab Emirates,25.085752199999998,55.241521899999995,4.2,184,OPERATIONAL,beauty_salon,,,,False,,,2026-10-09
ChIJq0UBBuhvXz4RTmeulwgAkCQ,eman alamiri beauty salon,47 Albarsha south 1 - البرشاء جنوب الأولى - جنوب البرشاء - دبي - United Arab Emirates,25.0892722,55.240865199999995,4.4,42,OPERATIONAL,beauty_salon,,,,False,,,2026-10-09
ChIJf6CO9v9vXz4RPz89YP4GQnk,The Loft Fifth Avenue Beauty Lounge - Dubai Hills Mall,462R+95 - First Floor Al Khail Rd - Hadaeq Sheikh Mohammed Bin Rashid - Dubai Hills Mall - Dubai - United Arab Emirates,25.1009375,55.2404375,4.2,456,OPERATIONAL,beauty_salon,,,,False,,,2026-10-09
ChIJhRi29dRpXz4Rs5u1mIKfUMg,Il Padrino Gentlemen Lounge | Dubai Hills,"Sheikh Muhammed, Bin Rashed Parks - Dubai hills mall - Shop 201 - حدائق الشيخ محمد بن راشد - دبي - United Arab Emirates",25.100300299999997,55.237868,4.8,457,OPERATIONAL,barber_shop,,,,False,,men-only,2026-10-09
ChIJYeLHIKxDXz4Rb1a_NVBlntY,SAMMY GREEN NATURAL BEAUTY,Al Khail Rd - Hadaeq Sheikh Mohammed Bin Rashid - Dubai - United Arab Emirates,25.1020681,55.237565499999995,4.7,538,OPERATIONAL,hair_salon,,,,False,,,2026-10-09
ChIJ7TiGQZNvXz4RsQBI4VvYsnM,NStyle,Al Khail Rd - Hadaeq Sheikh Mohammed Bin Rashid - Dubai - United Arab Emirates,25.101415499999998,55.240859,4.5,844,OPERATIONAL,nail_salon,,,,False,,,2026-10-09
ChIJ94qvnXdvXz4RSyovDe-z77Y,Ksenses World Ladies Salon,Shop No.P4-007 - Fashion Entrance - حدائق الشيخ محمد بن راشد - Dubai Hills Mall - دبي - United Arab Emirates,25.101999799999998,55.2371233,4.1,206,OPERATIONAL,beauty_salon,,,,False,,,2026-10-09
ChIJldzzkhZvXz4RqP58EX3zYQ0,Flash Facial,Dubai Hills Mall - Al Khail Rd - Hadaeq Sheikh Mohammed Bin Rashid - Floor 1 - Dubai - United Arab Emirates,25.1031682,55.2374806,4.8,441,OPERATIONAL,beauty_salon,,,,False,,,2026-10-09
ChIJN1Ju51hvXz4Rlg8S1bcJ0zs,Urban Male Lounge,Al Khail Rd - Hadaeq Sheikh Mohammed Bin Rashid - Dubai - United Arab Emirates,25.1014774,55.240913299999995,4.7,484,OPERATIONAL,barber_shop,,,,False,,men-only,2026-10-09
ChIJl13_eyVpXz4RuyD2Mdz4dQ0,Nailed Boutique,Al Khail Rd - Hadaeq Sheikh Mohammed Bin Rashid - Dubai - United Arab Emirates,25.1028664,55.2379725,4.2,113,OPERATIONAL,nail_salon,,,,False,,,2026-10-09
ChIJS0DRPnJrXz4RmHSjJBuZ4zk,Graffio Gents Salon Al Barsha,mall Ground floor - Al Barsha South First - Al Barsha South - Dubai - United Arab Emirates,25.085636299999997,55.2417393,3.9,202,OPERATIONAL,barber_shop,moderate,40,120,False,,men-only,2026-10-09
ChIJ64YnrBhvXz4RUI8iExDYcUc,Super Trim Gents Salon,Al Khail Rd - Hadaeq Sheikh Mohammed Bin Rashid - Dubai - United Arab Emirates,25.100340499999998,55.2399144,3.8,78,OPERATIONAL,barber_shop,moderate,80,120,False,,men-only,2026-10-09
ChIJ6yo1xAVDXz4RRB-E6eBv3Uk,Benefit Cosmetics Boutique BrowBar & Lounge,Dubai Hills Mall Ground Floor - Hadaeq Sheikh Mohammed Bin Rashid - Dubai - United Arab Emirates,25.1015995,55.2401737,4.9,1069,OPERATIONAL,beauty_salon,,,,False,,,2026-10-09
ChIJEULr2U1vXz4REyipqD_3eAs,Benefit Cosmetics Brow Bar,Dubai Hills Mall Ground Floor - inside Sephora - Hadaeq Sheikh Mohammed Bin Rashid - Dubai Hills Mall - Dubai - United Arab Emirates,25.101978499999998,55.2397284,5,303,OPERATIONAL,beauty_salon,,,,False,,,2026-10-09
ChIJ3wSfBrNuXz4RRtM5UdZlDi8,Executive Grooming For men,Al Khail Rd - Hadaeq Sheikh Mohammed Bin Rashid - Dubai - United Arab Emirates,25.1023393,55.240172099999995,4.5,4,OPERATIONAL,barber_shop,,,,False,,men-only,2026-10-09
ChIJaXwb3aRrXz4RAzpj7IpzKvg,The Salon Dubai | Golden Mile Galleria,Golden Mile Building 8 - نخلة جميرا - دبي - United Arab Emirates,25.1109306,55.141631700000005,4.8,594,OPERATIONAL,beauty_salon,moderate,100,400,False,,,2026-10-09
ChIJD5PwivlrXz4RDU4oUcEBl0U,N.Bar Nail Spa & Salon Shoreline,Ground Floor Building 8 The Shoreline Palm Jumeirah - نخلة جميرا - دبي - United Arab Emirates,25.1126708,55.143589,4.9,725,OPERATIONAL,nail_salon,,,,False,,,2026-10-09
ChIJORIzAeMVXz4R6J2EzDc6-JQ,Topor Barbershop,Golden Mile 6-B6-RT-18A&RT-19 - نخلة جميرا - دبي - United Arab Emirates,25.1084224,55.1452575,4.8,195,OPERATIONAL,barber_shop,,,,False,,men-only,2026-10-09
ChIJVyfUzl9rXz4RCK9R7pn1vis,The Salon Dubai Face Bar | Palm Jumeirah,"Riva Beach Club, Shoreline 7&8 - Palm Jumeirah - دبي - United Arab Emirates",25.112483599999997,55.1437745,4.6,348,OPERATIONAL,beauty_salon,,,,False,,,2026-10-09
ChIJs_eK9yxrXz4RzOBm4aMC_HU,Blowout Bar Hair and Beauty Salon,"Golden Mile Building 10 - Retail Level - Palm Jumeirah -, Underground Parking Available (Parking Entrance Before Bldg 7 By Fitness, First) - نخلة جميرا - دبي - United Arab Emirates",25.112021,55.14053,4.9,311,OPERATIONAL,hair_salon,,,,False,,,2026-10-09
ChIJAfkYH_xrXz4R9NtW4vGoDL4,Le Michel Salons Palm Jumeirah,"Radisson Beach Resort 13th floor Palm West Beach, Palm - نخلة جميرا - Jumeirah - دبي - United Arab Emirates",25.1081465,55.142434,4.8,109,OPERATIONAL,beauty_salon,,,,False,,,2026-10-09
ChIJFf99ixxrXz4Rnip_Ns4PpBg,Tip Nails Ladies Saloon,"Shop No. GF05, Al Hatimi, Shoreline 5 PALM - نخلة جميرا - JUMEIRAH - دبي - United Arab Emirates",25.109627999999997,55.1478014,4.9,254,OPERATIONAL,beauty_salon,moderate,1,400,False,,,2026-10-09
ChIJg3oCsS1rXz4RXgipT1K405Q,1847 Grooming for Men Palm Jumeirah Mall,Centre Of Palm - Al Hilali - Nakhlat Jumeira - Dubai - United Arab Emirates,25.1140995,55.1396058,4.7,552,OPERATIONAL,barber_shop,,,,False,,men-only,2026-10-09
ChIJW7GZ7dZrXz4RMYc3VgLV8XU,LEOZ BARBER SHOP,381 - PALM JUMERIAH - MILEO THE PALM - نخلة جميرا - دبي - United Arab Emirates,25.1073261,55.144641899999996,4.9,96,OPERATIONAL,barber_shop,,,,False,,men-only,2026-10-09
ChIJtY3W8CBrXz4R2LE5GFldpVc,The Expert Center,Voco Hotel - Palm Jumeirah West - Beach - نخلة جميرا - دبي - United Arab Emirates,25.1075816,55.1429987,4.8,142,OPERATIONAL,beauty_salon,,,,False,,,2026-10-09
ChIJe63--TBrXz4R4NKODsQUYmc,Dial a Nail Palm Jumeirah,Nakhlat Jumeira - Dubai - United Arab Emirates,25.107648800000003,55.1464806,4.5,200,OPERATIONAL,beauty_salon,very_expensive,400,600,False,,,2026-10-09
ChIJNRUYtQNrXz4RByQQkXNaAdc,MK - Best Barbershop in Dubai,NH Collection Dubai The Palm - Nakhlat Jumeira - Dubai - United Arab Emirates,25.111617199999998,55.138868099999996,4.9,273,OPERATIONAL,barber_shop,moderate,180,200,False,,men-only,2026-10-09
ChIJwVknQB1rXz4RUmMkorXxZaI,The Salon Dubai | The Palm,Riva Beach Club - Shoreline 7 & 8 - Palm Jumeirah - دبي - United Arab Emirates,25.1122408,55.1441502,4.9,128,OPERATIONAL,hair_salon,expensive,150,400,False,,,2026-10-09
ChIJLeWVEQBrXz4RNvbgOR-dD_0,GoCosmo Beauty Salon,"Golden Mile 7, Golden Mile Mall - Palm Jumeirah - Dubai - United Arab Emirates",25.110459,55.142472,4.7,127,OPERATIONAL,beauty_salon,very_expensive,200,500,False,,,2026-10-09
ChIJxVg52EdrXz4RQnkKjDeWGew,"WOW Beauty Salon - Palm Jumeirah Mall, Ground Level","Ground Level, P-012b, Nakheel Mall Palm - نخلة جميرا - Jumeirah - دبي - United Arab Emirates",25.1141082,55.1392034,4.5,446,OPERATIONAL,beauty_salon,moderate,1,400,False,,,2026-10-09
ChIJb6ujzs5rXz4RQ_2sNmN5WRU,Salaza Gibran Express,Palm Jumeirah West Beach - Nakhlat Jumeira - Dubai - United Arab Emirates,25.1084501,55.143081800000004,4.7,71,OPERATIONAL,beauty_salon,,,,False,,,2026-10-09
ChIJ49Z7XVdrXz4RoIv7siBSqEw,24Beauty The Palm Salon & Home Service,Saint regis palm jumairah - Nakhlat Jumeira - Dubai - United Arab Emirates,25.113989099999998,55.139882799999995,4.9,153,OPERATIONAL,beauty_salon,,,,False,,,2026-10-09
ChIJizCFkg1rXz4RDg2oQoByzoc,Barber Shop - Kalm Grooming,"Riva Beach Club Ground floor, Shoreline 7&8 - Palm Jumeirah - دبي - United Arab Emirates",25.1125699,55.1437144,4.8,147,OPERATIONAL,barber_shop,moderate,100,160,False,,men-only,2026-10-09
ChIJ8f8nFj1rXz4RVvHyg7cmvLI,MK - Best Beauty Salon in Dubai,NH Collection Dubai The Palm - Nakhlat Jumeira - Dubai - United Arab Emirates,25.111693199999998,55.139044999999996,4.9,121,OPERATIONAL,beauty_salon,expensive,200,400,False,,,2026-10-09
ChIJS4uv1PZrXz4RrxyMoF1U0ko,Nicolas Beauty Salon,Boutique Villas - Villa 18 - 2 - Al Sufouh 2 - Dubai Media City - Dubai - United Arab Emirates,25.1058865,55.164532799999996,4.8,886,OPERATIONAL,beauty_salon,,,,False,,,2026-10-09
ChIJS5XPi3prXz4Rei1aMIOC6ng,"PodoLogic Dubai | Beauty, Foot & Nail Care",suites building - 1 Floor “A - Al Noor St - Al Sufouh 1 - Al Sufouh - Dubai - United Arab Emirates,25.109813,55.1776366,4.9,127,OPERATIONAL,beauty_salon,very_expensive,200,500,False,,,2026-10-09
ChIJ11il0yeQMioRcY99sg7ykZs,Nicehair Hair Extensions Dubai,Al Sufouh Suites - Al Sufouh 1 - Al Sufouh - Dubai - United Arab Emirates,25.109461,55.177460499999995,4.7,136,OPERATIONAL,hair_care,,,,False,,,2026-10-09
ChIJU3XoVANrXz4RU30Ih_o90Q0,Sasalon Dubai,Office Park Building - Street 2 - Al Sufouh 2 - Dubai Internet City - Dubai - United Arab Emirates,25.105335999999998,55.1684579,5,242,OPERATIONAL,hair_salon,,,,False,,,2026-10-09
ChIJxWdj6MNrXz4RbL2IH8EYfFo,Yana Grow my Hair,Gargash Design House - Al Sufouh 1 - Al Sufouh - Dubai - United Arab Emirates,25.1092811,55.178186499999995,4.7,61,OPERATIONAL,beauty_salon,,,,False,,,2026-10-09
ChIJkbWoERFrXz4RM7vAM-PoXAM,ELEJON BARBERSHOP,456H+FGM - Al Sarfa St - Al Sufouh 1 - Al Sufouh - Dubai - United Arab Emirates,25.111258,55.1790321,4.9,134,OPERATIONAL,barber_shop,moderate,80,140,False,,men-only,2026-10-09
ChIJ5TtupalrXz4Rz0FCYK7vguE,Bede Zayed Gents saloon,12 13 St - Al Sufouh 1 - Al Sufouh - Dubai - United Arab Emirates,25.1238945,55.183859899999995,4.4,84,OPERATIONAL,barber_shop,,,,False,,men-only,2026-10-09
ChIJDTUexGxrXz4RjhWjYZEL9xA,Omar Gents Salon Dubai | Best Barber Shop | Gents Salon,Sidra Tower - Sheikh Zayed Rd - Al Sufouh 1 - Al Sufouh - Dubai - United Arab Emirates,25.1081731,55.1784465,4.9,225,OPERATIONAL,barber_shop,moderate,100,200,False,,men-only,2026-10-09
ChIJsz4djPdrXz4R1-Rt0aWmHKw,Wow Volosy,"Entrance Door 2A, Block 6 - unit 7 Al Bourooj St - Al Sufouh 2 - Dubai Knowledge Park - Dubai - United Arab Emirates",25.1035799,55.1629584,4.1,73,OPERATIONAL,hair_care,,,,False,,,2026-10-09
ChIJnX-XKQxrXz4Rc0Ww7h1zsHY,Miami Saloon,457F+3HC - Al Sufouh 1 - Al Sufouh - Dubai - United Arab Emirates,25.112685799999998,55.1738881,4,25,OPERATIONAL,barber_shop,,,,False,,men-only,2026-10-09
ChIJnTV05xRrXz4Rk_ymTk8TL_Q,Nail Corner,Knowledge Village - Al sofouh No.2 - الصفوح 2 - مدينة دبي للإنترنت - دبي - United Arab Emirates,25.1055249,55.1686349,4.3,43,OPERATIONAL,nail_salon,,,,False,,,2026-10-09
ChIJD4bp5lRrXz4RbSHxZ-kIxYM,Enana Ladies Beauty Salon,lavender garden suites - Al Sufouh 1 - Al Sufouh - Dubai - United Arab Emirates,25.111302199999997,55.1789845,4.3,106,OPERATIONAL,beauty_salon,,,,False,,,2026-10-09
ChIJnVgaLwBrXz4RhpUHa5ytUHE,Folla,Al Sufouh 1 - Al Sufouh - Dubai - United Arab Emirates,25.1093528,55.1773697,5,64,OPERATIONAL,beauty_salon,,,,False,,,2026-10-09
ChIJ1WoprghrXz4RxjDfVRp1lJI,ODD Gents Salon Media City [Knwoledge Village],4549+HPG Al SufouhAl - Al Sufouh 2 - Dubai Internet City - Dubai - United Arab Emirates,25.1064285,55.1693299,3.7,34,OPERATIONAL,hair_salon,,,,False,,men-only,2026-10-09
ChIJr2VKFixrXz4RiQgP2XD3vw0,Blaura beauty salon,Al Sufouh 1 - Al Sufouh - Dubai - United Arab Emirates,25.1092622,55.177111599999996,5,22,OPERATIONAL,beauty_salon,,,,False,,,2026-10-09
ChIJRxWUdgBrXz4Rv7hVj9UWcXA,Tattoo shop,456H+7V4 - Al Sufouh 1 - Al Sufouh - Dubai - United Arab Emirates,25.1108476,55.179694299999994,5,1,OPERATIONAL,beauty_salon,,,,False,,,2026-10-09
ChIJD1ePLKdrXz4R4ff-YEShxvs,Angeltripp Hair,Pearl Residence Building - Al Sufouh 1 - Al Sufouh - Dubai - United Arab Emirates,25.110686299999998,55.179540900000006,4,2,OPERATIONAL,beauty_salon,,,,False,,,2026-10-09
ChIJ2VqryhJrXz4RvUYZsEekIhQ,White Falcon Gents Saloon,4549+JQ8 - Al Sufouh 2 - Dubai Internet City - Dubai - United Arab Emirates,25.1065349,55.169446,4.1,99,OPERATIONAL,beauty_salon,,,,False,,men-only,2026-10-09
ChIJZzQyyVFqXz4RIHidgDF01FA,BROWZ,Al Wasl Rd - opposite ENOC Petrol Station - Umm Suqeim Third - Umm Suqeim 3 - Dubai - United Arab Emirates,25.1331745,55.19857880000001,4.8,2573,OPERATIONAL,beauty_salon,,,,False,,,2026-10-09
ChIJIWujKHtrXz4RE-7llgiR4N0,Arfi Nails Al Barsha,"Shops 7, 8, and 9 Dawoud Building - البرشاء الأولى - البرشاء - دبي - United Arab Emirates",25.108100099999998,55.197826799999994,4.8,368,OPERATIONAL,beauty_salon,very_expensive,300,700,False,,,2026-10-09
ChIJ_YpjhmJrXz4RD-SdWVqhWCA,Prive7 Dubai,Villa 9 - Al Wasl Rd - Umm Suqeim Third - Umm Suqeim 3 - Dubai - United Arab Emirates,25.1326805,55.1982219,4.7,153,OPERATIONAL,beauty_salon,,,,False,,,2026-10-09
ChIJrR3Ef9prXz4RPa9jzsXsgzE,Art zone,MD Al Barsha Hotel - Sheikh Zayed Rd - Al Barsha First - Al Barsha - Dubai - United Arab Emirates,25.1139403,55.1912608,4.7,366,OPERATIONAL,beauty_salon,moderate,100,300,False,,,2026-10-09
ChIJ5Q33s4ZrXz4Rff3RVFuqN4k,New Look Business,Umm Al sheif -SKB Plaza properties Office No: 104 - أم الشيف - ام الشيف - دبي - United Arab Emirates,25.1251858,55.2032153,4.6,145,OPERATIONAL,barber_shop,,,,False,,men-only,2026-10-09
ChIJe2IGsiprXz4RTB17M9KfHa0,Wonderstouch Barbershop Dubai,"Before Bentley show rooms, Al Asmawi Building - Ground floor,office #11 - Sheikh Zayed Rd - Umm Al Sheif - Dubai - United Arab Emirates",25.126257499999998,55.2051114,4.6,142,OPERATIONAL,barber_shop,,,,False,,men-only,2026-10-09
ChIJ7xuNn8FrXz4RB3dSnDLcPIg,Twist Curly Hair Salon Dubai,The B1 - Al Barsha Rd - Al Barsha First - Al Barsha - Dubai - United Arab Emirates,25.1159213,55.20161220000001,4.6,467,OPERATIONAL,hair_salon,,,,False,,,2026-10-09
ChIJQ44YqBNrXz4RR_DLtbYjO_Y,Locks By Lou Lou Al Wasl,19a - villa 1A شارع الوصل - أم الشيف - جميرا - دبي - United Arab Emirates,25.1318816,55.1985014,4.9,405,OPERATIONAL,hair_salon,,,,False,,,2026-10-09
ChIJmXmD0yhrXz4RZLjcBRXnJ6o,Just Pretty Ladies Salon,4663+PF Badri Bulding 2 - Shop No. 7 & 8 - Al Barsha First - Al Barsha - Dubai - United Arab Emirates,25.111870099999997,55.2038077,4.7,280,OPERATIONAL,beauty_salon,moderate,1,300,False,,,2026-10-09
ChIJbVx-iq1rXz4R5wi7QFRwMCA,Miyoshi Korean Salon,Signature hotel in al barsha HC floor - البرشاء الأولى - البرشاء - دبي - United Arab Emirates,25.117333000000002,55.195004,4.5,312,OPERATIONAL,beauty_salon,expensive,100,500,False,,,2026-10-09
ChIJZQxNp4BrXz4RGG36xMjuoJI,ILIOS LADIES SALON,The Iridium - building Office 15 Umm Suqeim St - Al Barsha First - Al Barsha - Dubai - United Arab Emirates,25.1186542,55.2073652,4.6,632,OPERATIONAL,hair_salon,,,,False,,,2026-10-09
ChIJoeXl309rXz4RNxdA5jxJ0MM,صالون بابلون للرجال Babylon Gents Salon,Emerald Building Shop No 2 - البرشاء الأولى - البرشاء - دبي - United Arab Emirates,25.115132499999998,55.1985094,4.8,185,OPERATIONAL,barber_shop,,,,False,,men-only,2026-10-09
ChIJSTj_IsZrXz4RjkgnU6ZMk2A,LaMer Ladies Salon - Beauty Salon - Hair Salon - Nail Salon - Al Barsha Dubai,456W+5R7 Building Residence 1451 - Shop 12 - Al Barsha First - Al Barsha - Dubai - United Arab Emirates,25.1099085,55.197728399999995,4.3,350,OPERATIONAL,hair_care,,,,False,,,2026-10-09
ChIJsR7_vcVrXz4RTyICn3u4qdE,Sama Al Sham Gents Salon,"Shop No.1, Arabian Gulf Building, Al Barsha 1 Behind City Max Hotel - البرشاء الأولى - البرشاء - دبي - United Arab Emirates",25.1139157,55.202093299999994,3.9,9,OPERATIONAL,beauty_salon,,,,False,,men-only,2026-10-09
ChIJnRnt3-prXz4RZQlN5LUyof4,Gents Mania Saloon & Spa جنتس مينيا صالون و سبا,Khaled - First Al Khail St - Al Barsha First - Al Barsha - Dubai - United Arab Emirates,25.1135161,55.2051126,4.7,514,OPERATIONAL,barber_shop,moderate,80,180,False,,men-only,2026-10-09
ChIJ3R8VfyBrXz4RzQB2VOn8F8w,Reign Beauty Bar Al Barsha,Azayez “ Building Shop 3 - شارع الخيل الأول - البرشاء الأولى - البرشاء - دبي - United Arab Emirates,25.1116109,55.2069884,4.8,1004,OPERATIONAL,beauty_salon,,,,False,,,2026-10-09
ChIJ9a_cvCNrXz4Rl9uqMZG_YzM,LIV27 BARBERSHOP - AL BARSHA,34 St - Al Barsha First - Al Barsha - Dubai - United Arab Emirates,25.110599,55.195432999999994,4.8,527,CLOSED_TEMPORARILY,barber_shop,,,,False,,not-operational,2026-10-09
ChIJDSh_I65rXz4RxfTrHI_J8b4,Eyelash Secret Ladies Salon Umm Al Sheif,"Umm al Sheif, Near Bentley Showroom, Ruby II Building - Office 106 - 1st Floor - أم الشيف - ام الشيف - دبي - United Arab Emirates",25.1251113,55.202605399999996,4.9,797,OPERATIONAL,beauty_salon,,,,False,,,2026-10-09
ChIJOw_2bhNrXz4R6El-vfiOYp8,Shades Salon,Sheikh Zayed Rd - Al Barsha First - Al Barsha - Dubai - United Arab Emirates,25.112826599999998,55.1916842,4.6,102,OPERATIONAL,beauty_salon,,,,False,,,2026-10-09
ChIJa4CFpv1rXz4Rb8J-J6i-ArI,Afrina Beauty Club Al Barsha,Shop #1 - Umm Suqeim St - Al Barsha Second - Dubai - United Arab Emirates,25.1075229,55.2244934,4.5,1269,OPERATIONAL,beauty_salon,moderate,100,400,False,,,2026-10-09
ChIJ692_u5NrXz4RTD99fc17TzU,Bedashing Beauty Lounge Al Barsha,"Shop 1,2 - 3 Umm Suqeim St - Al Barsha Second - Al Barsha - Dubai - United Arab Emirates",25.1131451,55.2156092,4.6,753,OPERATIONAL,beauty_salon,,,,True,al-barsha,,2026-10-09
ChIJ7SYyfihrXz4RXLClE0wn5Fs,Leilani Beauty Lounge,NASSCO NO:2 - Umm Suqeim St - Al Barsha Second - Al Barsha - Dubai - United Arab Emirates,25.111521999999997,55.2179194,4.5,451,OPERATIONAL,beauty_salon,,,,False,,,2026-10-09
ChIJAc2mBNVrXz4R4eKQ2a-yvLA,March14 Dubai Beauty Residence,Al Quoz 3 Goshi City Warehouse 79 - القوز الصناعية الثالثة - القوز - دبي - United Arab Emirates,25.120404,55.218049099999995,5,122,OPERATIONAL,beauty_salon,very_expensive,300,900,False,,,2026-10-09
ChIJqwq2NVFpXz4RMjx88Nz2EaU,Tips and Toes - Park Point,Park Point - Dubai Hills Estate - حدائق الشيخ محمد بن راشد - دبي - United Arab Emirates,25.1109455,55.243953999999995,4.4,223,OPERATIONAL,beauty_salon,,,,False,,,2026-10-09
ChIJM6Y9jRRrXz4RE3zY8iZQH5E,The Barbershop & Cafe Al Qouz,Al QuozAl - 13 10b St - Al Qouz Ind.third - Al Quoz - Dubai - United Arab Emirates,25.119550699999998,55.2120056,4.6,82,OPERATIONAL,barber_shop,,,,False,,men-only,2026-10-09
ChIJ7Yc7JkBrXz4RwU43dZpxxfA,LVLS,Goshi Warehouse City - Al Qouz Ind.third - Al Quoz - Dubai - United Arab Emirates,25.1220614,55.219136199999994,4.9,189,OPERATIONAL,barber_shop,moderate,80,180,False,,men-only,2026-10-09
ChIJEblfg8ZpXz4RyAlbvmfp7HM,AL THAIBI GENTS SALOON,15 Street 1 - Al Qouz Ind.fourth - Al Quoz - Dubai - United Arab Emirates,25.125398699999998,55.2371506,3.7,6,OPERATIONAL,barber_shop,,,,False,,men-only,2026-10-09
ChIJzXwq-SRpXz4RRAryzWjuU3k,ZINDA BAAD gents saloon,Al QuozAl - 9 Street 11A - Al Qouz Ind.fourth - Al Quoz - Dubai - United Arab Emirates,25.124728599999997,55.2307583,4.1,11,OPERATIONAL,beauty_salon,,,,False,,men-only,2026-10-09
ChIJ1XXwlGFpXz4RrZJV13_87xg,ALWAN ALTAIF GENTS SALOON,Al QuozAl - 95 26th St - Al Qouz Ind.second - Al Quoz - Dubai - United Arab Emirates,25.1245223,55.2458727,4.5,55,OPERATIONAL,barber_shop,,,,False,,men-only,2026-10-09
ChIJ3QP71hZrXz4RXM5GkYEBWyg,Secret Salon,Al Barsha Second - Al Barsha - Dubai - United Arab Emirates,25.1112681,55.2181399,4.1,120,CLOSED_TEMPORARILY,beauty_salon,,,,False,,not-operational,2026-10-09
ChIJf5cjYVVpXz4R14QLUz4SgsI,ZAARA GENTS SALON,19 5 St - Al Qouz Ind.third - Al Quoz - Dubai - United Arab Emirates,25.128677399999997,55.230218199999996,3.1,8,OPERATIONAL,hair_salon,,,,False,,men-only,2026-10-09
ChIJI0dvHGRpXz4RIPHNRZjnMBw,Lashkari Gents Saloon,5 Al Marabea' St - Al Qouz Ind.fourth - Al Quoz - Dubai - United Arab Emirates,25.1282343,55.2329539,3.9,11,OPERATIONAL,hair_salon,,,,False,,men-only,2026-10-09
ChIJK1hHUcRrXz4RXEJ4FE4pJN4,SARAS Beauty Lounge,Ground floor - Umm Suqeim St - Al Barsha Second - Al Barsha - Dubai - United Arab Emirates,25.1082841,55.222727299999995,4.6,81,OPERATIONAL,beauty_salon,expensive,1,600,False,,,2026-10-09
ChIJH9K-xPhDXz4RYbsv2kRPan0,Laser Clinic Dubai عيادة ليزر دبي,Street 1 Villa 1 Umm Suqeim St - Al Barsha Second - Al Barsha - Dubai - United Arab Emirates,25.111165999999997,55.2179742,4.7,12,OPERATIONAL,medical_clinic,,,,False,,not-a-salon,2026-10-09
ChIJI296UTRpXz4RMRbdqPYaXJ8,SKY ROCK,46HQ+3H6 - 14C St - Al Qouz Ind.second - Al Quoz - Dubai - United Arab Emirates,25.1276123,55.238929199999994,5,2,OPERATIONAL,hair_salon,,,,False,,,2026-10-09
ChIJvYtMcgBpXz4RderZ6nPPbws,Trim Time Salon Dubai,Al Marabea' St - Al Qouz Ind.second - Al Quoz - Dubai - United Arab Emirates,25.1278179,55.2362866,2.8,6,OPERATIONAL,beauty_salon,,,,False,,,2026-10-09
ChIJJbUDMXxpXz4RxDAEmJ-kHIU,Quality hairdressing saloon,17 2b St - Al Qouz Ind.fourth - Al Quoz - Dubai - United Arab Emirates,25.125713299999997,55.234616599999995,3.5,13,OPERATIONAL,hair_salon,,,,False,,,2026-10-09
ChIJR9yH1pNpXz4R8VJHLw0aVno,Lifestyle Gents Salon (Br),4 Al Marabea' St - Al Qouz Ind.first - Al Quoz - Dubai - United Arab Emirates,25.131705099999998,55.231573999999995,4,9,OPERATIONAL,barber_shop,,,,False,,men-only,2026-10-09
ChIJhbXVqRtpXz4RFkKE772AO8Q,HAVIE & MOON,"Unit R03, The Pinnacle Dubai Hills Estate - حدائق الشيخ محمد بن راشد - دبي - United Arab Emirates",25.111131999999998,55.2517031,4.9,432,OPERATIONAL,beauty_salon,very_expensive,200,500,False,,,2026-10-09
ChIJGQHuH9tpXz4RCdhOYe4zaVQ,Juice Salon Dubai Hills,Dubai Hills Golf Estate - Hadaeq Sheikh Mohammed Bin Rashid - Dubai - United Arab Emirates,25.1232702,55.260849199999996,4.8,418,OPERATIONAL,beauty_salon,very_expensive,100,600,False,,,2026-10-09
ChIJD7jeX01vXz4RVRMCBIiPawE,Gladys Beauty Saloon - Dubai Hills,"Gardenia Residence - B Building, Shop No - 1 Dubai Hills - حدائق الشيخ محمد بن راشد - دبي - United Arab Emirates",25.111729399999998,55.2455133,4.6,774,OPERATIONAL,beauty_salon,expensive,200,400,False,,,2026-10-09
ChIJs4BPeMZpXz4RbCf50Z85toc,The Corner Barber - Dubai Hills,Dubai Hills - Acacia - Block C Al Marabea' St - حدائق الشيخ محمد بن راشد - دبي - United Arab Emirates,25.1112906,55.2456016,4.5,330,OPERATIONAL,barber_shop,moderate,80,160,False,,men-only,2026-10-09
ChIJUQhogeFpXz4RT7uR9kGadEE,Bebek Turkish Gents Salon - Barbershop Dubai Hills,Prive Residence - Hadaeq Sheikh Mohammed Bin Rashid - Dubai Hills - Dubai - United Arab Emirates,25.1126777,55.251976799999994,4.9,242,OPERATIONAL,barber_shop,moderate,80,180,False,,men-only,2026-10-09
ChIJbev-qwNpXz4R92w3l3EeDN0,Vinca Rosea Ladies Spa - Dubai Hills,"Dubai Hills Park Park Heights 1, Shop R04 - حدائق الشيخ محمد بن راشد - دبي - United Arab Emirates",25.112927499999998,55.2464352,4.6,173,OPERATIONAL,beauty_salon,,,,False,,,2026-10-09
ChIJK32-l7NpXz4RuIg-odXoDuQ,BlackJack Dubai Hills,Dubai - Hadaeq Sheikh Mohammed Bin Rashid - Dubai - United Arab Emirates,25.123588299999998,55.260411399999995,4.7,38,OPERATIONAL,barber_shop,,,,False,,men-only,2026-10-09
ChIJeRtJLQBpXz4RGD7nkpQG9M4,The Shave Shop Barber Shop Dubai Hills,4762+QF5 - Hadaeq Sheikh Mohammed Bin Rashid - Dubai - United Arab Emirates,25.112127899999997,55.2512842,4.1,30,OPERATIONAL,barber_shop,moderate,120,160,False,,men-only,2026-10-09
ChIJD6ml3BJpXz4RVlDbEIXYp2Y,717 Gents Salon - Dubai Hills,4762+M7Q - Hadaeq Sheikh Mohammed Bin Rashid - Dubai - United Arab Emirates,25.111727199999997,55.2506621,4.8,84,OPERATIONAL,barber_shop,,,,False,,men-only,2026-10-09
ChIJIfYqcwFpXz4RRia92jLAvoU,Desi Gents Salon,26th St - Al Qouz Ind.second - Al Quoz - Dubai - United Arab Emirates,25.1328244,55.2525666,2.6,25,OPERATIONAL,beauty_salon,,,,False,,men-only,2026-10-09
ChIJc2Txbq5pXz4RRlzAkygTmhg,ROOH AL SHABAB,83 26th St - Al Qouz Ind.second - Al Quoz - Dubai - United Arab Emirates,25.1260428,55.2471014,1.7,7,OPERATIONAL,hair_salon,,,,False,,,2026-10-09
ChIJx-kvfb9pXz4R2eJLsU4Rr6g,Rooh Al Shabab Gents Saloon,Al Qouz Ind.second - Al Quoz - Dubai - United Arab Emirates,25.132732900000004,55.253838599999995,1.6,13,OPERATIONAL,barber_shop,,,,False,,men-only,2026-10-09
ChIJx37kAxVpXz4RRzPnhd7HjXU,Quality Gents Saloon,55 26th St - Al Qouz Ind.second - Al Quoz - Dubai - United Arab Emirates,25.1303122,55.250584499999995,2.7,11,OPERATIONAL,beauty_salon,,,,False,,men-only,2026-10-09
ChIJZXzn-GRlXz4RLVfrKIMkyNM,Humble_thebarber,The Shave Shop Barber Shop - Hadaeq Sheikh Mohammed Bin Rashid - Dubai Hills - Dubai - United Arab Emirates,25.1118709,55.25115470000001,5,2,OPERATIONAL,barber_shop,,,,False,,men-only,2026-10-09
ChIJb3hmvhhpXz4RgFy4CfzNLoE,Chic By 24Hairdxb,4796+FJJ Grove Near Mall hills - Hadaeq Sheikh Mohammed Bin Rashid - Dubai Hills - Dubai - United Arab Emirates,25.118702799999998,55.261528899999995,5,8,OPERATIONAL,beauty_salon,,,,False,,,2026-10-09
ChIJebw8RgBpXz4RvCxQJRb0czY,Hajr Al Zumurod gents saloon,57 28 Street - Al Qouz Ind.second - Al Quoz - Dubai - United Arab Emirates,25.130420599999997,55.2519742,,,OPERATIONAL,barber_shop,,,,False,,men-only,2026-10-09
ChIJWVOdSRVpXz4RuVCIucyY-as,QUALITY HAIR DRESSING SALOON (BR),64 26th St - Al Qouz Ind.second - Al Quoz - Dubai - United Arab Emirates,25.1286307,55.248408,3.4,12,OPERATIONAL,beauty_salon,,,,False,,,2026-10-09
ChIJ_WegmekVXz4RTcTLnl4ZPDQ,Safk Mobile Barber,"Mohamad bin rashaed, D1 - Al Mrkad - Dubai - United Arab Emirates",25.1285354,55.264227,4.9,10,OPERATIONAL,barber_shop,,,,False,,men-only,2026-10-09
ChIJNRSSi0xqXz4RK6puzEPZpA4,Grand Flora Beauty Salon & Spa - Jumeirah,Jumeirah Aswaq شارع - Umm Suqeim Third - Jumeirah - Dubai - United Arab Emirates,25.1368727,55.19696,4.7,1184,OPERATIONAL,beauty_salon,expensive,100,500,False,,,2026-10-09
ChIJMciDnXRrXz4RTN8ha8OmReA,AZIZAM - Lashes | Brows | Facials,Meyan Mall Floor - 1 Al Thanya St - Umm Suqeim Second - Umm Suqeim 2 - Dubai - United Arab Emirates,25.1446266,55.1985288,4.8,464,OPERATIONAL,beauty_salon,,,,False,,,2026-10-09
ChIJQWUxURlrXz4Rw8PsX6p1y-A,INSIDE JUMEIRAH Beauty Salon,THE MALL - G FLOOR - RETAIL 10 Jumeira St - Umm Suqeim Third - Umm Suqeim 3 - Dubai - United Arab Emirates,25.1403474,55.1915118,4.9,316,OPERATIONAL,beauty_salon,expensive,100,500,False,,,2026-10-09
ChIJz6C6gOJpXz4Rbu0J8dO7ajk,Argana beauty salon and spa,3 Umm Suqeim St - Umm Suqeim Third - Umm Suqeim 3 - Dubai - United Arab Emirates,25.135459899999997,55.1968475,4.6,279,OPERATIONAL,beauty_salon,,,,False,,,2026-10-09
ChIJ3WrG1h9rXz4ROiZbBCzfStk,La Sirene Gents Salon,873 Jumeira St - Umm Suqeim Third - Umm Suqeim 3 - Dubai - United Arab Emirates,25.1377407,55.1892925,4.5,106,OPERATIONAL,barber_shop,,,,False,,men-only,2026-10-09
ChIJGcXffoxrXz4RXktJR3_duiw,Mulan Beauty & Spa,The Mall - 1 st Floor - Umm Suqeim Third - Umm Suqeim - Dubai - United Arab Emirates,25.1403078,55.191887599999994,4.8,143,OPERATIONAL,beauty_salon,very_expensive,200,800,False,,,2026-10-09
ChIJuVtFGABrXz4RzzgtNI1g-_s,Asayel 1 MJL,45MQ+2WG - Umm Suqeim Third - Umm Suqeim 3 - Dubai - United Arab Emirates,25.1326922,55.189745200000004,5,7,OPERATIONAL,beauty_salon,,,,False,,,2026-10-09
ChIJ5R597C1rXz4RtpJbDot86vs,Barber Club Dubai,The Mall - Jumeira St - opp. Jumeirah Beach Resort - Umm Suqeim Third - Umm Suqeim 3 - Dubai - United Arab Emirates,25.1402777,55.19152020000001,4.8,190,OPERATIONAL,barber_shop,,,,False,,men-only,2026-10-09
ChIJP6910blrXz4RDBrB-jf74Zg,N.Bar Nail Spa & Salon The Mall,The Mall - Jumeira St - Umm Suqeim Third - Umm Suqeim 3 - Dubai - United Arab Emirates,25.1401054,55.191340499999995,4.9,682,OPERATIONAL,nail_salon,moderate,100,400,False,,,2026-10-09
ChIJjT3iAlhrXz4Ry9S3ncvqGro,MK - Best Barbershop in Dubai,Meyan Mall - 43 شارع الثنيه - أم سقيم الثانية - ام سقيم ٢ - دبي - United Arab Emirates,25.1448085,55.198602699999995,4.8,220,OPERATIONAL,barber_shop,moderate,100,160,False,,men-only,2026-10-09
ChIJoXaB0r9rXz4ROgb7NzM9Hh4,MBS (Mila Beauty Salon),"Meyan Mall, First Floor - 50 شارع الثنيه - أم سقيم الثانية - ام سقيم ٢ - دبي - United Arab Emirates",25.1446616,55.1986492,4.6,79,OPERATIONAL,beauty_salon,,,,False,,,2026-10-09
ChIJF4k5d_hrXz4R0EjhASdjQu4,COZY POINT BEAUTY SALON LLC,"Meyan Mall-Shop 112, 113, Road - شارع جميرا - adjacent Al Thanya - أم سقيم الثانية - ام سقيم ٢ - دبي - United Arab Emirates",25.144680299999997,55.1987113,4.9,241,OPERATIONAL,nail_salon,,,,False,,,2026-10-09
ChIJo8ny8RRrXz4RfladSEE6NKk,Arabian Scissors Gents Salon | Barber Shop | Gents Salon,The Mall - Jumeira St - Umm Suqeim Third - Umm Suqeim 3 - Dubai - United Arab Emirates,25.1406544,55.1919186,4.8,197,OPERATIONAL,barber_shop,,,,False,,men-only,2026-10-09
ChIJ05zUiWdrXz4R2kbIuZYo1NU,TURAN ZINKAL TURKISH BARBER SHOP,park 2 - Umm Suqeim Second - Umm Suqeim - Dubai - United Arab Emirates,25.1484193,55.197546499999994,5,29,OPERATIONAL,barber_shop,,,,False,,men-only,2026-10-09
ChIJgadI4RtrXz4R8BEcIUEHX9E,Limoz Logli Dubai,"al Arab Hotel Limoz Logli Hair Salon, Jumeirah Marsa - 4th Floor - Umm Suqeim Third - Umm Suqeim - Dubai - United Arab Emirates",25.1453348,55.188970299999994,4.7,44,OPERATIONAL,hair_salon,,,,False,,,2026-10-09
ChIJrwHLMpBDXz4RG-p5G02RNLg,Mr & Mrs B Lounge llc,906 Jumeira St - Umm Suqeim Third - Umm Suqeim 3 - Dubai - United Arab Emirates,25.1368379,55.187103699999994,4.6,120,OPERATIONAL,beauty_salon,,,,False,,,2026-10-09
ChIJ_zUVh5NpXz4RqddTRQjn7EM,Eyelash extension by Olisa,Meyan Mall - Jumeirah 3 - Umm Suqeim 2 - Dubai - United Arab Emirates,25.144733499999997,55.1986892,5,28,OPERATIONAL,beauty_salon,,,,False,,,2026-10-09
ChIJwVS4G5NrXz4RKW68ddfWAVQ,SFēRA Salon Al Qasr,10 King Salman Bin Abdulaziz Al Saud St - Al Sufouh 1 - Al Sufouh - Dubai - United Arab Emirates,25.131585200000004,55.184832899999996,4.8,17,OPERATIONAL,beauty_salon,,,,False,,,2026-10-09
ChIJNZV-h0ppXz4RX1x_21do2ts,lange beauty salon,MEYAN MALL - JUMEIRAH 2 - شارع الثنيه - أم سقيم الثالثة - ام سقيم ٣ - دبي - United Arab Emirates,25.1457242,55.195881099999994,5,18,OPERATIONAL,beauty_salon,,,,False,,,2026-10-09
ChIJi0XhEeFrXz4Rt4tw37GjwWk,Creation31 Beauty Salon,"Mina A' Salam Hotel, Promenade Floor - Jumeira St - Al Sufouh 1 - Al Sufouh - Dubai - United Arab Emirates",25.1350319,55.1858893,4.8,71,OPERATIONAL,beauty_salon,,,,False,,,2026-10-09
ChIJ5zK5CZVDXz4RVnD8Fm9pVk4,CHALK,"Warehouse 63, Alserkal Avenue - القوز الصناعية الأولى - القوز - دبي - United Arab Emirates",25.1426116,55.2247736,4.8,1556,OPERATIONAL,beauty_salon,,,,False,,,2026-10-09
ChIJY0phdN1rXz4REnOYlJUocFA,BRAU,Al Wasl Rd - Umm Suqeim Second - Umm Suqeim 2 - Dubai - United Arab Emirates,25.1512055,55.2127579,4.9,352,OPERATIONAL,beauty_salon,,,,False,,,2026-10-09
ChIJmwSByiZqXz4R71zuNrtpdQQ,Great Lengths Middle East Hair Extension Centre,833b Villa - Al Wasl Rd - Al Safa Second - Al Safa - Dubai - United Arab Emirates,25.1583451,55.219119400000004,4.5,146,OPERATIONAL,beauty_salon,,,,False,,,2026-10-09
ChIJR0do5TZqXz4RF7ibiW3Pcr8,Pastels Salon Jumeirah (Al Wasl),1186 Al Wasl Rd - Umm Suqeim Second - Umm Suqeim 2 - Dubai - United Arab Emirates,25.1450008,55.2078194,4.9,688,OPERATIONAL,beauty_salon,,,,False,,,2026-10-09
ChIJAf6vLtZpXz4R5apQG1K1RzI,Safa Dream Ladies Salon LLC,villa - 965 Al Wasl Rd - Al Manara - Umm Suqeim - Dubai - United Arab Emirates,25.148864099999997,55.2117037,4.5,526,OPERATIONAL,beauty_salon,,,,False,,,2026-10-09
ChIJN6beLyZrXz4RyeVXHz4c7Ck,By H Beauty Ladies Salon,villa 1093 Al Wasl Rd - Al Manara - Dubai - United Arab Emirates,25.1403526,55.205062,4.8,206,OPERATIONAL,beauty_salon,very_expensive,200,700,False,,,2026-10-09
ChIJB3ibexBpXz4RWUiiiIhfd3E,Furless Permanent Al Quoz,"Street 5A, Al Shafar Investment Building, Al Quoz First Floor. Units 144 - 145 - القوز الصناعية الأولى - القوز - دبي - United Arab Emirates",25.152566399999998,55.227823799999996,4.8,295,OPERATIONAL,beauty_salon,,,,False,,,2026-10-09
ChIJ4wIIjUBqXz4RMpLJ4g4MDKk,The Nail Spa - Jumeirah Road,729 Jumeira St - Umm Suqeim Second - Umm Suqeim 2 - Dubai - United Arab Emirates,25.1535883,55.202692799999994,4.7,287,OPERATIONAL,nail_salon,expensive,200,450,False,,,2026-10-09
ChIJ_ctknzVqXz4R83FYnvHMdAM,1847 Grooming for Men API,Al Thanya Street - API 1000 - corner شارع الوصل - أم الشيف - ام الشيف - دبي - United Arab Emirates,25.139276600000002,55.2050755,4.8,589,OPERATIONAL,barber_shop,,,,False,,men-only,2026-10-09
ChIJgXm1JUBrXz4RytE-OTZQYvM,VOLNA Beauty Salon,villa 871 - Jumeira St - Al Safa Second - Al Safa - Dubai - United Arab Emirates,25.155569,55.216950499999996,4.6,102,OPERATIONAL,beauty_salon,very_expensive,400,600,False,,,2026-10-09
ChIJBW8b_L5rXz4ROct4NjxpLmY,"Tara Rose Salons - Al Quoz, Dubai",Arenco Warehouse 10 - next to Build Station - Al Qouz Ind.first - Al Quoz - Dubai - United Arab Emirates,25.142286,55.22379240000001,5,434,OPERATIONAL,hair_salon,,,,False,,,2026-10-09
ChIJB_vhFk9rXz4R-nmqKBxTRKY,HS Beauty Salon,3 Al Wasl Rd - Umm Al Sheif - Dubai - United Arab Emirates,25.1382236,55.20337,4.6,94,OPERATIONAL,beauty_salon,,,,False,,,2026-10-09
ChIJ8-2cniRqXz4RxP4N5tsMRIs,Fadia elmendelek,883 Al Wasl Rd - Al Safa Second - Al Safa - Dubai - United Arab Emirates,25.154958099999998,55.216564999999996,4.4,174,OPERATIONAL,beauty_salon,,,,False,,,2026-10-09
ChIJ-x2G8eFrXz4RTbYOYqcjbzw,Version Francaise Pour Elle,villa 873 Al Wasl Rd - Al Safa Second - Al Safa - Dubai - United Arab Emirates,25.155381199999997,55.2168004,5,254,OPERATIONAL,hair_salon,,,,False,,,2026-10-09
ChIJiar3s_lrXz4RquJm2VaFTaM,Black Jack Barber Shop,Um - Mohamed juma Shop 07 - Umm Suqeim Second - Umm Suqeim - Dubai - United Arab Emirates,25.1545529,55.203476200000004,4.9,509,OPERATIONAL,barber_shop,moderate,80,140,False,,men-only,2026-10-09
ChIJtUpbm0pqXz4RjxUWGPs2Ipo,Grace and Light Cosmetic Clinic LLC,Villa #3 Al Wasl Rd - Umm Al Sheif - Dubai - United Arab Emirates,25.1381142,55.203333699999995,4.9,462,OPERATIONAL,medical_clinic,,,,False,,not-a-salon,2026-10-09
ChIJL-TVXI9rXz4RcSH7yQMC23s,Kochi.dubai gents salon,Jumeira St - Umm Suqeim Second - Umm Suqeim 2 - Dubai - United Arab Emirates,25.1563704,55.2044893,4.9,196,OPERATIONAL,barber_shop,,,,False,,men-only,2026-10-09
ChIJt7gZNidrXz4RhTQkfNNsyhQ,VEREYA HAIR DUBAI,123 Al Manara St - Al Safa Second - Dubai - United Arab Emirates,25.154228,55.217272099999995,4.7,214,OPERATIONAL,hair_care,,,,False,,,2026-10-09
ChIJZxi8datrXz4RHIphRY2kC0w,L&A nail room,"Shop Number 4, API 1000, Al Wasl, Dubai - Al Thanya St - Umm Al Sheif - Dubai - United Arab Emirates",25.1388972,55.2039902,4.6,150,OPERATIONAL,nail_salon,,,,False,,,2026-10-09
ChIJW2LRvOFpXz4R9PtTPVun_dM,collective.,Mag Warehouse - Unit 205 - القوز الصناعية الثانية - القوز - دبي - United Arab Emirates,25.141193299999998,55.258319099999994,4.8,107,OPERATIONAL,hair_salon,,,,False,,,2026-10-09
ChIJ06d9E-BpXz4R1NMNghcBTMs,Afro Glow Beauty Salon,46WX+HX - 2 Latifa Bint Hamdan St - Al Qouz Fourth - Al Quoz - Dubai - United Arab Emirates,25.146437499999998,55.249937499999994,4.7,236,OPERATIONAL,beauty_salon,moderate,100,300,False,,,2026-10-09
ChIJ5T7zUJtpXz4RKjmYJalkRLE,Oro Rosa Ladies Beauty Salon,Building RB 7A Al Khail Heights Dubai - القوز الرابعة - القوز - دبي - United Arab Emirates,25.1540666,55.2543946,4.2,125,OPERATIONAL,beauty_salon,,,,False,,,2026-10-09
ChIJoXiB3DGeQggRdTawguXaZiY,Afro Trim Men's Salon,46WX+HX - 2 Latifa Bint Hamdan St - Al Qouz Fourth - Al Quoz - Dubai - United Arab Emirates,25.146437499999998,55.249937499999994,4.8,180,OPERATIONAL,hair_salon,moderate,1,100,False,,men-only,2026-10-09
ChIJn9Qyl-lpXz4R9Mt8WGUP3vk,Sfizio Gent’s Salon AKH,Al Khail Heights Apt - Al Waha St - Al Qouz Fourth - Al Quoz - Dubai - United Arab Emirates,25.1552257,55.2552795,4.2,129,OPERATIONAL,hair_salon,,,,False,,men-only,2026-10-09
ChIJ-9qNpUxpXz4R8LBiFZRzURk,Quality Saloon,35 4B St - Al Qouz Ind.second - Al Quoz - Dubai - United Arab Emirates,25.1344142,55.2383927,5,1,OPERATIONAL,beauty_salon,,,,False,,,2026-10-09
ChIJMbEyjAxpXz4REHnzrDi162k,Top To Toe Beauty Center Al Khail Gate,Al Khail Gate - القوز الصناعية الثانية - القوز - دبي - United Arab Emirates,25.142484,55.2503251,4.6,559,OPERATIONAL,beauty_salon,moderate,100,300,False,,,2026-10-09
ChIJ1zfVLCBDXz4ReSdaUI-nXZw,M3 BARBERSHOP x Al Quoz,Street 14b - Al Qouz Ind.second - Al Quoz - Dubai - United Arab Emirates,25.134036899999998,55.2442326,4.9,17,OPERATIONAL,barber_shop,,,,False,,men-only,2026-10-09
ChIJzckmtpRpXz4Ryjt_12Z3QsA,Star Annabel Beauty Salon - Afro Dubai,Al Ameed Plaza - Shop No.84 - Al Asayel St - Al Qouz Fourth - Al Quoz - Dubai - United Arab Emirates,25.1514879,55.2506145,4.9,117,OPERATIONAL,beauty_salon,,,,False,,,2026-10-09
ChIJccJ83etpXz4R2crhhTWvWUM,Sri Lankan Saloon,Jumeirah University 1 - 2 Latifa Bint Hamdan St - القوز الرابعة - القوز - دبي - United Arab Emirates,25.146514999999997,55.2497544,4.4,43,OPERATIONAL,beauty_salon,,,,False,,,2026-10-09
ChIJpZ5lntFpXz4RXnC4ESYVq3Y,Adiba gents salon,Al Qouz Ind.second - Al Quoz - Dubai - United Arab Emirates,25.1541182,55.244403399999996,4,2,OPERATIONAL,hair_salon,,,,False,,men-only,2026-10-09
ChIJVew1lrdpXz4RMXwmYrWcwbI,NAIZ TRADITIONAL SALOON,01 - 15 شارع الخيل - Al Qouz Ind.second - Al Quoz - Dubai - United Arab Emirates,25.1388232,55.2503186,4.4,7,OPERATIONAL,hair_salon,,,,False,,,2026-10-09
ChIJF6qiTdZpXz4RC91u2RSbWo4,"Mr Sam Ladies and Kids Salon - Alkhail Gate, Alquoz","New West Zone Supermarket, 11B Street G Floor, Al Khail Gate Phase 2, Al Quouz - القوز الصناعية الثانية - القوز - دبي - United Arab Emirates",25.138746299999998,55.2531677,4.4,249,OPERATIONAL,beauty_salon,moderate,1,200,False,,,2026-10-09
ChIJJTOjShRpXz4Rz89x3PV_ClA,Lavender Park Salon,Al Qouz Fourth - Al Quoz - Dubai - United Arab Emirates,25.1464,55.249913899999996,4.6,42,OPERATIONAL,beauty_salon,,,,False,,,2026-10-09
ChIJbSpxCQBpXz4Ru9vM1COK1GQ,Best Stylish Gents Saloon,30 Street 9b - Al Qouz Ind.second - Al Quoz - Dubai - United Arab Emirates,25.1348316,55.2549195,2,3,OPERATIONAL,hair_salon,,,,False,,men-only,2026-10-09
ChIJ01kQZkVpXz4RuWinByM2B94,Miss saba ladies salon,"العميد بلازا Al Ameed Plaza, 5722+F73 - Al Quoz - Al Quoz 4 - Shop, 107 - القوز الأولى - القوز - دبي - United Arab Emirates",25.1517071,55.2504937,4.8,88,OPERATIONAL,beauty_salon,,,,False,,,2026-10-09
ChIJPyCPNnBrXz4RnvTY2E0sr0U,Nail,Al Qouz Fourth - Al Quoz - Dubai - United Arab Emirates,25.1510999,55.250589399999996,3.4,5,OPERATIONAL,nail_salon,,,,False,,,2026-10-09
ChIJPVos8UhpXz4RJOi12LXUmMg,Danielle_Styles,"Mag Warehouse, MAG Warehouses - Unit 205 - Al Qouz Ind.second - Al Quoz - Dubai - United Arab Emirates",25.1410983,55.2581971,5,2,OPERATIONAL,hair_salon,,,,False,,,2026-10-09
ChIJYaeizItpXz4RjYsL3tKasH4,SRAS GENTS SALON,SRA MOBILE & COMPUTERS TRADING LLC - Al Qouz Third - Al Quoz - Dubai - United Arab Emirates,25.1580205,55.2489359,4.3,8,OPERATIONAL,barber_shop,,,,False,,men-only,2026-10-09
ChIJIwLD1L1vXz4RIO8T1NHJUxA,Hair By Cozma,Mag Eye - Hadaeq Sheikh Mohammed Bin Rashid - Dubai - United Arab Emirates,25.1426327,55.2858775,5,38,OPERATIONAL,hair_salon,,,,False,,,2026-10-09
ChIJg-5VBQBpXz4RlWgmAoyu3Uo,BUFF BEAUTY LOUNGE,Ghadeer Al Tair - Dubai - United Arab Emirates,25.1454792,55.2650066,4.6,22,OPERATIONAL,beauty_salon,,,,False,,,2026-10-09
ChIJnUQzSQBpXz4RVjwEb294ia8,Niki’s Henna,47VM+F8F - Nad Al Sheba 1 - Dubai - United Arab Emirates,25.1436918,55.283298699999996,,,OPERATIONAL,beauty_salon,,,,False,,,2026-10-09
ChIJNyDuH3VpXz4RzBl3M_1dpdI,Patel beauty salon,Khail gate - Al Khail Rd - Hadaeq Sheikh Mohammed Bin Rashid - Al Quoz - Dubai - United Arab Emirates,25.1374298,55.2601399,5,1,OPERATIONAL,beauty_salon,,,,False,,,2026-10-09
ChIJKfGJ-9lpXz4R_aJd2kNBjnA,Shelmy beauty salon,Ghadeer Al Tair - Dubai - United Arab Emirates,25.1556981,55.2676002,5,1,OPERATIONAL,beauty_salon,,,,False,,,2026-10-09
ChIJvY8VYoFpXz4R3WZqLQyUOYo,Joklisebeautyempire,Rb07b - Al Khail Rd - Hadaeq Sheikh Mohammed Bin Rashid - Al Quoz - Dubai - United Arab Emirates,25.1374298,55.2601399,5,1,OPERATIONAL,hair_salon,,,,False,,,2026-10-09
ChIJu8zvAndpXz4RTqEb041058E,Elina Beauty Studio,"Azizi Greenfiled, Meydan, Nad Al Shiba 1 - ند الشبا 1 - ند الشبا - دبي - United Arab Emirates",25.1540024,55.289258999999994,5,21,OPERATIONAL,beauty_salon,very_expensive,200,700,False,,,2026-10-09
ChIJL1pAXxlpXz4REYAGY2DQ7oE,Super trim ladies salon,Unnamed Road - Nad Al Sheba 1 - Nad Al Sheba - Dubai - United Arab Emirates,25.151617299999998,55.2957622,2.9,46,OPERATIONAL,beauty_salon,,,,False,,,2026-10-09
ChIJGT7IuudpXz4RAA2bh7MBdBg,Super trim gents salon,ند الشبا 1 - الميدان - دبي - United Arab Emirates,25.151555,55.2956772,3.9,8,OPERATIONAL,hair_salon,,,,False,,men-only,2026-10-09
ChIJ7XW19Bz0uw8RACWkZpqJL1s,La Voir Beauty,The Meydan Hotel Grandstand - Nad Al Sheba 1 - Nad Al Sheba - Dubai - United Arab Emirates,25.155933800000003,55.2998936,5,12,OPERATIONAL,beauty_salon,,,,False,,,2026-10-09
ChIJo9BeWK1pXz4R2PtK_CJ-H3U,The Hair Texturizer,5842+632 Grand Stand - Nad Al Sheba 1 - Nad Al Sheba - Dubai - United Arab Emirates,25.1555625,55.3001875,,,OPERATIONAL,hair_salon,,,,False,,,2026-10-09
ChIJf5kyjC5pXz4R56eq5RQat2Q,SIENNA LEILY SPA AND BEAUTY SALON L.L.C-FZ,5842+Q6 Meydan Grandstand - 6th floor Al Meydan Rd - Nad Al Sheba 1 - Nad Al Sheba - Dubai - United Arab Emirates,25.156897999999998,55.300566499999995,5,10,OPERATIONAL,beauty_salon,,,,False,,,2026-10-09
ChIJddXIf85rXz4RaLcWJAcido0,"The Nest Salon, Jumeirah, Dubai",Jumeira St - next to Al Masraf Bank - Umm Suqeim First - Umm Suqeim 1 - Dubai - United Arab Emirates,25.1649837,55.2118012,4.9,877,OPERATIONAL,hair_salon,,,,False,,,2026-10-09
ChIJ5SM4UtZrXz4RzXOXPJzSI3k,Silvio Al Kassab Salon Jumeirah,Umm Suqeim 1 - شارع جميرا - next to Al Masraf Bank Jumeirah Branch - جميرا الثالثة - ام سقيم 1 - دبي - United Arab Emirates,25.164874299999997,55.211824899999996,4.8,150,OPERATIONAL,barber_shop,moderate,60,140,False,,men-only,2026-10-09
ChIJK-vhbRVqXz4RApvHGLiKN8k,"Silkor Jumeirah Branch, Dubai - مركز سيلكور جميرا","Silkor Villa 708, Jumeirah Beach Road Dubai Makani number 19195 83676 - أم سقيم الثانية - ام سقيم ٢ - دبي - United Arab Emirates",25.158178799999998,55.20598940000001,4.6,416,OPERATIONAL,medical_clinic,,,,False,,not-a-salon,2026-10-09
ChIJFc2KFXJrXz4RTsa7T6Vsk3g,700 BARBER SHOP,شارع شاطىء جميرة ام سقيم - Jumeirah 3 - Umm Suqeim 2 - Dubai - United Arab Emirates,25.155407999999998,55.2037257,4.9,230,OPERATIONAL,barber_shop,,,,False,,men-only,2026-10-09
ChIJ1SgeOZJDXz4ROaObLUh_Aec,Amores Beauty Lounge,Amores Beauty Lounge kharbash building - Shop - 5 Jumeira St - Jumeirah - Umm Suqeim 1 - Dubai - United Arab Emirates,25.162481,55.210248299999996,4.7,81,OPERATIONAL,beauty_salon,,,,False,,,2026-10-09
ChIJGcBVQRpDXz4RUPrFktjufz0,Maison Élevé Beauty Salon,"UAE, Dubai, Jumeirah, Umm Suqeim 2, Building B shop 7 UAE - Building - Jumeirah - ام سقيم ٢ - دبي - United Arab Emirates",25.155357499999997,55.2035346,4.8,94,OPERATIONAL,beauty_salon,,,,False,,,2026-10-09
ChIJuZ0MgQVrXz4RbW8eTqJDjuU,Malek Saadeh Gents Salon,726 Jumeira St - Umm Suqeim Second - Umm Suqeim 2 - Dubai - United Arab Emirates,25.156925899999997,55.2049616,4.8,125,OPERATIONAL,barber_shop,,,,False,,men-only,2026-10-09
ChIJX96Wii9rXz4Rgase9yFZE9Q,Adam NQ Gents Salon,Jumeirah Beach Rd - Umm Suqeim First - Umm Suqeim 1 - Dubai - United Arab Emirates,25.1676254,55.2143763,4.8,76,OPERATIONAL,barber_shop,moderate,100,160,False,,men-only,2026-10-09
ChIJo1Ydk0BqXz4R8slljwdDzrs,Hair By Marquee - Jumeirah Road,Jumeira St - Umm Suqeim Second - Umm Suqeim 2 - Dubai - United Arab Emirates,25.153691499999997,55.2026585,4.9,127,OPERATIONAL,hair_salon,,,,False,,,2026-10-09
ChIJcTDxWJtrXz4ROFwZqnTaIvM,Glowing Touch Esthetics,Villa 106 Zeyaar St - Umm Suqeim First - Umm Suqeim 1 - Dubai - United Arab Emirates,25.162635599999998,55.21183,4.9,7,OPERATIONAL,beauty_salon,,,,False,,,2026-10-09
ChIJma5AbM9rXz4Ri9f410RNpw4,Luxita Beauty Center,596 Jumeira St - Jumeirah 3 - Umm Suqeim 1 - Dubai - United Arab Emirates,25.170769999999997,55.2162941,4.7,52,OPERATIONAL,beauty_salon,,,,False,,,2026-10-09
ChIJRwmNUxFqXz4R8JA9oM6cwxI,Miami Sky,5675+HV8 - 6D St - Umm Suqeim First - Umm Suqeim 1 - Dubai - United Arab Emirates,25.1639202,55.209714899999994,3.8,25,OPERATIONAL,barber_shop,,,,False,,men-only,2026-10-09
ChIJOcSAkaprXz4RTbMFa4IRnCs,Noor Al Bahr Gents Salon,10 21b St - Umm Suqeim First - Umm Suqeim 1 - Dubai - United Arab Emirates,25.1670159,55.21551720000001,4.3,10,OPERATIONAL,barber_shop,,,,False,,men-only,2026-10-09
ChIJayAKLABrXz4RvqPnHQux8zs,Barber shop,5644+X6G - D94 - Umm Suqeim Second - Umm Suqeim 2 - Dubai - United Arab Emirates,25.1574408,55.205579799999995,,,OPERATIONAL,barber_shop,,,,False,,men-only,2026-10-09
ChIJF9jrFCRrXz4R60mSuWNNu0c,Anotha Beauty Salon by Elaris,722 - Jumeirah 3 - Shop Number 2 - أم سقيم الثانية - ام سقيم ٢ - دبي - United Arab Emirates,25.156794599999998,55.204828199999994,4.4,31,OPERATIONAL,beauty_salon,,,,False,,,2026-10-09
ChIJRd6p1fNrXz4Rb_vndkRnyO0,Glowmore Ladies Beauty Salon | Hair Treatments | Keratin | Nails Extensions | Eye Extensions,First Floor - Jumeirah 3 - ام سقيم 1 - دبي - United Arab Emirates,25.1649849,55.2117998,3.8,96,OPERATIONAL,beauty_salon,,,,False,,,2026-10-09
ChIJp-9jLxFqXz4RBz0pOnf356k,Hair Station Ladies Saloon,5676+WMR - Umm Suqeim First - Umm Suqeim 1 - Dubai - United Arab Emirates,25.1648513,55.211655799999996,5,1,OPERATIONAL,hair_salon,,,,False,,,2026-10-09
ChIJi6kBHCJqXz4R1LSoBgFHpC4,My Style by Jumana - Jumeirah,Al Wasl Rd - Umm Suqeim First - Al Manara - Dubai - United Arab Emirates,25.1604025,55.219921199999995,4.5,441,OPERATIONAL,beauty_salon,very_expensive,300,600,False,,,2026-10-09
ChIJmbQT5Q9pXz4RTcITLViIWjM,The Salon Dubai | Yin Yang Al Wasl,628 Al Wasl Rd - Al Safa 1 - Al Ferdous Building 4 - الصفا 1 - دبي - United Arab Emirates,25.178926399999998,55.2344818,4.8,1505,OPERATIONAL,beauty_salon,expensive,100,500,False,,,2026-10-09
ChIJ0Y0DQ-1DXz4RCSA0T_vf9P8,The Hair Palace Dubai |By Ozzy,Villa 23 Al Wasl Rd - Al Safa Second - Al Safa - Dubai - United Arab Emirates,25.1634726,55.223255599999995,4.9,1068,OPERATIONAL,hair_salon,,,,False,,,2026-10-09
ChIJhaG4jh5pXz4RRgJr20PuSWo,Salon Dubai | Essential Beauty,736 Al Wasl Rd - Jumeirah 3 - Jumeirah - Dubai - United Arab Emirates,25.175723899999998,55.23157,4.8,397,OPERATIONAL,beauty_salon,very_expensive,300,500,False,,,2026-10-09
ChIJEwpx9x5qXz4RTmksPoHyXPg,Cavallo Aesthetic Clinic,Villa 77 - Al Raaji St - Umm Suqeim First - Umm Suqeim 1 - Dubai - United Arab Emirates,25.165222999999997,55.2232671,4.5,301,OPERATIONAL,medical_clinic,,,,False,,not-a-salon,2026-10-09
ChIJP51lMQVqXz4RD6HqPxzgfo8,Be Bar Blow Dry Bar,Villa 594 شارع شاطئ جميرة - Umm Suqeim First - Umm Suqeim 1 - Dubai - United Arab Emirates,25.1711335,55.2166506,4.6,216,OPERATIONAL,hair_salon,,,,False,,,2026-10-09
ChIJqWuPhpFrXz4RxunMP9bef2I,مركز فنه للتجميل. جميرا Finah Beauty Center,501 Jumeira St - Jumeirah 3 - Jumeirah - Dubai - United Arab Emirates,25.1787033,55.2231356,3.9,370,OPERATIONAL,beauty_salon,,,,False,,,2026-10-09
ChIJbQUy-JxpXz4RA01NHz4vPzk,Crimper Barber Shop,Villa #8 - جميرا الثالثة - جميرا - دبي - United Arab Emirates,25.1791701,55.2338508,4.9,239,OPERATIONAL,barber_shop,,,,False,,men-only,2026-10-09
ChIJ6SoDggRqXz4R7BAvkaFzkRk,"Sasha Beauty Salon, Jumeirah Al Wasl",Villa No.104 Umm Al Sheif Rd - near Spinneys - Umm Suqeim First - Jumeirah - Dubai - United Arab Emirates,25.1698235,55.226687299999995,4.4,404,OPERATIONAL,beauty_salon,moderate,100,400,False,,,2026-10-09
ChIJ5xTWDB9pXz4RvkvpdEhZvm0,"Yalla Hair - Hair Patch Fixing & Hair Replacement Centre, Sheikh Zayed Road, Near Onpassive Metro Station, Dubai",Al Shafar Investment Building Entrance A - Office 205 Sheikh Zayed Rd - Al Qouz Ind.first - Al Quoz - Dubai - United Arab Emirates,25.1526367,55.2272676,4.8,532,OPERATIONAL,medical_clinic,,,,False,,not-a-salon,2026-10-09
ChIJ905RFkNpXz4R5ABvz9GUTwo,LASHY Beauty Lounge,Al Ferdous 3 Bld - Al Wasl Rd - Al Safa First - Al Safa - Dubai - United Arab Emirates,25.1802418,55.2355959,4.8,409,OPERATIONAL,beauty_salon,,,,False,,,2026-10-09
ChIJ11PlSixrXz4RzfByOx1m9BM,The Stars Barber Jumeirah Branch,540 Jumeira St - Jumeirah 3 - JumeirahJumeirah 3 - Dubai - United Arab Emirates,25.178144999999997,55.2222096,4.6,231,OPERATIONAL,barber_shop,,,,False,,men-only,2026-10-09
ChIJ_6O7ZhgsmEMRDRb3so4R4O0,N.Bar Nail Spa & Salon 777 Center,777 Center Al Wasl Road - Street - Al Shaari Street - جميرا الثالثة - جميرا - دبي - United Arab Emirates,25.1728722,55.229402099999994,4.8,378,OPERATIONAL,nail_salon,,,,False,,,2026-10-09
ChIJHbEf4F65eiURxBnD7-heiBg,Dilara Beauty Salon,"Triple 777 Center Al Wasl Road, Jumeriah 3 Al Safee Street - Al Shaari Street - جميرا الثالثة - جميرا - دبي - United Arab Emirates",25.173029999999997,55.2290652,4.9,240,OPERATIONAL,beauty_salon,moderate,100,400,False,,,2026-10-09
ChIJX1gPH_FpXz4R08yjOiwEtQo,Blue Diamond Gents Salon,Shop #2 - 6D St - Al Safa First - Al Safa - Dubai - United Arab Emirates,25.1721866,55.233008299999995,4.2,29,OPERATIONAL,barber_shop,,,,False,,men-only,2026-10-09
ChIJcUON1vVpXz4R7_DyGfj8ljw,Hairworks Umm Suqeim Branch,"Inside Spinneys Centre, Al Wasl Rd Corner of - Umm Al Sheif Rd - Al Safa Second - Umm Suqeim - Dubai - United Arab Emirates",25.168432400000004,55.2282708,4.6,297,OPERATIONAL,hair_salon,,,,False,,,2026-10-09
ChIJ2bVGXh1pXz4RAFaCrsWU1R4,Lioness Ladies Salon,Al Shoe - e st - Jumeirah 3 - Jumeirah - Dubai - United Arab Emirates,25.1793627,55.233701499999995,4.9,96,OPERATIONAL,beauty_salon,,,,False,,,2026-10-09
ChIJg-gkNrppXz4RNh9RysXlWcg,Rerotti Hair & Beauty Meydan District 1,Road 36 MBRAM CITY DISTRICT ONE - المركاض - دبي - United Arab Emirates,25.1721667,55.2739167,4.4,109,OPERATIONAL,beauty_salon,,,,False,,,2026-10-09
ChIJQWakM0BpXz4RWiHoZdv1lVA,Blossom & Berry Beauty Salon,Sobha Ivory 1 - Asayel St - Business Bay - Dubai - United Arab Emirates,25.1795202,55.2718227,4.8,215,OPERATIONAL,hair_salon,,,,False,,,2026-10-09
ChIJF-Ow-SdpXz4R_0n40jRhQNo,Incoco Style | Ladies Beauty Salon,"Ground Floor, DAMAC Business Tower - Shop - 05 - Business Bay - Dubai - United Arab Emirates",25.1805539,55.268966,4.8,492,OPERATIONAL,beauty_salon,moderate,100,300,False,,,2026-10-09
ChIJ8QQdkq5pXz4RX3FnLte83Rk,BAE Russian beauty salon Lashes Hair Nails,Oxford tower shop 3 - الخليج التجاري - دبي - United Arab Emirates,25.177244899999998,55.273270399999994,4.7,298,OPERATIONAL,beauty_salon,,,,False,,,2026-10-09
ChIJmRKa_5hpXz4R_9Hpp02ls90,Mareana ladies salon Business bay,Al Asayel St - Business Bay - Dubai - United Arab Emirates,25.1782023,55.2667369,4.4,143,OPERATIONAL,beauty_salon,,,,False,,,2026-10-09
ChIJu_pHhfppXz4RMG-cr_mVcQs,Per Lei Beauty Lounge,Aswaaq Mall - غدير الطير - دبي - United Arab Emirates,25.1590252,55.2699733,4.7,466,CLOSED_TEMPORARILY,beauty_salon,,,,False,,not-operational,2026-10-09
ChIJ82MttINpXz4RmdheptphCSQ,Melad Beauty Salon,Capital Bay Towers - next to The Flower Bar Shop - Business Bay - Dubai - United Arab Emirates,25.1765629,55.2720747,4.8,171,OPERATIONAL,beauty_salon,,,,False,,,2026-10-09
ChIJfxKczKBpXz4R5_eQ3rHhTp0,Fateli,"on side of building, DAMAC Business Tower - Office - G6 - ground floor - Business Bay - Dubai - United Arab Emirates",25.180615,55.2687836,4.8,370,OPERATIONAL,beauty_salon,very_expensive,300,700,False,,,2026-10-09
ChIJAWCw6AlpXz4RwFyu4_P-JR0,Mantis - Best Barbershop in Business Bay,"Ground Floor, Sobha Ivory 1 - Al Amal St - Business Bay - Dubai - United Arab Emirates",25.1797132,55.2717643,4.7,144,CLOSED_TEMPORARILY,barber_shop,,,,False,,not-operational,2026-10-09
ChIJ7dsgEZRpXz4RiYaE0hYfIhA,B22 Salon,Business Bay - Dubai - United Arab Emirates,25.1790938,55.272498199999994,4.7,57,OPERATIONAL,barber_shop,,,,False,,men-only,2026-10-09
ChIJY99J8J1pXz4R6vYZRRjwm2E,1011 Beauty Salon,76 27c St - Al Qouz First - Al Quoz - Dubai - United Arab Emirates,25.163123199999998,55.2568048,4.1,83,OPERATIONAL,beauty_salon,moderate,100,300,False,,,2026-10-09
ChIJpXfDnTUnRggRqNJ7dLJVWXE,Emeraude Beauty Salon,U Bora Residence Tower - Unit 12 13 - Business Bay - Dubai - United Arab Emirates,25.1801508,55.2708547,4.9,147,OPERATIONAL,beauty_salon,,,,False,,,2026-10-09
ChIJWd2MolBpXz4RMaI1wxGdL74,Lavender Star Salon,Sobha Ivory 2 - الخليج التجاري - دبي - United Arab Emirates,25.1790292,55.2729165,4.7,138,OPERATIONAL,beauty_salon,moderate,100,300,False,,,2026-10-09
ChIJpWQUEjJoXz4RlI6OwXS5va8,Itaf Beauty Salon,"Ground Floor, Executive Clover Bay Tower - Al A'amal St - Business Bay - Dubai - United Arab Emirates",25.178302499999997,55.2666251,4.9,242,OPERATIONAL,beauty_salon,,,,False,,,2026-10-09
ChIJC635ED9pXz4Rzy7DksENhsE,L’art de coiffure beauty salon,Ag tower - shop number 3 - Marasi Dr - Business Bay - Dubai - United Arab Emirates,25.179892700000003,55.268908499999995,4.7,220,OPERATIONAL,beauty_salon,,,,False,,,2026-10-09
ChIJx9yRrY5pXz4RVwMdh-0rbIk,Wyatt Beauty Salon,DAMAC XL Tower - Business Bay - Dubai - United Arab Emirates,25.180885999999997,55.2676002,4.6,140,OPERATIONAL,beauty_salon,,,,False,,,2026-10-09
ChIJZ1kB6lJpXz4RFJRF_59QZ6g,INSIDE Beauty Salon,Business Bay - The Atria Residence - Dubai - United Arab Emirates,25.1805143,55.2637672,4.9,170,CLOSED_TEMPORARILY,beauty_salon,,,,False,,not-operational,2026-10-09
ChIJ5UPrnjppXz4RAM5iYf5eFIE,Sevens Gents Salon | Churchill Towers | Business Bay,Shop 10 - Churchill Towers - الخليج التجاري - دبي - United Arab Emirates,25.181475300000002,55.2630808,4.9,293,OPERATIONAL,barber_shop,moderate,40,100,False,,men-only,2026-10-09
ChIJ9fiqSGFpXz4RzQVfvnoD0eM,House of Crowns,Ground Floor - Shop no. 7 Al Amal St - Business Bay - Dubai - United Arab Emirates,25.1781914,55.2672738,4.9,107,OPERATIONAL,beauty_salon,,,,False,,,2026-10-09
ChIJMciJj51pXz4RBhHoFazX-mw,The Colorist Hair Salon,Al Meydan Rd - Nad Al Sheba 1 - Nad Al Sheba - Dubai - United Arab Emirates,25.1580332,55.2958383,4.9,501,OPERATIONAL,beauty_salon,very_expensive,200,500,False,,,2026-10-09
ChIJuQSymgdpXz4RQMKEUEuNCvc,Vanilla Glow Beauty Salon,58C4+FJ8 - Marina Residence 1 - Nakhlat Jumeira - Dubai - United Arab Emirates,25.171163300000003,55.306579899999996,4.8,235,OPERATIONAL,beauty_salon,,,,False,,,2026-10-09
ChIJyzJT8oZpXz4RDr3IyvwvH2U,Blade Barbers Dubai,Azizi Riviera 8 - Nad Al Sheba 1 - Dubai - United Arab Emirates,25.1724241,55.30324900000001,4.9,642,OPERATIONAL,barber_shop,moderate,140,200,False,,men-only,2026-10-09
ChIJSYDoMPRpXz4RO37A4YnIg_c,Maja Beauty Bar,574R+39 M1M Building - Al Meydan Rd - Nad Al Sheba 1 - Nad Al Sheba - Dubai - United Arab Emirates,25.1551528,55.2909927,4.8,417,OPERATIONAL,beauty_salon,very_expensive,200,800,False,,,2026-10-09
ChIJe0cxw7JpXz4RUCoCjdDBKNw,HOUSE OF FADE,D69 - Nad Al Sheba 1 - Nad Al Sheba - Dubai - United Arab Emirates,25.154743800000002,55.290427699999995,4.6,203,OPERATIONAL,barber_shop,,,,False,,men-only,2026-10-09
ChIJpcG8VL9pXz4Rx8R4UD6Qjyg,Urban Glam - Meydan,Azizi Riviera 2 - Shop #2 Meydan One Street - Al Merkadh - Dubai - United Arab Emirates,25.1741973,55.2978631,3.7,115,OPERATIONAL,beauty_salon,moderate,100,400,False,,,2026-10-09
ChIJL5Vn-WZpXz4R84H3ZwDMXNQ,Amber Beauty Salon - Meydan,Dar Mira Building - Nad Al Sheba 1 - Nad Al Sheba - Dubai - United Arab Emirates,25.1540261,55.2906912,4.8,253,OPERATIONAL,beauty_salon,,,,False,,,2026-10-09
ChIJJWUQ--lpXz4Rm_M_cROdFs8,MENSPIRE Dubai,"Azizi Riviera 28, Meydan - Nad Al Sheba 1 - Dubai - United Arab Emirates",25.1723648,55.306465599999996,4.9,194,OPERATIONAL,barber_shop,,,,False,,men-only,2026-10-09
ChIJcdWGmgtpXz4R9M37tjaAocM,Fade O'Clock Barbershop Nad Al Sheba,Azizi Riviera 16 - Al Merkadh - Dubai - United Arab Emirates,25.172439699999998,55.301604,4.9,143,OPERATIONAL,barber_shop,,,,False,,men-only,2026-10-09
ChIJNYpoaktpXz4RvWyXhptbmGA,Raw Nails Studio,"Dubai, al Meydan - Sobha hartland - Azizi riviera 27 - shop 15 - المركاض - دبي - United Arab Emirates",25.1723289,55.3047645,4.9,436,OPERATIONAL,nail_salon,very_expensive,250,500,False,,,2026-10-09
ChIJI3o6ou9pXz4RXEpNRtHdpiI,Hairmess,Godolphin Building - Nad Al Sheba 1 - Nad Al Sheba - Dubai - United Arab Emirates,25.1630425,55.300429699999995,4.9,77,OPERATIONAL,barber_shop,,,,False,,men-only,2026-10-09
ChIJTRBflAVpXz4Rtz_oIdL2WN8,Dapper Dan Barbershop,Azizi Riviera - Retail 07 - 33 Meydan One Street - Al Merkadh - Dubai - United Arab Emirates,25.1713536,55.3042311,5,283,OPERATIONAL,barber_shop,,,,False,,men-only,2026-10-09
ChIJMaXbMwBpXz4Rfy9Nu7-IpLc,RAF BEAUTY LOUNGE,58C2+XRM - Meydan One Street - Nad Al Sheba 1 - Dubai - United Arab Emirates,25.172527799999997,55.3022778,4.8,449,OPERATIONAL,beauty_salon,expensive,200,400,False,,,2026-10-09
ChIJb55jpkhpXz4R7lyP7qyN1Bk,Dream Trend,"58C3+VV Azizi Riviera 27, Mohammed Bin Rashid City CP02 015 - Al Merkadh - Dubai - United Arab Emirates",25.172351,55.304739899999994,5,217,OPERATIONAL,barber_shop,moderate,60,80,False,,men-only,2026-10-09
ChIJh_lp3yBpXz4R5i25x2_o-Pw,Adore Beauty Lounge - The Galleries,The Galleries Building - Al Meydan Rd - Nad Al Sheba 1 - Nad Al Sheba - Dubai - United Arab Emirates,25.158113699999998,55.294698399999994,4.8,155,OPERATIONAL,beauty_salon,,,,False,,,2026-10-09
ChIJNezmmyRpXz4RbQzpzrIAtY8,The Vintage Barbershop,Azizi Riviera 8 Shop 8 - Nad Al Sheba 1 - Dubai - United Arab Emirates,25.1728341,55.3034639,4.9,370,OPERATIONAL,barber_shop,moderate,80,120,False,,men-only,2026-10-09
ChIJ55fnfRldXz4Rhugo9GcCMRg,&BROWS. DUBAI,Azizi 36 - Al Merkadh - Dubai - United Arab Emirates,25.1725592,55.3077908,4.3,78,OPERATIONAL,beauty_salon,expensive,1,500,False,,,2026-10-09
ChIJW9KpATFpXz4Rgz_vwDCZuXU,EXCLUSER SALON,azizi riviera 16 - shop 6 - المركاض - دبي - United Arab Emirates,25.1723566,55.301948499999995,5,137,OPERATIONAL,barber_shop,,,,False,,men-only,2026-10-09
ChIJDa8wWtNpXz4RpPMYhiW0Cvc,Goldn Muse Ladies Beauty Salon,Azizi Riviera 36 - Nad Al Sheba 1 - Dubai - United Arab Emirates,25.172618999999997,55.30803950000001,4.6,140,OPERATIONAL,beauty_salon,expensive,100,500,False,,,2026-10-09
ChIJ2-cSD2ppXz4RgieAyPBDatg,Najlan Beauty Salon,"Sobha Hartland - Shop no.05, Waves Tower - Al Merkadh - Dubai - United Arab Emirates",25.1752984,55.3092289,4.8,319,OPERATIONAL,beauty_salon,very_expensive,300,800,False,,,2026-10-09
ChIJQVQek59rXz4RAG7c_F1lfF4,Samarz Beauty Lounge,"Sobha Hartland Greens, Building 2, Shop 9 - ند الشبا 1 - دبي - United Arab Emirates",25.176297700000003,55.310375099999995,4.7,450,OPERATIONAL,beauty_salon,expensive,200,400,False,,,2026-10-09
ChIJwQZOJ_V7Xz4R-GbG3nOBR9s,Magnum Tattoo Dubai,58F5+FC2 - Nad Al Sheba 1 - Dubai - United Arab Emirates,25.175366,55.308987699999996,5,93,OPERATIONAL,beauty_salon,very_expensive,700,900,False,,,2026-10-09
ChIJ2bmyEMZrXz4R_OLIvz40tDI,Kate White Ladies Beauty Salon - Azizi Riviera,Azizi Riviera 37 Shop 14 - المركاض - دبي - United Arab Emirates,25.173502700000004,55.3084156,4.8,253,OPERATIONAL,beauty_salon,very_expensive,300,800,False,,,2026-10-09
ChIJcYYO9NJpXz4R5ayXhS1-h08,Essence Healing Spa (Branch) - Sobha Hartland,"Sobha Hartland,greens building 1 - المركاض - دبي - United Arab Emirates",25.1765868,55.310758299999996,4.7,31,OPERATIONAL,beauty_salon,,,,False,,,2026-10-09
ChIJaezNNr9pXz4R-DDQ9EjgF4Q,Uncle Sam Gents Salon,Gemini Splendor Building Sobha Hartland - Al Merkadh - Dubai - United Arab Emirates,25.177474099999998,55.3132977,5,282,OPERATIONAL,barber_shop,moderate,80,160,False,,men-only,2026-10-09
ChIJ69u8hnhpXz4Rs3UY3d7cn8M,SUKA SALON,Azizi Riveira 35 - Shop No. 2 - Nad Al Sheba 1 - Dubai - United Arab Emirates,25.1719449,55.3062719,4.9,47,CLOSED_TEMPORARILY,barber_shop,,,,False,,not-operational,2026-10-09
ChIJj8yR8RppXz4Ro1SLfUtxPZk,Pink Stiletto by Shweta Ladies Salon,Sobha Hartland - The Terraces - Ground Floor - Nad Al Sheba 1 - Dubai - United Arab Emirates,25.1767553,55.311805299999996,4.8,145,OPERATIONAL,beauty_salon,,,,False,,,2026-10-09
ChIJPYBT7lNpXz4RdOqaJKkZKsI,Cuts Gents Salon,Azizi Riviera - Building 24 Retail 15 - Nad Al Sheba 1 - Dubai - United Arab Emirates,25.172397800000002,55.3072744,4.9,225,OPERATIONAL,barber_shop,moderate,80,140,False,,men-only,2026-10-09
ChIJc3OUcZ5pXz4Rrx2cdnyqzYw,Shavers Gents Salon,Hartland Sobha - Nad Al Sheba 1 - Dubai - United Arab Emirates,25.1762984,55.3099588,4.8,132,OPERATIONAL,barber_shop,moderate,80,140,False,,men-only,2026-10-09
ChIJLQrX-sJpXz4ROS8lWWkR62g,Lavender Moon Ladies Salon,"Azizi Riviera - Shop 25, Building 46 - Nad Al Sheba 1 - Dubai - United Arab Emirates",25.1716491,55.3103189,5,46,OPERATIONAL,beauty_salon,,,,False,,,2026-10-09
ChIJ8cF-LmhpXz4Rqqda-d055es,Slayy Nails,"Azizi riviera at, one building - 29 Shop number 02 - Nad Al Sheba 1 - Dubai - United Arab Emirates",25.171698499999998,55.3073872,4.1,34,OPERATIONAL,nail_salon,moderate,100,250,False,,,2026-10-09
ChIJXS3U9DppXz4RZ-78uNTTEFo,Hair Hunchos Barbers,"Nad Al Sheba 1, Sobha Hartland Waves, Retail 08 - المركاض - دبي - United Arab Emirates",25.1745082,55.3097535,5,226,CLOSED_TEMPORARILY,barber_shop,,,,False,,not-operational,2026-10-09
ChIJ6RREWe1pXz4RX7j2D37MuOo,Samar Shine Ladies Beauty Salon LLC,Gemini Splendor Building Shop No: 2 Meydan - ند الشبا 1 - دبي - United Arab Emirates,25.1777181,55.3130709,4.4,38,OPERATIONAL,beauty_salon,,,,False,,,2026-10-09
ChIJFZjcVgBpXz4R6Md6mHK7nG4,Marso Beauty Salon,Azizi Riviera 46 - Al Merkadh - Dubai - United Arab Emirates,25.1718261,55.310415199999994,4.9,58,OPERATIONAL,beauty_salon,,,,False,,,2026-10-09
ChIJZ1zziZxpXz4RsP9KQyrgJ68,Moderno - A Gentleman's Lounge,Azizi Riviera 24 - Nad Al Sheba 1 - Dubai - United Arab Emirates,25.1728505,55.3072005,5,1,OPERATIONAL,barber_shop,,,,False,,men-only,2026-10-09
ChIJj9Mr4JBDXz4Rv6KTbCsoszY,"Elata Beauty Salon - Jumeirah 3, Dubai",Sunset Mall Ground Floor - G18 - Jumeirah Beach Rd - Jumeirah 3 - Jumeirah - Dubai - United Arab Emirates,25.1842966,55.2260515,4.8,2205,OPERATIONAL,beauty_salon,,,,False,,,2026-10-09
ChIJHVXH-_ZpXz4R-yZ5Da8l_fI,Snob Salon & Boutique,Jumeirah Beach - Road - Jumeirah 3 - Jumeirah - Dubai - United Arab Emirates,25.183838899999998,55.227588999999995,4.8,534,OPERATIONAL,beauty_salon,very_expensive,100,600,False,,,2026-10-09
ChIJTZQd4v9pXz4RUFUMrWEyff0,Belle Femme Beauty Salon Jumeirah,"Villa 467 A, Opposite Sunset Mall, Jumeirah Road, Jumeirah 3 - جميرا الثالثة - جميرا - دبي - United Arab Emirates",25.1844905,55.2277242,4.5,264,OPERATIONAL,beauty_salon,very_expensive,100,600,False,,,2026-10-09
ChIJxyO0XT1DXz4R7VZlMXG-I_c,Seoul Hair & Beyond | Korean Head Spa,Sunset Mall - Shop G-28 - Jumeirah 3 - Jumeirah - Dubai - United Arab Emirates,25.1834997,55.225812,4.6,111,OPERATIONAL,beauty_salon,,,,False,,,2026-10-09
ChIJWYTbjSBpXz4RXKm3k1ysLAo,Money Kuts Barbers,Sunset Mall - Jumeirah 3 - jumeirah 1 - Dubai - United Arab Emirates,25.183554100000002,55.2261248,4.7,478,OPERATIONAL,barber_shop,,,,False,,men-only,2026-10-09
ChIJKb1HVQBDXz4RjtLoV7xr2F8,Project Hairway Gents Salon & Barber Shop,Jumeira St - Jumeirah 3 - Jumeirah - Dubai - United Arab Emirates,25.1905741,55.2323096,5,316,OPERATIONAL,barber_shop,,,,False,,men-only,2026-10-09
ChIJUzvbGn9DXz4RYeulT3yVG3M,Kenchie Gents Salon Jumeirah,Jumeirah 3 - Jumeirah - Dubai - United Arab Emirates,25.1906839,55.231801,4.6,154,OPERATIONAL,barber_shop,,,,False,,men-only,2026-10-09
ChIJhdA3WABDXz4Rj6MPltJF_nY,Repose Ladies Salon,Jumeira St - Jumeirah 3 - Jumeirah - Dubai - United Arab Emirates,25.1785699,55.2225299,5,58,OPERATIONAL,beauty_salon,,,,False,,,2026-10-09
ChIJ64YtRDJDXz4R7mFPuC4lgB0,Resolve Hair,431 Jumeira St - Jumeirah 3 - Jumeirah - Dubai - United Arab Emirates,25.189967,55.2319117,4.9,55,OPERATIONAL,beauty_salon,,,,False,,,2026-10-09
ChIJO_iqMetCXz4R0JHA1kRnG6s,Roots Salon Jumeirah Branch,Sunset Mall - Jumeirah 3 - Jumeirah - Dubai - United Arab Emirates,25.183826,55.226081,4.5,61,OPERATIONAL,beauty_salon,,,,False,,,2026-10-09
ChIJI1r4IP1CXz4RcTn5yOX5MXg,Zammar Hair Center,3 Jumeira St - Jumeirah 3 - Jumeirah - Dubai - United Arab Emirates,25.189743399999998,55.2318304,3.2,11,OPERATIONAL,hair_salon,,,,False,,,2026-10-09
ChIJ0UD1bJRDXz4R6WaTdVoYRZ8,Hair Concept by Roberta Gomes Jumeirah,504A شارع شاطئ جميرة - Jumeirah 3 - Jumeirah - Dubai - United Arab Emirates,25.1910892,55.2320832,4.7,31,OPERATIONAL,hair_salon,,,,False,,,2026-10-09
ChIJre3cwVhrXz4Ryya3lYa7Slk,Glam Glow Hair Concept,56MG+352 - شارع شاطئ جميرة - Jumeirah 3 - Jumeirah - Dubai - United Arab Emirates,25.182636199999997,55.2253948,3.2,6,OPERATIONAL,beauty_salon,,,,False,,,2026-10-09
ChIJHawxSQhZXz4RWDd2Kr9U4Og,ZeShi Stylo ( Professional Barber),ZeShi StylO - Jumeirah 3 - Jumeirah - Dubai - United Arab Emirates,25.190637400000004,55.2317503,5,21,OPERATIONAL,barber_shop,,,,False,,men-only,2026-10-09
ChIJi_f1ZQFqXz4ReNLWfJ6MFEE,Fix Salon,56HC+6VC - Jumeirah 3 - Jumeirah - Dubai - United Arab Emirates,25.1780544,55.222144,4.6,15,OPERATIONAL,beauty_salon,,,,False,,,2026-10-09
ChIJQYuPrm1DXz4RnfOXvLVDXb0,Memoona saloon,"Shop number S04, al Ruwaite-2, Umm sequim second, Jumeirah, Dubai Umm sequium - جميرا الثالثة - جميرا - دبي - United Arab Emirates",25.1916862,55.23046,5,1,OPERATIONAL,beauty_salon,,,,False,,,2026-10-09
ChIJqbHKfgNBXz4RxWcgx2X0hJk,Joe&Moe Men Salon,The Mall - Jumeirah 3 - Jumeirah - Dubai - United Arab Emirates,25.1843054,55.2256958,,,OPERATIONAL,beauty_salon,,,,False,,men-only,2026-10-09
ChIJB1KUASZDXz4Rjn8jkMaI0QA,Isabelle’s center مركز ايزابيل,"Sunset Mall, Jumeirah 3 Beach Road - جميرا الثالثة - جميرا - دبي - United Arab Emirates",25.1845034,55.2263113,3,7,OPERATIONAL,beauty_salon,,,,False,,,2026-10-09
ChIJj7jMk9dpXz4RpgWmZysF8Mk,Adelya Beauty Salon,Marasi Dr - Business Bay - Dubai - United Arab Emirates,25.184907199999998,55.260340199999995,4.4,3952,OPERATIONAL,beauty_salon,moderate,100,300,False,,,2026-10-09
ChIJIfaNTpJpXz4Rf2hAPr4ITJY,Its Beauty Ladies Salon – Business Bay,"Business Bay, Iris Bay 1405 - الخليج التجاري - دبي - United Arab Emirates",25.185901899999998,55.2602652,4.9,2666,OPERATIONAL,beauty_salon,very_expensive,200,600,False,,,2026-10-09
ChIJjTTlILtpXz4R9D--AtcxpyI,Hair Avenue Beauty Salon,ParkLane Tower - 24 Al A'amal St - Business Bay - Dubai - United Arab Emirates,25.1852338,55.2618939,4.6,505,OPERATIONAL,beauty_salon,very_expensive,300,600,False,,,2026-10-09
ChIJ8YM0cOlpXz4RAmBHRrU5TVg,ANNS ELECTROLYSIS CENTER,"Office # 102, SMJ-1, 1st Floor - شارع الشيخ زايد - الصفا 1 - الصفا - دبي - United Arab Emirates",25.1771714,55.2451526,4.9,328,OPERATIONAL,beauty_salon,,,,False,,,2026-10-09
ChIJCQB88-JpXz4RU_pzq5Fp4JA,Legend beauty salon,"Square, Block 3 - Shop 13 Al Wasl Rd - Al Wasl - Al Safa - Dubai - United Arab Emirates",25.1849603,55.239280099999995,4.8,1215,OPERATIONAL,beauty_salon,moderate,1,400,False,,,2026-10-09
ChIJtxbPNVVpXz4RF9rTmWpjfTc,Bô Barbershop - Business Bay,The Bay Gate - Al Mustaqbal St - Business Bay - Dubai - United Arab Emirates,25.1888374,55.2629563,4.9,314,OPERATIONAL,barber_shop,,,,False,,men-only,2026-10-09
ChIJQa4CbZZDXz4RntRSQ7Xelgc,Serendipity Ladies Salon,Box Park - M10 - 06 Al Wasl Rd - Al Wasl - Dubai - United Arab Emirates,25.203297799999998,55.251587199999996,4.8,281,CLOSED_TEMPORARILY,beauty_salon,,,,False,,not-operational,2026-10-09
ChIJR4QYtRZCXz4Rrj6Pg9cUZ3Y,Dubai: 306 Spa | Award-Winning Hair & Beauty Salon Jumeirah,Villa 276 Jumeirah Beach Rd - Jumeirah 2 - Jumeirah - Dubai - United Arab Emirates,25.206991799999997,55.2440144,4.8,386,OPERATIONAL,beauty_salon,,,,False,,,2026-10-09
ChIJ90ydelZDXz4RQc9i3swo3eU,CHADO SPA,Villa 10 23B St - Jumeirah 2 - Jumeirah - Dubai - United Arab Emirates,25.1992425,55.2475033,4.9,227,OPERATIONAL,beauty_salon,very_expensive,200,600,False,,,2026-10-09
ChIJZYyLggtCXz4RmTXljSi-lFw,MK - Best Barbershop in Dubai,Dar Wasl Mall - 2050 - Al Wasl Rd - Al Wasl - Dubai - United Arab Emirates,25.193407699999998,55.245176900000004,4.7,447,OPERATIONAL,barber_shop,moderate,100,200,False,,men-only,2026-10-09
ChIJO_6URRppXz4Rp3WvCoOj6zg,Salaza Gibran Khabbaz,Tiara East Tower - Business Bay - Dubai - United Arab Emirates,25.1888726,55.2600427,4.9,203,OPERATIONAL,beauty_salon,,,,False,,,2026-10-09
ChIJfdpFo1FpXz4R4AsBNpmPgYg,Eyelash Secret Ladies Salon - Iris Bay,Iris Bay - Office 3201 32nd floor - Business Bay - Dubai - United Arab Emirates,25.185901899999998,55.2602652,4.9,1015,OPERATIONAL,beauty_salon,,,,False,,,2026-10-09
ChIJg2PxPRBCXz4RO_5SF5Ya6mo,Beats and Cuts Barbershop,Shop M10-08 Box Park - Al Wasl Rd - Al Wasl - Dubai - United Arab Emirates,25.203703899999997,55.2518454,4.4,391,OPERATIONAL,barber_shop,,,,False,,men-only,2026-10-09
ChIJQaw2fwtCXz4Rnvy3bF4gae4,Caro Beauty Spa,2D St - Al Wasl - Dubai - United Arab Emirates,25.1936216,55.245349399999995,4.7,323,OPERATIONAL,beauty_salon,,,,False,,,2026-10-09
ChIJbZzY7l5DXz4RtNCr31EpcXI,Hava Gents Salon Jumeirah 2,Al Wasl Rd - Jumeirah 2 - Jumeirah - Dubai - United Arab Emirates,25.2010096,55.2491736,4.6,273,OPERATIONAL,barber_shop,,,,False,,men-only,2026-10-09
ChIJB_1pvVdpXz4Rv1nTixHTcJY,Beauteeze Ladies Salon,Damac Merano Tower - Shop 4 Marasi Dr - Business Bay - Dubai - United Arab Emirates,25.184877399999998,55.2603483,4.5,246,OPERATIONAL,beauty_salon,moderate,100,300,False,,,2026-10-09
ChIJdWPzvGhDXz4Rb-ODwtXveo4,Royal Nordic Beauty Salon,La Plage Residence - Jumeirah Beach Road - Al Athar Street - & - جميرا - دبي - United Arab Emirates,25.1932755,55.2348113,4.6,115,OPERATIONAL,beauty_salon,,,,False,,,2026-10-09
ChIJt5EwLwBpXz4R2ZtxAPzLBwQ,Laser One Polyclinic | Laser Hair Removal Business Bay Dubai,"Single Business Tower, office 101 - الخليج التجاري - دبي - United Arab Emirates",25.1881581,55.258370400000004,5,591,OPERATIONAL,medical_clinic,,,,False,,not-a-salon,2026-10-09
ChIJj4ruxS5DXz4Rnwa0xss7RRc,The Hideaway,403 jumeirah Street - La Plage Shop 6 - Al Athar Street - جميرا ٢ - جميرا - دبي - United Arab Emirates,25.1941641,55.2350547,4.8,155,OPERATIONAL,hair_salon,moderate,100,400,False,,,2026-10-09
ChIJk7BNq4JpXz4R32UzidiqOF8,Ivy Beauty & Bubbles Hub Marquise Square,"Street, Marquise Square Tower - 55 Marasi Dr - Business Bay - Dubai - United Arab Emirates",25.185174099999998,55.275796299999996,4.9,2346,OPERATIONAL,beauty_salon,very_expensive,500,700,False,,,2026-10-09
ChIJ00cEbsBpXz4RP7zwiBHcMCY,Bash Lab,"Business Bay, The Bayswater Tower - St., Shop go6 - مراسي درايف - الخليج التجاري - دبي - United Arab Emirates",25.1842142,55.264792899999996,4.6,332,OPERATIONAL,beauty_salon,very_expensive,300,700,False,,,2026-10-09
ChIJlcpfSXxCXz4RSCAq5R26n3c,Furless Permanent Coca-Cola Arena/City Walk - SZR,Dubai National Insurance Building - 1st Floor - Office 116 Sheikh Zayed Rd - Al Wasl - Dubai - United Arab Emirates,25.201089699999997,55.267414599999995,4.7,925,OPERATIONAL,beauty_salon,,,,False,,,2026-10-09
ChIJ74TuJThpXz4R0grQUFgC4YU,Ivy Beauty & Bubbles Hotel Indigo Business Bay,Marasi Dr - Business Bay - Dubai - United Arab Emirates,25.1925256,55.2868585,4.8,2738,OPERATIONAL,beauty_salon,very_expensive,500,700,False,,,2026-10-09
ChIJjcNyQa1DXz4RtDM0sdWTzH8,Bekky Barber - Burj Vista,"Burj vista - Retail unit, L2-R04 - tower 2 - level 2 بوليفارد الشيخ محمد بن راشد - across Burj Khalifa - برج خليفة - Down town - دبي - United Arab Emirates",25.1984429,55.2707577,5,390,OPERATIONAL,barber_shop,,,,False,,men-only,2026-10-09
ChIJU9tRFZBpXz4RCtjRVR5Mbrs,Unique You Downtown,"Millennium Hotel, A4 - Shop No. 7 - M floor Al Asayel St - Business Bay - Dubai - United Arab Emirates",25.194223299999997,55.289339899999995,4.6,738,OPERATIONAL,beauty_salon,moderate,100,400,False,,,2026-10-09
ChIJ7ddNpqppXz4RUcsINlXKdig,Nails LAB Salon - Hair & Body (Business Bay Branch),J One Tower - Business Bay - Dubai - United Arab Emirates,25.186105299999998,55.283588599999995,4.7,128,OPERATIONAL,beauty_salon,,,,False,,,2026-10-09
ChIJx0WdTdtpXz4R-rWz9lgwd8I,Le Michel Salons Downtown Dubai,The Dubai Edition Hotel L1 - Dubai Fountain St - برج خليفة - وسط مدينة دبي - دبي - United Arab Emirates,25.192126899999998,55.280751099999996,4.7,107,OPERATIONAL,beauty_salon,,,,False,,,2026-10-09
ChIJC-YJFChoXz4Ru7vsBmyQHMg,Sisters Beauty Lounge Hair Salon - Dubai Mall,"Mall Lower Ground Floor - Financial Ctr St - near Waitrose, Cinema Parking - Burj Khalifa - Downtown Dubai - Dubai - United Arab Emirates",25.196615299999998,55.27809990000001,4.5,1510,OPERATIONAL,beauty_salon,,,,False,,,2026-10-09
ChIJA0TF43hpXz4R1xS9rpItnnM,Eyelash Secret Ladies Salon,Damac Maison the Vogue Shop 4 - الخليج التجاري - دبي - United Arab Emirates,25.1930127,55.2891094,4.9,1046,OPERATIONAL,beauty_salon,expensive,200,400,False,,,2026-10-09
ChIJe6f_Kp1pXz4R4Hlh1KIojoc,Nooshes beauty saloon,building 04 - Business Bay - Bay Square - Dubai - United Arab Emirates,25.1859385,55.280024999999995,4.3,418,OPERATIONAL,beauty_salon,moderate,100,200,False,,,2026-10-09
ChIJVfSFln1pXz4R0x_2g6FSFfg,The Directors Cut Gents Salon & barber shop,"Dunya Tower, Downtown, Ground Floor, Shop #5 - برج خليفة - وسط مدينة دبي - دبي - United Arab Emirates",25.194552899999998,55.282981899999996,4.7,206,OPERATIONAL,barber_shop,,,,False,,men-only,2026-10-09
ChIJcdNVXdhpXz4RholO2M5netU,The Beauty House Dubai,"Dunya Tower, Downtown, Ground Floor, Shop #4 - برج خليفة - وسط مدينة دبي - دبي - United Arab Emirates",25.194605199999998,55.2830617,4.6,246,OPERATIONAL,beauty_salon,very_expensive,200,500,False,,,2026-10-09
ChIJ25If95RpXz4Rf__xdh5OTXg,R.Style Beauty Center,Burj Khalifa Blvd - Burj Khalifa - Downtown Dubai - Dubai - United Arab Emirates,25.1871875,55.275606499999995,4.8,365,OPERATIONAL,beauty_salon,expensive,200,400,False,,,2026-10-09
ChIJI4elhJxpXz4RxxBRnNA489w,Lilia Magic Beauty Salon - Beauty Salon,"Business Bay, Marasi Dr Street - Bayz Tower By Danube - الخليج التجاري - دبي - United Arab Emirates",25.180934,55.2791358,4.3,217,OPERATIONAL,beauty_salon,very_expensive,700,900,False,,,2026-10-09
ChIJh1suPOdpXz4RSxCY97bhkNM,The Most Hair Design Ladies Salon,Ground floor Building 6 - زعبيل الثانية - Dubai Design District - دبي - United Arab Emirates,25.188993999999997,55.296856299999995,4.7,640,OPERATIONAL,beauty_salon,very_expensive,200,600,False,,,2026-10-09
ChIJCaywLhFoXz4R-3ak7Qp1b8k,Chaps and Co - Dubai Design District,Building 6 - Mezzanine floor - Design district - شارع -١١Dubai - زعبيل الثانية - Dubai Design District - دبي - United Arab Emirates,25.1887349,55.2970369,4.9,1846,OPERATIONAL,barber_shop,,,,False,,men-only,2026-10-09
ChIJPSv6UmVpXz4RD8D6scSDhmI,Pause Salon & Spa,"Building #5, Shop #9 - الخليج التجاري - Dubai Design District - دبي - United Arab Emirates",25.1880049,55.297489600000006,3.5,338,OPERATIONAL,nail_salon,,,,False,,,2026-10-09
ChIJQ78Km7ppXz4RCTDbnss3qgI,717 Gents Salon - Sobha Hartland,Dubai - Al Merkadh - Dubai - United Arab Emirates,25.1794895,55.3044404,4.8,213,OPERATIONAL,barber_shop,,,,False,,men-only,2026-10-09
ChIJM5UAbTlpXz4RTzNOf_SieYE,"The Nest Salon, Sobha Hartland, Dubai","Retail Unit 2 - Sobha Hartland, One Park Avenue - المركاض - دبي - United Arab Emirates",25.178452099999998,55.308617999999996,4.9,355,OPERATIONAL,hair_salon,,,,False,,,2026-10-09
ChIJRZhVG9RDXz4Rm1bUxm06XT8,Abroshka Gents Salon,Sobha hatland. One park avenue building - المركاض - دبي - United Arab Emirates,25.1784057,55.3089973,4.8,118,OPERATIONAL,barber_shop,moderate,60,120,False,,men-only,2026-10-09
ChIJc4WAT1FpXz4RGCR6IzISSUI,Barber Bliss,57RR+GCJ The Bay Building - Shop No. 5 - Business Bay - Dubai - United Arab Emirates,25.190616900000002,55.2907322,5,707,OPERATIONAL,barber_shop,moderate,100,200,False,,men-only,2026-10-09
ChIJqeQKEosVuywRK5aPS93zj48,Clips and Flicks Hair and Nails Salon,Sobha Creek Vistas - Al Merkadh - Dubai - United Arab Emirates,25.1792869,55.3055873,4.9,136,OPERATIONAL,nail_salon,,,,False,,,2026-10-09
ChIJS_WK6s5pXz4RmNyeHevVirM,Amber Gents Salon,"Business Bay, Abraj Street - Paramount Hotel, Damac Towers - مراسي درايف - الخليج التجاري - دبي - United Arab Emirates",25.186155,55.291750199999996,4.7,243,OPERATIONAL,barber_shop,,,,False,,men-only,2026-10-09
ChIJl_V8WalpXz4RXKaTB_V_y2U,Akost Beauty Salon,Business bay - Street Building name : - B2 shop 06 - Marasi Dr - THE BAY - Dubai - United Arab Emirates,25.1907709,55.2911028,4.1,251,OPERATIONAL,beauty_salon,moderate,100,400,False,,,2026-10-09
ChIJy64j2UxpXz4RbA3zoorvT8M,Otana Beauty By NAJI | Best Beauty Salon in Business Bay,"Paramount Hotel, Damac Towers - Tower C, Floor A Marasi Dr - Business Bay - Dubai - United Arab Emirates",25.186082199999998,55.2917743,4.9,388,OPERATIONAL,beauty_salon,,,,False,,,2026-10-09
ChIJiwYjuSJoXz4RiAuotYqWAA4,high end gent saloon,Windsor Manor، Windsor Manor Tower - Business Bay - Dubai - United Arab Emirates,25.1922335,55.2914326,4.3,121,OPERATIONAL,barber_shop,,,,False,,men-only,2026-10-09
ChIJJ2j7HCVpXz4RCuSqWS9uCWA,Simply Beauty Salon & Spa - Sobha Greens Bldg. 5,58H5+F9Q - Al Merkadh - Dubai - United Arab Emirates,25.1778792,55.308550999999994,4.5,324,OPERATIONAL,beauty_salon,moderate,100,400,False,,,2026-10-09
ChIJjdvGXWj8rUwRPZW9_g5XC3E,LE CHIC Beauty Salon,Dubai-Sobha hartland - Sobha creek vistas reserve Shop 02 - المركاض - دبي - United Arab Emirates,25.1793098,55.3043887,4.9,91,OPERATIONAL,beauty_salon,,,,False,,,2026-10-09
ChIJgUaLe9tDXz4Rn5r_LHtoGZQ,youcheer ladies salon sobha,one park Avenue at Sohba hartland Shop 3 - المركاض - دبي - United Arab Emirates,25.1784426,55.3087684,4.7,51,OPERATIONAL,beauty_salon,,,,False,,,2026-10-09
ChIJSVZc4NFpXz4RcxNHrgH5Cew,Belle Femme Hair and Nail Lounge & Bel Homme Gentlemen Salon SLS Tower,SLS Hotel & Residences - Level 69 - مراسي درايف - الخليج التجاري - دبي - United Arab Emirates,25.1851412,55.2923353,4.9,252,OPERATIONAL,beauty_salon,very_expensive,200,600,False,,,2026-10-09
ChIJQ1Qz_sFpXz4R10KhyIosOfE,CLAW NAILS LADIES SALON,Windsor Manor Tower - Business Bay - Dubai - United Arab Emirates,25.1919957,55.2912927,4.1,15,OPERATIONAL,beauty_salon,,,,False,,,2026-10-09
ChIJn8ZZQ_lpXz4RY4Eyx61aJfk,Soare Ladies Salon Dubai,Marasi Dr - Business Bay - Dubai - United Arab Emirates,25.190621,55.2910099,4.4,34,OPERATIONAL,beauty_salon,expensive,100,500,False,,,2026-10-09
ChIJPw22BMZnXz4R9f0kWfaMBcg,Omar Al Marzouqi Haircutting Saloon,58JJ+CJV - Ras Al Khor Ind. First - Ras Al Khor Industrial Area 1 - Dubai - United Arab Emirates,25.181112799999998,55.331559,,,OPERATIONAL,hair_salon,,,,False,,,2026-10-09
ChIJYYU_KS1DXz4RdcjCg_AwXeE,"Matryoshka Russian Beauty Salon – Nails, Lashes & Brows - DIFC, Dubai",Carlton Downtown Hotel - M Floor - Sheikh Zayed Rd - Trade Center Second - DIFC - Dubai - United Arab Emirates,25.2093371,55.2748061,4.5,279,OPERATIONAL,beauty_salon,moderate,100,400,False,,,2026-10-09
ChIJsx8-I0FCXz4RkF31mTk1790,Hello Kitty Beauty Spa Dubai,The Galleria Mall - Ground Floor - Al Wasl - Dubai - United Arab Emirates,25.2068758,55.2544014,4.2,321,OPERATIONAL,beauty_salon,,,,False,,,2026-10-09
ChIJ__-vrIlCXz4RU6n0DOZPvK0,Bespoke Beauty Studio,2302 Aspin Commercial Tower Financial Cente - شارع الشيخ زايد - المركز التجاري الأولي - دبي - United Arab Emirates,25.2089625,55.272498399999996,4.3,787,OPERATIONAL,beauty_salon,,,,False,,,2026-10-09
ChIJiTDAc45CXz4R1sFRBmmcgdg,Y12 Hair Salon,"Level 1, ICD Brookfield Place - Zaa'beel Second - DIFC - Dubai - United Arab Emirates",25.2114997,55.280465299999996,4.9,736,OPERATIONAL,hair_salon,,,,False,,,2026-10-09
ChIJaTs5JpZDXz4RWVY_icT2GvA,It's Beauty,"Sky Gardens Tower, floor C, office C4 - زعبيل الثانية - زعبيل - دبي - United Arab Emirates",25.211710999999998,55.282947,4.8,1750,OPERATIONAL,beauty_salon,very_expensive,200,600,False,,,2026-10-09
ChIJA5NM7-1CXz4Rx5rqB7fcZuE,Allure Beauty Lounge,1 Sheikh Zayed Rd - Zaa'beel Second - Za'abeel - Dubai - United Arab Emirates,25.211819499999997,55.282838,4.4,799,OPERATIONAL,beauty_salon,moderate,1,300,False,,,2026-10-09
ChIJ449bPytdXz4RIIAs6EEpDcA,Hair Tag Gents' Salon: Al Jaddaf,"Al Jaddaf, Sheikh Ahmed Square Shopping Center, Shop 13 - الجداف - دبي - United Arab Emirates",25.214492,55.316114999999996,4.6,182,OPERATIONAL,barber_shop,,,,False,,men-only,2026-10-09
ChIJg_bFekddXz4REnOm468lyLk,Corail Beauty Salon,Al Waleed Garden 1 Building - Al Jadaf - Dubai - United Arab Emirates,25.2120662,55.3186014,4.9,572,OPERATIONAL,beauty_salon,very_expensive,200,700,False,,,2026-10-09
ChIJHwM4_V5dXz4RcZu95jaBKb4,Mr One Men Salon & Spa- Best Grooming for Men in Al Jaddaf,Al Jadaf - Dubai - United Arab Emirates,25.2169451,55.3152932,4.9,856,OPERATIONAL,barber_shop,,,,False,,men-only,2026-10-09
ChIJgdmN5AldXz4RrUS80Bn7Itc,Aroza Beauty Lounge,6868+6X - Al Jadaf - Dubai - United Arab Emirates,25.210562499999998,55.3174375,4.4,138,OPERATIONAL,beauty_salon,very_expensive,200,600,False,,,2026-10-09
ChIJbfv5x0ldXz4Rbd3U3-iPivw,Art house gents salon,محل رقم 17 - شارع النورس نادي - الوصل - Dubai - United Arab Emirates,25.2152803,55.3173161,5,200,OPERATIONAL,hair_salon,,,,False,,men-only,2026-10-09
ChIJpX2T-lxpXz4RjDY730JqBmQ,"Nooora Beauty Concierge - Home Service Salon for Nails, Eyelash, Hair, Waxing & Facial near South Ridges, Downtown, Dubai",Downtown - Burj Khalifa - Downtown Dubai - Dubai - United Arab Emirates,25.1867839,55.2762694,4.8,1068,OPERATIONAL,beauty_salon,,,,False,,,2026-10-09
ChIJGSGo8EtpXz4RWtwP7ziX03Y,Real Touch Beauty Salon ( Business Bay) Dubai,The 9 tower - Shop no 5 Marasi Dr - Business Bay - Dubai - United Arab Emirates,25.1864621,55.273126399999995,4.7,179,OPERATIONAL,beauty_salon,,,,False,,,2026-10-09
ChIJkUyZtuxrXz4RWmh1jznT4GI,Feel Pink - Home Service Beauty Salon,Al Thanyah First - Barsha Heights - Dubai - United Arab Emirates,25.098357200000002,55.1764279,4.9,1539,OPERATIONAL,beauty_salon,,,,False,,,2026-10-09
ChIJz6kSpOJtXz4RMrYMgN7hYmc,Sweet Violet Beauty Salon LLC – Best Spa in Dubai for Home Massage & Beauty Services,601 - The Prism - الخليج التجاري - دبي - United Arab Emirates,25.1874705,55.2611099,5,446,OPERATIONAL,massage_spa,,,,False,,not-a-salon,2026-10-09
ChIJk5O0ns1tXz4RpuLbhCUHm-4,Beauty Trend Salon - Russian Speaking Masters,Dubai 16 Street (JVC District 12 99 - Lavender 2 Emirates Gardens - البرشاء جنوب الرابعة - قرية جميرا الدائرية - دبي - United Arab Emirates,25.0532281,55.2139135,4.7,459,OPERATIONAL,nail_salon,moderate,200,300,False,,,2026-10-09
ChIJw8V9XABrXz4RvZrjKdUiFxA,Eleven Signature Beauty Salon,Marina Tower - Dubai Marina - Dubai - United Arab Emirates,25.083623199999998,55.1453488,4.9,257,OPERATIONAL,hair_salon,,,,False,,,2026-10-09
ChIJjZKyiOFvXz4RthD5WyFx86A,I Luv Me Luxury Beauty Salon,"Business Bay, Westburry Office Tower, Shop Number 3 - أرجان دبي لاند - Dubai - United Arab Emirates",25.1859269,55.275016799999996,4.8,145,OPERATIONAL,beauty_salon,,,,False,,,2026-10-09
ChIJ73kkjwprXz4RPQf7k34mCrM,Nooora Beauty Concierge | Home Salon Service in Dubai,Marina - Dubai Marina - Jumeirah Beach Residence - Dubai - United Arab Emirates,25.0811404,55.139792,4.9,319,OPERATIONAL,beauty_salon,,,,False,,,2026-10-09
ChIJ9eFOZPoTXz4RWJdd9j75_Ww,Kate White Ladies Beauty Salon - Dubai Marina,Zumurud Tower - Shop 1 - Dubai Marina - Dubai - United Arab Emirates,25.070202,55.1338328,4.8,352,OPERATIONAL,beauty_salon,very_expensive,200,500,False,,,2026-10-09
ChIJibSOk3ATXz4Ru9kk0k27QLc,MC Beauty Lounge Dubai Salon,"Lake view tower - Lake View Tower - Damac, Cluster B - shop 34 at HC floor - inside the - الثنيه الخامسة - أبراج بحيرات الجميرا - دبي - United Arab Emirates",25.067499299999998,55.1380668,4.6,154,OPERATIONAL,beauty_salon,,,,False,,,2026-10-09
ChIJ0bkI2LtDXz4RvvLcg34Dmwk,Mia dolce beauty salon,Downtown - Burj Khalifa - Dubai - United Arab Emirates,25.200172799999997,55.2687241,4.6,17,OPERATIONAL,beauty_salon,,,,False,,,2026-10-09
ChIJWWmtp5RrXz4RKAOob3bZ8Xs,East Elegance Beauty Salon - Barsha 2,Bin Kalaib Building - 11 Street 11 - Street 11 - البرشاء الأولى - البرشاء - دبي - United Arab Emirates,25.110550999999997,55.2029285,4.6,286,OPERATIONAL,beauty_salon,,,,False,,,2026-10-09
ChIJr5cq53FtXz4Rgck5mrpdndU,Platinum Beauty Salon,"Shop 10, Platinum Tower, Cluster I - الثنيه الخامسة - أبراج بحيرات الجميرا - دبي - United Arab Emirates",25.0694466,55.142251699999996,4.8,215,OPERATIONAL,beauty_salon,very_expensive,200,500,False,,,2026-10-09
ChIJm4JrEiprXz4RRCbXT6RD-Cs,Glare Ladies Beauty Salon DXB,"410 Commercial Entrance, Amiralty Tower - 7 Al Nahar 2 St - Al Thanyah First - Barsha Heights - Dubai - United Arab Emirates",25.0983487,55.176324099999995,4.7,338,OPERATIONAL,beauty_salon,moderate,1,300,False,,,2026-10-09
ChIJw2SgmU5pXz4Rfz58NkfTqSU,Artistic Trendz Hair and Beauty Salon Business Bay,"Unit No. 5,Building No. 8 - الخليج التجاري - Bay Square - دبي - United Arab Emirates",25.1847458,55.2797272,4.8,624,OPERATIONAL,beauty_salon,,,,False,,,2026-10-09
ChIJGVuPdplpXz4RL9_-8NUgIVA,Vernie Beauty Salon Co,Alnoor Tower By Al Ansari - Shop No.1 - Marasi Dr - Business Bay - Dubai - United Arab Emirates,25.1916638,55.286128999999995,4.9,349,OPERATIONAL,beauty_salon,very_expensive,100,600,False,,,2026-10-09
ChIJo3q5flMTXz4RlPYpV6U5_Bs,Gabis Hair Couture - Beauty Salon | Hair Extension | Nails Salon,Two Seasons Hotel & Apartments - Ground Floor - Sheikh Zayed Rd - Al Sufouh 2 - Dubai Internet City - Dubai - United Arab Emirates,25.1030759,55.1722651,4.8,370,OPERATIONAL,beauty_salon,,,,False,,,2026-10-09
ChIJGWfxwXZrXz4RaDExsAf_1VQ,Ellyssar Beauty Salon,"Al Amiri Tower - 104, Tecom - الثنيه الأولى - Barsha Heights - دبي - United Arab Emirates",25.1029038,55.176405499999994,4.5,359,OPERATIONAL,hair_salon,,,,False,,,2026-10-09
ChIJ3Z_dNr1rXz4RM-IIH0gIP5s,Kaizo Beauty Salon,Marina Suite Building Shop No # 2 - البرشاء الأولى - البرشاء - دبي - United Arab Emirates,25.114165999999997,55.193212,4.7,630,OPERATIONAL,beauty_salon,moderate,1,300,False,,,2026-10-09
ChIJv9rfIaBpXz4RlVqMpulSc-w,Rami Arabi Beauty Salon,Al Khaleej Al Tejari 1 St - downtown Hotel Entrance - 1st Fl. Anantara - مراسي درايف - الخليج التجاري - دبي - United Arab Emirates,25.1859903,55.2631842,4.8,735,OPERATIONAL,beauty_salon,moderate,1,400,False,,,2026-10-09
ChIJxWcdeHFrXz4RSS5cDxk3Ipk,Top 5 Beauty Salon,Dubai Media City Building 7 - Al Sufouh 2 - Tecom - Dubai - United Arab Emirates,25.0954959,55.15746,5,434,OPERATIONAL,hair_salon,,,,False,,,2026-10-09
ChIJCTJbKcBrXz4ROxdrt_AN3HU,Cleopatra Beauty Salon,The Elite Business Centre - Suite 707 - Al Barsha First - Al Barsha - Dubai - United Arab Emirates,25.1164497,55.2059869,4.7,460,OPERATIONAL,beauty_salon,,,,False,,,2026-10-09
ChIJmRqgKs5tXz4ROaLUO5o3xrE,The Northern Quarter Hair and Beauty Salon,Prime Business Centre - Al Barsha South Fourth - Jumeirah Village Circle - Dubai - United Arab Emirates,25.048558399999997,55.214443499999994,4.6,83,OPERATIONAL,beauty_salon,,,,False,,,2026-10-09
ChIJgcnc3-RDXz4R7cWCOIC2Y9Q,Yasna Beauty Salon,"Burj Vista Towers Second Floor – Level 2 - Arcade, Burj Vista - بوليفارد الشيخ محمد بن راشد - برج خليفة - وسط مدينة دبي - دبي - United Arab Emirates",25.1975993,55.270412699999994,4.3,276,OPERATIONAL,beauty_salon,very_expensive,100,700,False,,,2026-10-09
ChIJPaLZE61sXz4RbhYuDkxDmfo,Somayeh Beauty Salon | Ladies Salon JLT,"Shop No. R06, B1 – Lower Level - Towers, JLT - Cluster C - behind Gold Crest Executive - الثنيه الخامسة - أبراج بحيرات الجميرا - دبي - United Arab Emirates",25.068427099999997,55.1397957,4.7,658,OPERATIONAL,beauty_salon,moderate,100,400,False,,,2026-10-09
ChIJa3nmeU5rXz4RUnQeGiTE-20,"N Studio Beauty Salon, HOME SERVICE ONLY",Dubai Jewel Tower - G-floor shop number G-06 - Sheikh Zayed Rd - Al Sufouh 2 - Dubai Internet City - Dubai - United Arab Emirates,25.1023165,55.171617399999995,4.8,122,OPERATIONAL,beauty_salon,,,,False,,,2026-10-09
ChIJHa7EkXBrXz4R9zC6WIolZhw,LACE Beauty Salon & Spa,Al Shafar Tower 1 - 801 8th Floor - Al Thanyah First - Barsha Heights - Dubai - United Arab Emirates,25.097913199999997,55.173787999999995,4.2,112,OPERATIONAL,beauty_salon,moderate,100,400,False,,,2026-10-09
ChIJ3dMkZ51rXz4RbblnFNSf_GM,Blush N Curls Ladies Salon & Spa - Al Barsha - Best Beauty Salon in Barsha - Dubai,Al Barsha First - Al Barsha - Dubai - United Arab Emirates,25.1080814,55.1988877,4.6,359,OPERATIONAL,beauty_salon,very_expensive,100,600,False,,,2026-10-09
ChIJmwaCxdlrXz4RPPmVoL5YHys,Ofelia Beauty Salon,"البرشاء 1 - Inside AL ZAHRA HOSPITAL - Ground Floor , Shop 7 - Al Barsha First - BARSHA 1 - Dubai - United Arab Emirates",25.106334099999998,55.1805246,4.6,129,OPERATIONAL,beauty_salon,,,,False,,,2026-10-09
ChIJT1Hj18NpXz4ROKPmlp3fPqI,Softhair Ladies Salon Riviera,"Building No 8, Shop No 15 - Azizi Riviera - ند الشبا 1 - دبي - United Arab Emirates",25.1724338,55.303269699999994,4.1,41,OPERATIONAL,beauty_salon,,,,False,,,2026-10-09
ChIJHwO0dwBpXz4RM5-hbuPJfew,Velvet Rose Women Salon,58F3+9HH - Al Merkadh - Dubai - United Arab Emirates,25.173444999999997,55.3039693,4.9,23,OPERATIONAL,beauty_salon,,,,False,,,2026-10-09
ChIJOaAvx2tDXz4RNo_FZjkZ1W0,Million$Lady Beauty Lounge,D86 - Zaa'beel Second - DIFC - Dubai - United Arab Emirates,25.209421,55.2791074,4.4,97,OPERATIONAL,beauty_salon,,,,False,,,2026-10-09
ChIJl2VXm15pXz4RRORHRQfgAZU,True ladies salon,Azizi Riviera 10 - Al Merkadh - Dubai - United Arab Emirates,25.171421,55.3025989,4.7,147,OPERATIONAL,beauty_salon,very_expensive,200,700,False,,,2026-10-09
ChIJiXcYek5rXz4R2iwZ70XCrYA,Skin and Scalp Ladies Salon,Al Khoory Hotel Apartments (Back Side - near Sarhad Darbar Restaurant - Al Barsha First - Al Barsha - Dubai - United Arab Emirates,25.1125005,55.1929306,3.9,54,OPERATIONAL,beauty_salon,moderate,1,400,False,,,2026-10-09
ChIJcXCcMHhrXz4RIE7nzeaM8KM,312 Ladies beauty salon,Ruby 2 building - Office 102 - Umm Al Sheif - Dubai - United Arab Emirates,25.1251233,55.202653000000005,4.6,56,OPERATIONAL,beauty_salon,very_expensive,100,600,False,,,2026-10-09
ChIJSxQmTzBpXz4RfvSmWsvy1wQ,Fresh N Fab Hair Beauty Ladies Salon,Al Shafar Residence Tower - Shop No - 3 - next to Millennium Central Hotel Downtown - Business Bay - Dubai - United Arab Emirates,25.193512,55.289648299999996,4.9,90,OPERATIONAL,beauty_salon,,,,False,,,2026-10-09
ChIJ43MrMgVpXz4RGP6bYu8gaXQ,Angel Sisters Ladies Beauty Salon,Shop No. 2 - Capital Golden Tower - الخليج التجاري - دبي - United Arab Emirates,25.178003399999998,55.2738369,4.6,120,OPERATIONAL,beauty_salon,moderate,100,200,False,,,2026-10-09
ChIJwSx5FthvXz4RmtHASAsN-fs,Mike & Kals Ladies Salon,Studio One Hotel - Al Hebiah Second - Dubai Studio City - Dubai - United Arab Emirates,25.0438899,55.250642799999994,4.9,188,OPERATIONAL,beauty_salon,,,,False,,,2026-10-09
ChIJnUpu9MZpXz4R4jTWAjnQEW0,Elive Glow Ladies Salon,4 26th St - Al Qouz First - Al Quoz - Dubai - United Arab Emirates,25.173876399999997,55.255219499999995,3.9,115,OPERATIONAL,beauty_salon,,,,False,,,2026-10-09
ChIJF1wJzmlrXz4RZrgGIfIS2EA,Spell Ladies Salon,Mercure Dubai - Hotel Suites And Apartments - Ground floor - الثنيه الأولى - Barsha Heights - دبي - United Arab Emirates,25.1009618,55.1731878,5,38,OPERATIONAL,beauty_salon,expensive,1,600,False,,,2026-10-09
ChIJ1VFR4cVrXz4RKt_2S2nZOXY,Color Iconic Dxb Ladies Salon,401 4th floor API Business suites - شارع الشيخ زايد - البرشاء الأولى - البرشاء - دبي - United Arab Emirates,25.1075854,55.1818813,4.7,147,OPERATIONAL,beauty_salon,,,,False,,,2026-10-09
ChIJ4032HgBDXz4RJrXjEABBKuI,Cabello Lounge Femme Ladies Salon,Zaa'beel Second - Za'abeel - Dubai - United Arab Emirates,25.2027595,55.2800531,4.8,117,OPERATIONAL,beauty_salon,very_expensive,100,600,False,,,2026-10-09
ChIJ2Tvo4C5oXz4Rd-Ojr80KO2g,Waterbike Ladies Saloon LLC,"Downtown Dubai, Al Manzil Souk, Sheikh Mohammed Bin Rashid Boulevard - برج خليفة - وسط مدينة دبي - دبي - United Arab Emirates",25.190922999999998,55.278158999999995,4.3,27,OPERATIONAL,beauty_salon,,,,False,,,2026-10-09
ChIJESSte7JrXz4RwuVSlRhyVu0,Bless Lady Beauty Salon,Street 16C - Umm Al Sheif - Dubai - United Arab Emirates,25.125643699999998,55.2033704,4.7,15,OPERATIONAL,beauty_salon,,,,False,,,2026-10-09
ChIJIfW1ZF1pXz4Rzv60ZNi17yw,Para Ella Hair & Nails Ladies Salon,azizi riviera 9 - Shop 4 - Meydan One Street - Al Merkadh - Dubai - United Arab Emirates,25.171770300000002,55.3033195,4.9,267,OPERATIONAL,beauty_salon,moderate,100,400,False,,,2026-10-09
ChIJD_VnCxtpXz4Rmdp00bGDF48,LCK Ladies Salon,Silver Tower - 1910 - Marasi Dr - opp. Anantara Downtown Dubai Hotel - Business Bay - Dubai - United Arab Emirates,25.184787099999998,55.2643103,4.4,188,OPERATIONAL,beauty_salon,moderate,100,200,False,,,2026-10-09
ChIJ_bSHEy5tXz4Rx6pzU9p40IU,KRG LADIES SALON,"Burj sabah by ACE Holiday Homes, قرية جميرا الدائرية - البرشاء جنوب الرابعة - قرية جميرا الدائرية - دبي - United Arab Emirates",25.053333199999997,55.220287400000004,4,98,OPERATIONAL,beauty_salon,moderate,100,300,False,,,2026-10-09
ChIJnXETLo9pXz4RJ14BPaC1JNk,"BIJI Ladies Beauty Salon - Home Service Salon Offering Luxury Makeup, Hair and Beauty Services",Al Amal St - Business Bay - Dubai - United Arab Emirates,25.186007099999998,55.263643699999996,4.8,208,OPERATIONAL,beauty_salon,very_expensive,300,700,False,,,2026-10-09
ChIJyXFULOlpXz4Rr24af9L_HYY,Lili & Ebbi Ladies Salon,Clover Bay Tower - Marasi Dr - Business Bay - Dubai - United Arab Emirates,25.1886297,55.2695435,2.5,15,OPERATIONAL,beauty_salon,,,,False,,,2026-10-09
ChIJp49fVuhrXz4RetghndQh8Lk,Eman Ladies Salon(صالون إيمان للتجميل للسيدات),969 Al Wasl Rd - near J3 Mall - Al Manara - Dubai - United Arab Emirates,25.1482933,55.2112767,4.7,197,OPERATIONAL,beauty_salon,,,,False,,,2026-10-09
ChIJyTrWHnprXz4Rto8FGnV5ZPY,Bellissima Ladies Salon - Tecom (Barsha Heights),floor of Carrefour، Vista Tower - 1st St - Al Thanyah First - Barsha Heights - Dubai - United Arab Emirates,25.0969011,55.1760916,4.5,121,OPERATIONAL,hair_salon,,,,False,,,2026-10-09
ChIJka-2aL1rXz4Ru4lK6zytvrQ,Beauty Lounge Ladies Salon,SS Lootha Bldg. Shop 4 Front of Centro Rotana Hotel Near Millennium - البرشاء الأولى - البرشاء - دبي - United Arab Emirates,25.113495399999998,55.1945242,4.4,200,OPERATIONAL,beauty_salon,moderate,100,400,False,,,2026-10-09
ChIJs909jE5pXz4RtKSpN4vHHUI,Power of Five Ladies Beauty Salon,3A Street Al Meydan Rd - Al Qouz First - Al Quoz - Dubai - United Arab Emirates,25.175545,55.2554744,4.9,133,OPERATIONAL,beauty_salon,moderate,100,400,False,,,2026-10-09
ChIJix4s2Y5rXz4RSoYML3j8MT4,Kals Ladies Salon,Media 1 Tower - Al Sufouh 2 - Dubai Media City - Dubai - United Arab Emirates,25.0900112,55.152501199999996,4.9,187,OPERATIONAL,beauty_salon,very_expensive,200,700,False,,,2026-10-09
ChIJhasAvIZvXz4R81gKxwIcsIw,Konjo Ladies Salon,The Wings-Podium - Shop 13 - Al Barsha South Third - Arjan - Dubai - United Arab Emirates,25.0598243,55.2413041,4.5,142,OPERATIONAL,beauty_salon,very_expensive,400,600,False,,,2026-10-09
ChIJmXOXV9drXz4RzJ06x8lorjg,Paloma ladies beauty salon,Al Thanyah First - Barsha Heights - Dubai - United Arab Emirates,25.0998187,55.1790509,4.6,104,OPERATIONAL,beauty_salon,,,,False,,,2026-10-09
ChIJndz_sdJrXz4RnLd0xbg03go,Zoli fam ladies salon,Al Murad Tower - 1 Al Barsha Rd - Al Barsha First - Al Barsha - Dubai - United Arab Emirates,25.113643999999997,55.201128499999996,4.6,148,OPERATIONAL,beauty_salon,,,,False,,,2026-10-09
ChIJCz-6WSZrXz4R5cgJFTDmh9k,The Beauty Kitchen Ladies Salon,Dubai - Umm Al Sheif - Dubai - United Arab Emirates,25.1392468,55.2052209,4.1,75,OPERATIONAL,beauty_salon,,,,False,,,2026-10-09
ChIJc5PkVpRpXz4Rq_2Cbs_CmJI,"Ruhee Beauty Concierge - Home Service Salon for Nails, Waxing, Eyelash and Massages",Burj Khalifa - Downtown Dubai - Dubai - United Arab Emirates,25.192240100000003,55.282857799999995,5,1484,OPERATIONAL,beauty_salon,moderate,100,400,False,,,2026-10-09
ChIJgUEYTPlrXz4RyElaEd8a3gc,Zeina & Juliano beauty salon,36 Sheikh Zayed Rd - Al Thanyah First - Barsha Heights - Dubai - United Arab Emirates,25.1013847,55.177516399999995,5,167,OPERATIONAL,beauty_salon,,,,False,,,2026-10-09
ChIJg1-LDFhtXz4R-tPU9bdlyT8,Glam & Go Beauty Salon JVC Dubai,Bab El Qarya Tower - JVC - Al Barsha South Fourth - Jumeirah Village Circle - Dubai - United Arab Emirates,25.068050900000003,55.2152843,4.6,213,OPERATIONAL,beauty_salon,very_expensive,300,700,False,,,2026-10-09
ChIJVyXWg1JvXz4R9KoUis_6TT4,Salon Beauty Time Union Coop,26WM+88G - Al Hebiah First - Dubai Motor City - Dubai - United Arab Emirates,25.045471499999998,55.2331638,4.7,343,OPERATIONAL,beauty_salon,moderate,100,400,False,,,2026-10-09
ChIJVVWVQHdrXz4RPyGhBUN7i8g,Sweet Lily Beauty Salon,Tameem House Office Building - 101 Al Suhool Street - Al Thanyah First - Barsha Heights - Dubai - United Arab Emirates,25.099492899999998,55.1771708,4.7,190,OPERATIONAL,beauty_salon,,,,False,,,2026-10-09
ChIJFxrEMPhSiiQRRkTNEUkUeQw,MYSTT Hair & Beauty Salon,Gemz by Danube building - shop 2 - Al Asayel St - Jabal Ali First - Al Furjan - Dubai - United Arab Emirates,25.0187578,55.140495699999995,5,136,OPERATIONAL,hair_salon,,,,False,,,2026-10-09
ChIJi1-YOO8TXz4RhdAD7OyN-Ec,Brilliance Beauty Center,52|42 EMAAR Towers - Dubai Marina - Dubai - United Arab Emirates,25.071137,55.125619,4.7,123,OPERATIONAL,beauty_salon,,,,False,,,2026-10-09
ChIJc-HKfQBtXz4R0-f1OQ-CH-U,Lux Atila Beauty Salon,City Apartments - Al Barsha South Fourth - Jumeirah Village Circle - Dubai - United Arab Emirates,25.064790799999997,55.2109235,4.9,192,OPERATIONAL,beauty_salon,expensive,100,500,False,,,2026-10-09
ChIJRw2SMABtXz4RCzlw8YvdDLE,Enchantress Beauty Salon,366F+68V - AL WALEED BS 01 - near BIN SHABIB MALL - Al Barsha South Third - Al Barsha South - Dubai - United Arab Emirates,25.06071,55.223427099999995,4.9,17,OPERATIONAL,beauty_salon,,,,False,,,2026-10-09
ChIJ603DYu9vXz4RhEUkV03iHNI,Mubarakas Invogue Beauty Salon,"Mubarakas Invogue Beauty Salon, Burj Mansour Tower - Al Barsha South Third - Al Barsha South - Dubai - United Arab Emirates",25.0557329,55.2259615,4.4,187,OPERATIONAL,beauty_salon,expensive,200,400,False,,,2026-10-09
ChIJwfH3M1JCXz4RXNFepB9FH5k,Sisters Beauty Lounge Hair Salon - Jumeirah Beach Residences,"AL SUFOUH ROAD, AMWAJ 4, JUST OPPOSITE THE TRAM. - دبي مارينا - مساكن شاطئ جميرا - دبي - United Arab Emirates",25.0728327,55.1316084,4.8,922,OPERATIONAL,beauty_salon,,,,False,,,2026-10-09
ChIJcwjt1udtXz4Rs0ripEKHkKw,Al Bariq Ladies Salon,"Burj Residence, JVC - البرشاء جنوب الرابعة - قرية جميرا الدائرية - دبي - United Arab Emirates",25.0600381,55.2100905,4.6,101,OPERATIONAL,beauty_salon,moderate,1,300,False,,,2026-10-09
ChIJWz3DmjltXz4R2EWn06BCDRM,Fakhara Beauty Lounge Ladies Salon,Maple 2 Emirates Garden 2 - Al Barsha South Fourth - Jumeirah Village Circle - Dubai - United Arab Emirates,25.048289099999998,55.204620399999996,4.2,84,OPERATIONAL,beauty_salon,,,,False,,,2026-10-09
ChIJ9c8YPZddXz4RApj9Pns_1vg,SMS Home Ladies Salon,Emirates souq 4 - Shop no 2 - Al Barsha First - Al Barsha - Dubai - United Arab Emirates,25.112432899999998,55.1899139,4.7,299,OPERATIONAL,beauty_salon,very_expensive,200,500,False,,,2026-10-09
ChIJycbpu34TXz4RFUI9UzN9iQQ,Maison Palké Luxury Ladies Salon LLC.,The Jewels Tower 1 - Dubai Marina - Dubai - United Arab Emirates,25.0713214,55.129866799999995,4.8,56,OPERATIONAL,beauty_salon,,,,False,,,2026-10-09
ChIJLxiFomptr4kRaWFjTp0jPPs,Elaris Beauty Salon,Maison Prive - Shop 3 & 4 - Marasi Dr - Business Bay - Dubai - United Arab Emirates,25.1845559,55.274785699999995,4.7,358,OPERATIONAL,beauty_salon,very_expensive,200,600,False,,,2026-10-09
ChIJ89MxA45rXz4RQsLKOxKv22E,MILED ANDOS beauty salon,"the prism tower - Ground Floor, Store No G04 - Business Bay - Dubai - United Arab Emirates",25.187478,55.2611079,4.9,511,OPERATIONAL,hair_salon,,,,False,,,2026-10-09
ChIJQ0b6O_ZpZz4R042RmWWzocs,صالون نونه ستايل للسيدات Salon Nona Style for Ladies,Madinat Zayed - MZW16 - Abu Dhabi - United Arab Emirates,23.6192133,53.7078134,4.5,73,OPERATIONAL,beauty_salon,,,,False,,,2026-10-09
ChIJ-2RUarlpZz4RkbqejW8J7VI,Oia spa,JP95+WF3 - Al Yam St - Madinat Za'id - MZW16 - Abu Dhabi - United Arab Emirates,23.6197654,53.7086733,3.9,11,OPERATIONAL,nail_salon,,,,False,,,2026-10-09
ChIJSamswnZoZz4RPV0waldsHxA,Lisianthus beauty salon,أبو ظبي - مدينة زايد - مدينة زايد غرب 16 - أبو ظبي - United Arab Emirates,23.6198127,53.707563099999994,4.7,45,OPERATIONAL,beauty_salon,,,,False,,,2026-10-09
ChIJV39jFChnZz4REGForxT_MEg,صالون زهرة ليوا-عائشة,الطابق الميزانين، مبنى صيدلية توكل، شارع اليَم - 91 مربع الظفرة - Madinat Za'id - MZW16 - Abu Dhabi - United Arab Emirates,23.6190499,53.7045308,3.8,20,OPERATIONAL,beauty_salon,,,,False,,,2026-10-09
ChIJsbzWiAlpZz4R6-aELCcsv7g,مركز عصفورة الربيع التجميل spring sparrow beauty centre,"Al yam street building number 92 M03 Zayed City, Al dafra,Region 10084 - مدينة زايد - مدينة زايد غرب 16 - أبو ظبي - United Arab Emirates",23.619469,53.7040643,3.2,12,OPERATIONAL,beauty_salon,,,,False,,,2026-10-09
ChIJy7Bv0wpoZz4RxSLY8vkjkng,صالون زهرة الشام الغربية,Madinat Zayed - Commercial Area - Abu Dhabi - United Arab Emirates,23.623400699999998,53.7153515,4.5,22,OPERATIONAL,barber_shop,,,,False,,men-only,2026-10-09
ChIJ73FGJQBpZz4R_hVp0SDsCrA,صالون ارجانا لتجميل السيداتARJANA LADIES BEAUTY SALOON,JP94+V9M - Madinat Zayed - MZW16 - Abu Dhabi - United Arab Emirates,23.619947399999997,53.706114799999995,4,8,OPERATIONAL,beauty_salon,,,,False,,,2026-10-09
ChIJ64_zRwdnZz4RcLS_SLhM4NQ,Salon Aroos Alshimal,JPF8+H23 - Madinat Zayed - Commercial Area - Abu Dhabi - United Arab Emirates,23.6238831,53.7150342,4.2,60,OPERATIONAL,beauty_salon,moderate,1,300,False,,,2026-10-09
ChIJIQ4zIdxpZz4RZHMRsTqmpXk,JUST SIT CENTER,JPC5+23P - Madinat Zayed - MZW16 - Abu Dhabi - United Arab Emirates,23.6200783,53.707693,5,2,OPERATIONAL,barber_shop,,,,False,,men-only,2026-10-09
ChIJ47lBrIZpZz4R8qMfIF7C0mc,Saloon Jury Baniyas/صالون جوري بني ياس,87 Al Yam St - Madinat Za'id - MZW16 - Abu Dhabi - United Arab Emirates,23.6192298,53.705242999999996,3,2,OPERATIONAL,beauty_salon,,,,False,,,2026-10-09
ChIJi5p3eyFpZz4RIy_phEU6XyI,Ruby Salon - Al Dhafra Madinat Zayed (Beda Zayed) Abu Dhabi,"western Region, Mezzaine Floor, Karam Lebabon Restaurant Bldg - مدينة زايد - مدينة زايد غرب 16 - أبو ظبي - United Arab Emirates",23.6199673,53.706469399999996,5,3,CLOSED_TEMPORARILY,beauty_salon,,,,False,,not-operational,2026-10-09
ChIJQSSEGlBpZz4R7CvEumjusdo,AL MARMOOM SALON صالون المرموم للرجال,Madinat Zayed - MZW16 - Abu Dhabi - United Arab Emirates,23.619590799999997,53.707843999999994,4.5,2,OPERATIONAL,beauty_salon,,,,False,,,2026-10-09
ChIJtZEXprVpZz4ROlJHQcQefIY,صالون بينك ليبس,Al Yam St - Madinat Za'id - MZW16 - Abu Dhabi - United Arab Emirates,23.619543,53.7040669,5,20,OPERATIONAL,beauty_salon,,,,False,,,2026-10-09
ChIJYx6iMwBpZz4R0fI6fCnKOrA,صالون نسمات ايلول,JP95+9G6 - Adh Dhaʹdhaʹ St - Madinat Za'id - MZW16 - Abu Dhabi - United Arab Emirates,23.618402000000003,53.7087517,5,11,OPERATIONAL,beauty_salon,,,,False,,,2026-10-09
ChIJD5GeJgBnZz4RY1BXTMUOG7k,AyN Henna,Al Sufara St - Madinat Za'id - Baynounah City - Abu Dhabi - United Arab Emirates,23.647810999999997,53.621879899999996,,,OPERATIONAL,beauty_salon,,,,False,,,2026-10-09
ChIJN4jY3bVnZz4R_DSQOVuH63Y,Hams Al Harayer Beauty Salon,Elite Building - Ground Floor - Al Madeenah Road - Madinat Za'id - MZW14 - Abu Dhabi - United Arab Emirates,23.6425809,53.6977565,3.4,39,OPERATIONAL,beauty_salon,,,,False,,,2026-10-09
ChIJj-_Cx5RnZz4R9qik7eMtNa4,صالو الشارة للرجال,7 شارع البركة - Madinat Za'id - MZW13 - Abu Dhabi - United Arab Emirates,23.6355398,53.7086153,4.6,5,OPERATIONAL,barber_shop,,,,False,,men-only,2026-10-09
ChIJ-3zGFwBnZz4R6rFt-91AkXU,حلاق إشاره,JPP5+5GQ - Madinat Zayed - MZW13 - Abu Dhabi - United Arab Emirates,23.635531999999998,53.7088809,4,2,OPERATIONAL,hair_salon,,,,False,,,2026-10-09
ChIJw7q1qbJnZz4RxGWHLm6exTk,Al Fajar Spike Saloon,52 Mohammed Bin Afsan Al Mazrouei St - Madinat Za'id - MZW6 - Abu Dhabi - United Arab Emirates,23.6504569,53.6940405,4.6,7,OPERATIONAL,barber_shop,,,,False,,men-only,2026-10-09
ChIJDwvV3spnZz4RPqGsKiMFaaM,Bloom Ladies Salon / صالون بلوم للسيدات,JMQV+6RG - Madinat Zayed - MZW15 - Abu Dhabi - United Arab Emirates,23.6380694,53.694566599999995,3.5,24,CLOSED_TEMPORARILY,beauty_salon,,,,False,,not-operational,2026-10-09
ChIJNxX7ddBnZz4RvodXaYBSH6Q,Bedashing Beauty Lounge - Al Dhafra,Al Dhafra Walk - Liwa - Tarif Rd - Madinat Za'id - Commercial Area - Abu Dhabi - United Arab Emirates,23.628052399999998,53.7141144,4.5,359,OPERATIONAL,beauty_salon,very_expensive,300,700,True,al-dhafra,,2026-10-09
ChIJyelTqrlnZz4RgOkFQeRBjZE,Town club salon,178 Al Saraya St - Madinat Za'id - Commercial Area - Abu Dhabi - United Arab Emirates,23.6317374,53.71241,3.8,5,OPERATIONAL,barber_shop,,,,False,,men-only,2026-10-09
ChIJEw8TBQBnZz4RVRnx1ndh-TQ,Alsharah Gents Saloon,JPJ6+MR2 - Ahmed Bin Fadel Al Mazrouei Street - Madinat Za'id - Commercial Area - Abu Dhabi - United Arab Emirates,23.631645,53.7120137,4.4,5,OPERATIONAL,barber_shop,,,,False,,men-only,2026-10-09
ChIJif9htN1nZz4R6RfuICZnWOc,Tarif Saloon - Branch01,Tarif Road - Madinat Za'id - Commercial Area - Abu Dhabi - United Arab Emirates,23.6315448,53.712683899999995,4.6,5,OPERATIONAL,barber_shop,,,,False,,men-only,2026-10-09
ChIJFaP01K1nZz4R6RCYDvIow60,Tarif Saloon Branch 2,"First Floor, Al Dhafra co operative society - JAMMIA Badazayed - مدينة زايد - الحي التجاري - أبو ظبي - United Arab Emirates",23.6315173,53.713226399999996,4,1,OPERATIONAL,beauty_salon,,,,False,,,2026-10-09
ChIJsZFRB6lJXT4REHIm1aEWMHg,مركز الامارات للعناية الرجالية فرع مدينة زايد,Al Mahareeth St - Madinat Za'id - MZE16 - Abu Dhabi - United Arab Emirates,23.6559925,53.7222675,4.2,66,OPERATIONAL,beauty_salon,,,,False,,,2026-10-09
ChIJd6qp675nZz4RsfdRsLRGiOM,Beauty salon and gym,JPX6+CHM - Madinat Zayed - MZE1 01 - Abu Dhabi - United Arab Emirates,23.648586899999998,53.711425899999995,4,44,OPERATIONAL,beauty_salon,,,,False,,,2026-10-09
ChIJzy9_25xnZz4RDqDkfJjTE-4,مركز الغربيه للعناية الرجاليه,شارع الريان - Madinat Za'id - MZE16 - Abu Dhabi - United Arab Emirates,23.655204800000003,53.722184,3.7,13,OPERATIONAL,hair_salon,,,,False,,,2026-10-09
ChIJRQ6cc4xnZz4RUkIH6u24Unc,TARIF GENTS SALOON,Near Post office - Madinat Za'id - MZW2 - Abu Dhabi - United Arab Emirates,23.6584231,53.702154799999995,4.1,16,OPERATIONAL,beauty_salon,,,,False,,men-only,2026-10-09
ChIJnRN2EqyjYD4R2TPuiuE5sHk,Royal Moon Beauty Salon,MP93+84F - Alghiryaf st - Madinat Za'id - MZE8 - Abu Dhabi - United Arab Emirates,23.668311300000003,53.7028082,4.1,14,OPERATIONAL,beauty_salon,,,,False,,,2026-10-09
ChIJQdyRQQBnZz4Ru9mTEAWk8lc,صالون القاش للاناقة,MP6F+CW4 الصناعية - Madinat Za'id - MZE16 - Abu Dhabi - United Arab Emirates,23.6610193,53.7248297,4.8,8,OPERATIONAL,barber_shop,,,,False,,men-only,2026-10-09
ChIJ4z4ri_FnZz4Rr0dEOiGx9FI,Bonoise Beauty Center,Madinat Zayed - MZE6 - Abu Dhabi - United Arab Emirates,23.658724799999998,53.7044613,3.2,6,OPERATIONAL,beauty_salon,,,,False,,,2026-10-09
ChIJ_UjhDgpnZz4RIjSYV7ez3HQ,Besties nails & spa,Al Hasad St - Madinat Za'id - MZW11 - Abu Dhabi - United Arab Emirates,23.6500859,53.703620699999995,4.7,26,OPERATIONAL,beauty_salon,,,,False,,,2026-10-09
ChIJlZcxQ5VnZz4RQYCjjUogX50,Gents sloon,Madinat Zayed - MZE16 - Abu Dhabi - United Arab Emirates,23.659654099999997,53.723915,5,1,OPERATIONAL,beauty_salon,,,,False,,men-only,2026-10-09
ChIJV2lL4e1nZz4RYlrwZ_3rnQI,صالون الخبراء للرجال,شارع البُورْصَة - Madinat Za'id - MZE16 - Abu Dhabi - United Arab Emirates,23.6582682,53.7213937,5,2,OPERATIONAL,barber_shop,,,,False,,men-only,2026-10-09
ChIJk84eRvVnZz4RPUEkQstQByw,UNITED SALOON,JPX3+WF6 - Madinat Zayed - MZW11 - Abu Dhabi - United Arab Emirates,23.649798699999998,53.703642699999996,4.3,3,OPERATIONAL,barber_shop,,,,False,,men-only,2026-10-09
ChIJ3e1XsYlnZz4Rqmk-ugaaE8Y,صالون فيكتوريا للرجال,Madinat Zayed - MZE16 - Abu Dhabi - United Arab Emirates,23.6584374,53.7218467,5,2,OPERATIONAL,hair_salon,,,,False,,,2026-10-09
ChIJhRcH34NnZz4RiMOEBgVjZDY,FileNStyle Ladies Nail Care,Al A’shbah Street - Madinat Za'id - MZW11 - Abu Dhabi - United Arab Emirates,23.6496693,53.7037006,4,8,OPERATIONAL,beauty_salon,,,,False,,,2026-10-09
ChIJv9PAalFnZz4R6TMw9sAbMzM,Al Batul Ladies Salon,JPX3+RFQ - Madinat Zayed - MZW11 - Abu Dhabi - United Arab Emirates,23.6495924,53.703739399999996,4.8,5,OPERATIONAL,beauty_salon,,,,False,,,2026-10-09
ChIJYUOlrpBnZz4ROBzH2GAUhqc,صالون قمر الليل للرجال,Unnamed Road - MP5C+2C2 - Madinat Za'id - MZE16 - Abu Dhabi - United Arab Emirates,23.65751,53.72100640000001,4.7,6,OPERATIONAL,barber_shop,,,,False,,men-only,2026-10-09
ChIJt4kxvNVnZz4RB0FglbWmASg,Al Daif Gents Saloon,MP5G+P7P - مدينة زايد - مدينة زايد شرق 16 - أبو ظبي - United Arab Emirates,23.659336699999997,53.7256973,5,3,OPERATIONAL,barber_shop,,,,False,,men-only,2026-10-09
ChIJJ_vWKsJnZz4RUvF7Ip7gsIE,Le petit salon,13 Sabou St - Madinat Za'id - MZE6 - Abu Dhabi - United Arab Emirates,23.6594582,53.7039757,4.7,22,OPERATIONAL,beauty_salon,,,,False,,,2026-10-09
ChIJRQIJyKhnZz4Rd89y8DnLWKE,صالون مهند للحلاقة,MP53+F5H - Madinat Zayed - MZE6 - Abu Dhabi - United Arab Emirates,23.6586984,53.7029733,1.4,5,OPERATIONAL,barber_shop,,,,False,,men-only,2026-10-09
ChIJxZ2_H29nZz4RXvuYJ7UQhOk,Western Flower Hairdresser,18 Al Yaseer St - Madinat Za'id - MZE16 - Abu Dhabi - United Arab Emirates,23.6568056,53.724402399999995,4,4,OPERATIONAL,hair_salon,,,,False,,,2026-10-09
ChIJJ1BQAfJnZz4RuT68gybbEUY,GT Center for Men Care - مركز جي تي للعناية الرجالية,near Big Mart - Madinat Za'id - Industrial Area - Abu Dhabi - United Arab Emirates,23.6622749,53.72783090000001,4.6,49,OPERATIONAL,barber_shop,,,,False,,men-only,2026-10-09
ChIJdwXVZgBnZz4R2k_2gKsK30g,Royal Team Men Care Center,"173 Ad Dhafra Rd - Madinat Za'id - منطقة الظفرة , الصناعية الجديدة - Abu Dhabi - United Arab Emirates",23.661775799999997,53.7321393,4.8,34,OPERATIONAL,barber_shop,,,,False,,men-only,2026-10-09
ChIJaWgU15xnZz4RGUaUj9NBWTg,حلاق تركي hair cut,Madinat Zayad Liber Offices - Madinat Zayed - MZE18 - Abu Dhabi - United Arab Emirates,23.666459099999997,53.725349599999994,4.5,55,OPERATIONAL,hair_salon,,,,False,,,2026-10-09
ChIJq9_dP4VnZz4RUCg-FVQRTfI,Al Arabia Center for Men Care,Al Badar Exchange Street - MP6G+6X8 - مدينة زايد - مدينة زايد شرق 19 - أبو ظبي - United Arab Emirates,23.6605484,53.7274566,3.9,39,OPERATIONAL,beauty_salon,,,,False,,men-only,2026-10-09
ChIJ-SmeOyZnZz4RC0ur5_UDkxs,صالون مدينة كنعان للحلاقة,27 شارع الدِّرْكَة - Madinat Za'id - MZE19 - Abu Dhabi - United Arab Emirates,23.6601049,53.7273056,4.3,6,OPERATIONAL,barber_shop,,,,False,,men-only,2026-10-09
ChIJ7bH4JgBnZz4Rmc53L0RPaZc,صالون المشاهير للحلاقة الرجالية,181 Ad Dhafra Rd - Madinat Za'id - MZE19 - Abu Dhabi - United Arab Emirates,23.6609366,53.731248699999995,4.7,20,OPERATIONAL,hair_salon,,,,False,,,2026-10-09
ChIJ9Yu7RQBnZz4RYxoAbwqh5bw,صالون المقص السحري للحلاقه الرجالية,الظفرة - MZE19 - Abu Dhabi - United Arab Emirates,23.661361499999998,53.731170999999996,5,1,OPERATIONAL,barber_shop,,,,False,,men-only,2026-10-09
ChIJPfsER1pnZz4RAaM9QgKcxyg,صالون سيلهت للحلاقة SALON SYLHET HAIRDAESSING,MP7M+83F - Madinat Zayed - MZE19 - Abu Dhabi - United Arab Emirates,23.6633222,53.732669599999994,4,4,OPERATIONAL,hair_salon,,,,False,,,2026-10-09
ChIJ_fFJq2RnZz4Ro3Tpq-aFN-U,صالون ومركز بلازا للرجالPlaza center for men care,_ الصناعيه _طريق الظفره - Ad Dhafra Rd - Madinat Za'id - MZE19 - Abu Dhabi - United Arab Emirates,23.6611379,53.7318347,4,6,OPERATIONAL,beauty_salon,,,,False,,men-only,2026-10-09
ChIJh87RcwBnZz4RBcVRWCsffX8,Tariq Al Jamaal Gents Salon,MP6J+886 - Madinat Zayed - MZE19 - Abu Dhabi - United Arab Emirates,23.660794900000003,53.73077910000001,5,3,OPERATIONAL,hair_salon,,,,False,,men-only,2026-10-09
ChIJZULT0BJnZz4RN-cHmzd-CZg,Shamim Gents,20 شارع اليَخْت - Madinat Za'id - MZE19 - Abu Dhabi - United Arab Emirates,23.6593913,53.7289196,4.1,7,OPERATIONAL,beauty_salon,,,,False,,men-only,2026-10-09
ChIJDb4TZIVnZz4R2z1Hj5w2bwQ,Golden Hand Men Salon,MP6H+24G - Madinat Zayed - MZE19 - Abu Dhabi - United Arab Emirates,23.6600587,53.7278258,4.7,3,OPERATIONAL,barber_shop,,,,False,,men-only,2026-10-09
ChIJ1VeARHFnZz4Rd8Qe-YJ-esY,bar ber shop,MP6J+HCX badazeyid - Madinat Za'id - MZE19 - Abu Dhabi - United Arab Emirates,23.661496,53.731123399999994,5,2,OPERATIONAL,barber_shop,,,,False,,men-only,2026-10-09
ChIJ56x0dABnZz4RXod9onyurL8,صالون بهجه الشرق للحلاقة الرجالي,34 شارع الأَشْعَار - Madinat Za'id - MZE19 - Abu Dhabi - United Arab Emirates,23.6631645,53.732474499999995,,,OPERATIONAL,barber_shop,,,,False,,men-only,2026-10-09
ChIJ0V2RmlpnZz4RBGdclplX0bU,GAYATHI HAIRDRESSING GENTS SALOON,MP5H+H54 - Al Dirkah St - Madinat Za'id - MZE19 - Abu Dhabi - United Arab Emirates,23.658891,53.7279655,4.5,4,OPERATIONAL,hair_salon,,,,False,,men-only,2026-10-09
ChIJmT2fsE9nZz4RSz-vzEMRX8M,salon rafiq ghiyathi,Abu Dhabi - Madinat Zayed - MZE19 - Abu Dhabi - United Arab Emirates,23.6605842,53.730324499999995,4.3,17,OPERATIONAL,hair_salon,,,,False,,,2026-10-09
ChIJK9Uk2CxnZz4RocoQQoiCbxE,Zero Zero Men Care Center - مركز زيرو زيرو للعناية الرجالية,Madinat Zayed - MZE19 - Abu Dhabi - United Arab Emirates,23.661656699999998,53.730275199999994,5,16,OPERATIONAL,hair_salon,,,,False,,men-only,2026-10-09
ChIJS37rG2pnZz4RIKuAF4ESchc,Al Adifa Gents Saloon,Al Umniyah 2 St - Madinat Za'id - MZE16 - Abu Dhabi - United Arab Emirates,23.6582403,53.721314400000004,5,1,OPERATIONAL,hair_salon,,,,False,,men-only,2026-10-09
ChIJVf7l4ahnZz4RIJABTsAJ6_Q,Madina Zayed Hair Dressing Saloon,Madinat Zayed - MZW2 - Abu Dhabi - United Arab Emirates,23.6592693,53.7017131,4.4,7,OPERATIONAL,hair_salon,,,,False,,,2026-10-09
ChIJBc3J_KZnZz4RU9I8sA_DGrI,New Al Dhaif saloon,193 Ad Dhafra Rd - near map shoes - Madinat Za'id - MZE19 - Abu Dhabi - United Arab Emirates,23.6604249,53.7300871,5,1,OPERATIONAL,nail_salon,,,,False,,,2026-10-09
ChIJj20voD9nZz4R1KWeyOD0k68,TS Gents Salon,"23.658807, 53.722800 - aldhafra industrial zone - شارع البُورْصَة - مدينة زايد - مدينة زايد شرق 16 - أبو ظبي - United Arab Emirates",23.658740599999998,53.722833099999995,5,3,OPERATIONAL,hair_salon,,,,False,,men-only,2026-10-09
ChIJpZ0WhY9nZz4RxhUv1cBgpZs,City Style Salon,Al Fardan Bulding - Shop # A4 - Madinat Za'id - Badaa Zayed - Abu Dhabi - United Arab Emirates,23.656830600000003,53.7033803,4,2,OPERATIONAL,hair_salon,,,,False,,,2026-10-09
ChIJw_vUCgBnZz4RQb2XTvbLCxg,Ajmeer Gents Salon,26 شارع اللّنْج - Madinat Za'id - MZE19 - Abu Dhabi - United Arab Emirates,23.6592251,53.7302916,4.7,3,OPERATIONAL,beauty_salon,,,,False,,men-only,2026-10-09
ChIJr9wbVABnZz4RkXKbS55o85A,Cut and Blade Gents Salon,MP7M+GHF - Madinat Zayed - MZE23 - Abu Dhabi - United Arab Emirates,23.66359,53.7339993,4.5,2,OPERATIONAL,hair_salon,,,,False,,men-only,2026-10-09
ChIJL9hkDQBnZz4RVra1C9yJ3hY,Bursa Al Turki Gents Salon,An Niyabah St - Madinat Za'id - MZW2 - Abu Dhabi - United Arab Emirates,23.659316099999998,53.701761499999996,3.7,6,OPERATIONAL,barber_shop,,,,False,,men-only,2026-10-09
ChIJX6orYgBnZz4RzlzzP8ysKtI,Golden Finger Gents Hairdressing saloon,MP6J+FQF - Madinat Zayed - MZE19 - Abu Dhabi - United Arab Emirates,23.6615644,53.7316341,5,2,OPERATIONAL,hair_salon,,,,False,,men-only,2026-10-09
ChIJKXOaFxhnZz4R47ny1MI7mEo,Kanaan city barbar saloon,Ad Dhafra Rd - rode - MZE16 - Abu Dhabi - United Arab Emirates,23.658431900000004,53.7258674,,,OPERATIONAL,hair_salon,,,,False,,,2026-10-09
ChIJQWUESQBnZz4RCoyQKqOVF7w,Orange star gents Punjabi saloon,MP6J+H9C - Madinat Zayed - Industrial area - Abu Dhabi - United Arab Emirates,23.6614309,53.7308978,5,6,OPERATIONAL,barber_shop,,,,False,,men-only,2026-10-09
ChIJX0gAt6hnZz4R_9MBs3wYxyA,Muhannad Saloon,MP53+C7W - Madinat Zayed - MZE6 - Abu Dhabi - United Arab Emirates,23.658605299999998,53.7032099,3,2,OPERATIONAL,hair_salon,,,,False,,,2026-10-09
ChIJvTTnSgBnZz4Rpw8fw0FKqm0,JOLLY LOOK GENTS SALON,"Dhafra Region 10040 - shop no.2 Al Dirkah St - Madinat Za'id - Al ,34 - Abu Dhabi - United Arab Emirates",23.660387399999998,53.7274994,3,1,OPERATIONAL,barber_shop,,,,False,,men-only,2026-10-09
ChIJa3U1UYhnZz4R6BW6XZL_aCg,صالون,MP5M+PRF - Madinat Zayed - MZE19 - Abu Dhabi - United Arab Emirates,23.659323999999998,53.734553,3.5,2,OPERATIONAL,hair_salon,,,,False,,,2026-10-09
ChIJbUKNFgBnZz4Rtq6WQexp-L8,Giovanni Gents Salon,MM3W+CW6 - Al Rawnaq St - Madinat Za'id - MZW1 - Abu Dhabi - United Arab Emirates,23.653525,53.6972611,,,OPERATIONAL,barber_shop,,,,False,,men-only,2026-10-09
ChIJE7WefwA3Xj4RH39NKSnCcFI,DE STYLE GENTS SALON -صالون دي ستيل للرجال‎,8MVW+F6J - Al Shamkhah - SH29 - Abu Dhabi - United Arab Emirates,24.343707199999997,54.6955305,3.5,31,OPERATIONAL,beauty_salon,,,,False,,men-only,2026-10-09
ChIJtQjdJQA1Xj4RP5yMaTP93hg,Hair with flare salon,8MWX+JJ5 - Al Shamkhah - SH23 - Abu Dhabi - United Arab Emirates,24.3465022,54.6991219,4.6,5,OPERATIONAL,nail_salon,,,,False,,,2026-10-09
ChIJU71fTgA3Xj4R1bZcBypM_6E,𝑬𝒔𝒕𝒂𝒔 𝑩𝒆𝒍𝒍𝒂 𝑩𝒆𝒂𝒖𝒕𝒚 𝑺𝒂𝒍𝒐𝒏,8MXW+PH6 - Al Shawamekh - SH23 - Abu Dhabi - United Arab Emirates,24.349284599999997,54.6963894,4.2,5,OPERATIONAL,beauty_salon,,,,False,,,2026-10-09
ChIJc8jCcwA3Xj4RXP9GeGLAETc,LON-صالون دي ستيل للرجال‎,8MVW+C5J - Al Shamkhah - SH29 - Abu Dhabi - United Arab Emirates,24.3436736,54.695487899999996,3,2,OPERATIONAL,hair_salon,,,,False,,,2026-10-09
ChIJTfx2Fas1Xj4RXXv7RfOXp_s,The Villa - Tips and Toes - Al Shamkhah,367 Sector - Villa No - At Turoush Street - Al Shamkhah - SH20 - Abu Dhabi - United Arab Emirates,24.3729917,54.6978978,4.3,558,OPERATIONAL,beauty_salon,,,,False,,,2026-10-09
ChIJ7WLNYuY1Xj4RBxk-Ae-QjbY,Hajir Ladies Salon - صالون هاجر,شارع - ٢١ - Al Shamkhah - SH21 - Abu Dhabi - United Arab Emirates,24.366336999999998,54.7052171,4,468,OPERATIONAL,beauty_salon,,,,False,,,2026-10-09
ChIJIxuUUes1Xj4RHOSGJRz-Cyc,صالون الياقوت - فرع الشامخة,9PC9+JGW - Al Shamkhah - SH12 - Abu Dhabi - United Arab Emirates,24.371606099999997,54.7188409,3.4,219,OPERATIONAL,barber_shop,,,,False,,men-only,2026-10-09
ChIJNfvca-81Xj4Re9ZTRlg6cPQ,AL KOUS GENTS SALON BR.2,Al Shamkhah - SH14 - Abu Dhabi - United Arab Emirates,24.370953699999998,54.7095547,3.5,85,OPERATIONAL,hair_salon,inexpensive,1,50,False,,men-only,2026-10-09
ChIJM-YUZ141Xj4RLhK3ykbv0bs,TBS LADIES BEAUTY CENTER,City Zone 21 - Villa 32 Aldawi St - Al Shamkhah - SH21 - Abu Dhabi - United Arab Emirates,24.3637025,54.7052225,4.5,31,OPERATIONAL,beauty_salon,moderate,1,300,False,,,2026-10-09
ChIJd4rl_D81Xj4RVl6fU4mhLwQ,Ruby Salon - Al Shamkhah Br 2 Abu Dhabi,Az Zahi St - Al Shamkhah - SH12 - Abu Dhabi - United Arab Emirates,24.3716083,54.718798,3.6,25,OPERATIONAL,beauty_salon,,,,False,,,2026-10-09
ChIJ26YpFQA1Xj4RctDbCx9h3_U,Ruby Salon - Al Shamkhah Br 4 Abu Dhabi,Bad' Misfir St - شارع صقر بن حمدان الفلاحي - الشامخة - الشامخة 13 - أبو ظبي - United Arab Emirates,24.3787391,54.711687899999994,3.9,8,OPERATIONAL,beauty_salon,,,,False,,,2026-10-09
ChIJo7CnN4Y1Xj4RfWHJLmKkqGw,مركز اوربيلا لاونج للتجميل السيدات,١٣ - Al Shamkhah - SH13 - Abu Dhabi - United Arab Emirates,24.378558599999998,54.711792499999994,4.4,51,OPERATIONAL,beauty_salon,moderate,1,300,False,,,2026-10-09
ChIJ889aKgA1Xj4RONebCsiXQh8,صالون عالم سمسم,9P64+CQ5 - Al Shamkhah - SH21 - Abu Dhabi - United Arab Emirates,24.361015899999998,54.706990499999996,4.6,21,OPERATIONAL,beauty_salon,,,,False,,,2026-10-09
ChIJBcz3X3M1Xj4RocQJ6R9_yao,ليالي مراكش لتجميل السيدات,'Azzam St - Madinat Al Riyad - RD9 - Abu Dhabi - United Arab Emirates,24.371217899999998,54.740933899999995,4,93,OPERATIONAL,beauty_salon,very_expensive,100,700,False,,,2026-10-09
ChIJ0-Mws2o1Xj4RW4GwqWyhMgI,صالون مملكة الخلود,3 Al Thameen St - Madinat Al Riyad - RD9 - Abu Dhabi - United Arab Emirates,24.3682439,54.740091,4,98,OPERATIONAL,beauty_salon,,,,False,,,2026-10-09
ChIJWwyCnko1Xj4RAGCLQ23VNLU,Head Technician,3 Aqar St - Madinat Al Riyad - RD9 - Abu Dhabi - United Arab Emirates,24.366737,54.7388639,3.3,48,OPERATIONAL,barber_shop,,,,False,,men-only,2026-10-09
ChIJM3Y7MQA1Xj4RMi1NpCifzoI,ميم لنقش الحناء Meem Henna,Madinat Al Riyad - RD9 - Abu Dhabi - United Arab Emirates,24.3682683,54.7400615,3.8,12,OPERATIONAL,beauty_salon,,,,False,,,2026-10-09
ChIJW5FtZzw1Xj4Rl6pz7nsO37I,MARAHEB MEN’S SALON,Qati' St - Madinat Al Riyad - RD9 - Abu Dhabi - United Arab Emirates,24.3670995,54.7409761,3.6,24,OPERATIONAL,hair_salon,,,,False,,men-only,2026-10-09
ChIJrU6TKAA1Xj4RsCw6icItnQQ,Soleil beauty lounge صالون سوليه,3 Al Thameen St - Madinat Al Riyad - RD9 - Abu Dhabi - United Arab Emirates,24.3680451,54.7406345,4.7,43,OPERATIONAL,beauty_salon,moderate,100,300,False,,,2026-10-09
ChIJv1z5awA1Xj4RqOSWAkbNHKs,Luxella gents salon,9P8Q+JH2 - Al Ta-theer St - Madinat Al Riyad - RD9 - Abu Dhabi - United Arab Emirates,24.3665192,54.7388787,3,2,OPERATIONAL,beauty_salon,,,,False,,men-only,2026-10-09
ChIJcTVSv701Xj4RD9VEK6kc5H0,Noble Style Gents Saloon,7HPP9P8P+9J - Ghnaymah St - Madinat Al Riyad - RD10 - Abu Dhabi - United Arab Emirates,24.365938,54.736563,5,43,OPERATIONAL,hair_salon,inexpensive,1,50,False,,men-only,2026-10-09
ChIJ50g2PzL07k0RZ8HvOz5zVsY,ELYRA TOUCH HOME BEAUTY CENTER,Al Shamkhah St - Madinat Al Riyad - RD10 - Abu Dhabi - United Arab Emirates,24.3734467,54.739663099999994,5,1,OPERATIONAL,beauty_salon,,,,False,,,2026-10-09
ChIJnT93iPc1Xj4RWqAWhWyU8V0,Ruby Salon - Al Shamkhah Br 1 Abu Dhabi,Street 302 Saqr Bin Hamdan Al Falahi St - Al Shamkhah - SH13 - Abu Dhabi - United Arab Emirates,24.3815903,54.7087819,3.7,82,OPERATIONAL,beauty_salon,,,,False,,,2026-10-09
ChIJa0OxPwA1Xj4RnegqtFIPNZ0,Al Masroor Salon - Al Shamkhah Abu Dhabi,Saqr Bin Hamdan Al Falahi St - Al Shamkhah - SH13 - Abu Dhabi - United Arab Emirates,24.3814621,54.706975099999994,4.2,26,OPERATIONAL,beauty_salon,,,,False,,,2026-10-09
ChIJJwJRkhhLXj4RHg-05l3AHaM,OMBRÉ SALON صالون أومبري,9PVH+FP5 - Al Shamkhah - SH7 - Abu Dhabi - United Arab Emirates,24.393644,54.7293698,3.4,75,OPERATIONAL,beauty_salon,,,,False,,,2026-10-09
ChIJsX_aaoo1Xj4RIcWrAVwQBAQ,N Beauty Salon | Best Beauty Salon for women in Abu Dhabi | أفضل صالون تجميل للنساء في أبوظبي,"Makani, Mall - Al Shamkhah - SH8 - Abu Dhabi - United Arab Emirates",24.387412899999998,54.722770399999995,4.1,373,OPERATIONAL,beauty_salon,,,,False,,,2026-10-09
ChIJ-Rufg89LXj4R9LX9JgimYwE,Rose Caddy Salon,12 Ash Shafeef St - Al Shamkhah - SH7 - Abu Dhabi - United Arab Emirates,24.3983788,54.7278891,4.4,80,OPERATIONAL,beauty_salon,,,,False,,,2026-10-09
ChIJbcsDXkQ1Xj4RgOPhTD1rMSE,White Angel Centre,Bi-ar Zayed St - Al Shamkhah - SH8 - Abu Dhabi - United Arab Emirates,24.387084299999998,54.7234482,4.2,193,OPERATIONAL,hair_salon,,,,False,,,2026-10-09
ChIJCZuYUIQ1Xj4Ryjo4wDZZLZM,Ruby Salon - Al Shamkhah Br 3 Abu Dhabi,Dihn Al ʹOud St - Al Shamkhah - SH9 - Abu Dhabi - United Arab Emirates,24.384256999999998,54.7336301,3.6,29,OPERATIONAL,beauty_salon,,,,False,,,2026-10-09
ChIJh-gpwBQ1Xj4RktMJU-hmg9Q,صالون الهدف للرجال,13 شارع التكوير - Al Shamkhah - SH11 - Abu Dhabi - United Arab Emirates,24.385095999999997,54.7174572,3.4,14,OPERATIONAL,barber_shop,,,,False,,men-only,2026-10-09
ChIJaWDWZl9LXj4Rdr6pZ7U8OBY,حلاق صالون الماسه الجديده,9PVG+839 - Al Shamkhah - SH7 - Abu Dhabi - United Arab Emirates,24.393277200000004,54.725241,3.8,15,OPERATIONAL,hair_salon,,,,False,,,2026-10-09
ChIJsW6ymvBLXj4RtODlOkNgh_E,Barber King Gents Saloon,MALL - Al Shamkhah - SH5 - Abu Dhabi - United Arab Emirates,24.4006318,54.7329218,4.2,22,OPERATIONAL,barber_shop,,,,False,,men-only,2026-10-09
ChIJ5_Rvo3ZKXj4R6czyIMkcUu0,Almasah Barber Shop,9PVG+843 - Al Shamkhah - SH7 - Abu Dhabi - United Arab Emirates,24.3932742,54.7252885,3.2,5,OPERATIONAL,barber_shop,,,,False,,men-only,2026-10-09
ChIJJQwYNyE1Xj4RxSOVQ8v_yeE,حلاق,13 شارع التكوير - Al Shamkhah - SH11 - Abu Dhabi - United Arab Emirates,24.3850262,54.7173301,3.3,4,OPERATIONAL,barber_shop,,,,False,,men-only,2026-10-09
ChIJ4VOTJQA1Xj4R_WMsbGV9LTc,Perlouze ladies beauty salon,14 Al Fasht St - Al Shamkhah - SH9 - Abu Dhabi - United Arab Emirates,24.382152899999998,54.7307036,5,2,OPERATIONAL,nail_salon,,,,False,,,2026-10-09
ChIJoehW3PVLXj4RU3UN_7ClLuM,صالون رويال بلوند للسيدات,بجانب مصلى النساء - Al Shamkhah - SH5 - Abu Dhabi - United Arab Emirates,24.400412799999998,54.733854199999996,3.2,42,OPERATIONAL,beauty_salon,,,,False,,,2026-10-09
ChIJ5RK9QAY1Xj4RFTSWJtfRiGs,MASCRA BEAUTY CENTER - مركز مسكرة للتجميل,MAKANI MALL - 9PQF+27G - الشامخة - الشامخة 8 - أبو ظبي - United Arab Emirates,24.3875656,54.723204499999994,4.8,4,OPERATIONAL,beauty_salon,,,,False,,,2026-10-09
ChIJD1o3AgBLXj4RCfwAHZJgwlU,كلاسيك تريم للحلاقة الرجالية/ Classic Trim Barber Shop,Al Shamkhah - SH8 - Abu Dhabi - United Arab Emirates,24.3886498,54.71939270000001,4.5,35,OPERATIONAL,barber_shop,,,,False,,men-only,2026-10-09
ChIJpxu_lnI1Xj4RK0jVxTFi64k,1.2.3 Beauty Salon,Abu Dhabi ALSHAMKHA 20 - الشامخة - الشامخة 12 - أبو ظبي - United Arab Emirates,24.379342299999998,54.7222537,3.7,3,OPERATIONAL,beauty_salon,,,,False,,,2026-10-09
ChIJWeldMhI1Xj4RKHbtwmzZg9Y,صالون وحدة تاج,9PJG+38Q - Al Shamkhah - SH12 - Abu Dhabi - United Arab Emirates,24.3802153,54.7258615,3.6,17,OPERATIONAL,hair_salon,,,,False,,,2026-10-09
ChIJUV6SAl9LXj4RJWzYz9AJzJc,Miracle Mile Hair Style Salon,شارع - ١٢ - Al Shamkhah - SH7 - Abu Dhabi - United Arab Emirates,24.400299999999998,54.718879699999995,5,1,OPERATIONAL,hair_salon,,,,False,,,2026-10-09
ChIJnUP9ewBLXj4R0VevyPOIbZI,صالون رويال بلند للرجال,CP2M+996 - Al Shamkhah - SH5 - Abu Dhabi - United Arab Emirates,24.4009495,54.7334989,3,2,OPERATIONAL,barber_shop,,,,False,,men-only,2026-10-09
ChIJDTDKMwBLXj4RP4aLf7qiIW0,Just Pink Beauty Home Service Ladies Salon,9PRC+83M - Al Shamkhah - SH8 - Abu Dhabi - United Arab Emirates,24.390827599999998,54.7201635,5,1,OPERATIONAL,beauty_salon,,,,False,,,2026-10-09
ChIJX2AtOQBLXj4RV43R0rNhdX8,Home ladies beauty home services,Al Shamkhah - SH12 - Abu Dhabi - United Arab Emirates,24.382345299999997,54.723623599999996,3.7,3,OPERATIONAL,beauty_salon,,,,False,,,2026-10-09
ChIJ-xcqU9I1Xj4RLEVb8k-spTI,صالون الطيران للحلاقة,9PQV+2VQ - Street 313 - Madinat Al Riyad - Al Moazaz - Abu Dhabi - United Arab Emirates,24.3876028,54.744696999999995,2.5,31,OPERATIONAL,barber_shop,,,,False,,men-only,2026-10-09
ChIJJdx4FoFKXj4RG5YzyaX9bQA,صالون دار الفخامة للرجال Dar Al Fakhama Gents Salon,9PXV+6XH - Al Shamkhah - SH3 - Abu Dhabi - United Arab Emirates,24.398070399999998,54.7449703,3.9,22,OPERATIONAL,barber_shop,,,,False,,men-only,2026-10-09
ChIJgTTmDAA1Xj4RO-lptUYgWHk,متجر بيع اخشاب قريب من موقعى,9PJX+Q3H - منطقة الرياض - مدينة الرياض 8 - أبو ظبي - United Arab Emirates,24.3819444,54.7477222,,,OPERATIONAL,nail_salon,,,,False,,,2026-10-09
ChIJycEPpNA1Xj4RIVE9S8Xm2Us,حلاق,9PPV+XX7 - العِبَيان - Al Moazaz - Abu Dhabi - United Arab Emirates,24.3874177,54.7449188,2.8,5,OPERATIONAL,hair_salon,,,,False,,,2026-10-09
ChIJ4Ur7f6A1Xj4RXijZ6gvtDps,صابون تلال الشامخة للحلاقة,9PQV+2RX - Madinat Al Riyad - Al Moazaz - Abu Dhabi - United Arab Emirates,24.3876135,54.7446461,2,4,OPERATIONAL,barber_shop,,,,False,,men-only,2026-10-09
ChIJ-yPLqWJnXj4RARhFLzDIQDc,Unwind Beauty Lounge,Central Mall - Al Falah - 1F - Abu Dhabi - United Arab Emirates,24.4274828,54.713971099999995,4.4,559,OPERATIONAL,beauty_salon,moderate,1,400,False,,,2026-10-09
ChIJf-mskP1LXj4Rwp8hj8OpI4Q,Mimarm Beauty Salon | صالون ميمارم للسيدات,Sky Mall - Al Falah - FA5 - Abu Dhabi - United Arab Emirates,24.423951300000002,54.712176199999995,4.2,205,OPERATIONAL,beauty_salon,moderate,1,300,False,,,2026-10-09
ChIJ127EEgBLXj4RR6S9VpYR8Cc,TAJ ALFALAH GENTS Salon,CP99+574 - Al Falah - FA4 - Abu Dhabi - United Arab Emirates,24.4178811,54.718217599999996,4.2,39,OPERATIONAL,barber_shop,,,,False,,men-only,2026-10-09
ChIJ0RQGoyRLXj4R2ctbyq0RJ6I,Super Oasis Gents Salon spa,Al Falah - 1F - Abu Dhabi - United Arab Emirates,24.4273697,54.7144749,4.1,80,OPERATIONAL,barber_shop,,,,False,,men-only,2026-10-09
ChIJbTzHK9BLXj4Rkf2blpN_OHs,Lamsat Al shareq saloon Henna,CPFC+RG6 - Al Falah - FA4 - Abu Dhabi - United Arab Emirates,24.4245487,54.721253499999996,4.3,6,OPERATIONAL,beauty_salon,,,,False,,,2026-10-09
ChIJS4yRZP1LXj4R9A8SyOTAr94,AL KOUS GENTS SALON BR.5 صالون الكوس للرجال - فرع Shop No.23 First Floor,Al Khayr St - Al Falah - FA5 - Abu Dhabi - United Arab Emirates,24.4239344,54.712058799999994,3.8,18,OPERATIONAL,hair_salon,,,,False,,men-only,2026-10-09
ChIJc5bNbgBLXj4RC_eLyfmmZ6s,Meraki star مايراگي ستار للرجال,CPH7+3M3 - 71 Ali Bin Shaiban Al Khemairi St - Al Falah - FA5 - Abu Dhabi - United Arab Emirates,24.4246037,54.7118882,3.1,14,OPERATIONAL,barber_shop,,,,False,,men-only,2026-10-09
ChIJR52zG0hLXj4RkSrrjYMD-nU,صالون قصات للحلاقة الرجالية,Al Falah - FA5 - Abu Dhabi - United Arab Emirates,24.424597,54.7119675,3.6,8,OPERATIONAL,beauty_salon,,,,False,,,2026-10-09
ChIJS4LrXUJKXj4R06eLXSFl_HI,صالون لابوبيوتي Labobeauty,CP6G+JR7 - 34th St - Al Shamkhah - Al Heeliya South - Abu Dhabi - United Arab Emirates,24.411549299999997,54.727056499999996,3.1,14,OPERATIONAL,beauty_salon,,,,False,,,2026-10-09
ChIJlTtscgBLXj4RarX7XXE96Qk,NEOM GENTS SALOON,CPGC+7CM - Al Falah - FA4 - Abu Dhabi - United Arab Emirates,24.4256901,54.721125799999996,3.8,6,OPERATIONAL,beauty_salon,,,,False,,men-only,2026-10-09
ChIJQ7ND3DhLXj4RYIBROTUMIho,Al Gassat gents saloon,CPG7+95X - Al Falah - FA8 - Abu Dhabi - United Arab Emirates,24.4259976,54.7129835,5,2,OPERATIONAL,barber_shop,,,,False,,men-only,2026-10-09
ChIJWywIQUNLXj4Rsot9QiqeF5U,Abu hamdan gents salon branch,Al Jawd St - Al Shamkhah - SH31 - Abu Dhabi - United Arab Emirates,24.4028003,54.7100687,4.6,23,OPERATIONAL,barber_shop,inexpensive,20,40,False,,men-only,2026-10-09
ChIJcRPc8q5LXj4RBYS7OqLRv-4,Elara Beauty Salon,Al Jawd St - Al Shamkhah - SH31 - Abu Dhabi - United Arab Emirates,24.4028113,54.7099494,4.3,7,OPERATIONAL,beauty_salon,moderate,100,200,False,,,2026-10-09
ChIJX3PvAZRLXj4Rb5D2TMv5yhk,Saloon Boss Cut,Hassat As Siweed street - الشامخة - الشامخة 31 - أبو ظبي - United Arab Emirates,24.4024738,54.710282899999996,5,10,OPERATIONAL,barber_shop,,,,False,,men-only,2026-10-09
ChIJSQFcsM5LXj4RSSQoyypSq7Q,Moon marimar beauty salon,Al Falah - FA8 - Abu Dhabi - United Arab Emirates,24.4260005,54.7129633,3.7,3,OPERATIONAL,beauty_salon,,,,False,,,2026-10-09
ChIJEyNXSwBLXj4Rryi_vyyFOf4,Neom Saloon,CPG7+C54 - Al Falah - FA8 - Abu Dhabi - United Arab Emirates,24.4260005,54.7129633,,,OPERATIONAL,beauty_salon,,,,False,,,2026-10-09
ChIJmx1MGFJLXj4R1DeoQzykyR8,Tutsha beauty salon,Al Falah Dr - Al Falah - FA8 - Abu Dhabi - United Arab Emirates,24.4260005,54.7129633,,,OPERATIONAL,beauty_salon,,,,False,,,2026-10-09
ChIJBfshCQBLXj4R8lLRss4p7rE,مطبع,CP28+7QR - Al Shamkhah - SH10 - Abu Dhabi - United Arab Emirates,24.400729600000002,54.7168875,,,OPERATIONAL,beauty_salon,,,,False,,,2026-10-09
ChIJlQ5TJgBLXj4RWYEtOCJW0wI,Al falah,31 Al Hasaad St - Al Falah - FA4 - Abu Dhabi - United Arab Emirates,24.425683100000004,54.721093599999996,,,OPERATIONAL,barber_shop,,,,False,,men-only,2026-10-09
ChIJH9OQ6MdLXj4RhHK3jSbdvQg,صالون فلولة للتجميل,3 شارع التأهيل - Al Shamkhah - Al Heeliya South - Abu Dhabi - United Arab Emirates,24.411347799999998,54.7345531,3.2,60,OPERATIONAL,beauty_salon,,,,False,,,2026-10-09
ChIJKS9lq4tKXj4RtBOBK5tgwnk,صالون نجم الذهبي الرجال,Abu Dhabi - Al Shamkhah - Al Heeliya South - Abu Dhabi - United Arab Emirates,24.411862400000004,54.7441137,4.3,42,OPERATIONAL,barber_shop,,,,False,,men-only,2026-10-09
ChIJsceFi2pLXj4RcZahYmF59BM,صالون حلاقه,الشَّامْخَةSH2 - الشامخة - الشامخة 2 - أبو ظبي - United Arab Emirates,24.405552399999998,54.7402653,3.4,20,OPERATIONAL,hair_salon,,,,False,,,2026-10-09
ChIJu0XIBgBLXj4RNXhuRCd-vW8,My Style Salon,CQ64+G2G - Al Shamkhah - SH1 - Abu Dhabi - United Arab Emirates,24.411321599999997,54.755084599999996,4.1,16,OPERATIONAL,beauty_salon,,,,False,,,2026-10-09
ChIJ9yCOWgBLXj4RNpETWETZQIs,m2 beauty salon ام 2 بيوتى صالون,CPFJ+J5F - Al Falah - FA3 - Abu Dhabi - United Arab Emirates,24.4240833,54.730472199999994,4.3,27,OPERATIONAL,beauty_salon,expensive,1,500,False,,,2026-10-09
ChIJpyiz9sFLXj4R44LdwEBpgA0,Snip N Shape beauty Salon,CPGR+J5Q - Al Termidhy St - Al Falah - FA2 - Abu Dhabi - United Arab Emirates,24.426590299999997,54.7404909,4.8,35,OPERATIONAL,beauty_salon,,,,False,,,2026-10-09
ChIJDUqQz7xLXj4RmjBT0eLZ-aY,صالون غزل للتجميل,CP5Q+MR4 - 17th St - Al Shamkhah - Al Heeliya South - Abu Dhabi - United Arab Emirates,24.4091314,54.7395802,1,1,OPERATIONAL,beauty_salon,,,,False,,,2026-10-09
ChIJASoTS6FLXj4R1TG5_eoBp0I,صالون النجم الذهبي الجديد,CP4R+54R - Al Shamkhah - SH2 - Abu Dhabi - United Arab Emirates,24.4054938,54.7402674,3.4,14,OPERATIONAL,barber_shop,,,,False,,men-only,2026-10-09
ChIJbXwQ9XJLXj4RDSSs2XGrSDA,صالون أنور الهنائي,Al Ja-izah St - Al Falah - FA3 - Abu Dhabi - United Arab Emirates,24.4206458,54.731011099999996,3.6,20,OPERATIONAL,barber_shop,,,,False,,men-only,2026-10-09
ChIJlV7CtphLXj4Rr9hg-CLbv8o,صالون شباب مدينة الفلاح,CPCP+HJW - Al Falah - FA2 - Abu Dhabi - United Arab Emirates,24.421492,54.7365754,4.7,6,OPERATIONAL,barber_shop,,,,False,,men-only,2026-10-09
ChIJDUUsGsVLXj4RZ7U7rm2qrEA,Salon Razor cuts gent صالون رازور كوتس للرجال,shamkha now shamkha 1 - 1 Burj Bakhout st - Al Shamkhah - Old 17 - Abu Dhabi - United Arab Emirates,24.4107834,54.7566226,4.2,21,OPERATIONAL,hair_salon,,,,False,,men-only,2026-10-09
ChIJS6j6KVBKXj4RxoBy-O-qwJc,Burjeel Gents Saloon,Abu Dhabi - Al Falah - FA2 - Abu Dhabi - United Arab Emirates,24.4275317,54.736886399999996,3.6,12,OPERATIONAL,beauty_salon,,,,False,,men-only,2026-10-09
ChIJx2wrBgBLXj4RPZTMi4XLOvA,Golden Star Gents Saloon,14 Sheikh Mohammed Bin Rashid Al Maktoum St - Al Shamkhah - SH2 - Abu Dhabi - United Arab Emirates,24.4056519,54.7401762,3.7,3,OPERATIONAL,beauty_salon,,,,False,,men-only,2026-10-09
ChIJHTnQlVZKXj4RiaTEYsOcroA,صالون برویز - Pervez Saloon BR,zahra - Al Falah - FA2 - Abu Dhabi - United Arab Emirates,24.427528799999997,54.736886999999996,3.7,22,OPERATIONAL,beauty_salon,,,,False,,,2026-10-09
ChIJ2wgq0cKDfq8RI1aJLtodTok,Elyra Touch Beauty Center,city - Al Falah - FA2 - Abu Dhabi - United Arab Emirates,24.4294756,54.7419089,5,10,OPERATIONAL,beauty_salon,,,,False,,,2026-10-09
ChIJVSnRHABLXj4RqueTOpLwLN8,صالون المباركة الرجال AL MUBARAKA GENTS SALOON,CQ64+8P9 - Al Shamkhah - SH1 - Abu Dhabi - United Arab Emirates,24.4107802,54.756858099999995,4,8,OPERATIONAL,barber_shop,,,,False,,men-only,2026-10-09
ChIJU-Jvx8ZLXj4ROEepDo8c2do,Le Soleil ladies Salon,near Al Falah - Al Falah - FA3 - Abu Dhabi - United Arab Emirates,24.4242278,54.7307062,4.5,36,OPERATIONAL,beauty_salon,moderate,1,400,False,,,2026-10-09
ChIJmzoJWuVLXj4RqBn0BWJ2yrk,high class beauty center,CPR7+73F - Al Badiyah St - Al Falah - 1A - Abu Dhabi - United Arab Emirates,24.4406885,54.712665099999995,3.7,63,OPERATIONAL,beauty_salon,,,,False,,,2026-10-09
ChIJB9iPPgBLXj4RcvY_sB8WxMA,صالون في فلاحA,12 An Naseem St - Al Falah - 1A - Abu Dhabi - United Arab Emirates,24.440859399999997,54.712863999999996,4.8,4,OPERATIONAL,beauty_salon,,,,False,,,2026-10-09
ChIJhST-PqhLXj4R4Ns1HCNIcjA,Bedashing Beauty Lounge Al Falah,Abu Dhabi - Al Falah - 1D - Abu Dhabi - United Arab Emirates,24.442893899999998,54.7396974,4.6,951,OPERATIONAL,beauty_salon,very_expensive,200,700,True,al-falah,,2026-10-09
ChIJv066Aa1LXj4RLnzJJT43tGQ,Tips And Toes Falah 5,Al Falah Drive Street village Center 5 - الفلاح - 1E - أبو ظبي - United Arab Emirates,24.434797099999997,54.732438099999996,4.3,280,OPERATIONAL,beauty_salon,moderate,100,200,False,,,2026-10-09
ChIJCWVOVMBLXj4R3mIpsIuRc0w,Tips and Toes Falah 1,Block A Al Manarah St - Al Falah - 1A - Abu Dhabi - United Arab Emirates,24.4462925,54.716715199999996,4.4,365,OPERATIONAL,beauty_salon,moderate,100,400,False,,,2026-10-09
ChIJJS9H8odLXj4RMBB1xetn8ZA,صالون سكره للحناء والتجميل,CPVR+HXM - Al Dhara St - Al Falah - 1D - Abu Dhabi - United Arab Emirates,24.4439539,54.742432799999996,4.1,110,OPERATIONAL,beauty_salon,moderate,1,200,False,,,2026-10-09
ChIJ4bpFkLxLXj4RuvHAx35d5a0,صالون وجيم هلا بالخميس للسيدات,Abu Dhabi - Al Falah - 1B - Abu Dhabi - United Arab Emirates,24.4474272,54.7282691,3.9,118,OPERATIONAL,beauty_salon,,,,False,,,2026-10-09
ChIJdUbDqP9LXj4RSAKS5ScIBrI,aisha,"الفلاح الجديدة New Al falah, 1E, 626 Villa 32 - Al Falah - 1E - Abu Dhabi - United Arab Emirates",24.4295252,54.7322905,4,130,OPERATIONAL,beauty_salon,,,,False,,,2026-10-09
ChIJL34CrU5KXj4RgMSMmWEYPcs,صالون الامبراطورة,14 An Nasl St - Al Falah - FA4 - Abu Dhabi - United Arab Emirates,24.4245982,54.724868099999995,3.7,87,OPERATIONAL,beauty_salon,moderate,1,200,False,,,2026-10-09
ChIJL4Ti135LXj4RJ14lhmcaziA,صالون سما الفلاح SAMA ALFALAH GENTS SALON,Abu Dhabi - Al Falah - 1C - Abu Dhabi - United Arab Emirates,24.4456924,54.729270899999996,3.9,79,OPERATIONAL,barber_shop,inexpensive,20,60,False,,men-only,2026-10-09
ChIJiY916chLXj4RDkfGzvC9L9Y,مركز الضفيرة الذهبية للتجميل,Rubaya Bin Shaheen Al Muhairi St - Al Falah - 1D - Abu Dhabi - United Arab Emirates,24.445119,54.7313048,4.2,23,OPERATIONAL,beauty_salon,,,,False,,,2026-10-09
ChIJjaTnVKlLXj4RqSq_6Ej00nA,Super oasis salon alfalha A,Al Manarah St - Al Falah - 1A - Abu Dhabi - United Arab Emirates,24.446295,54.716298,4.1,36,OPERATIONAL,barber_shop,,,,False,,men-only,2026-10-09
ChIJQawsdN9LXj4RmQF_48vMyX0,صالون فالنسيا للحلاقة الرجالية Valencia Gents Salon,22 Hidab Ghanim St - Al Falah - 1E - Abu Dhabi - United Arab Emirates,24.434640599999998,54.732500699999996,3.9,25,OPERATIONAL,beauty_salon,,,,False,,men-only,2026-10-09
ChIJEbucWAJLXj4Rp7RmZXlE6lY,White Way Gents Spa & Salon,"Village Center-Unit No. V4-G-08, Al Falah Drive Street - New - الفلاح - 1D - أبو ظبي - United Arab Emirates",24.4429311,54.7399147,4.5,35,OPERATIONAL,barber_shop,,,,False,,men-only,2026-10-09
ChIJmwiF_Z5LXj4RALq0o6o58ck,BARBER BO ALI for MEN,1c222-10 - الفَرَادِس New Al Falah - 12 شارع شِعبة لِبداه - الفلاح - 1C - أبو ظبي - United Arab Emirates,24.4485104,54.735596,4.3,12,OPERATIONAL,beauty_salon,,,,False,,men-only,2026-10-09
ChIJ4Wqk9ttLXj4RzXp-sOf71OY,صالون بوحمود,10 شارع الفَرَادِس - Al Falah - 1C - Abu Dhabi - United Arab Emirates,24.4487277,54.7356566,3.9,12,OPERATIONAL,barber_shop,,,,False,,men-only,2026-10-09
ChIJa474lZtLXj4R5JwkTDgNGHM,LUXURY CUT GENTS SALON صالون لاكشري كت للرجال,19 ʹArqoub Sinah St - Al Falah - FA6 - Abu Dhabi - United Arab Emirates,24.426066,54.755081499999996,4.6,25,OPERATIONAL,beauty_salon,,,,False,,men-only,2026-10-09
ChIJO1XYOrVJXj4RaUGRaZwTzGA,LIKE CUT KIDS SALON,Abu Dhabi - Al Reef - Abu Dhabi - United Arab Emirates,24.4574321,54.673396,4.5,92,OPERATIONAL,barber_shop,,,,False,,men-only,2026-10-09
ChIJA3XvaTVJXj4R4gSJlIkcAPA,Nailbox Beauty Salon,Abu Dhabi - Al Reef - Abu Dhabi - United Arab Emirates,24.457302199999997,54.6741688,4.2,121,OPERATIONAL,beauty_salon,,,,False,,,2026-10-09
ChIJ99Q0xv1JXj4R1dwKWp8HjTQ,Urban Cuts Barbershop (Al Reef),Al Reef Downtown - الريف - أبو ظبي - United Arab Emirates,24.457630599999998,54.673306999999994,4.7,191,OPERATIONAL,barber_shop,,,,False,,men-only,2026-10-09
ChIJO-dORjVJXj4R83gBG1VHv14,Scissor Gents/Men Salon & SPA,Al Reef - Abu Dhabi - United Arab Emirates,24.4571936,54.6741533,4.1,87,OPERATIONAL,beauty_salon,,,,False,,men-only,2026-10-09
ChIJ3Tz_hthPXj4Ry_IfDWiVNDg,Body Art Beauty Center,"Building 24, Shop #4 - Downtown - الريف - أبو ظبي - United Arab Emirates",24.4578009,54.6732362,4.9,9,OPERATIONAL,beauty_salon,,,,False,,,2026-10-09
ChIJ9UmGSABPXj4REU0bkml0VRU,Massage Japan SVIP - Royal Tea Ceremony,FM5C+HVV - Street 4 - Al Reef - Abu Dhabi - United Arab Emirates,24.458738099999998,54.672475500000004,5,2,OPERATIONAL,beauty_salon,,,,False,,,2026-10-09
ChIJHdY88ulLXj4RxJwFo9jhF2g,Zaman Al Ahlam,Al Falah - 1A - Abu Dhabi - United Arab Emirates,24.4487453,54.7131573,3.6,76,OPERATIONAL,beauty_salon,,,,False,,,2026-10-09
ChIJkcOkHe1LXj4RoGvVx_GBerI,Freesia Beauty Center مركز فريسيا للتجميل,B2 - الفلاح - 1B - أبو ظبي - United Arab Emirates,24.456683,54.7173142,4.3,250,OPERATIONAL,beauty_salon,moderate,1,200,False,,,2026-10-09
ChIJ8U8s0m1LXj4Ro5PzKtDofJA,صالون رويال قيرل للسيدات,FP58+33H - 1b831 - Al Falah - 1B - Abu Dhabi - United Arab Emirates,24.4576969,54.7152311,4,12,OPERATIONAL,beauty_salon,,,,False,,,2026-10-09
ChIJi8b_JRRLXj4RpcuKoAG2qjQ,صالون توب ليدي للسيدات,FP58+446 - Al Falah - 1B - Abu Dhabi - United Arab Emirates,24.4577824,54.7152767,4,23,OPERATIONAL,beauty_salon,,,,False,,,2026-10-09
ChIJp-oXb_NLXj4RBDc3QGLm-uE,صالون فاز,Villa 26 - Mohamed Ali Al Hosani St - Al Falah - 1B - Abu Dhabi - United Arab Emirates,24.4523902,54.718041899999996,4.9,10,OPERATIONAL,beauty_salon,,,,False,,,2026-10-09
ChIJ25NhJwBLXj4RR7-_dUZ3l7k,Makeup artist kholoud altamimi,3 ʹArqoub An Nouf St - Al Falah - 1A - Abu Dhabi - United Arab Emirates,24.447781799999998,54.71037990000001,3.5,4,OPERATIONAL,beauty_salon,,,,False,,,2026-10-09
ChIJwRS3lGZLXj4RBdg5XZufD1Y,Misk wa sadha beauty center,Al Falah - 1D - Abu Dhabi - United Arab Emirates,24.4488088,54.7400701,3.7,85,OPERATIONAL,beauty_salon,,,,False,,,2026-10-09
ChIJYQXTWupLXj4Rq7nhwQ2tKK4,صالون روماس للسيدات,9 ʹArqoub Um Al ʹOush St - Al Falah - 1C - Abu Dhabi - United Arab Emirates,24.4552841,54.7317799,4,61,OPERATIONAL,beauty_salon,,,,False,,,2026-10-09
ChIJt5zCMjRLXj4RpfBYXaplTHw,White lily beauty salon,12 Al Ajras St - Al Falah - 1C - Abu Dhabi - United Arab Emirates,24.4586641,54.7400197,4.3,195,OPERATIONAL,beauty_salon,,,,False,,,2026-10-09
ChIJqTJYp2lLXj4RoBypwhbNdf0,الظبيانيه,160 Ahmed Bin Zaal Al Suwaidi Street - Al Falah - 1C - Abu Dhabi - United Arab Emirates,24.456394,54.7446577,5,3,OPERATIONAL,beauty_salon,,,,False,,,2026-10-09
ChIJz2ltkixLXj4R7VAg6B_e7jg,Beauty Code Ladies Salon,Al Rajjah Street - City Royal Supermarket building - office 13 - old first floor - الفلاح - الفلاح 3 - أبو ظبي - United Arab Emirates,24.4243827,54.730506600000005,4.4,22,OPERATIONAL,beauty_salon,,,,False,,,2026-10-09
ChIJhTH3IQA3Xj4RxufTBS3mKI0,Sapna LADIES BEAUTY SALON HOME SERVICE ONLY صالون تجميل,Al Tilal Street - Al Falah - 1B - Abu Dhabi - United Arab Emirates,24.448000399999998,54.7281894,4.3,6,OPERATIONAL,beauty_salon,,,,False,,,2026-10-09
ChIJGUvxqCQMLi4RhzATSVQSUus,Bellaura Home Spa Ladies Salon,near 9 Seedaf St - Al Falah - 1E - Abu Dhabi - United Arab Emirates,24.4304167,54.7324254,4.4,7,OPERATIONAL,beauty_salon,,,,False,,,2026-10-09
ChIJx9eINHZfXz4RhzBrl896A-w,Rukn Al ZafraaN HairdressinG SaloN,Industrial Area 17 - Industrial Area - Sharjah - United Arab Emirates,25.2778085,55.456964199999994,5,3,OPERATIONAL,hair_salon,,,,False,,,2026-10-09
ChIJvWyw6kX19T4RKpNsMC75Aa4,Shade Spa,Warehouses Land - Sharjah - United Arab Emirates,25.263977,55.4958846,4.3,304,OPERATIONAL,beauty_salon,very_expensive,200,500,False,,,2026-10-09
ChIJ7TmETYT19T4R69vnLMm-jvE,Weekdays Beauty Salon,7F7W+QGF - Industrial Areas - Sharjah - United Arab Emirates,25.2643995,55.4960853,4.2,163,OPERATIONAL,beauty_salon,,,,False,,,2026-10-09
ChIJ-ZHKLlH19T4RdNWQNGWwVcE,Laha spa,7F7W+5XG - Industrial Areas - Sharjah - United Arab Emirates,25.2629256,55.4974412,3.9,28,OPERATIONAL,beauty_salon,,,,False,,,2026-10-09
ChIJ1VCGKgD19T4Rm4fIVIhnb5w,N2M Wellness Corner,Maleha St - Industrial Areas - Sharjah - United Arab Emirates,25.2648799,55.494475699999995,,,OPERATIONAL,beauty_salon,,,,False,,,2026-10-09
ChIJ9XdCEIhP9D4R8V7UtQ_ekF0,MARWA ALNAQBI LADIES SALON,maliha 3 - Industrial Areas - Sharjah - United Arab Emirates,25.263201,55.498906000000005,,,OPERATIONAL,beautician,,,,False,,,2026-10-09
ChIJN2WxUO319T4RV8dksDE1AAQ,Olia Beauty Lounge,7G62+PJ6 - Industrial Areas - Sharjah - United Arab Emirates,25.261812499999998,55.5015625,4.8,89,OPERATIONAL,beauty_salon,expensive,100,500,False,,,2026-10-09
ChIJ38LnZ7n19T4RXPsvdHPRcPk,Alkashkha hair saloon,Maleha St - industrial area - Sharjah - United Arab Emirates,25.263177799999998,55.499085799999996,5,2,OPERATIONAL,barber_shop,,,,False,,men-only,2026-10-09
ChIJq2qbxqVfXz4RQxr6YkzBpvA,Zahid Jani Salon (main),Maleha St - Muwaileh Commercial - Industrial Area - Sharjah - United Arab Emirates,25.290625199999997,55.4449191,4.3,99,OPERATIONAL,barber_shop,,,,False,,men-only,2026-10-09
ChIJEz8KWKD552IR_ZSDLvRqyNU,Grace Beauty At Home Service Salon,Maleha St - Muwaileh Commercial - Industrial Area - Sharjah - United Arab Emirates,25.2903997,55.4465296,4.9,213,OPERATIONAL,beauty_salon,expensive,1,500,False,,,2026-10-09
ChIJJ81fMa9fXz4RR2t3BTPH7Ks,Paul Barber Branch -3 I Best Gents salon in Muweilah Sharjah,Muweilah - تجارية مويلح - المنطقة الصناعية - إمارة الشارقةّ - United Arab Emirates,25.293403100000003,55.4436967,4.9,1586,OPERATIONAL,beauty_salon,moderate,1,100,False,,men-only,2026-10-09
ChIJmbGG9mhfXz4RsF6TvXHGj8w,Noor Al Jamal Ladies Salon,Building 5 - Fire Station Road - Muwaileh - Muwaileh Commercial - Industrial Area - Sharjah - United Arab Emirates,25.295182399999998,55.4403772,4.9,332,OPERATIONAL,beauty_salon,moderate,1,200,False,,,2026-10-09
ChIJ1yByaqdfXz4RHhgEkUvYCZQ,Shams Muwaileh Beauty Center,Muwaileh Commercial - Industrial Area - Sharjah - United Arab Emirates,25.2869139,55.45074950000001,4.7,54,OPERATIONAL,beauty_salon,,,,False,,,2026-10-09
ChIJW8VsF-JeXz4RBfbSBWGMugE,Al Sahl Gents Saloon,7CXW+9CV - Unnamed Road - Muwaileh Commercial - Industrial Area - Sharjah - United Arab Emirates,25.298490899999997,55.446041699999995,4,7,OPERATIONAL,hair_salon,,,,False,,men-only,2026-10-09
ChIJjQZufONeXz4R8OsmQMDIssc,Rawaiee Beauty Salon,Sharjah - Muwaileh Commercial - Industrial Area - Sharjah - United Arab Emirates,25.295187499999997,55.4420625,4.1,120,OPERATIONAL,beauty_salon,moderate,1,300,False,,,2026-10-09
ChIJm7iVyrMlRqURIp9-0RjFOKc,Red Moon Beauty Center,"Shop 4, Building 2657 - opposite Magical Test Resturent - تجارية مويلح - المنطقة الصناعية - الشارقة - United Arab Emirates",25.287478099999998,55.450026699999995,3.8,10,OPERATIONAL,beauty_salon,,,,False,,,2026-10-09
ChIJlwqgEzJfXz4RR6emFcENWZM,Show off ladies saloon,Muwaileh Commercial - Industrial Area - Sharjah - United Arab Emirates,25.295510999999998,55.440591899999994,4.5,25,OPERATIONAL,beauty_salon,,,,False,,,2026-10-09
ChIJQYAIdw5fXz4RsBCXNvyRoCs,Shuaa Al Shams Hairdressing Salon Sharjah Mouhailah,Building number 1623 Shop Number 01 - Ibrahim Dimas or Naresh Bldg - opposite of Mouhailah Family Park & - تجارية مويلح - المنطقة الصناعية - الشارقة - United Arab Emirates,25.2961018,55.446054,4.5,6,OPERATIONAL,hair_salon,,,,False,,,2026-10-09
ChIJL4sJdvtfXz4RMsvZXencQ0U,ADHWA ZABEEL HAIRDESSING SALON,national paint area in 15 - opp. Ddreams city discount center - Muwaileh Commercial - Industrial Area - Sharjah - United Arab Emirates,25.2900144,55.44569,5,4,OPERATIONAL,hair_salon,,,,False,,,2026-10-09
ChIJAZTCp8ZfXz4RBkyKMQJPWGU,GOLDEN STONE GENTS SALON,"Glass building - 2522 , Shop number : 7 - Maleha St - Muwaileh Commercial - Industrial Area - Sharjah - United Arab Emirates",25.2934643,55.441252899999995,4.3,121,OPERATIONAL,barber_shop,moderate,40,100,False,,men-only,2026-10-09
ChIJE5wiehRfXz4RUOEscbo2EeY,SAYEDA AL FAAN LADIES SALOON,Sharjah - Muwaileh Commercial - Industrial Area - Sharjah - United Arab Emirates,25.2892181,55.4496982,4.7,447,OPERATIONAL,beauty_salon,moderate,100,200,False,,,2026-10-09
ChIJBd3hzeJXfyMRta-fcmfoNuI,Royal Art Beauty Center,"Shop No. 4 - 2692 Backside of MARSO Market, Muweilah, Al Bayan Residence Building - تجارية مويلح - المنطقة الصناعية - إمارة الشارقةّ - United Arab Emirates",25.288240899999998,55.4494112,4.8,232,OPERATIONAL,beauty_salon,moderate,1,300,False,,,2026-10-09
ChIJ00AbnOdeXz4Rn_BH_2xWfVQ,سحر الشمال للحلاقة الرجالية,Industrial Area 13 - Industrial Area - Sharjah - United Arab Emirates,25.3014162,55.4385238,3.8,6,OPERATIONAL,barber_shop,,,,False,,men-only,2026-10-09
ChIJf2rzvRhfXz4RzvR4GqMP9Hs,Tiaska Beauty Lounge (Shj.Branch),Shop -02 - Maleha St - Muwaileh Commercial - Industrial Area - Sharjah - United Arab Emirates,25.2869077,55.4497157,4.9,60,OPERATIONAL,beauty_salon,,,,False,,,2026-10-09
ChIJIbqEfFlfXz4RXyDQmljIUKo,Al sami hairdrasseng saloon,building 1260 - Muwaileh Commercial - Industrial Area - Sharjah - United Arab Emirates,25.298524999999998,55.4453512,4.5,6,OPERATIONAL,hair_salon,,,,False,,,2026-10-09
ChIJCfMbbW9fXz4RveIw7fKrTCc,Nabeesa Abdul Wahab Beauty Center ( Ladies Salon ),Oxford Building - Fire Station Road - Muwaileh - Muwaileh Commercial - Industrial Area - Sharjah - United Arab Emirates,25.2939036,55.4417116,5,59,OPERATIONAL,beauty_salon,,,,False,,,2026-10-09
ChIJg6NTysVfXz4RHQLIQndvGv8,Roses Dew Beauty Corner center by Smitha,Muwaileh Commercial - Industrial Area - Sharjah - United Arab Emirates,25.2983056,55.4573165,4.7,359,OPERATIONAL,beauty_salon,moderate,1,400,False,,,2026-10-09
ChIJ0Tgw0U5fXz4RhEkAt36l9Qw,Be.you.tiful salon,8F39+MV - Muwaileh Commercial - Industrial Area - Sharjah - United Arab Emirates,25.304213,55.4696242,4.1,78,OPERATIONAL,beauty_salon,,,,False,,,2026-10-09
ChIJDVozUgBfXz4R1X5XT6W1Lwg,The beauty district,7FX5+J99 - Muwaileh Commercial - Industrial Area - Sharjah - United Arab Emirates,25.299045399999997,55.458477099999996,3.9,29,OPERATIONAL,beauty_salon,,,,False,,,2026-10-09
ChIJu9QT9KBfXz4RmPFEsoWYCMk,"Decent Rose Ladies Salon | Muwaileh, Sharjah, UAE","Muwaileh Commercial Area, School Zone ,Near Pool Gym, Building No 6699 - تجارية مويلح - المنطقة الصناعية - إمارة الشارقةّ - United Arab Emirates",25.2855325,55.4542315,4.4,29,CLOSED_TEMPORARILY,beauty_salon,,,,False,,not-operational,2026-10-09
ChIJ-0Ja9_VfXz4RA7bw0daJgLc,Lamsat Hala Saloon - صالون لمسة حلا,Muwaileh Commercial - Industrial Area - Sharjah - United Arab Emirates,25.299835800000004,55.4583308,4.7,63,OPERATIONAL,beauty_salon,expensive,100,500,False,,,2026-10-09
ChIJeS19KP5fXz4RGQofZw4mknE,The Cut Corner,Muwaileh Commercial - Muweileh Community - Sharjah - United Arab Emirates,25.301210599999997,55.454929099999994,4.8,701,OPERATIONAL,barber_shop,,,,False,,men-only,2026-10-09
ChIJ1eNhgd9fXz4RuvRh2auxfkM,Linda Khalid Beauty Center,7FX4+9X - Muwaileh Commercial - Industrial Area - Sharjah - United Arab Emirates,25.2984375,55.4574375,4.3,39,OPERATIONAL,beauty_salon,,,,False,,,2026-10-09
ChIJj7Jm3t6b9T4RO1TlKMMHK8M,Feelings beauty salon,3364 - Muwaileh Commercial - Industrial Area - Sharjah - United Arab Emirates,25.287269799999997,55.4545799,4.3,14,OPERATIONAL,beauty_salon,,,,False,,,2026-10-09
ChIJbVJoeP1fXz4RmxIr7Pr7lBY,Beige Beauty Center,https://maps.app.goo.gl - Muwaileh Commercial - Industrial Area - Sharjah - United Arab Emirates,25.304707099999998,55.468130699999996,4.5,65,OPERATIONAL,beauty_salon,,,,False,,,2026-10-09
ChIJRzKl5QBfXz4ReZ8Erdz1uz4,Al Rajul Alhur Gents Salon,7FP2+V85 - Muwaileh Commercial - Industrial Area - Sharjah - United Arab Emirates,25.287132399999997,55.450858200000006,4.6,10,OPERATIONAL,barber_shop,,,,False,,men-only,2026-10-09
ChIJ9T-NG5RfXz4RJJUEdXeDQ_I,MUSEER JABIR HAIRDRESSING SALOON,"Building no 3268 , shop 2 - تجارية مويلح - المنطقة الصناعية - إمارة الشارقةّ - United Arab Emirates",25.2921485,55.458509,4.8,8,OPERATIONAL,barber_shop,,,,False,,men-only,2026-10-09
ChIJ39ts4aJfXz4RLvBpILB1RJY,Bride & Beauty Ladies Salon,Muwaileh Commercial - Industrial Area - Sharjah - United Arab Emirates,25.2876819,55.451064599999995,4.9,87,OPERATIONAL,beauty_salon,,,,False,,,2026-10-09
ChIJuzCH_qlfXz4RZh8WQHgLwd8,Rawaat Al Jamal Sharjah,Sharjah - Muwaileh Commercial - Industrial Area - Sharjah - United Arab Emirates,25.2853724,55.4530217,4.2,25,OPERATIONAL,beauty_salon,,,,False,,,2026-10-09
ChIJX8dksxlfXz4R1e1sT07AKUI,Elegant Style Ladies Beauty Salon by NIMI,Sultan building - Shop No 1 - near SEWA Building - Muwaileh Commercial - Industrial Area - Sharjah - United Arab Emirates,25.292621999999998,55.4491229,4.7,176,OPERATIONAL,beauty_salon,,,,False,,,2026-10-09
ChIJL-m58dNfXz4RAMZ-FxG2Fzo,Haifa Safar Beauty Salon,6 13 Street - Al Juraina - Sharjah - United Arab Emirates,25.292734199999998,55.487791099999995,4.5,97,OPERATIONAL,beauty_salon,,,,False,,,2026-10-09
ChIJ9S5b2oNfXz4R_9ibqLSAeuA,Hind Alamiri Beauty Salon,Unnamed Road - الجرينة - إمارة الشارقةّ - United Arab Emirates,25.2907711,55.4854584,4.4,31,OPERATIONAL,beauty_salon,,,,False,,,2026-10-09
ChIJ-zN-A-lZXz4RvtTGiuchu-A,NStyle Beauty Lounge,Matajer - Al Juraina - Sharjah - United Arab Emirates,25.296428499999998,55.4893017,4.7,560,OPERATIONAL,nail_salon,,,,False,,,2026-10-09
ChIJTWl3Wnr19T4RfTl83jrc028,صالون علاء الدين للاطفال,7GR2+859 - Al Qarayen 5 - Sharjah - United Arab Emirates,25.2907823,55.500496299999995,3.3,23,OPERATIONAL,hair_salon,,,,False,,,2026-10-09
ChIJ8W5lPs_19T4RfkbaAdufyM8,Al Marasim Beauty Salon Sharjah,Cooperative Society Al Qarain 5 - Street No. 1 131 street - Al Juraina 1 - Sharjah - United Arab Emirates,25.2908224,55.5006899,4.3,60,OPERATIONAL,beauty_salon,,,,False,,,2026-10-09
ChIJJ5VSjUL19T4R_dm3hTJxo7M,Al sundua salon,7GR2+MC2 - Al Qarayen 5 - Sharjah - United Arab Emirates,25.291635799999998,55.501001699999996,3,4,OPERATIONAL,barber_shop,,,,False,,men-only,2026-10-09
ChIJbxwhBQD19T4Ree2T_eVOIPA,Royal Beauty Ladies Salon,8G32+HQC - Al Juraina 1 - Sharjah - United Arab Emirates,25.303946,55.5018915,3.7,3,OPERATIONAL,beauty_salon,,,,False,,,2026-10-09
ChIJG1_3OwD19T4RAvZ6eS3sQxw,ميلس يوسف حسن,4 Street No. 33 - Al Qarayen 5 - Sharjah - United Arab Emirates,25.288821799999997,55.509303800000005,5,1,OPERATIONAL,beauty_salon,,,,False,,,2026-10-09
ChIJQ1jzTu319T4RslXJOrTSANg,صالون انطاليا القرائن,Al Qarayen 4 - Sharjah - United Arab Emirates,25.2860874,55.510623499999994,4.9,56,OPERATIONAL,hair_salon,moderate,1,150,False,,,2026-10-09
ChIJl3DPcKj19T4Rg2K5JVhf7ck,Mosaic Nail & Beauty Spa - Al Qarayen,Al Qarayen 4 - Sharjah - United Arab Emirates,25.2857374,55.510779899999996,4,86,OPERATIONAL,beauty_salon,moderate,100,300,False,,,2026-10-09
ChIJMYZFl77z9T4R0gzSYtweQIc,Mosaic Nail & Beauty Spa - Barashi,Al Badee Suburb - Hay Barashi - Sharjah - United Arab Emirates,25.3032357,55.5863564,4.2,104,OPERATIONAL,beauty_salon,very_expensive,200,500,False,,,2026-10-09
ChIJdSAiVQDz9T4RiIpOBy7Xc34,Al Barashi saloon,30/50 Sharjah Jawazia Street - Al Badee Suburb - Hay Barashi - Sharjah - United Arab Emirates,25.3033011,55.586397299999994,1.6,9,OPERATIONAL,barber_shop,,,,False,,men-only,2026-10-09
ChIJuzBCbMpeXz4RxZW0WD98Ct0,Seven Star Salon,23 Third Industrial Street - Industrial Areas - Industrial Area - Sharjah - United Arab Emirates,25.316153,55.425885,4.1,17,OPERATIONAL,hair_salon,,,,False,,,2026-10-09
ChIJD9p-vLBfXz4RYW3xh4FKnG0,Al Furqan Hairdresser Saloon,8C8J+2F6 - Industrial Areas - Industrial Area - Sharjah - United Arab Emirates,25.315042599999998,55.4312214,5,1,OPERATIONAL,hair_salon,,,,False,,,2026-10-09
ChIJ93PtZgBZXz4RI7w-Xtw5MfU,Sharqan Hairdressing Salon,8CF8+5MG - Industrial Area 6 - Industrial Area - Sharjah - United Arab Emirates,25.32293,55.416698999999994,,,OPERATIONAL,beauty_salon,,,,False,,,2026-10-09
ChIJQZcoOiNfXz4RGYDh55Vo6y4,Talia Beauty Center (Luxury Lounge),7HQQ - 8F64+8X - تجارية مويلح - المنطقة الصناعية - الشارقة - United Arab Emirates,25.3107634,55.4573415,3.9,22,CLOSED_TEMPORARILY,beauty_salon,,,,False,,not-operational,2026-10-09
ChIJlx4c34NfXz4RNWeXsP1TyJk,The white spot,Unnamed Road - 8F44+56C - تجارية مويلح - المنطقة الصناعية - إمارة الشارقةّ - United Arab Emirates,25.3054345,55.4555015,4.1,266,OPERATIONAL,beauty_salon,expensive,100,500,False,,,2026-10-09
ChIJQR_bfiJfXz4R8_7vwfdZEq4,Fly Me Spa,Thumbay university road - تجارية مويلح - المنطقة الصناعية - الشارقة - United Arab Emirates,25.3104363,55.460380199999996,4.6,693,OPERATIONAL,beauty_salon,moderate,100,400,False,,,2026-10-09
ChIJ1fk5k8JfXz4RhXaNK864CY4,Shade Beauty center,Sharjah - Muwaileh Commercial - Industrial Area - Sharjah - United Arab Emirates,25.3072719,55.4553565,3.7,583,OPERATIONAL,beauty_salon,expensive,200,400,False,,,2026-10-09
ChIJhS4YWLBfXz4RVr0X3Q-igSA,Hide Beauty Center,8f34+MJ s - Muwaileh Commercial - Industrial Area - Sharjah - United Arab Emirates,25.3037588,55.4565925,4.2,370,OPERATIONAL,beauty_salon,,,,False,,,2026-10-09
ChIJN9iT5I9fXz4Ra9wX-HJfdKQ,Touch Beauty Centre,Muwaileh - Muwaileh Commercial - Industrial Area - Sharjah - United Arab Emirates,25.3106178,55.4560764,4.8,885,OPERATIONAL,beauty_salon,moderate,100,300,False,,,2026-10-09
ChIJ7U7udi9fXz4Ry0xFgjBfRic,OVO barbershop صالون اوفو الشارقة,8F55+FCH - Muwaileh Commercial - Industrial Area - Sharjah - United Arab Emirates,25.308435,55.458475799999995,4,130,OPERATIONAL,barber_shop,inexpensive,20,80,False,,men-only,2026-10-09
ChIJaTUdmCBfXz4R3UO495zgSlk,Hair LTD.,Unnamed Road - تجارية مويلح - المنطقة الصناعية - إمارة الشارقةّ - United Arab Emirates,25.3080212,55.455779,4.6,633,OPERATIONAL,hair_salon,,,,False,,,2026-10-09
ChIJA-EyzRdfXz4RE3t3rQSKlSc,Nail2u Spa,Muweilah - تجارية مويلح - المنطقة الصناعية - الشارقة - United Arab Emirates,25.3081939,55.453044,4,303,OPERATIONAL,nail_salon,,,,False,,,2026-10-09
ChIJq6qqqv1YXz4RaNpdZFGR3P0,Vanillia Beauty Center,8F53+9Q7 - Muwaileh Commercial - Industrial Area - Sharjah - United Arab Emirates,25.3084167,55.45440920000001,4.3,185,OPERATIONAL,beauty_salon,,,,False,,,2026-10-09
ChIJ0-U5SDVfXz4RjzjD_EyJoHs,Pure beauty ladies salon,Muwaileh Commercial - Industrial Area - Sharjah - United Arab Emirates,25.307006200000004,55.45336880000001,4.3,168,OPERATIONAL,beauty_salon,moderate,100,400,False,,,2026-10-09
ChIJR2fkRYJfXz4REzmPziZ6qpg,Anisaty Ladies Salon Muweillah Branch,8F42+V8P - Muwaileh Commercial - Industrial Area - Sharjah - United Arab Emirates,25.3067562,55.4506977,4.5,356,OPERATIONAL,beauty_salon,moderate,100,400,False,,,2026-10-09
ChIJHxpRzyJfXz4RKYSgQZoHClI,MOS Men's Care Center,University City Rd - Muwaileh Commercial - Industrial Area - Sharjah - United Arab Emirates,25.309197299999997,55.4574966,4.3,192,OPERATIONAL,barber_shop,,,,False,,men-only,2026-10-09
ChIJW8oMfABfXz4RIcRUJoLLXbg,Unique Beauty salon,Sharjah - Muwaileh Commercial - Industrial Area - Sharjah - United Arab Emirates,25.305950499999998,55.45648860000001,4.3,94,OPERATIONAL,beauty_salon,expensive,100,500,False,,,2026-10-09
ChIJd1MjLz1fXz4RjRjnzrOqlkg,Walili ladies saloon - صالون وليلي للسيدات / مويلح,University City Rd - Muwaileh Commercial - Industrial Area - Sharjah - United Arab Emirates,25.309946999999998,55.458797999999994,3.9,264,OPERATIONAL,beauty_salon,expensive,200,400,False,,,2026-10-09
ChIJS9adGiBfXz4ROf65E4Hk_-U,Nails House,Muwailih Al afraan building shop 3 - تجارية مويلح - المنطقة الصناعية - إمارة الشارقةّ - United Arab Emirates,25.3077179,55.4534959,4.6,186,OPERATIONAL,nail_salon,,,,False,,,2026-10-09
ChIJS77minNfXz4R2YZQP0h5-UU,HAPPY CUT Salon,8F52+3W2 - Muwaileh Commercial - Industrial Area - Sharjah - United Arab Emirates,25.307534,55.452261799999995,4.7,677,OPERATIONAL,hair_salon,inexpensive,1,50,False,,,2026-10-09
ChIJXwWRdABfXz4RnN7GMvtyDOA,Rare Spa,Muwaileh Commercial - Industrial Area - Sharjah - United Arab Emirates,25.3092883,55.4556693,4.6,354,OPERATIONAL,beauty_salon,moderate,100,400,False,,,2026-10-09
ChIJp2gR5idfXz4RPjz-9-DprGg,Beverly Hills Beauty Center,Muweile Commercial Area University City Road Al Mansour Building - تجارية مويلح - المنطقة الصناعية - الشارقة - United Arab Emirates,25.3074415,55.457648199999994,4.6,212,OPERATIONAL,beauty_salon,,,,False,,,2026-10-09
ChIJofTmTdpfXz4RdMzeH2B-GwU,The Beauty Revival Center مركز إحياء الجمال,Muwaileh Commercial - Industrial Area - Sharjah - United Arab Emirates,25.309438399999998,55.453923599999996,4.3,122,OPERATIONAL,beauty_salon,,,,False,,,2026-10-09
ChIJ7SSzQkJfXz4RFrgppMVBRuI,Awtar Beauty Center - Muwaileh,"Al Jada ,bldg - Rihan 3 - Muwaileh Commercial - Sharjah - United Arab Emirates",25.317199799999997,55.4783129,4.7,736,OPERATIONAL,beauty_salon,moderate,100,300,False,,,2026-10-09
ChIJFfN9e0RfXz4RHL2GZN8Ean4,OAK SPA,Sharjah - Muwaileh Commercial - Sharjah - United Arab Emirates,25.326641799999997,55.4720259,4.3,154,OPERATIONAL,beauty_salon,moderate,100,300,False,,,2026-10-09
ChIJVZE-ciZfXz4Rp3c1vTep_ys,360 Beauty Lounge,Al Mamsha - Muwaileh Commercial - Sharjah - United Arab Emirates,25.3091558,55.466882999999996,4.7,746,OPERATIONAL,beauty_salon,,,,False,,,2026-10-09
ChIJiVO5P-BfXz4RikSUGaTr2XU,Norsh Spa Aljada,Aljada - Muwaileh Commercial - Sharjah - United Arab Emirates,25.3124906,55.474736199999995,4.5,293,OPERATIONAL,beauty_salon,moderate,1,400,False,,,2026-10-09
ChIJYcoAMNNfXz4RhygkXYRIdZk,Bedashing Beauty Lounge Al Jada,Misk 2 Muwaileh Trading - Shop No. M-18 - Muwaileh Commercial - Sharjah - United Arab Emirates,25.319209599999997,55.4799114,4.5,620,OPERATIONAL,beauty_salon,,,,True,al-jada,,2026-10-09
ChIJcU1Ba6JfXz4Rth2bex0_nlU,دار سناء للتجميل,١٢٤٦ - Muwaileh Commercial - Industrial Area - Sharjah - United Arab Emirates,25.304666200000003,55.470024599999995,4.1,260,OPERATIONAL,beauty_salon,very_expensive,400,800,False,,,2026-10-09
ChIJr9DXCOBfXz4Rwj9WKHJI-MI,Lashes House Salon,"Lashes House salon, Shop no 1, Building no 995, Tariq Bedon Esm - AlJada - تجارية مويلح - إمارة الشارقةّ - United Arab Emirates",25.3261492,55.4717062,3.2,65,OPERATIONAL,beauty_salon,,,,False,,,2026-10-09
ChIJJwyKE8hfXz4R1p5LtEuysJA,Hair Fusion Salon & Barber Shop Shj,Muwaileh Commercial - Al Zahia - Sharjah - United Arab Emirates,25.3201875,55.468062499999995,4.6,198,OPERATIONAL,barber_shop,moderate,40,120,False,,men-only,2026-10-09
ChIJe72N3cNfXz4RSiXGHtRMUkA,Sphere,Sharjah - Muwaileh Commercial - Sharjah - United Arab Emirates,25.323942,55.467472699999995,4.5,159,OPERATIONAL,beauty_salon,moderate,100,400,False,,,2026-10-09
ChIJ0RmGl7RfXz4Rs-6baMaooBA,Doc Barnet Barber Shop Aljada,"Doc Barnet Barber Shop Aljada Resident , Muwailih Rehan 1 Unit 3 - تجارية مويلح - الشارقة - United Arab Emirates",25.3163959,55.479559300000005,4.2,83,OPERATIONAL,barber_shop,moderate,40,100,False,,men-only,2026-10-09
ChIJBzCGSQBfXz4R2kEJKf63JkE,صالون ليانا للتجميل Layana Beauty Salon,Muwaileh Commercial - Sharjah - United Arab Emirates,25.321922999999998,55.4683071,4.8,65,OPERATIONAL,beauty_salon,moderate,100,300,False,,,2026-10-09
ChIJL5MXU89fXz4RhAOlAfO100o,Doc Barnet Aljada Solo 4,Solo 4 Aljada - Muwaileh Commercial - industrial - Sharjah - United Arab Emirates,25.3131035,55.476585299999996,4.2,63,OPERATIONAL,barber_shop,,,,False,,men-only,2026-10-09
ChIJyUDLP_JfXz4Rqm9EIayeXX4,صالون مقص للحلاقة,8F47+VX9 - Unnamed Road - Muwaileh Commercial - Industrial Area - Sharjah - United Arab Emirates,25.3071551,55.464981099999996,4.6,22,OPERATIONAL,hair_salon,,,,False,,,2026-10-09
ChIJJaAIcPhfXz4RiCLHyorloB0,FLOAT,University City Rd - Muwaileh Commercial - Sharjah - United Arab Emirates,25.3084088,55.468312999999995,4.2,23,OPERATIONAL,barber_shop,,,,False,,men-only,2026-10-09
ChIJy9j-38VfXz4R-tbo6hKJ2IY,LAMHA ladies salon,Muwaileh Commercial - Sharjah - United Arab Emirates,25.3277978,55.474177499999996,4.8,44,OPERATIONAL,beauty_salon,moderate,100,300,False,,,2026-10-09
ChIJfUxSTsRfXz4RCsKQ7BV-KbM,Al Naqsha Salon,"ground floor shop no1, Al shamsi building - Muwaileh Commercial - Al Zahia - Sharjah - United Arab Emirates",25.323556200000002,55.4666995,3.4,10,OPERATIONAL,beauty_salon,,,,False,,,2026-10-09
ChIJU50SyDtfXz4RB-Gqo67mIxk,Hala Zenobia Beauty Salon,New - NADIA 105 - تجارية مويلح - الشارقة - United Arab Emirates,25.323085499999998,55.4696479,4.9,119,OPERATIONAL,beauty_salon,moderate,100,300,False,,,2026-10-09
ChIJg135IVJfXz4RrnzZCk-satQ,Annie Nunag Beauty Center,Muwaileh Commercial - Industrial Area - Sharjah - United Arab Emirates,25.307687299999998,55.464057,4.9,17,OPERATIONAL,beauty_salon,,,,False,,,2026-10-09
ChIJQ_iYnghfXz4RCInkdSg3_Sw,Capri Beauty Center,Shaikh Mohammed bin Zayed St - Muwaileh Commercial - Al Zahia - Sharjah - United Arab Emirates,25.322889099999998,55.466048199999996,4.6,57,OPERATIONAL,beauty_salon,,,,False,,,2026-10-09
ChIJJUbFlrz19T4Rmn8pIcJzj30,صالون رويال للسيدات Royal Beauty Salon,8G79+W82 - Al Qarayen Area - opposite Sharjah International Airport - Sharjah International Airport - Sharjah National Park - Sharjah - United Arab Emirates,25.3147684,55.5182736,3.7,64,OPERATIONAL,beauty_salon,,,,False,,,2026-10-09
ChIJeUxvr7319T4RwnQWM1cd408,Al Qaraien Gents salon,8G88+68C - Al Juraina 1 - Sharjah - United Arab Emirates,25.315555399999997,55.515772299999995,3.5,8,OPERATIONAL,barber_shop,,,,False,,men-only,2026-10-09
ChIJT2seKgr19T4RVNsHnUXx9PU,ABY Saloons & barber for men,"Cargo Centre Entrance, Al Dhaid Road (Sharjah Airport Road - 8GF3+5PR - الرقعة الحمراء - المنطقة الحرة بمطار الشارقة الدولي - الشارقة - United Arab Emirates",25.322980599999998,55.5042797,5,3,OPERATIONAL,hair_salon,,,,False,,men-only,2026-10-09
ChIJB4RGDtz19T4RFor4lFp-5uk,صالون شيخة للتجميل والمكياج الشارقة القرائن @shaikhaartist,71st St - Al Qarayen 2 - Sharjah - United Arab Emirates,25.3026359,55.5380987,5,76,OPERATIONAL,beauty_salon,,,,False,,,2026-10-09
ChIJsTRBs-T09T4RupTe-54FKIM,Anwar Al Falah Hairdressing Saloon,7GXR+GW6 - Al Badee Suburb - Falah Residential - Sharjah - United Arab Emirates,25.2987835,55.542270099999996,3.8,37,OPERATIONAL,barber_shop,,,,False,,men-only,2026-10-09
ChIJmS_bQQD19T4RzH7R42KJ-bQ,Khawlamakeupartist,9 Street No. 47 - Al Qarayen 2 - Sharjah - United Arab Emirates,25.3051055,55.5358692,,,OPERATIONAL,beauty_salon,,,,False,,,2026-10-09
ChIJB36LTAD19T4RLBORuzxntSk,صالون زهرة القرائن للرجال,7GXR+8WP - Al Badee Suburb - Falah Residential - Sharjah - United Arab Emirates,25.298354999999997,55.5423316,1,1,OPERATIONAL,barber_shop,,,,False,,men-only,2026-10-09
ChIJ00-Ax4L19T4RG7REf_i4OS0,دار سناء الرحمانيه,4356 - Al Ruqa Al Hamra - Sharjah - United Arab Emirates,25.325031799999998,55.554733399999996,4.8,41,OPERATIONAL,beauty_salon,,,,False,,,2026-10-09
ChIJkVYeI53z9T4R5LTcitNGbR4,حلاق طوي العطين,8H4M+62M - E88 - Al Badee Suburb - Hay Al Atain - Sharjah - United Arab Emirates,25.305576799999997,55.5825363,3.4,12,OPERATIONAL,barber_shop,,,,False,,men-only,2026-10-09
ChIJP9ZJETpdXz4R9pYBm6ZcG0o,Classy Henna for women Only Home Service Available,Sharjah Riding Club Rd - Al Badee Suburb - Hay Al Atain - Sharjah - United Arab Emirates,25.302522800000002,55.5766348,3.4,5,OPERATIONAL,beauty_salon,,,,False,,,2026-10-09
ChIJpcnaFnr19T4Ruz1_jTMk8_o,Asimat Al Ferousiah Hairdressing Salon - صالون عاصمة الفروسية,In side Sharjah Equestrian and racing Club - Al Rahmania Suburb - Hay Al Atain - Sharjah - United Arab Emirates,25.3025552,55.5755512,5,2,OPERATIONAL,hair_salon,,,,False,,,2026-10-09
ChIJ4SIJ-_Hz9T4RRxT3HVLaEak,Weneya Beauty Center ( Alatin BR ),شارع المطار - Al Badee Suburb - Hay Al Atain - Sharjah - United Arab Emirates,25.3050712,55.583168799999996,4.4,44,OPERATIONAL,beauty_salon,expensive,100,500,False,,,2026-10-09
ChIJl_G_HOFZXz4R2PnapI98n0o,Weneya Beauty center ( samnan BR ),Sheikh Zayed St - Samnan - Halwan - Sharjah - United Arab Emirates,25.3415093,55.4274232,4.7,836,OPERATIONAL,beauty_salon,expensive,100,500,False,,,2026-10-09
ChIJxZWfPCFZXz4RrR7kgogRbRs,Afrina Beauty Henna & Training Center Al Khezamia,Sheikh Saud Bin Sultan Al Qasimi St - Al Khazamiya - Mughaider Suburb - Sharjah - United Arab Emirates,25.3410397,55.443661,4.6,799,OPERATIONAL,beauty_salon,moderate,1,400,False,,,2026-10-09
ChIJBV8FjRZZXz4RmqXXsT4z61o,Qatr Al Nada Ladies Beauty Saloon,Al Abar - Halwan - Sharjah - United Arab Emirates,25.3451164,55.4317681,4.1,265,OPERATIONAL,beauty_salon,,,,False,,,2026-10-09
ChIJI6kdiclZXz4RxZY6UTyFWoU,JABAL AL WARD LADIES SALON,Sharjah - Al Abar - Halwan - Sharjah - United Arab Emirates,25.345760000000002,55.432103299999994,4.8,52,OPERATIONAL,beauty_salon,,,,False,,,2026-10-09
ChIJL5YDXKVZXz4RnfZj13al2Ng,صالون سونا للتجميل,8CWM+F84 - Al Abar - Mughaider Suburb - Sharjah - United Arab Emirates,25.3461234,55.433298199999996,3.4,33,OPERATIONAL,beauty_salon,,,,False,,,2026-10-09
ChIJax8yHhdZXz4RbpgE5mygB3g,Al Ahlam Ladies Saloon,Al Khazamiya - Mughaider Suburb - Sharjah - United Arab Emirates,25.3464301,55.4335342,4.1,117,OPERATIONAL,beauty_salon,,,,False,,,2026-10-09
ChIJW5QqzupZXz4RAT2eIL86uMU,Secret Care barber shop & Spa صالون رجالي سر العناية,Zawaya walk - Shop 2 - 3 Street #2 - Al Shahba - Mughaider Suburb - Sharjah - United Arab Emirates,25.329628399999997,55.429825,4.8,495,OPERATIONAL,barber_shop,,,,False,,men-only,2026-10-09
ChIJifgXa5xZXz4RIfhneYBaeZg,Jamal al koon saloon,8CPG+898 - Wasit St - Al Shahba - Mughaider Suburb - Sharjah - United Arab Emirates,25.3357778,55.425966900000006,4.1,57,OPERATIONAL,beauty_salon,,,,False,,,2026-10-09
ChIJNY29cDNZXz4RT5H-KSCWfCo,Bedashing Beauty Lounge Zawaya Walk,Zawaya Walk - Shop 32 & 33 - طريق المدينة الجامعية - الشهباء - ضاحية مغيدر - الشارقة - United Arab Emirates,25.3306234,55.4294728,4.6,602,OPERATIONAL,beauty_salon,very_expensive,200,600,True,zawaya-walk,,2026-10-09
ChIJO8VOgxVZXz4RATnT-vho3m0,Mosaic Nail & Beauty Spa - Halwan,Sharjah - Al Abar - Halwan - Sharjah - United Arab Emirates,25.3418569,55.428218699999995,4.5,178,OPERATIONAL,beauty_salon,moderate,100,400,False,,,2026-10-09
ChIJ7SIfIBVZXz4R0e0eh9Mq9LI,Younan Beauty Centre,9 19 St - Al Abar - Halwan - Sharjah - United Arab Emirates,25.343297699999997,55.426679899999996,4.1,44,OPERATIONAL,beauty_salon,,,,False,,,2026-10-09
ChIJUSIIsRBZXz4R70gQkI41nIw,Al Burqou Ladies Saloon صالون البرقع,المزروع - Al Khazamiya - Mughaider Suburb - Sharjah - United Arab Emirates,25.348513699999998,55.4352187,3.9,32,OPERATIONAL,beauty_salon,,,,False,,,2026-10-09
ChIJUcwVI_BZXz4R9TMZfpwzHOs,Fiftyfive hairdressing salon,Samnan - Halwan - Sharjah - United Arab Emirates,25.3406865,55.4283423,4.5,35,OPERATIONAL,barber_shop,,,,False,,men-only,2026-10-09
ChIJnf_kDzBZXz4Ry6AQbetEHfA,Queen ladies salon,8CMF+QM3 - Samnan - Halwan - Sharjah - United Arab Emirates,25.3343936,55.4241573,4.7,37,OPERATIONAL,beauty_salon,,,,False,,,2026-10-09
ChIJX8Cw0BBZXz4Rb2uZZEkEAPw,Mawawil Ladies Saloon,Wasit St - Al Abar - Halwan - Sharjah - United Arab Emirates,25.348191,55.4340024,4,62,OPERATIONAL,beauty_salon,,,,False,,,2026-10-09
ChIJB2RZRz9ZXz4RDJDxu0WJR5g,saly ladies saloon صالون سالي للسيدات,Al - Wasit St - Al Shahba - Mughaider Suburb - Sharjah - United Arab Emirates,25.3360216,55.4261462,3.5,11,OPERATIONAL,beauty_salon,,,,False,,,2026-10-09
ChIJcfgzQz5ZXz4R76xWmFnB528,Meer Ladies Saloon,8CQH+MH6 - Al Shahba - Mughaider Suburb - Sharjah - United Arab Emirates,25.3391688,55.428877,3.6,37,OPERATIONAL,beauty_salon,,,,False,,,2026-10-09
ChIJlxL3RqtZXz4R55LgCV2JNQc,Platinum beauty Salon,Wasit street - samnan mall - first floor - سمنان - حلوان - الشارقة - United Arab Emirates,25.336618200000004,55.4254755,4.6,70,OPERATIONAL,beauty_salon,,,,False,,,2026-10-09
ChIJc3_ZrDhZXz4RfcuPCWZBYOI,Al Manawir Ladies Saloon,Sharjah - Al Shahba - Mughaider Suburb - Sharjah - United Arab Emirates,25.335081000000002,55.425509999999996,4.5,22,OPERATIONAL,beauty_salon,,,,False,,,2026-10-09
ChIJu81xwBpfXz4RRRg116nWxg0,Camellia,Muwaileh Commercial - Al Zahia - Sharjah - United Arab Emirates,25.3226518,55.4632933,3.3,248,OPERATIONAL,beauty_salon,very_expensive,200,500,False,,,2026-10-09
ChIJYy1ZBHxfXz4RpGS9b2k2eXo,صالون رمش المها,8FHC+VH7 - Muwaileh Commercial - Sharjah - United Arab Emirates,25.3292222,55.4724722,4.1,214,OPERATIONAL,beauty_salon,moderate,100,300,False,,,2026-10-09
ChIJWZ5gTL5fXz4RqO4LzvFchyg,Roba Salon,Khalid Al Hawi Building - Muwaileh Commercial - Sharjah - United Arab Emirates,25.329545099999997,55.471934100000006,4.7,341,OPERATIONAL,beauty_salon,moderate,100,300,False,,,2026-10-09
ChIJb8vnGMFYXz4RNDvewkI1L4w,Loolya Beauty Centre,Sheikh Khalid Bin Khalid Al Qasimi St - Muwafja - Sharjah - United Arab Emirates,25.3473725,55.466034099999995,4.7,86,OPERATIONAL,beauty_salon,moderate,1,400,False,,,2026-10-09
ChIJ2WNP9f9fXz4R-9gfJmm_SiM,صالون الإبداع الذهبي الحلاقة,8FHC+66 - Muwaileh Commercial - Sharjah - United Arab Emirates,25.3282548,55.4706632,4.9,155,OPERATIONAL,barber_shop,,,,False,,men-only,2026-10-09
ChIJ7YAC5uZfXz4RAOK_CywTiUw,Karine Beauty Salon,25.3281560 55.4698520 - Muwaileh Commercial - Sharjah - United Arab Emirates,25.327976500000002,55.469967000000004,4.4,31,OPERATIONAL,beauty_salon,,,,False,,,2026-10-09
ChIJFZkKF4JfXz4RhqrSSsI3xps,The Herbal Ladies Salon - صالون الأعشاب للسيدات,"8FHC+HH5 Sharjah (25.3288893, 55.4714748 - تجارية مويلح - الشارقة - United Arab Emirates",25.3288756,55.4714824,4.9,46,OPERATIONAL,beauty_salon,moderate,100,200,False,,,2026-10-09
ChIJMeE-dnJfXz4RQivhpNxdXFA,Al zomorod beauty salon,Muwaileh Commercial - Sharjah - United Arab Emirates,25.328083300000003,55.4699685,4.7,6,OPERATIONAL,beauty_salon,,,,False,,,2026-10-09
ChIJqy3KPABfXz4R6hZAe4lWIIs,Future gents salon صالون المستقبل للرجال,8FHC+HHH - Muwaileh Commercial - Sharjah - United Arab Emirates,25.328936799999997,55.4714868,4.4,37,OPERATIONAL,barber_shop,,,,False,,men-only,2026-10-09
ChIJU5MXnw9fXz4Rf3cKHlTjlVo,The barber lab,Muwaileh Commercial - Sharjah - United Arab Emirates,25.3294365,55.4718957,4.9,70,OPERATIONAL,barber_shop,,,,False,,men-only,2026-10-09
ChIJZ22FMPxfXz4R9Lfg4J_xjl0,صالون الخيول للحلاقة,8FHC+66 - Muwaileh Commercial - Sharjah - United Arab Emirates,25.327564000000002,55.469282,4.2,19,OPERATIONAL,beauty_salon,,,,False,,,2026-10-09
ChIJnf-wGQBfXz4REeMhJvP54H4,المشط الاسود Black Comb,8FGF+RHX - Muwaileh Commercial - Sharjah - United Arab Emirates,25.327661,55.4743109,4.8,35,OPERATIONAL,barber_shop,,,,False,,men-only,2026-10-09
ChIJr6Eb2TVfXz4R0SqCyIf9a-U,Habib Saloon,Sharjah - Al Ruqa Al Hamra - Saif Zone - Sharjah - United Arab Emirates,25.335078700000004,55.4901914,5,6,OPERATIONAL,barber_shop,,,,False,,men-only,2026-10-09
ChIJmYgsoAZfXz4RzME2mW1LE9A,Barber Shop,8FPR+3CH - Al Ruqa Al Hamra - Saif Zone - Sharjah - United Arab Emirates,25.335272999999997,55.490931200000006,4,2,OPERATIONAL,barber_shop,,,,False,,men-only,2026-10-09
ChIJG5O8OD_19T4ReFZfaBhH-T8,Namlah Salon Fze,Sharjah - Al Ruqa Al Hamra - Saif Zone - Sharjah - United Arab Emirates,25.334096199999998,55.492173099999995,4.3,13,OPERATIONAL,hair_salon,,,,False,,,2026-10-09
ChIJg6umBAD19T4RuZBInE-fVMg,Pearl House Ladies Saloon,8HR5+34R - Al Rahmania Suburb - Shaghrafa 2 - Sharjah - United Arab Emirates,25.3402268,55.557766099999995,4.6,10,OPERATIONAL,nail_salon,,,,False,,,2026-10-09
ChIJwZjRHvr19T4RGQDuWHQjCxQ,PatoniaSpa - AlRahminya 4,Al Rahmania Suburb - Shaghrafa 4 - Sharjah - United Arab Emirates,25.3502926,55.5651825,4.8,56,OPERATIONAL,beauty_salon,moderate,100,300,False,,,2026-10-09
ChIJe8HHTwDz9T4RmkGKUBSdI00,اذا مانجحتوا ميمو بحرق المدرسه,8HMP+6MQ - 1 النوف - Al Rahmania Suburb - Kshisha 3 - Sharjah - United Arab Emirates,25.3330955,55.586730599999996,,,OPERATIONAL,barber_shop,,,,False,,men-only,2026-10-09
ChIJTbjikgtZXz4RMiGNoUNLPnw,Aisha Beauty Salon,Souk al kadeem - Al Jazzat - Al Riqa Suburb - Sharjah - United Arab Emirates,25.3576379,55.4289412,4.2,205,OPERATIONAL,beauty_salon,expensive,1,500,False,,,2026-10-09
ChIJc5khtppZXz4RofafrhU7b2o,Pause Saloon and Spa Sharjah,9C4R+WQR - Wasit Suburb - Sharjah - United Arab Emirates,25.3573679,55.4418819,3.8,748,OPERATIONAL,beauty_salon,moderate,100,400,False,,,2026-10-09
ChIJ9fLeKQBZXz4RANcolwUEpRo,ASH Beauty Lounge,9C4Q+GQ6 - Wasit St - Al Falaj - Al Riqa Suburb - Sharjah - United Arab Emirates,25.3558628,55.439196499999994,4.6,700,OPERATIONAL,beauty_salon,,,,False,,,2026-10-09
ChIJ4flbZQdZXz4R1rPa-ar1hto,Suite 88 Beauty Lounge Azra,S117 - Al Azra - Al Riqa Suburb - Sharjah - United Arab Emirates,25.364261799999998,55.446239999999996,4.3,92,OPERATIONAL,beauty_salon,,,,False,,,2026-10-09
ChIJz_-SIeVZXz4RKPHZoQto1SE,Nails corner saloon,9FG4+JQF - Ajman - United Arab Emirates,25.3765625,55.456937499999995,4.8,185,OPERATIONAL,nail_salon,moderate,150,250,False,,,2026-10-09
ChIJ5z7QNuRYXz4RfwEqF0YOBNY,Altalah beauty& SPA centre,Abdullah Salem Al-Sabah Street - 9F55+WFG - S119 - opposite AL KAMAL SCHOOL - Al Ramaqia - Sharjah - United Arab Emirates,25.359806199999998,55.4586957,4.1,81,OPERATIONAL,beauty_salon,,,,False,,,2026-10-09
ChIJz3MWcgBZXz4RidNKVFe3LfM,مركز جمال المهرة Al Mahra Beauty Centre,Al Ramtha - Sharjah - United Arab Emirates,25.366793100000002,55.4564088,4.4,297,OPERATIONAL,beauty_salon,very_expensive,200,500,False,,,2026-10-09
ChIJq7Dq9v5ZXz4RQ4IhL0h77o0,مركز التاله للتجميل,3 Street No. 3 - Wasit Suburb - Sharjah - United Arab Emirates,25.359807999999997,55.458574,3.9,59,OPERATIONAL,beauty_salon,,,,False,,,2026-10-09
ChIJH9ezoptZXz4RfRCnIn9sH_4,la belle beauty center & spa,Wasit Suburb - Sharjah - United Arab Emirates,25.3573015,55.442142499999996,5,22,OPERATIONAL,beauty_salon,,,,False,,,2026-10-09
ChIJyYzWCZpZXz4RutidiviI9hA,AL SAAD GENTS SALON,1 St - Al Nuaimia 1 - Ajman - United Arab Emirates,25.3764385,55.456967000000006,5,3,OPERATIONAL,barber_shop,,,,False,,men-only,2026-10-09
ChIJFW-SXABZXz4R4Ml8b4JtD3Y,مركز جاز للتجميل,9F82+X4C - Al Ramtha - Sharjah - United Arab Emirates,25.367425899999997,55.4502789,,,OPERATIONAL,beauty_salon,,,,False,,,2026-10-09
ChIJ0cnKjVBYXz4RKA_FL7Mb5RA,Naseem Beauty Saloon,9FG4+HQR - Ajman - United Arab Emirates,25.3764998,55.456896799999996,5,3,OPERATIONAL,beauty_salon,,,,False,,,2026-10-09
ChIJyZLa-MNZXz4RuY4N3AHUYVs,Clove Beauty Center,matajer - Al Quoz - Sharjah - United Arab Emirates,25.3520945,55.4517472,4.8,74,OPERATIONAL,beauty_salon,moderate,100,400,False,,,2026-10-09
ChIJ_47sagBZXz4RsbCxjoIIUIw,Diamond House Beauty Salon,Wasit St - 30 m - الفلج - ضاحية الرقة - الشارقة - United Arab Emirates,25.3537361,55.438116199999996,4.9,11,OPERATIONAL,beauty_salon,,,,False,,,2026-10-09
ChIJhe5sgyZZXz4Rk9Rm4lC265o,Al afdal saloon,Nuaimiya St - Al Nuaimia 1 - Ajman - United Arab Emirates,25.3773506,55.4555491,5,1,OPERATIONAL,beauty_salon,,,,False,,,2026-10-09
ChIJZ9DVVyxZXz4RZyNpyXOQ0Mk,Bait Al Maqas Men's Salon,1 Nuaimiya St - Ajman - United Arab Emirates,25.3773506,55.4555491,,,OPERATIONAL,hair_salon,,,,False,,men-only,2026-10-09
ChIJecETiaH39T4Rq7O0o-tgGtM,Velvet beauty salon,Al muihat 3 - عجمان - United Arab Emirates,25.3644705,55.4929644,4.1,117,OPERATIONAL,beauty_salon,moderate,100,400,False,,,2026-10-09
ChIJRSDw2PX39T4RseVuWvDd5vQ,Sakura Beauty Lounge,Academy building - Al Muwaihat 3 - Ajman - United Arab Emirates,25.3671492,55.493572,4.5,90,OPERATIONAL,beauty_salon,moderate,1,200,False,,,2026-10-09
ChIJXZWEseP39T4RnHrpKtcirAo,Lash Beauty Center,m - المويهات 3 - عجمان - United Arab Emirates,25.3643744,55.4928216,4.1,79,OPERATIONAL,beauty_salon,moderate,100,200,False,,,2026-10-09
ChIJMSec71dZXz4RV4CORjjmTxY,Henna by Maimoona,JR Residence 5 - Al Muwaihat 3 - Ajman - United Arab Emirates,25.3688851,55.4965105,4,2,OPERATIONAL,beautician,,,,False,,,2026-10-09
ChIJNxucuvv39T4RY5NdfQIytkE,Al Maghrbi Beauty Center مركز المغربي للتجميل,Al muwaihat 3 Diamond residence M floor office 8 - المويهات 3 - عجمان - United Arab Emirates,25.3626359,55.492179199999995,5,62,OPERATIONAL,beauty_salon,,,,False,,,2026-10-09
ChIJpQMjbQBZXz4RzscUup6hkN8,Heya Ladies Saloon,9F9R+42X - Al Muwaihat 3 - Ajman - United Arab Emirates,25.367854599999998,55.490113099999995,3.6,5,OPERATIONAL,beauty_salon,,,,False,,,2026-10-09
ChIJrwkkTBv39T4RdDA9sAXQGzs,Farju Make Over and Ladies Salon,near Ajman Academy - Mowaihat 3 - Ajman - United Arab Emirates,25.368722,55.4958981,5,2,OPERATIONAL,beauty_salon,,,,False,,,2026-10-09
ChIJVT_tAD5DdwgRbn4DNMU6-18,POOJA BEAUTY SALOON,Shop No 7 - Gharnatah St - opposite ADNOC Petrol Station - Al Muwaihat 3 - Ajman - United Arab Emirates,25.366265799999997,55.4924545,4.3,6,OPERATIONAL,beauty_salon,,,,False,,,2026-10-09
ChIJJx9l9mr39T4RO2VpzMLPSvc,House Barber,Shop 6 - Southern Sector. Building JR Resident 1 - المويهات 3 - عجمان - United Arab Emirates,25.368503099999998,55.4956744,4.6,20,OPERATIONAL,hair_salon,,,,False,,men-only,2026-10-09
ChIJE9-nIwD39T4RYyjC3eSGsZY,Alamy Barber shop,Al Muwaihat 3 - Ajman - United Arab Emirates,25.367804,55.4951376,5,70,OPERATIONAL,barber_shop,,,,False,,men-only,2026-10-09
ChIJ5c5EP2lZXz4R07DF9QCU9pc,Palash Hair Cutting Saloon,9F7M+M22 - Al Muwaihat 3 - Ajman - United Arab Emirates,25.3641276,55.482518299999995,4.5,11,OPERATIONAL,hair_salon,,,,False,,,2026-10-09
ChIJf-ZxAoj39T4RqSGAoqeSIAs,Al Jadeed Saloon,9F8R+FWC - Al Muwaihat 3 - Ajman - United Arab Emirates,25.3664804,55.491583899999995,4.1,7,OPERATIONAL,barber_shop,,,,False,,men-only,2026-10-09
ChIJtdX9NH5ZXz4RYJrrD5aVdyk,The Goddess Beauty,JR Residence 1 - Al Muwaihat 3 - Ajman - United Arab Emirates,25.3683139,55.4956366,5,52,OPERATIONAL,beauty_salon,,,,False,,,2026-10-09
ChIJo3g7Ct5ZXz4RGQ0rROQAQc0,Sahar Beauty Saloon,Shop 7 Gharnatah St - Al Muwaihat 3 - Ajman - United Arab Emirates,25.3671153,55.491035999999994,4.5,8,OPERATIONAL,beauty_salon,,,,False,,,2026-10-09
ChIJDZ-wGwD39T4R1OOO3DMuXEs,Al bayt Al Jamil beauty center,Al Muwaihat 3 - Ajman - United Arab Emirates,25.3681739,55.4943537,4.7,41,OPERATIONAL,beauty_salon,,,,False,,,2026-10-09
ChIJdyOsJA339T4Rt18fInECe9E,The Sisters Salon,Shop No. GO7 City Life - Mall - التلة 2 - عجمان - United Arab Emirates,25.3664417,55.510733,3.5,161,OPERATIONAL,beauty_salon,moderate,100,300,False,,,2026-10-09
ChIJbY8bpeFfXz4RfpbWgug8jv0,Waqt AlSaada Beauty Salon,Lulu Hypermarket street - Muwaileh Commercial - Industrial Area - Sharjah - United Arab Emirates,25.303188499999997,55.4494031,4.8,276,OPERATIONAL,beauty_salon,,,,False,,,2026-10-09
ChIJKwaeJQBfXz4RuRGxRQDn_RU,Sai Beauty Salon - Sharjah Branch,8F54+24P - Muwaileh Commercial - Industrial Area - Sharjah - United Arab Emirates,25.3075445,55.4552427,5,18,OPERATIONAL,beauty_salon,moderate,1,200,False,,,2026-10-09
ChIJsVnEq25fXz4Rnr-ENLe7oYU,Isra Salih Beauty Lounge,"Muwailih Commercial, Dubai vision Building - تجارية مويلح - المنطقة الصناعية - الشارقة - United Arab Emirates",25.309699199999997,55.454746699999994,4.8,313,OPERATIONAL,beauty_salon,,,,False,,,2026-10-09
ChIJKYc-EWBfXz4RkNN7aXLiX_A,The Loft Fifth Avenue Beauty Lounge - City Centre Al Zahia,Industrial Area - الزاهية - Sharjah - City Centre Alzahia - Level 3 Entrance B - تجارية مويلح - الزاهية - إمارة الشارقةّ - United Arab Emirates,25.3154315,55.454970499999995,4.7,811,OPERATIONAL,beauty_salon,very_expensive,100,700,False,,,2026-10-09
ChIJk2Ha7wwsCaYR5GsD3akLXjA,Sidra Beauty Center,near Rosary School Opposit Sewa Office School - Zone Area - Industrial Area - Sharjah - United Arab Emirates,25.2918411,55.4499929,4.8,120,OPERATIONAL,beauty_salon,moderate,1,200,False,,,2026-10-09
ChIJeaTqXzlfXz4R1KgagkXcaxo,Pearl Bee Beauty Salon,"Behind GEMS Millennium School, Muwaileh School area - M2 Building, Shop no 2 - تجارية مويلح - المنطقة الصناعية - الشارقة - United Arab Emirates",25.298266599999998,55.457738199999994,4.8,73,OPERATIONAL,beauty_salon,moderate,1,200,False,,,2026-10-09
ChIJRxogNgZfXz4RPygt_5RDYpY,High-End Details Beauty Salon,الشارقة-مويلح- خلف - محل رقم 10 - Sheikh Khalifa Bin Zayed Al Nahyan Rd - ال نهيان - Industrial Area - Sharjah - United Arab Emirates,25.3050453,55.45866,4.6,209,OPERATIONAL,beauty_salon,moderate,1,300,False,,,2026-10-09
ChIJOVXQ5vVfXz4RDjGG7cOA23M,Sareena ladies salon,Muwaileh Commercial - Industrial Area - Sharjah - United Arab Emirates,25.301203,55.4504592,4.7,254,OPERATIONAL,beauty_salon,moderate,1,200,False,,,2026-10-09
ChIJba3ay3tfXz4ReallJjjtNy4,Mira Beauty ميرا بيوتي - Beauty Chic,Muwaileh Commercial - Al Zahia - Sharjah - United Arab Emirates,25.3065861,55.456675999999995,4.4,136,OPERATIONAL,beauty_salon,moderate,1,200,False,,,2026-10-09
ChIJcZMY08BbXz4RAXhSzvsLDDw,Experts Ladies Salon by Namrata,"الشارقة, 25262 - Al Marzouqi Towers - C, 3rd Floor, 306 - Al Marzouqi Towers - حلوان - الشارقة - United Arab Emirates",25.354153999999998,55.423633599999995,4.8,137,OPERATIONAL,beauty_salon,moderate,1,200,False,,,2026-10-09
ChIJzQgcys53RqAR_1d4ZjhnbR0,City Beauty Ladies Salon,Muwaileh Commercial - Industrial Area - Sharjah - United Arab Emirates,25.305974,55.4459003,4.8,164,OPERATIONAL,beauty_salon,moderate,1,200,False,,,2026-10-09
ChIJ69cB64hfXz4RK3vfHvUDtpw,Sparkle Light Beauty Salon,3006 Building - Shop No.5 - Muwaileh Commercial - Industrial Area - Sharjah - United Arab Emirates,25.308804900000002,55.4551197,4.8,21,OPERATIONAL,beauty_salon,,,,False,,,2026-10-09
ChIJ27NNoSxfXz4RzhvOVsqbLlw,Golden Lotus Beauty Salon,Muwaileh Commercial - Industrial AreaMuwailih Commercial - Sharjah - United Arab Emirates,25.3073016,55.4553114,4.6,187,OPERATIONAL,beauty_salon,,,,False,,,2026-10-09
ChIJY6RZGEdZXz4RtiEBnARWTcE,Al Joory Al Ahmar Beauty & Henna Salon,Opp. Yasmin Building Samnan - University City Rd - Industrial Areas - Industrial Area - Sharjah - United Arab Emirates,25.332995999999998,55.422776999999996,4.3,99,OPERATIONAL,beauty_salon,,,,False,,,2026-10-09
ChIJvV3b1rFfXz4RaJp24DnxVbo,Sia beauty lounge,8F45+28Q - Muwaileh Commercial - Industrial Area - Sharjah - United Arab Emirates,25.304872699999997,55.458199500000006,4.5,269,OPERATIONAL,beauty_salon,moderate,1,400,False,,,2026-10-09
ChIJxZOmoLJZXz4R5KcEH4_1d3g,Seamless Beauty Home salon services,"next to masakan laundry, building 2001 - تجارية مويلح - المنطقة الصناعية - إمارة الشارقةّ - United Arab Emirates",25.3005788,55.449284299999995,4.6,7,OPERATIONAL,beauty_salon,,,,False,,,2026-10-09
ChIJN6aauTZfXz4RtNoV8PagHvM,Najmat Al reef beauty salon,near Viola Hotel Apartment - Muwaileh Commercial - Industrial Area - Sharjah - United Arab Emirates,25.3094563,55.4488525,4.9,10,OPERATIONAL,beauty_salon,,,,False,,,2026-10-09
ChIJx4xh6HZfXz4RqYvmGjtdv2o,Red Peach Ladies Beauty Salon,University street - Muwaileh Commercial - Industrial Area - Sharjah - United Arab Emirates,25.3080304,55.454176499999996,4.5,29,OPERATIONAL,beauty_salon,,,,False,,,2026-10-09
ChIJ6wqSJytfXz4RIsuiHeaU9CE,Al Kadi Beauty (Salon & Spa),Doha Building - Shop 2 Street no 3 - near Samaa Al Khaleej - Muwaileh Commercial - Industrial Area - Sharjah - United Arab Emirates,25.309887600000003,55.454418,4.7,276,OPERATIONAL,beauty_salon,moderate,1,300,False,,,2026-10-09
ChIJDZC5RU5fXz4RSTvVwJfCFCY,Rawaiee Beauty Salon - Safari Mall,Safari Mall - 2nd Floor - Muwaileh Commercial - Industrial Area - Sharjah - United Arab Emirates,25.304417599999997,55.451347299999995,4.6,58,OPERATIONAL,beauty_salon,moderate,1,400,False,,,2026-10-09
ChIJzYRGHGxfXz4RvTgt5jyI_0I,Al Majarah Al Zarqa Ladies Salon,Muwaileh Commercial - Industrial Area - Sharjah - United Arab Emirates,25.3035419,55.4459932,4.9,272,OPERATIONAL,beauty_salon,moderate,100,300,False,,,2026-10-09
ChIJLbMyubJfXz4R7jEQHDNVNAA,Aura Ladies Salon - Main Branch (Muwaileh Commercial),Muwaileh Commercial - Industrial Area - Sharjah - United Arab Emirates,25.3078586,55.4519672,4.7,443,OPERATIONAL,beauty_salon,moderate,1,300,False,,,2026-10-09
ChIJ9d_jLvpfXz4Re8S-DpdAuS4,Golden Blush Ladies Salon,Golden Blush Ladies Salon - Muwaileh Commercial - Industrial Area - Sharjah - United Arab Emirates,25.299486899999998,55.441132100000004,4.3,39,OPERATIONAL,beauty_salon,,,,False,,,2026-10-09
ChIJPWxxDQBfXz4R5Y2CPgKhr4k,Alwan Alward Ladies Salon,Muwaileh Commercial - Industrial Area - Sharjah - United Arab Emirates,25.312378100000004,55.4516996,5,63,OPERATIONAL,beauty_salon,moderate,1,100,False,,,2026-10-09
ChIJEWHiVadfXz4R3tvFPPHpaVU,Shemal Al Madina Ladies Salon,Muwaileh Commercial - Industrial Area - Sharjah - United Arab Emirates,25.3110392,55.4520157,4.8,29,OPERATIONAL,beauty_salon,,,,False,,,2026-10-09
ChIJj_i5049bXz4Rm-V7iESj4V4,Aura Ladies Salon - Branch 1 (Muwaileh Park),"Near Co-op, Al Saud Building - Muwaileh Commercial - Industrial Area - Sharjah - United Arab Emirates",25.310621899999997,55.4550037,4.9,188,OPERATIONAL,beauty_salon,moderate,1,400,False,,,2026-10-09
ChIJoV3UJn9fXz4RHnbMlfa6fMQ,Asha's Bader Al Sama Ladies Saloon,Lulu - Muwaileh Commercial - Industrial Area - Sharjah - United Arab Emirates,25.304831,55.4498124,4.8,37,OPERATIONAL,beauty_salon,,,,False,,,2026-10-09
ChIJhWNgXfdfXz4R3hm16pMSu6Y,Royal Touch ladies salon,"5210, shop no#6 - opposite to dream discount center - Muwaileh Commercial - Industrial Area - Sharjah - United Arab Emirates",25.2895541,55.446293999999995,4.8,95,OPERATIONAL,beauty_salon,moderate,1,200,False,,,2026-10-09
ChIJIa3LyNtfXz4RTV76_-xpZ7g,Anaz ladies salon,Muwaileh Commercial - Industrial Area - Sharjah - United Arab Emirates,25.311487099999997,55.4525431,4.5,43,OPERATIONAL,beauty_salon,,,,False,,,2026-10-09
ChIJi913rc5bXz4RYJ2keUu5-Hg,Velvet Ladies Salon,Muwaileh Commercial - Industrial Area - Sharjah - United Arab Emirates,25.309413799999998,55.453766599999994,4.4,97,OPERATIONAL,beauty_salon,very_expensive,100,700,False,,,2026-10-09
ChIJn_LnZbxfXz4Rv6Gq40f4q9M,Seher Alqamar Ladies Salon,Building no 4522 shop 5 - تجارية مويلح - المنطقة الصناعية - الشارقة - United Arab Emirates,25.292824,55.448293199999995,5,8,OPERATIONAL,beauty_salon,moderate,100,300,False,,,2026-10-09
ChIJiShrsCxfXz4RMGrgk1TyvJc,Ain Al Jaydaa Ladies Salon,near Safari mall - Muwaileh Commercial - Industrial Area - Sharjah - United Arab Emirates,25.3025324,55.452151799999996,4.8,59,OPERATIONAL,beauty_salon,,,,False,,,2026-10-09
ChIJIYXza0BfXz4RUW80wJ9zHZA,Anaqat Almustaqbel Ladies Salon,Muweilah - Muwaileh Commercial - Industrial Area - Sharjah - United Arab Emirates,25.3056891,55.4480012,5,12,OPERATIONAL,beauty_salon,,,,False,,,2026-10-09
ChIJkycPAQBfXz4R9R7m8IJwDKU,Raheeq alzahoor ladies salon,8F53+RXW - Muwaileh Commercial - Industrial Area - Sharjah - United Arab Emirates,25.3096241,55.4549671,4.6,14,OPERATIONAL,beauty_salon,moderate,1,300,False,,,2026-10-09
ChIJh5MPNeNfXz4RmPNDH8rWRa0,MARY GRACE LADIES SALON,Infront of qous Al madena supermarket - Muwaileh Commercial - Industrial Area - Sharjah - United Arab Emirates,25.3082936,55.4502534,4.9,11,OPERATIONAL,beauty_salon,expensive,1,500,False,,,2026-10-09
ChIJN2oSBwBfXz4RgRU81SjhsFU,SHAHNAZ LADIES SALON,"Building No: 541, Shop No: 3 , Old - تجارية مويلح - المنطقة الصناعية - الشارقة - United Arab Emirates",25.309692100000003,55.4626017,,,OPERATIONAL,beauty_salon,,,,False,,,2026-10-09
ChIJJ4OGQABfXz4RBoipTrHlTUU,SHAHNAZ LADIES SALON,8C3V+4M9 - Muwaileh Commercial - Industrial Area - Sharjah - United Arab Emirates,25.302674399999997,55.444288799999995,,,OPERATIONAL,beauty_salon,,,,False,,,2026-10-09
ChIJl2BnIelfXz4RJgZZlncmjJQ,Rouge and liner Beauty Salon,Muwaileh Commercial - Sharjah - United Arab Emirates,25.3235876,55.4699568,4.7,54,OPERATIONAL,beauty_salon,moderate,1,300,False,,,2026-10-09
ChIJBSqy7q1ZXz4RzZkmJwu7HaE,Nasmat Amal Ladies Salon,Sumnan - Samnan - Halwan - Sharjah - United Arab Emirates,25.3340408,55.423660399999996,5,2,OPERATIONAL,beauty_salon,,,,False,,,2026-10-09
ChIJ0yPsdiNfXz4R1rGMNPMSeec,Al Khayyal Al Raqi Ladies Salon,Blue Building - Shop No - 2 Maleha St - Muwaileh Commercial - Industrial Area - Sharjah - United Arab Emirates,25.2927923,55.4430774,4.8,43,OPERATIONAL,beauty_salon,moderate,1,100,False,,,2026-10-09
ChIJeajZ57RfXz4R7OJY8K-vEpo,Dar al zahia ladies salon,New - Mustafa building - Area No.3 - تجارية مويلح - المنطقة الصناعية - الشارقة - United Arab Emirates,25.3078112,55.449868599999995,4.8,48,OPERATIONAL,beauty_salon,moderate,1,200,False,,,2026-10-09
ChIJWxW2p2dfXz4RqBbXWd-aO2U,Shagufta Ladies Salon,7CXX+QW2 - Muwaileh Commercial - Industrial Area - Sharjah - United Arab Emirates,25.299321799999998,55.4495742,4.7,53,OPERATIONAL,beauty_salon,,,,False,,,2026-10-09
ChIJTQLaGGwxXj4RtC5iJ9F4WH4,Dana Al Yawazi Women Beauty Center LLC SPC,6 Bani Yas St - Bani Yas - EB9 - Abu Dhabi - United Arab Emirates,24.282951200000003,54.646854399999995,4.8,276,OPERATIONAL,beauty_salon,moderate,100,300,False,,,2026-10-09
ChIJIVrdeLUxXj4RS8hIKjlJPHQ,Sweet kids saloon صالون سويت كيدز اطفال,Bani Yas - EB9 - Abu Dhabi - United Arab Emirates,24.282963499999997,54.6469386,4.5,54,OPERATIONAL,barber_shop,,,,False,,men-only,2026-10-09
ChIJYcOSndMwXj4Rs4bcGo-cl3A,Metallic Beauty Salon صالون ميتالك بيوتي,7JMW+7RR - Bani Yas - EB9 - Abu Dhabi - United Arab Emirates,24.2832394,54.6470099,4.8,13,OPERATIONAL,beauty_salon,,,,False,,,2026-10-09
ChIJ_-MkY6U3Xj4Ra1MET4K3Szk,Stella Ladies Saloon,7JMW+6P9 - Bani Yas St - Bani Yas - EB9 - Abu Dhabi - United Arab Emirates,24.2830291,54.646851399999996,5,4,OPERATIONAL,beauty_salon,,,,False,,,2026-10-09
ChIJC8C1vNAxXj4R2HGsdwvREr0,Bella Ciao Gents Saloon,6 - 9 Abd Al As-hal Iyas Bin Aws St - Bani Yas - EB9 - Abu Dhabi - United Arab Emirates,24.283341000000004,54.6464752,,,OPERATIONAL,hair_salon,,,,False,,men-only,2026-10-09
ChIJXSo9rpoxXj4RHqVO5MTBqnM,M14 Beauty Salon,Bani Yas St - Bani Yas - EB9 - Abu Dhabi - United Arab Emirates,24.2830242,54.6468236,5,14,OPERATIONAL,beauty_salon,,,,False,,,2026-10-09
ChIJ6Zahg84xXj4RWrLGHhmXVFU,صالون الساقيه,6 Abd Al As-hal Iyas Bin Aws St - Bani Yas - EB9 - Abu Dhabi - United Arab Emirates,24.2829342,54.6469506,,,OPERATIONAL,hair_salon,,,,False,,,2026-10-09
ChIJaeJdX2ExXj4R49VsNHIz7BU,Al-Jazeera lights gents salon,Bani Yas - EB9 - Abu Dhabi - United Arab Emirates,24.282393,54.6474357,3.7,6,OPERATIONAL,barber_shop,,,,False,,men-only,2026-10-09
ChIJL-4MydMwXj4RwCG1pUPCqBE,Mohd Akram Din Saloon,7JJW+H76 - Bani Yas - WB4 - Abu Dhabi - United Arab Emirates,24.2814247,54.645636,2.3,4,OPERATIONAL,hair_salon,,,,False,,,2026-10-09
ChIJAQAAAAc5Xj4RyYZgcl6Qj6I,Ruby Salon - Mohamed Bin Zayed City Br 1 Abu Dhabi,Rastan St - Mohamed Bin Zayed City - Z30 - Abu Dhabi - United Arab Emirates,24.2970883,54.562950199999996,3.9,88,OPERATIONAL,beauty_salon,,,,False,,,2026-10-09
ChIJZ3Y4rQc5Xj4Rf2Hj5qf3te0,صالون مروح للرجال,7HW7+G5P صالون حلاقة - Mohamed Bin Zayed City - Z30 - Abu Dhabi - United Arab Emirates,24.296338199999997,54.5629492,2.3,6,OPERATIONAL,hair_salon,,,,False,,,2026-10-09
ChIJYUWSZQA5Xj4R6K0isEX80z8,Men Salon,7HW7+M5H - Mohamed Bin Zayed City - Z30 - Abu Dhabi - United Arab Emirates,24.296685200000002,54.562999899999994,,,OPERATIONAL,hair_salon,,,,False,,men-only,2026-10-09
ChIJicjNWjA5Xj4Rs_XYoRMaURY,مر وع صا لون الر جال,7HW7+M5H - beside Al Jazeera Park - Mohamed Bin Zayed City - Zone 30 - Abu Dhabi - United Arab Emirates,24.2966849,54.562999,4,1,OPERATIONAL,hair_salon,,,,False,,,2026-10-09
ChIJM3LYPwA5Xj4RrG-NL0wf-jw,Companion Beauty Salon & SPA | MBZ City Lulu Branch,First Floor - inside Lulu Hypermarket - Mohamed Bin Zayed City - Z30 - Abu Dhabi - United Arab Emirates,24.3013391,54.5665968,4.8,65,OPERATIONAL,beauty_salon,moderate,100,300,False,,,2026-10-09
ChIJe8yFjyY5Xj4R4XF7d9fE92I,Concord Salon,Z30 8H28+3R Lulu Hypermarket - first floor اللولو هايبر ماركت - الطابق الأول - Mohamed Bin Zayed City - Z30 - Abu Dhabi - United Arab Emirates,24.3001875,54.5670625,4.8,51,OPERATIONAL,hair_salon,moderate,1,100,False,,,2026-10-09
ChIJqbZoi0E3Xj4RqvcwgAiD-I0,Octa ladies beauty center,10 Al Musawamah - Bani Yas - Baniyas West - Abu Dhabi - United Arab Emirates,24.300845600000002,54.616661699999995,4.8,174,OPERATIONAL,beauty_salon,moderate,100,400,False,,,2026-10-09
ChIJ2Vb-EwA3Xj4Rvihc0dAhjho,صالون رويال Royal Saloon,7JX6+P52 - Tawi As Sibayʹi St - Bani Yas - Baniyas West - Abu Dhabi - United Arab Emirates,24.2992569,54.610375299999994,,,OPERATIONAL,beauty_salon,,,,False,,,2026-10-09
ChIJwf6tOSA3Xj4RNTgGxdvf_TQ,صالون كيرلي للرجال Curly Gents Salon,Ghafat Barashi St - Bani Yas - Baniyas West - Abu Dhabi - United Arab Emirates,24.299547099999998,54.6160619,5,2,OPERATIONAL,hair_salon,,,,False,,men-only,2026-10-09
ChIJ0-UqaLA3Xj4RQyw3xdUBT8Y,Shine Creation Beauty Ladies Center,The Square Plaza - Unit #4&5 Riq'at Qamrah Street - Bani Yas - Baniyas West - Abu Dhabi - United Arab Emirates,24.3007282,54.6163381,5,25,OPERATIONAL,beauty_salon,,,,False,,,2026-10-09
ChIJdYfZ10A3Xj4RKjCxRVYm-QM,Kanaan Gents Saloon-صالون كنعان للرجال,Abu Dhabi - Bani Yas - EB5 - Abu Dhabi - United Arab Emirates,24.296934099999998,54.6287108,4.3,149,OPERATIONAL,barber_shop,,,,False,,men-only,2026-10-09
ChIJaTohWAA3Xj4Rf6EJmsjlXlA,صالون رويال فيدس,Bani Yas - Baniyas West - Abu Dhabi - United Arab Emirates,24.2981211,54.621944199999994,4.6,61,OPERATIONAL,barber_shop,inexpensive,1,60,False,,men-only,2026-10-09
ChIJ5dmFEQA5Xj4RUUhWfRGaTWA,Ms,11 Rihoul St - Mohamed Bin Zayed City - ME11 - Abu Dhabi - United Arab Emirates,24.325349499999998,54.5376653,4.2,25,OPERATIONAL,hair_salon,,,,False,,,2026-10-09
ChIJifIQ9Lk4Xj4RvyIgEGAO9Mo,Indian Star Ladies Beauty Salon,16 Shahl St - Mohamed Bin Zayed City - ME12 - Abu Dhabi - United Arab Emirates,24.3222779,54.533716899999995,4.3,598,OPERATIONAL,beauty_salon,moderate,1,200,False,,,2026-10-09
ChIJA35JGlc5Xj4RsPEzm8a_Cxw,Steel Cuts Barber - حلاق ستيل كاتس,Mohamed Bin Zayed City - ME11 - Abu Dhabi - United Arab Emirates,24.318277,54.5366767,4.8,25,OPERATIONAL,barber_shop,,,,False,,men-only,2026-10-09
ChIJc710kLs4Xj4RDL8W48yUOeU,Good Cut Saloon Musaffah,8GGQ+52M - 10th St - Mohamed Bin Zayed City - ME11 - Abu Dhabi - United Arab Emirates,24.3254624,54.5375531,3.9,18,OPERATIONAL,barber_shop,,,,False,,men-only,2026-10-09
ChIJbe5H5t85Xj4RUDLz8Y-DT9k,Break Home Massage Spa Men’s Care,2 Riqʹat Hasan St - Mohamed Bin Zayed City - ME11 - Abu Dhabi - United Arab Emirates,24.3264605,54.5335775,4.8,208,OPERATIONAL,beauty_salon,,,,False,,men-only,2026-10-09
ChIJK6q2uP45Xj4RbfzR3WNVwCY,Nova Beauty Gents Salon,Musaffah - ME11 - Abu Dhabi - United Arab Emirates,24.327625599999998,54.53595730000001,3.3,8,OPERATIONAL,hair_salon,,,,False,,men-only,2026-10-09
ChIJg1n6tro4Xj4RDZdnfw89_Ek,Happy Day Gents Salon,8GGM+WHM - Mohamed Bin Zayed City - ME11 - Abu Dhabi - United Arab Emirates,24.327331599999997,54.5339299,3.8,15,OPERATIONAL,hair_salon,,,,False,,men-only,2026-10-09
ChIJxyZe9Mg5Xj4RsfzOfeBQ-g0,صالون الخواجا,Mohamed Bin Zayed City - ME12 - Abu Dhabi - United Arab Emirates,24.3183021,54.5385901,4.8,75,OPERATIONAL,barber_shop,,,,False,,men-only,2026-10-09
ChIJqaQ6iC85Xj4RsVz_ciHD7I8,Hair cut,8GFM+4G8 - Mohamed Bin Zayed City - ME12 - Abu Dhabi - United Arab Emirates,24.3227844,54.533753499999996,3.8,11,OPERATIONAL,barber_shop,,,,False,,men-only,2026-10-09
ChIJ803MSw85Xj4R8gBaPIO3lJA,صالون أفنان مصفح M12,Usayd Bin Hudayr St - Mohamed Bin Zayed City - ME12 - Abu Dhabi - United Arab Emirates,24.3185933,54.536969899999995,3.5,43,OPERATIONAL,beauty_salon,,,,False,,,2026-10-09
ChIJI6QJtrg4Xj4R8VhkddNvfOo,BEST STAR SALOON,23 Sayh Al ʹAraybi St - Mohamed Bin Zayed City - ME12 - Abu Dhabi - United Arab Emirates,24.3197582,54.53789,4.1,16,OPERATIONAL,barber_shop,,,,False,,men-only,2026-10-09
ChIJ7VfPaRQ5Xj4RA--bXunS0OQ,Just shanab gents salon صالون للرجال جست شنب,22 Um Al ʹImad Street - Mohamed Bin Zayed City - ME11 - Abu Dhabi - United Arab Emirates,24.3278939,54.5325017,3.6,29,OPERATIONAL,nail_salon,,,,False,,men-only,2026-10-09
ChIJ-R5oCrs4Xj4RtXH0-lRDcSw,Top Look Gents Saloon,Abu Dhabi - Mohamed Bin Zayed City - ME11 - Abu Dhabi - United Arab Emirates,24.3259986,54.5366972,4.2,27,OPERATIONAL,barber_shop,,,,False,,men-only,2026-10-09
ChIJOdy0rpM5Xj4RyYrr8KmUcQU,صالون المزيونه للحناء والتجميل,14 Yaw Al Ghuweifat St - Mohamed Bin Zayed City - ME10 - Abu Dhabi - United Arab Emirates,24.329577099999998,54.533423299999995,4.1,74,OPERATIONAL,beauty_salon,,,,False,,,2026-10-09
ChIJP8IJcLw5Xj4RV_3UnhRln20,Indian Star Ladies Beauty Saloon- Branch,"Al Asr Street/Al Rai Street(Near Tawakal Furniture 4th Building After Al Reyada Jewellery, Sector 11, Flat M-01 Shabia Khalifa, Mussaffah Latitude-24.32663 Longitude 54.53715 - مدينة محمد بن زايد - محمد بن زايد شرق 11 - أبو ظبي - United Arab Emirates",24.3264994,54.5367106,4.7,158,OPERATIONAL,beauty_salon,moderate,1,200,False,,,2026-10-09
ChIJVZHe5gI5Xj4RI0t-yZ2WHAQ,Rebound salon,5 Khat St - Mohamed Bin Zayed City - ME12 - Abu Dhabi - United Arab Emirates,24.323552499999998,54.5313125,4.7,27,OPERATIONAL,barber_shop,,,,False,,men-only,2026-10-09
ChIJycfLuOM5Xj4RFd61jKanA6Q,Bladez Gents Salon,خلف محل سناكات - 12 Al Masarid St - Mohamed Bin Zayed City - CityShabiya 12 - Abu Dhabi - United Arab Emirates,24.3187532,54.5387607,4.8,162,OPERATIONAL,hair_salon,,,,False,,men-only,2026-10-09
ChIJCfK0VDQ5Xj4RdVteP3a8zos,REEF ALSHAM GENTS SALON,14 Um Al ʹImad Street - Mohamed Bin Zayed City - ME11 - Abu Dhabi - United Arab Emirates,24.3283499,54.532173199999995,4.7,59,OPERATIONAL,barber_shop,,,,False,,men-only,2026-10-09
ChIJ0aF1awA5Xj4RzsnvtOgyrIo,Turkish Mustache تركش موستاش,8G9P+F7Q - Mohamed Bin Zayed City - ME12 - Abu Dhabi - United Arab Emirates,24.3187079,54.53574,5,16,OPERATIONAL,hair_salon,,,,False,,,2026-10-09
ChIJkdfyBfY5Xj4R6Ssl9zGJNrE,AL HARAMLEK BEAUTY CENTER,Mussafah - Al Qraih St - Mohamed Bin Zayed City - ME12 - Abu Dhabi - United Arab Emirates,24.3181492,54.538609799999996,3.4,15,OPERATIONAL,beauty_salon,,,,False,,,2026-10-09
ChIJhVfAK4k5Xj4RbHhZUFTulLQ,"AWTAR BEAUTY CENTER MBZ , ABUDHABI",Mohamed Bin Zayed City - Z23 - Abu Dhabi - United Arab Emirates,24.314903700000002,54.5582743,4.6,232,OPERATIONAL,beauty_salon,expensive,100,500,False,,,2026-10-09
ChIJqbUVmjI5Xj4RV0UeI3rtKNg,1847 EDIT My Town Center MBZ,Mohamed Bin Zayed City - Z23 - Abu Dhabi - United Arab Emirates,24.3151481,54.558204599999996,4.8,200,OPERATIONAL,barber_shop,moderate,100,200,False,,men-only,2026-10-09
ChIJk52ZdNo5Xj4RB1qWnAG5aXA,N.Bar Nail Spa & Salon My Town Center MBZ,Mohamed Bin Zayed City - Z23 - Abu Dhabi - United Arab Emirates,24.3153239,54.5583491,4.7,319,OPERATIONAL,nail_salon,moderate,100,300,False,,,2026-10-09
ChIJNzGvYmxmXj4RiZGijh7LIvo,مركز مملكة الجمال,727 Al Manhal St - Mohamed Bin Zayed City - Z20 - Abu Dhabi - United Arab Emirates,24.322430999999998,54.5401124,3.4,83,OPERATIONAL,beauty_salon,,,,False,,,2026-10-09
ChIJwRAhTuw5Xj4Rby1hbkcY9ms,Royal Crown Beauty Salon,13 Al Masarid St - Mohamed Bin Zayed City - ME12 - Abu Dhabi - United Arab Emirates,24.31868,54.538897999999996,3.6,28,OPERATIONAL,beauty_salon,,,,False,,,2026-10-09
ChIJyeR_SNA5Xj4RvJ2RJp75KbE,Aseela henna artist,zone 25 - villa 12 Aluminium Street - Mohamed Bin Zayed City - Z25 - Abu Dhabi - United Arab Emirates,24.3111198,54.5635544,4.8,30,OPERATIONAL,beauty_salon,,,,False,,,2026-10-09
ChIJZZQ3B9g5Xj4Ru6ePF4wxb1c,Stories Kids Salon,My Town Center - Mohamed Bin Zayed City - Zone 23 - Abu Dhabi - United Arab Emirates,24.315412799999997,54.5577537,4.8,103,OPERATIONAL,beauty_salon,moderate,1,200,False,,,2026-10-09
ChIJh_uD3m85Xj4RBJOJd5VJwQ8,Marvish shine beauty home services,"Muhammed bin Zayed city, Zone No. 20, Villa No. 278 - مدينة محمد بن زايد - محمد بن زايد 20 - أبو ظبي - United Arab Emirates",24.3241063,54.549698899999996,4.6,16,OPERATIONAL,beautician,,,,False,,,2026-10-09
ChIJ2djxtgk5Xj4RxiaaioL9bg8,Spa 1989,8G7Q+GVX - Oud altuba Street - Mohamed Bin Zayed City - Z27 - Abu Dhabi - United Arab Emirates,24.3138558,54.539737599999995,1,1,OPERATIONAL,beauty_salon,,,,False,,,2026-10-09
ChIJr8iSous5Xj4RF9f5Gdhbtjs,Fade Room gents salon,Musaffah - Mohamed Bin Zayed City - ME12 - Abu Dhabi - United Arab Emirates,24.318009999999997,54.5388369,5,1,OPERATIONAL,hair_salon,,,,False,,men-only,2026-10-09
ChIJiZ2f_UI5Xj4ReX08aMMGSoU,محطه القلعه,8HCQ+FM7 - Mohamed Bin Zayed City - Z35 - Abu Dhabi - United Arab Emirates,24.3211147,54.589061199999996,3,2,OPERATIONAL,barber_shop,,,,False,,men-only,2026-10-09
ChIJ22COaoM3Xj4RYB7OPwdreWk,صالون ابو حمدان للرجال,8JF9+CJM - Bani Yas - EB2 02 - Abu Dhabi - United Arab Emirates,24.3235769,54.619032499999996,3.8,66,OPERATIONAL,barber_shop,,,,False,,men-only,2026-10-09
ChIJNSeH3Jc5Xj4R9Gn6KztlNE4,حلاق جست برستيج للرجال Just Prestige Gents Salon,"8J54+WM Abu Dhabi 24.3097525, 54.6066343 - بني ياس - شرق 3 - أبو ظبي - United Arab Emirates",24.3101079,54.606490799999996,4.4,63,OPERATIONAL,hair_salon,,,,False,,men-only,2026-10-09
ChIJY9wBUAA3Xj4RHgCm5aISavs,عروس الصحراء,8JF9+9JV - Bani Yas - Baniyas East - Abu Dhabi - United Arab Emirates,24.3234758,54.6190335,3.9,18,OPERATIONAL,beauty_salon,,,,False,,,2026-10-09
ChIJn8JqQR03Xj4REWqgFbMUIYQ,صالون شباب سناب,11 - 3 Al Mandous St - Bani Yas - East 3 - Abu Dhabi - United Arab Emirates,24.306414699999998,54.6113145,4.8,106,OPERATIONAL,hair_salon,,,,False,,,2026-10-09
ChIJu0YJGoA3Xj4ROCr1wk1h6bU,Sparrows kids saloon,8J96+566 - Bani Yas - EB2 01 - Abu Dhabi - United Arab Emirates,24.3179095,54.6105266,4.4,32,OPERATIONAL,barber_shop,,,,False,,men-only,2026-10-09
ChIJfR-4PQ05Xj4RY9tJlQYCkPg,Stylish Men's Care Spa,Near Main Etisalat Offc - Bldg 16 - Bani Yas - East 3 - Abu Dhabi - United Arab Emirates,24.3102418,54.6064212,3.8,34,OPERATIONAL,barber_shop,,,,False,,men-only,2026-10-09
ChIJi8bNBJQ3Xj4RW0-B2il9FBg,حلاق المقص الابيض للرجال,مدينة بني ياسشرق 3 - Bani Yas - East 3 - Abu Dhabi - United Arab Emirates,24.306349,54.6115468,3.9,8,OPERATIONAL,barber_shop,,,,False,,men-only,2026-10-09
ChIJfdd0XWc5Xj4R7X8N9miotYw,Zahrat Al Batul Ladies Beauty Center,"Al Muwaiji street, Street 5, Al Mafraq - Ghabat Gadeem - بني ياس - بني ياس شرق - أبو ظبي - United Arab Emirates",24.3237584,54.6195891,4.6,71,OPERATIONAL,beauty_salon,,,,False,,,2026-10-09
ChIJ7cAaLABpXj4RkTD4Ar2GlJA,SALON FENI For men / صالون فيني ل رجال,8J29+7J3 - Bani Yas - Baniyas West - Abu Dhabi - United Arab Emirates,24.300570999999998,54.6190943,4.8,39,OPERATIONAL,barber_shop,,,,False,,men-only,2026-10-09
ChIJP62LnMA3Xj4RIszOUCkof-4,Crown worthy beauty center مركز كراون ويرثي للتجميل,29 شارع الراشد - Bani Yas - East 3 - Abu Dhabi - United Arab Emirates,24.308805,54.6081666,4.1,53,OPERATIONAL,beauty_salon,,,,False,,,2026-10-09
ChIJRYqhWAA3Xj4RHPWhQzSfkWI,Etoile beauty salon,Thiban Building - Shop No.1 Al Ta'Atuf St - Bani Yas - EB3 - Abu Dhabi - United Arab Emirates,24.306084499999997,54.6123846,4.9,36,OPERATIONAL,beauty_salon,moderate,100,300,False,,,2026-10-09
ChIJy0LT_945Xj4RBGCO1W43Irk,AL Sahir Gents Salon,Bani YasEast 3 - بني ياس - شرق 3 - أبو ظبي - United Arab Emirates,24.3147891,54.60715940000001,4.4,14,OPERATIONAL,hair_salon,,,,False,,men-only,2026-10-09
ChIJ3zTtEABBXj4RrQXv-VGc1DA,Never fold gents salon L.L.C Branch 1,Musaffah - M26 - Abu Dhabi - United Arab Emirates,24.353305199999998,54.5189604,4.4,24,OPERATIONAL,hair_salon,,,,False,,men-only,2026-10-09
ChIJGVINLLZAXj4R1eVEJZQPO1g,صالون الاصفر للحلاقة,9G37+4GQ - Musaffah - M32 01 - Abu Dhabi - United Arab Emirates,24.3528351,54.513853499999996,3.9,15,OPERATIONAL,barber_shop,,,,False,,men-only,2026-10-09
ChIJrwmiy7RAXj4RVc694s_xdMI,KAR KAR gents salon,9G2C+MJX - Musaffah - M26 - Abu Dhabi - United Arab Emirates,24.351748399999998,54.521611199999995,4,17,OPERATIONAL,beauty_salon,,,,False,,men-only,2026-10-09
ChIJuUeP8ao4Xj4RxMi6isbzXA4,nails the modern manicure studio - Dalma Mall branch,"Ground Floor, Dalma Mall - مدينة أبوظبى الصناعية - ايكاد 1 - أبو ظبي - United Arab Emirates",24.3349941,54.523683299999995,4.8,1021,OPERATIONAL,nail_salon,moderate,100,350,False,,,2026-10-09
ChIJswz5AeRBXj4RwAmqBMv9IvI,Standard Flower Gents Salon,Standard Flower Gents Salon - 6 Al Kawakib 3 St - Musaffah - M33 - Abu Dhabi - United Arab Emirates,24.356371199999998,54.510214899999994,5,4,OPERATIONAL,barber_shop,,,,False,,men-only,2026-10-09
ChIJ-2RJpOtBXj4Rp4TlKDZ7vsE,Mussfah 26,76 Ad Diman 6 St - Musaffah - M26 - Abu Dhabi - United Arab Emirates,24.349588699999998,54.518803999999996,4.3,6,OPERATIONAL,beauty_salon,,,,False,,,2026-10-09
ChIJrzco_UdBXj4RQJPS7RSKTt4,Wadi Punjab saloon,76 Ad Diman 6 St - Musaffah - M26 - Abu Dhabi - United Arab Emirates,24.349588699999998,54.518803999999996,5,10,OPERATIONAL,beauty_salon,,,,False,,,2026-10-09
ChIJKUIDIy9BXj4R6UaKJFEJwKk,....................,building 45 - Musaffah - M26 - Abu Dhabi - United Arab Emirates,24.350276299999997,54.5205932,5,3,OPERATIONAL,beauty_salon,,,,False,,,2026-10-09
ChIJw-h8vwxBXj4R61OE7lhh0mg,Dream Lovely Gents Salon,8GXC+J4J - Musaffah - M26 - Abu Dhabi - United Arab Emirates,24.3490809,54.520260199999996,4.1,10,OPERATIONAL,beauty_salon,,,,False,,men-only,2026-10-09
ChIJC_6gQJY5Xj4RvlU8hx0MrtM,N Beauty Salon,8GJF+RMG Dalma Mall - 19th St - Abu Dhabi Industrial City - ICAD I - Abu Dhabi - United Arab Emirates,24.3320631,54.5242127,4.2,235,OPERATIONAL,beauty_salon,moderate,100,200,False,,,2026-10-09
ChIJOT__8uA5Xj4Rlv-SjQrGPiE,City Cut Salon - Dalma Mall - Kids & Gents,Dalma Mall - near Food Court - Second Floor - مصفح - ايكاد 1 - أبو ظبي - United Arab Emirates,24.3347765,54.5238642,4,74,OPERATIONAL,barber_shop,,,,False,,men-only,2026-10-09
ChIJ30QrfVlHXj4RNznnw6DrRt8,Spring Days Ladies Beauty Saloon,"14 Musari St, Building No.C80, ME9, Near Safeer Mall - مدينة محمد بن زايد - محمد بن زايد شرق 9 - أبو ظبي - United Arab Emirates",24.3435658,54.5363791,4.8,138,OPERATIONAL,beauty_salon,,,,False,,,2026-10-09
ChIJsw6LWwA5Xj4RW_AF0uHPbZo,مصفح شعبيه 12,8GJM+GX5 - Mohamed Bin Zayed City - Mussafah Community - Abu Dhabi - United Arab Emirates,24.331267399999998,54.5349812,4.2,43,OPERATIONAL,beauty_salon,,,,False,,,2026-10-09
ChIJ6_WfJ3dmXj4RZQmzEt54c2U,Rival beauty lounge,Abu Dhabi - Mohamed Bin Zayed City - Z19 - Abu Dhabi - United Arab Emirates,24.327073,54.539674899999994,4.7,1063,OPERATIONAL,beauty_salon,,,,False,,,2026-10-09
ChIJjUAl_p05Xj4RrzZQVGSfVV0,Le Florina Ladies Beauty Salon Musaffah | صالون فلورينا للتجميل للسيدات | Ladies Beauty Salon MBZ City,Building No: 1935 - C-70 M-01 - near Etihad Rail Station - Mohamed Bin Zayed City - ME10 - Abu Dhabi - United Arab Emirates,24.3370972,54.5306118,4.8,576,OPERATIONAL,beauty_salon,moderate,1,200,False,,,2026-10-09
ChIJ8ex8GXI5Xj4Rc5m8NvenPh0,Zamalek star ladies salon,32/1 - Musaffah - ME10 - Abu Dhabi - United Arab Emirates,24.3301478,54.5345563,4.3,11,OPERATIONAL,beauty_salon,,,,False,,,2026-10-09
ChIJywlzodE5Xj4RF1q0f3U82vs,"My Look Ladies Beauty Lounge, Mussafah",Fresh Fruit Mart Building - Mezzanine Floor 04 - near Layali AlSham Restaurant - Mohamed Bin Zayed City - ME10 - Abu Dhabi - United Arab Emirates,24.3295148,54.5366401,4.6,875,OPERATIONAL,beauty_salon,expensive,1,500,False,,,2026-10-09
ChIJnS98uac4Xj4R3BbG-ufXM_E,Vanitha Ladies Saloon - Mussafah Branch,"Mezz 01 & 03, Mussafah-10 - Same building with Green Care Pharmacy - in front of Biryani Palace Restaurant - مدينة محمد بن زايد - محمد بن زايد شرق 10 - أبو ظبي - United Arab Emirates",24.3362598,54.5343198,4.6,760,OPERATIONAL,beauty_salon,moderate,100,300,False,,,2026-10-09
ChIJs3vc-XRHXj4RQKB3T7jojoE,Twisted trimmers gents salon,11 Shwiman St - Mohamed Bin Zayed City - ME9 - Abu Dhabi - United Arab Emirates,24.3407819,54.534472,4.5,403,OPERATIONAL,barber_shop,inexpensive,20,80,False,,men-only,2026-10-09
ChIJ8bAaoyc5Xj4RKLrkfgfcl-Q,صالون الاسطورة المصري للرجل,Unnamed Road - Mohamed Bin Zayed City - ME10 - Abu Dhabi - United Arab Emirates,24.3369358,54.5363591,4.4,70,OPERATIONAL,barber_shop,inexpensive,40,60,False,,men-only,2026-10-09
ChIJ370tt8s5Xj4RbzcVsDTjo3s,ankita ladies beauty salon,SHABIYA - M10 - Abu Dhabi - United Arab Emirates,24.3328126,54.534440499999995,4.4,26,OPERATIONAL,beauty_salon,,,,False,,,2026-10-09
ChIJ1TavO7FHXj4RggvNIQ2170I,OFF WHITE Salon & Spa,Mohamed Bin Zayed City - M9 - Abu Dhabi - United Arab Emirates,24.344647,54.5369094,4.5,186,OPERATIONAL,beauty_salon,,,,False,,,2026-10-09
ChIJayuaDsM5Xj4RdUrjCnR9yOg,Tirur Saloon,8GPP+C4V - Mohamed Bin Zayed City - ME10 - Abu Dhabi - United Arab Emirates,24.336102399999998,54.5352822,3.6,18,OPERATIONAL,beauty_salon,,,,False,,,2026-10-09
ChIJy_ltqMY5Xj4R6AauX68d-hQ,Style and smile gents salon,Al Martaʹshah St - Mohamed Bin Zayed City - ME10 - Abu Dhabi - United Arab Emirates,24.3351304,54.531843599999995,4.5,13,OPERATIONAL,hair_salon,,,,False,,men-only,2026-10-09
ChIJdwN6yac4Xj4Rjoks1vUX42w,Snow White Beauty Salon,Mohamed Bin Zayed City - ME10 - Abu Dhabi - United Arab Emirates,24.3358869,54.5339369,4.6,106,OPERATIONAL,beauty_salon,,,,False,,,2026-10-09
ChIJZfS_6Es5Xj4Rx0rElC-xoSE,Twisted trimmers BRANCH 3,شارع الدراج - Mohamed Bin Zayed City - السكنية والتجارية - Abu Dhabi - United Arab Emirates,24.3309945,54.5345144,4.6,100,OPERATIONAL,barber_shop,inexpensive,1,40,False,,men-only,2026-10-09
ChIJ2SOz_FI5Xj4Rb4VZoGTYkqQ,Ruby Salon - Mohamed Bin Zayed City Br 2 Abu Dhabi,Saeed Bin Abdullah Al Qubaisi St - near 342-349 - Mohamed Bin Zayed City - Z12 - Abu Dhabi - United Arab Emirates,24.3328483,54.5670268,4.5,42,OPERATIONAL,beauty_salon,moderate,1,100,False,,,2026-10-09
ChIJ22Wcv7M5Xj4RHiLNi34QnEI,MU LaCoiffeur Lounge woman,Al Qua'a - 22 street Mahawi - Zayed City - MZ44 - Abu Dhabi - United Arab Emirates,24.3497222,54.5847222,,,OPERATIONAL,beauty_salon,,,,False,,,2026-10-09
ChIJ064ZbgA3Xj4R9NOKIaC3LM0,Taper Dock men’s barbershop,metropolitan al mafraq hotel - Shk. Maktoum Bin Rashid Rd - Shakhbout City - MSH44 - Abu Dhabi - United Arab Emirates,24.3304218,54.623321499999996,5,29,OPERATIONAL,barber_shop,,,,False,,men-only,2026-10-09
ChIJjRn-DLxBXj4RNKDugsb_UgI,Golden star gents salon,Al Basith camb - near al madeena super market - مصفح - مصفح الصناعية - أبو ظبي - United Arab Emirates,24.3726989,54.479573200000004,5,1,OPERATIONAL,beauty_salon,,,,False,,men-only,2026-10-09
ChIJgwlPXgVBXj4RaFg2MJRUhJs,Green Valley Saloon,9FGC+9Q - Musaffah - Musaffah Industrial - Abu Dhabi - United Arab Emirates,24.3759048,54.471913699999995,,,OPERATIONAL,barber_shop,,,,False,,men-only,2026-10-09
ChIJWztjAQBBXj4Rc3HaYVJRvy4,Cool Shots Gents Saloon,Al Hiraf2 street - Musaffah - M11 - Abu Dhabi - United Arab Emirates,24.360490799999997,54.5107852,4.7,25,OPERATIONAL,barber_shop,,,,False,,men-only,2026-10-09
ChIJ7Y8GNf1BXj4Rwzo1kPLtahg,Gulf Glamour Men Salon,"shop 01, building 147 - 36 شارع الحرَف 6 - Musaffah - M11 - Abu Dhabi - United Arab Emirates",24.3646961,54.506895199999995,4.6,19,OPERATIONAL,beauty_salon,,,,False,,men-only,2026-10-09
ChIJwTfCb19BXj4Rjav9VmrFmWo,Hearcols gens saloon,9FCP+4R6 - Musaffah - Musaffah Industrial - Abu Dhabi - United Arab Emirates,24.370327699999997,54.4866823,4.7,7,OPERATIONAL,hair_salon,,,,False,,,2026-10-09
ChIJ_UAO2MNBXj4RHAj7TfiUQvE,Homera Saloon for Men,Unnamed Road - 9F7Q+RC2 - مصفح - مصفح 17 - أبو ظبي - United Arab Emirates,24.3645188,54.488529299999996,5,4,CLOSED_TEMPORARILY,hair_salon,,,,False,,not-operational,2026-10-09
ChIJIzLTVsRBXj4RquIYrsfLPK0,SP GENTS SALOON,50 As Sawari 5 St - Musaffah - M13 - Abu Dhabi - United Arab Emirates,24.3706104,54.4950784,5,4,OPERATIONAL,beauty_salon,,,,False,,men-only,2026-10-09
ChIJhdQYIydBXj4RqWi2HUxr2Ok,Get fresh saloon,As Sawari 1 St - Musaffah - M13 - Abu Dhabi - United Arab Emirates,24.3714713,54.4959424,4.8,4,OPERATIONAL,beauty_salon,,,,False,,,2026-10-09
ChIJgSu-zBxBXj4Rz8Jg9k1AQK8,Al Zayani Saloon,7 Al Qunout 4 St - Musaffah - M16 - Abu Dhabi - United Arab Emirates,24.370672,54.489033,,,OPERATIONAL,hair_salon,,,,False,,,2026-10-09
ChIJv1C0ZN9AXj4RSxpfmHhrX8g,Green View Gents Saloon,9GC3+79 - Musaffah - M10 - Abu Dhabi - United Arab Emirates,24.3706875,54.5034375,4.7,22,OPERATIONAL,barber_shop,,,,False,,men-only,2026-10-09
ChIJ8ZPO0QRBXj4R_OvxspHe20A,Sky tower Gents,Musaffah - M11 - Abu Dhabi - United Arab Emirates,24.3615274,54.5024984,3.7,7,OPERATIONAL,hair_salon,,,,False,,men-only,2026-10-09
ChIJX8F69T9BXj4Rgb-2we6_2sc,Gujranwala Gents Saloon,9F8P+9QG - Musaffah - Industrial - Abu Dhabi - United Arab Emirates,24.365928,54.4869631,4,4,OPERATIONAL,barber_shop,,,,False,,men-only,2026-10-09
ChIJAb0bBM9BXj4RpNLev9Hb6Bw,Shabab Pakistan salon,49 Ath Thiqah 4 St - Musaffah - Musaffah Industrial - Abu Dhabi - United Arab Emirates,24.362246199999998,54.4893316,3.8,5,OPERATIONAL,hair_salon,,,,False,,,2026-10-09
ChIJC5OFi0BHXj4RAuJqyhWbkJY,Tips And Toes,9G6R+MXV - Villa No 143 - 78 Tawi Marqab St - Mohamed Bin Zayed City - Z6 - Abu Dhabi - United Arab Emirates,24.3593227,54.5406859,4.4,890,OPERATIONAL,beauty_salon,,,,False,,,2026-10-09
ChIJ1acVeH1HXj4RSli59C2hk2k,Bedashing Beauty Lounge Mohammad Bin Zayed City,69 شارع الرَاقِي - Mohamed Bin Zayed City - Z1 - Abu Dhabi - United Arab Emirates,24.3667831,54.5403404,4.4,834,OPERATIONAL,beauty_salon,moderate,100,300,True,mohammed-bin-zayed-city,,2026-10-09
ChIJDfakpIJHXj4R3WYRCyOrI74,Fouziana Henna And Beauty Lounge,opposite Mazyad Mall - Mohamed Bin Zayed City - Zone 1 - Abu Dhabi - United Arab Emirates,24.3729569,54.5399824,4.4,714,OPERATIONAL,beauty_salon,moderate,1,400,False,,,2026-10-09
ChIJXy21KDxHXj4RIdV7o7AKBeU,La Riche Spa Lounge,75 شارع الرَاقِي - Mohamed Bin Zayed City - Z1 - Abu Dhabi - United Arab Emirates,24.3658128,54.540323699999995,3.9,255,OPERATIONAL,beauty_salon,,,,False,,,2026-10-09
ChIJJY0cP_ZHXj4Rezb6C_enoRc,Alfal Beauty Center - Abu Dhabi,Mohamed Bin Zayed City - Z1 - Abu Dhabi - United Arab Emirates,24.372701199999998,54.540085399999995,3.5,98,OPERATIONAL,beauty_salon,,,,False,,,2026-10-09
ChIJhXJdydZHXj4RqFWkuoidlqA,Companion Beauty Salon & SPA| Mazyad Mall Branch,Mazyad Mall - 2nd floor Al Manhal St - Mohamed Bin Zayed City - Z9 01 - Abu Dhabi - United Arab Emirates,24.373282699999997,54.537703799999996,4.9,827,OPERATIONAL,beauty_salon,expensive,100,500,False,,,2026-10-09
ChIJ7dsioyZBXj4RzIkYAl0M0OY,بريتي لارينا سبا أبوظبي,69 شارع الرَاقِي - Mohamed Bin Zayed City - Z1 - Abu Dhabi - United Arab Emirates,24.3665706,54.540350499999995,4.5,41,OPERATIONAL,beauty_salon,,,,False,,,2026-10-09
ChIJUWAtgZZBXj4RXG5RVhUuGYA,LASH ME Ladies SALONلاش مي صالون للسيدات,CAPITAL MALL-CHINA CENTRE MBZ CITY - مصفح - محمد بن زايد شرق 2 - أبو ظبي - United Arab Emirates,24.3752434,54.5305355,4.5,66,OPERATIONAL,beauty_salon,very_expensive,100,600,False,,,2026-10-09
ChIJJQgaBxZBXj4RyncaHh3eNnE,Best finish saloon,9GCC+G6W - Musaffah - M3 - Abu Dhabi - United Arab Emirates,24.371347699999998,54.520696699999995,4.1,17,OPERATIONAL,barber_shop,,,,False,,men-only,2026-10-09
ChIJ_7pWQABBXj4RW3RSKa7MLfg,Pak Royal Gents Saloon,Musaffah - M4 - Abu Dhabi - United Arab Emirates,24.364956199999998,54.518212399999996,4.8,8,OPERATIONAL,barber_shop,,,,False,,men-only,2026-10-09
ChIJNXv5W49BXj4RoWiv1AUInQc,BAWA GENTS SALOON,11 Al Hayal 2 St - Musaffah - M32 02 - Abu Dhabi - United Arab Emirates,24.358602899999998,54.515879000000005,4.8,25,OPERATIONAL,barber_shop,,,,False,,men-only,2026-10-09
ChIJyYhYVipBXj4Rzhc8Fs87zD4,Spring Time Gents Saloon,As Saddah 3 St - Musaffah - M2 - Abu Dhabi - United Arab Emirates,24.377353,54.5189005,4.8,33,OPERATIONAL,barber_shop,,,,False,,men-only,2026-10-09
ChIJR2DZJ2ZBXj4RDC39CnXXI9w,Brand Star gents Saloon,Musaffah - M5 - Abu Dhabi - United Arab Emirates,24.3648685,54.5121902,3.6,20,OPERATIONAL,hair_salon,,,,False,,men-only,2026-10-09
ChIJYawb2nZBXj4RntVt437yzIM,Silver style gents saloon,Musaffah - M7 - Abu Dhabi - United Arab Emirates,24.3739238,54.5137976,5,1,OPERATIONAL,hair_salon,,,,False,,men-only,2026-10-09
ChIJA3AAmCVHXj4Rd8NywioXdIc,near maziyad mall,9GFJ+825 - Mohamed Bin Zayed City - ME3 - Abu Dhabi - United Arab Emirates,24.3732772,54.530187399999996,5,1,OPERATIONAL,hair_salon,,,,False,,,2026-10-09
ChIJmZTGYwZHXj4RUVITzCRY67A,White Angel Centre,392 شارع الإيثار - Mohamed Bin Zayed City - Z7 - Abu Dhabi - United Arab Emirates,24.3535142,54.5590688,4.5,160,OPERATIONAL,hair_salon,moderate,50,100,False,,,2026-10-09
ChIJK2_bRwBHXj4RIGTTZCUQak0,Henna,9H22+FJ3 - Mohamed Bin Zayed City - Z8 - Abu Dhabi - United Arab Emirates,24.351044599999998,54.551511399999995,4.3,4,OPERATIONAL,beauty_salon,,,,False,,,2026-10-09
ChIJVW2DuHVHXj4REpdOrbziYEQ,Vogue Cuts Gents Salon,Mohamed Bin Zayed City - Zone 3 - Abu Dhabi - United Arab Emirates,24.362505799999997,54.5535096,3.9,29,OPERATIONAL,barber_shop,moderate,20,120,False,,men-only,2026-10-09
ChIJ45jENidHXj4RbsTlCPw-bLk,Al Baghdadia Beauty Center - مركزالبغدادية للتجميل,جسر محوي بجانب حضانة بلوسوم Mahwi Bridge - beside Blossom nursury - Zayed City - MZ39 - Abu Dhabi - United Arab Emirates,24.370265699999997,54.5627366,4.7,84,OPERATIONAL,beauty_salon,,,,False,,,2026-10-09
ChIJ1RvpsmVHXj4RzqdXYwQ6nco,Vintage salon gents and kids,9HC6+6X3 - Zayed City - MZ39 - Abu Dhabi - United Arab Emirates,24.3705121,54.562418799999996,4.7,9,OPERATIONAL,hair_salon,,,,False,,men-only,2026-10-09
ChIJW-umFABHXj4RodLZiPhbEqU,Queen Mouza,9H9X+87P - Zayed City - MZ1 - Abu Dhabi - United Arab Emirates,24.368326999999997,54.5982139,,,OPERATIONAL,beauty_salon,,,,False,,,2026-10-09
ChIJT6HWvGA3Xj4Rmf8dQzGbtGY,Deem Beauty Lounge,Abu Dhabi - Shakhbout City - MSH7 - Abu Dhabi - United Arab Emirates,24.3555395,54.6126742,4.2,279,OPERATIONAL,beauty_salon,very_expensive,200,700,False,,,2026-10-09
ChIJAV19Lv83Xj4R1oqXSoHmJGk,Top Spa & Beauty Centre,"Villa 693, Street 33 - مدينة شخبوط - مدينة شخبوط 7 - أبو ظبي - United Arab Emirates",24.354412999999997,54.611655999999996,4,153,OPERATIONAL,beauty_salon,,,,False,,,2026-10-09
ChIJTcAI62k3Xj4RrDfM2aTKmJ8,صالون القمه سيدات,693 Naseem Al Barr St - Shakhbout City - MSH7 - Abu Dhabi - United Arab Emirates,24.3545612,54.6115389,3.5,31,OPERATIONAL,beauty_salon,,,,False,,,2026-10-09
ChIJjX-vDS5HXj4RdLKTuTi86Vs,Top Ladies Beauty Centre,Villa 693 Naseem Al barr St - Shakhbout City - MSH7 - Abu Dhabi - United Arab Emirates,24.3545362,54.611524499999994,3.5,55,OPERATIONAL,beauty_salon,,,,False,,,2026-10-09
ChIJ3_iyPrQ5Xj4RH9UwIvrtDss,blusher salon and spa,Abu Dhabi Ladies Club - شارع ١٥ - Al Muzoun - W53 - Abu Dhabi - United Arab Emirates,24.3992844,54.470815099999996,4.6,446,OPERATIONAL,beauty_salon,very_expensive,200,600,False,,,2026-10-09
ChIJVZiLA41BXj4RVrPrXrawPxE,Jax Gents Salon,Unnamed Road - 9FHV+X79 - مصفح - مصفح 14 - أبو ظبي - United Arab Emirates,24.3799042,54.493246799999994,3.8,9,OPERATIONAL,hair_salon,,,,False,,men-only,2026-10-09
ChIJ283PSsBBXj4REO-rAvURQTo,Continental saloon,9FXR+FF9 - Rabdan - Bawabat Abu Dhabi - Abu Dhabi - United Arab Emirates,24.3986536,54.4912363,4.1,7,OPERATIONAL,beauty_salon,,,,False,,,2026-10-09
ChIJE__JMcNBXj4REcdk-ayGa_4,MYSTIC BEAUTY SALON,Al Zirrayqa St - Rabdan - Bawabat Abu Dhabi - Abu Dhabi - United Arab Emirates,24.3987953,54.4913746,5,22,OPERATIONAL,beauty_salon,moderate,100,400,False,,,2026-10-09
ChIJ2-Kh7-BBXj4R5IKQ4oR0vJM,Saloon for men,9FXR+CH5 - Az Zirayqa St - Rabdan - Bawabat Abu Dhabi - Abu Dhabi - United Arab Emirates,24.3985245,54.4914728,3.7,3,OPERATIONAL,barber_shop,,,,False,,men-only,2026-10-09
ChIJD6YSOy1BXj4RzO6sJ4oTPCY,Al Manara Saloon,Al Khaleej Al Arabi St - Al Muzoun - Khor Al Maqta'a - Abu Dhabi - United Arab Emirates,24.4018318,54.4743214,,,OPERATIONAL,barber_shop,,,,False,,men-only,2026-10-09
ChIJESX9gGVBXj4RR5BCaPBOGxw,Bright Organic برايت اورجانيك,9FXR+FHH - Az Zirayqa St - Rabdan - Bawabat Abu Dhabi - Abu Dhabi - United Arab Emirates,24.3986858,54.491486800000004,4.6,40,CLOSED_TEMPORARILY,beauty_salon,,,,False,,not-operational,2026-10-09
ChIJl7_SMwBBXj4RPp45Y4qDIwc,Massage Sauna Abuvip Home Relaxing,CF2G+M5P - Al Muzoun - Khor Al Maqta'a - Abu Dhabi - United Arab Emirates,24.4016311,54.4754078,,,OPERATIONAL,beauty_salon,,,,False,,,2026-10-09
ChIJcTxuQwBBXj4RPzFEJ4VnIT8,Massage Taiwan Muzoun,CF2G+M5P - Al Muzoun - Khor Al Maqta'a - Abu Dhabi - United Arab Emirates,24.4011869,54.475572199999995,5,4,OPERATIONAL,beauty_salon,,,,False,,,2026-10-09
ChIJ58eEYBJBXj4RTVjrz04QyAc,TONGI BAZAR - GENTS SALOON - BRANCH,Street - Al Bayli 6 St - Musaffah - M15 - Abu Dhabi - United Arab Emirates,24.376643299999998,54.484077000000006,1.5,2,OPERATIONAL,barber_shop,,,,False,,men-only,2026-10-09
ChIJJ0B6VgBBXj4RGCJXLoH0XeU,True looks gents saloon,9FGP+PF3 - Musaffah - M15 - Abu Dhabi - United Arab Emirates,24.3767575,54.48618,,,OPERATIONAL,hair_salon,,,,False,,men-only,2026-10-09
ChIJOYCqtehBXj4RHfXdhlhgtxw,Man Lab Gentlemen's Spa Al Qana Abu Dhabi,Rabdan - RB6 - Abu Dhabi - United Arab Emirates,24.4013444,54.4995742,4.8,425,OPERATIONAL,barber_shop,,,,False,,men-only,2026-10-09
ChIJc22EmKppXj4REIpupbbjOuk,Divine lounge ladies center,Maqtaa mall - Rabdan - Al Maqta' - Abu Dhabi - United Arab Emirates,24.397858799999998,54.4978097,4.6,111,OPERATIONAL,beauty_salon,very_expensive,100,600,False,,,2026-10-09
ChIJJ4AaGyZBXj4RhFrULwd8Fsc,صالون علوي العطاس SALOON ALAWI AL ATTAS,M9 شارع ١٥ - Musaffah - M9 - Abu Dhabi - United Arab Emirates,24.377319,54.510358999999994,4.3,20,OPERATIONAL,barber_shop,,,,False,,men-only,2026-10-09
ChIJjw-oAIZBXj4RYs_ZF8S82Wc,HD Beauty Salon - Al Qana,222 Al Maqta' St - Rabdan - RB10 - Abu Dhabi - United Arab Emirates,24.395850199999998,54.517892599999996,4.8,41,OPERATIONAL,beauty_salon,,,,False,,,2026-10-09
ChIJNSyoC-lpXj4RYB1R_LIFgFQ,Touch gents salon,Abdullah Almasoud Al Muhairbi St - Rabdan - المَقطَع - Abu Dhabi - United Arab Emirates,24.3976178,54.4985165,4.7,42,OPERATIONAL,barber_shop,moderate,40,120,False,,men-only,2026-10-09
ChIJi519fQBBXj4RDdT5HY1467Y,Abu Saeed Gents Saloon,31 Al Bees 1 St - Musaffah - M14 - Abu Dhabi - United Arab Emirates,24.379955000000002,54.4959,4,4,OPERATIONAL,barber_shop,,,,False,,men-only,2026-10-09
ChIJ_7VnoLNBXj4RAjn-nwWg6Ek,Spring Time Saloon,Plot No 100 Unit Shop no 20 - مصفح - مصفح 9 - أبو ظبي - United Arab Emirates,24.375311399999998,54.5063066,4.8,4,OPERATIONAL,hair_salon,,,,False,,,2026-10-09
ChIJ73UPkVxBXj4RYyfjOtI6t_8,Papecha SPA Beauty Center,"Villa # 67,Bain Al Jessrain - 69 Al Itihad St - Rabdan - المَقطَع - Abu Dhabi - United Arab Emirates",24.4037932,54.504580999999995,4.1,24,OPERATIONAL,beauty_salon,,,,False,,,2026-10-09
ChIJUwh_7hJBXj4RT9ne8taJJjY,Style Star Salon & Spa (Branch),15th Street - Musaffah - M8 - Abu Dhabi - United Arab Emirates,24.379585700000003,54.5111805,5,4,OPERATIONAL,hair_salon,,,,False,,,2026-10-09
ChIJY0puN9VBXj4RBEwwD4-Fztc,Most Lucky Gents Saloon,Unnamed Road - 9GH3+CF8 - مصفح - مصفح 9 - أبو ظبي - United Arab Emirates,24.3785405,54.503702200000006,5,2,OPERATIONAL,barber_shop,,,,False,,men-only,2026-10-09
ChIJbYGnbQBBXj4RPTQ4Z-mxFcY,Modern life saloon,11 As Salami 4 St - Musaffah - M9 - Abu Dhabi - United Arab Emirates,24.3782364,54.509729099999994,,,OPERATIONAL,barber_shop,,,,False,,men-only,2026-10-09
ChIJi9_jZyFBXj4REpjKNYurXJI,Al Najafa Men Hairdressing Saloon LLC,9GG4+J5P - Unnamed Road - Musaffah - M9 - Abu Dhabi - United Arab Emirates,24.3765957,54.5054611,4.5,2,OPERATIONAL,barber_shop,,,,False,,men-only,2026-10-09
ChIJU1NLxAZBXj4R2_ehRiL3EOQ,Kazal gents hairdressing saloon,9GH6+8VP - Musaffah - Industrial - Abu Dhabi - United Arab Emirates,24.3783456,54.5121884,4.8,6,OPERATIONAL,hair_salon,,,,False,,men-only,2026-10-09
ChIJe6i8_SVBXj4RYyRj8zw-5ks,Peluqueria Barbershop,46 Al Hayal St - Musaffah - M9 - Abu Dhabi - United Arab Emirates,24.3781717,54.510284299999995,4.2,14,OPERATIONAL,barber_shop,,,,False,,men-only,2026-10-09
ChIJuavuz6C5aGYRE7q7zUhfmw4,Nice view gents saloon,Musaffah - M9 - Abu Dhabi - United Arab Emirates,24.3752484,54.5044669,4.7,3,OPERATIONAL,hair_salon,,,,False,,men-only,2026-10-09
ChIJS5qpYABBXj4RedV0r0AE7vE,تاجير معدات دك التربه,9GJ4+5P9 - Musaffah - M9 - Abu Dhabi - United Arab Emirates,24.3804129,54.5068446,,,OPERATIONAL,barber_shop,,,,False,,men-only,2026-10-09
ChIJxQJEAwBBXj4RyV2rj8yoNWQ,حلاق خليفة العامري,61 As Salami 6 St - Musaffah - M9 - Abu Dhabi - United Arab Emirates,24.3751709,54.5062823,2,1,OPERATIONAL,hair_salon,,,,False,,,2026-10-09
ChIJOXCASgBBXj4ReiTJQeiDRD8,Abu Dhabi Mustafa M2,9GG8+WV4 - Musaffah - M2 - Abu Dhabi - United Arab Emirates,24.3772616,54.5171907,5,3,OPERATIONAL,hair_salon,,,,False,,,2026-10-09
ChIJH70e0D5BXj4RTlmr6g49yAg,Naz Beauty Ladies Salon (Mall Branch),Mazyad Mall - 28th Street - near Mussaffah - Musaffah - Z9 01 - Abu Dhabi - United Arab Emirates,24.3735336,54.5381102,4.7,122,OPERATIONAL,beauty_salon,moderate,1,300,False,,,2026-10-09
ChIJldCkKgBHXj4RrCuQhy86F4g,Zain Spa Center,Street - Mohamed Bin Zayed City - Z9 01 - Abu Dhabi - United Arab Emirates,24.373436599999998,54.5375581,4,8,OPERATIONAL,barber_shop,,,,False,,men-only,2026-10-09
ChIJgXLLwwB-hWgReooggOGQAOo,EXTRAVISION,Mazyad mall - Mohamed Bin Zayed City - Z9 01 - Abu Dhabi - United Arab Emirates,24.3732194,54.537993,,,OPERATIONAL,hair_care,,,,False,,,2026-10-09
ChIJzyPbvrtHXj4R6KGLA8AAb2Q,Brush and Blush Beauty Parlour,Theyab Bin Eissa St - Khalifa City - SW6 - Abu Dhabi - United Arab Emirates,24.401419399999998,54.5725785,4.5,595,OPERATIONAL,beauty_salon,very_expensive,100,600,False,,,2026-10-09
ChIJ2T14RgBHXj4RPToXjtytLp4,Private villa gents salon,أبو ظبي ، خلفة أ - بالقرب من مخابز السلطان - Khalifa City - SW6 - Abu Dhabi - United Arab Emirates,24.4003734,54.569940599999995,4.8,287,OPERATIONAL,hair_salon,moderate,50,150,False,,men-only,2026-10-09
ChIJlVCCajQmE6QRPxItws2xgAc,Haven Salon & Spa for ladies - Abu Dhabi صالون هيفن للسيدات,As Sunnaʹ St - Khalifa City - Sector 33 - Abu Dhabi - United Arab Emirates,24.3982234,54.563250599999996,4.6,491,OPERATIONAL,beauty_salon,very_expensive,100,600,False,,,2026-10-09
ChIJqckV8NlHXj4RTcOJDpVQ2pg,MRM trimming gents salon,Az Zawaya 1 St - Khalifa City - Sector 33 - Abu Dhabi - United Arab Emirates,24.3967836,54.557614799999996,4.1,45,OPERATIONAL,barber_shop,,,,False,,men-only,2026-10-09
ChIJ69xfDaRHXj4R9w_joO8apaw,Sign Ladies Salon - صالون ساين للسيدات,Floor M - M01 - As Sunnaʹ St - Khalifa City - Sector 33 - Abu Dhabi - United Arab Emirates,24.3971825,54.5579222,4.1,441,OPERATIONAL,beauty_salon,very_expensive,100,700,False,,,2026-10-09
ChIJR8LWo1tGXj4Rx0MLzz2712E,Dalaagulfbeauty صالون دلع الخليج,Abu Dhabi - Khalifa City - SE6 - Abu Dhabi - United Arab Emirates,24.403482,54.5730752,4,194,OPERATIONAL,beauty_salon,,,,False,,,2026-10-09
ChIJgwQaObtoXj4RnWr9rQqAL9g,صالون تقاسيم للتجميل,As Sunnaʹ St - Khalifa City - Sector 33 - Abu Dhabi - United Arab Emirates,24.3968851,54.5571576,4.6,131,OPERATIONAL,beauty_salon,moderate,100,300,False,,,2026-10-09
ChIJcRySVgBHXj4RSQSySH06yvg,Kanaan Gents Saloon & Spa Khalifa A - صالون وسبا كنعان للرجال مدينة خليفة أ,41 As Sunnaʹ St - Khalifa City - Sector 33 - Abu Dhabi - United Arab Emirates,24.3981095,54.5631248,4.3,97,OPERATIONAL,barber_shop,,,,False,,men-only,2026-10-09
ChIJKWCUUOFHXj4Rrd1yQPVEeQs,"My Look Ladies Beauty Lounge, Khalifa City Branch","Khalifa City A, C5 Building, M Floor- Office 04 - next to Municipality Building - مدينة خليفة - حوض 33 - أبو ظبي - United Arab Emirates",24.397084,54.5585569,4.5,231,OPERATIONAL,beauty_salon,very_expensive,100,700,False,,,2026-10-09
ChIJg26InplHXj4RXG9GjMhTi2M,Lashes Vibes,31 As Sunnaʹ St - Khalifa City - Sector 33 - Abu Dhabi - United Arab Emirates,24.3983921,54.560806299999996,4,114,OPERATIONAL,beauty_salon,expensive,200,400,False,,,2026-10-09
ChIJmzfKIsZHXj4Rrih7HO9RVEw,Sado Beauty,As Sunnaʹ St - Khalifa City - Sector 33 - Abu Dhabi - United Arab Emirates,24.3983132,54.5604839,4.7,184,OPERATIONAL,beauty_salon,,,,False,,,2026-10-09
ChIJWZqMfGPLXz4RzawoztEqiN8,Silky Wrap ladies Beauty & Spa,Al takhteet 1 - Khalifa A - SW6 - Abu Dhabi - United Arab Emirates,24.4005281,54.5698787,4.5,111,OPERATIONAL,beauty_salon,very_expensive,300,600,False,,,2026-10-09
ChIJIdc3eS6CU2oRfKdORtrjY1c,Etoile & More Spa,9HW4+QW3 - Khalifa City - Sector 33 - Abu Dhabi - United Arab Emirates,24.396937500000003,54.557312499999995,4.8,24,OPERATIONAL,beauty_salon,,,,False,,,2026-10-09
ChIJ09bFWihHXj4Rz2GIyRZn0yE,Head World Gents Saloon & Spa,"Al Saray Street, Khalifa City A, Near - Petrol Station - 33 شارع الصُّنَّاع - مدينة خليفة - Al Forsan Village - أبو ظبي - United Arab Emirates",24.3968553,54.5580892,3.6,50,OPERATIONAL,hair_salon,,,,False,,men-only,2026-10-09
ChIJb9oVRX9HXj4Rc5FcS5m97Ls,FEW TOUCHES GENTS SALON - فيو تاتشيز,685 - مدينة خليفة - حوض 33 - أبو ظبي - United Arab Emirates,24.396764400000002,54.5577227,4.4,52,OPERATIONAL,barber_shop,moderate,40,120,False,,men-only,2026-10-09
ChIJVVVVVWVGXj4RGN8NnKuUiYw,Ruby Salon - Khalifa City Br 1 Abu Dhabi,As Sunna' St - شارع أحمد بن سيف الفلاحي - مدينة خليفة - حوض 33 - أبو ظبي - United Arab Emirates,24.3983447,54.5617819,3.4,79,OPERATIONAL,beauty_salon,,,,False,,,2026-10-09
ChIJT2jWaABHXj4RnRduqhYIfac,Al durr al safi beauty salon الدر الصافي صالون لتجميل السيدات,Khalifa City - Sector 33 - Abu Dhabi - United Arab Emirates,24.3971981,54.5591272,4.2,22,OPERATIONAL,beauty_salon,,,,False,,,2026-10-09
ChIJIdFUmC5HXj4RvjRmkdpWUKs,Stylato Gent’s Salon,31 As Sunnaʹ St - Khalifa City - Sector 33 - Abu Dhabi - United Arab Emirates,24.398424499999997,54.5608964,4.7,37,OPERATIONAL,barber_shop,,,,False,,men-only,2026-10-09
ChIJlQA9FmVLXj4RFVoutOwlpcM,Olivia Beauty Center,Al Saraya ST - Khalifa City - Sector 33 - Abu Dhabi - United Arab Emirates,24.400338800000004,54.569812799999994,4.8,58,OPERATIONAL,beauty_salon,moderate,1,200,False,,,2026-10-09
ChIJ6anQqCxHXj4RSTBaHV8mN_4,RAWAE PARIS GENTS SALON - Barber Shop - Man Parlour Abu Dhabi,Khalifa City - Sector 13 - Abu Dhabi - United Arab Emirates,24.4011499,54.5783127,4.8,23,OPERATIONAL,barber_shop,,,,False,,men-only,2026-10-09
ChIJi5sgUA1pXj4RR2EYyqIDdJU,Mencure Center For Men,110 شارع المَرْكِب - Al Mushrif - W47 - Abu Dhabi - United Arab Emirates,24.4265449,54.4074099,4.8,491,OPERATIONAL,beauty_salon,moderate,100,300,False,,men-only,2026-10-09
ChIJZXlAm1JoXj4R6LavbbVS52Y,Diva Bella Beauty Center,شارع البَاحَة - Al Mushrif - W47 - Abu Dhabi - United Arab Emirates,24.427755299999998,54.4016418,4.2,141,OPERATIONAL,beauty_salon,expensive,200,400,False,,,2026-10-09
ChIJqfxHJwBpXj4R2mW273YWwbw,Clay Beauty Lounge (Mushrif branch),Street - Al Mushrif - W47 - Abu Dhabi - United Arab Emirates,24.4263205,54.407378099999995,4.4,32,OPERATIONAL,beauty_salon,,,,False,,,2026-10-09
ChIJF8NlR7NpXj4R3R1apjTHXqw,بيلادونا صالون,CCG4+F6C - شارع الخَلِيج - Al Mushrif - W47 - Abu Dhabi - United Arab Emirates,24.4261886,54.405529400000006,3.8,19,OPERATIONAL,beauty_salon,,,,False,,,2026-10-09
ChIJ8Wb6FwBpXj4RPNJTS1cWs0Q,The Saba Beauty Salon,CCG4+HWV Coop - Second Floor - Al Mushrif - W47 - Abu Dhabi - United Arab Emirates,24.4264966,54.4073103,4.9,67,OPERATIONAL,beauty_salon,very_expensive,200,700,False,,,2026-10-09
ChIJE__TXa5pXj4RJQijrVSdBso,Mariia Oleksyk | Beauty Clinic,Elyzee Hospital - B20 - B22 - Al Mushrif - W47 - Abu Dhabi - United Arab Emirates,24.426734099999997,54.4054279,5,12,OPERATIONAL,beautician,,,,False,,,2026-10-09
ChIJsaqal7RpXj4RXyel5unpRvk,White sheep kids saloon,CCG5+F2G - Al Mushrif - W47 - Abu Dhabi - United Arab Emirates,24.4261978,54.4075869,3.3,35,OPERATIONAL,beauty_salon,,,,False,,,2026-10-09
ChIJoW1ltBRpXj4Rk16EyKBJMuY,Al Amin Hair Dressing,CCG5+C3J - Al Mushrif - W47 - Abu Dhabi - United Arab Emirates,24.426083799999997,54.4076397,2.4,5,OPERATIONAL,barber_shop,,,,False,,men-only,2026-10-09
ChIJJY0w0PdpXj4RnI5Xq36sUF0,Ocean Beauty Center - Abu dhabi - Almushrif,Alkhaleej Alarabi stir - next to AlMaghraby Eye Hospital - Al Mushrif - W47 - Abu Dhabi - United Arab Emirates,24.426385399999997,54.406061099999995,,,OPERATIONAL,beauty_salon,,,,False,,,2026-10-09
ChIJufJndgBDXj4RGyspdQDGDoI,صالون يامن للرجال,Abu Dhabi - Al Sa`Adah - E40 - Abu Dhabi - United Arab Emirates,24.429117899999998,54.434574,4.4,31,OPERATIONAL,barber_shop,,,,False,,men-only,2026-10-09
ChIJmTVwr95DXj4RhF904MZDqFI,Chelsea Man Spa By Mustafa Mens Hair Stylist,Aloft Hotel - CC9Q+XQ7 Ground Floor - الروضة - المعارض - أبو ظبي - United Arab Emirates,24.4199029,54.439429999999994,4.9,706,OPERATIONAL,barber_shop,moderate,100,180,False,,men-only,2026-10-09
ChIJZfk_zxdDXj4RzaMW5tLMmt8,PELO LOCO GENTS SALON,"Capital Centre Area - Lulu Express, Y TOWER - الروضة - المعارض - أبو ظبي - United Arab Emirates",24.417275099999998,54.4424078,3.9,38,OPERATIONAL,beauty_salon,,,,False,,men-only,2026-10-09
ChIJP1lYpkRnXj4R_-fm4K6DmlA,Amidala Glam Ladies Salon,ADNEC Y Tower - Lulu Express - Building Ground Floor Zumurrund Street - near Daman Office - Al Rawdah - Al Ma'arid - Abu Dhabi - United Arab Emirates,24.417717399999997,54.4423506,4.3,66,OPERATIONAL,beauty_salon,expensive,100,500,False,,,2026-10-09
ChIJWwW__3pDXj4ROuUJUpFFRic,La dolce vita Beauty Lounge,CC9Q+WPG - Al Khaleej Al Arabi St - Al Rawdah - Al Ma'arid - Abu Dhabi - United Arab Emirates,24.4198133,54.439318799999995,4.5,2,OPERATIONAL,beauty_salon,,,,False,,,2026-10-09
ChIJzb2iNlJDXj4RCp00sbC5K2E,Hairaholic salon,Dhafeer St - Al Sa`Adah - E40 - Abu Dhabi - United Arab Emirates,24.4287733,54.437036299999995,5,81,OPERATIONAL,hair_salon,,,,False,,,2026-10-09
ChIJXSza7bBDXj4RlUamaUqdoJE,Mier Beauty Lounge,Aloft Hotel - Ground Floor - Al Rawdah - Al Ma'arid - Abu Dhabi - United Arab Emirates,24.4199095,54.4393605,5,171,OPERATIONAL,beauty_salon,moderate,100,300,False,,,2026-10-09
ChIJxem_UQBpXj4Rj-UHmV5l3Bc,Massage Korean Luxury Aura,23 Juma Bin Kasla Al Rumaithi St - Al Sa`Adah - E40 - Abu Dhabi - United Arab Emirates,24.428895999999998,54.433812599999996,3,2,OPERATIONAL,beauty_salon,,,,False,,,2026-10-09
ChIJBY9muG5DXj4RV-rTK3YN8mc,Salon Al Shafra Al Masiya,Al Khazna - Al Rawdah - W58 - Abu Dhabi - United Arab Emirates,24.422766199999998,54.447808599999995,5,1,OPERATIONAL,hair_salon,,,,False,,,2026-10-09
ChIJidma655DXj4Rd7GNaJdYJPg,Lunaria Ladies Beauty Salon,Jabal Qasʹah St - Al Rawdah - W58 - Abu Dhabi - United Arab Emirates,24.4212621,54.447021799999995,4.7,14,OPERATIONAL,beauty_salon,,,,False,,,2026-10-09
ChIJO83gx5FpXj4R-SaBfIHSs20,Rainbow saloon,CCHG+6H4 - Airport road - near pepsicola - Al Rawdah - W31 - Abu Dhabi - United Arab Emirates,24.4280035,54.426451,,,OPERATIONAL,barber_shop,,,,False,,men-only,2026-10-09
ChIJjeOuPQBDXj4RymqmgVCSoZc,Taiwan Massage VIP - Hidden Gem,3 Al Muntada St - Al Rawdah - Al Ma'arid - Abu Dhabi - United Arab Emirates,24.4201545,54.4407645,5,8,OPERATIONAL,beauty_salon,,,,False,,,2026-10-09
ChIJPX91JwBDXj4RajZtPQQGYWA,Massage Japan Luxury - Kokoro Soul,3 Tunb Al Kubra St - Al Rawdah - W59 01 - Abu Dhabi - United Arab Emirates,24.418082,54.4427936,5,5,OPERATIONAL,beauty_salon,,,,False,,,2026-10-09
ChIJD1_g9DpCXj4RWJAagGvwxYA,PAUSE SALON & SPA,"Villa 28,Airport Road, Behind Ministry of Interior - Al Rawdah - W66 - Abu Dhabi - United Arab Emirates",24.414771899999998,54.4655942,3.7,670,OPERATIONAL,beauty_salon,moderate,100,400,False,,,2026-10-09
ChIJ98d6OJ1oXj4RGQ8-o1qspv4,Polish Nails Care and More Salon | Best Ladies Salon - Nail Spa,"Al Muthhil Street, Rawdhat Abu Dhabi Al Rawdha Residence C98 - المنتزه - شرق 48 - أبو ظبي - United Arab Emirates",24.4184132,54.4673503,4.8,848,OPERATIONAL,beauty_salon,moderate,100,300,False,,,2026-10-09
ChIJ0-9gpmJDXj4R3T2F18jUggU,صالون سيزر تاتش فرع الروضه,Al Ghureefah St - Al Muntazah - E48 - Abu Dhabi - United Arab Emirates,24.420219499999998,54.463065699999994,4.2,54,OPERATIONAL,barber_shop,,,,False,,men-only,2026-10-09
ChIJRyJFFMJDXj4Rd1E_0adIPqw,PICASSO TOUCH SALON FOR GENTS,Gardenia C99 - Al Muntazah - E48 - Abu Dhabi - United Arab Emirates,24.4182126,54.4675654,4.8,133,OPERATIONAL,barber_shop,moderate,80,160,False,,men-only,2026-10-09
ChIJFbzk5RNDXj4R3vo4JY7we1U,Teleios Beauty Center,Al Rawdhat - Airport Road - Building No.C70 Butti Biltahina Al Muhairi St - Al Muntazah - E48 - Abu Dhabi - United Arab Emirates,24.4202938,54.462824,4.6,76,OPERATIONAL,beauty_salon,,,,False,,,2026-10-09
ChIJO32TCqhDXj4RAwPNdWLQQPo,Scissor touch men spa,CFC7+233 - Al Muntazah - Rowdhat Abu Dhabi - Abu Dhabi - United Arab Emirates,24.420223300000004,54.4628582,4,11,OPERATIONAL,hair_salon,,,,False,,men-only,2026-10-09
ChIJx5hdNjFDXj4RaCf8w3PXD_w,Sia Beauty Center,Sheikh Zayed Bin Sultan St - Al Muntazah - E48 - Abu Dhabi - United Arab Emirates,24.424543999999997,54.4731994,4.9,93,OPERATIONAL,beauty_salon,very_expensive,500,800,False,,,2026-10-09
ChIJhwb7-59nXj4RKAkOUigdER4,24 Minutes Salon صالون حلاقة للرجال,Airport Road - Al Rawdah - W68 - Abu Dhabi - United Arab Emirates,24.4234838,54.451944,4.9,155,OPERATIONAL,barber_shop,moderate,40,80,False,,men-only,2026-10-09
ChIJ9Zq7INpDXj4RWwXWBNAxYXk,360 Salon (MEN & WOMEN),Al Labaqa St - Rihan Heights St - الروضة - غرب 57 - أبو ظبي - United Arab Emirates,24.4135729,54.46313010000001,4.9,110,OPERATIONAL,beauty_salon,moderate,100,200,False,,men-only,2026-10-09
ChIJzeoOS81DXj4RHIRzSuZ_WpE,D & S Middle East Hair Fixing Center Men | تركيب شعر رجالي - أبوظبي,183 Al Muthhil St - Al Muntazah - Zone 1 - Abu Dhabi - United Arab Emirates,24.4179866,54.468086299999996,4.8,18,OPERATIONAL,hair_care,,,,False,,men-only,2026-10-09
ChIJg7X8TkBDXj4RQXBRQJ2fraM,Mahva gents saloon UAE,Al Muntazah - Rowdhat Abu Dhabi - Abu Dhabi - United Arab Emirates,24.4202107,54.4644848,3.4,10,OPERATIONAL,barber_shop,,,,False,,men-only,2026-10-09
ChIJb1XY6HBDXj4R8gnYqL6bYpU,Emirates Prestige Salon,CFF3+C5R - Al Rawdah - W68 - Abu Dhabi - United Arab Emirates,24.4236242,54.4529029,4,1,OPERATIONAL,beauty_salon,,,,False,,,2026-10-09
ChIJV_2SfgBDXj4RkemcafiSsFQ,Kingsman Salon And Spa,1778 Sheikh Rashid Bin Saeed St - Al Rawdah - W68 - Abu Dhabi - United Arab Emirates,24.421364399999998,54.456385399999995,2.4,17,OPERATIONAL,beauty_salon,,,,False,,,2026-10-09
ChIJBUAM_NhDXj4RRkVDWdeQrAQ,ReLook Ladies Salon,Airport Road - Street - Rabdan - غرب 68 - أبو ظبي - United Arab Emirates,24.4218242,54.456404299999996,4.4,14,OPERATIONAL,hair_salon,,,,False,,,2026-10-09
ChIJEeqr-cqrX0ERM21WrfvrUVQ,By Mila Bella Beauty,"By Mila Bella, HQ - Al Rawdah - W57 - Abu Dhabi - United Arab Emirates",24.4135322,54.4599373,4.9,51,OPERATIONAL,beauty_salon,,,,False,,,2026-10-09
ChIJqyjJBwBDXj4R7RcDQqw3YVI,Skin Care - Massage Haif,CFC4+JV3 - Sheikh Rashid Bin Saeed St - inside Hilton Capital Grand - Al Rawdah - W68 - Abu Dhabi - United Arab Emirates,24.421500899999998,54.4571632,,,OPERATIONAL,beauty_salon,,,,False,,,2026-10-09
ChIJ6bHnLSfOJGoRUlthxqok0gc,Massage Japan Luxurious At Hotel,CFC4+FJV - Al Rawdah - W68 - Abu Dhabi - United Arab Emirates,24.4211875,54.4565625,5,1,OPERATIONAL,beauty_salon,,,,False,,,2026-10-09
ChIJs3UEXetDXj4RHt1DEeZYyhY,Mia Beauty Ladies Salon,"Tower B, ADCP Building - office 1302 Najda street - behind city season hotel - Al Rawdah - W57 - Abu Dhabi - United Arab Emirates",24.4138574,54.463575399999996,,,OPERATIONAL,beauty_salon,,,,False,,,2026-10-09
ChIJcb1OvglBXj4Rpj4qKbJJoW0,Le Beautique Spa Center,Villa 37 Alsayed Mosa Mohamed Alhashmi St - Rabdan - RB7 - Abu Dhabi - United Arab Emirates,24.4084419,54.5060941,4.4,926,OPERATIONAL,beauty_salon,expensive,100,500,False,,,2026-10-09
ChIJIcgTO9ZDXj4RbWXJ_yrpjuM,Bedashing Beauty Lounge Al Maqta,Villa number: 31 - opposite Fairmont Bab Al Bahr - 2 شارع حمد محمد ثاني الرميثي - ربدان - ربدان 2 - أبو ظبي - United Arab Emirates,24.4130516,54.492955599999995,4.6,1295,OPERATIONAL,beauty_salon,,,,True,al-maqta,,2026-10-09
ChIJ1Rym03lDXj4Ry8HrwL3DgZQ,The Fix Beauty Lounge,CF7V+547 - 33 Hamad Mohamed thani Al Rumaithi St - Rabdan - RB2 - Abu Dhabi - United Arab Emirates,24.412803399999998,54.4927984,4.1,485,OPERATIONAL,beauty_salon,expensive,200,400,False,,,2026-10-09
ChIJ7aBvpbBBXj4Rrz5YkTw3PKA,Ushi Nail Spa Al Qana Abu Dhabi,Al Khor St - شارع المقطع - ربدان - ربدان 6 - أبو ظبي - United Arab Emirates,24.4034406,54.496313799999996,4.7,457,OPERATIONAL,beauty_salon,moderate,100,400,False,,,2026-10-09
ChIJUdh3npRBXj4R5fQ9lA7zWIE,1847 Grooming for Men Al Qana,Al Maqta' St - Rabdan - RB6 - Abu Dhabi - United Arab Emirates,24.4038859,54.494637499999996,4.9,398,OPERATIONAL,barber_shop,,,,False,,men-only,2026-10-09
ChIJ8Uq1R1lBXj4Rb-6WJo3wDE4,Flair Ladies Beauty Center,Bain Al Jessrain - Villa 33 Alsayed Mosa Mohamed Alhashmi St - Rabdan - RB7 - Abu Dhabi - United Arab Emirates,24.4086887,54.5061483,4.4,219,OPERATIONAL,beauty_salon,,,,False,,,2026-10-09
ChIJdQao70pDXj4R3JAMh3w23Is,Kanaan Gents Salon & Spa – Bain Al Jesrain صالون وسبا كنعان للرجال – بين الجسرين,28 شارع البحري - Al Maqta' St - Rabdan - RB1 - Abu Dhabi - United Arab Emirates,24.4172367,54.495774600000004,4.5,145,OPERATIONAL,barber_shop,,,,False,,men-only,2026-10-09
ChIJ7YcGHXJBXj4R2XGB_gU-fdU,صالون سونا بين الجسرينsona salon,CG43+9QQ - Al Maqta' St - Rabdan - RB4 - Abu Dhabi - United Arab Emirates,24.4059796,54.5044361,3.4,24,OPERATIONAL,beauty_salon,,,,False,,,2026-10-09
ChIJ2bVES9BDXj4R1GQbwTs4s7U,Hair Factory ladies beauty salon Abudhabi,99 - 1 Hamad Mohamed thani Al Rumaithi St - Rabdan - RB2 - Abu Dhabi - United Arab Emirates,24.408232599999998,54.491768900000004,4.9,384,OPERATIONAL,beauty_salon,,,,False,,,2026-10-09
ChIJ60POGgBBXj4RZm8XLPPzC3U,ELIXIRA LADIES BEAUTY LOUNGE,بين الجسرين - Rabdan - RB7 - Abu Dhabi - United Arab Emirates,24.4088873,54.506125499999996,4.4,123,OPERATIONAL,beauty_salon,moderate,100,400,False,,,2026-10-09
ChIJfxeqQk5BXj4RA0PquO-4oMk,Furless Permanent Rabdan Mall - Abu Dhabi,Rabdan Mall - Shop 15 Ground Floor - 100 Al Dhaid St - Rabdan - RB8 - Abu Dhabi - United Arab Emirates,24.4073899,54.506598499999996,4.8,185,OPERATIONAL,beauty_salon,,,,False,,,2026-10-09
ChIJ6facfm1BXj4RmWc9WG_3JAU,Saloon mohammad alhariri for man صالون محمد الحريري للرجال,Al Maqta' St - Rabdan - RB1 - Abu Dhabi - United Arab Emirates,24.412226099999998,54.505775899999996,4.5,51,OPERATIONAL,hair_salon,moderate,50,100,False,,men-only,2026-10-09
ChIJ6x3D_plBXj4R-qot1dS-WBE,Link M Ladies Beauty Center,Bain Al Jesrain - Villa 27 - Um Ghafa Street - Rabdan - RB7 - Abu Dhabi - United Arab Emirates,24.409182299999998,54.506248299999996,4.3,189,OPERATIONAL,beauty_salon,,,,False,,,2026-10-09
ChIJNaSYXthDXj4RprtgcxKvnds,nails the modern manicure studio - Souk - Qaryat Al Beri branch,"Second Floor, The Souk - Qaryat Al Beri - ربدان - ربدان 2 - أبو ظبي - United Arab Emirates",24.4088359,54.491181399999995,4.8,569,OPERATIONAL,nail_salon,moderate,100,200,False,,,2026-10-09
ChIJnexvv2BBXj4RGZ-nIdMn_Y8,Nadreen beauty and fitness centre مركز نادرين للرشاقة والتجميل,Villa 39 - Dr Mohamed Saeed Al Badi Al Dhaheri St - Rabdan - RB4 - Abu Dhabi - United Arab Emirates,24.406902499999998,54.498587,4.2,79,OPERATIONAL,beauty_salon,,,,False,,,2026-10-09
ChIJ7yIxJNpDXj4R2GCbL6B0_nw,BlowDry Hair Salon,Fairmont Bab Al Bahr - Rabdan - RB2 - Abu Dhabi - United Arab Emirates,24.4142734,54.490825699999995,4.7,311,OPERATIONAL,beauty_salon,moderate,100,300,False,,,2026-10-09
ChIJFRhBdlJBXj4RwYy2RLGionw,Nona Colonna Ladies Salon,jamaiyyah Co - Office #107 - opp. Society Building - Rabdan - RB8 - Abu Dhabi - United Arab Emirates,24.4076347,54.5058601,4.4,104,OPERATIONAL,beauty_salon,moderate,100,200,False,,,2026-10-09
ChIJzeXPk_JBXj4R3ruXrllceTM,Pace e Luce Al Qana,Al Maqta' St - Rabdan - RB6 - Abu Dhabi - United Arab Emirates,24.4012809,54.4988057,4.8,183,OPERATIONAL,beauty_salon,,,,False,,,2026-10-09
ChIJP1UGUHhBXj4Rq2Q4Br2ER5w,Styler Gents Salon & Spa - Rabdan Area,CG44+WR3 - Rabdan - RB8 - Abu Dhabi - United Arab Emirates,24.4072636,54.5069552,4.7,135,OPERATIONAL,barber_shop,moderate,40,140,False,,men-only,2026-10-09
ChIJHeslLLBHXj4R2k220ct8BWA,Boho Salon,Khalifa City - Al Rayyana - Abu Dhabi - United Arab Emirates,24.411804099999998,54.5363769,4.8,835,OPERATIONAL,hair_salon,,,,False,,,2026-10-09
ChIJbUqn6dRBXj4R42NJ8vyTdW4,صالون سما الشام الرجالي,Bain Al Jessrain - Al Ain Rd - Rabdan - المَقطَع - Abu Dhabi - United Arab Emirates,24.406464699999997,54.518000400000005,4.2,32,OPERATIONAL,hair_salon,,,,False,,,2026-10-09
ChIJJw6KqQlBXj4R8b-g8H7A294,صالون الذوق للحلاقة,7 Ad Dahna-A St - Rabdan - RB11 - Abu Dhabi - United Arab Emirates,24.406027599999998,54.518135199999996,3.1,13,OPERATIONAL,hair_salon,,,,False,,,2026-10-09
ChIJHVEMxaRGXj4R85sXAIZsZxA,Nails & Beyond Beauty Lounge,Compound Khalifa A City - Khalifa City - Al Rayyana - Abu Dhabi - United Arab Emirates,24.411853699999998,54.5362223,4.6,129,OPERATIONAL,beauty_salon,,,,False,,,2026-10-09
ChIJ1T33f8hHXj4RFbdgTiq-A3U,Palm Beach Gents Salon,Gate 2 - Khalifa City - Sas Al Nakhl Village - Abu Dhabi - United Arab Emirates,24.407425,54.526014499999995,4.8,90,OPERATIONAL,hair_salon,,,,False,,men-only,2026-10-09
ChIJS7EoHb1HXj4R_CaM82bRZc0,Stardust Gents Salon,Community Al Rayyana Plaza - Khalifa City - Al Rayyana - Abu Dhabi - United Arab Emirates,24.411317399999998,54.5362875,4.7,113,OPERATIONAL,hair_salon,,,,False,,men-only,2026-10-09
ChIJr_IqixRBXj4Rer3S5pTaR8M,صالون نجوم روتانا للرجال,35 Al Muthabarah St - Rabdan - RB11 - Abu Dhabi - United Arab Emirates,24.4063986,54.5177475,3,2,OPERATIONAL,barber_shop,,,,False,,men-only,2026-10-09
ChIJoYBNDVJBXj4R_wO2UgbhcCw,Barber colors,CG49+H38 - Rabdan - RB11 - Abu Dhabi - United Arab Emirates,24.4064199,54.5177049,4.8,4,OPERATIONAL,hair_salon,,,,False,,men-only,2026-10-09
ChIJJT5ZErJGXj4R7VeU-kgIwzI,Gossip Day Spa,Khalifa City - Sas Al Nakhl Village - Abu Dhabi - United Arab Emirates,24.4074176,54.5261932,4.3,41,OPERATIONAL,beauty_salon,,,,False,,,2026-10-09
ChIJmUfGJkdBXj4RSagpm5dzErQ,صالون البنفسج للرجال Violet gents salon,41 شارع المُثَابَرَة - Al Maqta' St - Rabdan - RB11 - Abu Dhabi - United Arab Emirates,24.405804,54.5178861,4.8,4,OPERATIONAL,barber_shop,,,,False,,men-only,2026-10-09
ChIJtYg8FFhBXj4Ro4QHoRZ0ETg,Room for rent,25 Al Muthabarah St - Rabdan - RB11 - Abu Dhabi - United Arab Emirates,24.4060296,54.5173523,5,2,OPERATIONAL,barber_shop,,,,False,,men-only,2026-10-09
ChIJV4F6t4VHXj4RFM9DyQdTykQ,Luce E Luna Beauty Lounge Al Rayyana,CG6P+MFP - Khalifa City - Al Rayyana - Abu Dhabi - United Arab Emirates,24.411704999999998,54.5361975,5,5,OPERATIONAL,beauty_salon,,,,False,,,2026-10-09
ChIJbzaVH0xFXj4R4sopMv_a0Ts,Samreen Beauty Saloon,Town Hall - Khalifa City - Golf Gardens - Abu Dhabi - United Arab Emirates,24.4204108,54.531271399999994,,,OPERATIONAL,beauty_salon,,,,False,,,2026-10-09
ChIJzedALpRBXj4Rb1pu8SegtnY,Signature saloon,CG49+C59 - Unnamed Road - Rabdan - RB11 - Abu Dhabi - United Arab Emirates,24.4060429,54.517998399999996,3.6,12,OPERATIONAL,barber_shop,,,,False,,men-only,2026-10-09
ChIJgVU2UABFXj4RrnJ9POOqlsM,Massage Korean Luxury Heaven Touch,CG9H+PCQ - Khalifa City - Sas - Al Nakhl - جنوب غرب 17 - أبو ظبي - United Arab Emirates,24.4197827,54.5294568,5,1,OPERATIONAL,beauty_salon,,,,False,,,2026-10-09
ChIJtXtImCFFXj4Rqsx5C6OQx_A,Molto bello Gents Salon,مدينة خليفة - جنوب غرب - Khalifa City - Golf Gardens - Abu Dhabi - United Arab Emirates,24.4206021,54.5315345,,,OPERATIONAL,hair_salon,,,,False,,men-only,2026-10-09
ChIJS_qRzU5HXj4RdDHREb3iqr0,Gold & Ash Ladies Beauty Center,CHF6+HRF - A - Khalifa City - Sector 32 - Abu Dhabi - United Arab Emirates,24.4240627,54.562051,4.6,602,OPERATIONAL,beauty_salon,,,,False,,,2026-10-09
ChIJcflCD3lHXj4RT3mzoBbL5Xs,Mamati Ladies Salon,الفرسان فيلا - CGCX+C2H - 25 خليفة أ - Khalifa City - Sector 32 - Abu Dhabi - United Arab Emirates,24.4210627,54.5468647,4.2,590,OPERATIONAL,beauty_salon,,,,False,,,2026-10-09
ChIJu-zyqTFHXj4Rfn0ltDhuQLY,Royal Nails Beauty Lounge - Khalifa City,Khalifa City A Compound 58 Villa 1 - مدينة خليفة - جنوب غرب 1 - أبو ظبي - United Arab Emirates,24.4264899,54.5539193,4.4,268,OPERATIONAL,beauty_salon,moderate,100,300,False,,,2026-10-09
ChIJI1MU0phHXj4R9Cwmi8huUZY,hair and nail beauty salon,CHF6+HRF - A - Khalifa City - Sector 32 - Abu Dhabi - United Arab Emirates,24.423937499999997,54.562062499999996,4.7,2040,OPERATIONAL,beauty_salon,,,,False,,,2026-10-09
ChIJBSTDRftHXj4RrjwQvtjVgVY,صالون سونا خليفة أ,37 Theyab Bin Eissa St - Khalifa City - SE2 - Abu Dhabi - United Arab Emirates,24.4213995,54.5654772,3.3,94,OPERATIONAL,beauty_salon,moderate,1,200,False,,,2026-10-09
ChIJe_CnO5xHXj4R6FkGkdcm414,Style House Barbershop,"Emirates Post Building, Khalifa City A - مدينة خليفة - جنوب غرب 5 - أبو ظبي - United Arab Emirates",24.406114,54.5690725,4.6,430,CLOSED_TEMPORARILY,barber_shop,,,,False,,not-operational,2026-10-09
ChIJOXqcoflHXj4Rw9lYL-ImdG0,Mirna Kassab Beauty Center,Saeed Bin Ablan Al Mazrouei St (Street 188) - Khalifa City - SW5 - Abu Dhabi - United Arab Emirates,24.405334699999997,54.5682591,4.8,410,OPERATIONAL,beauty_salon,,,,False,,,2026-10-09
ChIJq4yo9plGXj4Rwg8iScd-r9I,Charm Slimming & Beauty Center,12th St - Khalifa City - Sector 32 - Abu Dhabi - United Arab Emirates,24.414764599999998,54.54902020000001,4.1,196,OPERATIONAL,beauty_salon,,,,False,,,2026-10-09
ChIJq_2Ft5NGXj4RBu1gRSV_VPU,Plush Beauty Spa,12th St - Khalifa City - SW14 - Abu Dhabi - United Arab Emirates,24.4082126,54.5512766,4.6,393,OPERATIONAL,beauty_salon,,,,False,,,2026-10-09
ChIJ14qBf3tmXj4Ryl0XGGlJi5A,Le Voyage Beauty & Spa,A - opposite Spar Supermarket - Khalifa City - SW5 - Abu Dhabi - United Arab Emirates,24.406525,54.5679323,4.2,310,OPERATIONAL,beauty_salon,,,,False,,,2026-10-09
ChIJA3hjb-NHXj4ROuB2SgejwCc,Luxury Harrods Beauty and Spa,Villa No.4 - 159 12th St - opposite of Al Forsan Village - Khalifa City - SW14 - Abu Dhabi - United Arab Emirates,24.4057002,54.552279,4.6,425,OPERATIONAL,beauty_salon,expensive,100,500,False,,,2026-10-09
ChIJC5E64aFHXj4Rv3VUWnT-q6E,Maravilloso Beauty Centre,khalifa city A jabal al noor resturant building M floor - مدينة خليفة - جنوب غرب 2 - أبو ظبي - United Arab Emirates,24.4220899,54.5652372,4.3,151,OPERATIONAL,beauty_salon,,,,False,,,2026-10-09
ChIJDQ4dJJFGXj4RvEL8WJHJhKo,Hajir Ladies Salon - صالون هاجر,Khalifa A - مدينة خليفة - حوض 32 - أبو ظبي - United Arab Emirates,24.4115505,54.550181099999996,4.4,332,OPERATIONAL,beauty_salon,moderate,100,400,False,,,2026-10-09
ChIJraRWc2ZGXj4RHZzmHNkAoVI,صالون خبيره لنقش الحناء,Abu Dhabi - Khalifa City - SW2 - Abu Dhabi - United Arab Emirates,24.4207698,54.565658199999994,4,126,OPERATIONAL,beauty_salon,,,,False,,,2026-10-09
ChIJ01_jrNFHXj4R71fjZuscuoE,1847 EDIT Waitrose Community Khalifa City,community market - Khalifa City - Sector 32 - Abu Dhabi - United Arab Emirates,24.416779599999998,54.5659863,4.9,466,OPERATIONAL,barber_shop,,,,False,,men-only,2026-10-09
ChIJV8chu3ZFXj4R8k3bfpbP4yQ,Hour Al Khaleej Salon,Al Mireef St - Khalifa City - SW11 - Abu Dhabi - United Arab Emirates,24.424768,54.547419600000005,3.9,123,OPERATIONAL,beauty_salon,,,,False,,,2026-10-09
ChIJMSB4C35HXj4RZaFWsB2HzPA,N.Bar Nail Spa & Salon Khalifa City,community market - Khalifa City - Sector 32 - Abu Dhabi - United Arab Emirates,24.4168211,54.5660077,4.8,380,OPERATIONAL,nail_salon,moderate,150,350,False,,,2026-10-09
ChIJ93WxzyVGXj4RV-nEwzu_2CI,"Tara Rose Salons - Khalifa City A, Abu Dhabi","Khalifa City A, Street 26, Villa 198, Near Adnoc Petrol Station - مدينة خليفة - حوض 15 - أبو ظبي - United Arab Emirates",24.4102858,54.603468,4.8,918,OPERATIONAL,hair_salon,,,,False,,,2026-10-09
ChIJR7yaYMIr0A8RJ1xxI2XJjZQ,Nara Beauty Salon,But bin Mohammed alqubasi - مدينة خليفة - حوض 13 - أبو ظبي - United Arab Emirates,24.4021227,54.5837655,4.4,205,OPERATIONAL,beauty_salon,very_expensive,100,600,False,,,2026-10-09
ChIJ7YfCKAXNFAARAun7rUoz3ns,Boujie Beauty Salon,76 Al yas al Ali street - Mezzanine floor - Building C10 - A - مدينة خليفة - حوض 13 - أبو ظبي - United Arab Emirates,24.4022205,54.584081999999995,4.7,453,OPERATIONAL,beauty_salon,very_expensive,200,500,False,,,2026-10-09
ChIJgTxoI2pHXj4R_AEmXySEpwE,Planet Romeo Gents Saloon صالون بلانيت روميو للرجال - مساج رجالي,Abu Dhabi - Khalifa City - SE25 - Abu Dhabi - United Arab Emirates,24.41172,54.590330900000005,4.1,57,OPERATIONAL,hair_salon,,,,False,,men-only,2026-10-09
ChIJU6I5uaFHXj4Rub1XJ3tWlVw,Iconic Hair Care Hair Replacement Center Abu Dhabi,Office M01C 09 - Building 74 شارع الياس العَالي - Khalifa City - Sector 13 - Abu Dhabi - United Arab Emirates,24.4021412,54.583639899999994,4.8,55,OPERATIONAL,medical_clinic,,,,False,,not-a-salon,2026-10-09
ChIJz9Ih5T5GXj4RFa6jMlBD1lU,Kensington Beauty Bar,99 Al Ghioum St - Khalifa City - Sector 13 - Abu Dhabi - United Arab Emirates,24.411766699999998,54.5908304,4.6,246,OPERATIONAL,beauty_salon,,,,False,,,2026-10-09
ChIJX4VTJgBHXj4RMq2aXNNesZQ,Super shine gents salon,A - 78 Al Yas Al ‘Ali St - opposite to Etihad School - Khalifa City - SE16 - Abu Dhabi - United Arab Emirates,24.402300699999998,54.584583099999996,3,8,OPERATIONAL,barber_shop,,,,False,,men-only,2026-10-09
ChIJ_YYU-SlHXj4R_s2xoMvN3H8,ARSI Makeup and Henna Abudhabi,Street 19 Al Khalis St - Khalifa City - Sector 15 - Abu Dhabi - United Arab Emirates,24.4099865,54.6014857,5,34,OPERATIONAL,beauty_salon,,,,False,,,2026-10-09
ChIJ5wMCC-5HXj4RzDYDSkUn4Nw,AlJaza Gents Saloon Khalifa A,86 Al Yas Al ‘Ali St - Khalifa City - SE16 - Abu Dhabi - United Arab Emirates,24.402406499999998,54.5857288,4,19,OPERATIONAL,barber_shop,,,,False,,men-only,2026-10-09
ChIJW3lZK2VHXj4R47DHtaJEtaE,Airlines Saloon- Khalifa City Branch 2,Khalifa City - SE26 01 - Abu Dhabi - United Arab Emirates,24.4044805,54.594646,3.5,27,OPERATIONAL,barber_shop,inexpensive,40,60,False,,men-only,2026-10-09
ChIJCf71DQBHXj4RGSg-Rap3pzQ,Salon,16 Butti Bin Mohammed Al Qubaisi St - Khalifa City - Sector 13 - Abu Dhabi - United Arab Emirates,24.402429299999998,54.585970599999996,5,2,OPERATIONAL,beauty_salon,,,,False,,,2026-10-09
ChIJq68H5vxHXj4RM41O_xzCcRI,Mirror cut,CHCH+4F8 - Khalifa City - Sector 12 - Abu Dhabi - United Arab Emirates,24.4202771,54.578694299999995,4.3,16,OPERATIONAL,barber_shop,,,,False,,men-only,2026-10-09
ChIJq6qq6mlGXj4RO92VESUx4Jc,Kats NAILS,CH7J+F74 - Khalifa City - Sector 13 - Abu Dhabi - United Arab Emirates,24.4136432,54.580712399999996,4.5,2,OPERATIONAL,nail_salon,,,,False,,,2026-10-09
ChIJGW_YpGJHXj4RZoGbLjaM2pI,Scissors Togo,9 Ad Dirayah St - Khalifa City - SE25 - Abu Dhabi - United Arab Emirates,24.4116259,54.590806,5,1,OPERATIONAL,barber_shop,,,,False,,men-only,2026-10-09
ChIJk3jzKPdHXj4R0MWNKxJuIRI,Lush And Luxe AD,Khalifa City - SE25 - Abu Dhabi - United Arab Emirates,24.4117392,54.5905894,5,2,OPERATIONAL,beauty_salon,,,,False,,,2026-10-09
ChIJkWCcYQBHXj4R4DwKrMJEBbc,Home,CHCR+278 - Al Murahib St - Khalifa City - SE24 - Abu Dhabi - United Arab Emirates,24.420036399999997,54.590698599999996,,,OPERATIONAL,beauty_salon,,,,False,,,2026-10-09
ChIJpYqPLKxHXj4RC99ZOhG1Mbw,Roma sis salon,14 - مدينة خليفة - جنوب شرق 4 - أبو ظبي - United Arab Emirates,24.4117703,54.571056,5,1,OPERATIONAL,beauty_salon,,,,False,,,2026-10-09
ChIJ3cTNKABHXj4R9X4UtcZTOgA,Armania Salon -صالون أرمانيا,A - Khalifa City - SE26 01 - Abu Dhabi - United Arab Emirates,24.404563200000002,54.596964799999995,3.5,4,OPERATIONAL,barber_shop,,,,False,,men-only,2026-10-09
ChIJO2JLNYtPXj4RyAzElJEAUqg,The Barber Jonas Abudhabi,"Chaps & Co Barbershop, Yas Mall - Khalifa City - SE16 - Abu Dhabi - United Arab Emirates",24.4026893,54.5824837,5,1,CLOSED_TEMPORARILY,barber_shop,,,,False,,not-operational,2026-10-09
ChIJAbHY8TNJXj4RCFVFm83o6-w,CT Style Salon,1200 Al Mireef Street - Khalifa City - SE45 05 - Abu Dhabi - United Arab Emirates,24.4285483,54.62048,4.8,213,OPERATIONAL,hair_salon,,,,False,,,2026-10-09
ChIJae_1NFRJXj4RCUMrko0sCNc,nails the modern manicure studio - My City Centre Masdar Branch,"First Floor, My City Centre - Masdar City - SE45 05 - Abu Dhabi - United Arab Emirates",24.4290786,54.6201872,4.8,1012,OPERATIONAL,nail_salon,moderate,1,300,False,,,2026-10-09
ChIJpe7674JHXj4R4qEwHDutwpo,Ruby Salon - Khalifa City Br 2 Abu Dhabi,Al 'Atad St - Khalifa City - SE38 - Abu Dhabi - United Arab Emirates,24.412215399999997,54.606300999999995,3.5,40,OPERATIONAL,beauty_salon,,,,False,,,2026-10-09
ChIJ_XHbJhZmXj4RZEoLST18fRY,Beautiful Henna Centre (صالون النقوش الجميلة),"Villa 141, Near VIETNAM EMBASSY - Salama Bint Butti St - Al Mushrif - W52 - Abu Dhabi - United Arab Emirates",24.4316998,54.4019581,4.3,426,OPERATIONAL,beauty_salon,expensive,1,500,False,,,2026-10-09
ChIJyVu_fgBpXj4RvvXH6N2MYy4,CUT STATION GENTS SALON,C9XR+8W5 - Al Nahyan - Zone 1 - Abu Dhabi - United Arab Emirates,24.448266399999998,54.392354999999995,5,20,OPERATIONAL,hair_salon,,,,False,,men-only,2026-10-09
ChIJDwaXsuVpXj4Rc5kKOyn3FuM,Tuxedo Gents Salon صالون توكسيدو للرجال,CCX2+685 - Hadbat Al Za`Faranah - Zone 1 - Abu Dhabi - United Arab Emirates,24.448061000000003,54.4009548,3.9,49,OPERATIONAL,barber_shop,,,,False,,men-only,2026-10-09
ChIJ43Hi13lpXj4RzzYf8mWbs3A,Oriental Beauty Lounge - Khalifa University,"Kahlifa University Campus Ladies, Gym 2nd Floor - حدبة الزعفرانة - شرق 27 - أبو ظبي - United Arab Emirates",24.448951899999997,54.396366,4.9,13,OPERATIONAL,beauty_salon,,,,False,,,2026-10-09
ChIJB-F2OvlpXj4R1ImT9Lkd6fQ,Pure Cut Gents Salon LLC,Al Finjan St - Hadbat Al Za`Faranah - Zone 1 - Abu Dhabi - United Arab Emirates,24.4492539,54.399838599999995,4.8,27,OPERATIONAL,hair_salon,,,,False,,men-only,2026-10-09
ChIJ3X_JNv1pXj4RqPI030unqzE,Saloon sawlajan _ صالون صولجان,Al Jiwa St - Al Nahyan - E23 - Abu Dhabi - United Arab Emirates,24.4484663,54.3921455,4.5,8,OPERATIONAL,hair_salon,,,,False,,,2026-10-09
ChIJDccChn1pXj4RChtxa2C6YOk,Pearl and Platinum Ladies Beauty Salon And Spa,7 Jubara Bin Hasan Al Marar St - Hadbat Al Za`Faranah - Zone 1 - Abu Dhabi - United Arab Emirates,24.440835399999997,54.400096,5,4,OPERATIONAL,beauty_salon,,,,False,,,2026-10-09
ChIJtSOFCABpXj4RNh5PAcYQ9uk,Happy Land Salon,C9WR+XH8 - Al Mushrif - W24 01 - Abu Dhabi - United Arab Emirates,24.447415,54.3914523,3.7,3,OPERATIONAL,barber_shop,,,,False,,men-only,2026-10-09
ChIJRccC8h1pXj4R6bmL4SEfoA0,LITTLE DIVA SALON,شارع - Al Mushrif - W52 02 - Abu Dhabi - United Arab Emirates,24.4359328,54.38648930000001,4.2,5,OPERATIONAL,beauty_salon,,,,False,,,2026-10-09
ChIJw54wzUppXj4ROVyA5Cb8D8s,Silver rose gents salon,C9XR+CRF - Al Jiwa-a St - Al Nahyan - E23 - Abu Dhabi - United Arab Emirates,24.4485514,54.3920623,3.8,4,OPERATIONAL,barber_shop,,,,False,,men-only,2026-10-09
ChIJIQC5B3dpXj4RuLjtnsl-iQg,Daymart Mens Saloon,37 Jabal An Nijeed St - Hadbat Al Za`Faranah - E21 - Abu Dhabi - United Arab Emirates,24.4473776,54.3992607,2.6,5,OPERATIONAL,hair_salon,,,,False,,,2026-10-09
ChIJA8LhDvNpXj4R8vv9oOyrJDw,Bright Salon,876 Sheikh Rashid Bin Saeed St - Al Mushrif - W24 01 - Abu Dhabi - United Arab Emirates,24.4487874,54.390093199999995,4.6,18,OPERATIONAL,hair_salon,,,,False,,,2026-10-09
ChIJ5Q2p8hxpXj4RW1aP3BZOk1o,صالون عيون المها,الريحانSector E-38 - Hadbat Al Za`Faranah - Zone 1 - Abu Dhabi - United Arab Emirates,24.4392949,54.4145034,3,65,OPERATIONAL,beauty_salon,,,,False,,,2026-10-09
ChIJ0-wRXGlDXj4Re96Hp4-zBiA,Uptown Barbershop,"Muroor Road, Al Aman Street Al Falahi Building, Mezzanine Floor - Shop 15 - 4 شارع سلطان بن زايد الأول - السعادة - شرق 40 - أبو ظبي - United Arab Emirates",24.4317935,54.434338999999994,4.4,330,OPERATIONAL,barber_shop,moderate,40,80,False,,men-only,2026-10-09
ChIJ6WvjJUxpXj4RBrEpujZgm_0,Magio Hair Experience - Al Mushrif,Al bustan complex Shop 7 - السعادة - Zone 1 - أبو ظبي - United Arab Emirates,24.4290432,54.4286937,4.9,177,OPERATIONAL,beauty_salon,,,,False,,,2026-10-09
ChIJXVTeg0xoXj4R-l-9MIAGs_E,Ruby Salon - Al Mushrif Abu Dhabi,Mohammed Bin Alfendi Al Mazrouei St - Al Mushrif - W47 - Abu Dhabi - United Arab Emirates,24.4294717,54.4066474,4.1,156,OPERATIONAL,barber_shop,,,,False,,men-only,2026-10-09
ChIJASsJwpdpXj4RK-rxI9CDims,Al Dalal Beauty Salon,Sultan Bin Zayed The First St - Al Sa`Adah - E40 - Abu Dhabi - United Arab Emirates,24.4327953,54.4321153,4.5,67,OPERATIONAL,beauty_salon,moderate,1,400,False,,,2026-10-09
ChIJrc-a77lJXj4REBoERRqRXQg,Backyard Barbers,"Sheikh Rashid Bin Saeed Street, Al Bustan Complex, GF - Fountain side - السعادة - Zone 1 - أبو ظبي - United Arab Emirates",24.429787899999997,54.427879399999995,4.8,202,OPERATIONAL,barber_shop,moderate,100,200,False,,men-only,2026-10-09
ChIJLbmsUNVpXj4Rimbd3z_7Zkc,Ruby Salon - Sultan Bin Zayed Street Br 1 Abu Dhabi,Mana Bin Saeed Al Otaiba St - Al Sa`Adah - Zone 1 - Abu Dhabi - United Arab Emirates,24.434188499999998,54.434275500000005,4.1,244,OPERATIONAL,beauty_salon,,,,False,,,2026-10-09
ChIJSykehZ9DXj4RYVgrLEigxjQ,Last touch gents saloon لاست تاتش صالون,12 Al Banadir St - Al Sa`Adah - E40 - Abu Dhabi - United Arab Emirates,24.4327161,54.4339387,4.4,60,OPERATIONAL,barber_shop,,,,False,,men-only,2026-10-09
ChIJXXEoRatpXj4RAwuSFz46vVo,Aloha Beauty salon,Abu Dhabi - Hadbat Al Za`Faranah - Zone 1 - Abu Dhabi - United Arab Emirates,24.440143799999998,54.4086479,4.1,19,OPERATIONAL,beauty_salon,,,,False,,,2026-10-09
ChIJ8bfdgZ5pXj4Rufma7EEL_sc,Rachna Salon,Villa 24 13th St - opposite Mushriff Mall - Al Mushrif - W47 - Abu Dhabi - United Arab Emirates,24.432547099999997,54.411581399999996,3.7,121,OPERATIONAL,beauty_salon,,,,False,,,2026-10-09
ChIJBREr7oNDXj4RfhQ5lRfJBPU,kiraz Ladies Beauty Center,شارع - 4 - Al Sa`Adah - Zone 1 - Abu Dhabi - United Arab Emirates,24.434506199999998,54.4320738,4.4,113,OPERATIONAL,beauty_salon,,,,False,,,2026-10-09
ChIJwzatXQBpXj4RvqKh4Y4GzcQ,Pronto Beauty Salon & Henna,Sultan Bin Zayed The First St - Hadbat Al Za`Faranah - Zone 1 - Abu Dhabi - United Arab Emirates,24.440148999999998,54.4089123,4.6,138,OPERATIONAL,beauty_salon,,,,False,,,2026-10-09
ChIJ4RPvP8hpXj4RZyJsF1mf7zA,Four Seasons Ladies Salon,Sheikh Rashid Bin Saeed St - Al Sa`Adah - Zone 1 - Abu Dhabi - United Arab Emirates,24.429628299999997,54.428322099999995,4.6,213,OPERATIONAL,beauty_salon,,,,False,,,2026-10-09
ChIJF9epKQhDXj4Rb0GR3M9bi6E,صالون القصور للعناية بالرجال ALQASOR GENTS SALON,Sultan Bin Zayed The First St - Al Sa`Adah - E40 - Abu Dhabi - United Arab Emirates,24.4326297,54.4346508,4.9,220,OPERATIONAL,hair_salon,moderate,50,200,False,,men-only,2026-10-09
ChIJASyatSpoXj4Rxk9nvOj2zDQ,Kanaan Gents Saloon - صالون كنعان للرجال,Building 24 Muroor Street 29 - Al Sa`Adah - E43 - Abu Dhabi - United Arab Emirates,24.4342099,54.4300491,4.3,86,OPERATIONAL,barber_shop,moderate,20,140,False,,men-only,2026-10-09
ChIJY59gK9VpXj4ROCwYdCtZdb0,Bride of Sham Ladies Salon (صالون عروس الشام) - Highly recommended ladies salon at Muroor Road in Abu Dhabi,4 Sultan Bin Zayed The First St - Al Sa`Adah - Zone 1 - Abu Dhabi - United Arab Emirates,24.4346598,54.431599,4.7,277,OPERATIONAL,beauty_salon,moderate,1,300,False,,,2026-10-09
ChIJI8v8dWppXj4RWPqjOl9OoXE,Lavita beauty center,17 شارع غَاف بُو فَرَاشَة - Hadbat Al Za`Faranah - E29 - Abu Dhabi - United Arab Emirates,24.4447747,54.4044045,4.3,28,OPERATIONAL,beauty_salon,,,,False,,,2026-10-09
ChIJ3SEIKAtDXj4R-KbBxJRio3I,Mikas Beauty Salon,Sheikh Rashid Bin Saeed St - Al Muntazah - Zone 1 - Abu Dhabi - United Arab Emirates,24.4298349,54.443371899999995,4.9,1208,OPERATIONAL,beauty_salon,,,,False,,,2026-10-09
ChIJ8ZNb6ERCXj4RRYlU_N7RiGY,Arabella Spa,Arabella Class Spa - Al Muntazah - E48 - Abu Dhabi - United Arab Emirates,24.4310398,54.463690799999995,4.5,199,CLOSED_TEMPORARILY,beauty_salon,,,,False,,not-operational,2026-10-09
ChIJ1RNCXzRDXj4RkbuAKXOwcGA,Indigo Ladies Salon,"Villa 116, Al Khara-it Street - Old Muroor Rd - المنتزه - شرق 48 - أبو ظبي - United Arab Emirates",24.4295699,54.4435642,4.4,434,OPERATIONAL,beauty_salon,moderate,100,300,False,,,2026-10-09
ChIJRfTVvZVDXj4RZZRKmMGM9cs,Bedashing Beauty Lounge Ministries Complex,"Shop No. 3, ICT Building, Khalifa Park ,Ministry Area - المنتزه - شرق 48 - أبو ظبي - United Arab Emirates",24.432147,54.4647516,4.9,1217,OPERATIONAL,beauty_salon,,,,True,ministries-complex,,2026-10-09
ChIJXxB8lodDXj4RjWOGnpA5eAw,Da Vinci Gents Salon & SPA,31st Street - Saraya Tower - Muroor Rd - behind Rabdan Acadamy - السعادة - شرق 40 - أبو ظبي - United Arab Emirates,24.430736399999997,54.4358971,4.9,432,OPERATIONAL,barber_shop,moderate,80,180,False,,men-only,2026-10-09
ChIJD78jm21DXj4RFJaaFlEWA9U,Elated Beauty Bar,الفَائِزِين - Al Muntazah - E48 - Abu Dhabi - United Arab Emirates,24.4315307,54.4648325,4.5,480,OPERATIONAL,beauty_salon,moderate,100,400,False,,,2026-10-09
ChIJt8i1c6JDXj4RZT68OZOeZA8,Calla Beauty Salon,Unnamed Road، - CFP2+GF2 - Al Muntazah - E48 - Abu Dhabi - United Arab Emirates,24.4360023,54.4512533,4.9,130,OPERATIONAL,beauty_salon,moderate,100,400,False,,,2026-10-09
ChIJJThiRQBDXj4ReHyHBI8ug-c,Bonita Beauty lounge,Al Muntazah - Ministries Complex - Abu Dhabi - United Arab Emirates,24.4315392,54.4644468,4.6,210,OPERATIONAL,beauty_salon,moderate,1,300,False,,,2026-10-09
ChIJebjY595pXj4RrWBZaYQa8oQ,Sam’s Barber Men Care Center,1710 Mzaham St - Al Rawdah - W69 - Abu Dhabi - United Arab Emirates,24.425020999999997,54.447095499999996,4.5,73,OPERATIONAL,barber_shop,,,,False,,men-only,2026-10-09
ChIJqa7UHI9pXj4RtSOUqeeoLtA,Styler Gents Salon & Spa - Khalifa Park,Al Halawi St - Khalifa Park - E48 - Abu Dhabi - United Arab Emirates,24.429668100000004,54.4633634,4.8,232,OPERATIONAL,barber_shop,,,,False,,men-only,2026-10-09
ChIJRzICruJDXj4RaPMufl7bbH4,SIRYANO Gents Salon & Spa,27 Al Murouj St - Al Muntazah - E48 - Abu Dhabi - United Arab Emirates,24.4354162,54.455372399999995,4.5,297,OPERATIONAL,barber_shop,moderate,40,160,False,,men-only,2026-10-09
ChIJDx8rnn9CXj4R5qRbl2Ogj1E,The Bearded Man Salon,Al Banadir St - Al Sa`Adah - E40 - Abu Dhabi - United Arab Emirates,24.4325062,54.4354145,4.1,75,OPERATIONAL,barber_shop,,,,False,,men-only,2026-10-09
ChIJn6Y25n5CXj4RNiqHwAV0tvE,Meera Beauty Centre,المرور شارع - ٣١ - Al Sa`Adah - E40 - Abu Dhabi - United Arab Emirates,24.432024499999997,54.438005100000005,4,125,OPERATIONAL,beauty_salon,,,,False,,,2026-10-09
ChIJ_em4aABDXj4RJvIkDFBUzlU,صالون عشبة الداد,41 شارع الحِمْرَار - Al Sa`Adah - Zone 1 - Abu Dhabi - United Arab Emirates,24.432231899999998,54.4359228,4.6,48,OPERATIONAL,beauty_salon,,,,False,,,2026-10-09
ChIJx_fpaVhDXj4RCoW_NGAuyNA,The BND - Barber Next Door,"Al Samh Street, Old - Mubarak & Sons - Building 433 Airport Road - الروضة - غرب 69 - أبو ظبي - United Arab Emirates",24.4249492,54.446935599999996,4.8,130,CLOSED_TEMPORARILY,barber_shop,,,,False,,not-operational,2026-10-09
ChIJsZcdI0VCXj4RcqqbomF0j6w,Sugarcoat Ladies Beauty Salon,Gazelle Residence Building - Sheikh Zayed Bin Sultan St - khalifa park - Ministries Complex - Abu Dhabi - United Arab Emirates,24.4314309,54.464785,4.4,116,OPERATIONAL,beauty_salon,expensive,1,500,False,,,2026-10-09
ChIJy0gbkiRDXj4RsKUFEhYvICw,Organica by Mirrors Saloon,60 شارع وَادِي الفَاي - Al Muntazah - E48 - Abu Dhabi - United Arab Emirates,24.4322059,54.464692799999995,,,OPERATIONAL,beauty_salon,,,,False,,,2026-10-09
ChIJi3I6PmpFXj4RvnqAlf-Zj14,MAMA IV NAILS TECH LLC,Sheikh Zayed Bin Sultan St - Al Rahah - RBW13 - Abu Dhabi - United Arab Emirates,24.4299143,54.545806,,,OPERATIONAL,beautician,,,,False,,,2026-10-09
ChIJObWU69VFXj4RHe9sihg8jm0,Belladona,A - AL Merit Street - Khalifa City - zone 3 - Abu Dhabi - United Arab Emirates,24.431022799999997,54.5698143,3.7,380,OPERATIONAL,beauty_salon,moderate,100,300,False,,,2026-10-09
ChIJP1niJQBHXj4RF3V73XOmjaQ,Reef beauty lounge,Khalifa City - SE1 - Abu Dhabi - United Arab Emirates,24.4311616,54.569916899999996,4.1,202,OPERATIONAL,beauty_salon,moderate,100,300,False,,,2026-10-09
ChIJjVmxV54IyG8Rb6vQGYUtChQ,GLOW Beauty Center Raha,beach tower c2 - Al Raha - Al Dana - Abu Dhabi - United Arab Emirates,24.441712900000002,54.5808768,4.8,436,OPERATIONAL,beauty_salon,very_expensive,200,800,False,,,2026-10-09
ChIJLT04_gtFXj4RUolszHPVCTQ,Urban G: Gents Salon and Spa,Al Raha Blvd - Al Rahah - RBW9 - Abu Dhabi - United Arab Emirates,24.442377399999998,54.581582,5,225,OPERATIONAL,barber_shop,moderate,40,140,False,,men-only,2026-10-09
ChIJK756BwBFXj4RNGsyZqGUr0o,Anu brows star ladies beauty salon,Khalifa City - SW18 - Abu Dhabi - United Arab Emirates,24.430369499999998,54.5611052,4.2,66,OPERATIONAL,beauty_salon,,,,False,,,2026-10-09
ChIJBa4fnRRFXj4RPhetV5A5vHI,Its Beauty Ladies Salon – Sail Tower,Sail Tower - Shop 2 Al Raha Blvd - Al Rahah - RBW8 - Abu Dhabi - United Arab Emirates,24.445178499999997,54.574979899999995,4.8,736,OPERATIONAL,beauty_salon,very_expensive,200,600,False,,,2026-10-09
ChIJE6GfvEJFXj4Ri50VzOmUM0Q,Perfectly Trimmed Gents Salon - Al Raha,"Raha Beach - C18, Building Number 25 - Al Rahah - RBW9 - Abu Dhabi - United Arab Emirates",24.4409618,54.5786677,4.7,187,OPERATIONAL,barber_shop,moderate,40,120,False,,men-only,2026-10-09
ChIJJb5APb1FXj4RU9aUzn6zONo,Rendezvous Beauty Spa,CHVQ+86H - شارع القناة - Al Rahah - RBW7 - Abu Dhabi - United Arab Emirates,24.4433287,54.5881202,4.5,98,OPERATIONAL,beauty_salon,,,,False,,,2026-10-09
ChIJDauAueVFXj4R3Xmnuq3eL3M,Reed Beauty Lounge & Studio صالون وستوديو ريد,Reed Women Beauty And Wellness Center - Al Rahah - RBW9 - Abu Dhabi - United Arab Emirates,24.440606,54.5785753,4.7,292,OPERATIONAL,beauty_salon,moderate,100,300,False,,,2026-10-09
ChIJmWiuN-VFXj4RQDF2uLpsGEc,Styler Gents Salon & Spa - Al Raha City,C16 - Al Raha Blvd - Al Raha City - Al Dana - Abu Dhabi - United Arab Emirates,24.441575999999998,54.5798385,4.8,140,OPERATIONAL,barber_shop,,,,False,,men-only,2026-10-09
ChIJM3khiz5FXj4RppLYUuY_bkg,Fair and Handsome Gents Salon,Oppo: of Lamara Residence - The Golden Tower - behind Alraha Garden - الرَّاحَة - شاطئ الراحة غرب 7 - أبو ظبي - United Arab Emirates,24.442878,54.586539699999996,4,61,OPERATIONAL,hair_salon,,,,False,,men-only,2026-10-09
ChIJg5BBYBZFXj4Rlickg9Xmqpg,AKIN Barber & Shop - Abu Dhabi,Ar Rahah St - Al Rahah - Al Dana - Abu Dhabi - United Arab Emirates,24.4464121,54.5807052,5,89,OPERATIONAL,barber_shop,moderate,160,200,False,,men-only,2026-10-09
ChIJ2cRwm0lynCgR06QvoTEAUV0,Blinklash Women beauty Salon - Abu Dhabi,Thalassa Building - Al Rahah - Al Dana - Abu Dhabi - United Arab Emirates,24.446167799999998,54.5802401,4.7,172,OPERATIONAL,beauty_salon,moderate,100,300,False,,,2026-10-09
ChIJcTgqyBZHXj4Rf5B1BB4WmsQ,The No1 African Beauty Salon Khalifa city,Market - Theyab Bin Eissa St - Khalifa City - SW2 - Abu Dhabi - United Arab Emirates,24.423869399999997,54.564659600000006,4.6,49,OPERATIONAL,beauty_salon,moderate,100,300,False,,,2026-10-09
ChIJUfG7mzxFXj4R2JkGjlPCFs0,Nomad Gents Salon,Gardens Plaza - Khalifa City - SW18 - Abu Dhabi - United Arab Emirates,24.4321436,54.5665816,4.7,29,OPERATIONAL,barber_shop,,,,False,,men-only,2026-10-09
ChIJPSW3B6dFXj4Rwtv4UgUWxRw,KHALIFA CITY YELLOW STAR GENTS SALON AL RAHA GARDENS,CHJ6+3JG yellow star gent's sslon - Khalifa City - Al Raha Gardens - Abu Dhabi - United Arab Emirates,24.4301875,54.56156250000001,3.5,12,OPERATIONAL,beauty_salon,,,,False,,men-only,2026-10-09
ChIJ2w6aSqZFXj4RXQkFwxHfej4,MOLTO BELLO GENTS SALON,فلل - 12 At Tulou' 9 St - Khalifa City - Al Raha Gardens - Abu Dhabi - United Arab Emirates,24.4304861,54.560545499999996,4.6,23,OPERATIONAL,barber_shop,,,,False,,men-only,2026-10-09
ChIJdzZoddFFXj4RJUxCBRKNlz8,La Reine Beauty Center,Al Raha Beach Hotel - الرَّاحَة - شاطئ الراحة غرب 13 - أبو ظبي - United Arab Emirates,24.4383078,54.5724539,4.6,33,OPERATIONAL,beauty_salon,,,,False,,,2026-10-09
ChIJCcq3fX1GXj4RHBRRQQMXNlE,Guitara Beauty Salon صالون جيتارا للسيدات,rahah street - Al Rahah - RBW7 - Abu Dhabi - United Arab Emirates,24.444991599999998,54.587879799999996,3.2,18,OPERATIONAL,beauty_salon,,,,False,,,2026-10-09
ChIJz52FcQBFXj4RcpTlctHhMJg,Yellow star gents saloon,CHJ6+4J9 - At Tulou' 9 St - Khalifa City - Al Raha Gardens - Abu Dhabi - United Arab Emirates,24.430286199999998,54.5616195,3.9,7,OPERATIONAL,barber_shop,,,,False,,men-only,2026-10-09
ChIJew69Lv1FXj4RjK59U-COz1k,Bedashing Beauty Lounge Khalifa City A,Al Mireef St - Khalifa City - SE42 - Abu Dhabi - United Arab Emirates,24.439980499999997,54.598905599999995,4.5,2465,OPERATIONAL,beauty_salon,,,,True,khalifa-city-a,,2026-10-09
ChIJEz8EupNPXj4RFbdYFRkXgwU,Mantis Gent's Salon Khalifa City,"khalifa city A, SE45 Building 61C - مدينة خليفة - جنوب شرق 45 - أبو ظبي - United Arab Emirates",24.4436389,54.6119759,4.9,1718,OPERATIONAL,barber_shop,moderate,80,140,False,,men-only,2026-10-09
ChIJH26D38ZFXj4RrPiy947PD0w,The Cloud Spa ذا كلاود سبا,CHWW+HW7 - Al Rahah - Al Raha Gardens - Abu Dhabi - United Arab Emirates,24.4464017,54.5972929,4,148,OPERATIONAL,beauty_salon,moderate,100,400,False,,,2026-10-09
ChIJ32dV6-JFXj4RirMzddSWiYA,BLONDE LUXURY BEAUTY LOUNGE,A Villa 16 Al Mireef St - Khalifa City - SE42 - Abu Dhabi - United Arab Emirates,24.4396349,54.597625799999996,3.7,365,OPERATIONAL,beauty_salon,moderate,1,400,False,,,2026-10-09
ChIJjwLqLP1FXj4RijrVIwa4Gwo,Silkor Khalifa A Branch Abu Dhabi - مركز سيلكور في خليفة أ‎‎,"Silkor Villa, Etihad Plaza Road, near Etihad Airways Headquarters Khalifa City A - مدينة خليفة - جنوب شرق 42 - أبو ظبي - United Arab Emirates",24.439982,54.5988857,4.8,1494,OPERATIONAL,medical_clinic,,,,False,,not-a-salon,2026-10-09
ChIJ22WvAxZPXj4Rba0b6Csy-Ck,Pochinki for men salon khalifa city,CJV7+G4 - Khalifa City - SE45 - Abu Dhabi - United Arab Emirates,24.443619100000003,54.6129975,4.5,181,OPERATIONAL,hair_salon,moderate,1,150,False,,men-only,2026-10-09
ChIJieGTC7ZPXj4RX_8hfMRV2HY,Barbar 89,Khalifa City - SE45 - Abu Dhabi - United Arab Emirates,24.444593899999997,54.6137867,4.6,114,OPERATIONAL,beauty_salon,moderate,1,200,False,,,2026-10-09
ChIJV8rMtqhHXj4R1k1OzNyPle4,Lavender lashes and nails,Liwa canal view - Al Rahah - RBW3 - Abu Dhabi - United Arab Emirates,24.450534599999997,54.6130253,4.4,184,OPERATIONAL,beauty_salon,,,,False,,,2026-10-09
ChIJ-_GeZQBFXj4RW95Vk3XF_ZE,The Dark Room Barbershop,Ar Rahah St - Al Rahah - RBW4 - Abu Dhabi - United Arab Emirates,24.4486803,54.5949184,4.9,323,OPERATIONAL,barber_shop,,,,False,,men-only,2026-10-09
ChIJwReRVwZPXj4RpK7PtgYsZSw,Elle Beauty Lounge,A building C64 - Khalifa City - SE45 - Abu Dhabi - United Arab Emirates,24.4437745,54.6134158,4.4,177,OPERATIONAL,beauty_salon,,,,False,,,2026-10-09
ChIJVdq-wf5HXj4RAyEN29J_D4Q,Vogue beauty salon for ladies,Khalifa City - SE42 - Abu Dhabi - United Arab Emirates,24.437367,54.600981999999995,4.3,126,OPERATIONAL,beauty_salon,very_expensive,100,700,False,,,2026-10-09
ChIJsfjLSXBFXj4RaCqgv4HM4Zc,TIME SQUARE Barbershop - Al Bandar,Al Raha St - Al Rahah - Al Bandar - Abu Dhabi - United Arab Emirates,24.450062799999998,54.6010472,4.9,152,OPERATIONAL,barber_shop,,,,False,,men-only,2026-10-09
ChIJoV3tjb5FXj4RPTMhunNNho0,AL SAFY OASIS BEAUTY SALON,CHXW+C3R Entrance from the marina side - Retail number 5 - Al Rahah - Al Seef - Abu Dhabi - United Arab Emirates,24.448701099999997,54.5949915,4.8,265,OPERATIONAL,beauty_salon,moderate,100,300,False,,,2026-10-09
ChIJcRE_l2NmXj4Rs7yNgCkivuE,Glamour Hair Salon abu dhabi,Al Saada Building - Al Raha Blvd - Al Rahah - RBW2 - Abu Dhabi - United Arab Emirates,24.4514326,54.612331399999995,4.5,380,OPERATIONAL,hair_salon,,,,False,,,2026-10-09
ChIJCRc4ebdFXj4RDqx1r4bzbto,Beauty Connection Spa Abu Dhabi,"Shop # 3, Building C54 - مدينة خليفة - جنوب شرق 45 - أبو ظبي - United Arab Emirates",24.4441597,54.612057799999995,4.1,63,OPERATIONAL,beauty_salon,moderate,100,300,False,,,2026-10-09
ChIJx_35IbpFXj4RiBbhXLiaAmA,The Excellent Ladies Salon,"Retail 1 (Basement Level Building P-1201, Al Rahah Str Between Al Rahah - شارع القناة - & - شاطئ الراحة غرب 5 - أبو ظبي - United Arab Emirates",24.447573799999997,54.598712299999995,4.9,39,OPERATIONAL,hair_salon,,,,False,,,2026-10-09
ChIJzV7Cj2RFXj4R-EOgdmzk5d4,The Canvas Gents Salon,Al Rahah - RBW2 - Abu Dhabi - United Arab Emirates,24.451240799999997,54.6078907,4.9,101,OPERATIONAL,beauty_salon,moderate,1,200,False,,men-only,2026-10-09
ChIJg9vaPitJXj4RteR_PONRSLE,Rusty Blade,Masdar City - SE45 05 - Abu Dhabi - United Arab Emirates,24.433655100000003,54.620495,5,389,OPERATIONAL,hair_salon,,,,False,,,2026-10-09
ChIJaxDupR1JXj4RxkHSywjtQnU,Nail It Limited,phase 2 block E - مدينة مصدر - جنوب شرق 45 05 - أبو ظبي - United Arab Emirates,24.433221800000002,54.621449899999995,4.6,353,OPERATIONAL,beauty_salon,expensive,200,400,False,,,2026-10-09
ChIJu1fiwWpJXj4RVNRMH1pYlyA,Styles & Smiles Ladies Salon Limited,https://maps.google.com/?q=24.433218 - 54.620743 - Khalifa City - SE45 05 - Abu Dhabi - United Arab Emirates,24.4332173,54.620744900000005,4.5,148,OPERATIONAL,hair_salon,,,,False,,,2026-10-09
ChIJEQ2uFQBJXj4R8QG8_u2Tfu8,blossom,242 Al Istiraha St - Shakhbout City - SE45 05 - Abu Dhabi - United Arab Emirates,24.439959100000003,54.619738899999994,,,OPERATIONAL,beauty_salon,,,,False,,,2026-10-09
ChIJp3xbSABJXj4RArqZJvxrev0,Taiwan Home Zen Luxury,CJPC+3GM - Khalifa City - SE45 05 - Abu Dhabi - United Arab Emirates,24.4347276,54.6207201,5,6,OPERATIONAL,beauty_salon,,,,False,,,2026-10-09
ChIJURVpPwBJXj4RqJu7MxgB1zo,Massage Japan SVIP - Emerald Essence,CJH9+WVP - Masdar City - SE45 05 - Abu Dhabi - United Arab Emirates,24.429476599999997,54.6212309,5,4,OPERATIONAL,beauty_salon,,,,False,,,2026-10-09
ChIJGRgwhtVnXj4R82xVmTlqjh0,GG Clinics,Villa No 63 - Hameem Street - opposite Al Nahyan Camp - Al Nahyan - E19 02 - Abu Dhabi - United Arab Emirates,24.468783199999997,54.383472299999994,4.6,3242,OPERATIONAL,medical_clinic,,,,False,,not-a-salon,2026-10-09
ChIJPyQ_-xVpXj4RkJ-p2SBjK8w,مركز برايم تايم لتجميل السيدات,838 Sultan Bin Zayed The First Street Zone 1 - آل نهيان - شرق 22 - أبو ظبي - United Arab Emirates,24.4577556,54.3899556,4.9,767,OPERATIONAL,beauty_salon,moderate,1,400,False,,,2026-10-09
ChIJ7XOthjdpXj4RrkpVWyi8TrM,Eyes Of Emirates Salon,CCW2+XMH emirates saloon - Hadbat Al Za`Faranah - Zone 1 - Abu Dhabi - United Arab Emirates,24.4474464,54.4017305,4.2,5,OPERATIONAL,barber_shop,,,,False,,men-only,2026-10-09
ChIJBzG5oYFoXj4RczSv65nZvMw,Paris Gents Salon,F96P+7GW - Al Nahyan - Zone 1 - Abu Dhabi - United Arab Emirates,24.4606455,54.386466,4.4,167,OPERATIONAL,beauty_salon,moderate,100,300,False,,men-only,2026-10-09
ChIJFyiZ0CNpXj4RyziQ0BZlrFQ,Adept Saloon,16 شارع قَصَّار يَهَامَة - Al Nahyan - E25 - Abu Dhabi - United Arab Emirates,24.4625117,54.3868732,4.6,35,OPERATIONAL,hair_salon,,,,False,,,2026-10-09
ChIJ6Wmgov5pXj4R6zvk8oum9u8,seventy7صالون,Shop N 2 - Al Finjan St - Hadbat Al Za`Faranah - Zone 1 - Abu Dhabi - United Arab Emirates,24.4489278,54.400602899999996,4.9,136,OPERATIONAL,barber_shop,,,,False,,men-only,2026-10-09
ChIJWXHpIZdnXj4RMfPQcuP8kS4,Toulouse beauty center,F9CH+JC6 - Al Nahyan - E25 - Abu Dhabi - United Arab Emirates,24.462508600000003,54.386902000000006,5,93,OPERATIONAL,beauty_salon,very_expensive,100,700,False,,,2026-10-09
ChIJ8V-q_xZpXj4RAUdOjlT86Ms,Dry Hair Men Saloon,1 Al Finjan St - Hadbat Al Za`Faranah - Zone 1 - Abu Dhabi - United Arab Emirates,24.449575199999998,54.399805099999995,4.6,70,OPERATIONAL,barber_shop,,,,False,,men-only,2026-10-09
ChIJVZe88pNpXj4RT9AwJCaXtvA,Wassim hairdresser,F94W+985 - Al Nahyan - E25 - Abu Dhabi - United Arab Emirates,24.4559428,54.395550699999994,4.4,5,OPERATIONAL,beauty_salon,,,,False,,,2026-10-09
ChIJycSvtZxCXj4R-RJF502OC-k,The Nail Spa | Eastern Mangroves,"Ground Floor, Eastern Mangroves - Promenade - Sheikh Zayed St - الخيران - Zone 1 - أبو ظبي - United Arab Emirates",24.44653,54.438493699999995,4.8,303,OPERATIONAL,nail_salon,very_expensive,200,500,False,,,2026-10-09
ChIJQS7TRp1CXj4R7kO__gEfjH4,Hair By Marquee | Eastern Mangroves,Eastern Mangroves Residence 1 - الطريق الدائري الشرقي - Al Kheeran - Al Garm - Abu Dhabi - United Arab Emirates,24.446397599999997,54.4384521,4.5,105,OPERATIONAL,hair_salon,,,,False,,,2026-10-09
ChIJHX3X8opFXj4R045axWrT8fw,Salon Les Messieurs Barbershop صالون لي مسيو للرجال,Al Raha - Al Seef - Abu Dhabi - United Arab Emirates,24.4464702,54.5901898,4.9,165,OPERATIONAL,barber_shop,moderate,80,120,False,,men-only,2026-10-09
ChIJ6-A3RTtnXj4RqdgqRg4jvXw,حلاق المصرينbarbershop Egyptian,Al Rahah - RBW4 - Abu Dhabi - United Arab Emirates,24.4487602,54.5951495,4.9,40,OPERATIONAL,hair_salon,,,,False,,,2026-10-09
ChIJZUhSv6tFXj4R7ZpJFnYGOTw,Lalla Beauty Lounge | Ladies Beauty Salon in Abu Dhabi,Lalla Beauty Lounge - Al Raha St - Al Rahah - Al Seef - Abu Dhabi - United Arab Emirates,24.447997,54.597036599999996,4.7,46,OPERATIONAL,beauty_salon,very_expensive,200,500,False,,,2026-10-09
ChIJrULhGopFXj4RBr1R05uBZE8,PICASSO TOUCH SALON FOR GENTS – Al Raha,Jazeerat As Sammaliyah St - Al Rahah - RBW4 - Abu Dhabi - United Arab Emirates,24.447326699999998,54.5911699,5,82,OPERATIONAL,barber_shop,,,,False,,men-only,2026-10-09
ChIJb2DmqdpFXj4RmcFj0v_CxIc,Geyon Beauty Lounge - AlRaha SeaFront,Al Rahah - Al Raha Beach - Abu Dhabi - United Arab Emirates,24.4466786,54.588736,5,1,CLOSED_TEMPORARILY,beauty_salon,,,,False,,not-operational,2026-10-09
ChIJTVNlNwBFXj4R54kFMo_W4Fg,Massage Japan Luxury - Zen Garden,FJ22+G7H - Al Rahah - Al Bandar - Abu Dhabi - United Arab Emirates,24.4514708,54.6010785,5,4,OPERATIONAL,beauty_salon,,,,False,,,2026-10-09
ChIJz5Tsn31PXj4RrE5jIkDZ7vw,The H Ladies Beauty Salon,شاطىء الراحة غرب بناية سلطان ضاحى سلطان - Ar Rahah St - Al Rahah - RBW2 - Abu Dhabi - United Arab Emirates,24.453175599999998,54.6145868,4.5,660,OPERATIONAL,beauty_salon,expensive,100,500,False,,,2026-10-09
ChIJze9PxpxPXj4RX9lVxV84Zwk,Stache & Co. Barbershop Al Raha,Al Rahah St - Al Rahah - بناية خالد ثاني مرشد غانم الرميثي - شاطئ الراحة - غرب 2 - أبو ظبي - United Arab Emirates,24.4553621,54.6168397,4.9,1008,OPERATIONAL,barber_shop,moderate,80,200,False,,men-only,2026-10-09
ChIJY6BbY3ZPXj4RrUQtPfRTC6M,Filter Ladies Salon,Al Rahah - Al faridah complex - Abu Dhabi - United Arab Emirates,24.452472999999998,54.6142056,4.7,201,OPERATIONAL,hair_salon,,,,False,,,2026-10-09
ChIJiZM66x5PXj4RIbSt7qEUTzI,The Essence Lounge,Al Rahah - Al Zeina - Abu Dhabi - United Arab Emirates,24.455131299999998,54.6169659,4.4,52,OPERATIONAL,beauty_salon,,,,False,,,2026-10-09
ChIJL3H83LJPXj4RKlSye3d8n04,La Douce Beauty Lounge,FJ35+9X - Al Rahah - RBW2 - Abu Dhabi - United Arab Emirates,24.453438,54.609938,4.5,125,OPERATIONAL,beauty_salon,,,,False,,,2026-10-09
ChIJp_cpJsFPXj4RIWhXvPqu7X0,Nua Toi Beauty Salon,Building no P891 - Al Raha Blvd - Al Raha Beach - Al Zeina - Abu Dhabi - United Arab Emirates,24.4557958,54.6165765,4.7,88,OPERATIONAL,beauty_salon,,,,False,,,2026-10-09
ChIJeztCsRZPXj4RKlpCOv3BtX4,TIME SQUARE Barbershop - Al Zeina,Al Faridah Building - Ar Rahah St - Al Rahah - Al Zeina - Abu Dhabi - United Arab Emirates,24.45259,54.6141496,4.9,181,OPERATIONAL,barber_shop,,,,False,,men-only,2026-10-09
ChIJTXwSh7hPXj4RnKHO-6Jv2Os,iRIS GENTS SALOON صالون آيريس للرجال,Al Rahah - RBW3 - Abu Dhabi - United Arab Emirates,24.4499365,54.6133248,4.3,97,OPERATIONAL,hair_salon,,,,False,,men-only,2026-10-09
ChIJvfCWzjZPXj4R6KheLHjO6R4,ONSEN GENTS SALOON,"Sector RBW2 - Property No. 1623 - الرَّاحَة - Zone, Abu Dhabi City - أبو ظبي - United Arab Emirates",24.4552475,54.6171101,4,4,OPERATIONAL,beauty_salon,,,,False,,men-only,2026-10-09
ChIJZQ6nXStFXj4Rx1ra44PD7Vg,XY Men s Salon,Al Saada Building 26 - St - Showroom 2 Al Raha Blvd - الرَّاحَة - شاطئ الراحة غرب 2 - أبو ظبي - United Arab Emirates,24.4515116,54.612533299999996,4.7,27,OPERATIONAL,barber_shop,,,,False,,men-only,2026-10-09
ChIJgbecCDxPXj4RZRGTqMmRgTQ,Empirecuts Gents Saloon,FJ26+8X - Al Rahah - RBW3 - Abu Dhabi - United Arab Emirates,24.4502588,54.6131095,4.7,88,OPERATIONAL,barber_shop,inexpensive,20,80,False,,men-only,2026-10-09
ChIJaY1ETwBPXj4RLpthv2Hny0E,Taj al baher Salon,Al Rahah - Al Zeina - Abu Dhabi - United Arab Emirates,24.454805399999998,54.61457060000001,4.4,44,OPERATIONAL,barber_shop,,,,False,,men-only,2026-10-09
ChIJAUJXWQBPXj4RFsvzWMRVP5w,صالون تاج البحر Crown of the Sea Salon💈✂️🔥💪🏻,Al Raha Blvd - Al Rahah - Al Zeina - Abu Dhabi - United Arab Emirates,24.454793499999997,54.6144034,3,2,OPERATIONAL,hair_salon,,,,False,,,2026-10-09
ChIJ4yH5BgBPXj4Rq8jB2riSSG0,Beauty plus soul care,Building C - Al Zeina Complex - FJ47+7VV - الرَّاحَة - الزينة - أبو ظبي - United Arab Emirates,24.455737,54.61467,,,OPERATIONAL,beauty_salon,,,,False,,,2026-10-09
ChIJPeHUOZ9PXj4RP72F07qBF7g,The Nail Spa | Al Zeina,"Al Zeina - Complex, Block B - 3 1st Street - RNW2 - Al Raha Beach - أبو ظبي - United Arab Emirates",24.454528399999997,54.6137918,5,68,OPERATIONAL,nail_salon,moderate,100,350,False,,,2026-10-09
ChIJD4c_XalPXj4RdqRn4Ir54qU,Bedashing Beauty Lounge - Zayed International Airport (AUH),Midfield Terminal - International Airport - RU2-068 - المطار - مطار زايد الدولي - أبو ظبي - United Arab Emirates,24.452771799999997,54.641142099999996,4.9,535,OPERATIONAL,beauty_salon,very_expensive,200,500,True,zayed-international-airport,,2026-10-09
ChIJASsD9DJmXj4ROzoEGOtYpgA,GLOW Beauty Center,Al - Villagio hotel - شارع محمد بن علي الرميثي - آل نهيان - شرق 19 2 - أبو ظبي - United Arab Emirates,24.4751902,54.3874627,4.8,1468,OPERATIONAL,beauty_salon,,,,False,,,2026-10-09
ChIJqf2duTZmXj4R_bteEMRy348,Fame Hair Gents Salon,Hazaa Bin Zayed The First St - next to Gava Hotel - Al Nahyan - E19 02 - Abu Dhabi - United Arab Emirates,24.4783901,54.38386920000001,4.6,686,OPERATIONAL,barber_shop,moderate,40,160,False,,men-only,2026-10-09
ChIJJZQinK9PXj4R8pDiVbY5L1w,مركز دينيز لتجميل السيدات/ Deneiz ladies beauty center,"مقابل ديرفيلدز مول - الشهامه الجديده - Building No, 33 / M floor - الشهامة - الشهامة الجديدة - أبو ظبي - United Arab Emirates",24.5227643,54.674014899999996,3.8,65,OPERATIONAL,beauty_salon,moderate,100,300,False,,,2026-10-09
ChIJPxmDSwBPXj4RV45DhALYmBI,Happy Hour Gents Saloon,GMFF+4JV - Al Shahama - New Shahamah - Abu Dhabi - United Arab Emirates,24.5228562,54.674049999999994,4.7,72,OPERATIONAL,barber_shop,inexpensive,20,40,False,,men-only,2026-10-09
ChIJ_QS6FTNPXj4Rh1Dtow6vH_Y,صالون سونا الشهامه sona salon,Ash Shahamah St - Al Shahama - New Shahamah - Abu Dhabi - United Arab Emirates,24.5218442,54.6731236,3.6,8,OPERATIONAL,beauty_salon,,,,False,,,2026-10-09
ChIJ5YtLV7hPXj4R30frPezuOe8,Solange Beauty Ladies Salon - 2nd Branch,Al Shahama - New Shahamah - Abu Dhabi - United Arab Emirates,24.524172399999998,54.6750711,4.6,37,OPERATIONAL,beauty_salon,,,,False,,,2026-10-09
ChIJF3S7gY5PXj4Rj-9MkNrGVCc,Serene Suite Beauty Center,"Unit B202 - Ar, Al Raha Lofts 2 - Canal Promenade Side - شارع الرَّاحة - الرَّاحَة - شاطئ الراحة غرب 3 - أبو ظبي - United Arab Emirates",24.449638699999998,54.6104482,5,60,OPERATIONAL,beauty_salon,moderate,100,400,False,,,2026-10-09
ChIJE9GxX6BHXj4RGlt2IQolkFo,Geyon Beauty Lounge - Khalifa,Butti Bin Mohammed Al Qubaisi St - Khalifa City - Sector 15 - Abu Dhabi - United Arab Emirates,24.4051859,54.597869499999995,5,8,OPERATIONAL,beauty_salon,,,,False,,,2026-10-09
ChIJke2vFUgPQ44RFn9Fo_Dwp0o,Gloss N Shine Ladies Beauty Salon & Spa,Mohamed Bin Zayed City - ME9 - Abu Dhabi - United Arab Emirates,24.343508699999997,54.5313155,4.9,276,OPERATIONAL,beauty_salon,moderate,1,200,False,,,2026-10-09
ChIJjyvQJ3JHXj4RCvnEkHP0x_0,Ivy's Beauty Secret Ladies Salon & Spa,"Al Tawakkal Typing Building, Mezzanine Floor, M03 - مصفح - محمد بن زايد شرق 9 - أبو ظبي - United Arab Emirates",24.3414446,54.5347283,4.7,246,OPERATIONAL,beauty_salon,moderate,1,200,False,,,2026-10-09
ChIJwRyMb6U4Xj4R8gq-RkeyZdI,Ohliemer Beauty Salon,Abu Dhabi - Mohamed Bin Zayed City - ME10 - Abu Dhabi - United Arab Emirates,24.329503799999998,54.5334334,4.7,111,OPERATIONAL,beauty_salon,,,,False,,,2026-10-09
ChIJ75cTy_Q5Xj4RLalc3zmVD6k,KAVITHA LADIES BEAUTY SALON,Mohamed Bin Zayed City - ME11 - Abu Dhabi - United Arab Emirates,24.3264648,54.533571099999996,5,45,OPERATIONAL,beauty_salon,moderate,1,300,False,,,2026-10-09
ChIJR0SITitHXj4RVCWVzbn_lEk,Roses Dew Beauty Lounge- Musaffah,near Dunes International School - Mohamed Bin Zayed City - Mussafah Community - Abu Dhabi - United Arab Emirates,24.3408223,54.532966599999995,4.7,81,OPERATIONAL,beauty_salon,very_expensive,200,600,False,,,2026-10-09
ChIJq0b4j1ppXj4RGyoDe94smso,N Beauty Salon | Best Hair and Beauty salon in Abu Dhabi | أفضل صالون للشعر والتجميل في أبوظبي,Mushrif Mall - Sheikh Rashid Bin Saeed St - Hadbat Al Za`Faranah - Zone 1 - Abu Dhabi - United Arab Emirates,24.433916200000002,54.4124589,4.4,367,OPERATIONAL,beauty_salon,moderate,1,200,False,,,2026-10-09
ChIJBR1S6FBHXj4RlHjUu_rqzo0,Awesome Ladies Salon,Post Box 45159 - مدينة محمد بن زايد - محمد بن زايد شرق 9 - أبو ظبي - United Arab Emirates,24.3438449,54.5308649,4.6,346,OPERATIONAL,beauty_salon,,,,False,,,2026-10-09
ChIJKepBesZHXj4RaBj3rjbxowg,Sava Ladies Beauty Salon,"Town Square Mall - Retail Unit No. 4, Ground Floor - Khalifa City - Al Forsan Village - Abu Dhabi - United Arab Emirates",24.4047642,54.5499041,4.9,77,OPERATIONAL,beauty_salon,moderate,100,400,False,,,2026-10-09
ChIJP2wFAmlFXj4RyTAG9SZLuOo,NATURALS BEAUTY SALON - AL RAHA,P2777 - Plot No C1 Shop No 2 Sector - opposite Space 42 Arena - Al Rahah - RBW7 - Abu Dhabi - United Arab Emirates,24.4442511,54.591619099999996,4.8,126,OPERATIONAL,beauty_salon,expensive,100,500,False,,,2026-10-09
ChIJ6Sm2IEM5Xj4RBqYTUK4jEzg,Raxi henna and beauty salon,"Musaffa - Raxi henna and beauty salon, building no c55 - shop no 4 - مدينة محمد بن زايد - محمد بن زايد شرق 12 - أبو ظبي - United Arab Emirates",24.322239,54.5344432,4.4,61,OPERATIONAL,beauty_salon,,,,False,,,2026-10-09
ChIJgewjGqg4Xj4RyTXUzZhLSd4,Shubh kanti ladies salon and spa,Mohamed Bin Zayed City - ME10 - Abu Dhabi - United Arab Emirates,24.3369306,54.531762199999996,4.7,114,OPERATIONAL,beauty_salon,,,,False,,,2026-10-09
ChIJyzQrxX9BXj4R3dgagdsPj3c,SSKY Ladies Beauty Salon | Korean Salon,100 Al Dhaid St - Rabdan - RB8 - Abu Dhabi - United Arab Emirates,24.4074668,54.506292099999996,4.9,66,OPERATIONAL,beauty_salon,,,,False,,,2026-10-09
ChIJy3uB4qlnXj4RcO9_SwxyAfs,TRIPLE EIGHT BEAUTY SALON,Euro star cellular wine store - Mezzanine floor - Al Zahiyah - E16 02 - Abu Dhabi - United Arab Emirates,24.4887786,54.381736399999994,4.5,6,OPERATIONAL,beauty_salon,,,,False,,,2026-10-09
ChIJz27LlA4JIWYR1KLi8sKhdlU,Fair World Professional Ladies Beauty Salon,Shabiya 10 Al gurg tower-C15-C 16 M6 - behind Ghee rice Restaurant - مدينة محمد بن زايد - محمد بن زايد شرق 10 - أبو ظبي - United Arab Emirates,24.3373705,54.5332065,4.8,201,OPERATIONAL,beauty_salon,moderate,1,400,False,,,2026-10-09
ChIJ3SEMMhNHXj4R6covViidENk,Hair and fair ladies salon and spa,"Building no -C174 ,M-09 - مدينة محمد بن زايد - shabiya 09 - أبو ظبي - United Arab Emirates",24.341232899999998,54.537337799999996,4.8,252,OPERATIONAL,beauty_salon,moderate,1,300,False,,,2026-10-09
ChIJ-bSvTvJnXj4RJ44FIOPKvoc,Ruby Ladies Beauty Salon - Sheikh Zayed Bin Sultan St ( Salam Street ) Abu Dhabi,Sheik Zayed Bin Sultan St Al Amthal St - Al - شارع الشيخ زايد بن سلطان - الدانة - شرق 18 3 - أبو ظبي - United Arab Emirates,24.483294599999997,54.383835,4.5,38,OPERATIONAL,beauty_salon,,,,False,,,2026-10-09
ChIJhS5MWfU5Xj4RCmQZfvI7plE,Gulf Fair Beauty Ladies Salon LLC,Mussafah - Mohamed Bin Zayed City - ME12 - Abu Dhabi - United Arab Emirates,24.3222664,54.535724099999996,4.6,91,OPERATIONAL,beauty_salon,moderate,1,100,False,,,2026-10-09
ChIJ8e8Wzr44Xj4RYCEdDKI7hVs,Salama Style Ladies Salon,Mohamed Bin Zayed City - ME9 - Abu Dhabi - United Arab Emirates,24.3404283,54.5376124,4.2,94,OPERATIONAL,beauty_salon,,,,False,,,2026-10-09
ChIJJa-aG9pHXj4RITVTPeiexls,Elegant Edge Ladies Salon | Khalifa City,"Unit-105, Building C-02 - market - Khalifa City - SW2 - Abu Dhabi - United Arab Emirates",24.419872599999998,54.566024,4.6,96,OPERATIONAL,beauty_salon,very_expensive,200,500,False,,,2026-10-09
ChIJTSS60x05Xj4RwqbETuIf1qU,Bloom and Blossom Ladies Beauty Saloon Mussafah,building C136 - next to Mega star Jewellery - مدينة محمد بن زايد - محمد بن زايد شرق 11 - أبو ظبي - United Arab Emirates,24.3264803,54.533942599999996,5,581,OPERATIONAL,beauty_salon,moderate,100,400,False,,,2026-10-09
ChIJ_YyMCwBpXj4RdNchW4I14U4,Ruth Beauty Ladies Salon,207 Dihan St - Hadbat Al Za`Faranah - Zone 1 - Abu Dhabi - United Arab Emirates,24.446735999999998,54.40248,5,44,OPERATIONAL,beauty_salon,,,,False,,,2026-10-09
ChIJ60v63kRpXj4Rx-2z7cIGd1M,Amana Ladies Beauty Salon -مركز صالون امانة للسيدات للتجميل والحناء,"Airport Road, Mushrif Mall, First Floor - Shop no #8 - حدبة الزعفرانة - شرق 32 - أبو ظبي - United Arab Emirates",24.4343301,54.412641699999995,5,8,OPERATIONAL,beauty_salon,,,,False,,,2026-10-09
ChIJX1RX4wo8YW0RWfZ4IhmQ910,Luxurious Beauty Ladies Salon and Spa(Moroccan Bath & Heena)HIDDEN GEM OF ABUDHABI,bldg 8 - Khubay Ash Shiq St - Al Zahiyah - E16 02 - Abu Dhabi - United Arab Emirates,24.488917,54.38137,4.8,38,OPERATIONAL,beauty_salon,moderate,1,200,False,,,2026-10-09
ChIJN-yizFtHXj4RbeJ-DhbUwHM,Golden Looks Ladies Beauty Centre,Abu Dhabi - Mohamed Bin Zayed City - ME9 - Abu Dhabi - United Arab Emirates,24.3445906,54.535582899999994,4.7,399,OPERATIONAL,beauty_salon,moderate,100,400,False,,,2026-10-09
ChIJ4wFe7_lHXj4RtfXZggHE9rQ,Chanails Spa & Beauty Center,10 Saeed Bin Ablan Al Mazrouei St (Street 188) - Khalifa City - SW4 - Abu Dhabi - United Arab Emirates,24.4108585,54.56493,4.4,302,OPERATIONAL,beauty_salon,moderate,100,400,False,,,2026-10-09
ChIJG4PiHHpHXj4Rgotz8EAEtKw,Physiomins Beauty,"Al Forsan Village Town Square, Al Fursan Streeet - A - مدينة خليفة - جنوب غرب 17 - أبو ظبي - United Arab Emirates",24.4045615,54.5496568,4.6,222,OPERATIONAL,beauty_salon,,,,False,,,2026-10-09
ChIJG5Yvx8tBXj4Ry0hMcfLWkQk,"Magic Mirror Ladies Beauty Saloon-Mussafah Shabiya | صالون نسائي, مصفح، شعبية","48 - 8GMJ+FG - P 216, C89 شارع سالم بن ثعيلب العامري - near Phoenix Hospital M 04 - مدينة محمد بن زايد - محمد بن زايد شرق 10 - أبو ظبي - United Arab Emirates",24.3336875,54.5313125,4.7,196,OPERATIONAL,beauty_salon,moderate,1,300,False,,,2026-10-09
ChIJX0IhBpZHXj4RiiNGNxkvges,Ivy’s Beauty Secret Salon & Spa Branch,"M 03, Building No. P-222 (C 29 - opposite to Al Dhafra School - مصفح - محمد بن زايد شرق 9 - أبو ظبي - United Arab Emirates",24.3445072,54.5322603,4.8,25,OPERATIONAL,beauty_salon,moderate,1,200,False,,,2026-10-09
ChIJ2dS7qFlHXj4RjQTzdcHobd4,Quality Ladies Beauty Center,Abu Dhabi - Mohamed Bin Zayed City - ME9 - Abu Dhabi - United Arab Emirates,24.3415587,54.53523,4.1,50,OPERATIONAL,beauty_salon,,,,False,,,2026-10-09
ChIJ946Ye1dnXj4RFIZ7eAKoEfs,POSH PEACH SALON,near COPY DESK - Mohamed Bin Zayed City - ME9 - Abu Dhabi - United Arab Emirates,24.3402393,54.531502499999995,4.8,85,OPERATIONAL,beauty_salon,moderate,1,300,False,,,2026-10-09
ChIJd2c2cwA5Xj4RjZ8W4tHLMms,Si Luxe Salon Ladies,Mohamed Bin Zayed City - ME10 - Abu Dhabi - United Arab Emirates,24.3354045,54.5356084,4.9,96,OPERATIONAL,beauty_salon,moderate,1,300,False,,,2026-10-09
ChIJmZ06CDlpXj4RCblh8NscV30,Miss Sugara Ladies Salon(Indian Salon )/صالون مس سكره للسيدات,"Building no C279, Lassi home building Flat no M01 - مدينة محمد بن زايد - محمد بن زايد شرق 10 - أبو ظبي - United Arab Emirates",24.334771,54.5364246,4.8,160,OPERATIONAL,beauty_salon,,,,False,,,2026-10-09
ChIJdYSb1Kw5Xj4RDDcMzM6IXMM,Girlboss Ladies Salon صالون قيرل بوس للسيدات,Mohamed Bin Zayed City - ME12 - Abu Dhabi - United Arab Emirates,24.3236882,54.5383234,4.7,43,OPERATIONAL,beauty_salon,,,,False,,,2026-10-09
ChIJw8Bw3Tg5Xj4R9-nmzE04CZ8,Abeba belay ladies salon,10 Al Farfar St - Mohamed Bin Zayed City - ME10 - Abu Dhabi - United Arab Emirates,24.336652599999997,54.533105799999994,4.9,51,OPERATIONAL,beauty_salon,,,,False,,,2026-10-09
ChIJ355akfo5Xj4RX11z73jrTCg,Lavender Park Ladies Salon,"Bldg. 87, Floor M3 - near Phoenix Hospital - Shabiya - ME10 - Abu Dhabi - United Arab Emirates",24.3337227,54.5311287,4.8,124,OPERATIONAL,beauty_salon,,,,False,,,2026-10-09
ChIJd8s9Zr2KF6wRfOLuJLQJUBc,BEAUTY ABODE LADIES SALON - L.L.C - S.P.C,C24 Building - M01 - 46 مُساري - Musaffah - ME9 - Abu Dhabi - United Arab Emirates,24.343314,54.5317489,4.9,66,OPERATIONAL,beauty_salon,,,,False,,,2026-10-09
ChIJJ-JnA39CXj4R29ei0wLjmCw,Ummdalia beauty salon,4 Sultan Bin Zayed The First St - الريحان - E40 - Abu Dhabi - United Arab Emirates,24.432246300000003,54.436292800000004,4.4,40,OPERATIONAL,beauty_salon,,,,False,,,2026-10-09
ChIJzZVKEF5GXj4RN9lxYZQXab4,Beauty Pearl Ladies Center,"Shop No. 201, Building C10 - Market - مدينة خليفة - جنوب غرب 2 - أبو ظبي - United Arab Emirates",24.4219021,54.5653301,3.8,91,OPERATIONAL,beauty_salon,,,,False,,,2026-10-09
ChIJoZVnEQBHXj4RhoneBiTbNw4,Class And Creation Ladies Beauty Salon,Al Fursan St - Khalifa City - SW17 - Abu Dhabi - United Arab Emirates,24.4073857,54.5480611,4.7,42,OPERATIONAL,beauty_salon,,,,False,,,2026-10-09
ChIJJ4wSTrdpXj4R1L8vQ_7a69k,Lemon Beauty Blue Bells Women Salon.,"Same Building 830 of Las Tapaz Mexican Restaurant, M floor office 2 - آل نهيان - شرق 22 1 - أبو ظبي - United Arab Emirates",24.4584618,54.389327699999996,4.9,100,OPERATIONAL,beauty_salon,expensive,1,500,False,,,2026-10-09
ChIJkT7LnDdoXj4RYAutdxTjQN4,Rayyana Ladies Salon,Sultan Bin Zayed The First St - مقابل مقهى شكسبير - بناية صيدلية برشلونه - Al Sa`Adah - E40 - Abu Dhabi - United Arab Emirates,24.432324899999998,54.4354351,4.7,174,OPERATIONAL,beauty_salon,expensive,200,400,False,,,2026-10-09
ChIJYfh3OItpXj4Rt3V__N7ZRco,Solitude Beauty Ladies Salon & Spa,Al Raha Beach RBW8 - C8 building - الرَّاحَة - Al Dana - أبو ظبي - United Arab Emirates,24.4441889,54.5804518,4.4,48,OPERATIONAL,beauty_salon,expensive,100,500,False,,,2026-10-09
ChIJ-8uEJ7o4Xj4RVtJLCdiSXgs,Stylishflow Ladies Saloon - Indian,12Al mur st musaffah .shabiya ME 12. building no52 .mazanian floor M1. Near 12 Al Mur St - مدينة محمد بن زايد - محمد بن زايد شرق 12 - أبو ظبي - United Arab Emirates,24.3228661,54.5346054,4.5,67,OPERATIONAL,beauty_salon,,,,False,,,2026-10-09
ChIJSZPJAhFpXj4RnXb7lxKNILI,Miksar Al Aroos Ladies Salon,29 Muroor Road - Al Sa`Adah - Zone 1 - Abu Dhabi - United Arab Emirates,24.4344942,54.432918799999996,4.8,268,OPERATIONAL,beauty_salon,,,,False,,,2026-10-09
ChIJee0fKLBHXj4R3ULumaNyt_E,Lavender Russian Beauty Salon,10 - مدينة خليفة - حوض 33 - أبو ظبي - United Arab Emirates,24.3990007,54.5672226,4.5,104,OPERATIONAL,beauty_salon,expensive,100,500,False,,,2026-10-09
ChIJo4M7ff5HXj4RozyClVf8rfk,Biyo Beauty Spa - Forsan Central Mall,Forsan Central Mall - Khalifa City - SW4 - Abu Dhabi - United Arab Emirates,24.410541400000003,54.564926,4.8,300,OPERATIONAL,beauty_salon,moderate,100,300,False,,,2026-10-09
ChIJXegBnsJLXj4RbvwJRXPu_8o,Sapna SR Ladies beauty home services salon,Al falah - SW1 - Abu Dhabi - United Arab Emirates,24.4241927,54.554923699999996,3,1,OPERATIONAL,beauty_salon,,,,False,,,2026-10-09
ChIJycN1AhxFXj4RscBwotobRns,BEDAZZLED Beauty Lounge,"Al raha Mall - area 4048, channel street, Dubai Highway -road - Mall - 2nd Floor - الرَّاحَة - حدائق الراحة - أبو ظبي - United Arab Emirates",24.438205200000002,54.573651500000004,4.7,39,OPERATIONAL,beauty_salon,moderate,100,400,False,,,2026-10-09
ChIJqVgBKaRpXj4RQq9wj7RRfN4,Companion Beauty Salon &SPA | Mushrif Mall Branch,Mushrif mall 2nd Floor - شارع الشيخ راشد بن سعيد - above FAB Bank - Directly - شرق 32 - أبو ظبي - United Arab Emirates,24.4348569,54.4124565,4.9,35,OPERATIONAL,beauty_salon,moderate,1,300,False,,,2026-10-09
ChIJqZDQZdFBXj4RVgknuVN2Yt4,N5 beauty salon,street 31 - Al Muntazah - E48 - Abu Dhabi - United Arab Emirates,24.4339155,54.4393117,4,51,OPERATIONAL,beauty_salon,,,,False,,,2026-10-09
ChIJP402dFdpXj4RYdkRQwX62T4,Maroosh Ladies salon,شارع الحملة - Al Sa`Adah - Zone 1 - Abu Dhabi - United Arab Emirates,24.434594699999998,54.4323999,4.8,37,OPERATIONAL,beauty_salon,,,,False,,,2026-10-09
ChIJt4ngRthFXj4R7qe029dMUJU,La Vie Est Belle Ladies Salon,Al Reem Tower - Al Rahah - Al Raha Beach - Abu Dhabi - United Arab Emirates,24.442932799999998,54.5813699,4.8,27,OPERATIONAL,beauty_salon,moderate,1,300,False,,,2026-10-09
ChIJoYuaQAD79D4RhOhaNPhQ71c,Bawadi Kalba Hairdressing Salon,384Q+8P2 - Unnamed Road - Hay Tiraf - Sharjah - United Arab Emirates,25.055662899999998,56.3392002,,,OPERATIONAL,beauty_salon,,,,False,,,2026-10-09
ChIJV_ByagD79D4RPZz86qD9L3E,Saloon Al Naam,385Q+G9F - Al Nadee St - Hay Tiraf - Sharjah - United Arab Emirates,25.0588027,56.3384351,,,OPERATIONAL,hair_salon,,,,False,,,2026-10-09
ChIJVVVVVSX69D4RsBMddCd14Lc,Qasr al henna Kalba,3935+PFR - القادسية - إمارة الشارقةّ - United Arab Emirates,25.0543694,56.358651300000005,4,105,OPERATIONAL,beauty_salon,moderate,1,400,False,,,2026-10-09
ChIJjx0ncwb79D4RA2E_huvgtlY,Oros beauty salon,AL - Rughaylat Rd - Al Mafrag - Sharjah - United Arab Emirates,25.0482366,56.3539659,4.2,63,OPERATIONAL,beauty_salon,,,,False,,,2026-10-09
ChIJj_II2DT79D4RNpLWXI9OL28,صالون ركن اللافندر للسيدات,54 Rughaylat Rd - Hay Mogader - Sharjah - United Arab Emirates,25.0606811,56.3551346,2.8,9,OPERATIONAL,beauty_salon,,,,False,,,2026-10-09
ChIJZ0pI9iL69D4RGoGU7BJ20X8,Ekleel Beauty Center,Abu Baker Al Rashidiya St - near Al Corniche St - Al Sidra - Fujairah - United Arab Emirates,25.055866599999998,56.3583529,4.6,14,OPERATIONAL,beauty_salon,,,,False,,,2026-10-09
ChIJBa_1Pg_59D4RUKEO-k_09Wg,Skmkm Hair Cutting Saloon,37JV+G68 - Al Hail - Fujairah - United Arab Emirates,25.0812958,56.2930816,3.9,32,OPERATIONAL,barber_shop,,,,False,,men-only,2026-10-09
ChIJ93EaSrX_9D4RLk2RY3_fNxw,حلاق الصناعية,37MQ+6JQ - Al Hail Industrial - Fujairah - United Arab Emirates,25.0831268,56.289234699999994,1,1,OPERATIONAL,hair_salon,,,,False,,,2026-10-09
ChIJL7kS_6f_9D4REzyfyIQfhAI,SANAIYA BARBER LLC,Al Hail Industrial - Fujairah - United Arab Emirates,25.083042300000002,56.289210499999996,,,OPERATIONAL,hair_salon,,,,False,,men-only,2026-10-09
ChIJV9HCEwD_9D4RB3xEjybPxsc,Abu Ibrahim gents saloon,37PP+7GH - Al Hail Industrial - Fujairah - United Arab Emirates,25.0856979,56.286355,5,1,OPERATIONAL,barber_shop,,,,False,,men-only,2026-10-09
ChIJOxjP6fH59D4RyzraV1lCEys,FASHION,37GX+WRR - Al Hail Industrial - Fujairah - United Arab Emirates,25.078628499999997,56.299433699999994,5,3,OPERATIONAL,barber_shop,,,,False,,men-only,2026-10-09
ChIJZ3sPh8D59D4RmHcU1eLIM-4,HAFEEZ MEN SALON FUJAIRAH,Unnamed Road - 37HX+8Q2 - الحيلْ الصناعية - الفجيرة - United Arab Emirates,25.0782678,56.2993863,5,7,OPERATIONAL,beauty_salon,,,,False,,men-only,2026-10-09
ChIJdbiTLRD59D4R8Ri5bpadxAU,Shams & qamar ladies saloon kalba,كلباء- الدحيات - 386Q+23H - حي طريف - إمارة الشارقةّ - United Arab Emirates,25.0599854,56.337744099999995,3.5,6,OPERATIONAL,beauty_salon,,,,False,,,2026-10-09
ChIJQQyGelf59D4RkOGs5qPZbbE,AL LAITH HAIR DRESSING SALOON,3984+F66 - Amr Bin Al A'as St - Hay Mogader - Sharjah - United Arab Emirates,25.066153399999997,56.3555181,2.3,3,OPERATIONAL,barber_shop,,,,False,,men-only,2026-10-09
ChIJTbbTAin69D4RxLEFOaIpXCw,صالون شذي كلباء للحلاقة,Hay Tiraf - Sharjah - United Arab Emirates,25.0574716,56.3459449,,,OPERATIONAL,barber_shop,,,,False,,men-only,2026-10-09
ChIJA4TxbAD79D4Rw4-u7ALDABs,RUnN AL SHMOUKN LADIES HEENA SALLO,3975+9GC - Hay Mogader - Sharjah - United Arab Emirates,25.06343,56.358774,5,6,OPERATIONAL,beauty_salon,,,,False,,,2026-10-09
ChIJ1-XPbpP59D4RgevGKx_fHsQ,حلاق كيريلا الجديد,Al Darweshia - Sharjah - United Arab Emirates,25.078675399999998,56.3582288,5,1,OPERATIONAL,barber_shop,,,,False,,men-only,2026-10-09
ChIJTR5C3S769D4RqVgWm2vrZeA,صالون وادي مي للحلاقة,Hay Tiraf - Sharjah - United Arab Emirates,25.0541415,56.345442999999996,4.3,3,OPERATIONAL,barber_shop,,,,False,,men-only,2026-10-09
ChIJXQTJEwD59D4Rr-fLQvb8Ev8,ورا المطافي,3992+89C - Hay Tiraf - Sharjah - United Arab Emirates,25.0678183,56.350454199999994,,,OPERATIONAL,beauty_salon,,,,False,,,2026-10-09
ChIJSWg28yb79D4RO4ssJ3YyIC8,Saloon imtiaz,Abubaker Satreet - Hay Mogader - Sharjah - United Arab Emirates,25.057598799999997,56.354966,,,OPERATIONAL,hair_salon,,,,False,,,2026-10-09
ChIJVb-tCST69D4RfL6T2Y6pMKw,صالون المخلص للحلاقة,Al Butain - Sharjah - United Arab Emirates,25.056808099999998,56.354278,4,1,OPERATIONAL,barber_shop,,,,False,,men-only,2026-10-09
ChIJZVP9M63_9D4Rvt3DIY2A3ug,Rasmi saloon,Unnamed Road - 37VG+5FR - الحيلْ الصناعية - الفجيرة - United Arab Emirates,25.092991299999998,56.2761493,3.5,2,OPERATIONAL,barber_shop,,,,False,,men-only,2026-10-09
ChIJTxpnBNj_9D4RG2wSOl2G400,AHMED PUNJABI HAIR SALON,Al Hail - Fujairah - United Arab Emirates,25.095301799999998,56.2746145,3,1,OPERATIONAL,hair_salon,,,,False,,,2026-10-09
ChIJOxeKCQD_9D4RykssdiQKcVk,Al heyl barber shop,37WG+723 - Al Hail - Fujairah - United Arab Emirates,25.0956334,56.2750511,,,OPERATIONAL,barber_shop,,,,False,,men-only,2026-10-09
ChIJ59qOcAD_9D4RJe5KoAA3sRM,Hassan Gents Salon,Q block - 37WF+R5V - opp. New union bakery - الحيلْ الصناعية - الفجيرة - United Arab Emirates,25.097105799999998,56.272936800000004,5,1,OPERATIONAL,barber_shop,,,,False,,men-only,2026-10-09
ChIJgy_Wo9759D4R2Nv8viI79eY,صالون بيوتي ماجك الفراع الثاني,37PX+MRJ - Mohamed Bin Zayed City - Fujairah - United Arab Emirates,25.0863125,56.300062499999996,4.2,5,OPERATIONAL,beauty_salon,,,,False,,,2026-10-09
ChIJaS_ARAD59D4RxizgunrQirs,BOMBONIERA BEAUTY SALON,38P2+63M Mohammed bin Zayed - Mohamed Bin Zayed City - Fujairah - United Arab Emirates,25.0844341,56.3007249,3.7,6,OPERATIONAL,beauty_salon,,,,False,,,2026-10-09
ChIJuwToj2759D4RRzLv7nLpXbI,حلاق الفارس,37QX+QQP - Mohamed Bin Zayed City - Fujairah - United Arab Emirates,25.0894375,56.299437499999996,4.8,4,OPERATIONAL,barber_shop,,,,False,,men-only,2026-10-09
ChIJ08lYm8T59D4RYTrCU8wk8iE,صالون رهام للسيدات,Red Line Arts - Mohamed Bin Zayed City - Fujairah - United Arab Emirates,25.089126699999998,56.299702399999994,3,4,OPERATIONAL,beauty_salon,,,,False,,,2026-10-09
ChIJSWXqLTP59D4RcignXiGp62g,صالون السندباد للحلاقة Sinbad's hair salon,Fujairah - Mohamed Bin Zayed City - Fujairah - United Arab Emirates,25.087612000000004,56.299941,4.8,6,OPERATIONAL,beauty_salon,,,,False,,,2026-10-09
ChIJyxc9JAD59D4RxjDKkv8wzN8,Saloon Al Baqi,37MX+XPX - Al Hail Industrial - Fujairah - United Arab Emirates,25.085099500000002,56.2993743,5,1,OPERATIONAL,barber_shop,,,,False,,men-only,2026-10-09
ChIJkUzTs4f59D4RahPhEM18_3E,RIZWAN SALOON,37VW+4WV - Al Hail - Fujairah - United Arab Emirates,25.0928559,56.2972967,5,2,OPERATIONAL,barber_shop,,,,False,,men-only,2026-10-09
ChIJZfOpWiD59D4R06wGEJaIDBE,Sufyan Saloon,37PX+4QC - Unnamed Road - Al Hail Industrial - Fujairah - United Arab Emirates,25.085305599999998,56.2993921,5,8,OPERATIONAL,hair_salon,,,,False,,,2026-10-09
ChIJa7726eX59D4RQJUa_FeDBAI,Saloon Abu Rashid,37QX+MMJ - Al Hail - Fujairah - United Arab Emirates,25.0892032,56.299143099999995,4.3,3,OPERATIONAL,barber_shop,,,,False,,men-only,2026-10-09
ChIJixsDaQD59D4Rp8RCEZqnDM8,The boss barbershop,38P2+H28 - Al Hail - Fujairah - United Arab Emirates,25.0858937,56.3005224,4.6,18,OPERATIONAL,barber_shop,inexpensive,1,40,False,,men-only,2026-10-09
ChIJ6xHZAAD59D4RdoNFMeICrlY,FIFI LELTAJMEEL SALOON,37QX+RV9 - مدينة محمد بن زايد - إمارة الفجيرة - United Arab Emirates,25.0894937,56.2996039,4,2,OPERATIONAL,beauty_salon,,,,False,,,2026-10-09
ChIJFXXJUwD59D4RKfMx_YTwaLI,Rouya saloon,38P2+63M - Al Hail - Fujairah - United Arab Emirates,25.0856528,56.299997299999994,5,1,OPERATIONAL,barber_shop,,,,False,,men-only,2026-10-09
ChIJoU-xi6L59D4R8DMGdl5BVCM,Al Saqer men Salon,38M2+Q26 - Al Hail - Fujairah - United Arab Emirates,25.0844078,56.3000298,5,1,OPERATIONAL,barber_shop,,,,False,,men-only,2026-10-09
ChIJyRKFBgD59D4RfW9dZDMLbqI,صالون سر الفخامة للتجميل,482V+4C - Soor Kalba Commercial - Sharjah - United Arab Emirates,25.100320999999997,56.343613999999995,4.1,19,OPERATIONAL,beauty_salon,,,,False,,,2026-10-09
ChIJwUwcvSn59D4Rdtw1WG3kj2w,Blue saloon and spa,Al Corniche St - Soor Kalba - Sharjah - United Arab Emirates,25.0949171,56.3579322,4.6,63,OPERATIONAL,beauty_salon,,,,False,,,2026-10-09
ChIJJyrFTQD59D4Rb8-E4DFYNQI,Ely beauty center,Al Corniche St - Hay Alglah - Sharjah - United Arab Emirates,25.0859255,56.358024699999994,4.7,60,OPERATIONAL,beauty_salon,moderate,100,300,False,,,2026-10-09
ChIJmeKrJgz59D4RdbIK0zGnJ78,صالون ربوع لبنان,65 Al Corniche St - Soor Kalba - Sharjah - United Arab Emirates,25.094157,56.35802160000001,4.8,37,OPERATIONAL,beauty_salon,,,,False,,,2026-10-09
ChIJ0cnQ33759D4RQwOlK2BLAgc,BEAUTY SPOT LADIES SALON - صالون بقعة الجمال للسيدات,كلباء منطقة - Soor Kalba - Sharjah - United Arab Emirates,25.0965731,56.3578951,4.7,31,OPERATIONAL,beauty_salon,,,,False,,,2026-10-09
ChIJGUXscAD59D4RqaF9iiysQnw,Amirat Al Layl Ladies Salon,39V4+5MC - Soor Kalba - Sharjah - United Arab Emirates,25.0943295,56.3580069,4.3,11,OPERATIONAL,beauty_salon,,,,False,,,2026-10-09
ChIJM0ecid359D4Rq20uS8tixXU,صالون القطوف للتجميل,39V5+C9 - Soor Kalba - Sharjah - United Arab Emirates,25.093792699999998,56.358000700000005,3.9,21,OPERATIONAL,beauty_salon,,,,False,,,2026-10-09
ChIJ_4v7UAD59D4R06Fh81U0908,‏صالون بو حمود,Fujairah - Al Righailat - Fujairah - United Arab Emirates,25.1078628,56.3513649,4.2,18,OPERATIONAL,barber_shop,,,,False,,men-only,2026-10-09
ChIJ6ZT6JwD59D4RKUtSP1_qQys,Dar alzaeem barbershop,39J5+Q5F - Hay Alglah - Sharjah - United Arab Emirates,25.0819382,56.3579066,4,7,OPERATIONAL,barber_shop,,,,False,,men-only,2026-10-09
ChIJF4fjcQD59D4RSdnMf42_rt0,Lafayette beauty centre,39P5+34H - Suhaila - Sharjah - United Arab Emirates,25.0851869,56.3578501,5,16,OPERATIONAL,beauty_salon,,,,False,,,2026-10-09
ChIJjXgfPwD59D4Rq3huoMgCj0M,"AL KABBI HAIR DRESSING SALON, Regulyat",4953+3RC - Al Righailat - Fujairah - United Arab Emirates,25.107684199999998,56.354501899999995,5,1,OPERATIONAL,barber_shop,,,,False,,men-only,2026-10-09
ChIJa0rwRkz49D4ROoDMu1z1v0k,صالون ابو عبدالله للحلاقة,Al Righailat - Fujairah - United Arab Emirates,25.107850199999998,56.3525679,5,1,OPERATIONAL,barber_shop,,,,False,,men-only,2026-10-09
ChIJZwbZEjP59D4R_AuoocJLrKg,ملك الابداع للحلاقة,Sheikh Saeed Bin Hamad Al Qasimi Rd - Soor Kalba - Sharjah - United Arab Emirates,25.0939013,56.3580277,,,OPERATIONAL,barber_shop,,,,False,,men-only,2026-10-09
ChIJQ32IFR359D4RA34PgGaWplc,صالون السدن للتجميل,شارع - Soor Kalba - Sharjah - United Arab Emirates,25.0938181,56.3580334,5,2,OPERATIONAL,beauty_salon,,,,False,,,2026-10-09
ChIJW4LPcAD59D4RT1QwWmZ_ujA,Malik Al Ibdaa Barbershop,39V5+G6C - Sheikh Saeed Bin Hamad Al Qasimi Rd - Soor Kalba - Sharjah - United Arab Emirates,25.0938242,56.3580246,,,OPERATIONAL,barber_shop,,,,False,,men-only,2026-10-09
ChIJ7ztzKwD59D4RvdEhSKSfpNE,Kalba scissors saloon / صالون مقص كلباء,Kalba - Soor Kalba - Sharjah - United Arab Emirates,25.096480099999997,56.3579236,5,3,OPERATIONAL,barber_shop,,,,False,,men-only,2026-10-09
ChIJk_MRdQD59D4Rzpxs46WduRA,اكدال سلون,4935+65M - Al Righailat - Fujairah - United Arab Emirates,25.1030986,56.357937199999995,,,OPERATIONAL,barber_shop,,,,False,,men-only,2026-10-09
ChIJ9YdgH_L59D4RwDQsuse0M9s,Ra beautysalon رموش الغزال,Courniche kalba sheila - Qualla street - حي القلعة - إمارة الشارقةّ - United Arab Emirates,25.0823656,56.3580269,5,9,OPERATIONAL,beauty_salon,,,,False,,,2026-10-09
ChIJy7V-SAD59D4ReKj1Vun5ur4,صالون خطوة للحلاقة الرجالية,"4953+39H - 12 5""E - Al Righailat - Fujairah - United Arab Emirates",25.1076888,56.354282899999994,5,17,OPERATIONAL,barber_shop,,,,False,,men-only,2026-10-09
ChIJl5EB_Ir_9D4RUajZc46YwEQ,صالون فيفي,476P+JR7 - Al Hail - Fujairah - United Arab Emirates,25.111546099999998,56.2870511,5,2,OPERATIONAL,beauty_salon,,,,False,,,2026-10-09
ChIJ3WSHFQD_9D4RA6pfQcG5FK4,Saloon Al Baqi,47CM+335 - Al Hail - Fujairah - United Arab Emirates,25.120130999999997,56.282726000000004,,,OPERATIONAL,barber_shop,,,,False,,men-only,2026-10-09
ChIJm503MgD_9D4RJaxBB-pJxt0,SANAIYA BARBER,476G+7QG - Al Hail - Fujairah - United Arab Emirates,25.1106807,56.2769561,,,OPERATIONAL,hair_salon,,,,False,,men-only,2026-10-09
ChIJIeJVLtz59D4RHrOhPQ9JV_M,SHATHA BEAUTY & SPA salon,Fujairah - Fujairah City Center - Fujairah - United Arab Emirates,25.1215051,56.3263564,4.7,771,OPERATIONAL,beauty_salon,very_expensive,200,500,False,,,2026-10-09
ChIJh5EhnVP59D4Rw2wL02nAHk8,Saloon azouz,Unnamed - شارع دبي- الفجيرة - مركز مدينة الفجيرة - الفجيرة - United Arab Emirates,25.120913299999998,56.326230599999995,4.7,139,OPERATIONAL,barber_shop,,,,False,,men-only,2026-10-09
ChIJPyAt7zX59D4R030rG7smEho,Royal Thai Spa,Unnamed Road - 48CJ+9G6 - مركز مدينة الفجيرة - الفجيرة - United Arab Emirates,25.120917799999997,56.3312636,4.4,85,OPERATIONAL,beauty_salon,,,,False,,,2026-10-09
ChIJ7TMj__359D4RYS1TCgwZb3g,Glamorous Beauty salon & Spa,Creative Tower - Office 304 - مركز مدينة الفجيرة - إمارة الفجيرة - United Arab Emirates,25.123333600000002,56.3226121,4.4,54,OPERATIONAL,beauty_salon,,,,False,,,2026-10-09
ChIJ0ePl4Sz59D4RPDea70PHVSs,Bedashing Beauty Lounge Al Taif Mall,Bedashing Beauty Lounge – Taif Mall Fujairah Al Taif Mall Shop: G/F 13 - مركز مدينة الفجيرة - إمارة الفجيرة - United Arab Emirates,25.120260599999998,56.3253503,4.7,499,OPERATIONAL,beauty_salon,,,,True,al-taif-mall,,2026-10-09
ChIJjUGE3j759D4R7tQ9230j_PM,N beauty salon | Best ladies Beauty and hair salon in fujairah | أفضل صالون تجميل وتصفيف شعر للسيدات في الفجيرة,Hamad Bin Abdullah - Al Sharqi St - Fujairah City Center - Fujairah - United Arab Emirates,25.1199899,56.329082899999996,4.6,280,OPERATIONAL,beauty_salon,,,,False,,,2026-10-09
ChIJSa4JVJn59D4RaLSRZHAiphE,Companion Beauty Salon|Fujairah LuLu Mall,Fujairah LuLu Mall - 1st Floor - near Food Court - Fujairah City Center - Fujairah - United Arab Emirates,25.1198445,56.32877860000001,4.7,276,OPERATIONAL,beauty_salon,expensive,100,500,False,,,2026-10-09
ChIJK3b8UpH59D4R6zK1h8rGidI,صالون ساير للرجال Sire Men's Salon,Lulu Mall Al - Qurtubah St - opposite Fujairah International Airport - Fujairah City Center - Fujairah - United Arab Emirates,25.119212899999997,56.328669,4.7,124,OPERATIONAL,barber_shop,,,,False,,men-only,2026-10-09
ChIJoRYqToz49D4RopZhbW9LV7g,Al Sultan Al Shami Gents Salon & Spa,Shk. Hamad Bin Abdullah Al Sharqi St - Fujairah City Center - Fujairah - United Arab Emirates,25.1225174,56.329754900000005,4.7,61,OPERATIONAL,barber_shop,moderate,40,80,False,,men-only,2026-10-09
ChIJKRkJtP_59D4RheSZoOWtfEA,QASR AL KAWTHAR LADIES SALOON صالون قصر الكوثر للسيدات,Fewa building flate no 807 - town center - شارع الشيخ حمد بن عبدالله الشرقي - مركز مدينة الفجيرة - الفجيرة - United Arab Emirates,25.122645199999997,56.323018600000005,4.4,12,OPERATIONAL,beauty_salon,,,,False,,,2026-10-09
ChIJc9EQmxD59D4Rcwsk38AoKtw,Mustafa beauty,AL TAIF MAAL - 98 - 1 Shk. Hamad Bin Abdullah Al Sharqi St - Fujairah City Center - Fujairah - United Arab Emirates,25.120362999999998,56.325160999999994,4.9,148,OPERATIONAL,beauty_salon,moderate,100,400,False,,,2026-10-09
ChIJ50gg0v359D4R__l9pbidfuc,HIJAZ Saloon,27 Hamad Bin Abdulla Road - Fujairah City Center - Fujairah - United Arab Emirates,25.123358,56.3248919,4.6,47,OPERATIONAL,barber_shop,,,,False,,men-only,2026-10-09
ChIJGUnnZ1VVz60RjrmFKHTQ1m4,AL Diyar Beauty Centre,Hamad Bin Abdulla Road - Fujairah City Center - Fujairah - United Arab Emirates,25.1223705,56.3231167,4.8,25,OPERATIONAL,beauty_salon,,,,False,,,2026-10-09
ChIJCXmzTZD59D4RRKy-4elTz3Q,Trends Salon (City Tower Hotel),Hamad Bin Abdulla Road - near National Bank of Fujairah - Fujairah City Center - Fujairah - United Arab Emirates,25.122543699999998,56.324725099999995,5,1,OPERATIONAL,beauty_salon,,,,False,,,2026-10-09
ChIJc9E-TIz49D4RUQCOxd6_qQM,Lady 2002 Beauty Centre,Buildiing # 2 Hamad Bin Abdulla Rd - Fujairah City Center - Fujairah - United Arab Emirates,25.122521499999998,56.3293975,3.5,14,OPERATIONAL,beauty_salon,,,,False,,,2026-10-09
ChIJI_nn_cn59D4RuLhSDBG0Z6k,REVLON Hair,Al Maktoum Rd - Fujairah City Center - Fujairah - United Arab Emirates,25.1210238,56.3260929,4.2,19,OPERATIONAL,hair_salon,,,,False,,,2026-10-09
ChIJRyxS9jP59D4REGavDr15xFM,Abu Al Khair Saloon,48CG+9H4 - شارع فندق النوفتيل - مقابل الطيف مول - Fujairah City Center - Fujairah - United Arab Emirates,25.120889599999998,56.3264578,4.5,24,OPERATIONAL,barber_shop,,,,False,,men-only,2026-10-09
ChIJO8wAEQD59D4R2E5Qp-yU_-8,صالون يدوه فرع الفجيرة,Korthabah Road - Fujairah City Center - Fujairah - United Arab Emirates,25.118037599999997,56.3298044,2.3,7,OPERATIONAL,beauty_salon,,,,False,,,2026-10-09
ChIJtzfT2yr59D4RCPXxIkLxN1c,Fujairah Spa massage 8888,Fujairah - Fujairah City Center - Fujairah - United Arab Emirates,25.1226203,56.3241491,5,5,OPERATIONAL,beauty_salon,,,,False,,,2026-10-09
ChIJA9cyrnr59D4RzVlbytYAiq0,Rituals beauty and training center,city center - Al Maktoum Rd - Fujairah City Center - Fujairah - United Arab Emirates,25.120685899999998,56.3274001,4.3,6,OPERATIONAL,beauty_salon,,,,False,,,2026-10-09
ChIJbRT00BP59D4Rbv_R_QCqZJ0,Pink & White Saloon Fujairah,48GR+MVJ - Al Mahattah - Fujairah - United Arab Emirates,25.1262564,56.3421703,4.7,397,OPERATIONAL,beauty_salon,expensive,1,500,False,,,2026-10-09
ChIJO7I5Khj59D4RJDlACuffiqg,The Grey Beauty Center,48CW+J3F - Mraisheed - Fujairah - United Arab Emirates,25.1215981,56.345182199999996,4.3,226,OPERATIONAL,beauty_salon,,,,False,,,2026-10-09
ChIJN8Qi_WH49D4RQgSeuX-GN2k,مركز لمسات للتجميل والتدريب,Al Mahattah - Fujairah - United Arab Emirates,25.125898,56.3378375,3.4,32,OPERATIONAL,beauty_salon,,,,False,,,2026-10-09
ChIJF7NML_b59D4Rl3FGWbvMQw8,صالون روعه,48MV+HF9 - Al Ittihad - Al Owaid Rd - Al ‘Uwaid - Fujairah - United Arab Emirates,25.133912,56.343725299999996,4.1,88,OPERATIONAL,beauty_salon,moderate,1,200,False,,,2026-10-09
ChIJyYqAOIj49D4RZuVZ_rpyEOc,Shahed Beauty Centre,Al Salam St - opp. Old Etisalat - Al Mahattah - Fujairah - United Arab Emirates,25.1294769,56.3363102,3.9,34,OPERATIONAL,beauty_salon,,,,False,,,2026-10-09
ChIJCZZ1_Eb59D4RYKTIUV-vlnA,صالون حبايبنا,Unnamed Road - المَحَطَّة - الفجيرة - United Arab Emirates,25.1260224,56.3365588,4.6,62,OPERATIONAL,hair_salon,,,,False,,,2026-10-09
ChIJU8d5BF749D4Rt_YEbaNTUYQ,First One Center صالون رجالي سبا ومساج,Fujairah - Safad - Fujairah - United Arab Emirates,25.1223262,56.3427765,4.4,71,OPERATIONAL,beauty_salon,,,,False,,,2026-10-09
ChIJLSalP4r59D4ROpOODwvV9fk,Al Rawab Ladies Salon,Ahmad bin Abdullah road - Al ‘Uwaid - Al Ghaleelah - Fujairah - United Arab Emirates,25.1222824,56.3489279,4.9,119,OPERATIONAL,beauty_salon,,,,False,,,2026-10-09
ChIJEXUBpHz49D4RY5EfpwR9bik,SHARFA BEAUTY CENTER,Merashid - Madhab Rd - Mraisheed - Fujairah - United Arab Emirates,25.1209475,56.3403974,4,65,OPERATIONAL,beauty_salon,,,,False,,,2026-10-09
ChIJ7aPMZsH59D4ReOtmGf_raWE,Paris Beauty Center,48MV+JC3 - Al ‘Uwaid - Fujairah - United Arab Emirates,25.134023499999998,56.343554000000005,3.2,26,OPERATIONAL,beauty_salon,,,,False,,,2026-10-09
ChIJuwyURd759D4RqBIxMb5NeZg,Al Sham Beauty Salon صالون الشام للسيدات,Al Ghurfah St - Al Ghurfah - Fujairah - United Arab Emirates,25.1214636,56.352017399999994,4.9,41,OPERATIONAL,beauty_salon,,,,False,,,2026-10-09
ChIJPx2hVdT59D4RGe6czyZE3PY,صالون الأميرة لمار الفجيرة ( الغرفة ),Al Ghurfah Rd - Al ‘Uwaid - Fujairah - United Arab Emirates,25.1319525,56.3549666,3.4,42,OPERATIONAL,beauty_salon,,,,False,,,2026-10-09
ChIJS-zE0mH49D4R6Q-w7iyxdCo,Four Season Center,Fujairah - Al Mahattah - Fujairah - United Arab Emirates,25.1241049,56.338153399999996,4.1,116,OPERATIONAL,beauty_salon,moderate,1,300,False,,,2026-10-09
ChIJXS-_bGb59D4RPppprculaFM,"Kids Saloon fujairah ""Teletubbies""",Fujairah Tower - Fujairah City Center - E89 - Fujairah - United Arab Emirates,25.121336499999998,56.333912299999994,4.2,19,OPERATIONAL,beauty_salon,,,,False,,,2026-10-09
ChIJNcdMMTf59D4RPPSKKcYpsns,Lusiana ladies salon,48CW+2J6 - Mraisheed - Fujairah - United Arab Emirates,25.119978399999997,56.346573,3.8,21,OPERATIONAL,beauty_salon,,,,False,,,2026-10-09
ChIJOwRd5zJV9D4RssBl2IfYSYw,Abu Saqar Gents Saloon,47W2+Q5C - Al Farfar - Fujairah - United Arab Emirates,25.146945300000002,56.250386,3,1,OPERATIONAL,barber_shop,,,,False,,men-only,2026-10-09
ChIJaeQxwKxV9D4RqP1AXYdNnZY,Diamond Ladies beauty Salon,Al Ghizaimri - Fujairah - United Arab Emirates,25.1504716,56.244709699999994,4.5,8,OPERATIONAL,beauty_salon,,,,False,,,2026-10-09
ChIJj0kHfwBV9D4RuQyh8aeCRM4,مركز لطيفة للتجميل صالون لطيفة,46WQ+PQP - Al Ghizaimri - Fujairah - United Arab Emirates,25.1468422,56.2394549,1,1,OPERATIONAL,beauty_salon,,,,False,,,2026-10-09
ChIJSaejGolV9D4RpN7-pcKgvJw,SK BARBERSHOP,Frfar - Al Ghizaimri - Fujairah - United Arab Emirates,25.146973799999998,56.2400568,,,OPERATIONAL,barber_shop,,,,False,,men-only,2026-10-09
ChIJ-eiEMHz59D4R1eP2m7AVlE0,مركز تالغو للتجميل - Thalgo Beauty Center,Al Faseel St - Al Faseel - Fujairah - United Arab Emirates,25.1439199,56.3472157,4.1,155,OPERATIONAL,beauty_salon,very_expensive,200,700,False,,,2026-10-09
ChIJ1VMDCoX59D4R0yhKkHy3oIA,صالون اوفو الفجيرة OVO barbershop fuj,48MJ+PPC - Madab - Fujairah - United Arab Emirates,25.1343078,56.331761799999995,3.3,23,OPERATIONAL,barber_shop,,,,False,,men-only,2026-10-09
ChIJ7UUo6RxX9D4RYHufB-ZSpNc,House of Beauty (Russian Salon),Al Jaseem 4 - Al Sharyah - Fujairah - United Arab Emirates,25.1495556,56.3383617,4.7,99,OPERATIONAL,beauty_salon,very_expensive,200,500,False,,,2026-10-09
ChIJjfRLcoL49D4Raqg2zj70WuQ,Fatima Beauty Center,F20 - Madab - Fujairah - United Arab Emirates,25.1395992,56.3303723,4.3,39,OPERATIONAL,beauty_salon,,,,False,,,2026-10-09
ChIJLQ3n7rRX9D4RExSVbDRPnTw,cloudy beauty salon,48XW+RJ6 - Al Faseel - Fujairah - United Arab Emirates,25.149527799999998,56.3465035,3.8,23,OPERATIONAL,beauty_salon,moderate,1,300,False,,,2026-10-09
ChIJKf-PbXhX9D4RmGf9MunuoDE,مركر تفانين للتجميل,Al Sharyah - Fujairah - United Arab Emirates,25.149586400000004,56.3385567,4.3,27,OPERATIONAL,beauty_salon,,,,False,,,2026-10-09
ChIJ_____9pX9D4RU7fGy7WyfQY,La Rose Spa,Fujairah - Al Faseel - Fujairah - United Arab Emirates,25.1407427,56.3470744,4,43,OPERATIONAL,beauty_salon,,,,False,,,2026-10-09
ChIJJWW8hWT59D4Ruapb0URffN8,be you salon,48JJ+5CM - Al Ittihad - Fujairah - United Arab Emirates,25.13063,56.3307736,3.8,22,OPERATIONAL,beauty_salon,,,,False,,,2026-10-09
ChIJY_UvsIhX9D4Rek8rAP8EbQc,TAIF BEAUTY SALON,Al Qasir St - Al Sharyah - Fujairah - United Arab Emirates,25.1427756,56.3308221,4.2,61,OPERATIONAL,beauty_salon,,,,False,,,2026-10-09
ChIJIbuOwIL49D4RIgYLKgHFxcU,Abrar Beauty Salon,48QH+73F - Al Qasir St - Madab - Fujairah - United Arab Emirates,25.1381889,56.3276829,3.6,7,OPERATIONAL,beauty_salon,,,,False,,,2026-10-09
ChIJUzD_JaT59D4RLQzapvnOnRY,Maria Henna and Beauty Salon صالون ماريا,Al nakheel road - العُويدْ - إمارة الفجيرة - United Arab Emirates,25.134102499999997,56.343638299999995,3.9,22,OPERATIONAL,beauty_salon,,,,False,,,2026-10-09
ChIJ6cNBTFX59D4Rnu2bDQ1kNaY,Lara beauty salon,Madab - Fujairah - United Arab Emirates,25.130931999999998,56.3269885,4.4,23,OPERATIONAL,beauty_salon,,,,False,,,2026-10-09
ChIJc16kuon49D4ROdEl3dj7GlI,New Bustan Saloon,48HP+47R - Fahim Rd - Al Mahattah - Fujairah - United Arab Emirates,25.1278621,56.3356323,,,OPERATIONAL,hair_salon,,,,False,,,2026-10-09
ChIJMceeZIX49D4R4YbsY9R7Mck,مركز اريام للتجميل - Aryam beauty centre,Unnamed Road - Al Ittihad - Fujairah - United Arab Emirates,25.129663299999997,56.3284787,2.6,11,OPERATIONAL,beauty_salon,,,,False,,,2026-10-09
ChIJ61wQTn759D4RidCBfKi2_HY,صالون لجُيِن للسيدات,الفجيؤه مضب بجوار - مطعم يافا .ومقابل كى ام للتجارة - Madab - Fujairah - United Arab Emirates,25.130515799999998,56.3264595,4.8,21,OPERATIONAL,beauty_salon,,,,False,,,2026-10-09
ChIJAw-Do3P59D4R9k2gKH4orV4,"صالون ابن الديرة للحلاقة ""IBN AL DEERA HAIR DRESSING SALOON",48HP+M37 - Al Mahattah - Fujairah - United Arab Emirates,25.1291524,56.3351865,4,5,OPERATIONAL,barber_shop,,,,False,,men-only,2026-10-09
ChIJd4_Mv4X59D4RT8ELJotR3cE,AL IBTIKAR LADY SALON,Old etisalat - Al salam Rd - near Al yermook furniture - Al Mahattah - Fujairah - United Arab Emirates,25.129608899999997,56.3357424,,,OPERATIONAL,beauty_salon,,,,False,,,2026-10-09
ChIJWcfpH3T49D4RnSdqoRvfb9E,Riviera Salon صالون ريفييرا,Al Basrah St - Al Faseel - Fujairah - United Arab Emirates,25.1447772,56.3541369,4.4,327,OPERATIONAL,beauty_salon,very_expensive,100,600,False,,,2026-10-09
ChIJkS2kNAD59D4R1gWfnfj8ApA,JOLINE Beauty Salon,Al Faseel - Fujairah - United Arab Emirates,25.1380576,56.3520769,4.6,44,OPERATIONAL,beauty_salon,,,,False,,,2026-10-09
ChIJvygbwHH49D4R1_tQ0L0rXQg,صالون الطاووس وحمام مغربي للرجال,الفصيل شارع الهلال الاحمر بجانب - مقهى الساهر - Al Faseel - Fujairah - United Arab Emirates,25.1368324,56.3529237,4.3,61,OPERATIONAL,beauty_salon,,,,False,,,2026-10-09
ChIJm9_KjhVX9D4RH5CoevS7NWs,Qasr al henna Faseel,Al Faseel - Fujairah - United Arab Emirates,25.1467201,56.3504509,3.9,32,OPERATIONAL,beauty_salon,,,,False,,,2026-10-09
ChIJPVD01JP49D4RVheBiFC89Yc,HairLovie Centre,King Faisal St - Al Faseel - Fujairah - United Arab Emirates,25.1432766,56.353035,4.7,146,OPERATIONAL,beauty_salon,,,,False,,,2026-10-09
ChIJ_bpCHfb59D4R0qHQZozKEY0,Royal nails,"No-2 new villa ,naseem al bahar ,faseel - Al Faseel - Fujairah - United Arab Emirates",25.1492445,56.3504084,3.6,37,OPERATIONAL,beauty_salon,,,,False,,,2026-10-09
ChIJ23rrOgD59D4Rn7VrLSi7r8E,داناي بيوتي Danai beauty&spa,Al Basrah St - Al Faseel - Fujairah - United Arab Emirates,25.145355199999997,56.3514462,4.2,44,OPERATIONAL,beauty_salon,,,,False,,,2026-10-09
ChIJL3cZuUH59D4RJR0aKCkIQHg,Beauty and Nail Arts Salon,Time platinum Building - King Faisal St - Al Faseel - Fujairah - United Arab Emirates,25.135853299999997,56.3534219,4.9,33,OPERATIONAL,beauty_salon,,,,False,,,2026-10-09
ChIJE51Umun59D4RHX7n04aN7XM,Casa Blanca Gents Saloon,Al Faseel - Fujairah - United Arab Emirates,25.1378888,56.353062699999995,4.3,32,OPERATIONAL,barber_shop,,,,False,,men-only,2026-10-09
ChIJfxd-SO759D4RNOogFRhy6QY,Beauty Magic Centre Fujairah,Al Faseel - Fujairah - United Arab Emirates,25.1417352,56.352342199999995,4.5,39,OPERATIONAL,beauty_salon,very_expensive,300,600,False,,,2026-10-09
ChIJew18Ljn59D4RPW_itGVtJ5E,Halo spa center مركز هالو للتجميل,49W2+4WC - Al Faseel - Fujairah - United Arab Emirates,25.145306899999998,56.352260599999994,3.9,15,OPERATIONAL,beauty_salon,,,,False,,,2026-10-09
ChIJ2XbNAsP59D4RDZ0MIP7u55I,WAVES LADIES BEAUTY SALON & SPA صالون ومنتجع صحي ويفز لتجميل السيدات,Al Faseel - Fujairah - United Arab Emirates,25.138189699999998,56.3510089,4,13,OPERATIONAL,beauty_salon,,,,False,,,2026-10-09
ChIJywODVtlX9D4R9FAQ0OquQMo,Fringe Gents Saloon,Al Luluah Road - Al Faseel - Fujairah - United Arab Emirates,25.151878399999998,56.348256500000005,4.9,13,OPERATIONAL,beauty_salon,,,,False,,men-only,2026-10-09
ChIJVc308s1X9D4Rl20ej_2WoMA,The Rose Ladies Salon,B4 villa - near preventive medical centre - Al Faseel - Fujairah - United Arab Emirates,25.146885299999997,56.350360099999996,4.7,65,OPERATIONAL,beauty_salon,,,,False,,,2026-10-09
ChIJ40OfV7b59D4RmxNC0cQaWnk,B beauty salon,Al Basrah St - Al Faseel - Fujairah - United Arab Emirates,25.145162,56.3503684,4.4,37,OPERATIONAL,beauty_salon,moderate,1,300,False,,,2026-10-09
ChIJVY0b7XH49D4RQxmYoiAOaXQ,MALIK SALOON ( Gents Saloon),AL MATHAR BUILDING - #E99 Al Faseel Rd(E99) - Al Faseel - Fujairah - United Arab Emirates,25.1369501,56.3536003,4.5,34,OPERATIONAL,beauty_salon,,,,False,,men-only,2026-10-09
ChIJFejbttxX9D4R6DndOii7np0,Xix Mens Beauty Centre,Fujairah - Skamkam - Fujairah - United Arab Emirates,25.16491,56.332986899999995,4.4,17,OPERATIONAL,beauty_salon,,,,False,,,2026-10-09
ChIJzz5lTwBX9D4RfSRuBt7-1f8,بوهاشل,587J+7V7 - Skamkam - Fujairah - United Arab Emirates,25.163388899999998,56.3331389,,,OPERATIONAL,barber_shop,,,,False,,men-only,2026-10-09
ChIJnwRpdsZX9D4RNNffnpMpTEQ,Kashkha Gents Saloon,587M+X77 - Skamkam - Fujairah - United Arab Emirates,25.164902299999998,56.3331667,5,4,OPERATIONAL,beauty_salon,,,,False,,men-only,2026-10-09
ChIJf47Opc9X9D4RU8CdNHz3nRo,Burqau beauty center,منطقة سكمكم _ شارع الكويتي - Al Hilal City - Al Sharyah - 1 - Fujairah - United Arab Emirates,25.1571047,56.346790899999995,4.5,479,OPERATIONAL,beauty_salon,expensive,100,500,False,,,2026-10-09
ChIJX6mpNQBX9D4RX3xr3tlWwk8,Aura beauty salon & spa,Kuwait St - Skamkam - Fujairah - United Arab Emirates,25.1582267,56.3491188,4.7,251,OPERATIONAL,beauty_salon,,,,False,,,2026-10-09
ChIJQw6k-pVX9D4Rq0lZTq4V374,Mirrors Beauty Salon & Spa - Fujairah,Al Qasba Street - Al Hilal City - Al Sharyah - 1 - Fujairah - United Arab Emirates,25.1558809,56.343828699999996,4.4,21,OPERATIONAL,beauty_salon,,,,False,,,2026-10-09
ChIJdz1leXpX9D4RBMldErTy28A,The Barbers/صالون الحلاقة الرّجالي,584W+96R - Kuwait St - Al Hilal City - Al Sharyah - 1 - Fujairah - United Arab Emirates,25.1559907,56.3455267,4.7,40,OPERATIONAL,barber_shop,,,,False,,men-only,2026-10-09
ChIJqf3nVMNX9D4RNxk1S1tk-Jk,Mabrook saloon branch 3,Fujairah - Ishwais - Fujairah - United Arab Emirates,25.171343099999998,56.350854700000006,4.3,3,OPERATIONAL,hair_salon,,,,False,,,2026-10-09
ChIJgxS3R2FX9D4RQdcQjkrw3R8,Alia beauty salon,585X+W8F - Unnamed Road - Al Hilal City - Al Sharyah - 1 - Fujairah - United Arab Emirates,25.1598197,56.3482993,3.4,26,OPERATIONAL,beauty_salon,,,,False,,,2026-10-09
ChIJ0wLpSGRX9D4RtgPoNG0xhAU,Ganakshi ladies saloon,"NEAR AL MADEENA SUPER MARKET, NEW - مدينة الْهِلالْ - الشرية -1 - الفجيرة - United Arab Emirates",25.1565676,56.3449743,3.2,11,OPERATIONAL,beauty_salon,,,,False,,,2026-10-09
ChIJAbpUEzVX9D4RYxko2oeuN1I,Nashr Ladies Salon,New - مدينة الْهِلالْ - الشرية -1 - الفجيرة - United Arab Emirates,25.156505199999998,56.346122099999995,4.2,26,OPERATIONAL,beauty_salon,,,,False,,,2026-10-09
ChIJ3TeRmJlX9D4Rtrxz_LsZWes,Glamor salon/صالون جلامور للتجمبل,583V+VJ4 - Anajaimat - Dibba Rd - Al Hilal City - Al Sharyah - 1 - Fujairah - United Arab Emirates,25.154649499999998,56.344080999999996,3.7,9,OPERATIONAL,beauty_salon,,,,False,,,2026-10-09
ChIJka7OIQBX9D4RykaSV1HbXDs,Feray beauty salon,Al Hilal City - Al Sharyah - 1 - Fujairah - United Arab Emirates,25.1594449,56.3486604,4.8,36,OPERATIONAL,beauty_salon,,,,False,,,2026-10-09
ChIJ46JNaABX9D4RidIJJwkzgZg,Marigold Beauty Centre,Al Faseel - Fujairah - United Arab Emirates,25.1586137,56.350693799999995,4.8,51,OPERATIONAL,beauty_salon,,,,False,,,2026-10-09
ChIJZZ-I1FJX9D4RlVcSOOwQOVQ,golden chain beauty salon,Fujairah - Al Faseel - Fujairah - United Arab Emirates,25.1549806,56.350584399999995,4.7,28,OPERATIONAL,beauty_salon,,,,False,,,2026-10-09
ChIJE7CMU_IvYEARQwxCMchZNKY,Bint Alhala beauty center,585X+6XG Century Mall - Al Qasar Rd - Al Faseel - Fujairah - United Arab Emirates,25.1580625,56.349937499999996,4,4,OPERATIONAL,beauty_salon,,,,False,,,2026-10-09
ChIJw18kCEdX9D4R3aeRAOnESB4,CERVO SALON,Kuwait St - Al Hilal City - Al Sharyah - 1 - Fujairah - United Arab Emirates,25.158849099999998,56.348774,3.8,33,OPERATIONAL,barber_shop,,,,False,,men-only,2026-10-09
ChIJl0_xH0ZX9D4Rg6qXj6P7R-o,The Look Gents Salon,"New Sakamkam - B30, Shop Number 3 - Al Hilal City - Al Sharyah - 1 - Fujairah - United Arab Emirates",25.157309599999998,56.3456835,5,17,OPERATIONAL,hair_salon,,,,False,,men-only,2026-10-09
ChIJ__92VM5X9D4RXWofJpY8MJU,ABU ZAYED SALOON,Skamkam - Al Sharyah - 1 - Fujairah - United Arab Emirates,25.1573465,56.3458735,4,38,OPERATIONAL,barber_shop,,,,False,,men-only,2026-10-09
ChIJb5NUyFP59D4RTARdrh4ijd4,Silica salon,F10 - Al Hilal City - Al Sharyah - 1 - Fujairah - United Arab Emirates,25.157047499999997,56.345198599999996,4.9,10,CLOSED_TEMPORARILY,beauty_salon,,,,False,,not-operational,2026-10-09
ChIJx56rXr5X9D4R05jE8OGc3NE,MISQAAL SALOON,5952+574 - Al Faseel - Fujairah - United Arab Emirates,25.1578911,56.350693,4.7,3,OPERATIONAL,barber_shop,,,,False,,men-only,2026-10-09
ChIJ8ao9Vsoc40ER9oFeF_-ZY3E,Alba Beauty center,Al Faseel - Fujairah - United Arab Emirates,25.1495461,56.346964799999995,5,14,OPERATIONAL,beauty_salon,,,,False,,,2026-10-09
ChIJ1-yGJAD59D4RZtlifD_9Wxk,Mamlakty Salon,Merashid - Madhab Rd - Al Sharyah - Fujairah - United Arab Emirates,25.1396329,56.331136799999996,4.6,32,OPERATIONAL,beauty_salon,moderate,1,300,False,,,2026-10-09
ChIJX4cBY3n59D4R9zbKJaup9mo,Al Zaeem Salon,Al Salam St - Al Mahattah - Fujairah - United Arab Emirates,25.1313152,56.3383451,4.7,14,OPERATIONAL,beauty_salon,,,,False,,,2026-10-09
ChIJt8RNXHT59D4RfwrwpvaAb0k,Meem Beauty Salon,Mraisheed Rd - Mraisheed - Fujairah - United Arab Emirates,25.116423400000002,56.3467461,4.7,36,OPERATIONAL,beauty_salon,,,,False,,,2026-10-09
ChIJDeadJgD59D4RsVZ-QITRVkg,Shaikha Beauty Salon,48GP+M6X - Fahim Rd - Al Mahattah - Fujairah - United Arab Emirates,25.126799600000002,56.335607599999996,4.6,21,OPERATIONAL,beauty_salon,,,,False,,,2026-10-09
ChIJoS-Dj3f49D4Rl5iGo4iGZi4,Melody Nails and Spa Ladies Salon Fujairah,Faseel - Al Faseel - Fujairah - United Arab Emirates,25.1431601,56.3493302,4.6,201,OPERATIONAL,spa,,,,False,,not-a-salon,2026-10-09
ChIJPa_heAD59D4RGkJd8G6pKfU,Shahed Beauty Centre branch #2,Eid Mussalla Rd - Al Mahattah - Fujairah - United Arab Emirates,25.1228403,56.3353459,3,1,OPERATIONAL,beauty_salon,,,,False,,,2026-10-09
ChIJzyN1o-H59D4Rw9iy4vADEeY,awash salon,48CW+5WQ - Al Ghurfah - Fujairah - United Arab Emirates,25.1204625,56.347359399999995,3.8,27,OPERATIONAL,beauty_salon,,,,False,,,2026-10-09
ChIJl_U-NyX59D4RRtufc8fLEaQ,مركز نفرتيتي للتجميل الفجيرة,Al Gurfa Road - near Al Mibkhar Roundabout - Al ‘Uwaid - Fujairah - United Arab Emirates,25.122319299999997,56.35555180000001,4.2,60,OPERATIONAL,beauty_salon,very_expensive,100,600,False,,,2026-10-09
ChIJ3XQtqGz59D4R-cSQu19crZs,Mustafa beauty 2,Royal M Hotel - Hamad Bin Abdullah Road - Al Nijaimat - Fujairah - United Arab Emirates,25.1240281,56.3162825,5,9,OPERATIONAL,beauty_salon,,,,False,,,2026-10-09
ChIJWeTnUVD59D4R0JEA-nTOOIo,Ram Cut Mens Personal Care Center llc,Twin tower B - Hamad Bin Abdulla Street - near manila supermarket - Safad - Fujairah - United Arab Emirates,25.1226868,56.3426013,5,1,OPERATIONAL,beauty_salon,,,,False,,,2026-10-09
ChIJ03lcqzpX9D4R4zeXjQb2Veo,Magnoria hair and beauty salon,Unnamed Road - الفصيل - الفجيرة - United Arab Emirates,25.146006399999997,56.3499826,3.7,6,OPERATIONAL,beauty_salon,,,,False,,,2026-10-09
ChIJYb14Lv5X9D4RI7M-BOY4C1E,Amirat Al Zhoor Beauty,Al Basara Road - Al Faseel - Fujairah - United Arab Emirates,25.147753899999998,56.3499962,5,2,OPERATIONAL,beauty_salon,,,,False,,,2026-10-09
ChIJ32Rmo2D49D4RK0IkD2ObwjY,نايا صالون للسيدات,48FR+5VF حمد بن عبدالله الشرقي - Safad - Fujairah - United Arab Emirates,25.1229379,56.342177199999995,3.9,20,OPERATIONAL,beauty_salon,,,,False,,,2026-10-09
ChIJ22TD7gJX9D4RfioVi65JwRk,HARAMLEK BEAUTY SALON,48XX+R7M - Al Faseel Rd(E99) - Al Faseel - Fujairah - United Arab Emirates,25.1495777,56.348181499999995,5,2,OPERATIONAL,beauty_salon,,,,False,,,2026-10-09
ChIJZYlAMwD59D4RLHYEdWj8ANI,TOTA BEAUTY SALON,Fujairah - Al ‘Uwaid - Fujairah - United Arab Emirates,25.130632700000003,56.354241699999996,,,OPERATIONAL,beauty_salon,,,,False,,,2026-10-09
ChIJ6538LLP59D4RVQ3BRznDrcY,Adhari Ladies Saloon,Emirates Tread Center - Fujairah City Center - Fujairah - United Arab Emirates,25.1213303,56.331506,5,4,OPERATIONAL,beauty_salon,,,,False,,,2026-10-09
ChIJzX93XwH59D4RFHfXwHvwpqU,ilham ladies saloon,Al Nakheel St - Al Sharyah - Fujairah - United Arab Emirates,25.139476499999997,56.344778299999994,5,1,OPERATIONAL,beauty_salon,,,,False,,,2026-10-09
ChIJy3vMsFD59D4Rx_zgk9bk4iM,Fulla Beauty Saloon,near Safeer Market - Al Mahattah - Fujairah - United Arab Emirates,25.1272085,56.335551699999996,4,4,OPERATIONAL,beauty_salon,,,,False,,,2026-10-09
ChIJNzMgNxv59D4RLzqPRd7CNsY,Elegant beauty Salon & Nails,Sheikh Hamad Bin Abdallah - Road 127 - شارع الشرقي - مركز مدينة الفجيرة - الفجيرة - United Arab Emirates,25.1226366,56.322793,5,6,OPERATIONAL,nail_salon,,,,False,,,2026-10-09
ChIJ1QRAhT759D4RksSB8wHYgL4,Maha Beauty Salon صالون مها للتجميل,Al salam Rd - Al Mahattah - Fujairah - United Arab Emirates,25.128628799999998,56.3352662,4.2,5,OPERATIONAL,beauty_salon,,,,False,,,2026-10-09
ChIJteiZ_KsxXj4RuG_oXaWx5sc,صالون الزياني للرجال,Unnamed Road - جَرْن - 7J4J+4W9 - Jarn Yafour - يَافُورمدينة المفرق للعمال - Abu Dhabi - United Arab Emirates,24.255296599999998,54.632353099999996,5,1,OPERATIONAL,hair_salon,,,,False,,,2026-10-09
ChIJdb1MHsYxXj4RbzBo0u2ck4w,Aariz man gents saloon,Jarn Yafour - Al Mafraq Workers City - Abu Dhabi - United Arab Emirates,24.2520736,54.6276297,,,OPERATIONAL,barber_shop,,,,False,,men-only,2026-10-09
ChIJP-4FNJIwXj4RFiCzgmy5zCY,Stylish Cut Hair Dressing,7J2G+PRR - Jarn Yafour - Mafraq Industrial Area - Abu Dhabi - United Arab Emirates,24.2518697,54.6270008,4.5,2,OPERATIONAL,barber_shop,,,,False,,men-only,2026-10-09
ChIJBzPpNZIwXj4RbP527ma3xVQ,Janata Gents Salon,7J2G+QWJ - Jarn Yafour - Mafraq Industrial Area - Abu Dhabi - United Arab Emirates,24.251953000000004,54.627253599999996,3.5,2,OPERATIONAL,barber_shop,,,,False,,men-only,2026-10-09
ChIJ6bnCEZUwXj4RPLakpTZ4X2E,Al Eshoush Gents Saloon,Al Ashoush Village - Jarn Yafour - Mafraq Industrial Area - Abu Dhabi - United Arab Emirates,24.258803099999998,54.6293708,4,4,OPERATIONAL,barber_shop,,,,False,,men-only,2026-10-09
ChIJ_2bTNZIwXj4RPPcekc8ykxg,New Effect Gents Salon,7J2G+QV2 - Jarn Yafour - Mafraq Industrial Area - Abu Dhabi - United Arab Emirates,24.251894699999998,54.627153199999995,5,1,OPERATIONAL,barber_shop,,,,False,,men-only,2026-10-09
ChIJZwgfEQAxXj4RNnaTnMkNwc0,GRAND HOME SALON L.L.C,7J5J+JHV - Jarn Yafour - Al Mafraq Workers City - Abu Dhabi - United Arab Emirates,24.2591042,54.631413599999995,,,OPERATIONAL,barber_shop,,,,False,,men-only,2026-10-09
ChIJNzVAYUMzXj4RGYUnve5FYX0,Fatma Henna,1 Al Sahalah Street - Al Nahdah - Al Nahda East - Abu Dhabi - United Arab Emirates,24.2558598,54.71915440000001,5,3,OPERATIONAL,beauty_salon,,,,False,,,2026-10-09
ChIJqVyHSgAzXj4R06-jdll4dPI,صالون الطراز للرجال,42 Tawi Um Al ‘Atal St - Al Wathba - Al Nahdah Al Jadeedah - Abu Dhabi - United Arab Emirates,24.2397618,54.7174896,5,1,OPERATIONAL,barber_shop,,,,False,,men-only,2026-10-09
ChIJaQ0plTcyXj4R_hsiC2uzYF4,صالون برویز - Pervez Saloon,7P39+P54 - Al Nahdah - Al Nahda East - Abu Dhabi - United Arab Emirates,24.2542588,54.7179176,3.7,11,OPERATIONAL,beauty_salon,,,,False,,,2026-10-09
ChIJDceKjdYzXj4ROX27DAQYcb4,صالون الشكيلي للحلاقة,7P39+M3H Double Villa - Al Nahdah - Al Nahdah Al Askariah - Abu Dhabi - United Arab Emirates,24.2541969,54.7177413,4,1,OPERATIONAL,hair_salon,,,,False,,,2026-10-09
ChIJd4I1TgAzXj4R80XG3YW0GQc,صالون تاج النهضة للرجال,51 Al Rusoukh St - Al Wathba - الوثبةالنهضة الجديدة - Abu Dhabi - United Arab Emirates,24.2422442,54.7186793,,,OPERATIONAL,hair_salon,,,,False,,,2026-10-09
ChIJawWDbPk5Xj4R__5pivAeOho,J B smart Gents salon,7HGP+J3J - Jarn Yafour - Mafraq Industrial Area - Abu Dhabi - United Arab Emirates,24.276331799999998,54.587163499999996,5,1,OPERATIONAL,hair_salon,,,,False,,men-only,2026-10-09
ChIJXyXNAns5Xj4RHwPscMGFUf4,Hunny Gents Salon,7HJM+G69 - Jarn Yafour - Mafraq Industrial Area - Abu Dhabi - United Arab Emirates,24.2812791,54.5831039,4.3,15,OPERATIONAL,barber_shop,,,,False,,men-only,2026-10-09
ChIJBakSoX85Xj4RkYjk5vwovD4,SHBAB AL MUSHRIF SALOON-BRصالون شباب المشرف-فرع,Al Masmouh St - Jarn Yafour - Mafraq Industrial Area - Abu Dhabi - United Arab Emirates,24.2761154,54.5873937,,,OPERATIONAL,hair_salon,,,,False,,,2026-10-09
ChIJze2EB1k5Xj4RneHZ2EcdKkU,Top Style Gents Salon,156 Al Lujayn St - Jarn Yafour - Mafraq Industrial Area - Abu Dhabi - United Arab Emirates,24.2805341,54.5816017,4.7,7,OPERATIONAL,barber_shop,,,,False,,men-only,2026-10-09
ChIJNUR4HO4xXj4RlSlZPKAiwm0,Pak Green Mens Saloon,7J5G+F3H - Jarn Yafour - Mafraq Industrial Area - Abu Dhabi - United Arab Emirates,24.258682,54.6252411,3.9,12,OPERATIONAL,barber_shop,,,,False,,men-only,2026-10-09
ChIJJZfYIpIxXj4RrdkiXef3wEU,Chakwal Gents Saloon,7J5J+V8F - Jarn Yafour - Mafraq Industrial Area - Abu Dhabi - United Arab Emirates,24.2596857,54.630801899999994,4.4,22,OPERATIONAL,barber_shop,,,,False,,men-only,2026-10-09
ChIJp39vgc8xXj4R0enSOIbQ8YM,Golden Braids Ladies Saloon,Al Nahyan Tanker Mai - Tea Break Same Building - opposite Parco Hypermarket - جرن يافور - M-03 - أبو ظبي - United Arab Emirates,24.259466,54.6299752,,,OPERATIONAL,beauty_salon,,,,False,,,2026-10-09
ChIJQ9io4NYxXj4R56Kv7CT370U,Better Gents Saloon,7J5G+96W - Jarn Yafour - Mafraq Industrial Area - Abu Dhabi - United Arab Emirates,24.258480799999997,54.6255713,,,OPERATIONAL,barber_shop,,,,False,,men-only,2026-10-09
ChIJK7qhIU4xXj4RDQ-2UooAW20,Good look gents salon,Abu Dhabi - Jarn Yafour - Mafraq Industrial Area - Abu Dhabi - United Arab Emirates,24.259665100000003,54.630732,4.5,2,OPERATIONAL,hair_salon,,,,False,,men-only,2026-10-09
ChIJxdan-4MxXj4RGKh5nk8c7To,Bhatti gents saloon,7J5F+9WG - Jarn Yafour - Al Mafraq Workers City - Abu Dhabi - United Arab Emirates,24.2584354,54.6248211,5,3,OPERATIONAL,beauty_salon,,,,False,,men-only,2026-10-09
ChIJjRxhfdMxXj4R_uZENm-Gg9I,Abad gents saloon,2 At Tazkiyah 4 St - Jarn Yafour - Al Mafraq Workers City - Abu Dhabi - United Arab Emirates,24.260140999999997,54.6306435,5,1,OPERATIONAL,barber_shop,,,,False,,men-only,2026-10-09
ChIJUVdJRJUwXj4R3RhYORcHn28,Big Boss Gents Saloon,7J5J+X6M - Jarn Yafour - Mafraq Industrial Area - Abu Dhabi - United Arab Emirates,24.2599593,54.6305524,4.6,5,OPERATIONAL,barber_shop,,,,False,,men-only,2026-10-09
ChIJ33FkvekxXj4RKtFyNWAE4RA,Greenway Saloon,"7J6J+33M PARCO MALL , MAFRAQ - First Floor - Jarn Yafour - Mafraq Industrial Area - Abu Dhabi - United Arab Emirates",24.260220399999998,54.6301856,,,OPERATIONAL,barber_shop,,,,False,,men-only,2026-10-09
ChIJU-zvugAxXj4RMlVz6V-JxPs,Good Smart Gents Saloon,2 - Magenta Camp - جرن يافور - مدينة المفرق للعمال - أبو ظبي - United Arab Emirates,24.2594212,54.631382699999996,3,1,OPERATIONAL,beauty_salon,,,,False,,men-only,2026-10-09
ChIJv_D_JAAxXj4RzbpREvcyMT8,GENTS B D STAR SALOON,7J5J+R7Q - Jarn Yafour - Al Mafraq Workers City - Abu Dhabi - United Arab Emirates,24.259591099999998,54.630725899999995,,,OPERATIONAL,hair_salon,,,,False,,men-only,2026-10-09
ChIJS3E1SQAxXj4RxnPr3mawtWI,Floral Touch Ladies Beauty Salon (صالون فلورال تاتش ليديز بيوتي),Bani Yas - Baniyas East - Abu Dhabi - United Arab Emirates,24.2826319,54.6479018,4.9,149,OPERATIONAL,beauty_salon,,,,False,,,2026-10-09
ChIJDzoPN_kxXj4R4TVWc-KCKRM,Khaled Ali Salon / صالون خالد علي للحلاقة الرجالية,Al Dh'oun St - Bani Yas - Baniyas West - Abu Dhabi - United Arab Emirates,24.277579400000004,54.6440864,4.3,12,OPERATIONAL,beauty_salon,,,,False,,,2026-10-09
ChIJvXVq5odnXj4R4vaCVeBXkSI,ZENTRO GENTS SALON,7JJX+X72 - Bani Yas - EB9 - Abu Dhabi - United Arab Emirates,24.282485899999998,54.648238899999996,5,34,OPERATIONAL,barber_shop,,,,False,,men-only,2026-10-09
ChIJY_EdnRIxXj4Rj50Lcd6bygQ,Laser Clinic - عيادة ليزر,Bani Yas - West 4 - Abu Dhabi - United Arab Emirates,24.2778718,54.6441362,5,3,OPERATIONAL,medical_clinic,,,,False,,not-a-salon,2026-10-09
ChIJq8-RbfgxXj4RBhgRz6ZVdgI,Juvents Gents Saloon South Al Wathba,12th St - Al Wathba - Al Wathbah South - Abu Dhabi - United Arab Emirates,24.273591699999997,54.6552212,4.2,15,OPERATIONAL,hair_salon,,,,False,,men-only,2026-10-09
ChIJjWGmzJ8xXj4RdpXYUHob2aY,BERKAMAR HAIRDRESSING SALON صالون بركمار للحلاقة,Badʹ ʹAkouzi St - Al Wathba - Al Wathbah South - Abu Dhabi - United Arab Emirates,24.274886799999997,54.653492799999995,5,8,OPERATIONAL,hair_salon,,,,False,,,2026-10-09
ChIJFdBwNQ8xXj4RBL4sY4I8rwc,Fresh Style saloon (men),Abu Dhabi - Bani Yas - EB9 - Abu Dhabi - United Arab Emirates,24.2824621,54.6478489,4,1,OPERATIONAL,barber_shop,,,,False,,men-only,2026-10-09
ChIJfT7nApMxXj4RQ1ScaWaMFyw,Baku men saloon,Bani Yas - EB9 - Abu Dhabi - United Arab Emirates,24.282136599999998,54.6477728,5,1,OPERATIONAL,hair_salon,,,,False,,men-only,2026-10-09
ChIJuSTb-o8xXj4RHwo1tyIfBUU,Al Azaam Gents salon,Al Wathba - Al wathba mall - Abu Dhabi - United Arab Emirates,24.2780035,54.6491599,4,7,OPERATIONAL,beauty_salon,,,,False,,men-only,2026-10-09
ChIJ_XrQiNMwXj4Rw92Z_nekmI0,Shumook Salon,7JMX+23G - Bani Yas - EB9 - Abu Dhabi - United Arab Emirates,24.282560900000004,54.6477085,3.3,4,OPERATIONAL,beauty_salon,,,,False,,,2026-10-09
ChIJcZqDBgAxXj4RARRPAyKMcKM,Zeeshan,21 Tawi Bilyidouʹ St - Al Wathba - Al Wathbah South - Abu Dhabi - United Arab Emirates,24.278222,54.648888,,,OPERATIONAL,nail_salon,,,,False,,,2026-10-09
ChIJZbn-EQAxXj4R3xsyG4NHhZ4,AL MUMTHAZ HAIRDRESSER,7M7G+958 - Al Wathba - Al Wathbah South New - Abu Dhabi - United Arab Emirates,24.2633811,54.675312299999995,3.7,15,OPERATIONAL,barber_shop,,,,False,,men-only,2026-10-09
ChIJgbru9DwxXj4RasyFIyi2PTM,Shaji vp Al Raha Gents Saloon,7MF8+MPX - Al Nahdah - Al Wathbah North - Abu Dhabi - United Arab Emirates,24.2742386,54.666847999999995,3.8,27,OPERATIONAL,hair_salon,,,,False,,men-only,2026-10-09
ChIJXS0tH9wxXj4R5ldIJYJr4-g,Glowza Beauty,Badʹ Ghayth St - Al Wathba - Al Wathbah South - Abu Dhabi - United Arab Emirates,24.2660135,54.6615003,5,1,OPERATIONAL,beauty_salon,,,,False,,,2026-10-09
ChIJVfViBtozXj4R1-h5kt-hW_o,صالون حلاقة,4 Al Usrah St - Al Nahdah - النَّهضةالنهضة العسكرية (غرب - Abu Dhabi - United Arab Emirates,24.2608951,54.699114699999996,4.4,10,OPERATIONAL,hair_salon,,,,False,,,2026-10-09
ChIJMUsdLAA5Xj4R38lHVrv-1uw,NAWAZ SALON,7HM8+396 - Jarn Yafour - Mafraq Industrial Area - Abu Dhabi - United Arab Emirates,24.282646099999997,54.5657261,3,1,OPERATIONAL,beauty_salon,,,,False,,,2026-10-09
ChIJzwyrG4I5Xj4R3v_1J9WeqBk,SAAFO GENTS SALOON,7HRM+74W - Jarn Yafour - Mafraq Industrial Area - Abu Dhabi - United Arab Emirates,24.290732199999997,54.5828174,5,1,OPERATIONAL,barber_shop,,,,False,,men-only,2026-10-09
ChIJ6QMpZAA5Xj4RoTxDuIcwqrk,Moon River saloon,7HM8+575 - Jarn Yafour - Mafraq Industrial Area - Abu Dhabi - United Arab Emirates,24.282896299999997,54.5657193,5,1,OPERATIONAL,beauty_salon,,,,False,,,2026-10-09
ChIJE9YDJCc5Xj4R7cgEdN_5kug,Lavish look,7HVG+82C - Sheikh Khalifa Bin Zayed Al Nahyan Int'l Road - Jarn Yafour - Mafraq Industrial Area - Abu Dhabi - United Arab Emirates,24.293252499999998,54.5750755,5,1,OPERATIONAL,hair_salon,,,,False,,,2026-10-09
ChIJZVMZ1bw5Xj4RxspjUM5BNKU,Barber shop,7HVG+552 - Jarn Yafour - Mafraq Industrial Area - Abu Dhabi - United Arab Emirates,24.292887099999998,54.5754002,3.4,5,OPERATIONAL,barber_shop,,,,False,,men-only,2026-10-09
ChIJl3lAeAA5Xj4RygyB26dQkRk,Abdul kalam,7HPC+RP - Jarn Yafour - Mafraq Industrial Area - Abu Dhabi - United Arab Emirates,24.287074999999998,54.571788,,,OPERATIONAL,beauty_salon,,,,False,,,2026-10-09
ChIJUeg6OIQ5Xj4RV7-r_T8gFX8,PAK Style Men's Salon,7JP2+369 - Jarn Yafour - Mafraq Industrial Area - Abu Dhabi - United Arab Emirates,24.2851637,54.6006076,3.5,8,OPERATIONAL,hair_salon,,,,False,,men-only,2026-10-09
ChIJo43uxzs3Xj4RVXtbF8SINMg,Sisters Ladies Saloon,7JWQ+R7H - Bani Yas - Baniyas East - Abu Dhabi - United Arab Emirates,24.2970658,54.638232699999996,3.7,161,OPERATIONAL,beauty_salon,,,,False,,,2026-10-09
ChIJ5ch6Hag3Xj4RlU_4s1p7o8s,Bedashing Beauty Lounge Baniyas,Villa 4 Number 22 - Al Suqa Street - Bani Yas - Baniyas East - Abu Dhabi - United Arab Emirates,24.2973631,54.6332474,4.5,697,OPERATIONAL,beauty_salon,expensive,100,500,True,baniyas,,2026-10-09
ChIJZaPHks03Xj4R6n0H-_TPtQw,Serenity Room Ladies Salon صالون سيرينيتي روم للسيدات بني ياس,Bani Yas St - Bani Yas - Baniyas East - Abu Dhabi - United Arab Emirates,24.2936534,54.6384336,4.1,94,OPERATIONAL,beauty_salon,expensive,200,400,False,,,2026-10-09
ChIJm1gKcAhpXj4RtVHtytsjU04,The Hair Bar Beauty lounge,Bani Yas - EB8 - Abu Dhabi - United Arab Emirates,24.294043100000003,54.6378433,4.3,168,OPERATIONAL,beauty_salon,moderate,1,300,False,,,2026-10-09
ChIJxfs_Lzo3Xj4RU0tYtvjdnGk,صالون الإخلاص,7JWP+5WW - Bani Yas - Baniyas East - Abu Dhabi - United Arab Emirates,24.295481,54.6373183,4.1,87,OPERATIONAL,beauty_salon,,,,False,,,2026-10-09
ChIJLYzElP03Xj4REreRhHMZUxA,Wardat Buthaina baniyas صالون ورده بثينه,5 Ar Rakb St - Bani Yas - Baniyas East - Abu Dhabi - United Arab Emirates,24.294562400000004,54.637101099999995,3.7,104,OPERATIONAL,beauty_salon,moderate,1,400,False,,,2026-10-09
ChIJ08woPh43Xj4RLQn9RfK_d-g,BROWS BY ALHANOOF,شارع - المويجعي - Baniyas East - Abu Dhabi - United Arab Emirates,24.2950119,54.636540499999995,4.3,72,OPERATIONAL,beauty_salon,,,,False,,,2026-10-09
ChIJtfowytc5Xj4RNDIQaQ9jm1g,Desert Classic Ladies Salon Branch-1,desert Classic Ladies Salon - Bani Yas - Baniyas East - Abu Dhabi - United Arab Emirates,24.295539599999998,54.6400896,3.9,52,OPERATIONAL,beauty_salon,,,,False,,,2026-10-09
ChIJN2YaKjo3Xj4RP5c-7TO_fxk,صالون سامبا للسيدات,8 شارع الهازج - Bani Yas - Baniyas East - Abu Dhabi - United Arab Emirates,24.2955531,54.6372335,2.5,57,OPERATIONAL,hair_salon,,,,False,,,2026-10-09
ChIJySPEeAA3Xj4R86ydETlyKcI,صالون سونا بني ياس sona salon,9 شارع ٢ - Bani Yas - Baniyas East - Abu Dhabi - United Arab Emirates,24.2876613,54.6411034,3.7,15,OPERATIONAL,beauty_salon,,,,False,,,2026-10-09
ChIJt1f8pV43Xj4R275r0Rk9rLQ,Uhood Ladies Salon صالون عهود للسيدات,Bani Yas - Baniyas East - Abu Dhabi - United Arab Emirates,24.2976471,54.6368959,3.3,39,OPERATIONAL,beauty_salon,very_expensive,200,600,False,,,2026-10-09
ChIJvwV1Ojg3Xj4RKv8KM-y2oV0,صالون خيالي لونج للسيدات e,municipality Market - beside Lulu Hyper Market - Bani Yas - EB8 - Abu Dhabi - United Arab Emirates,24.2977058,54.6369219,4.9,36,OPERATIONAL,beauty_salon,,,,False,,,2026-10-09
ChIJnXM8Kjo3Xj4R0nTG9oRpbxc,صالون اورجنالتي للسيدات,7JWP+7R9 - Bani Yas - EB8 - Abu Dhabi - United Arab Emirates,24.2956607,54.6370952,2.8,35,OPERATIONAL,beauty_salon,,,,False,,,2026-10-09
ChIJjV4_8zo3Xj4Rimg3RsMt3mU,DESERT CLASSIC LADIES SALON2,Unnamed Rd - بني ياس - بني ياس شرق - أبو ظبي - United Arab Emirates,24.295631699999998,54.640089499999995,3.3,29,OPERATIONAL,beauty_salon,,,,False,,,2026-10-09
ChIJOUYK5mQ3Xj4RgsLlrhLrwdk,صالون الابتهال للحناء,29 Ash Sharat St - Bani Yas - Baniyas East - Abu Dhabi - United Arab Emirates,24.296424299999998,54.638987199999995,3.3,16,OPERATIONAL,beauty_salon,,,,False,,,2026-10-09
ChIJ_zKmtTs3Xj4RYRpi9OuNKb0,صالون عبير للتجميل و الحناء Abeer Beauty & Henna Saloon Baniyas,"Baniyas, Old Municipality market - behind Lulu Hypermarket - بني ياس - بني ياس شرق - أبو ظبي - United Arab Emirates",24.296902000000003,54.638507999999995,3.8,35,OPERATIONAL,beauty_salon,,,,False,,,2026-10-09
ChIJOcOsNcE3Xj4RhBFGnss57Aw,صالون فاليريا لتجميل السيدات,4 Ash Sharat St - Bani Yas - Baniyas East - Abu Dhabi - United Arab Emirates,24.2976621,54.6369772,4.6,13,OPERATIONAL,beauty_salon,,,,False,,,2026-10-09
ChIJ3QV2ORk3Xj4RmV6YjMZl-po,Wahda Taj Al Jazeera Gents Saloon,7MW4+GM2 - Bani Yas - Baniyas East - Abu Dhabi - United Arab Emirates,24.2962256,54.656619199999994,4.7,6,OPERATIONAL,barber_shop,,,,False,,men-only,2026-10-09
ChIJY5YI9essoS4RMF0Pwj868uk,Amanda's Home Glam,Bani Yas - Baniyas East - Abu Dhabi - United Arab Emirates,24.3001352,54.656406399999995,5,13,OPERATIONAL,beauty_salon,,,,False,,,2026-10-09
ChIJ714SwUI3Xj4RaVZ4gcav8po,HILDA BEAUTY LOUNG – S.P.C,Seashell Cafeteria - 8M44+4C - بني ياس - شرق 11 - أبو ظبي - United Arab Emirates,24.3052869,54.6560384,5,3,OPERATIONAL,beauty_salon,,,,False,,,2026-10-09
ChIJ7eg4VFo3Xj4RBKDKLzVzjgo,مركز الامارات للعناية الرجالية فرع بني ياس,بني ياس - شقة 101 - مبنى - السيد ناصر سالم حميد - Al Bateehah St - 2_3 -قC15 - Baniyas East - Abu Dhabi - United Arab Emirates,24.3177614,54.6313111,4.2,436,OPERATIONAL,hair_salon,moderate,50,150,False,,,2026-10-09
ChIJV6YIh8k3Xj4RrOj5e4LpLng,Cateye beauty كات اي بيوتي,8J9J+95W - Bani Yas - Baniyas East - Abu Dhabi - United Arab Emirates,24.318437499999998,54.6304375,4.5,69,OPERATIONAL,beauty_salon,,,,False,,,2026-10-09
ChIJ39lgm6M3Xj4RbqH0Ipuq43c,Sugar Beauty Lounge Bawabat,Mall - Bani Yas - Bawabat Al Sharq - Abu Dhabi - United Arab Emirates,24.3117059,54.6220271,4.3,287,OPERATIONAL,beauty_salon,very_expensive,200,600,False,,,2026-10-09
ChIJOyibkek3Xj4RNtUWnHkJcHs,صالون روز نيلز للسيدات,8J9J+3JM - Bani Yas - EB2 03 - Abu Dhabi - United Arab Emirates,24.3177144,54.6315418,4.6,37,OPERATIONAL,beauty_salon,,,,False,,,2026-10-09
ChIJBfiK_gU3Xj4RveC4lqwKWko,Companion Beauty Salon - AbuDhabi - Bawabat Al Sharq Mall (8th BR),Bawabat Al Sharq - Mall 1st Floor - shop196 - بني ياس - بني ياس شرق - أبو ظبي - United Arab Emirates,24.3121276,54.6210849,4.5,252,OPERATIONAL,beauty_salon,moderate,100,400,False,,,2026-10-09
ChIJoSTgAA03Xj4R7RgAiIOyWYc,صالون كلين كت,8J8M+6HQ - Bani Yas - EB2 03 - Abu Dhabi - United Arab Emirates,24.3155954,54.633969799999996,3.7,68,OPERATIONAL,barber_shop,,,,False,,men-only,2026-10-09
ChIJieS4kt43Xj4RjvF8N2Erjjw,Meraki gents salon,3 Al ʹAja-ib St - Bani Yas - EB2 03 - Abu Dhabi - United Arab Emirates,24.316266199999998,54.6329215,4,21,OPERATIONAL,beauty_salon,,,,False,,men-only,2026-10-09
ChIJNUWVaoM3Xj4RHWdV5LZ8nYM,Arous al Sahara Saloon,Street 5 - near suroor kg school - Bani Yas - Baniyas East - Abu Dhabi - United Arab Emirates,24.3164573,54.647805,4.2,273,OPERATIONAL,beauty_salon,expensive,1,600,False,,,2026-10-09
ChIJt_rot6w3Xj4RywzijzxGx14,صالون سونا الشوامخ,13 Qalʹat Masafi St - Al Shawamekh - SHM11 - Abu Dhabi - United Arab Emirates,24.327903,54.644655,3.3,102,OPERATIONAL,beauty_salon,,,,False,,,2026-10-09
ChIJLwJz4iE3Xj4RJU4kyWBwJD8,Peony Beauty Center,Omair Bin Yousef Al Muhairi St - Bani Yas - East 11 - Abu Dhabi - United Arab Emirates,24.3071374,54.6487473,3.8,179,OPERATIONAL,beauty_salon,,,,False,,,2026-10-09
ChIJOzO8UBo3Xj4RhBpJW_9Clik,Nujoud beauty center,Baniyas East 6 street 43 - Villa 49 - بني ياس - بني ياس شرق 1 6 - أبو ظبي - United Arab Emirates,24.3132125,54.644518899999994,3.7,42,OPERATIONAL,beauty_salon,,,,False,,,2026-10-09
ChIJPd5FGSs3Xj4RY5IWOucozsc,Salon De Belleza,Al Mitlaiyyat St - شارع - ٢٦ - بني ياس - بني ياس شرق 11 1 - أبو ظبي - United Arab Emirates,24.3084767,54.6478372,5,1,OPERATIONAL,beauty_salon,,,,False,,,2026-10-09
ChIJM9_6Rag3Xj4RHfSATY0ArIk,صالون العود للرجال,8JHV+5QP - Al Shawamekh - SHM11 - Abu Dhabi - United Arab Emirates,24.327964800000004,54.644468499999995,2.7,21,OPERATIONAL,barber_shop,,,,False,,men-only,2026-10-09
ChIJabO2FcM3Xj4RjG434cOBstU,So Elegant Saloon,8J7P+7CF - Badʹ Kahayl St - Bani Yas - EB2 04 - Abu Dhabi - United Arab Emirates,24.3131967,54.6360424,4.2,9,OPERATIONAL,beauty_salon,,,,False,,,2026-10-09
ChIJBVAc3Z83Xj4Rhrh7y9n8e-I,Nicecut Salon,Abu Dhabi - Bani Yas - EB2 03 - Abu Dhabi - United Arab Emirates,24.3164943,54.6328841,5,2,OPERATIONAL,barber_shop,,,,False,,men-only,2026-10-09
ChIJiR2zSQA3Xj4RZlURnE8qVxk,صالون رجالي متنقل,Bani Yas - EB1 04 - Abu Dhabi - United Arab Emirates,24.323176399999998,54.6397809,,,OPERATIONAL,beauty_salon,,,,False,,,2026-10-09
ChIJhcddGAA3Xj4RkhefWvu81ec,ثس,21 Darwish Bin Karam Al Mohammed St - Bani Yas - EB1 06 - Abu Dhabi - United Arab Emirates,24.3179213,54.639840199999995,,,OPERATIONAL,barber_shop,,,,False,,men-only,2026-10-09
ChIJ445rqPg3Xj4RO1U_JhJFh8c,صالون بيكاتشو للأطفال,Sarab Community Market - Bani Yas - EB2 03 - Abu Dhabi - United Arab Emirates,24.314843699999997,54.6345249,4.9,67,OPERATIONAL,hair_salon,moderate,1,100,False,,,2026-10-09
ChIJZbAdeyg3Xj4RhrWxz1sAecs,Turquoise Spa,Bani Yas - Baniyas East - Abu Dhabi - United Arab Emirates,24.3153647,54.634325499999996,4.3,77,OPERATIONAL,beauty_salon,moderate,1,200,False,,,2026-10-09
ChIJJdqNNQ43Xj4R2xPw6ayD6II,Rashed Al Saadi Gents Salon,8J8Q+9QM - شارع - ٩ - Bani Yas - EB1 06 - Abu Dhabi - United Arab Emirates,24.3159664,54.6394227,3.9,9,OPERATIONAL,beauty_salon,,,,False,,men-only,2026-10-09
ChIJg-4lyOM3Xj4RjXGHH6n7wOw,House of Hair Cutt,8J8W+JXQ - شارع - ١٤ - Bani Yas - EB1 05 - Abu Dhabi - United Arab Emirates,24.3165907,54.647472699999994,5,5,OPERATIONAL,hair_salon,,,,False,,,2026-10-09
ChIJHTzshj03Xj4Rl2iPemwnqi0,ABDULSALAM HAIR DRESSING SALON,7 - Bani Yas - EB7 A - Abu Dhabi - United Arab Emirates,24.3041736,54.639002,4.3,6,OPERATIONAL,beauty_salon,,,,False,,,2026-10-09
ChIJj9pkO3M3Xj4RoX1MRQV5aVA,Zafiro gents salon baniyas,Al gabat - Bani Yas - EB2 03 - Abu Dhabi - United Arab Emirates,24.316460199999998,54.632901999999994,3.4,5,OPERATIONAL,barber_shop,,,,False,,men-only,2026-10-09
ChIJlUSPaHk3Xj4R-ujE-YJrULs,معهد عنودي,Sheikh Mohammed Bin Rashid Al Maktoum St - Al Mizn - Baniyas North - Abu Dhabi - United Arab Emirates,24.3226716,54.682456599999995,,,OPERATIONAL,beauty_salon,,,,False,,,2026-10-09
ChIJY-eWPNc1Xj4RGVzJhKtVWl8,صالون خالد علي للحلاقة مدينة الرياض فرع ثاني,مدينة الرياض - حوض 40 - أبو ظبي - United Arab Emirates,24.327531600000004,54.7074235,5,6,OPERATIONAL,hair_salon,,,,False,,,2026-10-09
ChIJDbcz2A9tXz4RnqvVPtIP15c,Bedashing Beauty Lounge Shakhbout City,shakhbout city 3 - مدينة شخبوط - مدينة شخبوط 3 - أبو ظبي - United Arab Emirates,24.3481854,54.6238561,4.5,1277,OPERATIONAL,beauty_salon,expensive,100,500,True,shakhbout-city,,2026-10-09
ChIJZ3vcheo3Xj4RnSWZDXWS72k,صالون ماكوين للسيدات McQueen Ladies Center,"of Emirates - Villa 101, No. 1 - 40th St - Shakhbout City - Khalifa B - Abu Dhabi - United Arab Emirates",24.3454448,54.630782499999995,4.3,522,OPERATIONAL,beauty_salon,,,,False,,,2026-10-09
ChIJO1xpp1Y3Xj4RfJenXaveXKE,Blossom District Ladies Beauty Salon,Abu Dhabi - Shakhbout City - MSH2 - Abu Dhabi - United Arab Emirates,24.344973799999998,54.6326238,4.2,439,CLOSED_TEMPORARILY,beauty_salon,,,,False,,not-operational,2026-10-09
ChIJrRRESi83Xj4RFdDHv7OXwNw,Silkor Khalifa City B - Shakhbout City,Abu Dhabi - Shakhbout City - MSH6 - Abu Dhabi - United Arab Emirates,24.351749299999998,54.622101799999996,4.5,511,OPERATIONAL,medical_clinic,,,,False,,not-a-salon,2026-10-09
ChIJlwG5_DI3Xj4RXNhToLQcoWw,Orient Magic Beauty Center,Al Hzm St - Al Shawamekh - SHM5 - Abu Dhabi - United Arab Emirates,24.34702,54.6486047,4.5,193,OPERATIONAL,beauty_salon,very_expensive,100,600,False,,,2026-10-09
ChIJRddX6qM3Xj4RTcgootYCbT4,"Al Nahaam Saloon, Men's Barber صالون النهام",Abu Dhabi - Al Shawamekh - SHM6 - Abu Dhabi - United Arab Emirates,24.330253,54.6357655,3.7,13,OPERATIONAL,barber_shop,,,,False,,men-only,2026-10-09
ChIJhzTbC103Xj4RjodcumrbGZw,Freesia Beauty Center-Luxury Services (Madinati Mall),Shakhbout Medical city - Shakhbout City - MSH44 - Abu Dhabi - United Arab Emirates,24.331845299999998,54.6261892,4.4,87,OPERATIONAL,beauty_salon,,,,False,,,2026-10-09
ChIJ6eW0cAA3Xj4R3DGWabcOZW4,صالون المقص العالمي,8JPQ+8RC - Al Shawamekh - SHM6 - Abu Dhabi - United Arab Emirates,24.3359472,54.6394357,3.7,3,OPERATIONAL,barber_shop,,,,False,,men-only,2026-10-09
ChIJXxMoewA3Xj4RMGunX-9HSgo,Tokyo Cut Gents Salon,72 Hadbaat Sareeʹah St - Al Shawamekh - SHM6 - Abu Dhabi - United Arab Emirates,24.335712299999997,54.6393616,5,2,OPERATIONAL,beauty_salon,,,,False,,men-only,2026-10-09
ChIJD-kPNyo3Xj4R5j4JRHO67vA,صالون التاج الفضي للرجال,Al Shawamekh - SHM6 - Abu Dhabi - United Arab Emirates,24.3355263,54.639503700000006,5,3,OPERATIONAL,hair_salon,,,,False,,,2026-10-09
ChIJFSj2a4k3Xj4RTujzuydX3ys,MIA BELLA BEAUTY LOUNGE - Shakhbout City Abu Dhabi,9J2F+5GQ - Shakhbout City - MSH4 - Abu Dhabi - United Arab Emirates,24.350437499999998,54.6238125,4.7,195,OPERATIONAL,beauty_salon,expensive,100,500,False,,,2026-10-09
ChIJ-daFfQA3Xj4Rp5lBqSC1Bl4,صالون رايفل للرجال متنقل,8MVH+7Q - Al Mizn - Baniyas North - Abu Dhabi - United Arab Emirates,24.3436593,54.6798563,4.2,12,OPERATIONAL,hair_salon,,,,False,,,2026-10-09
ChIJHcgoVCs3Xj4RRjOpdRRXIHg,Hennabyfaizaharoon,8MV2+2R6 Baniyas east - Al Shawamekh - SHM10 - Abu Dhabi - United Arab Emirates,24.3425367,54.652003099999995,,,OPERATIONAL,beautician,,,,False,,,2026-10-09
ChIJqWvdQgBJXj4RWBnsE2sHUHY,Pause Salon for Women Shakbout,9J68+8PQ - Shakhbout City - MSH8 - Abu Dhabi - United Arab Emirates,24.360834,54.6168731,3.7,243,OPERATIONAL,beauty_salon,moderate,100,400,False,,,2026-10-09
ChIJO_qHc_43Xj4R-51XaEJ9OPQ,Blonde Beauty Lounge,663 Naseem Al Barr St - Shakhbout City - MSH8 - Abu Dhabi - United Arab Emirates,24.3581339,54.614634699999996,4,616,OPERATIONAL,beauty_salon,moderate,100,400,False,,,2026-10-09
ChIJe-PIcXs3Xj4R4uamHT7kZpI,Stylicle men salon & spa,Shakhbout City - MSH8 - Abu Dhabi - United Arab Emirates,24.3578196,54.6148862,3.9,150,OPERATIONAL,beauty_salon,,,,False,,men-only,2026-10-09
ChIJBQkS3S9JXj4RDc7Mr32zXOY,Stylicle men salon &spa BR -1,Naseem Al Barr St - Shakhbout City - MSH10 - Abu Dhabi - United Arab Emirates,24.372035399999998,54.6265058,4.3,116,OPERATIONAL,barber_shop,,,,False,,men-only,2026-10-09
ChIJRwdqDwBJXj4RfDUU2XRviaM,مجمع فلل صالح البريكي,8 At Tamayuz St - Shakhbout City - MSH8 - Abu Dhabi - United Arab Emirates,24.3606148,54.6172282,4.3,3,OPERATIONAL,beauty_salon,,,,False,,,2026-10-09
ChIJIe5kLu5JXj4RUbBEY9d3fqs,Men Hairdressing Trimming & Styling,Naseem Al Barr Street - Shakhbout City - MSH9 - Abu Dhabi - United Arab Emirates,24.366197699999997,54.6214288,2.6,9,OPERATIONAL,hair_salon,,,,False,,men-only,2026-10-09
ChIJzw1nGGI3Xj4RSdzy0PD4W_k,صالون موفينك للرجال ( متحرك ),Saif Bin Shdhaib Al Mansouri St - Shakhbout City - MSH6 - Abu Dhabi - United Arab Emirates,24.357573499999997,54.625384999999994,4.5,4,OPERATIONAL,hair_salon,,,,False,,,2026-10-09
ChIJKxSfFQBJXj4RU6ilUVCoHsU,Loom gents saloon,9J9G+X62 - Shakhbout City - MSH42 - Abu Dhabi - United Arab Emirates,24.369881499999998,54.625518799999995,3.3,4,OPERATIONAL,barber_shop,,,,False,,men-only,2026-10-09
ChIJq8d_JOc3Xj4Rd1W_OCasSnM,Falcon gulf men salon& spa,Street 259 - Shakhbout City - MSH7 - Abu Dhabi - United Arab Emirates,24.353013999999998,54.616830799999995,4.3,30,OPERATIONAL,beauty_salon,moderate,1,200,False,,men-only,2026-10-09
ChIJz9fcsplJXj4R3XctupxLwzw,The H & Spa,"abu dhabi, shakhbout city, st #72 - plot 624 - villa 3 sec 21 - مدينة شخبوط - مدينة شخبوط 21 - أبو ظبي - United Arab Emirates",24.3761816,54.643456799999996,4.3,231,OPERATIONAL,beauty_salon,,,,False,,,2026-10-09
ChIJmVS7RtpJXj4Rb9wAlFGyBaw,Chaouen ladies beauty center,30 Al Khawas St - Shakhbout City - MSH19 - Abu Dhabi - United Arab Emirates,24.3743421,54.6461164,3.9,141,OPERATIONAL,beauty_salon,moderate,100,300,False,,,2026-10-09
ChIJZ1LG5gBDXj4RE09vzn8m_8Q,Ponytail Beauty Salon,As Sahmeem St - Shakhbout City - MSH14 - Abu Dhabi - United Arab Emirates,24.3641608,54.6362861,4.8,396,OPERATIONAL,beauty_salon,,,,False,,,2026-10-09
ChIJ9fMLuP1JXj4RFOdsj2_RPvw,Essenzaصالون حلاقه رجال,59 شارع غيط حنير - Shakhbout City - MSH19 - Abu Dhabi - United Arab Emirates,24.3735352,54.647231,3.9,40,OPERATIONAL,hair_salon,,,,False,,,2026-10-09
ChIJO3IcU29JXj4RXQvZWQrgZn0,Salon Abdullah Saleh حلاق عبداللّه صالح الرجال,Al Shawamekh - Sector 1 - Abu Dhabi - United Arab Emirates,24.3751616,54.6601285,4,24,OPERATIONAL,hair_salon,,,,False,,,2026-10-09
ChIJ7XrDa_RJXj4Rs95Xnphnly8,صالون ابو حصة للرجال,108 Tawi Halah St - Al Shawamekh - SHM1 - Abu Dhabi - United Arab Emirates,24.3748234,54.660137999999996,3.9,12,OPERATIONAL,barber_shop,,,,False,,men-only,2026-10-09
ChIJP_gGHdE3Xj4Rm_qbfE31_R0,Freesia Beauty Center-Luxury Services (Shawamekh Central Mall) مركز فريسيا للتجميل - شوامخ,Barakah St - Al Shawamekh - SHM5 - Abu Dhabi - United Arab Emirates,24.351589,54.6502083,4.7,38,OPERATIONAL,beauty_salon,moderate,100,300,False,,,2026-10-09
ChIJVXKUNABJXj4RrLiYlblqIgM,Golden Wave Gents Saloon,108 Tawi Halah St - Al Shawamekh - SHM1 - Abu Dhabi - United Arab Emirates,24.3750271,54.660026699999996,2.8,4,OPERATIONAL,barber_shop,,,,False,,men-only,2026-10-09
ChIJVWQVD7E3Xj4RQ-5zO0t9tHU,nisreen.rosie makeup,Harmalah Bin 'Amr St - Al Shawamekh - شرق 9 - Abu Dhabi - United Arab Emirates,24.356867299999998,54.660991499999994,5,3,OPERATIONAL,beauty_salon,,,,False,,,2026-10-09
ChIJT3PvNzI3Xj4RJ1wkNwZNvPk,Golden wave saloon,Swamekh 1 - الشوامخ - الشوامخ 8 - أبو ظبي - United Arab Emirates,24.3645262,54.660674,,,OPERATIONAL,beauty_salon,,,,False,,,2026-10-09
ChIJRVm2QQA3Xj4RrVIhZpjhMIs,Al nefali gents salon,9J2X+XCH - Al Shawamekh - SHM5 - Abu Dhabi - United Arab Emirates,24.352407,54.648658,5,2,OPERATIONAL,hair_salon,,,,False,,men-only,2026-10-09
ChIJ98vusWNJXj4RXbp7IqKZZgo,salha salon,Shakhbout City - MSH14 - Abu Dhabi - United Arab Emirates,24.366161599999998,54.6360615,,,OPERATIONAL,beauty_salon,,,,False,,,2026-10-09
ChIJQxZCWlw3Xj4RqQ5C33U4JIc,Bellaora Home Beauty Salon,Al Shawamekh - SHM4 - Abu Dhabi - United Arab Emirates,24.358411699999998,54.656307399999996,5,2,OPERATIONAL,beauty_salon,,,,False,,,2026-10-09
ChIJbzfrgw83Xj4R4fam17L9fuo,DE LAVISH GENTS SALOONصالون دي لافيش الرجال,Al Hzm St - Al Shawamekh - SHM4 - Abu Dhabi - United Arab Emirates,24.358710199999997,54.6571,1,2,OPERATIONAL,barber_shop,,,,False,,men-only,2026-10-09
ChIJ2wGFVwA3Xj4RRZiJN7Utd3E,Jury Baniyas Ladies Salon,Tawi Bu Touq St - Al Shawamekh - SHM9 - Abu Dhabi - United Arab Emirates,24.358095499999997,54.6601873,4.8,71,OPERATIONAL,beauty_salon,moderate,1,200,False,,,2026-10-09
ChIJl5jvjoE3Xj4RA8dEUscDeLk,ROYAL CLASSY GENTS SALOON,9M46+X4X - HARMALAH BIN 'AMIR STREET - Al Shawamekh - SHM9 - Abu Dhabi - United Arab Emirates,24.3574754,54.660366499999995,3.8,8,OPERATIONAL,barber_shop,,,,False,,men-only,2026-10-09
ChIJJWo7LP43Xj4R-zT_vBfl0Bw,lunera,31 - الشامخة - الشامخة 35 - أبو ظبي - United Arab Emirates,24.3699132,54.671974399999996,,,OPERATIONAL,beauty_salon,,,,False,,,2026-10-09
ChIJgW7eCQA3Xj4RtaKpBvr7dwo,Yulia Beauty Salon,30 - 34 Ash Sharat St - Bani Yas - Baniyas East - Abu Dhabi - United Arab Emirates,24.2962004,54.6393627,5,10,OPERATIONAL,beauty_salon,moderate,100,400,False,,,2026-10-09
ChIJpcEpTollXz4RYWx3J_3jiFI,Beauty Bay Salon & Spa,49G4+W7 - Wadi Al Safa 3 - Dubai - United Arab Emirates,25.1273038,55.355712,4.8,25,OPERATIONAL,beauty_salon,,,,False,,,2026-10-09
ChIJLSKu0D5nXz4RGBDK06c050k,N.Bar Nail Spa & Salon Meydan Heights,48R8+Q4W - Nad Al Sheba 1 - Nad Al Sheba - Dubai - United Arab Emirates,25.141883699999998,55.31523070000001,4.8,315,OPERATIONAL,nail_salon,expensive,150,400,False,,,2026-10-09
ChIJCds2t81nXz4RVp58u85PYHU,The Corner Barber - Nad Al Sheba,Nad Al Sheba 1 - Nad Al Sheba - Dubai - United Arab Emirates,25.141960599999997,55.3151806,4.8,42,OPERATIONAL,barber_shop,moderate,80,160,False,,men-only,2026-10-09
ChIJL5-7T9NnXz4RYrCjjyp4bKU,Wadi Nad Al Shiba Gents Saloon,5828+FV2 - Nad Al Sheba 1 - Nad Al Sheba - Dubai - United Arab Emirates,25.151129899999997,55.3171483,4.6,26,OPERATIONAL,barber_shop,,,,False,,men-only,2026-10-09
ChIJfyvyeJxpXz4R95d_eDOquYM,A La Mode Beauty Salon,Meydan Heights Retail Centre - Nad Al Sheba 1 - Nad Al Sheba - Dubai - United Arab Emirates,25.1421665,55.315092199999995,4.9,81,OPERATIONAL,beauty_salon,,,,False,,,2026-10-09
ChIJrbozizJnXz4Ro8HsPZZpRvA,Pistache Salon,Meydan Heights Retail Center - ند الشبا 1 - ند الشبا - دبي - United Arab Emirates,25.142581699999997,55.3152651,3.6,76,CLOSED_TEMPORARILY,beauty_salon,,,,False,,not-operational,2026-10-09
ChIJcdO6tMppXz4RmM-QqbWBV5A,Domelic Gulf LLC-FZ,Domeli’C Gulf LLC-FZ The Meydan Hotel - Nad Al Sheba 1 - Nad Al Sheba - Dubai - United Arab Emirates,25.1591193,55.3088196,,,OPERATIONAL,beauty_salon,,,,False,,,2026-10-09
ChIJibGlasFpXz4RnktQTKiTWIs,Trap Barbershop,Jude residence - Nad Al Sheba 1 - Nad Al Sheba - Dubai - United Arab Emirates,25.1644303,55.3052461,4.9,143,OPERATIONAL,barber_shop,moderate,80,200,False,,men-only,2026-10-09
ChIJF88QnDdnXz4RhTVN5vdllQM,Walk in Trim Gents Salon,589W+VXV - ٢ - Ras Al Khor Ind. Second - Ras Al Khor Industrial Area 1 - Dubai - United Arab Emirates,25.169729699999998,55.3474076,4,5,OPERATIONAL,barber_shop,,,,False,,men-only,2026-10-09
ChIJVcgQPABnXz4Rhepnd1WF8qE,al jalal general transport l.l.c,23 11 St - Ras Al Khor Ind. First - Ras Al Khor Industrial Area 1 - Dubai - United Arab Emirates,25.175993200000004,55.341256099999995,,,OPERATIONAL,barber_shop,,,,False,,men-only,2026-10-09
ChIJ-4aAroJoyocRmi2d7LwBVcg,Najwa Beauty Center,"Al Matrooshi Building , Showroom-05 and Showroom - Street - Plot 55-0 - 06 شارع رأس الخور - Industrial Third - رأس الخور الصناعية الثالثة - دبي - United Arab Emirates",25.181825699999997,55.382322,4.8,79,OPERATIONAL,beauty_salon,,,,False,,,2026-10-09
ChIJH2Pi7h9rXz4RAoP2g7eSxhE,HEARTS | space of beauty,304 Jumeira St - Jumeirah 2 - Jumeirah - Dubai - United Arab Emirates,25.2033837,55.241377099999994,4.5,26,OPERATIONAL,beauty_salon,,,,False,,,2026-10-09
ChIJK1VAzatDXz4Rq-4cA4BIN14,ELAN Lash & Brow Beauty Lounge,"Index Tower, DIFC, Dubai, United Arab Emirates Level 1, unit RT-220 - زعبيل الثانية - DIFC - دبي - United Arab Emirates",25.2074747,55.2777958,4.9,1283,OPERATIONAL,beauty_salon,moderate,100,400,False,,,2026-10-09
ChIJgarf82RCXz4Rk5W7_Oh9ZCM,Bedashing Beauty Lounge City Walk,City Walk Dubai - Dubai - الوصل - دبي - United Arab Emirates,25.2019849,55.2638147,4.6,857,OPERATIONAL,beauty_salon,very_expensive,100,600,True,city-walk,,2026-10-09
ChIJTTjZohJnXz4RLZO4TXpG-qk,Eden Blossom - Best Ladies Salon in Creek Harbour,"Dubai Creek Residences, South Tower 2 - الخيران الأولى - Dubai Creek Harbour - دبي - United Arab Emirates",25.204273399999998,55.343902099999994,4.7,733,OPERATIONAL,beauty_salon,expensive,200,400,False,,,2026-10-09
ChIJlaTCtEtnXz4RYLQK5j9kGmA,Black Mustache Gents Salon & Spa | Barber Shop,Al Kheeran First - Dubai Creek Harbour - Dubai - United Arab Emirates,25.2038088,55.3442983,4.7,229,OPERATIONAL,hair_salon,,,,False,,men-only,2026-10-09
ChIJT0AQ1n5nXz4RjOKXwpkzhEY,Mood Salon,"Residences, North Podium, Boulevard Area - Al Kheeran First - Dubai Creek Harbour - Dubai - United Arab Emirates",25.206609399999998,55.3438564,4.7,832,OPERATIONAL,beauty_salon,,,,False,,,2026-10-09
ChIJ0e-1mN1nXz4Rz6gKXTaSU9I,Barber Siva Salon,Al khairan - Al Kheeran First - Dubai Creek Harbour - Dubai - United Arab Emirates,25.2063764,55.3440155,4.6,326,OPERATIONAL,barber_shop,moderate,80,100,False,,men-only,2026-10-09
ChIJiQp7m6VnXz4RNkbD6N1qE8s,Chaps and Co - Vida Creek Beach,Vida Creek Beach Hotel - Al Kheeran First - Dubai Creek Harbour - Dubai - United Arab Emirates,25.202599499999998,55.3492445,5,299,OPERATIONAL,barber_shop,,,,False,,men-only,2026-10-09
ChIJ3XPBxZlhXz4RRQ7K1QNxXfA,Tips and Toes - Creek Beach,"Retail 10 , Summer at Creek Beach Building 1 - الخيران الأولى - Dubai Creek Harbour - دبي - United Arab Emirates",25.2020841,55.3500568,4.5,203,OPERATIONAL,beauty_salon,expensive,100,500,False,,,2026-10-09
ChIJc-XHkRJJC4ARQioJL4ZTssI,My Glow Story Women Salon,684V+2Q6 - Al Kheeran First - Dubai Creek Harbour - Dubai - United Arab Emirates,25.205029399999997,55.344388900000006,4.9,9,OPERATIONAL,beauty_salon,,,,False,,,2026-10-09
ChIJY6w7FV5nXz4Ruwl7JXmKmpg,Arada Gents hair dressing saloon,16A Street - Ras Al Khor Ind. First - Ras Al Khor Industrial Area 1 - Dubai - United Arab Emirates,25.1787467,55.3373194,3,2,OPERATIONAL,hair_salon,,,,False,,men-only,2026-10-09
ChIJJfwlwutnXz4RD_nijstqk-g,Al Aweer Saloon,1 Ras Al Khor Rd - Ras Al Khor Ind. First - Ras Al Khor Industrial Area 1 - Dubai - United Arab Emirates,25.1777324,55.3401534,5,3,OPERATIONAL,barber_shop,,,,False,,men-only,2026-10-09
ChIJG_EkJgBnXz4RswwQOXeDWLo,AHLAN WA SAHLAN,58HJ+XH9 - Ras Al Khor Ind. First - Ras Al Khor Industrial Area 1 - Dubai - United Arab Emirates,25.179908299999997,55.33149960000001,4,1,OPERATIONAL,barber_shop,,,,False,,men-only,2026-10-09
ChIJ_w_ctcRnXz4RujBkKBnJ2so,Barberia Italiana - Palace Dubai Creek Harbour,Palace - Shop 01 - Al Kheeran First - Dubai Creek Harbour - Dubai - United Arab Emirates,25.2043985,55.3473274,4.9,156,OPERATIONAL,barber_shop,,,,False,,men-only,2026-10-09
ChIJk2vrMWppXz4RGutjLinVmmI,Helen Nail Home Service,Al Kheeran First - Dubai Creek Harbour - Dubai - United Arab Emirates,25.2068419,55.3441858,5,11,OPERATIONAL,nail_salon,,,,False,,,2026-10-09
ChIJoajPqSdnXz4RDl2n5wydMTQ,Hair by Aman Sidhu,Al Kheeran First - Dubai Creek Harbour - Dubai - United Arab Emirates,25.2035925,55.346971599999996,5,10,OPERATIONAL,hair_salon,,,,False,,,2026-10-09
ChIJwb-1GgBnXz4RWyGLjllI8_8,Near Taahir wassim building materials llc,58HR+229 - Ras Al Khor Ind. First - Ras Al Khor Industrial Area 1 - Dubai - United Arab Emirates,25.177531500000004,55.340132,,,OPERATIONAL,barber_shop,,,,False,,men-only,2026-10-09
ChIJC3E7UoZDXz4RvGUrXxKAi4U,Tahir wasim gents salon llc,1 Raslkhor - Ras Al Khor Ind. First - Ras Al Khor Industrial Area 1 - Dubai - United Arab Emirates,25.177461899999997,55.3401151,5,1,OPERATIONAL,hair_salon,,,,False,,men-only,2026-10-09
ChIJ6ZQxC7RnXz4RqnCroiwMuMY,Boho chic beauty lounge,Al Kheeran First - Dubai Creek Harbour - Dubai - United Arab Emirates,25.206862299999997,55.3442168,5,8,OPERATIONAL,beauty_salon,,,,False,,,2026-10-09
ChIJhV-jWiVnXz4RRvhjLDI4eeY,Zari Hair&beauty,Al Kheeran First - Dubai Creek Harbour - Dubai - United Arab Emirates,25.207140199999998,55.3434897,5,15,OPERATIONAL,beauty_salon,,,,False,,,2026-10-09
ChIJMeY-6BRnXz4Rd_ekTuQcFqs,AJ's Salon,Nad Al Hamar Rd - Nadd Al Hamar - Dubai - United Arab Emirates,25.2016045,55.376374299999995,4.6,75,OPERATIONAL,barber_shop,,,,False,,men-only,2026-10-09
ChIJj8F2ecRnXz4RwM7JfxJy_rY,Gloss and Glam Beauty Lounge - Ladies Salon Ras Al Khor - Dubai,Green Park Residential Community - Shop 02 - Building E1 Al Wasl - Ras Al Khor - Ras Al Khor Ind. Third - Dubai - United Arab Emirates,25.1833313,55.3743383,4.7,382,OPERATIONAL,beauty_salon,moderate,1,200,False,,,2026-10-09
ChIJHYIzmH1nXz4RaWRU1_oFo1U,Macaron Kids Salon صالون الاطفال,Nadd Al Hamar - Dubai - United Arab Emirates,25.2010072,55.377956999999995,4.7,120,OPERATIONAL,barber_shop,inexpensive,20,40,False,,men-only,2026-10-09
ChIJa6VH7T1nXz4RYkIkzdemfr8,CUTE CUT SALOON,Yellow Hat Shop - 13 - Street - next to Emarat Petrol Station - Nadd Al Hamar - Dubai - United Arab Emirates,25.2018304,55.377147199999996,3.9,11,OPERATIONAL,beauty_salon,,,,False,,,2026-10-09
ChIJwUDI071DXz4RYvT2Y5uKE1g,Movember Gents Salon,230 Jumeira St - next to Al Ijaza Cafeteria - Jumeirah 1 - Jumeirah - Dubai - United Arab Emirates,25.2119924,55.247818300000006,5,44,OPERATIONAL,hair_salon,,,,False,,men-only,2026-10-09
ChIJm2u4GLVDXz4RbYGrEsK1mgY,SFēRA salon - Luca Comella Hair,Bulgari Hotel & Resort Ground Floor - جميرا باي - جميرا - دبي - United Arab Emirates,25.210895299999997,55.2349774,4.9,178,OPERATIONAL,hair_salon,,,,False,,,2026-10-09
ChIJmwKh-SlDXz4RlBAPowFqGmY,La Sirene Beauty Salon Four Seasons Resort,2 Jumeira St - Jumeirah 2 - Jumeirah - Dubai - United Arab Emirates,25.2021632,55.239129899999995,4.4,23,OPERATIONAL,beauty_salon,,,,False,,,2026-10-09
ChIJGfFPsRZCXz4RPj3idpca4x8,Obsession Beauty & Personal Care Center,663R+CHQ - Jumeirah 2 - Jumeirah - Dubai - United Arab Emirates,25.2035979,55.2414888,,,OPERATIONAL,beauty_salon,,,,False,,,2026-10-09
ChIJUSBwY9ZDXz4R39_HjssXnh8,صالون البحارة للحلاقة,182 4C Street - Jumeirah 1 - Jumeirah - Dubai - United Arab Emirates,25.211005999999998,55.245787299999996,5,2,OPERATIONAL,barber_shop,,,,False,,men-only,2026-10-09
ChIJl1U2ctlDXz4RQ0r2Nfavuxg,Looli Beauty,Jumeirah 2 - Jumeirah - Dubai - United Arab Emirates,25.203330899999997,55.2404334,,,OPERATIONAL,beauty_salon,,,,False,,,2026-10-09
ChIJyRRc7_JDXz4RL0fxVcUJ8sg,MEN'S by Hearts,Villa 300 Jumeira St - Jumeirah 2 - Jumeirah - Dubai - United Arab Emirates,25.2035712,55.241450500000006,4.6,9,OPERATIONAL,barber_shop,,,,False,,men-only,2026-10-09
ChIJPSys-v1DXz4RBCy9x6Z6W7M,HairBoss Dubai,Villa 276 Jumeirah Beach Road - Jumeirah 2 - Jumeirah - Dubai - United Arab Emirates,25.2070661,55.2439671,5,7,OPERATIONAL,hair_care,,,,False,,,2026-10-09
ChIJwZpk-11DXz4RpXWNPfc_7j0,Al khair 3 building,501 - al khair 3 building - السطوة - دبي - United Arab Emirates,25.218255900000003,55.271923099999995,3.9,103,OPERATIONAL,beauty_salon,,,,False,,,2026-10-09
ChIJa6WSAEVDXz4RLr0S4wmYup4,Diva Gents Salon | صالون ديفا للرجال,Sheikh Zayed Rd - Trade Center Second - DIFC - Dubai - United Arab Emirates,25.213227099999997,55.277405099999996,4.2,643,OPERATIONAL,barber_shop,moderate,40,140,False,,men-only,2026-10-09
ChIJoX5ILFhDXz4RnV_gMMup40U,Back Alive Barbershop,City walk- building - 10 - 01 Al Mustaqbal St - Al Wasl - Dubai - United Arab Emirates,25.2046775,55.26269980000001,4.6,449,OPERATIONAL,barber_shop,moderate,120,200,False,,men-only,2026-10-09
ChIJw5hG6zZqXz4RMwxx2F-B6QE,Salon Afrina Beauty & Henna - Jumeirah,193 Jumeira St - Jumeirah 1 - Jumeirah - Dubai - United Arab Emirates,25.2138772,55.249853900000005,4.6,937,OPERATIONAL,beauty_salon,moderate,1,300,False,,,2026-10-09
ChIJPd_il09CXz4RNCGy4Mah_Mo,Zieda Beauty Lounge,Villa 7 شارع شاطئ جميرة - Jumeirah 1 - Jumeirah - Dubai - United Arab Emirates,25.223615199999998,55.256664099999995,4.5,280,OPERATIONAL,beauty_salon,very_expensive,200,600,False,,,2026-10-09
ChIJ52MzOCBDXz4RfuM2vN2q4KI,beauty lovers salon,Al Khair Building 2 - 57th St - Al Satwa - Dubai - United Arab Emirates,25.2175662,55.272624699999994,4.7,281,CLOSED_TEMPORARILY,beauty_salon,,,,False,,not-operational,2026-10-09
ChIJU6AlfpVbXz4RGFbwztuNhVQ,Mirna Kassab Beauty Center,Al Wasl Rd - Al Bada' - Dubai - United Arab Emirates,25.2153672,55.2596303,4.8,668,OPERATIONAL,beauty_salon,,,,False,,,2026-10-09
ChIJA4o41LVDXz4RcA2P_3VqBsU,Browns & Co.,343 Al Wasl Rd - Al Bada' - Dubai - United Arab Emirates,25.2166336,55.260486699999994,4.8,863,OPERATIONAL,beauty_salon,,,,False,,,2026-10-09
ChIJnSNwimRCXz4RFzl5J6yPzDU,N.Bar Nail Spa & Salon City Walk Boulevard,City Walk - Building 11A - 2 Happiness St - Al Wasl - Dubai - United Arab Emirates,25.203720399999998,55.262177599999994,4.8,1397,OPERATIONAL,nail_salon,,,,False,,,2026-10-09
ChIJL463FRFDXz4ReHgw1Q3vvYA,Sisters Beauty Lounge Hair Salon - City Walk,Happiness Street - CityWalk Boulevard Unit - 6A-02 - الوصل - دبي - United Arab Emirates,25.203461700000002,55.2628412,4.7,772,OPERATIONAL,beauty_salon,,,,False,,,2026-10-09
ChIJS15ZNqBDXz4RWD6tXpCSYCk,Hair Repair Salon,16 51st St - Jumeirah 1 - Jumeirah - Dubai - United Arab Emirates,25.221878,55.259029,4.3,133,OPERATIONAL,hair_salon,,,,False,,,2026-10-09
ChIJzSiHIWZCXz4R4AUDZEiN6xU,1847 Grooming for Men City Walk Boulevard,City Walk - Bldg 11A - 2 Happiness St - Al Wasl - Dubai - United Arab Emirates,25.2038688,55.2622256,4.8,853,OPERATIONAL,barber_shop,,,,False,,men-only,2026-10-09
ChIJKYrtrEVDXz4RcIuya45HC2s,Hairsilk Ladies Salon (Al Wasl Branch),Al Wasl road - str - 45 B - البدع - دبي - United Arab Emirates,25.2221105,55.2641157,4.5,288,OPERATIONAL,beauty_salon,,,,False,,,2026-10-09
ChIJoch8ETpDXz4RQJhQJcNI_eA,Tess Avenue by Villa Boheme,170b Jumeira St - Jumeirah 1 - JumeirahJumeirah 1 - Dubai - United Arab Emirates,25.2182626,55.2525291,4.9,598,OPERATIONAL,beauty_salon,very_expensive,200,800,False,,,2026-10-09
ChIJqdPpEmZDXz4RUv5OMpmsX8M,Villa Thalgo Ladies Salon,67G5+JFH - Jumeirah 1 - Jumeirah - Dubai - United Arab Emirates,25.226557,55.258742399999996,4.4,341,OPERATIONAL,beauty_salon,,,,False,,,2026-10-09
ChIJSczn7OhDXz4Rx15psO4LBMc,Ivy Beauty & Bubbles Sheraton Grand Dubai,3 Sheikh Zayed Rd - Trade Center First - Dubai - United Arab Emirates,25.2294453,55.286609399999996,4.7,4487,OPERATIONAL,beauty_salon,very_expensive,500,600,False,,,2026-10-09
ChIJI_Ppl_JCXz4RyW7l5QTBQjs,House of Nails,Fairmont Hotel - Sheikh Zayed Rd - Trade Center First - Dubai - United Arab Emirates,25.2264135,55.2838977,4.6,249,OPERATIONAL,beauty_salon,moderate,100,400,False,,,2026-10-09
ChIJM8YbS4hDXz4RunUs-JfLIUY,Mounir Ladies Salon Dubai,Jumeirah Emirates Towers Hotel - Trade Center Second - Dubai - United Arab Emirates,25.217642899999998,55.2828206,4.3,321,OPERATIONAL,beauty_salon,,,,False,,,2026-10-09
ChIJnXnqttZDXz4RvEdHTZdkRT0,Chic Future Beauty Salon,"Dubai Trade Center, Hotel Apartments - Block A Sheikh Zayed Rd - Trade Center Second - Dubai - United Arab Emirates",25.2234469,55.284729299999995,4.7,371,OPERATIONAL,beauty_salon,very_expensive,200,500,False,,,2026-10-09
ChIJ62zrUj1DXz4Rs5ir-Nz7Kec,Ahmed Sammie Gents Saloon,"Trade CentreTrade Centre 1 - Building, HHHR Tower - المركز التجاري الأولي - دبي - United Arab Emirates",25.2211727,55.2811856,4.3,453,OPERATIONAL,barber_shop,moderate,40,120,False,,men-only,2026-10-09
ChIJ9bLfzDJDXz4RbUxa6BfnulM,Hadi beauty Salon,the h hotel - Trade Center First - Dubai - United Arab Emirates,25.230139299999998,55.2871111,4.8,2247,OPERATIONAL,beauty_salon,very_expensive,400,600,False,,,2026-10-09
ChIJd6aXsL9DXz4RBSKOW9cWDyw,Soho Vintage Barbers,Duja Tower - Trade Center First - Dubai - United Arab Emirates,25.2289107,55.2862912,4.8,535,OPERATIONAL,barber_shop,,,,False,,men-only,2026-10-09
ChIJVVVlwe1CXz4RWUxif3LUigE,Aurora Ladies & Gents Beauty Center,"Hotel Apartment, Nassima Tower - Sheikh Zayed Rd - Trade Center First - Dubai - United Arab Emirates",25.2238082,55.2822525,4.6,342,OPERATIONAL,beauty_salon,,,,False,,men-only,2026-10-09
ChIJCWG31ExDXz4RTi2vf2MKL9U,"Level one Gents Salon , Barber shop",Oasis Tower - Sheikh Zayed Rd - Trade Center Second - DIFC - Dubai - United Arab Emirates,25.211379899999997,55.276412,4.8,470,OPERATIONAL,barber_shop,moderate,40,120,False,,men-only,2026-10-09
ChIJq2MX2l9DXz4RX6In4hKNMvo,The Nail Spa | DIFC,"Ground Floor, Limestone House - Gate Avenue - زعبيل الثانية - DIFC - دبي - United Arab Emirates",25.2121468,55.279109,4.8,294,OPERATIONAL,nail_salon,,,,False,,,2026-10-09
ChIJ65jZ-V5DXz4R5SvthuZhiTE,The Salon Luxe | Ritz Carlton Hotel DIFC,Ritz Carlton Hotel - زعبيل الثانية - DIFC - دبي - United Arab Emirates,25.2125634,55.2794101,4.8,591,OPERATIONAL,beauty_salon,expensive,200,400,False,,,2026-10-09
ChIJJWNkbhNDXz4R5LfjWc4A8bE,Black Level Gents Salon,Black Level Salon - 23rd St - Al Satwa - Dubai - United Arab Emirates,25.2233588,55.2775556,4.8,290,OPERATIONAL,barber_shop,,,,False,,men-only,2026-10-09
ChIJ6yfuNu9CXz4RSZxfr53hK6A,Lanour Beauty Lounge,Duja tower - Trade Center First - Dubai - United Arab Emirates,25.229131300000002,55.2863052,4.7,458,OPERATIONAL,beauty_salon,expensive,100,500,False,,,2026-10-09
ChIJ8ayA7fxDXz4Rav_b-4pF62U,"N.Bar Nail Spa & Salon Gate Avenue, DIFC","Zone 3, 1st - Gate Avenue - زعبيل الثانية - DIFC - دبي - United Arab Emirates",25.2103811,55.2778907,4.7,407,OPERATIONAL,nail_salon,,,,False,,,2026-10-09
ChIJmwLk7ZJCXz4R67wWyZoAAi8,1847 Grooming for Men Emirates Towers,"1st Floor, Emirates Towers Boulevard - Near EuropCar, beside NBAR - المركز التجاري الثانية - دبي - United Arab Emirates",25.217578699999997,55.282880399999996,4.8,616,OPERATIONAL,barber_shop,,,,False,,men-only,2026-10-09
ChIJYdknQNxdXz4R-qdL_1jzhgE,BEAUTY REPUBLIC LADIES SALON,68CJ+QGX - Street 26 - Al Jadaf - Dubai - United Arab Emirates,25.2220104,55.330972499999994,4.8,226,OPERATIONAL,beauty_salon,,,,False,,,2026-10-09
ChIJHYCY2gBdXz4Rhmm3ZEuuzys,Annie Beauty Salon Branch,68FM+4CC - Al Jadaf - Dubai - United Arab Emirates,25.222801099999998,55.333514300000004,4.4,95,OPERATIONAL,beauty_salon,,,,False,,,2026-10-09
ChIJwcT0JgBdXz4R-DwAh-82h-o,Style Me Up Beauty Salon | Hair | Nail Salon,Occidental - Second Floor - Al Jadaf - Dubai - United Arab Emirates,25.2183736,55.3230432,4.9,222,OPERATIONAL,beauty_salon,,,,False,,,2026-10-09
ChIJX3KcVdddXz4R2cZ32MtzAkY,Aksha Ladies Salon Jaddaf,Azurite Tower - Dar Al Mehairi Real Estate - near Dubai Police Club - Al Jadaf - Dubai - United Arab Emirates,25.2217247,55.3246738,4.8,302,OPERATIONAL,beauty_salon,,,,False,,,2026-10-09
ChIJj4EOMXxdXz4RI5RMrIvzhL4,Fine Line Gents Salon,Shop no. 3 - الجداف - دبي - United Arab Emirates,25.2227566,55.3334518,4.8,275,OPERATIONAL,barber_shop,inexpensive,20,80,False,,men-only,2026-10-09
ChIJw9iOagNdXz4RvRNOh6ZR4Yg,FADE & HAIR GENTS SALON,Al Jadaf - Dubai - United Arab Emirates,25.2236542,55.3292382,5,156,OPERATIONAL,hair_salon,moderate,100,150,False,,men-only,2026-10-09
ChIJFZbXMkVdXz4RafZ6tGZoGGg,Barbers Gentlemen Salon,"Bayt Al Safa Building, Al Zahrawi Street, Shop #1 Near to Dubai Police Club - زعبيل الأولى - دبي - United Arab Emirates",25.2207662,55.3223604,4.8,255,OPERATIONAL,barber_shop,,,,False,,men-only,2026-10-09
ChIJl6TsZyBDXz4Rj6LwQiGQ7Bs,Big City Barbershop,Wafi Mall - Ground Floor Unit 807 - near Carrefour - Umm Hurair Second - Dubai - United Arab Emirates,25.231296900000004,55.3185119,4.8,180,OPERATIONAL,barber_shop,moderate,40,140,False,,men-only,2026-10-09
ChIJfbr9uSBdXz4RpYKsKMbx1-Q,صالون نغم ياسمين - Nagham Yasmeen Salon,Al Jadaf - Dubai - United Arab Emirates,25.2189579,55.32586740000001,4,71,OPERATIONAL,beauty_salon,,,,False,,,2026-10-09
ChIJ_YmARspdXz4Rkf5RKcA6xX8,SPIFF GENTS SALON Al Jadaf | Dubai,68FH+CW2 - Al Jadaf - Dubai - United Arab Emirates,25.2230278,55.329974299999996,4.6,234,OPERATIONAL,barber_shop,inexpensive,20,60,False,,men-only,2026-10-09
ChIJl0RB9xD_tgsRegMj41YzE5Q,V-nails bar,"68FH+CXJ Star Building, Dubai Festival City Mall - Al Jadaf - Dubai Festival City - Dubai - United Arab Emirates",25.2232228,55.3298023,4.3,34,OPERATIONAL,nail_salon,,,,False,,,2026-10-09
ChIJ_9dvpTNdXz4RKngx7hesHp4,Dorsa Beauty Salon Lounge,Hoor 17 - Al Jadaf - Dubai - United Arab Emirates,25.2249956,55.3289104,4.7,199,OPERATIONAL,beauty_salon,very_expensive,100,600,False,,,2026-10-09
ChIJK0bEWOldXz4Rk-HOBfGDFm8,Chitra Singh Ladies Salon Dubai,Azurite Tower - Dar Al Mehairi Real Estate - Shop No-17 - Al Jadaf - Dubai - United Arab Emirates,25.2218365,55.32441490000001,4.3,170,OPERATIONAL,beauty_salon,,,,False,,,2026-10-09
ChIJNcZgOsxdXz4RGKFABH5lZaQ,New Tec Saloon,D68 - Al Jadaf - Dubai - United Arab Emirates,25.219799899999998,55.331132,4.5,149,OPERATIONAL,beauty_salon,moderate,100,300,False,,,2026-10-09
ChIJ3djCs8VdXz4RIESwvoo65t4,Bellacures Nails Lashes salon,Al meria building - Shop 1 - Al Jadaf - Dubai - United Arab Emirates,25.224152999999998,55.328746499999994,4.8,108,OPERATIONAL,nail_salon,moderate,150,350,False,,,2026-10-09
ChIJAQIraVFnXz4R8UyNKUHARJg,StarKids Salon Spa DFC Mall Dubai,Dubai Festival City Mall - 1st Floor - Al Kheeran - Dubai Festival City - Dubai - United Arab Emirates,25.221012899999998,55.3524779,4.8,835,OPERATIONAL,beauty_salon,moderate,1,300,False,,,2026-10-09
ChIJ_____35nXz4Rqm1F4eeHBBw,Tips and Toes Dubai Festival City,GF - Mall - الخيران - مدينة مهرجان دبي - دبي - United Arab Emirates,25.223180199999998,55.3515327,4.3,664,OPERATIONAL,beauty_salon,expensive,100,500,False,,,2026-10-09
ChIJRyja_X5nXz4RF_HBCeYZ9Ko,N.Bar Nail Spa & Salon Dubai Festival City,1st Floor - Al Kheeran - Dubai Festival City - Dubai - United Arab Emirates,25.2223108,55.353311,4.6,787,OPERATIONAL,nail_salon,,,,False,,,2026-10-09
ChIJa-tOPy9nXz4RO-a7rmFRpek,Mona Beauty Center - Dubai Festival City,Al Areesh Club - 1st Floor Al Badia Blvd - Al Kheeran - Dubai Festival City - Dubai - United Arab Emirates,25.2202478,55.365636599999995,4.6,71,OPERATIONAL,beauty_salon,,,,False,,,2026-10-09
ChIJnWUXitBnXz4RpsQGJYttC-g,Diamond Beauty Womens Salon LLC,"Living E, Diamond Beauty Womens Salons - Al Badia Blvd - Al Kheeran - Dubai Festival City - Dubai - United Arab Emirates",25.2148246,55.3721496,4.8,68,OPERATIONAL,beauty_salon,expensive,100,500,False,,,2026-10-09
ChIJE3QUOZNnXz4Rilz6mFswgrg,Senõr Grooming Lounge,"Dubai Festival City Mall, 1st floor - الخيران - مدينة مهرجان دبي - دبي - United Arab Emirates",25.222668799999997,55.3528629,4.8,467,OPERATIONAL,barber_shop,moderate,80,200,False,,men-only,2026-10-09
ChIJ9zni5CxnXz4RYkBFMmjm6MM,Laloge Beauty Salons And Spa,Address grand harbour Creek Unit 13 inside podium level 2 - الخيران الأولى - Dubai Creek Harbour - دبي - United Arab Emirates,25.2079608,55.3432622,4.6,37,OPERATIONAL,beauty_salon,,,,False,,,2026-10-09
ChIJG9D0AnxdXz4REbvi2PYdcFE,The Barber Room,69F4+2C Dubai Festival City Mall - opposite to carrefour - Al Kheeran - Dubai Festival City - Dubai - United Arab Emirates,25.2225401,55.3559984,4.8,537,OPERATIONAL,barber_shop,moderate,80,160,False,,men-only,2026-10-09
ChIJe6Kzb3xdXz4RKzjTc4Q0VsA,Flair Beauty Salon,2nd Floor - Dubai Festival City Mall - AT-031 - opposite to Carrefour - الخيران - مدينة مهرجان دبي - دبي - United Arab Emirates,25.2225274,55.3559207,4.4,128,OPERATIONAL,beauty_salon,moderate,200,300,False,,,2026-10-09
ChIJ7XTRCvxdXz4RvoYk1lrTwHw,Glow365 Beauty Dubai Festival City Mall,Dubai Festival City Mall - Festival Blvd - Al Kheeran - Dubai Festival City - Dubai - United Arab Emirates,25.220126699999998,55.3522861,4.5,227,OPERATIONAL,beauty_salon,very_expensive,200,800,False,,,2026-10-09
ChIJm2cdkn1nXz4RMmY7EQPgddc,M&J Gents Salon,Al Areesh Culb - Al Badia Blvd - Al Kheeran - Dubai Festival City - Dubai - United Arab Emirates,25.220191999999997,55.365856699999995,3.8,49,OPERATIONAL,hair_salon,,,,False,,men-only,2026-10-09
ChIJ54PE32NnXz4RggzfKf_eLyw,Grand Flora Beauty Salon & Spa - Rashidiya,umm rammol - Al Rashidiya - Dubai - United Arab Emirates,25.219319300000002,55.375128800000006,4.4,433,OPERATIONAL,beauty_salon,very_expensive,100,600,False,,,2026-10-09
ChIJ-6lvMLlnXz4RAWRCDUhTRy0,Companion Beauty Salon @ Dubai Badia Sky Center,Ground Floor - Sky Business Centre - Shop 4 - 5 Al Badia Blvd - الخيران - دبي فستيفال سيتي - دبي - United Arab Emirates,25.2158278,55.3749132,4.6,280,OPERATIONAL,beauty_salon,moderate,100,400,False,,,2026-10-09
ChIJUWD2BlxnXz4RADoI3-el_64,Al Raqya Beauty Salon صالون الراقيا للتجميل,Near Jassmi Mosque - 11th Street - Rashidiya - Mohideen Supermarket Opposite Road - Al Rashidiya - Dubai - United Arab Emirates,25.220478099999998,55.3860805,3.9,42,OPERATIONAL,beauty_salon,,,,False,,,2026-10-09
ChIJQZ6TI2RnXz4RfFhaak_PC3Y,Best Cuts Barbers and Gents Salon,Al Badia Blvd - Al Kheeran - Dubai Festival City - Dubai - United Arab Emirates,25.2161542,55.3749316,4.6,238,OPERATIONAL,barber_shop,,,,False,,men-only,2026-10-09
ChIJaTqGt_NdXz4RJPCbJqOZF2E,Eyelash Extension Center,Bin Sougat Centre - Al Rashidiya - Dubai - United Arab Emirates,25.2235659,55.388832699999995,4.7,142,OPERATIONAL,beauty_salon,,,,False,,,2026-10-09
ChIJiV8912VnXz4R9S0cBE9nfrQ,Ghusoon Beauty Saloon صالون غصون للتجميل,9th St - Al Kheeran - Dubai Festival City - Dubai - United Arab Emirates,25.215007300000003,55.374936,4.1,84,OPERATIONAL,beauty_salon,,,,False,,,2026-10-09
ChIJRx7AE-lnXz4RwqOU8-tGkUU,Zeinat Eltigani Beauty Salon,الشيخ صقر بن خالد القاسمي - القاسمية - المحطة - Sharjah - United Arab Emirates,25.20815,55.3950981,4.2,55,OPERATIONAL,beauty_salon,,,,False,,,2026-10-09
ChIJFdgpCWRnXz4Rns1aRLL0NbA,Softhair Ladies Salon,699F+3P8 - Al Kheeran - Dubai Festival City - Dubai - United Arab Emirates,25.2176686,55.3743312,4.6,53,OPERATIONAL,beauty_salon,,,,False,,,2026-10-09
ChIJ990ttmNdXz4RNIfeNp9L4ok,NAJM AL HAYAH BEAUTY SALON,rashidiya - shop no 22 49C St - Al Rashidiya - Dubai - United Arab Emirates,25.228624099999998,55.3909064,4.8,41,OPERATIONAL,beauty_salon,moderate,100,200,False,,,2026-10-09
ChIJiatK5URdXz4RlmVz5g9Mp-M,Amazing gents salon,69HR+F7P - Al Rashidiya - Dubai - United Arab Emirates,25.228769,55.390805,4.8,50,OPERATIONAL,barber_shop,,,,False,,men-only,2026-10-09
ChIJx_FHjb5dXz4RiYZKjAiLGnY,Fojiya Ladies Salon,2A St - Al Rashidiya - Dubai - United Arab Emirates,25.2242742,55.3778854,3.5,37,OPERATIONAL,beauty_salon,,,,False,,,2026-10-09
ChIJd10kwPddXz4RqMNSzN-RMwE,صالون الراشدية,44 36B St - الراشدية - دبي - United Arab Emirates,25.2285427,55.390531700000004,3.7,3,OPERATIONAL,beauty_salon,,,,False,,,2026-10-09
ChIJYZDSemlnXz4Ro8iX-HS7dRU,Pisa haircutting branch( new),Police station-ALRAEES buiding - 33A St - opp. alrashidiya - Al Rashidiya - Dubai - United Arab Emirates,25.2257968,55.386105699999995,4.7,85,OPERATIONAL,hair_salon,moderate,1,100,False,,,2026-10-09
ChIJ6czHN_pnXz4RcZVIDp-k3JA,Pink Lady Beauty Salon and Spa,Dubai - Al Kheeran - Dubai Festival City - Dubai - United Arab Emirates,25.2161638,55.374866499999996,4.6,15,OPERATIONAL,beauty_salon,,,,False,,,2026-10-09
ChIJy67R6jtdXz4RTz5cT1JOL3A,AL HUTOOF LADIES SALON,metro station - opposite to center point - Al Rashidiya - Dubai - United Arab Emirates,25.2288653,55.390887799999994,4.8,28,OPERATIONAL,beauty_salon,moderate,1,200,False,,,2026-10-09
ChIJyUoGealnXz4RT6kczvy2dQM,Shakeel Bhai's Al Heera Barber Saloon,34 21 B St - Al Rashidiya - Dubai - United Arab Emirates,25.223865699999998,55.383997699999995,4.2,11,OPERATIONAL,beauty_salon,,,,False,,men-only,2026-10-09
ChIJn6OAl15dXz4RH_d7eA7DQdY,Mezyed hairdressing Saloon,69HR+H8V - Al Rashidiya - Dubai - United Arab Emirates,25.228986,55.390791199999995,,,OPERATIONAL,barber_shop,,,,False,,men-only,2026-10-09
ChIJZweKLtZDXz4RbpT20aXl9WA,Tips and Toes - Port de La Mer,67R2+5W - Jumeirah 1 - Jumeirah - Dubai - United Arab Emirates,25.2403017,55.2529696,4.5,109,OPERATIONAL,beauty_salon,moderate,100,400,False,,,2026-10-09
ChIJJyA3s_1CXz4R08E2nbFQC1M,Diva Gents Salon,"Ground Floor, Al Hudaiba Building, Near KFC - شارع الثاني من ديسمبر‎ - الحضيبة - دبي - United Arab Emirates",25.2363589,55.277358899999996,4.1,600,OPERATIONAL,beauty_salon,moderate,1,200,False,,men-only,2026-10-09
ChIJJcv-FDlDXz4ReaQQGfjufRU,Shimmer and Shine Salon,AL MUR RESIDENCE - Al Wasl Rd - Jumeirah 1 - Jumeirah - Dubai - United Arab Emirates,25.237990500000002,55.271772,4.8,604,OPERATIONAL,beauty_salon,moderate,100,300,False,,,2026-10-09
ChIJVXuVdgRDXz4R1_fh8fSzBB8,Harmonybyhanan_ladies_Salon,67WG+G53 - Madinat Dubai Al Melaheyah - Al Mina - Dubai - United Arab Emirates,25.2463393,55.2753909,4.8,375,OPERATIONAL,beauty_salon,moderate,100,300,False,,,2026-10-09
ChIJ173lcARDXz4RsOtGVejMk_Q,Frizer Satva,45 7C St - Al Bada' - Dubai - United Arab Emirates,25.233933999999998,55.277623999999996,4.7,19,OPERATIONAL,beauty_salon,,,,False,,,2026-10-09
ChIJ26kPxvRDXz4R3keQ1Yis9AA,Jason Makki Salon,AL HANAA CENTER - Al Mankhool Rd - Al Jafiliya - Dubai - United Arab Emirates,25.236981099999998,55.2799111,4.9,983,OPERATIONAL,barber_shop,,,,False,,men-only,2026-10-09
ChIJL6mc-5BDXz4R9pu0yyhHx5w,Blush N Curls Ladies Salon & Spa - Al Mankhool - Best Beauty Salon in Bur Dubai,Kuwait St - Al raffa - المنخول - دبي - United Arab Emirates,25.2529646,55.286134399999995,4.6,696,OPERATIONAL,beauty_salon,,,,False,,,2026-10-09
ChIJn9YOcoVDXz4RW8qGFkArogE,Maison Nefertari,Villa 6 Jumeirah Beach Rd - Jumeirah 1 - Jumeirah - Dubai - United Arab Emirates,25.2321736,55.2632109,4.6,213,OPERATIONAL,beauty_salon,,,,False,,,2026-10-09
ChIJufH_-f9DXz4RwwNzClYl0jU,Dappers Gents Salon,"Shop#107, First Floor - Mall - شارع الميناء - الحضيبة - دبي - United Arab Emirates",25.2430795,55.276559199999994,4.9,598,OPERATIONAL,barber_shop,,,,False,,men-only,2026-10-09
ChIJOR9b345DXz4RpQk64KnIn2M,OSA Gents Salon Jumeirah | صالون OSA للحلاقة الرجالية,Jumeira St - Jumeirah 1 - Al Mina - Dubai - United Arab Emirates,25.246036,55.274926699999995,4.9,225,OPERATIONAL,barber_shop,moderate,40,80,False,,men-only,2026-10-09
ChIJ8xifsMZDXz4RCtka8ZHGSHM,22 Building Bur Dubai,22 20C St - Al Raffa - Dubai - United Arab Emirates,25.2514897,55.2866478,4,69,OPERATIONAL,beauty_salon,,,,False,,,2026-10-09
ChIJ_R3F1YVDXz4RUZ9OtziZ20E,SOAK Salon,16C St - Jumeirah 1 - Jumeirah - Dubai - United Arab Emirates,25.231361699999997,55.265748099999996,4.7,76,OPERATIONAL,beauty_salon,,,,False,,,2026-10-09
ChIJMaWgeOVDXz4Rb0ejuFUxp3o,Diana's MMakeover Beauty Salon,2nd December St - Jumeirah 1 - Jumeirah - Dubai - United Arab Emirates,25.239309199999997,55.270331999999996,4.9,317,OPERATIONAL,beauty_salon,very_expensive,400,700,False,,,2026-10-09
ChIJs5DYDwFDXz4RWjm47yZqAkI,mariadowling,Al Meena Residence - mariadowling - Al Mina St - Madinat Dubai Al Melaheyah - Al Mina - Dubai - United Arab Emirates,25.240633199999998,55.2737688,4.8,442,OPERATIONAL,hair_salon,,,,False,,,2026-10-09
ChIJlV2ZTe9CXz4RCuwTPv1O3ag,Akin Barber & Shop - SZR,"Round About, Al Saqr Business Tower - 6th St - Trade Center First - Dubai - United Arab Emirates",25.229851,55.286437899999996,4.7,319,OPERATIONAL,barber_shop,,,,False,,men-only,2026-10-09
ChIJdWqSLe5DXz4RFI6VkXTwzRU,Dolce Villa Beauty Salon by Elaris,198 D92 - Jumeirah 1 - Jumeirah - Dubai - United Arab Emirates,25.2342972,55.27006480000001,4.7,97,OPERATIONAL,beauty_salon,,,,False,,,2026-10-09
ChIJZcvVQ2pDXz4RNSzEE0N8q5Q,Capital hotel,7822+C58 - 11B St - Mankhool - Dubai - United Arab Emirates,25.251046499999998,55.3004562,4.4,55,OPERATIONAL,barber_shop,,,,False,,men-only,2026-10-09
ChIJb63oRkJDXz4RTjHA6eW7Xq8,Massage Jennie,775Q+V84 - Al Hamriya - Dubai - United Arab Emirates,25.2557194,55.3042211,4.5,8,OPERATIONAL,beauty_salon,,,,False,,,2026-10-09
ChIJS_Bm19dCXz4RoldSfGCt6rE,Kiddie Express Kids Salon (Karama),Street No 12D - Building No 222 - الكرامة - دبي - United Arab Emirates,25.246021499999998,55.3053849,4.5,819,OPERATIONAL,hair_salon,inexpensive,1,50,False,,,2026-10-09
ChIJRVPVxLNDXz4R-lQDOzwO55k,The Groomsmen Salon,Lamcy Residence - 66 10th St - Oud Metha - Dubai - United Arab Emirates,25.2342534,55.309675299999995,4.8,272,OPERATIONAL,barber_shop,moderate,40,160,False,,men-only,2026-10-09
ChIJ445b-mJDXz4RhC-FtqY1pdI,Herz Beauty Salon Dubai,"Al Sayegh Building , 4th Street , Next to Haji Ali Juice center Near Lamcy Plaza - عود ميثاء - دبي - United Arab Emirates",25.2372287,55.3075597,4.2,764,OPERATIONAL,beauty_salon,very_expensive,100,700,False,,,2026-10-09
ChIJSTkmPz9DXz4RBOhuMO6uKqs,Quality Fix Gents Salon(Karama Branch),20B St - Al Karama - Dubai - United Arab Emirates,25.240619499999998,55.3052573,4.8,829,OPERATIONAL,barber_shop,moderate,40,140,False,,men-only,2026-10-09
ChIJ0_62TctCXz4RcoHXK9X6ZCo,Rashid Building Ivory,5 23 St - Oud Metha - Dubai - United Arab Emirates,25.232196,55.314107199999995,3.8,36,OPERATIONAL,beauty_salon,,,,False,,,2026-10-09
ChIJzYyp-npDXz4RMvc8cbmKdfA,"Ashtamudi Ladies Salon BurJuman – Best Ladies Salon & Beauty Parlour in BurJuman, Dubai",Era Building - Shop No: 9 Exit-2 - behind Burjuman Metro Station - Al Karama - Dubai - United Arab Emirates,25.253043899999998,55.3051403,4.9,2406,OPERATIONAL,beauty_salon,expensive,100,500,False,,,2026-10-09
ChIJ5X5ZzqhDXz4RkPi33Lq0vVU,MAGBOB Unisex Salons Burjuman,"Ground Floor, Inside Double Tree By Hilton Dubai M Square Hotel & Residences - Burjuman - شارع الشيخ خليفة بن زايد - المنخول - دبي - United Arab Emirates",25.2505354,55.3009543,4.9,730,OPERATIONAL,beauty_salon,expensive,100,500,False,,,2026-10-09
ChIJSboImmdDXz4RvsmtSWva3UM,Hollywood Ladies Salon,Khalid Al Attar Building - 4th - 17 شارع الكويت - الكرامة - دبي - United Arab Emirates,25.2453443,55.3021794,4.5,1029,OPERATIONAL,beauty_salon,moderate,100,400,False,,,2026-10-09
ChIJUTC8XH1DXz4Rmk3LUBlh1GE,VN Top Beauty,"Al Nasr Plaza Building , 10th street - طريق عود ميثاء - عود ميثاء - دبي - United Arab Emirates",25.2438768,55.314222699999995,4.6,366,OPERATIONAL,beauty_salon,,,,False,,,2026-10-09
ChIJj8Yznu5dXz4Rjf59z-Uk9tY,Charming Beauty Center Dubai,Emerald Building - 19th St - Oud Metha - Dubai - United Arab Emirates,25.2335572,55.3167663,4.3,136,OPERATIONAL,beauty_salon,very_expensive,200,600,False,,,2026-10-09
ChIJlbi2Ry9DXz4R2vX342Rv1lk,Cute Look Beauty Salon,Dubai - Al Karama - Dubai - United Arab Emirates,25.2518666,55.304355099999995,3.7,170,OPERATIONAL,beauty_salon,,,,False,,,2026-10-09
ChIJmTxeuidDXz4R7tfgd4ZbbWk,Must Dash - Bespoke Mens Grooming,"Double Tree by Hilton, M-Square AWR Properties, Shop #10 - المنخول - دبي - United Arab Emirates",25.250081599999998,55.301127699999995,4.6,451,OPERATIONAL,hair_salon,,,,False,,,2026-10-09
ChIJ9f__v9JCXz4RY2dpZ1_Ti9E,Iconic Hair Care Hair Replacement Center Dubai (مركز آيكونيك لتركيب الشعر دبي),415 - Sultan Business Center Building - Oud Metha - Dubai - United Arab Emirates,25.233622999999998,55.3086814,4.6,78,OPERATIONAL,medical_clinic,,,,False,,not-a-salon,2026-10-09
ChIJpxgrVi5DXz4Rm2MXZvrmZhk,"Crossover Hair Salon – Bur Dubai | Haircut, Blow Dry, Coloring",Khalid Bin Al Waleed Road (Bank Street) - Umm Hurair First - Umm Hurair 1 - Dubai - United Arab Emirates,25.2540473,55.306372200000006,4.5,559,OPERATIONAL,beauty_salon,moderate,100,400,False,,,2026-10-09
ChIJoUlx-ydDXz4RH-9QPpRFqrE,Dreams Flower Beauty Ladies Salon,"Shop -1, Al Haji Building - DM-84 - 318 10D St - Al Karama - Dubai - United Arab Emirates",25.2459956,55.3029241,4.9,376,OPERATIONAL,beauty_salon,moderate,1,400,False,,,2026-10-09
ChIJveiAjwVDXz4Rob9Ord9EE3o,NEW FLORIDA HAIR & BEAUTY CENTER LLC,Office Land Building - Sheikh Rashid Rd - Al Karama - Dubai - United Arab Emirates,25.239073599999998,55.297643300000004,4.7,171,OPERATIONAL,hair_salon,,,,False,,,2026-10-09
ChIJURpO86lDXz4ROpernSab_NM,Lets Fade | Barber Shop | Gents Salon | Dubai,Wasl R404 - Shop 1 - 20 35th St - Al Karama - Dubai - United Arab Emirates,25.2421643,55.3010722,4.8,546,OPERATIONAL,barber_shop,,,,False,,men-only,2026-10-09
ChIJobTkBdxdXz4RKvoGmgZxduY,X Hair Lounge Gents Barber,8th St Deira city Center - بور سعيد - ديرة - دبي - United Arab Emirates,25.25266,55.3317942,4.8,848,OPERATIONAL,barber_shop,moderate,60,120,False,,men-only,2026-10-09
ChIJobqykDRdXz4RFn4I97LEYKU,Mega Pink International Beauty,Bu Shaqcr bldng - Block B -13 55 st - Al Garhoud - Dubai - United Arab Emirates,25.2500812,55.3408078,4.6,333,OPERATIONAL,beauty_salon,very_expensive,100,600,False,,,2026-10-09
ChIJUax1zSldXz4REsvSzLAKQq0,Bella Nevo Beauty Salon - صالون تجميل بيلا نيفو,street 2 - Masjid - next to Al Garhood - Al Garhoud - Dubai - United Arab Emirates,25.245432299999997,55.3406884,4.9,132,OPERATIONAL,beauty_salon,,,,False,,,2026-10-09
ChIJZdGExCpdXz4RlWsip3_drwM,Best man cut gents salon,31 61B Street - Al Garhoud - Dubai - United Arab Emirates,25.250472499999997,55.343096499999994,4.3,67,OPERATIONAL,barber_shop,moderate,20,140,False,,men-only,2026-10-09
ChIJ9fGtyhtdXz4R7QA59nTMK3s,Adrian D salon,Millennium Airport Hotel - القرهود - دبي - United Arab Emirates,25.2485505,55.3433311,4.7,366,OPERATIONAL,beauty_salon,,,,False,,,2026-10-09
ChIJK2OUQ5NdXz4RyrJIup6TYx4,Nasiim aljamal salon صالون نسيم الجمال,شارع الشيخ راشد - شارع -٢٧ - بور سعيد - ديرة - دبي - United Arab Emirates,25.2532854,55.3358561,4.7,89,OPERATIONAL,barber_shop,,,,False,,men-only,2026-10-09
ChIJc0IZaw5dXz4RRGESwJ79GQo,Chique Beauty & Ladies Spa Center,"Al Garhoud, Opposite choithrams Supermarket, Villa 50 B 31A - Al Garhoud - Dubai - United Arab Emirates",25.2435314,55.349260099999995,4.3,123,OPERATIONAL,beauty_salon,,,,False,,,2026-10-09
ChIJJSFzLBZdXz4RhhEaAriQEZ4,Iconic Glam Beauty Salon,Shaikh Rasheed St - Wasl Business Center - شارع الشيخ راشد - بور سعيد - ديرة - دبي - United Arab Emirates,25.254651799999998,55.3359881,4.9,185,OPERATIONAL,beauty_salon,moderate,100,200,False,,,2026-10-09
ChIJJ-Z1J7FdXz4RaXvI0VPa0N8,HYPE SALON UAE - GARHOUD,GGICO METRO STATION street - القرهود - دبي - United Arab Emirates,25.2498988,55.342157099999994,4.5,157,OPERATIONAL,beauty_salon,moderate,1,400,False,,,2026-10-09
ChIJj7__BQFdXz4RN0wBAj_SrxM,AMWAJ BARBER SHOP صالون امواج للحلاقه,near life pharmacy - 2nd St - Al Garhoud - Dubai - United Arab Emirates,25.2460181,55.3396158,4.6,125,OPERATIONAL,barber_shop,moderate,60,100,False,,men-only,2026-10-09
ChIJl7fLPNpnXz4R_zkMbuFuC3Y,Perfect nails ladies beauty salon,Shop no 7 Tower 1 of 3 - القرهود - دبي - United Arab Emirates,25.2503009,55.343707699999996,4.5,77,OPERATIONAL,beauty_salon,moderate,200,300,False,,,2026-10-09
ChIJ18BykgldXz4RVtoNdClWLXQ,Georges mattar,Al Kheeran - Dubai Festival City - Dubai - United Arab Emirates,25.2319197,55.346702,5,23,OPERATIONAL,beauty_salon,,,,False,,,2026-10-09
ChIJJYbFgyBdXz4RCDzOz2PHTO4,Nail Trix Salon,8th St - Port Saeed - Deira - Dubai - United Arab Emirates,25.2534515,55.3334201,4.8,85,OPERATIONAL,nail_salon,,,,False,,,2026-10-09
ChIJb3SPAjNdXz4REMDaayFjhuk,Vero Style Salon Gents Barber,Al Garhoud - Dubai - United Arab Emirates,25.245685599999998,55.339408500000005,4.4,74,OPERATIONAL,barber_shop,,,,False,,men-only,2026-10-09
ChIJEzkgV75dXz4R9_cI20NMbcM,SLR Lounge Gents Salon,Al Jadaf - Jaddaf Waterfront - Dubai - United Arab Emirates,25.225393399999998,55.3378638,4.8,281,OPERATIONAL,barber_shop,moderate,80,120,False,,men-only,2026-10-09
ChIJEbdYNWRdXz4R9r6q0ml0BV8,Kiama Beauty Lounge Dubai I Best Ladies Beauty Salon In Deira,"Dubai shopping centre - City center - shop no 16, ground floor - opposite deira - Port Saeed - Deira - Dubai - United Arab Emirates",25.2532274,55.333371799999995,4.7,215,OPERATIONAL,beauty_salon,moderate,1,300,False,,,2026-10-09
ChIJf7NQ1xldXz4RXGh4KNFmrIo,JAM Beauty Lounge,"Same line as Party Centre towards Aviation Club, opposite Life Pharmacy - Garhoud Dubai - 15 شارع ٢ - opposite PAK DARBAR - القرهود - دبي - United Arab Emirates",25.2454659,55.3395023,4.4,170,OPERATIONAL,beauty_salon,very_expensive,200,500,False,,,2026-10-09
ChIJgQkiixBdXz4RnN3lfLQA_g4,Palorma Beauty Lounge,Al Asmawi - 2nd St - Al Garhoud - Dubai - United Arab Emirates,25.247781000000003,55.338524799999995,4.2,72,OPERATIONAL,beauty_salon,,,,False,,,2026-10-09
ChIJoaNa-d9cXz4Rf3wOxfjSZYY,GOLDEN RAZOR HAIRDRESSING SALOON L.L.C,شارع ديرة - Port Saeed - Deira - Dubai - United Arab Emirates,25.254646299999997,55.3360195,4.5,137,OPERATIONAL,barber_shop,,,,False,,men-only,2026-10-09
ChIJq6qqqjddXz4Rhrp-LIcaijk,Jean Paul Salon,"Hyatt Regency Dubai Creek Heights Hotel, 2nd Floor - أم هرير الثانية - Dubai Healthcare City - دبي - United Arab Emirates",25.2347793,55.323229299999994,4.8,88,OPERATIONAL,beauty_salon,,,,False,,,2026-10-09
ChIJAfinfbVdXz4Rv2Xdo8HyP-M,Tami beauty lounge,Al Fareej Courtyard - Block A (P0635) - 17 51A Street - Al Rashidiya - Dubai - United Arab Emirates,25.234115799999998,55.3810722,5,160,OPERATIONAL,beauty_salon,moderate,100,200,False,,,2026-10-09
ChIJ91G6uYVdXz4RtMJiqOrimvA,URS Gents Salon (Al Garhoud),Airport view Apartments - Shop no. 15 - 35th St - Al Garhoud - Dubai - United Arab Emirates,25.241757099999997,55.3595366,4.9,134,OPERATIONAL,barber_shop,,,,False,,men-only,2026-10-09
ChIJb4P-ikxqXz4RU5uH6EZ1neM,Kiddy Couture (Organic Kids Salon),Bin Sougat Centre - Al Rashidiya - Dubai - United Arab Emirates,25.2328252,55.3850725,4.5,476,OPERATIONAL,beauty_salon,moderate,1,100,False,,,2026-10-09
ChIJa6RFMfZdXz4Rm9vEZ_bENLw,Mina & Forouzan Salon,Al Garhoud - Dubai - United Arab Emirates,25.2410244,55.3592625,4.5,59,OPERATIONAL,beauty_salon,,,,False,,,2026-10-09
ChIJUWJnWDBdXz4RIsmVjOuqFQM,Lilies Box Beauty Lounge,51A Street - Al Rashidiya - Dubai - United Arab Emirates,25.2338108,55.3816999,4.5,48,OPERATIONAL,beauty_salon,,,,False,,,2026-10-09
ChIJ2ZRMQA5dXz4RMKoI5AY2qEc,Mi Amigo Gents Salon,31 51A Street - Al Rashidiya - Dubai - United Arab Emirates,25.2328065,55.384341,4.4,30,OPERATIONAL,barber_shop,,,,False,,men-only,2026-10-09
ChIJO0HYnY5dXz4RzE6uk-ihc_E,shahbaz salon,41 Nad Al Hamar Rd - Umm Ramool - Dubai - United Arab Emirates,25.2329169,55.377523999999994,5,4,OPERATIONAL,hair_salon,,,,False,,,2026-10-09
ChIJ11MH0YpdXz4Rlp7574iiksg,Muhammad Hadi Gents Saloon,"Al fareej Courtyard A block - Shop 12, G floor - 51A Street - near Al kabeer mosque - Al Rashidiya - Dubai - United Arab Emirates",25.233981,55.3813235,3,5,OPERATIONAL,hair_salon,,,,False,,men-only,2026-10-09
ChIJnww0x_NdXz4R27oSQJ6hRig,Urembo Ladies Salon,Airport Rd - Al Rashidiya - Dubai - United Arab Emirates,25.2328448,55.3849886,4.1,30,OPERATIONAL,beauty_salon,,,,False,,,2026-10-09
ChIJyfPItvNdXz4RqEoYtb40LwM,صالون البرواز للسيدات,250 Airport Rd - Al Rashidiya - Dubai - United Arab Emirates,25.233194299999997,55.384559599999996,3.5,23,OPERATIONAL,beauty_salon,,,,False,,,2026-10-09
ChIJ-bCa1fRdXz4RUxKs7SqMBQ8,IJAZ HAIRDRESSING SALOON,Dubai - Al Rashidiya - Dubai - United Arab Emirates,25.2275077,55.380931399999994,4.2,27,OPERATIONAL,barber_shop,,,,False,,men-only,2026-10-09
ChIJv3Tju_NdXz4R8AwrSB2Op5o,Traneem Ladies Salon,35 51A Street - Al Rashidiya - Dubai - United Arab Emirates,25.2327469,55.3846716,3.2,6,OPERATIONAL,nail_salon,,,,False,,,2026-10-09
ChIJC2S2-MddXz4RPO6OJQFIeNE,دبي,63 5th St - Al Garhoud - Dubai - United Arab Emirates,25.2356111,55.3548288,,,OPERATIONAL,beauty_salon,,,,False,,,2026-10-09
ChIJHRRLx59dXz4RIEeraUE_0C4,a spanish skin care brand,"dubai, Nad al hemmar - 9th St - أم رمول - دبي - United Arab Emirates",25.225147,55.3766403,,,OPERATIONAL,beauty_salon,,,,False,,,2026-10-09
ChIJaQ06FQ1nXz4R1PXstZ5Ez1I,Eclatavecnous,69JP+WH5 - Al Rashidiya - Dubai - United Arab Emirates,25.2322557,55.386480000000006,3.8,105,OPERATIONAL,beauty_salon,moderate,100,400,False,,,2026-10-09
ChIJARRKVCpdXz4RnR1FlKa6z2I,Sofitel Saloon,44 36b St - Al Rashidiya - Dubai - United Arab Emirates,25.2285157,55.3905186,4.7,3,OPERATIONAL,barber_shop,,,,False,,men-only,2026-10-09
ChIJp5bnwWFdXz4RjsoXr7dbUyQ,HAIAT AL HOOR LADIES SALOON,Al Rashidiya - Dubai - United Arab Emirates,25.2287698,55.390981999999994,4.9,39,OPERATIONAL,beauty_salon,moderate,100,200,False,,,2026-10-09
ChIJiUHQkvddXz4RdY5qWkxKfL4,Noora Ladies Salon,42 49C St - Al Rashidiya - Dubai - United Arab Emirates,25.228898299999997,55.390969899999995,5,3,OPERATIONAL,beauty_salon,,,,False,,,2026-10-09
ChIJozrJ-oRhXz4RjCMyJag7f4I,Md Moynul Gents Saloon,49C St - Al Rashidiya - Dubai - United Arab Emirates,25.2286713,55.3907842,5,1,OPERATIONAL,hair_salon,,,,False,,men-only,2026-10-09
ChIJeU6ZYwBDXz4RURTrT0guEvw,CUT CASTLE Gents Saloon FZE,Madinat Dubai Al Melaheyah - Dubai - United Arab Emirates,25.263263199999997,55.26698880000001,4.8,74,OPERATIONAL,hair_salon,moderate,1,100,False,,men-only,2026-10-09
ChIJ5U5pp0dDXz4RqkDlpWEfAqY,New Facelook Gents Salon (DMC),"Staff Accommodation SA- GF-RETIAL, 10 - Madinat Dubai Al Melaheyah - Dubai - United Arab Emirates",25.2632713,55.26726,5,39,OPERATIONAL,barber_shop,,,,False,,men-only,2026-10-09
ChIJcfRLhUNDXz4RY4EPkan_P3Q,AL AMBER GENTS SALON,7777+MW - Warehouse 166 - Madinat Dubai Al Melaheyah - Dubai - United Arab Emirates,25.2642132,55.2647175,5,12,OPERATIONAL,barber_shop,,,,False,,men-only,2026-10-09
ChIJ1bxyuxVDXz4RgP1WYjxMCws,Rubaab Ladies Beauty Salon,"Next to Sharaf DG Metro Station Exit 3-Al Yousuf Complex-1st Floor, Shop No.104 & 102 - Bur Dubai - Al Fahidi - دبي - United Arab Emirates",25.2587925,55.2969515,4.8,1689,OPERATIONAL,beauty_salon,expensive,100,500,False,,,2026-10-09
ChIJTX35ibBDXz4R2ugX3nzgtMc,Gold Comb Salon for Men,"Shop number 3 - near majestic hotel, Bin Hendi Tower - Al Mankhool Rd - Bur Dubai - دبي - United Arab Emirates",25.2540281,55.2936918,4.4,287,OPERATIONAL,barber_shop,,,,False,,men-only,2026-10-09
ChIJT3dW8K9DXz4RlnEhlk-Sf8Q,Manasi Beauty Saloon (Since 2004),8 42 St - Al Souq Al Kabeer - Al Fahidi - Dubai - United Arab Emirates,25.2619318,55.295026699999994,4.7,434,OPERATIONAL,beauty_salon,moderate,1,100,False,,,2026-10-09
ChIJIfRUokZDXz4RkgA4pP9MCgg,Devora beauty Salon & Lounge,Mankhool - Dubai - United Arab Emirates,25.2525652,55.2919809,4.8,374,OPERATIONAL,beauty_salon,expensive,100,500,False,,,2026-10-09
ChIJewKrHLlDXz4RrXuiRQtbc3o,Glam Studio Beauty Salon,"Bank Street, Al Mankhool, Bur Dubai M-01, Al Abbas Building 2 (Block B - المنخول - دبي - United Arab Emirates",25.255763599999998,55.3008619,4.7,219,OPERATIONAL,beauty_salon,,,,False,,,2026-10-09
ChIJf3Xns3VDXz4RVYt9uJAdmPQ,Pretty Angels Beauty Salon,Metro Station Naif - 27th St - near Baniyas Square - Naif - Deira - Dubai - United Arab Emirates,25.2702767,55.3079317,4.7,247,OPERATIONAL,beauty_salon,moderate,1,300,False,,,2026-10-09
ChIJZ93oCDtDXz4RdOutjpZZyPM,Gulf Gate Hair Fixing Dubai,"Ground Floor, Beside Al Maya Super Market Opp. ADCB, Near 4 Points Sheraton Hotel - شارع خالد بن الوليد - الحمرية - دبي - United Arab Emirates",25.2575245,55.3002134,4.4,42,OPERATIONAL,medical_clinic,,,,False,,not-a-salon,2026-10-09
ChIJq5pVYwBDXz4R1skfI97mr3g,URBAN GLOW SALON,107 Al Mankhool Rd - Mankhool - Dubai - United Arab Emirates,25.2528308,55.2922477,4.8,510,OPERATIONAL,beauty_salon,moderate,1,400,False,,,2026-10-09
ChIJ3THkWC9DXz4RPrvau-G5j-I,Maira Beauty Salon,15 2A St - Al Karama - Dubai - United Arab Emirates,25.2516727,55.303432699999995,4.9,347,OPERATIONAL,beauty_salon,moderate,100,400,False,,,2026-10-09
ChIJb5jwDGFDXz4R_WvQgDwSYg8,Modern Hair Fixing - Dubai مودرن لتركيب الشعر,"Al Abbas Bldg. 1, A-Block, 3rd Floor - شارع خالد بن الوليد - opp. NBQ Bank Building - المنخول - دبي - United Arab Emirates",25.2560744,55.3012234,4.9,210,OPERATIONAL,medical_clinic,,,,False,,not-a-salon,2026-10-09
ChIJEzrgOcRdXz4R561Fb5N9u4k,Immortal Ladies Beauty Center,54 22C St - Al Muteena - Deira - Dubai - United Arab Emirates,25.2729076,55.327805,3.9,61,OPERATIONAL,beauty_salon,,,,False,,,2026-10-09
ChIJpUt9g0FdXz4RyuGJqPnJ3pc,صالون شروق ديره فندق نايت أرمور طابق الأول,Grand Mayfair Hotel - 1st Floor - 25 42A St - Al Muraqqabat - Deira - Dubai - United Arab Emirates,25.2606677,55.322855499999996,4.5,739,OPERATIONAL,beauty_salon,moderate,1,300,False,,,2026-10-09
ChIJDXnxMiFdXz4RQDkdOXMt4Vc,Vedi,28 12B St - Al Muraqqabat - Deira - Dubai - United Arab Emirates,25.268928199999998,55.322565499999996,4.2,41,OPERATIONAL,nail_salon,,,,False,,,2026-10-09
ChIJDY4-VABdXz4R8osfXZ1-8T8,صالون مي الديب للسيدات,7879+3QG - Al Muraqqabat - Deira - Dubai - United Arab Emirates,25.262676499999998,55.3194589,3.2,270,OPERATIONAL,beauty_salon,,,,False,,,2026-10-09
ChIJCy6OCc9cXz4RpTHuHbxxLh8,Diva Gents Salon,"G Floor,Al Hawari Building,Al Rigga Road,Deira,NEar Al Rigga Metro Station - Al Hawai Building - 304 Third Floor - Al Muraqqabat - Al Rigga - Dubai - United Arab Emirates",25.264015699999998,55.3236269,4.2,1092,OPERATIONAL,hair_salon,,,,False,,men-only,2026-10-09
ChIJh9g_XEddXz4RKQAs10kQ0p8,Diffany Star Hair Fixing Centre 蒂凡尼之星美容美发养生,3rd - Tower - 2 Al Rigga Rd - Al Muraqqabat - Deira - Dubai - United Arab Emirates,25.2670569,55.317554799999996,4.5,1110,OPERATIONAL,beauty_salon,expensive,1,500,False,,,2026-10-09
ChIJcXq0KXFdXz4RaF00PwCjsUY,"Pinky z Salon Al-Rigga , DUBAI",Al Rigga Rd - ديرة - Deira - Dubai - United Arab Emirates,25.2648634,55.318841799999994,4.6,1502,OPERATIONAL,beauty_salon,moderate,100,300,False,,,2026-10-09
ChIJv9tXBYddXz4R_wce6BkpdWY,Mirrors Beauty Lounge - Muraqabat,"Dominos Pizza Building, Buhaleeba plaza - M02 - Al Muraqqabat - Deira - Dubai - United Arab Emirates",25.2647424,55.3290632,4.3,781,OPERATIONAL,beauty_salon,expensive,100,500,False,,,2026-10-09
ChIJV9iI78RcXz4R4iPapctwIGc,First Medical Center - Muraqabat,"Level 7, Bu Haleeba Plaza - Al Muraqqabat Street - Al Muraqqabat - Deira - Dubai - United Arab Emirates",25.2646049,55.3288838,4.7,2581,OPERATIONAL,medical_clinic,,,,False,,not-a-salon,2026-10-09
ChIJ-YIfJNJDXz4R4jONMChgek8,hollywood ladies salon al rigga branch,"M floor, Al Hawai Building - Al Rigga Rd - Al Muraqqabat - Deira - Dubai - United Arab Emirates",25.263902599999998,55.3235277,4.7,1875,OPERATIONAL,beauty_salon,expensive,1,500,False,,,2026-10-09
ChIJwa3qsYBdXz4RK86NSMW3ub0,Desert Wave Ladies Salon Dubai,26 26B St - Al Muraqqabat - Deira - Dubai - United Arab Emirates,25.2656194,55.320862999999996,4.5,573,OPERATIONAL,beauty_salon,moderate,1,200,False,,,2026-10-09
ChIJoZabF25dXz4R4nH6kE69fG8,HALO Beauty,162 Abu Baker Al Siddique St - Al Muraqqabat - Deira - Dubai - United Arab Emirates,25.2604637,55.327224699999995,4.8,407,OPERATIONAL,beauty_salon,expensive,1,600,False,,,2026-10-09
ChIJu5UUt_FdXz4RrKREpX9XUAA,Diffany Super Hair Fixing Center - Al Muraqqabat,Pasons Hypermarket - 2nd Floor - Al Muraqqabat - Al Rigga - Dubai - United Arab Emirates,25.2673961,55.3218739,4.7,547,OPERATIONAL,beauty_salon,moderate,1,400,False,,,2026-10-09
ChIJBb2DkUxdXz4Re1MH93ktLeg,Karkafi Hair Extension Deira Muraqqabat قرقفي للشعر المستعار (اكستنشن)مراقبات ديرة,138 Abu Baker Al Siddique St - Port Saeed - Deira - Dubai - United Arab Emirates,25.263725200000003,55.329704199999995,4.3,149,OPERATIONAL,hair_care,,,,False,,,2026-10-09
ChIJ-SAM485cXz4RfEM1CojmEks,Shi Beauty Lounge,"M-2, Saraya Plaza - 43 Al Rigga Rd - Al Muraqqabat - Deira - Dubai - United Arab Emirates",25.261144899999998,55.3270969,4.3,714,OPERATIONAL,beauty_salon,moderate,1,400,False,,,2026-10-09
ChIJF_6s24ddXz4RArh7t0rhCgs,Sibs Style Beauty Lounge L.L.C.,Salah Al Din St - Al Hashar Building - Office no 301 - Main Road - next to Crown Plaza Hotel - Muteena - المطينة - ديرة - دبي - United Arab Emirates,25.2705195,55.3260523,4.8,137,OPERATIONAL,beauty_salon,,,,False,,,2026-10-09
ChIJqb6nqc9dXz4RpN9XVwjj_so,مخرج رقم ٢ محطة مترو صلاح الدين,78CF+22P - 2 28C St - Al Muteena - Deira - Dubai - United Arab Emirates,25.270486599999998,55.320611199999995,4.7,19,OPERATIONAL,beauty_salon,,,,False,,,2026-10-09
ChIJBTSuWQBDXz4RhTulWXAgOTY,Al riga dubai near metro station,7897+25Q - Al Rigga - Dubai - United Arab Emirates,25.267597199999997,55.3129983,4.8,22,CLOSED_TEMPORARILY,beauty_salon,,,,False,,not-operational,2026-10-09
ChIJ0-eEY7VdXz4R2MwIjjEkDTA,CARE SECRETS THERAPY CENTER | Best Beauty Centre For Women In Dubai | Hair Treatment Dubai | Skin Care Services in Dubai,Terminal 2 - 127 Al Ittihad Rd - opposite Dubai Airport - Al Khabaisi - Deira - Dubai - United Arab Emirates,25.270745899999998,55.3436247,4.6,1024,OPERATIONAL,beautician,,,,False,,,2026-10-09
ChIJbQte075dXz4RBMUk5rEgl1s,First Medical Center - Qiyadah,Al Mamzar Centre - opposite Al Qiyadah Metro Station - Hor Al Anz East - Deira - Dubai - United Arab Emirates,25.279982999999998,55.35367,4.8,2107,OPERATIONAL,medical_clinic,,,,False,,not-a-salon,2026-10-09
ChIJyaBr37ZdXz4RogkYWeRtKvA,Collab Hair & Makeup Studio,JSCOM Grand Towers - Shop-12 - Metro Station - near Al Qiyadah - Abu Hail - Deira - Dubai - United Arab Emirates,25.2760757,55.3486042,4.7,449,OPERATIONAL,beauty_salon,,,,False,,,2026-10-09
ChIJ8ctH3RNdXz4Rxs6StJZWoGo,صالون اورنامينت للنساء Ornament Women Salon,Al Mamzar Centre ابوهيل الممزر سنتر داخل المول طابق m - هور العنز شرق - ديرة - دبي - United Arab Emirates,25.279982999999998,55.35367,4.5,123,OPERATIONAL,nail_salon,,,,False,,,2026-10-09
ChIJqext-3hdXz4RhbMMRLiQROA,صالون غالي للرجال GHALY GENTS SALON,Dubai abohail، Al Mamzar Centre - Hor Al Anz East - Deira - Dubai - United Arab Emirates,25.279982999999998,55.35367,4.3,72,OPERATIONAL,hair_salon,moderate,100,200,False,,men-only,2026-10-09
ChIJhVVL3PJcXz4REhRyMbtoOoQ,صالون شمس بغداد - Shams Baghdad Saloon,Dubai - Hor Al Anz East - Deira - Dubai - United Arab Emirates,25.2772884,55.349877899999996,4.8,125,OPERATIONAL,hair_salon,moderate,1,150,False,,,2026-10-09
ChIJBxuV5E1DXz4R_xJU139vabY,Marhaba Beauty Saloon,Dubai - هور العنز شرق - ديرة - دبي - United Arab Emirates,25.276992099999998,55.3495655,4.7,6,OPERATIONAL,beauty_salon,,,,False,,,2026-10-09
ChIJT5rpzwdrXz4RWNnWqoExxoU,Saloon Joori Najmat Al Jamal صالون جوري نجمة الجمال,"16 28th St, Deira Hor Al Anz East Belhasa Golden Residence - Shop#2 - هور العنز شرق - ديرة - دبي - United Arab Emirates",25.2775701,55.3504922,4.3,66,OPERATIONAL,beauty_salon,,,,False,,,2026-10-09
ChIJ0xf8VY1cXz4R3q7MDV_wqZI,Tiffany beauty salon,8 20th St - Hor Al Anz East - Deira - Dubai - United Arab Emirates,25.2783047,55.3472759,4.1,132,OPERATIONAL,beauty_salon,moderate,1,200,False,,,2026-10-09
ChIJk-4A4JZdXz4RDlcmKkbLw1c,VIP Class gents saloon,Dubai - Hor Al Anz East - Deira - Dubai - United Arab Emirates,25.2776268,55.3481163,4,18,OPERATIONAL,barber_shop,,,,False,,men-only,2026-10-09
ChIJWcTuYdVdXz4RyVR1YFzNlF4,صالون لمسة الاناقة lamsat alanaqa gents salon,أبو هيل - ديرة - دبي - United Arab Emirates,25.276774,55.349300199999995,3.9,30,OPERATIONAL,barber_shop,,,,False,,men-only,2026-10-09
ChIJhflyUqlDXz4RqZE4OJXyWT0,Fine Look Beauty Salon,"GR 43New, Al Safi Building - Shop no - 8th St - Hor Al Anz - Deira - Dubai - United Arab Emirates",25.2770944,55.3453387,4.9,111,OPERATIONAL,beauty_salon,moderate,1,200,False,,,2026-10-09
ChIJ650VkHZDXz4R5gjYsZoD0Xk,Matinée Gents Salon - One Deira Plaza,Ithra Street - Metro station - Gold Souq - الكورنيش - ديرة - دبي - United Arab Emirates,25.276328,55.3012434,4.5,114,OPERATIONAL,barber_shop,,,,False,,men-only,2026-10-09
ChIJzxAUPwBDXz4RuTalg7m9NRA,ADNAN SALON,11 43 St - Al Murar - Dubai - United Arab Emirates,25.277477599999997,55.3121447,4.8,5,OPERATIONAL,hair_salon,,,,False,,,2026-10-09
ChIJKYtv291DXz4Ref9-qswte-k,صالون الأمير السوداني,61 6th St - Al Murar - Dubai - United Arab Emirates,25.278286299999998,55.3099184,4.9,41,OPERATIONAL,hair_salon,,,,False,,,2026-10-09
ChIJ1x039TxdXz4R-r99OWfJ6-A,FSH CLASSIC GENTS SALON,Shop 03 AL MURAR - 186 al murarr - deira - المرر - دبي - United Arab Emirates,25.2778684,55.3134163,4.6,26,OPERATIONAL,barber_shop,,,,False,,men-only,2026-10-09
ChIJryyWFiRDXz4RZUzwWFKFy7g,Hellen The Beautician,building 4 Street 8 - Al Baraha - Deira - Dubai - United Arab Emirates,25.2802583,55.313622599999995,4,4,OPERATIONAL,beauty_salon,,,,False,,,2026-10-09
ChIJCY48f2RDXz4RFjRsaHFYYkk,Majid Saloon,Deira Farij - 6 Al Murar - Dubai - United Arab Emirates,25.278251899999997,55.310527099999995,4.9,17,OPERATIONAL,barber_shop,,,,False,,men-only,2026-10-09
ChIJL99E8w9DXz4RafgMBsPG1tc,gents saloon,14 35 St - Al Murar - Dubai - United Arab Emirates,25.277679199999998,55.3108436,4.5,11,CLOSED_TEMPORARILY,barber_shop,,,,False,,not-operational,2026-10-09
ChIJfaOzawBDXz4RkVof15S2wUU,Mahilet Ladies Salon,5 47th St - Al Murar - Dubai - United Arab Emirates,25.2777636,55.3128824,4.8,4,OPERATIONAL,beauty_salon,,,,False,,,2026-10-09
ChIJdW14X4NDXz4RfeSPjBt6zio,Kaneen King Style Salon- صالون كنين للرجال,5 31a St - Al Murar - Dubai - United Arab Emirates,25.2785655,55.3100856,4.7,6,OPERATIONAL,barber_shop,,,,False,,men-only,2026-10-09
ChIJdQ0ll01DXz4ReUmLGHI80sc,SHABAB UM DRMAN BARBER SHOP,27 12 St - Al Murar - Dubai - United Arab Emirates,25.2776117,55.310755099999994,4.1,23,OPERATIONAL,barber_shop,,,,False,,men-only,2026-10-09
ChIJxeICcltdXz4RJXg_H15GacI,Style Guru Gents Saloon,78GJ+XM4 - 23 22nd St - Hor Al Anz - Deira - Dubai - United Arab Emirates,25.277437499999998,55.3316875,3.7,3,OPERATIONAL,hair_salon,,,,False,,men-only,2026-10-09
ChIJzb3LsI5CXz4Rk1w6UF3Gn6k,Ladies First Beauty Salon,Oasis Tower - Sheikh Zayed Rd - Trade Center Second - DIFC - Dubai - United Arab Emirates,25.2114478,55.276291,4.8,946,OPERATIONAL,beauty_salon,moderate,100,400,False,,,2026-10-09
ChIJNUuRdEBDXz4ReiYCZtYLdm4,Mary Jane ladies salon,"Mary Jane ladies salon - 2nd floor,202 - 27B St - Al Bada' - Dubai - United Arab Emirates",25.2273189,55.273033899999994,4.5,10,OPERATIONAL,beauty_salon,,,,False,,,2026-10-09
ChIJe96AarFdXz4R1fa8vqt9Qr4,HK beauty Ladies Salon,HK beauty ladies salon - Al Jadaf - Dubai - United Arab Emirates,25.2214501,55.3241648,4.8,181,OPERATIONAL,beauty_salon,,,,False,,,2026-10-09
ChIJlx4xcC9DXz4Rq6WIc5xTVfg,House Of Beauty Salon,Dashti Bulding shop # 3 2A street Al - الكرامة - دبي - United Arab Emirates,25.252995799999997,55.3041669,4.7,209,OPERATIONAL,beauty_salon,moderate,100,300,False,,,2026-10-09
ChIJ_WDFXipDXz4R37Sn4n_OojM,Artist’s Style Beauty Salon,20 3B St - Al Karama - Dubai - United Arab Emirates,25.2493266,55.3113623,4.9,279,OPERATIONAL,beauty_salon,moderate,100,400,False,,,2026-10-09
ChIJZ0wpICZDXz4RIivO07Wjb8A,"Nancy Beauty Salon. Karama, Dubai",Telal Bulding - shop # 16 - No. 7 4B St - Al - Sheikh Hamdan Colony - Dubai - United Arab Emirates,25.249546199999997,55.3030031,4.4,211,OPERATIONAL,beauty_salon,,,,False,,,2026-10-09
ChIJvzExJjlDXz4R3ZUZLq8axUM,Pink Pie Beauty Salon,6 74th St - Al Souq Al Kabeer - Al Fahidi - Dubai - United Arab Emirates,25.262410499999998,55.2984842,4.9,609,OPERATIONAL,beauty_salon,,,,False,,,2026-10-09
ChIJa9Vi-yhDXz4RQOagiFI85pQ,Venus Valley Beauty Salon in Karama,Building # Y8 Street # 10A - Al Karama - Sheikh Hamdan Colony - Dubai - United Arab Emirates,25.249462299999998,55.3057256,4.6,429,OPERATIONAL,beauty_salon,,,,False,,,2026-10-09
ChIJLUQnWxVDXz4RXziYnrpfK2c,UNIQUE BEAUTY SALON,21 2B St - Al Hudaiba - Dubai - United Arab Emirates,25.242438999999997,55.277178199999994,4.8,208,OPERATIONAL,beauty_salon,moderate,100,200,False,,,2026-10-09
ChIJR6AmByZDXz4RcDJ-Hm49CG4,Royal Shahnaz Beauty Salon,"Al Arif Building, Behind Pizza Hut and Pyramids Building - الكرامة - دبي - United Arab Emirates",25.2495282,55.302705499999995,4.4,418,OPERATIONAL,beauty_salon,,,,False,,,2026-10-09
ChIJ0T2RPuhdXz4RF6SRJ00GtIc,Posh and Classy Beauty Salon,"Dalmok Series - Bldg Mezzanine Flr, Shop - 131 Omar Bin Al Khattab St - Al Muraqqabat - Deira - Dubai - United Arab Emirates",25.2643481,55.3154331,4.9,499,OPERATIONAL,beauty_salon,moderate,1,400,False,,,2026-10-09
ChIJ8UKn1ylDXz4RaucGDyd1da8,New Look Beauty Salon: Best Beauty Salon in Karama,39 18A Street Shop No 7 - Al Sharafi Building - Near Damayanti Restaurant - Bldg 2 - الكرامة - دبي - United Arab Emirates,25.246272299999998,55.3065581,4.7,160,OPERATIONAL,beauty_salon,moderate,100,400,False,,,2026-10-09
ChIJVYO3BghDXz4Rbvm2TBB9710,Vina Luxury Beauty Salon,first level Courtyard by Marriott - Al Badaa' St - Trade Centre - Dubai - United Arab Emirates,25.2282385,55.2829902,4.9,141,OPERATIONAL,beauty_salon,expensive,100,500,False,,,2026-10-09
ChIJJyD2H0FDXz4RHG3r1mfchlE,Kalista Ladies Beauty Salon,2 - 8 10A St - near City Makani Restaurant - Al Karama - Sheikh Hamdan Colony - Dubai - United Arab Emirates,25.2498674,55.305478699999995,4.9,150,OPERATIONAL,beauty_salon,,,,False,,,2026-10-09
ChIJ87t0EBtDXz4RVF3OSeINq_Q,Extra Glam Beauty Salon Dubai,Al Mankhool Rd - Al Raffa - Dubai - United Arab Emirates,25.2513963,55.289169799999996,4.6,308,OPERATIONAL,beauty_salon,very_expensive,100,600,False,,,2026-10-09
ChIJy6W-QxdDXz4RDBxKakIIo-8,Ashwina Hair & Beauty Salon,27 Al Mankhool Rd - Al Raffa - Dubai - United Arab Emirates,25.2526847,55.287846599999995,4.7,541,OPERATIONAL,beauty_salon,,,,False,,,2026-10-09
ChIJ6R7MbkVDXz4RvIQRwaQlCig,Impression Ladies Salon Al Karama,"Shop 3, R 444 Wasl Properties Bldg - الكرامة - دبي - United Arab Emirates",25.2418077,55.300466199999995,4.9,281,OPERATIONAL,beauty_salon,,,,False,,,2026-10-09
ChIJWULC7ptdXz4RXhDPrgMPxNk,Blonde Majestic Ladies Salon,Al Rigga Rd - Al Muraqqabat - Deira - Dubai - United Arab Emirates,25.2648171,55.321774700000006,4.9,373,OPERATIONAL,beauty_salon,moderate,100,200,False,,,2026-10-09
ChIJg4btG9pCXz4R1r5dPsWE98c,Pretty Eye Ladies Salon,Karama Commercial Complex - 37 16th St - Al Karama - Dubai - United Arab Emirates,25.2398702,55.3034737,4.5,364,OPERATIONAL,beauty_salon,moderate,100,300,False,,,2026-10-09
ChIJ9b4SdwJDXz4RSdNpXQUmjLM,Beauty Kshetra Ladies Salon,"Behind Wide Range restaurant, R-448 - Al Wasl Building - 72 6B St - الكرامة - دبي - United Arab Emirates",25.2431143,55.299844,4,43,OPERATIONAL,beauty_salon,,,,False,,,2026-10-09
ChIJ2wqQDEdDXz4R82zluMG_8ME,Quick Glam Ladies Salon,Al Attar Center - Karama Center - floor 2 - 202 - الكرامة - دبي - United Arab Emirates,25.245259299999997,55.3024539,4.1,28,OPERATIONAL,beauty_salon,,,,False,,,2026-10-09
ChIJ4YZCSldDXz4RwEdIzlkoWBY,Sister's Secret Ladies Salon,38a 13c St - Al Souq Al Kabeer - Al Fahidi - Dubai - United Arab Emirates,25.2631654,55.2926867,5,125,OPERATIONAL,beauty_salon,moderate,1,200,False,,,2026-10-09
ChIJX6Tp4M1CXz4Rkq8OIcnyYTg,Anjali Modern Girl Beauty Salon | Ladies Beauty Salon in Oud Metha,"Al Yousuf building, Shop No. 11 Near Lamcy plaza - عود ميثاء - دبي - United Arab Emirates",25.2357773,55.309191899999995,4.5,98,OPERATIONAL,beauty_salon,,,,False,,,2026-10-09
ChIJV18Q4LpKpw0R1kpF_oKbxQg,Ladies Beauty salon U shine,Shop 11 - Block -M3 - 322 2B St - behind Crown Plaza - الحضيبة - دبي - United Arab Emirates,25.241407799999998,55.276588999999994,4.8,77,OPERATIONAL,beauty_salon,moderate,100,400,False,,,2026-10-09
ChIJM8kc7XVdXz4RT4QYeg9qVk8,Smart Look Ladies Salon and Spa,38 Al Rigga Rd - Al Muraqqabat - Deira - Dubai - United Arab Emirates,25.2658407,55.3199895,4.3,31,OPERATIONAL,beauty_salon,,,,False,,,2026-10-09
ChIJQZPIa6pDXz4RPKdDOQkMAvQ,Gauri Ladies Salon,775W+XF5 - Al Souq Al Kabeer - Dubai - United Arab Emirates,25.259881999999998,55.2962474,4.5,56,OPERATIONAL,beauty_salon,,,,False,,,2026-10-09
ChIJXYh_eRZDXz4RIXUSjFsJ-38,Beauty Kshetra Ladies Salon,25 Al Rola St - Al Raffa - Dubai - United Arab Emirates,25.257210099999998,55.289587499999996,4.6,267,OPERATIONAL,beauty_salon,moderate,1,400,False,,,2026-10-09
ChIJg8cLzLddXz4RWHcYWUmLgEo,Sunshine Star Ladies Salon,Centro Shopping Mall - Al Hudaiba Rd - Al Bada' - Dubai - United Arab Emirates,25.2308244,55.2714795,4.9,72,OPERATIONAL,beauty_salon,,,,False,,,2026-10-09
ChIJz5XN8SdDXz4RJ7h1_E6AUxA,Mystery Angel Ladies Salon,"Karama, Kuwait Street 202 Al Ghurair Exchange Building 2nd Floor - الكرامة - دبي - United Arab Emirates",25.2459401,55.3024566,4.9,33,OPERATIONAL,beauty_salon,,,,False,,,2026-10-09
ChIJvz_4C9xDXz4ROkmxONcNesg,Beauty Face Ladies Salon,34 13c St - Al Souq Al Kabeer - Dubai - United Arab Emirates,25.2631949,55.2921366,4.7,15,OPERATIONAL,beauty_salon,,,,False,,,2026-10-09
ChIJ599h4FxDXz4Ruk8OOd2YqH0,Slender Ladies Salon,22 3A St - Al Souq Al Kabeer - Al Fahidi - Dubai - United Arab Emirates,25.263737499999998,55.2918137,4.8,131,OPERATIONAL,beauty_salon,,,,False,,,2026-10-09
ChIJi848muRDXz4RNKTYdhed97s,Millennium Beauty Ladies Salon Mankhool,Shop No 9 Al Awadi Building - 27 شارع -A-١٦ - المنخول - دبي - United Arab Emirates,25.2529728,55.287511599999995,4.8,258,OPERATIONAL,beauty_salon,expensive,1,600,False,,,2026-10-09
ChIJH4K4CrddXz4RNEVDWiqgGxs,Beautello Ladies Salon,Crowne Plaza Hotel Salahuddin Street - المطينة - ديرة - دبي - United Arab Emirates,25.2704728,55.326923699999995,5,19,OPERATIONAL,beauty_salon,,,,False,,,2026-10-09
ChIJrTFv04pdXz4Rc5ViGesV_2s,Pola Ladies Salon,Shop 109 Abu Baker Al Siddique St - next to Al Kabayel Center and FAB Bank - Al Khabaisi - Deira - Dubai - United Arab Emirates,25.2642146,55.3303346,4.8,134,OPERATIONAL,beauty_salon,,,,False,,,2026-10-09
ChIJLXFZ_LxdXz4RNeq5EdmmN_0,MILLICENTS BEAUTY LADIES SALON LLC,"DALMOK SERIES BLDG - SHOP #4, MEZANNINE FLOOR - Al Maktoum Rd - Al Muraqqabat - Deira - Dubai - United Arab Emirates",25.2643226,55.315493700000005,4.9,90,OPERATIONAL,beauty_salon,,,,False,,,2026-10-09
ChIJoddFISZDXz4RxjSNygBWt5U,Eyana Ladies Salon - Best Indian Salon in Dubai,"Shop No 2, Nassco Building 4 4B St - Bikanerwala St - behind KFC & Pyramid Building - الكرامة - دبي - United Arab Emirates",25.249298699999997,55.302856299999995,4.6,335,OPERATIONAL,beauty_salon,,,,False,,,2026-10-09
ChIJs7Q1msJdXz4RpS94mnvcMNI,Afra Badar Beauty salon \ ladies salon/صالون للسيدات دبي الرقة/ Ladies haircut | hairspa/nail-protin| facial| ladies massage|,Al Zarooni - building Al Rigga Rd - Al Muraqqabat - Deira - Dubai - United Arab Emirates,25.2625198,55.326442799999995,4.5,108,OPERATIONAL,beauty_salon,,,,False,,,2026-10-09
ChIJSWGZBFFDXz4RSkxPwdhI9NY,Aurelia ladies beauty salon,building - Shop 3 - 3rd St - near al baik - Al Hudaiba - Dubai - United Arab Emirates,25.2381674,55.274501799999996,4.7,69,OPERATIONAL,beauty_salon,,,,False,,,2026-10-09
ChIJ3R84tj9DXz4RPJHY77M7qzc,Shine & Glow Ladies Beauty Salon,25C St - Al Souq Al Kabeer - Al Fahidi - Dubai - United Arab Emirates,25.2615871,55.293740799999995,4.1,12,OPERATIONAL,beauty_salon,,,,False,,,2026-10-09
ChIJYRUp2yVDXz4RxHmTuKu331o,Vishalis Beauty & Hair,Vishali’s Beauty & Hair، U W Mall - mezzanine floor 11B St - opposite Double Tree Hotel & - Mankhool - Dubai - United Arab Emirates,25.2513076,55.300159199999996,3.9,67,OPERATIONAL,beauty_salon,,,,False,,,2026-10-09
ChIJVxagOW5dXz4RuDYJwCVTyyw,Infinity Luxury Beauty Salon,787C+PQV - Al Rigga Rd - Al Muraqqabat - Deira - Dubai - United Arab Emirates,25.2643585,55.3219223,4.6,41,OPERATIONAL,beauty_salon,,,,False,,,2026-10-09
ChIJR0XIt9RCXz4Rk6VA1cczWXI,Genavieve Beauty Salon,7 3 Street - Oud Metha - Dubai - United Arab Emirates,25.2444062,55.3138469,4.9,118,OPERATIONAL,beauty_salon,,,,False,,,2026-10-09
ChIJ_6YEFBZDXz4RpzyGPMWOMUQ,AKS Beauty Salon,City Mart - Building. 36 Al Rolla Rd - Al Raffa - Dubai - United Arab Emirates,25.2569344,55.2909796,3.9,159,OPERATIONAL,beauty_salon,,,,False,,,2026-10-09
ChIJG4FDtShDXz4RkKsg3TARiAY,Ultimate Look Beauty Salon,Makati Building - 6A St - Al Karama - Dubai - United Arab Emirates,25.2511393,55.304650099999996,4.7,95,OPERATIONAL,beauty_salon,,,,False,,,2026-10-09
ChIJV3iM8rdDXz4RO_pncMJf4ss,Zab's Beauty Salon by Soul Sisters,Shop - 6 18th St - Oud Metha - Dubai - United Arab Emirates,25.2317936,55.3143661,4.6,336,OPERATIONAL,beauty_salon,moderate,100,300,False,,,2026-10-09
ChIJj8yAU8tCXz4ROU_DEpwV0cA,Red Velvet Beauty Salon,18th St - near Dunes Hotel Apartments - Oud Metha - Dubai - United Arab Emirates,25.232098800000003,55.3151738,4.7,289,OPERATIONAL,beauty_salon,,,,False,,,2026-10-09
ChIJ13g1usVDXz4RdLinKpuurv0,Amaraya Beauty Center,"1st Floor, Al shafar Building 7 - Al Wasl Rd - Al Bada' - Dubai - United Arab Emirates",25.213834499999997,55.2585869,4.8,471,OPERATIONAL,beauty_salon,very_expensive,200,700,False,,,2026-10-09
ChIJzXrMixZDXz4RR0QbkRkLi4Y,THE ICON HAIR LADIES BEAUTY SALON,"The Icon Hair Ladies Beauty Salon, Khalid Al Attar Building - Umm Hurair First - Umm Hurair 1 - Dubai - United Arab Emirates",25.2553536,55.30516,3.7,59,OPERATIONAL,beauty_salon,,,,False,,,2026-10-09
ChIJFXPta_lDXz4RsNHsBGiM9os,Right Choice Beauty Salon,"Same Building of York International Hotel, Al Yousuf Complex - 204 Khalid Bin Al Waleed Rd - Bur Dubai - Al Fahidi - Dubai - United Arab Emirates",25.258843799999998,55.296960899999995,4.2,57,OPERATIONAL,beauty_salon,moderate,1,300,False,,,2026-10-09
ChIJK7mTfYFDXz4RJpImTkOu3Qw,Glitter Girls Beauty Salon صالون تجميل البنات اللامع (only For ladies) - Bur Dubai,Al Mina Road - Shop no 8 Al Rolla Street - opp. Dubai custom and port - الرفاعة - دبي - United Arab Emirates,25.2571731,55.285333699999995,4.6,127,OPERATIONAL,beauty_salon,,,,False,,,2026-10-09
ChIJpxzVPxBDXz4RnGTvndFZ62c,Sadaf Beauty Ladies Salon,New Gold Souq - Shop No.17&18 - Building Al Mina St - opp. Dubai Customs - Mankhool - Bur - Dubai - United Arab Emirates,25.2515903,55.2824733,4.3,279,OPERATIONAL,beauty_salon,moderate,100,400,False,,,2026-10-09
ChIJpaWtyddCXz4RduS_UQE9Zvo,Hair Extreme Beauty Salon,Street # 12D - Al Karama - Dubai - United Arab Emirates,25.2454176,55.3054716,4.4,218,OPERATIONAL,beauty_salon,expensive,100,500,False,,,2026-10-09
ChIJ2TuInGdDXz4RJK1DpAaVPi0,LamsatFan Ladies Salon & Home Services,Street 18 - عود ميثاء - دبي - United Arab Emirates,25.2318006,55.314271399999996,4.9,172,OPERATIONAL,beauty_salon,,,,False,,,2026-10-09
ChIJh_QAmLFdXz4RT3w6IILifkQ,Archanas ladies salon,New Safiya Building abuhail - هور العنز - ديرة - دبي - United Arab Emirates,25.2765339,55.34585870000001,4.6,17,OPERATIONAL,beauty_salon,,,,False,,,2026-10-09
ChIJE1sanaJDXz4Rch9MnF_pIgI,Ahlam Ladies Salon,2 17A St - Oud Metha - Dubai - United Arab Emirates,25.2358224,55.3082475,3,2,OPERATIONAL,beauty_salon,,,,False,,,2026-10-09
ChIJZ5Ytac9DXz4ROrZpfXWJZ9s,Simply Diva Ladies Salon,"Sindu Bhavan 16, 60a Street​ G Floor, Shop 1 28486 94940 - Bur Dubai - السوق الكبير - دبي - United Arab Emirates",25.2624128,55.293590099999996,2.3,3,OPERATIONAL,beauty_salon,,,,False,,,2026-10-09
ChIJAVByhiZDXz4Ry9g6sHUeqTc,Super Trim Ladies Salon,Shop 10 - المنخول - دبي - United Arab Emirates,25.249393899999998,55.300215699999995,4,36,OPERATIONAL,beauty_salon,,,,False,,,2026-10-09
ChIJN0xJr9hCXz4RD9DxN1F8_tA,Dream Girl Ladies Salon,Faraj Al Butti Building Block A - G Floor - 24 27A St - الكرامة - دبي - United Arab Emirates,25.244094,55.298660899999994,4.5,135,OPERATIONAL,beauty_salon,moderate,1,200,False,,,2026-10-09
ChIJcSNl1ApDXz4Rycqc9GrgEug,Sadaf Beauty Ladies Salon - Wasl Port Views,"Shop No. 27, Building No. 10 Wasl Port Views - شارع الميناء - مدينة دبي الملاحية - الميناء - دبي - United Arab Emirates",25.245435,55.2762257,4.3,35,OPERATIONAL,beauty_salon,moderate,1,300,False,,,2026-10-09
ChIJv815OLRDXz4RHEw3GnV604Q,Glamorous ladies salon,Rolla street - الرفاعة - دبي - United Arab Emirates,25.2569679,55.2884405,3,20,OPERATIONAL,beauty_salon,,,,False,,,2026-10-09
ChIJ6-O78dhcXz4RY5P19DCNDrs,Euphoria Ladies Beauty Lounge,Centurion Star Tower - Shop 12 34th street - Port Saeed - Deira - Dubai - United Arab Emirates,25.2541733,55.3284586,4.4,294,OPERATIONAL,beauty_salon,moderate,100,400,False,,,2026-10-09
ChIJXYnEnxZDXz4RL-0ai9I9jM4,Divalicious ladies salon,Al Rolla Street - opposite Aster Pharmacy Shop # 1 - Bur Dubai - Dubai - United Arab Emirates,25.257291600000002,55.2883849,4.3,413,OPERATIONAL,beauty_salon,moderate,1,200,False,,,2026-10-09
ChIJt7g76v5DXz4RhXbaNnObgw4,Lordz n Ladies Salon by Christina,New Gold Souq - Al Raffa - Dubai - United Arab Emirates,25.2515251,55.282570799999995,3.9,31,OPERATIONAL,beauty_salon,,,,False,,,2026-10-09
ChIJ02ad-ltDXz4Rr_OFpmACFyk,Bombshell Ladies Salon,Al Sharafi Building - 12D St - Al Karama - Dubai - United Arab Emirates,25.245139700000003,55.3066378,4.6,11,OPERATIONAL,beauty_salon,,,,False,,,2026-10-09
ChIJXxEMQzxDXz4R809rN0-wc8M,Classic Blossom ladies salon LLC,near Union metro station - Al Rigga - Dubai - United Arab Emirates,25.267361899999997,55.314294999999994,4.7,87,OPERATIONAL,beauty_salon,,,,False,,,2026-10-09
ChIJz-D_LUxDXz4Rw5eIXQEmfnQ,DRAMA QUEEN LADIES SALON,Al Mussallah Rd - Al Souq Al Kabeer - Al Fahidi - Dubai - United Arab Emirates,25.2625721,55.3000962,4.7,78,OPERATIONAL,beauty_salon,,,,False,,,2026-10-09
ChIJF5uvt6xdXz4RcH7QgngHefs,PRETTY QUEEN LADIES SALON,Park 1 - Al Muteena - Deira - Dubai - United Arab Emirates,25.2742698,55.324256999999996,4.3,76,OPERATIONAL,beauty_salon,,,,False,,,2026-10-09
ChIJoYIqGRpDXz4RpbxTKU4Y-sc,Gratia Ladies Salon,15 2B St - Al Hudaiba - Dubai - United Arab Emirates,25.2431585,55.2775247,4.6,65,OPERATIONAL,beauty_salon,expensive,1,600,False,,,2026-10-09
ChIJe4z7kLFpXj4R8ChzMToftoQ,Nine by Blonde,Khalifa Al Mubarak St - Al Qurm - Qasr Al Shatie - Abu Dhabi - United Arab Emirates,24.426402799999998,54.3813411,4.2,144,OPERATIONAL,beauty_salon,expensive,100,500,False,,,2026-10-09
ChIJWZU8RV5pXj4RQh7WVMBVA4M,Hair Space Ladies Salon by Zain & Steve,Royal M Hotel by Gewan - Al Bateen - W35 - Abu Dhabi - United Arab Emirates,24.449115499999998,54.337890699999996,4.9,72,OPERATIONAL,beauty_salon,,,,False,,,2026-10-09
ChIJ1Qp9DABvXj4RJ48YOfSoG3g,onwan style gents salon,C8XQ+884 Royal M Hotel Marasi - Inside lobby - near to gym - البطين - غرب 35 - أبو ظبي - United Arab Emirates,24.4486261,54.3382747,4.9,71,OPERATIONAL,barber_shop,,,,False,,men-only,2026-10-09
ChIJQdR3YXhlXj4Rs1lVb0ScdqY,hairitage lounge salon,marasy - Al Bateen - W35 - Abu Dhabi - United Arab Emirates,24.4510334,54.3343913,5,1,OPERATIONAL,hair_salon,,,,False,,,2026-10-09
ChIJKWEm4qFlXj4RsO8HGqkKulQ,Bateen Marina Barber,C8XJ+WHR - Al Bateen - W35 - Abu Dhabi - United Arab Emirates,24.4498613,54.331375699999995,4.3,4,OPERATIONAL,barber_shop,,,,False,,men-only,2026-10-09
ChIJUR0MMCtlXj4RCrmzug27EF4,Filter Ladies Salon Marasy,Al Bateen – Marasy Building 4 – Shop no 2 - البطين - غرب 35 - أبو ظبي - United Arab Emirates,24.451099499999998,54.3338669,4.9,52,OPERATIONAL,beauty_salon,very_expensive,200,800,False,,,2026-10-09
ChIJ9aiDGABvXj4Rmqzih9RDTWM,Taiwanese Massage Serenity Hub,C8XP+6X3 - Al Bateen - W35 - Abu Dhabi - United Arab Emirates,24.448602400000002,54.3377798,5,6,OPERATIONAL,beauty_salon,,,,False,,,2026-10-09
ChIJNcEbcyNpXj4RN7bElDhvr2U,MIA BELLA BEAUTY LOUNGE,Ar Rimth St - Al Mushrif - W22 - Abu Dhabi - United Arab Emirates,24.4439583,54.368438,4.6,1104,OPERATIONAL,beauty_salon,moderate,100,400,False,,,2026-10-09
ChIJ-YhJtkppXj4Rabaoqq1SQSw,Pink Me Up Beauty Lounge By Julia,villa 852 Al Khaleej Al Arabi St - Al Bateen - W21 - Abu Dhabi - United Arab Emirates,24.440706,54.3698889,4.6,773,OPERATIONAL,beauty_salon,,,,False,,,2026-10-09
ChIJhVWfudppXj4RW1NJDUldjnk,Tips and Toes Khaleej,Villa # 816 Al Khaleej Al Arabi St - Al Bateen - W21 - Abu Dhabi - United Arab Emirates,24.443234999999998,54.3675005,4.2,682,OPERATIONAL,beauty_salon,moderate,200,300,False,,,2026-10-09
ChIJjwQqBABpXj4REuTQ2Av-a9Q,Glow in Grace Ladies Salon,C9X5+R56 - Al Bateen - W18 03 - Abu Dhabi - United Arab Emirates,24.4495278,54.3578977,4.8,55,OPERATIONAL,beauty_salon,,,,False,,,2026-10-09
ChIJcUCfJsdpXj4Rr4YKloDlJPw,Inspire spa,839 Al Khaleej Al Arabi St - Al Mushrif - W22 - Abu Dhabi - United Arab Emirates,24.442365,54.369822199999994,5,1,OPERATIONAL,hair_salon,,,,False,,,2026-10-09
ChIJ0TaixelpXj4RNujWv0mWuVk,صالون تبزنستويس,816 Al Khaleej Al Arabi St - Al Bateen - W21 - Abu Dhabi - United Arab Emirates,24.4432284,54.367551199999994,5,1,OPERATIONAL,beauty_salon,,,,False,,,2026-10-09
ChIJfTM1sL1pXj4RMz_zxOsTuyM,Rival Beauty Lounge Al Khaleej,810 Al Khaleej Al Arabi St - Al Bateen - W21 - Abu Dhabi - United Arab Emirates,24.4434577,54.3671739,4.9,9,OPERATIONAL,beauty_salon,,,,False,,,2026-10-09
ChIJyVN5GCdHXj4ReNVO3YUVu1I,BUFF AND BLOW WOMEN PERSONAL CARE AND BEAUTY,Jazirat Muflih Street - Al Mushrif - W24 02 - Abu Dhabi - United Arab Emirates,24.453018,54.3858872,4.2,151,OPERATIONAL,beauty_salon,,,,False,,,2026-10-09
ChIJJ6Rmi0NpXj4RirmSVXHGwrE,Dye & Dry,24th Street - Al Mushrif - W52 02 - Abu Dhabi - United Arab Emirates,24.4401117,54.3901805,4.4,65,OPERATIONAL,beauty_salon,,,,False,,,2026-10-09
ChIJ_X5_sYloXj4R7yEMS_c4eKE,Style Beauty Salon,Airport Road - Al Mushrif - W24 02 - Abu Dhabi - United Arab Emirates,24.450418199999998,54.388448399999994,4,54,OPERATIONAL,beauty_salon,,,,False,,,2026-10-09
ChIJ6ceRi2pnXj4RO9pOhI7icjE,SOSO BELLE LAIDES SALON,Airport Rd - Al Mushrif - W24 02 - Abu Dhabi - United Arab Emirates,24.453135699999997,54.386204199999995,5,25,OPERATIONAL,beauty_salon,,,,False,,,2026-10-09
ChIJT7KcLitpXj4Rh5bcE_YzEJE,Love Forever,74 Al Hikmah St - Al Mushrif - W46 02 - Abu Dhabi - United Arab Emirates,24.439421799999998,54.3925968,4,2,OPERATIONAL,hair_salon,,,,False,,,2026-10-09
ChIJtaypk6VHXj4Rno3wZUgkHEU,Fushia Beauty Ladies Salon,F93P+59R Cafeteria Al Akkawi Building - Sheikh Rashid Bin Saeed St - Al Mushrif - W24 02 - Abu Dhabi - United Arab Emirates,24.4529984,54.385906000000006,4.1,15,OPERATIONAL,beauty_salon,,,,False,,,2026-10-09
ChIJxQc-metlXj4RA2Np0qHrA70,Sisters Beauty Lounge Hair Salon - St. Regis Nation Towers,"St. Regis Hotel The, Nation Towers - 3rd Floor - next to Remede Spa an - Al Bateen - W44 - Abu Dhabi - United Arab Emirates",24.463715,54.328012,4.9,440,OPERATIONAL,beauty_salon,,,,False,,,2026-10-09
ChIJUQmc5sVlXj4R2PCDAWYrzt0,Tips and Toes - Nation Towers,"Nation Towers 1st Street Al Bateen 2nd floor, Shop 516 - البطين - غرب 44 - أبو ظبي - United Arab Emirates",24.464233,54.3274707,4.5,383,OPERATIONAL,beauty_salon,,,,False,,,2026-10-09
ChIJvzTI6fZlXj4RF8U8gHHjyio,Le Cle Beauty and Wellness Center,156 King Abdullah Bin Abdulaziz Al Saud St - Al Bateen - W32 - Abu Dhabi - United Arab Emirates,24.4571348,54.3185739,4.2,177,OPERATIONAL,beauty_salon,very_expensive,100,700,False,,,2026-10-09
ChIJNYLTB-tlXj4RSEYSqRV0fDE,Allure Beauty Centre,180 King Abdullah Bin Abdulaziz Al Saud St - Al Bateen - W32 - Abu Dhabi - United Arab Emirates,24.458316399999998,54.3202582,4.9,174,OPERATIONAL,beauty_salon,very_expensive,200,500,False,,,2026-10-09
ChIJl4t8sCFlXj4Ry5dEpCHij1w,Figaro Style Gents Salon,"condrad hotel Etihad Tower-03 podium 03, Opp Emirates Palace Hotel - Corniche W St - البطين - غرب 32 - أبو ظبي - United Arab Emirates",24.458418599999998,54.322327300000005,4.9,87,OPERATIONAL,barber_shop,,,,False,,men-only,2026-10-09
ChIJYXvJfPdlXj4RmcqPihLlFT8,G CLASS SALON,"St. Regis Hotel - The, أبراج نيشن - 3rd Floor - البطين - غرب 44 - أبو ظبي - United Arab Emirates",24.4639314,54.3271887,5,21,OPERATIONAL,hair_salon,,,,False,,,2026-10-09
ChIJM2Mrq3JlXj4RdSoVl44wGnI,Urban Cuts Barbershop (Etihad Towers),P1 Avenues at Etihad Towers - Corniche W St - البطين - غرب 32 - أبو ظبي - United Arab Emirates,24.4590525,54.3214733,4.4,61,OPERATIONAL,barber_shop,,,,False,,men-only,2026-10-09
ChIJP8lwH-tlXj4R7n0s3BN0qpg,Noor beauty salon | GRAND HAYATT,GRAND HYATT | - King Abdullah Bin Abdulaziz Al Saud St - Al Bateen - W32 - Abu Dhabi - United Arab Emirates,24.4574826,54.320816,5,10,OPERATIONAL,beauty_salon,,,,False,,,2026-10-09
ChIJIdnAcBtlXj4ReLhQ8LafChQ,Beautlux Beauty Salon Abu Dhabi,"Spa Level P3M - Conrad, Etihad Towers Hotel Spa - البطين - غرب 32 - أبو ظبي - United Arab Emirates",24.459950199999998,54.3211118,4.8,45,OPERATIONAL,beauty_salon,,,,False,,,2026-10-09
ChIJd23po5NlXj4RwUreEU0itg8,ST Beauty,"West Corniche, Jumeirah at Etihad Tower 3, Podium 3 - البطين - غرب 32 - أبو ظبي - United Arab Emirates",24.4588452,54.3215109,4.7,22,OPERATIONAL,beauty_salon,,,,False,,,2026-10-09
ChIJ935DJ0BnXj4REi93Www6b6w,Simon Beauty Salon,Grand Hyatt - 3rd Floor - Al Bateen - W32 - Abu Dhabi - United Arab Emirates,24.4581716,54.320744,4.8,42,OPERATIONAL,beauty_salon,,,,False,,,2026-10-09
ChIJtX9tROtlXj4RIk-cLGMAvcY,Forever Young Beauty Saloon,F87G+58G - W Corniche Rd - Al Bateen - W43 - Abu Dhabi - United Arab Emirates,24.462936799999998,54.325836900000006,2,2,OPERATIONAL,beauty_salon,,,,False,,,2026-10-09
ChIJm5L3bxxnXj4R2bVCq7eRdF0,Rami beauty’s,Grand Hayat Cornish road - Corniche St - Al Bateen - W32 - Abu Dhabi - United Arab Emirates,24.459460399999998,54.3206482,5,5,OPERATIONAL,hair_salon,,,,False,,,2026-10-09
ChIJ7Q7KjQNmXj4ROEhXBTwMTWk,Bedashing Beauty Lounge Khaleej Al Arabi,"Villa 487, Next to Mubarak Bin Muhamad School - الخالدية - غرب 17 2 - أبو ظبي - United Arab Emirates",24.458870200000003,54.3537762,4.6,1753,OPERATIONAL,beauty_salon,,,,True,khaleej-al-arabi,,2026-10-09
ChIJsa0vizFnXj4RdKePMZEwcsY,Kamala tower,2 شارع الزِّبِيل - Al Khalidiyah - W8 - Abu Dhabi - United Arab Emirates,24.4736231,54.347513799999994,4.2,82,OPERATIONAL,beauty_salon,,,,False,,,2026-10-09
ChIJqWAauUtlXj4R5CEvqGsTNdk,Aphrodite Beauty & SPA,Sultan Bin Zayad Street - Das Tower - 9th floor - 903 32nd Street - البطين - أبو ظبي - United Arab Emirates,24.468937699999998,54.337749099999996,4.8,344,OPERATIONAL,beauty_salon,very_expensive,200,600,False,,,2026-10-09
ChIJ7zVlrFNnXj4RNolp-WNFv9A,حلاق ظبياني,Ramlat As Soud St - beside vip - Al Khalidiyah - W9 - Abu Dhabi - United Arab Emirates,24.4694726,54.3473504,4,43,OPERATIONAL,beauty_salon,,,,False,,,2026-10-09
ChIJiZPMTaJnXj4RHOK4tARmadY,The Wave Lounge Beauty Spa Al Bateen,Corner of Al Khaleej Al Arabi - شارع القريمه - and - غرب 11 - أبو ظبي - United Arab Emirates,24.4638013,54.34786580000001,4.6,259,OPERATIONAL,beauty_salon,very_expensive,300,900,False,,,2026-10-09
ChIJhS7daENnXj4RDkqHu8tuBvc,حلاق حسون القبيسي,23 شارع العروبة - Al Khalidiyah - الخَالِديةغرب 9 - Abu Dhabi - United Arab Emirates,24.4698699,54.3470362,4.1,60,OPERATIONAL,hair_salon,,,,False,,,2026-10-09
ChIJkfB4BgVmXj4RCj9l9s0IATk,Sisters Beauty Lounge Hair Salon - Al Bateen Villa,Street 10 - between street - Villa #241 شارع خليفة بن شخبوط - الخالدية - 9 and 11 - أبو ظبي - United Arab Emirates,24.4628586,54.354886,4.7,1145,OPERATIONAL,beauty_salon,,,,False,,,2026-10-09
ChIJfS8fdSdnXj4Re-Hd6z48PNs,Remedy Room,420 Al Khaleej Al Arabi St - Al Bateen - W17 03 - Abu Dhabi - United Arab Emirates,24.4615953,54.3496599,4.6,449,OPERATIONAL,beauty_salon,very_expensive,200,700,False,,,2026-10-09
ChIJUy6LoMNlXj4RbjQD6nE6-kQ,Syda Beauty Lounge,Burj Al Khair - 105 Zayed The First St - Al Bateen - W10 - Abu Dhabi - United Arab Emirates,24.4681543,54.3405072,4.7,418,OPERATIONAL,beauty_salon,very_expensive,100,700,False,,,2026-10-09
ChIJz6dobOJlXj4RX9XDqXofqHE,House of Allure Beauty and Spa,30th St Opposite Al Khalidiyah Park - شارع الخَلِيج العَرَبي - البطين - غرب 11 - أبو ظبي - United Arab Emirates,24.4659731,54.345841699999994,4.5,347,OPERATIONAL,beauty_salon,,,,False,,,2026-10-09
ChIJQTsb0AhmXj4RdCam14AheBk,Mariage beauty lounge,VILLA 186 Khalifa Bin Shakhbout St - Al Khalidiyah - W9 - Abu Dhabi - United Arab Emirates,24.465776299999998,54.3514243,4.3,160,OPERATIONAL,beauty_salon,,,,False,,,2026-10-09
ChIJg6FONuBnXj4RkIDJUY_jwfU,Magio Hair Experience - Al Bateen,Al Ghaleel St - Al Khalidiyah - W17 02 - Abu Dhabi - United Arab Emirates,24.462029599999997,54.3504766,4.8,312,OPERATIONAL,beauty_salon,,,,False,,,2026-10-09
ChIJaYW4UClnXj4R2OH_mVOFax8,Nado Beauty,Mermaid Building - M2 - Al Khalidiyah - W9 - Abu Dhabi - United Arab Emirates,24.472951300000002,54.348063700000004,4.6,638,OPERATIONAL,beauty_salon,,,,False,,,2026-10-09
ChIJ_5qkYOdlXj4RVHzHaKniICA,Visage by (Sydney Royal Clinic),Al Hana Tower - M2 - W Corniche Rd - البطين - غرب 10 - أبو ظبي - United Arab Emirates,24.470967899999998,54.3397709,4.8,136,OPERATIONAL,medical_clinic,,,,False,,not-a-salon,2026-10-09
ChIJv_c8XKhlXj4R37pIbgaaggo,Backstage Beauty Lounge,Al Arabia Press & Media Building - Al Bateen - W10 - Abu Dhabi - United Arab Emirates,24.4682386,54.339350499999995,4.7,88,OPERATIONAL,beauty_salon,,,,False,,,2026-10-09
ChIJnziwXgtmXj4RAe6_Mb7E0TA,Yang Style Ladies Salon,"M03-04, Building # 43, Mubarak Bin Mohammed Street, Sector C 38 - Near Choithram Supermarket - Al Khalidiyah - W4 - Abu Dhabi - United Arab Emirates",24.473274099999998,54.3517643,4.9,1322,OPERATIONAL,beauty_salon,moderate,100,400,False,,,2026-10-09
ChIJvysqPeZlXj4RPkmtrnhiqkQ,Tonic Legends Barbershop,124 Al Bateen St - Al Bateen - W12 - Abu Dhabi - United Arab Emirates,24.4675032,54.3384972,4.9,696,OPERATIONAL,barber_shop,moderate,100,200,False,,men-only,2026-10-09
ChIJAcAZ-VFnXj4R-SK9U-Yrq1w,Roots Ladies Salon,Villa No 447 - 1 W17 - Al Bateen - W17 02 - Abu Dhabi - United Arab Emirates,24.460868899999998,54.351691699999996,4.5,70,CLOSED_TEMPORARILY,beauty_salon,,,,False,,not-operational,2026-10-09
ChIJ-xQ51yplXj4R0C5AxmRh0KM,Hola Ladies Beauty Center,F8CR+57J Al Jimi Tower - Hamdan Bin Mohammed St - Al Bateen - W10 - Abu Dhabi - United Arab Emirates,24.4702932,54.3406765,4.6,305,OPERATIONAL,beauty_salon,expensive,200,400,False,,,2026-10-09
ChIJZ-M2UgBnXj4RscZnYuRSk1Y,Razor republic saloon,Abu Dhabi - Al Hisn - W4 - Abu Dhabi - United Arab Emirates,24.4737396,54.3518395,4.8,139,OPERATIONAL,hair_salon,moderate,1,250,False,,,2026-10-09
ChIJkzlGXCZmXj4Rv0Ng_vrsMsI,صالون عروس الخليج - Gulf Bride Saloon,F97G+JQW - Al Nahyan - Zone 1 - Abu Dhabi - United Arab Emirates,24.4641077,54.3769614,4.5,555,OPERATIONAL,beauty_salon,expensive,100,500,False,,,2026-10-09
ChIJl5huYkBpXj4RX9faSAjd-iA,RITUALS BEAUTY SPA,Mohammed Bin Khalifa St - Al Manhal - W15 02 - Abu Dhabi - United Arab Emirates,24.454787699999997,54.378054199999994,4.4,411,OPERATIONAL,beauty_salon,,,,False,,,2026-10-09
ChIJB5DRKyZmXj4RDRhF9YlGekM,Charm Slimming & Beauty Center مركز شارم للرشاقة والتجميل,Villa Number 722 - Delma Street - Al Nahyan - Zone 1 - Abu Dhabi - United Arab Emirates,24.4640062,54.3792994,4.4,150,OPERATIONAL,beauty_salon,,,,False,,,2026-10-09
ChIJ-bj4weBlXj4RYa1MziOiO6c,Karkafi Hair Extension Abu Dhabi قرقفي للشعر المستعار (اكستنشن) ابوظبي,al manaseer area - Villa 303 - hazza bin Zayed Road - Al Manhal - W18 01 - Abu Dhabi - United Arab Emirates,24.4590616,54.3589525,4.7,554,OPERATIONAL,hair_care,,,,False,,,2026-10-09
ChIJyRCxvUBnXj4R5PTdoN5UFTQ,Little Angel Ladies Salon,520 Sheikh Rashid Bin Saeed St - Al Manhal - W13 01 - Abu Dhabi - United Arab Emirates,24.4728946,54.367449099999995,3.5,179,OPERATIONAL,beauty_salon,moderate,100,300,False,,,2026-10-09
ChIJxw_jYCBmXj4R4W15MAFN0z8,306 Spa | Award-Winning Hair Nails Beauty Salon Abu Dhabi,Villa 306 Karamah Street - Al - W14 01 - Abu Dhabi - United Arab Emirates,24.4600032,54.371109700000005,4.6,517,OPERATIONAL,beauty_salon,,,,False,,,2026-10-09
ChIJx1BuZIdpXj4RYy4-cDCDdS0,Furless Permanent Muroor Rd (Abu Dhabi),"Shop 4, Block C16, Sector E22 Al Darrah St - Muroor Rd - آل نهيان - شرق 22 1 - أبو ظبي - United Arab Emirates",24.457959900000002,54.389051099999996,4.7,513,OPERATIONAL,beauty_salon,,,,False,,,2026-10-09
ChIJMTJk1YBpXj4Rr8PtSnvwj5M,Gold and Ash Shadow Beauty Salon,Al Karamah St - Al Manhal - W15 02 - Abu Dhabi - United Arab Emirates,24.4573067,54.375054399999996,4.7,124,OPERATIONAL,hair_salon,,,,False,,,2026-10-09
ChIJ3dyLL_hpXj4RY54HfB5SeGk,JAW Salon,"Building 18 Office 2 , M Floor, east Block 7 - آل نهيان - شرق 22 - أبو ظبي - United Arab Emirates",24.45673,54.3844168,4.4,271,OPERATIONAL,beauty_salon,moderate,100,400,False,,,2026-10-09
ChIJ_Vu7UilmXj4R0AsGTzHwkaU,Bedashing Beauty Lounge Delma,"Shop 1 & 2, Kim Tower - Delma Street - behind Trans Ad Building - Al Nahyan Area - E25 - Abu Dhabi - United Arab Emirates",24.467954,54.384779599999995,4.6,676,OPERATIONAL,beauty_salon,moderate,1,200,True,delma,,2026-10-09
ChIJxRNBcplpXj4RX-TbGt12084,BYOU Beauty Center,Al Karamah St - Al Manhal - W14 02 - Abu Dhabi - United Arab Emirates,24.4597665,54.372614299999995,4.7,201,OPERATIONAL,beauty_salon,moderate,1,200,False,,,2026-10-09
ChIJo1n-M0JnXj4R7PLlSnGxI_Y,Impala Salon Al Nahyan,20 Saeed Bin Saif Al Falahi St - Al Nahyan - E25 - Abu Dhabi - United Arab Emirates,24.4673122,54.385542799999996,2.4,140,OPERATIONAL,beauty_salon,moderate,100,300,False,,,2026-10-09
ChIJb6QgHwBnXj4Ry47XhnrMDQY,Lamizo ladies salon,Al Karamah St - Al Manhal - W14 01 - Abu Dhabi - United Arab Emirates,24.4595215,54.371630499999995,4.8,98,OPERATIONAL,beauty_salon,,,,False,,,2026-10-09
ChIJ44q9goBDXj4Rw1_ZJL2LHcE,Chic and Sheen Women Salon,First Floor - Unit 104 - Building # 27 Muroor Rd - beside Al Mandoos - Al Nahyan - E25 - Abu Dhabi - United Arab Emirates,24.4641614,54.3856648,4.8,93,OPERATIONAL,beauty_salon,moderate,100,300,False,,,2026-10-09
ChIJvTZgn7VnXj4RG8QW83EDqCw,Alwaseet building,537 Sheikh Rashid Bin Saeed St - Al Danah - Zone 1 - Abu Dhabi - United Arab Emirates,24.471372,54.3700605,4.4,11,OPERATIONAL,barber_shop,,,,False,,men-only,2026-10-09
ChIJnbuwwDZGXj4R2MuK02ZL3RQ,La Poupee Beauty Center - Abu Dhabi,"Building 114, Mezanine Floor, Airport Road - 15th St - next to Abu Dhabi Islamic Bank - before - Zone 1 - أبو ظبي - United Arab Emirates",24.459327899999998,54.38148340000001,4.7,326,OPERATIONAL,beauty_salon,moderate,100,400,False,,,2026-10-09
ChIJ_1-JP91nXj4RrBOgLJu35F4,Impala Salon Muroor Branch,24 شارع قَهْوَان - Al Danah - E18 02 - Abu Dhabi - United Arab Emirates,24.475028200000004,54.3748259,3.2,62,OPERATIONAL,beauty_salon,moderate,100,200,False,,,2026-10-09
ChIJByCypjxnXj4RimMobFiEiKw,Ward Al Furat,Al Na'shi - Al Nahyan - Zone 1 - Abu Dhabi - United Arab Emirates,24.4639632,54.3806521,4.2,92,OPERATIONAL,barber_shop,moderate,60,120,False,,men-only,2026-10-09
ChIJuYirVjFnXj4RhJ2QvewLb9Y,Blink Beauty Bar,Ahl Al 'Azm St - Al Nahyan - E25 - Abu Dhabi - United Arab Emirates,24.4635321,54.38703220000001,4.3,91,OPERATIONAL,beauty_salon,moderate,1,400,False,,,2026-10-09
ChIJ8_vGInVnXj4Rj-RC-PH75Q8,Jades Aveda Concept Abu Dhabi.,al maamoura - Al Nahyan - E25 - Abu Dhabi - United Arab Emirates,24.4637843,54.3873262,4.5,96,OPERATIONAL,beauty_salon,,,,False,,,2026-10-09
ChIJX28z48ZnXj4RrrTv2jMdt1s,The Beauty Lab Ladies Salon,Mamoura - Y Tower - 12th Floor - Al Nahyan area - E25 - Abu Dhabi - United Arab Emirates,24.4655621,54.3867689,4.5,105,OPERATIONAL,beauty_salon,moderate,100,300,False,,,2026-10-09
ChIJZ3VuZhBnXj4RyjUlmklyTsI,Leeniva Women Beauty Lounge,Al Nahyan - E25 - Abu Dhabi - United Arab Emirates,24.4637197,54.385914799999995,4.9,181,OPERATIONAL,beauty_salon,expensive,1,600,False,,,2026-10-09
ChIJs0OGRxhmXj4RyqF8O7pRgMs,Bellacure Beauty Lounge Al Mamoura,and Muroor Al Mamoora - 15th street - Al Nahyan - E25 - Abu Dhabi - United Arab Emirates,24.464727999999997,54.387623999999995,4.6,364,OPERATIONAL,beauty_salon,,,,False,,,2026-10-09
ChIJl_nk5cNnXj4RwjYoWDZgh6g,Voila Beauty & Co Lounge - Abu Dhabi,Building 11 Mizzanin Floor - 28 Saeed Bin Saif Al Falahi St - Al Nahyan - E25 - Abu Dhabi - United Arab Emirates,24.4665717,54.386210299999995,4.8,234,OPERATIONAL,beauty_salon,moderate,100,300,False,,,2026-10-09
ChIJezV0lNVnXj4RGKFKyMO7IA8,Scissors and Blade Gents Salon- صالون سيزرز اند بليدز للرجال,Al Nahyan - E25 - Abu Dhabi - United Arab Emirates,24.464658999999997,54.385967799999996,4.8,191,OPERATIONAL,barber_shop,moderate,40,100,False,,men-only,2026-10-09
ChIJ8z35MOhnXj4RBz5wq89B23E,Brunetta & Blonde ladies Beauty saloon | Al kwar st - Al Nahyan Abu Dhabi,Rain cafe same building near papa kunaffa - Tanker Mai area - M-03 - Building 58 شارع الكوَار - opposite of Oasis Chinese Restaurant - آل نهيان - Zone 1 - أبو ظبي - United Arab Emirates,24.460840700000002,54.3853674,4.7,175,OPERATIONAL,beauty_salon,very_expensive,100,600,False,,,2026-10-09
ChIJFRtjJr5nXj4RH8E6eCIm0NM,صالون لبناني,29 شارع قَرْن عُوْيَان - آل نَهيانE25 - E25 - Abu Dhabi - United Arab Emirates,24.4640669,54.386389099999995,3.1,9,OPERATIONAL,beauty_salon,,,,False,,,2026-10-09
ChIJn9KShVdpXj4RDEEMcAqN5gA,Sisters Beauty Lounge Salon - Marina Mall Abu Dhabi,Marina Mall - Al Kasir - Kasser Al Amwaj - Abu Dhabi - United Arab Emirates,24.474704300000003,54.322541099999995,4.7,135,OPERATIONAL,beauty_salon,,,,False,,,2026-10-09
ChIJ94Q2oxdnXj4RC8z7IuzhV2c,Epic Hair Studio,"Akasshat St - Level1, Baynunah Tower - 1 - Corner شارع اللَّيَّانة - الحصن - المركزية غرب - أبو ظبي - United Arab Emirates",24.4824459,54.350227100000005,4.8,925,OPERATIONAL,barber_shop,moderate,40,160,False,,men-only,2026-10-09
ChIJW1ZZSkNmXj4ROlTwRMqMJUc,Desert Wave Beauty Center,Najda street - Fatima Bint Mubarak St - Al Danah - E11 - Abu Dhabi - United Arab Emirates,24.4899737,54.370790199999995,4.2,1148,OPERATIONAL,beauty_salon,moderate,1,200,False,,,2026-10-09
ChIJV_fiWINnXj4RSVmfyhdlhnI,Maiyas Beauty Salon - By Maiyas Makeup Artist,Al Hisn St - شارع خليفة بن زايد الأول - الحصن - المركزية غرب - أبو ظبي - United Arab Emirates,24.485785099999998,54.3530307,4.7,861,OPERATIONAL,beauty_salon,,,,False,,,2026-10-09
ChIJHYAIMgBnXj4RLEfhkv4gRHg,Najda street Abu Dhabi home,11 Dilmun St - Al Danah - E3-02 - Abu Dhabi - United Arab Emirates,24.486670699999998,54.3722478,4.8,19,OPERATIONAL,beauty_salon,,,,False,,,2026-10-09
ChIJn-VSqNlnXj4R47V-_I-fBjI,Phenomenal Ladies Salon,Khadim Bin Butti Al Hamed St - Al Hisn - W6 - Abu Dhabi - United Arab Emirates,24.4794523,54.3517946,4.7,613,OPERATIONAL,beauty_salon,,,,False,,,2026-10-09
ChIJ1_XlqW5mXj4R2AysySiBqcQ,صالون سونا مدينة زايد Sona salon,مدينة زايد - Zone 1 - أبو ظبي - United Arab Emirates,24.4823538,54.3627122,3.6,106,OPERATIONAL,beauty_salon,,,,False,,,2026-10-09
ChIJB2qvUzlnXj4Ru2ErXtcNvvk,HALO Beauty,Zone 1E3-02 - 33 شارع الطبيلي - الدانة - شرق 3-02 - أبو ظبي - United Arab Emirates,24.4912386,54.3674393,4.8,1180,OPERATIONAL,beauty_salon,moderate,1,300,False,,,2026-10-09
ChIJZRR1sEBmXj4RXNuJ5Ox0s2Q,Saloon Afnan,Al Falah Street - Old Pasport Rd - Al Danah - E18 02 - Abu Dhabi - United Arab Emirates,24.480784999999997,54.373371,4,327,OPERATIONAL,beauty_salon,moderate,1,200,False,,,2026-10-09
ChIJ09YGNc5nXj4RwhYG0cOt4EA,TRINA BEAUTY CENTER - ABU DHABI,"M2, City Season Al HAMRA, Electra - Sheikh - City Season Al HAMRA, Electra - شارع زايد الأول - الدانة - شرق 11 - أبو ظبي - United Arab Emirates",24.4909257,54.370974,4.4,262,OPERATIONAL,beautician,,,,False,,,2026-10-09
ChIJ9aiQWhRVsk8R7Wc-AZs4BkU,Moon Marimar Beauty Salon,JOLLIBEE BUILDING - Al Falah St - Al Danah - Zone 1 - Abu Dhabi - United Arab Emirates,24.478864400000003,54.369144999999996,4.3,260,OPERATIONAL,beauty_salon,moderate,1,300,False,,,2026-10-09
ChIJA08z79VnXj4RDoBZEk7Amgs,Get Lashed Beauty Lounge,Al Saada Tower - Mezzanine Floor - Corniche St - Al Danah - Zone 1 - Abu Dhabi - United Arab Emirates,24.4910422,54.358144499999995,4.8,363,OPERATIONAL,beauty_salon,moderate,100,400,False,,,2026-10-09
ChIJ8zGKLWdmXj4RaTmrRR5zwJ0,"Paramount Clinics ( dental , derma, laser hair removal)",complex Plaza Tower Office - Office No.503 - 504 Al Najda Street - opp. Al Mariah Mall - Al Danah - E8 - Abu Dhabi - United Arab Emirates,24.4931996,54.3669211,4.8,279,OPERATIONAL,medical_clinic,,,,False,,not-a-salon,2026-10-09
ChIJPU5JKHFmXj4RrYmSwxlGq80,Parisa Beauty Salon,Al Nasser St - Al Hisn - W6 - Abu Dhabi - United Arab Emirates,24.4822483,54.3528667,4.8,276,OPERATIONAL,beauty_salon,,,,False,,,2026-10-09
ChIJu_blBE1nXj4RuqjCD1qHHaY,Top Touch Gents salon & spa صالون وسبا توب تاتش,503 Sultan Bin Zayed The First St Al - with Al Falah - Muroor Rd - opposite Habib Bank - الدانة - شرق 18 2 - أبو ظبي - United Arab Emirates,24.4785848,54.371173000000006,4.8,459,OPERATIONAL,hair_salon,,,,False,,men-only,2026-10-09
ChIJf81O8pxnXj4RZbeB1TrS6-k,HK Barbers - World Trade Center Mall,"First Floor - Hk Barbers - Mall, World Trade Center - شارع خليفة بن زايد الأول - الدانة - شرق 2 - أبو ظبي - United Arab Emirates",24.4881055,54.3568739,4.9,391,OPERATIONAL,barber_shop,,,,False,,men-only,2026-10-09
ChIJuaSSHi5nXj4Ra0WscH_VXFg,White Tower,310 Khalifa Bin Zayed The First St - Al Danah - Zone 1 - Abu Dhabi - United Arab Emirates,24.490172,54.359235399999996,4,52,OPERATIONAL,beauty_salon,,,,False,,,2026-10-09
ChIJF4h7eNJnXj4R5ks2kNdQdTA,Eden Beauty Center,Abu Waleed Shop Building - Sheikh Rashid Bin Saeed St - Al Danah - Zone 1 - Abu Dhabi - United Arab Emirates,24.479539199999998,54.3626509,4,174,OPERATIONAL,beauty_salon,,,,False,,,2026-10-09
ChIJ0W54N8ZnXj4RzDL7E7dYvI0,Garmesh Saloon,F9V7+52V - Khalifa Bin Zayed The First St - Al Danah - Zone 1 - Abu Dhabi - United Arab Emirates,24.493,54.362544799999995,4.4,109,OPERATIONAL,barber_shop,,,,False,,men-only,2026-10-09
ChIJqTeaHthnXj4R4mu23EJamJY,Eternity Beauty Studio Russian Salon - Abu Dhabi ستوديو تجميل الخلود,Beside HANGER and Mark & Spencer Opposite World Trade Center Mall BHS & ADNOC Hamdan Bin Mohammed Street AL Sayegh Center Shop Number 15 - الدانة - Zone 1 - أبو ظبي - United Arab Emirates,24.4858947,54.3586628,4.8,381,OPERATIONAL,beauty_salon,very_expensive,300,700,False,,,2026-10-09
ChIJk8hQALtnXj4R0sneJuNBZPc,Konjet Beauty Saloon,Abu Dhabi - Al Zahiyah - E16 02 - Abu Dhabi - United Arab Emirates,24.489785899999998,54.383536899999996,4.6,626,OPERATIONAL,beauty_salon,moderate,1,200,False,,,2026-10-09
ChIJVbstSFBmXj4R449I_E3vMkY,Lulu Beauty Centre,First Floor، RAK Bank Building - Al Zahiyah - E16 01 - Abu Dhabi - United Arab Emirates,24.4938775,54.3815889,4.4,379,OPERATIONAL,beauty_salon,expensive,100,500,False,,,2026-10-09
ChIJkUYZJK5nXj4RiJ9Ku8bXwdM,Its Beauty Ladies Salon – Waterfront Tower A,"Waterfront Tower A, Ground floor, Shop C105 - الزاهية - شرق 16 2 - أبو ظبي - United Arab Emirates",24.4913229,54.3863846,4.8,1431,OPERATIONAL,beauty_salon,very_expensive,200,500,False,,,2026-10-09
ChIJE954bXBnXj4R0i-p2WyA0dk,صالون قبل و بعد Q and B beauty salon,بناية 66 الطابق الثالث - ʹAradah St - Al Nahyan - E19 02 - Abu Dhabi - United Arab Emirates,24.477845400000003,54.383651400000005,4.5,265,OPERATIONAL,beauty_salon,,,,False,,,2026-10-09
ChIJV0RnGUlnXj4RlaeKnqs23gw,Jocker gents salon,شارع السليم - Al Zahiyah - E16 02 - Abu Dhabi - United Arab Emirates,24.4898718,54.3838885,4.7,24,OPERATIONAL,hair_salon,,,,False,,men-only,2026-10-09
ChIJWbEXrURmXj4RqTlvNIxNwMg,Makeover beauty center,Building Number C65 - E11 ارع أَزْهَى - Al Danah - E11 - Abu Dhabi - United Arab Emirates,24.4905561,54.374835100000006,4.5,52,OPERATIONAL,beauty_salon,,,,False,,,2026-10-09
ChIJIYAxKfpnXj4RttR5NvR6D0Q,Ladroma Royal House of Beauty,Sheikh Zayed Bin Sultan St - Al Zahiyah - E16 - Abu Dhabi - United Arab Emirates,24.4928815,54.377392699999994,4.8,567,OPERATIONAL,beauty_salon,moderate,100,400,False,,,2026-10-09
ChIJV-MZgqZnXj4RqyrxMfMdd98,Naturals Salon,903 Al Falah St - near Mitsubishi Showroom - Al Danah - E11 - Abu Dhabi - United Arab Emirates,24.484094799999998,54.3765643,4.8,509,OPERATIONAL,beauty_salon,very_expensive,100,700,False,,,2026-10-09
ChIJo_i7NZdnXj4RihR5VX4FrgI,Beats And Cuts Gents Saloon,Al Zahiyah - E16 02 - Abu Dhabi - United Arab Emirates,24.4897781,54.383573999999996,4.6,21,OPERATIONAL,hair_salon,,,,False,,men-only,2026-10-09
ChIJNS4mnhZnXj4ROmaMfmpRpog,Summer colour's ladies salon,F9RM+F2C - Hamdan Bin Mohammed St - Al Zahiyah - E16 02 - Abu Dhabi - United Arab Emirates,24.4911849,54.3825247,3.6,43,OPERATIONAL,beauty_salon,moderate,1,200,False,,,2026-10-09
ChIJmY8cvnHui2sRb7FTWZ29zT8,Bishkek Ladies Salon,12 zain al' abideen street - Al Zahiyah - E15 - Abu Dhabi - United Arab Emirates,24.4960283,54.3755959,4.7,444,OPERATIONAL,beauty_salon,very_expensive,200,600,False,,,2026-10-09
ChIJbQHc7pNnXj4RF200Q0MY2ik,"House of Barber Salon (HOB) - Al Falah Street, Abu Dhabi",843 Al Falah St - near Citi Bank - Al Danah - E4 02 - Abu Dhabi - United Arab Emirates,24.48276,54.3745991,4.4,420,OPERATIONAL,barber_shop,moderate,20,100,False,,men-only,2026-10-09
ChIJcdzVQ0lmXj4R8LF1iNswxUY,صالون حلا للسيدات Hala ladys Saloon,الرويضة خلف مطعم زهرة لبنان - مقابل البحريه - Al Zahiyah - E16 02 - Abu Dhabi - United Arab Emirates,24.4899499,54.3825195,4.1,113,OPERATIONAL,beauty_salon,,,,False,,,2026-10-09
ChIJG9QuzEBmXj4RFF3cHMHXnFE,Moonlight Ladies Salon,9th St - Rapco Building - M Floor - Al Falah St - الدانة - شرق 4 2 - أبو ظبي - United Arab Emirates,24.482493599999998,54.3734192,4.6,436,OPERATIONAL,beauty_salon,very_expensive,200,700,False,,,2026-10-09
ChIJicmWN_5nXj4RlcNpSiVRe_k,J’ADORE beauty center,Um al u - Al Reem Island - Shams Abu Dhabi - Abu Dhabi - United Arab Emirates,24.497488099999998,54.411921299999996,4.6,214,OPERATIONAL,beautician,,,,False,,,2026-10-09
ChIJGQcdzZNnXj4REEerUGl7wDg,Kozma Curl Al Reem Island,"Shop G15, Horizon towers RT3 - جزيرة الريم - طموح - أبو ظبي - United Arab Emirates",24.4936585,54.4038039,4.8,335,OPERATIONAL,hair_salon,expensive,150,450,False,,,2026-10-09
ChIJQcy0bbxnXj4R-WqMI3VHVNI,Boudoir Beauty Lounge,Boutik Mall R1-30/31 Level 1 - جزيرة الريم - شمس أبوظبي - أبو ظبي - United Arab Emirates,24.495973499999998,54.407997099999996,4.7,649,OPERATIONAL,beauty_salon,expensive,100,500,False,,,2026-10-09
ChIJXZUJL9FnXj4R5Uc3ye-seFc,"House of Barber Family Salon (HOB) - Najmat, Al Reem, Abu Dhabi",Najmat tower Reem bay tower - Al Reem Island - RR2 - Abu Dhabi - United Arab Emirates,24.483663399999998,54.4053201,4.7,178,OPERATIONAL,beauty_salon,moderate,1,100,False,,men-only,2026-10-09
ChIJCaoQQadnXj4Re4db7CrsJZw,"House of Barber Family Salon (HOB) - Shams Boutik, Al Reem, Abu Dhabi","Shams Boutique - Arc A, The Gate Towers - جزيرة الريم - شمس أبوظبي - أبو ظبي - United Arab Emirates",24.4939797,54.4093918,4.4,309,OPERATIONAL,barber_shop,moderate,40,80,False,,men-only,2026-10-09
ChIJ_d7LWzNnXj4RGDMh0Ss42H8,Tips and Toes - Reem Mall,Spinneys entrance - Reem Mall - Basement level 1 - جزيرة الريم - نجمة أبوظبي - أبو ظبي - United Arab Emirates,24.4897887,54.402035399999995,4.3,331,OPERATIONAL,beauty_salon,expensive,100,500,False,,,2026-10-09
ChIJjxX0knlnXj4R44jguI9QG6w,Level Up Russian beauty salon,"ground floor, Horizon towers - Al Reem Island - Tamouh - Abu Dhabi - United Arab Emirates",24.493979799999998,54.4037935,4.4,74,OPERATIONAL,beauty_salon,,,,False,,,2026-10-09
ChIJ9e053dZnXj4Rq-qx9RMLzKg,The Barber Corner Unisex Salon & Tattoo Studio,najmath C10 - shop 2 - جزيرة الريم - الريم الريم 3 - أبو ظبي - United Arab Emirates,24.485512099999998,54.407747699999994,4.9,137,OPERATIONAL,beauty_salon,moderate,1,300,False,,men-only,2026-10-09
ChIJ8TsCxJ1nXj4RbbrhicyE6kc,Marjorie Spa & Beauty Ladies Salon,Mangrove Place - Rabat St - Al Reem Island - Shams Abu Dhabi - Abu Dhabi - United Arab Emirates,24.4970055,54.408809999999995,4.9,86,OPERATIONAL,beauty_salon,,,,False,,,2026-10-09
ChIJ5wt_y71nXj4Rf9V6KjoRaDQ,WOW Beauty Salon - Reem Mall,Ground Floor F-190 - Al Reem Island - Najmat Abu Dhabi - Abu Dhabi - United Arab Emirates,24.4886566,54.40133,4.7,600,OPERATIONAL,hair_salon,moderate,100,250,False,,,2026-10-09
ChIJLTqJ-T5nXj4RxuQtk1k7Cq0,Manhattan Gents Salon,Mangrove Place (basement 1 - جزيرة الريم - شمس أبوظبي - أبو ظبي - United Arab Emirates,24.497065499999998,54.4092606,4.4,131,OPERATIONAL,barber_shop,moderate,60,100,False,,men-only,2026-10-09
ChIJ7-O7sH1nXj4Ruiwbj6pPfJo,Hamilton & Edwards Ladies Hair Salon,Mangrove Place - Al Reem Island - جزيرة الريم - شمس أبوظبي - أبو ظبي - United Arab Emirates,24.4971191,54.4091763,5,81,OPERATIONAL,beauty_salon,,,,False,,,2026-10-09
ChIJHRSMuBpnXj4ReujgE1dwHj0,AZUL Beauty Salon,Shams Boutik Shopping mall - Al Reem Island - Shams Abu Dhabi - Abu Dhabi - United Arab Emirates,24.496153099999997,54.407797099999996,4.5,119,OPERATIONAL,beauty_salon,moderate,100,300,False,,,2026-10-09
ChIJMYRAabxnXj4RQapJQ2VMuY4,Aziz Salon Boutik Mall Branch,Boutik Mall Reem Island - جزيرة الريم - شمس أبوظبي - أبو ظبي - United Arab Emirates,24.4960697,54.407165799999994,4,158,OPERATIONAL,barber_shop,moderate,100,180,False,,men-only,2026-10-09
ChIJTzbECidnXj4RapPAqym1g6g,Kids Style Salon Reem Mall,Reem Mall - Al Reem Island - Najmat Abu Dhabi - Abu Dhabi - United Arab Emirates,24.4889603,54.4018393,4.6,204,OPERATIONAL,hair_salon,moderate,50,100,False,,,2026-10-09
ChIJM_cTHgBnXj4Rcz0pQfziQdc,Kids nice world children salon,FCW4+GCM شمس بوتيك - Al Reem St - Al Reem Island - Shams Abu Dhabi - Abu Dhabi - United Arab Emirates,24.4963436,54.4060588,4.4,14,OPERATIONAL,hair_salon,,,,False,,,2026-10-09
ChIJRabwLRJnXj4ROYAQ0vTraXI,MQ Trims & Head,FCW5+9GV - Al Reem St - Al Reem Island - Shams Abu Dhabi - Abu Dhabi - United Arab Emirates,24.4959918,54.4090353,1,1,OPERATIONAL,barber_shop,,,,False,,men-only,2026-10-09
ChIJA0HSlpxnXj4RfrJqY3XlIYQ,Massage Taiwanese Abu Dhabi Reem,FCV5+5HF - Al Reem Island - Shams Abu Dhabi - Abu Dhabi - United Arab Emirates,24.4929375,54.4089375,5,8,OPERATIONAL,beauty_salon,,,,False,,,2026-10-09
ChIJjf-Dz21nXj4RW69cUeFr59U,Bahjat abu mahfoud,Al Reem Island - RR5 - Abu Dhabi - United Arab Emirates,24.4851064,54.4084673,,,OPERATIONAL,hair_care,,,,False,,,2026-10-09
ChIJYwNX56JnXj4RdqtWGzb13JA,Odela Spa,Reem Mall - Al Reem Island - Shams Abu Dhabi - Abu Dhabi - United Arab Emirates,24.4942437,54.4068603,5,2,OPERATIONAL,beauty_salon,,,,False,,,2026-10-09
ChIJA9bCY_ZmXj4R2n2Ogzx9ZXE,Blue Shadows Gents Salon,Al mina street - Al Zahiyah - E14 - Abu Dhabi - United Arab Emirates,24.5050468,54.375163,4.1,118,OPERATIONAL,barber_shop,,,,False,,men-only,2026-10-09
ChIJZV66kJhnXj4ReG9g2VN4Fa8,صالون مارتيل للسيدات Martel Ladies Salon,Al Meena St - Al Zahiyah - E14 - Abu Dhabi - United Arab Emirates,24.502399399999998,54.376938,3.8,162,OPERATIONAL,beauty_salon,expensive,1,600,False,,,2026-10-09
ChIJ_S01UQVnXj4Rp9gKj2D00ws,"My Look Ladies Beauty Lounge, City Branch, Abudhabi","Al Ansari Exchange Building, Mezzanine Floor - 02 شارع حمدان - الزاهية - شرق 13 - أبو ظبي - United Arab Emirates",24.498978599999997,54.3753577,4.7,389,OPERATIONAL,beauty_salon,moderate,1,200,False,,,2026-10-09
ChIJN9mjS01nXj4RjuZGa59Z6Fw,"Ranny, beauty and hair salon",تقاطع شارع المجدة - Khalifa Bin Zayed The First St - Al Danah - E9 01 - Abu Dhabi - United Arab Emirates,24.496044599999998,54.365694899999994,4.9,493,OPERATIONAL,beauty_salon,very_expensive,300,600,False,,,2026-10-09
ChIJOSNJ95NnXj4Rb1Plbb-IbaI,UPSCALE MEN SALOON,F9V9+XX8 - Al Danah - Zone 1 - Abu Dhabi - United Arab Emirates,24.4949066,54.3699683,4.6,9,OPERATIONAL,barber_shop,,,,False,,men-only,2026-10-09
ChIJcRgS2eFnXj4RhCRJ8MKJkXM,NART Ladies Beauty Center RUSSIAN SALON,Hamdan Bin Mohammed St - near Nihal hotel Karakeeb outlet building - Al Zahiyah - E13 - Abu Dhabi - United Arab Emirates,24.4980615,54.3744255,4.1,347,OPERATIONAL,beauty_salon,very_expensive,200,800,False,,,2026-10-09
ChIJcaCfZlBnXj4R0capAHVMnOY,Hair & beard Gents Salon,G92G+9JW - Al Zahiyah - E14 - Abu Dhabi - United Arab Emirates,24.5009855,54.3765649,4.5,94,OPERATIONAL,barber_shop,,,,False,,men-only,2026-10-09
ChIJxSUq4lBnXj4RErwMOvl80So,Legends men salon,Shawas St - Al Zahiyah - E14 - Abu Dhabi - United Arab Emirates,24.5036158,54.375104199999996,4.7,34,OPERATIONAL,barber_shop,,,,False,,men-only,2026-10-09
ChIJ-VDAk51nXj4Rgep2KOSVTB4,Nails Hair Master Ladies Salon - Abu Dhabi,"Hamdan junction, office #104 - Sheikh Zayed Bin Sultan St - next to Salam Tower - Al Zahiyah - E15 - Abu Dhabi - United Arab Emirates",24.4958933,54.3742893,4.6,243,OPERATIONAL,beauty_salon,moderate,1,300,False,,,2026-10-09
ChIJ5R5zm15mXj4RRrTpMfjvLO4,Thai Oasis Spa & Beauty Center (Home Service Available),"M3, Al Ain Tower (Occasions Cake Shop Bldg.) Hamdan St - Offices entrance - Corner شارع الشيخ زايد بن سلطان - adjacent Belmondo Building - الدانة - شرق 10 - أبو ظبي - United Arab Emirates",24.4956116,54.372428,4.3,382,OPERATIONAL,beauty_salon,moderate,100,200,False,,,2026-10-09
ChIJLzIs0mN2W28Ro9bcbkBHBiQ,Groomify Gents Salon صالون جروميفي الرجالي,Al Meraikhi Building - Shop No. 2 - Hamdan Bin Mohammed St - Al Danah - Zone 1 - Abu Dhabi - United Arab Emirates,24.4955718,54.370639499999996,4.9,643,OPERATIONAL,barber_shop,moderate,20,100,False,,men-only,2026-10-09
ChIJc8PsCVlmXj4ROhXIBMggDbc,No Name Gents Salon,الزاهية - أبو ظبي - United Arab Emirates,24.498531999999997,54.377220799999996,4.8,57,OPERATIONAL,hair_salon,,,,False,,men-only,2026-10-09
ChIJl_Q_yqhnXj4RbUVjzN4cG_U,Man Of Cave - Khalifa Street branch,Khalifa Bin Zayed The First St - Al Danah - Zone 1 - Abu Dhabi - United Arab Emirates,24.4973076,54.367346899999994,4.8,359,OPERATIONAL,barber_shop,moderate,40,100,False,,men-only,2026-10-09
ChIJ5ygF_l1mXj4R3TyhG8g5Ytg,Hermosa Ladies Beauty Salon,Emirates Tower - 717 Hamdan Bin Mohammed St - Al Danah - E902 - Abu Dhabi - United Arab Emirates,24.4952848,54.3706107,4.2,713,OPERATIONAL,beauty_salon,moderate,1,400,False,,,2026-10-09
ChIJMXrb-ltmXj4R1SYL2CWAIsE,Areej Beauty Saloon,Al Salam St - الزاهية - شرق 15 - أبو ظبي - United Arab Emirates,24.4968376,54.374660399999996,4.1,69,OPERATIONAL,hair_salon,,,,False,,,2026-10-09
ChIJP8FeLKNnXj4RDMRviCbrqTw,MOS WA SHAFRA SALON - صالون موس و شفرة للعناية بالرجال,Alnasaaim st - behind sofitel hotel - Al Danah - Zone 1 - Abu Dhabi - United Arab Emirates,24.497460999999998,54.3682624,4.9,39,OPERATIONAL,barber_shop,,,,False,,men-only,2026-10-09
ChIJ-d9iPl9mXj4RmAkeDYJ5VyY,Perfect Cut Salon Branch 1,Abu Dhabi - Al Zahiyah - E13 - Abu Dhabi - United Arab Emirates,24.498682,54.372639799999995,4.5,99,OPERATIONAL,hair_salon,,,,False,,,2026-10-09
ChIJPdrrmFlmXj4Rz0ibkephZOQ,Black Horse Gents Salon,F9XG+3V7 - Al Zahiyah - E15 - Abu Dhabi - United Arab Emirates,24.497665299999998,54.377174999999994,3.9,30,OPERATIONAL,hair_salon,,,,False,,men-only,2026-10-09
ChIJ1VAD2FBnXj4RpmMke4lL7oU,Glam Girls beauty center,Hamdan street Opposed off Iqbal restaurant Building N-6 M-04 - الدانة - Zone 1 - أبو ظبي - United Arab Emirates,24.495254199999998,54.369754799999995,4.9,58,OPERATIONAL,beauty_salon,,,,False,,,2026-10-09
ChIJ46n5PadnXj4RQxaG0H7wG1c,Princess Lounge Ladies Salon,Damac - G04 - 1 Qirtas St - Al Reem Island - Shams Abu Dhabi - Abu Dhabi - United Arab Emirates,24.5077817,54.405396499999995,4.6,396,OPERATIONAL,beauty_salon,very_expensive,100,600,False,,,2026-10-09
ChIJXz4wQwNnXj4RDKnxDpKu-Bg,Stache & Co. Barbershop Reem Central Park,Reem Central Park - Al Majlis St - Al Reem Island - Shams Abu Dhabi - Abu Dhabi - United Arab Emirates,24.503128,54.4074744,4.9,638,OPERATIONAL,barber_shop,moderate,100,180,False,,men-only,2026-10-09
ChIJ1zf8FadnXj4R6Qnb-30_Pso,Verona Style Men's Salon,Damac-GO2، Oceanscape - Al Reem Island - RS1 - Abu Dhabi - United Arab Emirates,24.5075607,54.4053213,4.7,226,OPERATIONAL,hair_salon,,,,False,,men-only,2026-10-09
ChIJf0lCeppnXj4RpNFakW7VXQU,Salude Beauty Spa,"Ground Floor, Pixel Tower 4, Makers District - GC37+PQJ - جزيرة الريم - شمس أبوظبي - أبو ظبي - United Arab Emirates",24.504312499999997,54.4144375,5,89,OPERATIONAL,beauty_salon,,,,False,,,2026-10-09
ChIJJRQvpxpnXj4RWzb_3l_p7l0,Scintillia Beauty Lounge,"Reem Island, Amaya Tower 2 - 418 Bilshuʹoum St - Al Reem Island - Shams Abu Dhabi - Abu Dhabi - United Arab Emirates",24.5108449,54.406045,4.6,165,OPERATIONAL,beauty_salon,expensive,1,500,False,,,2026-10-09
ChIJ79IYKRFnXj4RMx7me4gh_Jg,Jiji's Ladies Salon,"Ground Floor, C6, Hydra Avenue - near Carrefour Supermarket - جزيرة الريم - الريم طموح 3 - أبو ظبي - United Arab Emirates",24.4994692,54.4057129,4.2,103,OPERATIONAL,beauty_salon,,,,False,,,2026-10-09
ChIJIUtXTBZnXj4Rp3OlWXUTxTo,Privé7 Abu Dhabi,The Galleria Mall - Al Maryah Island - MI1 - Abu Dhabi - United Arab Emirates,24.5017462,54.3896464,4.6,90,OPERATIONAL,beauty_salon,,,,False,,,2026-10-09
ChIJG3eVAWFmXj4RX_EiWIICdkc,imagea beauty bar by Marwan & radwan salon,The Galleria - Al Maryah Island - MI10 - Abu Dhabi - United Arab Emirates,24.501033099999997,54.391104600000006,4.6,168,OPERATIONAL,beauty_salon,,,,False,,,2026-10-09
ChIJZ4h6HAxnXj4Rp5nUjzraKWo,Mankind Gentlemen Barbershop,Al Rayfah St - Al Reem Island - Tamouh - Abu Dhabi - United Arab Emirates,24.4980498,54.4053779,4.8,314,OPERATIONAL,barber_shop,moderate,80,160,False,,men-only,2026-10-09
ChIJYypGG5BnXj4RZGQ25vMinrE,Hidden Gem,GC54+36C Ocean escape - Al Reem Island - RS1 - Abu Dhabi - United Arab Emirates,24.507695,54.405518099999995,4.3,60,OPERATIONAL,beauty_salon,,,,False,,,2026-10-09
ChIJiZseMgBnXj4RLhFPAjVs4Dw,Al Reem Island,2 10th Street - Al Reem Island - sigma1202Abu Dhabi - sigma2 - FCX3+H72 - شارع الرَّيْفَة - جزيرة الريم - طموح - أبو ظبي - United Arab Emirates,24.4979673,54.405272800000006,4.2,5,OPERATIONAL,beauty_salon,,,,False,,,2026-10-09
ChIJ0aqt6ztz_a8Rrw4sUQPIb8c,Rose Petals Ladies Salon,Damac - Oceanscape - Qirtas St - Al Reem Island - Shams Abu Dhabi - Abu Dhabi - United Arab Emirates,24.507933200000004,54.404830499999996,4.5,83,OPERATIONAL,beauty_salon,,,,False,,,2026-10-09
ChIJscAhvklnXj4RPJwXl-xvlhs,Anicure Salon & Beauty,Damac Oceanscape Tower - 1st Floor - Al Reem Island - RS1 - Abu Dhabi - United Arab Emirates,24.5077175,54.405470199999996,4.6,80,OPERATIONAL,beauty_salon,moderate,100,300,False,,,2026-10-09
ChIJ4fKvQapdXj4RR4R8aMsOKH0,Twinkle Beauty Spa - Saadiyat Branch,Al Saadiyat Island - Saadiyat Marina District - Abu Dhabi - United Arab Emirates,24.5211446,54.4378615,4.7,83,OPERATIONAL,beauty_salon,,,,False,,,2026-10-09
ChIJYe2w0ZtlXj4R4Ibe1f4i2r8,Ace Of Fades Men Salon,SWD4-C2 Block B - جزيرة السعديات - Saadiyat Marina District - أبو ظبي - United Arab Emirates,24.520470099999997,54.435392799999995,4.9,265,OPERATIONAL,barber_shop,moderate,80,120,False,,men-only,2026-10-09
ChIJyyfChAtnXj4RJtUF-i9KLQQ,Salon zaid khaled ( barber shop ),Noon bulding - Al Saadiyat Island - Saadiyat Marina District - Abu Dhabi - United Arab Emirates,24.522006599999997,54.432132499999994,5,611,OPERATIONAL,hair_salon,moderate,50,200,False,,men-only,2026-10-09
ChIJsci4XkJnXj4RdFbLSs1RTaM,Ny Ladies Beauty Lounge,Ny Ladies Beauty Loungeو New York University - Al Saadiyat Island - Saadiyat Marina District - Abu Dhabi - United Arab Emirates,24.5243388,54.4325882,4.7,133,OPERATIONAL,beauty_salon,,,,False,,,2026-10-09
ChIJL7RB0RJdXj4R-MH65m0bXfE,Sandscape Gents Salon,GCCP+4XP - Al Saadiyat Island - Saadiyat Marina District - Abu Dhabi - United Arab Emirates,24.5204383,54.437491099999995,4.9,43,OPERATIONAL,beauty_salon,,,,False,,men-only,2026-10-09
ChIJQ4qACvtnXj4R2J-RSRXOxy0,NY Gents Barber Shop,Ny gent barber shop New York University - Al Saadiyat Island - Saadiyat Marina District - Abu Dhabi - United Arab Emirates,24.5240872,54.4328369,4.6,56,OPERATIONAL,hair_salon,,,,False,,men-only,2026-10-09
ChIJCULiVB5nXj4RrriEuVkzcCg,Avery Belle Beauty Studio,Global Gate Tower 2 - Al Saadiyat Island - Saadiyat Marina District - Abu Dhabi - United Arab Emirates,24.520312699999998,54.4332855,5,45,OPERATIONAL,beauty_salon,very_expensive,200,500,False,,,2026-10-09
ChIJYY-i2nlnXj4RZaHk_hMG7hw,"Refinery Beauty Lounge - Mamsha, Al Saadiyat, Abu Dhabi",& 11 Mamsha - Shop 10 - Al Saadiyat Island - SDN1 - Abu Dhabi - United Arab Emirates,24.538638499999998,54.411460999999996,4.9,31,OPERATIONAL,beauty_salon,moderate,1,400,False,,,2026-10-09
ChIJc2LcxaxnXj4RlYm5aUKnvuM,"Tara Rose Salons - Saadiyat, Abu Dhabi","Turquoise 7, Mamsha Al Saadiyat - جزيرة السعديات - السعديات شمال 1 - أبو ظبي - United Arab Emirates",24.539083500000004,54.4088077,4.8,703,OPERATIONAL,hair_salon,,,,False,,,2026-10-09
ChIJ684164pnXj4R7iGsef52v7w,IVY Beauty & Bubbles at Rixos Premium Saadiyat Island,Rixos Premium - Al Saadiyat Island - SDN1 - Abu Dhabi - United Arab Emirates,24.5433704,54.4327555,4.8,2940,OPERATIONAL,beauty_salon,very_expensive,500,700,False,,,2026-10-09
ChIJMQDQxVxnXj4RaEL-lsslhxo,Amro Ladies Salon,The St. Regis - Al Saadiyat Island - SDN1 - Abu Dhabi - United Arab Emirates,24.539403099999998,54.424192999999995,4.5,131,OPERATIONAL,beauty_salon,,,,False,,,2026-10-09
ChIJq6qqatNpXj4RG-LPAvrvE9o,Colorista Ladies Salon,Shati - St - Al Saadiyat Island - E12 - Abu Dhabi - United Arab Emirates,24.5424078,54.4315399,4.8,353,OPERATIONAL,beauty_salon,,,,False,,,2026-10-09
ChIJoyzRazppXj4RbE9fTX--YgY,Definition The Hair Expert UAE - Saadiyat Branch,Saadiyat Rotana Resort and Villas - Al Saadiyat Island - SDN1 - Abu Dhabi - United Arab Emirates,24.542009099999998,54.430602699999994,4.8,159,OPERATIONAL,hair_salon,,,,False,,,2026-10-09
ChIJ59T1ESdnXj4Rf1TGNNax3LE,Mike Beauty Lounge,The st.Regis Saadiyat Island Resort - جزيرة السعديات - السعديات شمال 1 - أبو ظبي - United Arab Emirates,24.539226499999998,54.424262899999995,4.8,250,OPERATIONAL,beauty_salon,expensive,100,500,False,,,2026-10-09
ChIJ15JvYpZnXj4RhJkLzg3Yo50,Aziz Salon - The Collection Mall Saadiyat Island Branch,St Regis Hotel main entrance for cars - Al Saadiyat Island - SDN1 - Abu Dhabi - United Arab Emirates,24.5385443,54.424147899999994,4.9,59,OPERATIONAL,hair_salon,moderate,50,100,False,,,2026-10-09
ChIJO19xxlxnXj4RCj2gDk8OZws,Amro Ladies Salon,The Collection Saadiyat - Al Saadiyat Island - SDN1 - Abu Dhabi - United Arab Emirates,24.5379376,54.4250077,5,83,OPERATIONAL,beauty_salon,,,,False,,,2026-10-09
ChIJNxIMOABdXj4RlXDKCcO8GOA,Massage Taiwan Home Services AE,319 As Saʹadiyat St - Al Saadiyat Island - SDN2 - Abu Dhabi - United Arab Emirates,24.5496058,54.454266499999996,5,4,OPERATIONAL,beauty_salon,,,,False,,,2026-10-09
ChIJedHeCPBnXj4RxLG6Hrun3XA,White Silk Ladies Beauty Salon,"M-2, Bldg no 35, Chatime building 3rd bldg behind ADNOC near ADCB Head Office, Electra street Electra Street - الدانة - شرق 11 - أبو ظبي - United Arab Emirates",24.4918548,54.3737762,4.4,173,OPERATIONAL,beauty_salon,,,,False,,,2026-10-09
ChIJs3vVRWJpXj4RWFSLjKWVMig,Vesna Beauty Lounge,Zone 1E20-02 - 7 شارع الحِلْبَة - Al Nahyan - Zone 1 - Abu Dhabi - United Arab Emirates,24.461261399999998,54.3846997,4.8,184,OPERATIONAL,beauty_salon,,,,False,,,2026-10-09
ChIJf5ksS1pnXj4R8nGiK6EIavw,JRS Unisex Beauty Salon,Al Zahiyah - E13 - Abu Dhabi - United Arab Emirates,24.500267400000002,54.3756152,4.7,119,OPERATIONAL,beauty_salon,moderate,1,200,False,,,2026-10-09
ChIJ857h14VoXj4R-MivhTIp0zA,Beauty Touch Ladies Salon,Abu Dhabi - Al Mushrif - W24 02 - Abu Dhabi - United Arab Emirates,24.454326899999998,54.384717599999995,4.6,90,OPERATIONAL,beauty_salon,,,,False,,,2026-10-09
ChIJxdrDuv5nXj4RpY-5DF6euTc,Lailac Ladies Beauty Salon,Al Dhahir St - 0 m - الدانة - Zone 1 - أبو ظبي - United Arab Emirates,24.474455199999998,54.3739661,3.9,117,OPERATIONAL,beauty_salon,,,,False,,,2026-10-09
ChIJyTjTcmtnXj4RQimZyggX-0g,Alyn Beauty Salon,La Belle Chocolates & Flower Shop - Mezzanine Floor No. 3 - Al Nahyan - E19 02 - Abu Dhabi - United Arab Emirates,24.4702661,54.3796373,4.4,86,OPERATIONAL,beauty_salon,,,,False,,,2026-10-09
ChIJ--LATKNnXj4RcjNbguWP7XQ,Royal Velvet Ladies Beauty salon,Al Danah - E11 - Abu Dhabi - United Arab Emirates,24.4904881,54.374310599999994,4.6,40,OPERATIONAL,beauty_salon,expensive,1,600,False,,,2026-10-09
ChIJ66GC8lBnXj4RWy2ZqpAMXPs,Nyx urban beauty salon,Al Rawnaq St - Al Nahyan - E25 - Abu Dhabi - United Arab Emirates,24.465501699999997,54.3847466,4.6,22,OPERATIONAL,beauty_salon,moderate,1,400,False,,,2026-10-09
ChIJ039yYpBnXj4R-jriLFdsbhQ,Hype Nails Beauty Salon,JSD tower - M 03 - الزاهية - شرق 15 - أبو ظبي - United Arab Emirates,24.4987882,54.3766908,5,51,OPERATIONAL,nail_salon,,,,False,,,2026-10-09
ChIJY0o69snGMosRON-icriog-w,Soju Beauty Salon,Basrah St - Al Danah - Zone 1 - Abu Dhabi - United Arab Emirates,24.4919863,54.374383099999996,5,16,OPERATIONAL,beauty_salon,moderate,100,200,False,,,2026-10-09
ChIJseoQLkpnXj4R0ttDnknkwFs,Adore Beauty salon,629 Sheikh Rashid Bin Saeed St - Al Nahyan - Zone 1 - Abu Dhabi - United Arab Emirates,24.467080300000003,54.3740921,4.4,58,OPERATIONAL,beauty_salon,moderate,1,200,False,,,2026-10-09
ChIJB65Z-txnXj4R1tA3xNsPhuU,Naz Beauty Salon,Mezzanine Floor Al Falah St - opposite of Navy Gate - Jannah Place Residence - Al Zahiyah - E16 02 - Abu Dhabi - United Arab Emirates,24.488720100000002,54.3831886,4.3,168,OPERATIONAL,beauty_salon,moderate,1,400,False,,,2026-10-09
ChIJlwoJZqtnXj4RWTk4Uc8irM0,Macky Ladies Beauty Salon {@mackys_dream},Sheikh Zayed Bin Sultan St - beside Indian Palace Restaurant - Al Zahiyah - E16 - Abu Dhabi - United Arab Emirates,24.493397299999998,54.3761788,4.8,79,OPERATIONAL,beauty_salon,moderate,1,300,False,,,2026-10-09
ChIJb1nZFylnXj4RQ970d7ENh7E,Carmina Beauty Ladies Salon,1033 Street 7 - M4 - electra street - opposite to ADCB Headquarters - Zone 1E10 - Zone 1 - أبو ظبي - United Arab Emirates,24.4940465,54.3741716,4.7,17,OPERATIONAL,beauty_salon,,,,False,,,2026-10-09
ChIJ3en6cZ9nXj4RF2tAl2cNOhY,Cloud Seven Ladies Beauty Salon,Electra street - Al Danah - E11 - Abu Dhabi - United Arab Emirates,24.4906823,54.372037199999994,3.7,41,OPERATIONAL,beauty_salon,,,,False,,,2026-10-09
ChIJVeWO8JBnXj4RFTW9auZALEQ,BSV LADISE BEAUTY SALON,Um Al ʹAnbar St - Al Zahiyah - E16 01 - Abu Dhabi - United Arab Emirates,24.4936936,54.381177799999996,4.5,199,OPERATIONAL,beauty_salon,moderate,100,300,False,,,2026-10-09
ChIJa5lMYwBnXj4RMZ5IObcolEI,Du Monde Ladies Beauty Salon,"Office M03, Mezzanine Floor, Plot 17, Ahl Alazm St - Delma St - Al Nahyan - East 25 - Abu Dhabi - United Arab Emirates",24.467079500000004,54.383544799999996,4.8,128,OPERATIONAL,beauty_salon,moderate,1,300,False,,,2026-10-09
ChIJD1sARgBnXj4RIsSKjimSOtU,Aurelia Ladies Beauty Salon | Best Beauty Lounge in Abu Dhabi,same building of Blue Moon pharmacy - Mezzanine floor building 33 - Hazza ' Bin Zayed The First St - Al Nahyan - E19 02 - Abu Dhabi - United Arab Emirates,24.475604399999998,54.380346499999995,4.9,19,OPERATIONAL,beauty_salon,,,,False,,,2026-10-09
ChIJ16q9A1NmXj4RlbEye6DidAY,Bellacure Beauty Lounge- CCAD,"Cleveland Clinic Abu Dhabi, Al Mariah Island - جزيرة المارية - المارية 2 - أبو ظبي - United Arab Emirates",24.498223,54.387561999999996,4.4,146,OPERATIONAL,beauty_salon,,,,False,,,2026-10-09
ChIJE0h1bvxnXj4RfgC7_mTG3Ac,Limanh Ladies Beauty Salon,15 - 02 شارع العَقَّة - آل نهيان - Zone 1 - أبو ظبي - United Arab Emirates,24.4651252,54.380908,4.9,20,OPERATIONAL,beauty_salon,,,,False,,,2026-10-09
ChIJQTdrojBmXj4Rb_9E07pJORU,Glamour's Touch Ladies Salon,32 Hifayif St - Al Nahyan - E19 02 - Abu Dhabi - United Arab Emirates,24.4751293,54.37972,4.9,181,OPERATIONAL,beauty_salon,,,,False,,,2026-10-09
ChIJYfQcrDJnXj4Rql8gi5D3N8o,BLUSH THEORY LADIES SALON,Ramhan Tower - M Floor - Sheikh Hamdan Bin Mohammad St(5th St) - Al Zahiyah - E15 - Abu Dhabi - United Arab Emirates,24.4966452,54.3740191,5,19,OPERATIONAL,beauty_salon,moderate,1,100,False,,,2026-10-09
ChIJE-5kYTxmXj4Rh-fgMnNBUmQ,Sun Rise Ladies Salon,Al Danah - E18 01 - Abu Dhabi - United Arab Emirates,24.4724531,54.372994899999995,4.2,80,OPERATIONAL,hair_salon,,,,False,,,2026-10-09
ChIJSdNDIwtnXj4RtgRQAVdqGsE,Katherine Ladies Salon,Al Falah St - Al Danah - E18 02 - Abu Dhabi - United Arab Emirates,24.4821211,54.374826299999995,4.7,111,OPERATIONAL,beauty_salon,,,,False,,,2026-10-09
ChIJ-yLmBEGo92oRIFpI1-xLi84,THE BEAUTY ARTIST by mary aisha Ladies salon & Home Service,817 Sheikh Rashid Bin Saeed St - Al Mushrif - E22 02 - Abu Dhabi - United Arab Emirates,24.456196199999997,54.38462570000001,5,134,OPERATIONAL,beauty_salon,,,,False,,,2026-10-09
ChIJXcohuMJnXj4RoWXg91Ni0Ds,LAVIE VN WOMEN PERSONAL CARE AND BEAUTY - L.L.C,625 Sheikh Rashid Bin Saeed Street - Airport Rd - آل نهيان - Zone 1 - أبو ظبي - United Arab Emirates,24.467600700000002,54.3738203,4.9,310,OPERATIONAL,beauty_salon,moderate,100,300,False,,,2026-10-09
ChIJQ5y8-ihmXj4R2--Iu91VhF8,Nice Flower Ladies Beauty Saloon,building 4 Al - Mezzanine 1 - Halab St - Al Nahyan - Zone 1 - Abu Dhabi - United Arab Emirates,24.463975899999998,54.382887399999994,4.7,231,OPERATIONAL,beauty_salon,moderate,100,300,False,,,2026-10-09
ChIJoxxAhsJpXj4RcYTCJSBnW4E,Alona Ladies Salon,"M05 - Al Fares building, street #9 - behind old honda showroom - الدانة - Zone 1 - أبو ظبي - United Arab Emirates",24.489592899999998,54.3723843,4.3,39,OPERATIONAL,beauty_salon,,,,False,,,2026-10-09
ChIJ_chcCE9mXj4Ri_BscHtsX9I,Beauty Garden Lady Salon,5 Ar Ruwaydah St - Al Zahiyah - E16 02 - Abu Dhabi - United Arab Emirates,24.490475500000002,54.3825602,4.6,65,OPERATIONAL,hair_salon,,,,False,,,2026-10-09
ChIJu39Q-xztHQsRridqi4XMjY4,NAIRA LADIES BEAUTY LOUNGE,M3 - 1033 Street 7 - electra street - opposite to ADCB Headquarters - Zone 1E10 - Zone 1 - Abu Dhabi - United Arab Emirates,24.493869699999998,54.373946499999995,4.9,51,OPERATIONAL,beauty_salon,very_expensive,100,700,False,,,2026-10-09
ChIJTcrTWGGt7mQRXgEix_2_Uq4,Maria Wilson Ladies Beauty Center,"Al Mehdi Tower - M-01, Buldg - No:83 Al Mawkib St - Al Zahiyah - E16 - Abu Dhabi - United Arab Emirates",24.494598699999997,54.3807146,4.9,252,OPERATIONAL,beauty_salon,,,,False,,,2026-10-09
ChIJu7lVNFFnXj4Rh3ZfIeCW_l8,Ladies Beauty Salon & Spa - Bezawit Merga LLC - Abu Dhabi,"F9RP+32F - Al Mansoori Building, Al Zahiyah Street - 21 Ad Dibsi St - Al Zahiyah - E16 02 - Abu Dhabi F9RP+32F - Al Mansoori Building, Al Zahiyah Street - 21 شارع الدِّبسِي - الزاهية - شرق 16 2 - أبو ظبي - United Arab Emirates",24.4901017,54.385102499999995,4.9,92,OPERATIONAL,beauty_salon,,,,False,,,2026-10-09
ChIJucQxxsRnXj4R512MmgYJ4vQ,Aasta ayur ladies beauty lounge,158 - الزاهية - شرق 16 1 - أبو ظبي - United Arab Emirates,24.493202,54.3819142,4.5,136,OPERATIONAL,beauty_salon,,,,False,,,2026-10-09
ChIJBwQQN51nXj4RxvRgy-HYskU,Glory Face Ladies Salon,"30 As Sindan St., Al Zahiyah, E14 Sultan Al Hallami Building - Entrance via - Unit 2 - شارع المَيَّاني - next to Hadi Baqala - الزاهية - شرق 14 - أبو ظبي - United Arab Emirates",24.502461699999998,54.377261499999996,4.8,128,OPERATIONAL,beauty_salon,,,,False,,,2026-10-09
ChIJAwEMi9xnXj4RT3boB_iocto,Velvet Veil Beauty Salon | Ladies Salon in Abu dhabi,"Flat No 103, First Floor - Al, Al Majils Tower - شارع الشيخ زايد بن سلطان - الزاهية - شرق 15 - أبو ظبي - United Arab Emirates",24.495782000000002,54.374322799999995,4.8,156,OPERATIONAL,beauty_salon,moderate,1,300,False,,,2026-10-09
ChIJVVVVeVlmXj4R6VS3CRGr4ok,Ailun Ladies Beauty Salon,"M02, Millenium Supermarket Building, Electra street - Back side of Sangeetha Restaurant - Al Zahiyah - E16 - Abu Dhabi - United Arab Emirates",24.49417,54.376453,4.6,52,OPERATIONAL,beauty_salon,,,,False,,,2026-10-09
ChIJ5xZgC51nXj4R9Q19GGhq79U,صالون شاين برايت للسيدات - SHINE BRIGHT LADIES SALON,بناية سعيد محمد راشد راشد - Hazza ' Bin Zayed The First St - Al Danah - E18 02 - Abu Dhabi - United Arab Emirates,24.4762863,54.3783366,5,17,OPERATIONAL,beauty_salon,,,,False,,,2026-10-09
ChIJISIA0epnXj4R3NPYSWTWMzc,Posh Belle Beauty Ladies Salon,Navy Gate - M03 Ar Reem St - opposite KM Hypermarket - Al Zahiyah - E16 02 - Abu Dhabi - United Arab Emirates,24.490550199999998,54.381715799999995,4.9,45,OPERATIONAL,beauty_salon,expensive,1,500,False,,,2026-10-09
ChIJ8c1oDTpnXj4RhWg-OJ1Acwc,Mehwish beauty ladies salon,Al Falah St - Al Danah - E4 02 - Abu Dhabi - United Arab Emirates,24.482599699999998,54.374000099999996,4.6,66,OPERATIONAL,beauty_salon,moderate,1,200,False,,,2026-10-09
ChIJTbJqXgdnXj4RxwgM7jWri0k,Dantel Beauty Salon,Abu Dhabi - Al Danah - Zone 1 - Abu Dhabi - United Arab Emirates,24.4850753,54.3582129,4.8,112,OPERATIONAL,beauty_salon,moderate,100,200,False,,,2026-10-09
ChIJYe0rouVnXj4RBQKS16aIjdc,Fairy Queen Beauty Salon & Spa,"Hamed Center, M2, Shop-75, Electra Street - الدانة - Zone 1 - أبو ظبي - United Arab Emirates",24.4851352,54.362564799999994,4.7,306,OPERATIONAL,beauty_salon,moderate,100,300,False,,,2026-10-09
ChIJrdP5fzVnXj4RMa-wVitoTkg,Winter Beauty Salon and Spa,38 شارع رَوْض - Al Khalidiyah - W9 - Abu Dhabi - United Arab Emirates,24.4719759,54.3480539,4.8,111,OPERATIONAL,beauty_salon,,,,False,,,2026-10-09
ChIJqSQmziRnXj4RmeMQxuCyqdE,Tasriha Beauty Salon,Aster Pharmacy Group Branch - 3 Hamdan Bin Mohammed St - Al Danah - E6 - Abu Dhabi - United Arab Emirates,24.4887895,54.3611557,4.8,109,OPERATIONAL,beauty_salon,moderate,100,300,False,,,2026-10-09
ChIJqWOcxKZnXj4REDnFq7XplL4,Diana Style Beauty Salon,behind al Muhairy Center - اليَحَر - Al Hisn - W4 - Abu Dhabi - United Arab Emirates,24.4791074,54.357538899999994,4.8,34,OPERATIONAL,beauty_salon,,,,False,,,2026-10-09
ChIJ2R_mwgpmXj4RFBUQ0mAaS0g,Al Riqqa Ladies Beauty Centre,"Al Khalidiya backside of - Same Building of Al Qayam Bakery, Shining Tower - الخالدية - غرب 9 - أبو ظبي - United Arab Emirates",24.4722457,54.3487997,4.8,193,OPERATIONAL,beauty_salon,moderate,100,200,False,,,2026-10-09
ChIJIcfhikBmXj4RDW08uEX-Z5g,LUZAN GOLDEN BEAUTY SALON,F9JC+5FP - Al Danah - E4 02 - Abu Dhabi - United Arab Emirates,24.480466399999997,54.3712076,4.3,41,OPERATIONAL,beauty_salon,,,,False,,,2026-10-09
ChIJs33dBLxnXj4RMLCKrC_P_8o,Nakshathra Ladies Beauty Salon,Sreekrishna Sweets Same Building M-3 Ziyani Area Shujoun Street - شارع حمدان بن محمد - behind Al Mariah Mall - الدانة - Zone 1 - أبو ظبي - United Arab Emirates,24.496770599999998,54.3695477,4.8,40,OPERATIONAL,beauty_salon,,,,False,,,2026-10-09
ChIJr0nXtj1nXj4RRRzISutiKk8,Yang Friends Ladies Salon,"Office 303, Bin Awda Tower 1005, Zayed The First street - hot bake bakery same building - Electra Street - الدانة - شرق 10 - أبو ظبي - United Arab Emirates",24.4913369,54.3703471,4.9,493,OPERATIONAL,beauty_salon,moderate,100,400,False,,,2026-10-09
ChIJ5ZdMfFpnXj4RogmtEazB4y0,Zang Beauty Abu Dhabi,"Electra Street to Muroor Road Next to LLH Hospital Same Building with Abu Tariq Furnishing M Floor, M-1 - الدانة - شرق 3-02 - أبو ظبي - United Arab Emirates",24.487904999999998,54.364893800000004,5,1843,OPERATIONAL,beauty_salon,very_expensive,200,600,False,,,2026-10-09
ChIJqWcd62dmXj4RhK3HHIGDJU4,Claire beauty salon,"Home Fresh Supermarket - Building, M2 Al Widih St - Al Danah - E3-02 - Abu Dhabi - United Arab Emirates",24.489619899999997,54.366920099999994,4.2,53,OPERATIONAL,beauty_salon,,,,False,,,2026-10-09
ChIJaXKPMvRnXj4RRPVd1vS7_-4,Love House Beauty Salon,Building 26 - Office 303 Al Amani St - Al Hisn - Al Markaziyah West - Abu Dhabi - United Arab Emirates,24.4819371,54.3502957,5,23,OPERATIONAL,beauty_salon,moderate,1,200,False,,,2026-10-09
ChIJadIgXV5mXj4RHvil6PozSWE,Chick Ladies Beauty Salon,Hamdan street - City Centre Building/ Lulu Express - Block A Room 401 - الدانة - شرق 8 - أبو ظبي - United Arab Emirates,24.491108099999998,54.364333699999996,3.7,74,OPERATIONAL,beauty_salon,,,,False,,,2026-10-09
ChIJD_u7A2ZmXj4RWpXlIFngq0E,Aneza beauty salon,Abu Dhabi - Al Danah - Zone 1 - Abu Dhabi - United Arab Emirates,24.4879025,54.3635642,4.5,23,OPERATIONAL,beauty_salon,,,,False,,,2026-10-09
ChIJ1RGQEWVmXj4RxHBAwNWALbY,Kerala Salon - Gents Beauty Salon,Street # 10 Liwa St - Al Danah - E6 - Abu Dhabi - United Arab Emirates,24.4880724,54.3596638,4.5,47,OPERATIONAL,beauty_salon,,,,False,,men-only,2026-10-09
ChIJWXQkBbNnXj4RH9BkA9ttS4g,Lady Luxe Beauty Salon,Jumbo Building - Hamdan Bin Mohammed St - Al Danah - Zone 1 - Abu Dhabi - United Arab Emirates,24.4918084,54.36709940000001,4.7,195,OPERATIONAL,beauty_salon,,,,False,,,2026-10-09
ChIJycDEwXtnXj4RvJsLPnvqb0M,BLISS NOW LADIES BEAUTY SALON LLC SPC,MADINA ZYED - Kuwait St - Al Danah - Zone 1 - Abu Dhabi - United Arab Emirates,24.4783357,54.365543499999994,4.8,284,OPERATIONAL,beauty_salon,moderate,1,300,False,,,2026-10-09
ChIJxSWvhJ9nXj4RAD2csL2tCPs,Vaigas Fairy Ladies Beauty Salon,Index exchange - building Sannoutah street Hamdan Bin Mohammed St - Al Danah - E6 - Abu Dhabi - United Arab Emirates,24.4884666,54.3607485,4.9,73,OPERATIONAL,beauty_salon,moderate,1,300,False,,,2026-10-09
ChIJMx2vVDFnXj4RofkJZHV4AF0,Cut and Colours Beauty Center | Beauty Salon Abu Dhabi,F9Q4+RCV - Hamdan Bin Mohammed St - Al Danah - Zone 1 - Abu Dhabi - United Arab Emirates,24.4897563,54.3555633,4.4,204,OPERATIONAL,beauty_salon,moderate,1,300,False,,,2026-10-09
ChIJvYuUk31nXj4RAIboTOIYjjw,Ehsas Ladies Beauty Salon,"Floor 01 - Harmalah Bin Zayed St - behind Choithrams Same Casa Abaya Shop Building - Al Khalidiyah - AL, 27 - Abu Dhabi - United Arab Emirates",24.475039499999998,54.351436799999995,5,22,OPERATIONAL,beauty_salon,,,,False,,,2026-10-09
ChIJOT5Vq4VnXj4RUX2e0_2hhFM,The Coral Beauty Salon,Building 12 Mecca St - behind Ajman Bank - Al Khalidiyah - W9 - Abu Dhabi - United Arab Emirates,24.4715757,54.347183699999995,5,29,OPERATIONAL,beauty_salon,moderate,100,200,False,,,2026-10-09
ChIJoZ61PXdnXj4RP8OgX34DSZk,Luxe Haven Beauty Salon,Malbaar Gold Same Building first floor - Hamdan Bin Mohammed St - Al Danah - Zone 1 - Abu Dhabi - United Arab Emirates,24.486652799999998,54.3594349,5,1,OPERATIONAL,beauty_salon,,,,False,,,2026-10-09
ChIJ56Heog1nXj4RwXiqmukHXas,Naturals Beauty Salon - Corniche,"Shop No 3, Ground Floor, Deena Tower - Corniche - شارع خليفة بن زايد الأول - الدانة - شرق 7 - أبو ظبي - United Arab Emirates",24.4936612,54.3632943,4.8,130,OPERATIONAL,beauty_salon,very_expensive,100,600,False,,,2026-10-09
ChIJUUhQMmFmXj4Rmmo5z04KXOU,Versailles Beauty Palace,"Block b,Mezzanine floor ,Mak institute entrance - building, Garden Tower - near Capital Park - الدانة - شرق 8 - أبو ظبي - United Arab Emirates",24.493354099999998,54.3650781,4.8,117,OPERATIONAL,beauty_salon,moderate,1,300,False,,,2026-10-09
ChIJ5waOJUFnXj4R9Qe9NGUCeys,Neelas Ladies Beauty Salon,Building #34 - Mezzanine Floor شارع حمدان بن محمد - behind Wearmart - الدانة - M-04 - أبو ظبي - United Arab Emirates,24.4908111,54.367660699999995,4.7,48,OPERATIONAL,beauty_salon,,,,False,,,2026-10-09
ChIJZ6QJe0lnXj4RBmyypnUAkmw,SAN Beauty Lounge - Abu Dhabi,"San Beauty Lounge - Same building as Day to Day Supermarket, Al Ghaith Tower - 304 شارع حمدان بن محمد - الدانة - شرق 8 - أبو ظبي - United Arab Emirates",24.4906746,54.363767499999994,4.9,101,OPERATIONAL,beauty_salon,moderate,100,400,False,,,2026-10-09
ChIJJ8ZD0y9nXj4Rgq4iStCwxaQ,Tamil Star salon and Beauty parlour,"Hamdan street, Crown Plaza opposite, Darwees masque near - F9R8+2GP - شارع حمدان بن محمد - الدانة - شرق 3-02 - أبو ظبي - United Arab Emirates",24.490089899999997,54.3663301,4.1,55,OPERATIONAL,beauty_salon,,,,False,,,2026-10-09
ChIJ9ePCDDJnXj4R2lE3kpQj14o,Best Colours Ladies Beauty Salon,National Cinema - Al Danah - E10 - Abu Dhabi - United Arab Emirates,24.492026199999998,54.368958199999994,4.8,20,OPERATIONAL,beauty_salon,,,,False,,,2026-10-09
ChIJE82v1t1nXj4R4TjauuobSTk,Lalitra ladies beauty salon,Abudhabi - Hamdan street - Al Danah - E6 - Abu Dhabi - United Arab Emirates,24.4907193,54.3620617,4.8,135,OPERATIONAL,beauty_salon,moderate,1,300,False,,,2026-10-09
ChIJCX-p3FZnXj4RxvSlMaCdcjA,Power On Ladies Salon,ELECTRA STREET Behind Old Honda Showroom - الدانة - شرق 11 - أبو ظبي - United Arab Emirates,24.4911666,54.3719847,4.6,31,OPERATIONAL,beauty_salon,,,,False,,,2026-10-09
ChIJDRVrHQBnXj4RQ7zsRdI3hHo,BP Beauty - Vietnamese Ladies Salon In Abu Dhabi,"Same Building Tim Horton, Backside Starbucks - Shop 303, 3rd Floor - Hamdan Bin Mohammed St - opposite Capital Park - Al Danah - E6 - Abu Dhabi - United Arab Emirates",24.490683699999998,54.362109,4.8,23,OPERATIONAL,beauty_salon,expensive,100,500,False,,,2026-10-09
ChIJS61JbB5mXj4RgF-hmsgxuBs,Gloss & Glitter Ladies Beauty Lounge,"Abu dhabi, Almanaseer area - Street opposite Japanese Embassy - Villa 632 Mubarak Bin Mohammed St - Al Manhal - W18 01 - Abu Dhabi - United Arab Emirates",24.458457900000003,54.3640846,4.7,286,OPERATIONAL,beauty_salon,,,,False,,,2026-10-09
ChIJq7KQiVkiu44RFiNNjfq-8Qg,"Glamour Haven Ladies Beauty Center - Salon & Home Services: Hair, Nails, Facial, Eye, Massage, Moroccan b; Abu Dhabi & Al Ain",F9HC+7PP - Al Danah - E18 02 - Abu Dhabi - United Arab Emirates,24.478140999999997,54.3717554,4.8,57,OPERATIONAL,beauty_salon,,,,False,,,2026-10-09
ChIJDwhDPz5nXj4RYsFFNcfOBsY,Vanitha Ladies Beauty Lounge - Hamdan Ladies Salon - Abu Dhabi,Al Danah - E6 - Abu Dhabi - United Arab Emirates,24.4903117,54.362504699999995,4.9,337,OPERATIONAL,beauty_salon,moderate,100,400,False,,,2026-10-09
ChIJC2xhY5osVYcREHYoqqDJMkg,Golden Liyana Ladies Salon,"Blue tower - Office M1,M3 - Block A - near Al Falah Street - Plazza - E18 02 - Abu Dhabi - United Arab Emirates",24.4783634,54.371484499999994,4.9,40,OPERATIONAL,beauty_salon,moderate,1,200,False,,,2026-10-09
ChIJC-qSZ9VnXj4Rl4-9xeIvBfM,Glory Face Ladies Salon,213 Hamdan Bin Mohammed st - Family Property Building (Entrance via - Unit FP-202 - شارع فريج الهوامل - الحصن - المركزية غرب - أبو ظبي - United Arab Emirates,24.4820758,54.351551699999995,4.7,39,OPERATIONAL,beauty_salon,moderate,100,400,False,,,2026-10-09
ChIJFf5hotJnXj4RaeQ_fkV8Cvk,Seoul Ladies Beauty Center,Khor Al Jafrah St - Al Khalidiyah - W9 - Abu Dhabi - United Arab Emirates,24.4731256,54.3488888,4.8,254,OPERATIONAL,beauty_salon,moderate,100,400,False,,,2026-10-09
ChIJP_qupm5nXj4RbumVBqXp1xQ,Look and Love Ladies Beauty Salon,Hamdan Bin Mohammed St - Al Danah - Zone 1 - Abu Dhabi - United Arab Emirates,24.495484599999997,54.369657200000006,4.8,83,OPERATIONAL,beauty_salon,,,,False,,,2026-10-09
ChIJIWVIlbRnXj4RgOogtBZgwKs,M&V.Ladies.Beauty.Centre,WTC Mall - Ground Floor - Khalifa Bin Zayed The First St - Al Danah - Zone 1 - Abu Dhabi - United Arab Emirates,24.488961399999997,54.3567295,4.5,266,OPERATIONAL,beauty_salon,very_expensive,100,700,False,,,2026-10-09
ChIJQ8ljpdVnXj4RXbKAYsbdZ4A,Venere by Ann Ladies Salon,Shining Tower 2 - Al Khalidiyah - W9 - Abu Dhabi - United Arab Emirates,24.473433099999998,54.3495085,4.9,370,OPERATIONAL,hair_salon,,,,False,,,2026-10-09
ChIJ9WInBWtnXj4RxEXM3Kxdfh0,Suhair Ladies Salon,Fresh Grill building(back side - M floor Room no.2 - Electra street - opp. National Cinema - Al Danah - E10 - Abu Dhabi - United Arab Emirates,24.4920752,54.3689653,4.7,192,OPERATIONAL,beauty_salon,,,,False,,,2026-10-09
ChIJpY8eIopnXj4R-W--X2TfcdA,"My Look Ladies Beauty Lounge, Khalidiya Branch (5th Branch of My Look)",Dairath Ul Miah - Mezzanine 03 Building No. C 96 (17 - Airport Road - opposite Khalidiya Mall - Al Khalidiyah - W4 - Abu Dhabi - United Arab Emirates,24.4782683,54.356901199999996,5,145,OPERATIONAL,beauty_salon,,,,False,,,2026-10-09
ChIJS3rYruNnXj4Rkzh6QikQ-7Y,Shamarah Ladies Salon,Al Falah St - Al Danah - E4 02 - Abu Dhabi - United Arab Emirates,24.4805162,54.3709457,4.7,166,OPERATIONAL,beauty_salon,moderate,1,300,False,,,2026-10-09
ChIJiebkpd5nXj4RX2Mi86natDE,Yang Style Ladies Salon,Hamdan Bin Mohammed St - opp. Hamdan Centre - Al Danah - E6 - Abu Dhabi - United Arab Emirates,24.4890394,54.3613326,4.9,1356,OPERATIONAL,beauty_salon,expensive,100,500,False,,,2026-10-09
ChIJ15sJJShnXj4RQ0eeYXBdZwo,BeautyFly Ladies Salon,F9Q7+5J7 - Al Danah - Zone 1 - Abu Dhabi - United Arab Emirates,24.487937499999997,54.364062499999996,4.7,95,OPERATIONAL,beauty_salon,moderate,100,400,False,,,2026-10-09
ChIJ2wDUJSZnXj4RDEaKjF9OrrY,Silver Chic Ladies Salon,"Al Markaziyah, street no.5 Mezzanine floor,Khorfakkan Restaurant bldg, behind Wendys Restaurant building - الدانة - Zone 1 - أبو ظبي - United Arab Emirates",24.494992,54.368843399999996,4.7,11,OPERATIONAL,beauty_salon,,,,False,,,2026-10-09
ChIJaQAS82NmXj4Rc7ND45DP_mE,Nails Couture Ladies Salon LLC,Garden View Tower - Khalifa Bin Zayed Street - Al Danah - E7 - Abu Dhabi - United Arab Emirates,24.4928731,54.3619754,4.8,369,OPERATIONAL,beauty_salon,moderate,1,400,False,,,2026-10-09
ChIJYw2ruydmXj4RBVpf7T18Iv8,Carmen Ladies Salon,Khalidiyah St - Al Khalidiyah - W9 - Abu Dhabi - United Arab Emirates,24.472993900000002,54.3480248,4,46,OPERATIONAL,beauty_salon,,,,False,,,2026-10-09
ChIJz8os5WRmXj4RT6RASiduQhY,Classy Cut Ladies Salon,4 Al Gheel St - BLDG P/522 - Mezanine 03 Sheikh Khalifa Bin Zayed St - near Mediclinic Hospital - Al Danah - Zone 1 - Abu Dhabi - United Arab Emirates,24.489930299999997,54.3596173,4.7,171,OPERATIONAL,beauty_salon,,,,False,,,2026-10-09
ChIJXdfe9ednXj4RJJ-loFBOlbc,Thai Style Beauty Salon,29 شارع المَيَّاني - Al Zahiyah - E14 - Abu Dhabi - United Arab Emirates,24.5022508,54.3774602,4.8,40,OPERATIONAL,beauty_salon,,,,False,,,2026-10-09
ChIJT_KD0o5nXj4RnPEbddbl8DE,ORYX BEAUTY SALON,Electra Street - Al Danah - E3-02 - Abu Dhabi - United Arab Emirates,24.4881978,54.3649973,4.8,173,OPERATIONAL,beauty_salon,moderate,100,300,False,,,2026-10-09
ChIJndvG6k1nXj4Rux7D-1bDDqw,Elvieda Moda Ladies Beauty Salon,12 شارع عُمْرَانِي - Zone 1E5 - Zone 1 - Abu Dhabi - United Arab Emirates,24.491812,54.360214000000006,3.7,22,OPERATIONAL,beauty_salon,,,,False,,,2026-10-09
ChIJsbAHHABnXj4RS-zsnr4GJaw,Smitha's Roses Dew Beauty Lounge Abudhabi,Hamdan Bin Mohammed St - Al Danah - E6 - Abu Dhabi - United Arab Emirates,24.4893714,54.3617476,4.8,308,OPERATIONAL,beauty_salon,,,,False,,,2026-10-09
ChIJtXoBeyNmXj4RNAp0GFV7IWo,Eiffel Tower beauty salon,Same building as Millennium Supermarket - Airport Road - next to Centro Hotel - Al Nahyan - Zone 1 - Abu Dhabi - United Arab Emirates,24.4677609,54.373521,3.9,50,OPERATIONAL,beauty_salon,,,,False,,,2026-10-09
ChIJk-wHqNtnXj4RCnLfnouEc_c,Toni Beauty Salon,"copthorne hotel downtown zayed first street, electra - city - road - الحصن - غرب 4 - أبو ظبي - United Arab Emirates",24.4782515,54.354119,5,12,OPERATIONAL,hair_salon,,,,False,,,2026-10-09
ChIJS6zSkSBnXj4RqEs00Xw5zDs,High Looks Ladies Salon - Down town Abu Dhabi,F9RC+7QW - Al Danah - Zone 1 - Abu Dhabi ADCP Business Tower C Floor 19 Apartment 1901 - Electra Street Same Building Mukbang Show Restaurant / Angle Burger / Well Care Medical Centre - شارع زايد الأول - الدانة - شرق 11 - أبو ظبي - United Arab Emirates,24.4906875,54.3719375,4.7,240,OPERATIONAL,beauty_salon,expensive,100,500,False,,,2026-10-09
ChIJI4lXbABnXj4RaN1ZxKqvAUs,Limas Al Bahar Ladies Beauty Salon Center,"M Floor , M4 - Mina St - opposite Hala Arjan Rotana Hotel - Al Zahiyah - E14 - Abu Dhabi - United Arab Emirates",24.5010902,54.3765923,3.2,5,OPERATIONAL,beauty_salon,,,,False,,,2026-10-09
ChIJvS9WeYlnXj4RRfn1UzM5QRY,Galaxy Hi Beauty Salon,Wadi Ash Shiʹab St - Al Nahyan - Zone 1 - Abu Dhabi - United Arab Emirates,24.463894600000003,54.380699299999996,3,1,OPERATIONAL,beauty_salon,,,,False,,,2026-10-09
ChIJaRZUqHZmXj4RpLJ7tHP_RFg,Al Manara Beauty Centre,ADCP Tower D - 3rd Floor- Room - Unit 305 Baghdad St - behind City Seasons’s Hotel - Al Danah - E11 - Abu Dhabi - United Arab Emirates,24.490696999999997,54.37223770000001,4.8,55,OPERATIONAL,beauty_salon,expensive,200,400,False,,,2026-10-09
ChIJpX_OJYJoXj4Rpjz8-daA5RA,Ivana Beauty Centre,Villa 661 Mohammed Bin Khalifa St - Al Manhal - W15 02 - Abu Dhabi - United Arab Emirates,24.4567278,54.380437,4.1,155,OPERATIONAL,beauty_salon,moderate,1,100,False,,,2026-10-09
ChIJ_wOzsw5nXj4REAiP6OP6nU0,Hey Sis Ladies Beauty Center,Hamdan Bin Mohammed St - Al Danah - DJ Max Building - Flat No. 103 - Abu Dhabi - Zone 1 - أبو ظبي - United Arab Emirates,24.4892368,54.3617761,4.2,15,OPERATIONAL,beauty_salon,,,,False,,,2026-10-09
ChIJXUjWmR5nXj4R8waZHt49aJA,LADIES BEAUTY SALON GOLD - L.L.C - S.P.C,Mohammed Bin Butti Al Hamed St - Al Zahiyah - E16 01 - Abu Dhabi - United Arab Emirates,24.4916064,54.3772414,4.9,23,OPERATIONAL,beauty_salon,moderate,1,300,False,,,2026-10-09
ChIJHydx9CGS2CcRx5ActGmymJ8,The Haven Ladies Beauty Center,F9VG+JHM - Al Zahiyah - E16 - Abu Dhabi - United Arab Emirates,24.4941007,54.3764026,4.8,47,OPERATIONAL,beauty_salon,moderate,100,400,False,,,2026-10-09
ChIJA0Zs2CJnXj4Rr0yMvlyjPqk,Bright Nor Ladies Salon,3 القْنَاد - Al Nahyan - Zone 1 - Abu Dhabi - United Arab Emirates,24.464307,54.383478,3.9,34,OPERATIONAL,beauty_salon,,,,False,,,2026-10-09
ChIJK7tMZFpmXj4RXCtoBOrjFdE,Quieter Ladies Salon,Electra street - Al Zahiyah - E16 - Abu Dhabi - United Arab Emirates,24.494682899999997,54.3782201,4.4,40,OPERATIONAL,beauty_salon,,,,False,,,2026-10-09
ChIJm0kTSBVmXj4RfDXhsMaQ3hA,Le Visage Ladies Salon,Old Passport Road - Al Falah St - Al Danah - Zone 1 - Abu Dhabi - United Arab Emirates,24.4774912,54.367394,3.7,110,OPERATIONAL,beauty_salon,moderate,1,100,False,,,2026-10-09
ChIJiRByoWVmXj4RwyYFrNKx1y4,Femmora Beauty Lounge,Abu Dhabi - Al Danah - E6 - Abu Dhabi - United Arab Emirates,24.4883793,54.3606553,4.8,111,OPERATIONAL,beauty_salon,moderate,1,200,False,,,2026-10-09
ChIJa_uR1otnXj4RcemH38_7OxM,Miss Vera Ladies Salon,Al Nahyan - M-01 - Abu Dhabi - United Arab Emirates,24.4638161,54.382077499999994,4.8,45,OPERATIONAL,beauty_salon,,,,False,,,2026-10-09
ChIJVfuOjmdmXj4Re4b0WfIcBEk,Precious Ladies Salon,Same building of Metro Manila Hypermarket - Electra Street - behind Green House - Al Danah - E3-02 - Abu Dhabi - United Arab Emirates,24.490384,54.3680714,3.2,168,OPERATIONAL,beauty_salon,,,,False,,,2026-10-09
ChIJyWDqRWJnXj4RTZMYi4u1spg,Pretty Girls Ladies Salon,Hamdan Bin Mohammed St - Al Danah - E8 - Abu Dhabi - United Arab Emirates,24.491218999999997,54.364851200000004,3.4,117,OPERATIONAL,beauty_salon,,,,False,,,2026-10-09
ChIJByfkR1JnXj4RjZnK3wXzQsU,The Glamhouse Ladies Salon,10 Butti Bin Khadim Al Qubaisi St - Al Danah - Zone 1 - Abu Dhabi - United Arab Emirates,24.490344600000004,54.3569639,4,6,OPERATIONAL,beauty_salon,,,,False,,,2026-10-09
ChIJDSIpTQxnXj4Ri2TOMbuDqYQ,Feyay Ladies Salon,Mezzanine Floor Hazza ' Bin Zayed The First St - شارع حمد سهيل عويضة الخييلي - الدانة - شرق 18 1 - أبو ظبي - United Arab Emirates,24.4715183,54.3718156,5,1,OPERATIONAL,beauty_salon,,,,False,,,2026-10-09
ChIJYzLadgpnXj4RLzJZVi1kNSQ,Thuy Kool Beauty Ladies Salon,ADCP Building - Office No 203 - Tower D Electra street - behind City Season Hotel - Al Danah - E11 - Abu Dhabi - United Arab Emirates,24.4909915,54.372073099999994,4.7,54,OPERATIONAL,beauty_salon,,,,False,,,2026-10-09
ChIJ83bmZbVnXj4R0qRR4A-B13A,Asia International Ladies Beauty Salon Abu Dhabi,Basrah St - Al Danah - E11 - Abu Dhabi - United Arab Emirates,24.4920029,54.374438399999995,3.5,66,OPERATIONAL,beauty_salon,,,,False,,,2026-10-09
ChIJSWDSRvhnXj4R4BtLYbxkGsE,Pie Beauty Haven Ladies Salon,Bin Awda Tower Building 73 - Same Hot Bake Building - Flat 301 - الدانة - شرق 10 - أبو ظبي - United Arab Emirates,24.491514400000003,54.3700502,4.2,10,OPERATIONAL,beauty_salon,,,,False,,,2026-10-09
ChIJBdF1KLFnXj4RIoI6NE7VsH0,Melviana's Beauty Lounge for Ladies,Abu Dhabi - Al Danah - E11 - Abu Dhabi - United Arab Emirates,24.490669000000004,54.3721563,4.6,56,OPERATIONAL,beauty_salon,moderate,1,200,False,,,2026-10-09
ChIJOa6rvn5pXj4RHFhX0FEX7yY,Style and smile ladies salon,Electra street - Al Danah - E3-02 - Abu Dhabi - United Arab Emirates,24.4891448,54.367169100000005,4.6,10,OPERATIONAL,beauty_salon,moderate,1,300,False,,,2026-10-09
ChIJr6wjqh9nXj4ROupP3dicQsc,"BNP Ladies Salon, M02",Hamdan Bin Mohammed St - Al Danah - E3-02 - Abu Dhabi - United Arab Emirates,24.4909976,54.3670819,4.8,32,OPERATIONAL,beauty_salon,moderate,1,200,False,,,2026-10-09
ChIJCcn8d-VnXj4R9liKH-vNo7c,Seasalt Spa & Ladies Salon- Branch 1,Welcare Medical Centre Building - Suit 103 - Electra street - Al Danah - Zone 1 - Abu Dhabi - United Arab Emirates,24.490267,54.3718789,4.1,32,OPERATIONAL,beauty_salon,,,,False,,,2026-10-09
ChIJu5Q_WXBnXj4RRdALUTTrM6k,Viraj Beauty Salon,"Airport Road - next to National HyperMarket ,blue bell building M4 - Madinat Zayed - Zone 1 - أبو ظبي - United Arab Emirates",24.478127000000004,54.3653707,4.7,72,OPERATIONAL,beauty_salon,,,,False,,,2026-10-09
ChIJi2dTOThnXj4RsR8brZ1nOy0,Shishiras Beauty Lounge,"Abudhabi, Al Mansour bldg - M4 - Electra Street - above SAFA Express - Al Danah - E10 - Abu Dhabi - United Arab Emirates",24.4942383,54.374285199999996,4.7,183,OPERATIONAL,beauty_salon,moderate,1,300,False,,,2026-10-09
ChIJ0xJNJSZzXz4RQ846shrt3Lc,Ushine 24 - Hair & Beauty Hub,Expo Village Boulevard - Madinat Al Mataar - Expo City Dubai - Dubai - United Arab Emirates,24.963058999999998,55.143173499999996,4.9,357,OPERATIONAL,beauty_salon,moderate,100,400,False,,,2026-10-09
ChIJO7ouTGhzXz4Rq-FrBTr6DNM,Haircuting,X4MQ+682 - Jabal Ali Industrial First - Dubai - United Arab Emirates,24.983188,55.138654499999994,4,7,CLOSED_TEMPORARILY,beauty_salon,,,,False,,not-operational,2026-10-09
ChIJl9Nu_xNzXz4RZ-QJin6872A,Life Style Gents Saloon,X4MQ+682 - Jabal Ali Industrial First - Jebel Ali Industrial Area - Dubai - United Arab Emirates,24.983024,55.138250899999996,5,7,OPERATIONAL,barber_shop,,,,False,,men-only,2026-10-09
ChIJ9ZTJd1BzXz4Rx6-HBhFS2yg,Art of Grooming Gents Salon,Expo2020 - 2b - Shop 6 - Expo Rd - Madinat Al Mataar - Expo City Dubai - Dubai - United Arab Emirates,24.9638866,55.143614899999996,4.9,163,OPERATIONAL,barber_shop,,,,False,,men-only,2026-10-09
ChIJQYcVZIkNXz4RYFxLHJjbGfA,MADINA SALOON,Jabal Ali Industrial First - Jebel Ali Industrial Area - Dubai - United Arab Emirates,24.983271199999997,55.135118999999996,4,94,OPERATIONAL,beauty_salon,,,,False,,,2026-10-09
ChIJf44m4B5zXz4RDc9u3CqRczM,Hair cutting,X4HP+9W5 - 1 - Jabal Ali Industrial First - Dubai - United Arab Emirates,24.9784248,55.13766340000001,3.7,3,OPERATIONAL,beauty_salon,,,,False,,,2026-10-09
ChIJh_Tg9BkNXz4RdC0Sr1OCUzo,Babu,X4JP+HX8 - Jabal Ali Industrial First - Dubai - United Arab Emirates,24.9814138,55.137463,,,OPERATIONAL,barber_shop,,,,False,,men-only,2026-10-09
ChIJ4eGTGI5zXz4Reb7uoTGTqpE,Tik Tok Gents Saloon,"Jebel Ali Industrial Area, Etisalat Tower 2 - Jabal Ali Industrial First - جبل علي الصناعية الأولى - دبي - United Arab Emirates",24.981302799999998,55.137604599999996,3.9,34,OPERATIONAL,barber_shop,,,,False,,men-only,2026-10-09
ChIJoYDYr8wNXz4RdZSuRYsSCcc,YATHREEB AL MADINA GENTS SALON,1a 77 Street - Jabal Ali Industrial First - Dubai - United Arab Emirates,24.979290199999998,55.1364399,5,280,OPERATIONAL,hair_salon,inexpensive,1,50,False,,men-only,2026-10-09
ChIJJxr6w2kNXz4RHQudh9gQZTU,Better Gents Salon,1a 77 Street - Jabal Ali Industrial First - Jebel Ali Industrial Area - Dubai - United Arab Emirates,24.979290199999998,55.1364399,4,2,OPERATIONAL,barber_shop,,,,False,,men-only,2026-10-09
ChIJI6B6RidWFkkRM_Q3z8RjVkg,TOPLINE SALON,"Ak mart hypermarket, Dubai Investment Park 1 - مجمع دبي للاستثمار الأول - دبي - United Arab Emirates",24.9775167,55.1558588,4.5,34,OPERATIONAL,barber_shop,,,,False,,men-only,2026-10-09
ChIJ-TPt1QpzXz4R27dKO5NNWTw,Lovely pink beauty saloon,Dubai investment park dip-1 Aiko mall shop No.11 - near the food court - مجمع دبي للاستثمار الأول - دبي - United Arab Emirates,24.9711264,55.171892400000004,4.8,17,OPERATIONAL,beauty_salon,,,,False,,,2026-10-09
ChIJbVPes8FyXz4RCYgUJ0cXMjw,Top Elegance Gents salon,Dubai Investment Park - 1 - Dubai Investment Park First - Dubai - United Arab Emirates,24.976137800000004,55.1580419,4,7,OPERATIONAL,hair_salon,,,,False,,men-only,2026-10-09
ChIJYdADwPpyXz4Rq_bdUl0tqiw,Gents Saloon - Ramla Market,Dubai Investment Park - 1 - Dubai Investment Park First - Dubai - United Arab Emirates,24.971390399999997,55.172066099999995,3.4,11,OPERATIONAL,hair_salon,,,,False,,men-only,2026-10-09
ChIJYXl5Cb9yXz4Rf8sAZQ2EzXA,Excellent Star Gents salon,X5J4+6MM - 44 A St - مجمع دبي للاستثمار الأول - دبي - United Arab Emirates,24.980580099999997,55.15668300000001,4,1,OPERATIONAL,hair_salon,,,,False,,men-only,2026-10-09
ChIJmVHMOAtzXz4Rw6vRj3FbP3M,KING BOLLYWOOD GENTS SALON L.L.C,Dubai Investment Park - 1 - مجمع دبي للاستثمار الأول - دبي - United Arab Emirates,24.9709945,55.172055,4.7,3,OPERATIONAL,barber_shop,,,,False,,men-only,2026-10-09
ChIJfWBoQu5yXz4RIp8NqqzPO9A,Cute & Smart Gents salon,X5G9+6GM - 65th Street - Dubai Investment Park First - Dubai - United Arab Emirates,24.975594599999997,55.168789499999995,2.6,5,OPERATIONAL,hair_salon,,,,False,,men-only,2026-10-09
ChIJk0IQhIJzXz4RAMT7QM01P7E,SKYROCK SALON,Dubai Investment Park - 1 - Alico Mall - مجمع دبي للاستثمار الأول - دبي - United Arab Emirates,24.9791012,55.159592,3.7,3,OPERATIONAL,beauty_salon,,,,False,,,2026-10-09
ChIJpfOXeGxzXz4RLzWKQdVc8XU,RIPPLE SALON,Dubai Investment Park - 1 - مجمع دبي للاستثمار الأول - دبي - United Arab Emirates,24.9751354,55.1657264,4.6,45,OPERATIONAL,beauty_salon,,,,False,,,2026-10-09
ChIJGbe76fpyXz4RtL6IMU6C36k,Excellent Star Gents salon,Dubai Investment Park - 1 - Dubai Investment Park First - Dubai - United Arab Emirates,24.9710142,55.1721935,3.3,6,OPERATIONAL,hair_salon,,,,False,,men-only,2026-10-09
ChIJF07vlkhzXz4RoG7_c686iYA,Ramossa Farooki,X5H5+RM - Dubai Investment Park First - Dubai - United Arab Emirates,24.979571699999997,55.1592199,5,1,OPERATIONAL,beauty_salon,,,,False,,,2026-10-09
ChIJC1dF3fpyXz4RwW_ooRhdNHw,Probashi Gents Saloon,X5CC+7RR - 1 - Dubai Investment Park - Dubai - United Arab Emirates,24.9707418,55.1720231,3,2,OPERATIONAL,hair_salon,,,,False,,men-only,2026-10-09
ChIJzxoc_SJzXz4RetwxzXOHyA0,AHMAD al Suwaidi Gents Saloon,X5JG+PR2 - Dubai Investment Park First - Dubai - United Arab Emirates,24.9817581,55.177021599999996,4.7,11,OPERATIONAL,barber_shop,,,,False,,men-only,2026-10-09
ChIJ8f2Oh1ZzXz4RcSkCJVknZoc,SYDUL ALAM AYUB GENT'S SALON,Dubai - Dubai Investment Park First - Dubai - United Arab Emirates,24.9813451,55.177096899999995,3.9,9,OPERATIONAL,barber_shop,,,,False,,men-only,2026-10-09
ChIJZT43DL9yXz4RAvU9OL33nqI,Look Like. Star Saloon,Dubai Investment Park - 1 - Dubai Investment Park First - Dubai - United Arab Emirates,24.980427,55.1564185,2.6,5,OPERATIONAL,hair_salon,,,,False,,,2026-10-09
ChIJiThCGptzXz4RNBQTjhX2iII,AL WAFY GENTS SALON-BRANCH,1 - beside spring supermarket - Dubai Investment Park First - Dubai - United Arab Emirates,24.972586399999997,55.166936899999996,5,1,OPERATIONAL,barber_shop,,,,False,,men-only,2026-10-09
ChIJC1QgU-VyXz4RL2bD1JkmYRQ,Quality Gents salon,Dubai Investment Park - 1 - Dubai Investment Park First - Dubai - United Arab Emirates,24.9718451,55.1706224,3.9,9,OPERATIONAL,barber_shop,,,,False,,men-only,2026-10-09
ChIJUVMVX1ZzXz4RIy-TN2Sx3h0,Qamr almraj gents salon co,Dubai Investment Park - 1 - مجمع دبي للاستثمار الأول - دبي - United Arab Emirates,24.982804599999998,55.154443099999995,5,2,OPERATIONAL,barber_shop,,,,False,,men-only,2026-10-09
ChIJw3auRWZzXz4RxMuxKVqAy9Q,Bollywood Mens Salon,Dubai Investment Park - 1 - مجمع دبي للاستثمار الأول - دبي - United Arab Emirates,24.971355199999998,55.1717181,3.8,6,CLOSED_TEMPORARILY,hair_salon,,,,False,,not-operational,2026-10-09
ChIJFaSRVgBzXz4RWRdYGbuoFbo,Tailor,Dubai Investment Park - 1 - مجمع دبي للاستثمار الأول - دبي - United Arab Emirates,24.980532099999998,55.156717799999996,,,OPERATIONAL,barber_shop,,,,False,,men-only,2026-10-09
ChIJUwfdBPUTXz4RS7TrOvojj_A,King Scissor Gents Saloon (br),Plot 509-109 - Jabal Ali Industrial First - Dubai - United Arab Emirates,24.999837900000003,55.1012497,4.4,8,OPERATIONAL,barber_shop,,,,False,,men-only,2026-10-09
ChIJISfw4acTXz4RjY-HEKchlaQ,MADINA SALOON,1 - near PASONS MALL - Jabal Ali Industrial First - Jebel Ali Industrial Area - Dubai - United Arab Emirates,25.000141300000003,55.0997644,,,OPERATIONAL,barber_shop,,,,False,,men-only,2026-10-09
ChIJ_34-4rITXz4RZtPwZkWWTE8,Bader Gents Saloon,232X+5XQ - Jabal Ali Industrial First - Jebel Ali Industrial Area - Dubai - United Arab Emirates,25.0004639,55.0999844,4,2,OPERATIONAL,hair_salon,,,,False,,men-only,2026-10-09
ChIJjSUEOoUTXz4RidlUibu2gXE,SHABAB JABAL ALI GEN'S SALON,Ali Industrial - Jabal Ali Industrial First - Jebel Ali Industrial Area - Dubai - United Arab Emirates,25.0105221,55.111367099999995,4.1,25,OPERATIONAL,beauty_salon,,,,False,,,2026-10-09
ChIJD-ugpNATXz4Rhi7qindhfuI,Fashion Cut Gents Salon,1 - Jebel Ali Industrial Area - Dubai - United Arab Emirates,25.000715,55.1065645,5,1,OPERATIONAL,hair_salon,,,,False,,men-only,2026-10-09
ChIJgzcwKgwTXz4R5RVpp0Xuk2U,Kanz Salon,2434+2V8 - Jabal Ali Industrial First - Jebel Ali Industrial Area - Dubai - United Arab Emirates,25.0025253,55.107188900000004,3.7,7,OPERATIONAL,hair_salon,,,,False,,,2026-10-09
ChIJW-Yztv0TXz4RVFEg6YLHazo,Shazain Gents Salon,Jabal Ali Industrial First - Dubai - United Arab Emirates,25.006367599999997,55.107270799999995,4.9,13,OPERATIONAL,hair_salon,,,,False,,men-only,2026-10-09
ChIJIYvJDmERXz4RKjPQljOGzFw,AL AJWA GENTS SALOON LLC,Jabal Ali Industrial First - Jebel Ali Industrial Area - Dubai - United Arab Emirates,25.0090929,55.1115284,5,8,OPERATIONAL,barber_shop,,,,False,,men-only,2026-10-09
ChIJAxz42ZISXz4R8FqSEolYLys,Dhaka Gents Saloon,Dubai - Jabal Ali Industrial First - Jebel Ali Industrial Area - Dubai - United Arab Emirates,25.006324199999998,55.1068978,3.6,35,OPERATIONAL,barber_shop,,,,False,,men-only,2026-10-09
ChIJn1cu4i5dXz4RjGNXvQr6sNY,Alphazone Gents Salon,Backside Nesto super market - Jabal Ali Industrial First - Jebel Ali Industrial Area - Dubai - United Arab Emirates,25.0065543,55.1066771,4.4,37,OPERATIONAL,barber_shop,,,,False,,men-only,2026-10-09
ChIJOUKeweBzXz4RGXSdqTV3Wyo,Madina Saloon,Shop#2 - near Haji Cafe - Jabal Ali Industrial First - Industrial 1 - Dubai - United Arab Emirates,24.9998568,55.1059023,1,2,OPERATIONAL,barber_shop,,,,False,,men-only,2026-10-09
ChIJH4HsYwgTXz4RnFfRp2wIZDU,Al Wasmi Saloon,2435+Q4V Ind 1 - Jabal Ali Industrial First - Jebel Ali Industrial Area - Dubai - United Arab Emirates,25.0044802,55.107807099999995,4.1,11,OPERATIONAL,hair_salon,,,,False,,,2026-10-09
ChIJFbU0BWsTXz4R8CQqSq8bwPU,Diya Al Madina Gents Salon Jabal Ali,2444+F3X - Jabal Ali Industrial First - Jebel Ali Industrial Area - Dubai - United Arab Emirates,25.0062364,55.1052426,3,4,OPERATIONAL,beauty_salon,,,,False,,men-only,2026-10-09
ChIJXaq1yosTXz4RZG9uAVcMjgM,Rahma Variety Gents Saloon,Jabal Ali Industrial First - Jebel Ali Industrial Area - Dubai - United Arab Emirates,24.9952814,55.1210303,,,OPERATIONAL,beauty_salon,,,,False,,men-only,2026-10-09
ChIJz_JrbwANXz4RE1yLzAdPxWU,Studio X technical work,X4RG+868 - Jabal Ali Industrial First - Jebel Ali Industrial Area - Dubai - United Arab Emirates,24.9907811,55.125498,,,OPERATIONAL,beauty_salon,,,,False,,,2026-10-09
ChIJn4Z0--9tXz4R3M7UlqV0NIw,Glow And Go Gents Salon,Metro Station - Dubai Investment Park - Green Community East - Dubai - United Arab Emirates,25.0049989,55.1558522,4.7,2216,OPERATIONAL,hair_salon,moderate,1,100,False,,men-only,2026-10-09
ChIJfe2_6ZtzXz4RnWY27T7Bh3Y,Bulls and Barbers,محمع دبي للإستثمار 1 - Dubai Investment Park First - Dubai - United Arab Emirates,24.9949761,55.1548054,5,409,OPERATIONAL,barber_shop,moderate,80,160,False,,men-only,2026-10-09
ChIJQQ9HfGFtXz4Rcqp-MgnFtYs,Hair Lounge Ladies Salon,DIP1 Green Community Courtyard by Marriot Hotel - مجمع دبي للاستثمار الأول - قرية المجتمع الخضراء - دبي - United Arab Emirates,25.0037589,55.1646955,4.8,365,OPERATIONAL,beauty_salon,,,,False,,,2026-10-09
ChIJ7z75MDBtXz4RtK9ltpvDzFM,LAVITA Gents Salon | Barber Shop - DIP,The Market Mall - Dubai Investment Park First - Green Community Village - Dubai - United Arab Emirates,25.0049331,55.1649884,4.8,243,OPERATIONAL,barber_shop,,,,False,,men-only,2026-10-09
ChIJ20eohmFtXz4RlmD_xLj39nw,HAIR LOUNGE GENTS SALON,"The Market Mall Gate 2, Green Community, Dubai Investment Park 1 - Millennium Hotel، The Market Mall - Dubai Investment Park First - Green Community Village - Dubai - United Arab Emirates",25.0039993,55.1646752,4.8,336,OPERATIONAL,barber_shop,moderate,80,160,False,,men-only,2026-10-09
ChIJFYM39WFtXz4RmuHdt8OHkaU,"N.Bar Nail Spa & Salon Green Community, The Market Mall",The Market - Ground Floor - Dubai Investment Park First - Green Community East - Dubai - United Arab Emirates,25.0046488,55.1650187,4.8,350,OPERATIONAL,nail_salon,,,,False,,,2026-10-09
ChIJAQzhvRZzXz4R7LB3xAxA2R8,ONÅ Beauty Hub,Junction Mall Dubai Investments Park 1 - مجمع دبي للاستثمار الأول - دبي - United Arab Emirates,24.995077499999997,55.154905,4.6,79,OPERATIONAL,beauty_salon,very_expensive,400,900,False,,,2026-10-09
ChIJJemTAVxtXz4RVWzSRKWkwSc,ZigZag Gents Salon,"70st, 598 - Community, Greens Community, European Business Center - مجمع دبي للاستثمار الأول - قرية المجتمع الخضراء - دبي - United Arab Emirates",25.004144699999998,55.154844499999996,4.5,114,OPERATIONAL,hair_salon,,,,False,,men-only,2026-10-09
ChIJ-19BUq4TXz4RfPAGteTnLp8,Hairline Design Dubai – Scalp Micropigmentation & Hair Loss solution,Ground Floor Unit R10 - The European Business Centre - مجمع دبي للاستثمار الأول - قرية المجتمع الخضراء - دبي - United Arab Emirates,25.0043285,55.15477860000001,4.9,116,OPERATIONAL,medical_clinic,,,,False,,not-a-salon,2026-10-09
ChIJRd0oCmttXz4RgljcoxztV-w,Creative Hairs Care Ladies Salon,Besides DOMINOS Pizza - European Business Center DIP - EXIT # 2 - next to DIP METRO STATION - مجمع دبي للاستثمار الأول - قرية المجتمع الخضراء - دبي - United Arab Emirates,25.0042501,55.1549383,4.5,109,OPERATIONAL,beauty_salon,moderate,100,300,False,,,2026-10-09
ChIJSYdwndtzXz4R1_Cl5-G7pUA,NICE MOOD GENTS SALOON BR,X4RQ+9PG - Jabal Ali Industrial First - Jebel Ali Freezone - Dubai - United Arab Emirates,24.990947,55.139325899999996,3,2,OPERATIONAL,barber_shop,,,,False,,men-only,2026-10-09
ChIJlZnuSCptXz4RkPej8K7FhgA,SHABAB JABAL AL NOOR GENS SALON,X4WR+QGH - Jabal Ali Industrial First - Jebel Ali Industrial Area - Dubai - United Arab Emirates,24.9969304,55.1413485,5,7,OPERATIONAL,beauty_salon,,,,False,,,2026-10-09
ChIJb6N-ZVJtXz4RF74guo5HUVU,Gents Salon,X4XW+M3X - Jabal Ali Industrial First - Jebel Ali Industrial Area - Dubai - United Arab Emirates,24.9992429,55.145226900000004,5,1,OPERATIONAL,hair_salon,,,,False,,men-only,2026-10-09
ChIJw3inEhZtXz4RS29BHP7XO40,Royal Cool Colors Gents Salon,X4WR+GVW - Jabal Ali Industrial First - Dubai - United Arab Emirates,24.9964621,55.1425474,5,8,OPERATIONAL,hair_salon,,,,False,,men-only,2026-10-09
ChIJPUzATcttXz4RYU9GiywYy48,His & Her Hair Style by Mahfoud,"Lobby level, Fortune Park Hotel - 2544+C36 - مجمع دبي للاستثمار الأول - Green Community East - دبي - United Arab Emirates",25.006042599999997,55.1551451,4.6,11,OPERATIONAL,beauty_salon,,,,False,,,2026-10-09
ChIJg6zqoYlzXz4RaGEdLjXxjrw,Qamr Almarj Gents Salon Co.,25 - 002242866225423 55.15164203523269 - Dubai Investment Park First - Green Community Village - Dubai - United Arab Emirates,25.0022341,55.1516302,3.3,22,OPERATIONAL,barber_shop,,,,False,,men-only,2026-10-09
ChIJycaZIKFyXz4Ru0rgc9Haw3k,Al Qudrah Barber Shop,X5W4+M42 - Dubai Investment Park First - Green Community Village - Dubai - United Arab Emirates,24.996628599999998,55.155275499999995,3.9,28,OPERATIONAL,barber_shop,,,,False,,men-only,2026-10-09
ChIJvTZLAiMTXz4R3H3zDnNdHxA,Sultan Salon,Jabal Ali Industrial First - Jebel Ali Industrial Area - Dubai - United Arab Emirates,24.9887509,55.1391657,5,4,OPERATIONAL,beauty_salon,,,,False,,,2026-10-09
ChIJYwGm9LhtXz4RO5Ivzwy9QAE,TOPLINE GENTS SALOON Branch,"Shop 28, Ground floor Crown Mall - Ind Area - Jabal Ali Industrial First - منطقة جبل علي الصناعية - دبي - United Arab Emirates",24.9970142,55.141280699999996,4.6,23,OPERATIONAL,beauty_salon,,,,False,,men-only,2026-10-09
ChIJUVp9dgBtXz4RvJE993SwGYA,Roy & Khal Ladies Salon,"2544+C36 Lobby level, Fortune Park Hotel - Dubai Investment Park First - Green Community East - Dubai - United Arab Emirates",25.006056,55.1552468,4.9,93,OPERATIONAL,beauty_salon,,,,False,,,2026-10-09
ChIJp_1oWYNyXz4RGqOgLr1FlHY,Comb And Scissors Gents Salon,RDK Building Dubai Investment Park 1 - مجمع دبي للاستثمار الأول - قرية المجتمع الخضراء - دبي - United Arab Emirates,24.999062199999997,55.170681,4.7,339,OPERATIONAL,barber_shop,,,,False,,men-only,2026-10-09
ChIJnayY5GBtXz4RKym4qjw4Z94,ATILA Ladies Beauty Salon,Dubai Investment Park First - Green Community Village - Dubai - United Arab Emirates,24.9979668,55.175630899999994,4.8,185,OPERATIONAL,beauty_salon,moderate,100,300,False,,,2026-10-09
ChIJy1JfMEtzXz4RsZMQzfZFpy0,MUKTA BEAUTY SALOON (DIP-1),Al Asmawi Building - Shop no- 5 1 - next to Vasanta Bhavan Restaurant - Dubai Investment Park First - Green Community Village - Dubai - United Arab Emirates,24.9985006,55.171788199999995,4.9,63,OPERATIONAL,beauty_salon,,,,False,,,2026-10-09
ChIJ3bG8qD1DXz4RJegaGeGeS40,Al Arzaan Gents Salon,Uniestate Mansion Dubai investment park - 1 - مجمع دبي للاستثمار الأول - قرية المجتمع الخضراء - دبي - United Arab Emirates,25.0044409,55.168838300000004,4.1,34,OPERATIONAL,barber_shop,inexpensive,20,60,False,,men-only,2026-10-09
ChIJ9djESYRyXz4RGGw2-BPf3GM,Spring Dale Gents Salon,"Oppo. Carrefour, Dubai Investment Park 1, - Jebel Ali - 90695 - مجمع دبي للاستثمار الأول - قرية المجتمع الخضراء - دبي - United Arab Emirates",24.997131,55.174792999999994,3.6,28,OPERATIONAL,beauty_salon,,,,False,,men-only,2026-10-09
ChIJeQFQusdtXz4RrnQuyjYE6JI,Fine Look Gents Salon,Unnamed Road - Dubai Investment Park First - Green Community Village - Dubai - United Arab Emirates,25.003031999999997,55.167389099999994,4.3,126,OPERATIONAL,barber_shop,,,,False,,men-only,2026-10-09
ChIJww1hzH9zXz4RA5qObvwwKts,The LAN Salon DIP1 Branch 1-صالون للرجال لولو النجوم (فرع) مجمع دبي للاستثمار-,"Shop no 08, Ground Floor Backside CEO Building, Opposite Carrefour Dubai Investement Park 1 - Nearest Landmark is DIP1 Mosque - مجمع دبي للاستثمار الأول - قرية المجتمع الخضراء - دبي - United Arab Emirates",24.9972994,55.1740752,4.5,56,OPERATIONAL,hair_salon,,,,False,,,2026-10-09
ChIJlwX0CcNzXz4RWmhwwZKyVpc,发舞台美发店DIP分店,2529+7C - Dubai Investment Park First - Green Community Village - Dubai - United Arab Emirates,25.0006582,55.1685387,4.7,3,CLOSED_TEMPORARILY,barber_shop,,,,False,,not-operational,2026-10-09
ChIJU6qE5mpbXz4Rd2R_DW1mf34,Kwinas Beauty Salon (DIP 1),"Dip-1, Bayan Business Center - Ground Floor Shop No-8 - near Med7 pharmacy - Dubai Investment Park First - Green Community Village - Dubai - United Arab Emirates",24.9973927,55.1724168,4.9,181,OPERATIONAL,beauty_salon,,,,False,,,2026-10-09
ChIJ865B1xBzXz4RiOH-t0nGqn0,Saloon,"CEO Building, 3rd floor, Room 314 - Dubai - مجمع دبي للاستثمار الأول - قرية المجتمع الخضراء - دبي - United Arab Emirates",24.9970164,55.1744979,5,3,OPERATIONAL,barber_shop,,,,False,,men-only,2026-10-09
ChIJAeeQOIRyXz4RirpCKt2YzMI,Pearl Boracay Salon,X5XF+2XJ - Unnamed Rd - Dubai Investment Park First - Green Community Village - Dubai - United Arab Emirates,24.9975861,55.174891499999994,2.5,2,OPERATIONAL,beauty_salon,,,,False,,,2026-10-09
ChIJzZb1dXdzXz4RM-iZMcXEo_c,Budget Gents salon-DIP,Carrefour Centre - DIP - Ground Level - Dubai Investment Park First - Green Community Village - Dubai - United Arab Emirates,24.9980279,55.1755527,3.6,56,OPERATIONAL,barber_shop,,,,False,,men-only,2026-10-09
ChIJVY3jmoRyXz4RNXucNW735AA,Angelique Ladies salon,X5XF+73J - Dubai Investment Park First - Green Community Village - Dubai - United Arab Emirates,24.998210399999998,55.1726561,3.8,13,OPERATIONAL,beauty_salon,,,,False,,,2026-10-09
ChIJ2YzCa_tzXz4R99BFw5m7-Cg,Moon Spa - Nails Salon,Green Community Village - Dubai - United Arab Emirates Ewan Residences - Building 29 - مجمع دبي للاستثمار الأول - قرية المجتمع الخضراء - دبي - United Arab Emirates,24.995567599999998,55.180307299999996,5,5,OPERATIONAL,nail_salon,,,,False,,,2026-10-09
ChIJSwsA8-xtXz4R-hn-0S1Da6s,Glamour and Go Ladies Salon,DIP 1 - مجمع دبي للاستثمار الأول - قرية المجتمع الخضراء - دبي - United Arab Emirates,25.002813099999997,55.1673232,4.4,16,OPERATIONAL,beauty_salon,,,,False,,,2026-10-09
ChIJdYZ52odyXz4R2F8T3JPful4,Heydi Ladies salon,Dubai Investment Park First - Green Community Village - Dubai - United Arab Emirates,24.996058899999998,55.1798643,3.8,45,OPERATIONAL,beauty_salon,,,,False,,,2026-10-09
ChIJ46diUKJpXz4RDsh4CXISk-s,YALLACUT GENTS HAIRCUTTING & HAIRDRESSING SALON,X5XC+64F - Dubai Investment Park First - Green Community Village - Dubai - United Arab Emirates,24.998060499999998,55.1702972,5,7,OPERATIONAL,beauty_salon,,,,False,,men-only,2026-10-09
ChIJU9L0HABzXz4RZeyesg08rMo,Mainails.ae( home base ),RDK building D - 1 - Dubai Investment Park First - Green Community Village - Dubai - United Arab Emirates,25.000781,55.168588199999995,4.2,6,OPERATIONAL,nail_salon,,,,False,,,2026-10-09
ChIJ-wXDkp0TXz4RLuqHNJKl4Uk,GENTS SALOON (Bader Alraeesi Gents Saloon LLC)Branch-2,Roundabout 7 - Jabal Ali Industrial First - Jebel Ali Industrial Area - Dubai - United Arab Emirates,25.0103325,55.1064134,4.4,7,OPERATIONAL,barber_shop,,,,False,,men-only,2026-10-09
ChIJ69K7BwATXz4RMC5stWvC4Lc,QASER ALMADINA GENTS SALOON LLC,2464+45X - Jabal Ali Industrial First - Dubai - United Arab Emirates,25.0103659,55.1054904,4,4,OPERATIONAL,barber_shop,,,,False,,men-only,2026-10-09
ChIJTzkgUgATXz4RMlQMX5qB0o4,Misbah Al fajr gents saloon,"Jebel Ali South Free Zone - 10306, Plot S - Jabal Ali Industrial First - جبل علي الصناعية الأولى - دبي - United Arab Emirates",25.0080278,55.105916699999995,5,1,OPERATIONAL,hair_salon,,,,False,,men-only,2026-10-09
ChIJMajifwATXz4R6WeeZvlOuHI,SARWAR KHAN BAKERY,2464+577 - Jabal Ali Industrial First - Dubai - United Arab Emirates,25.0104197,55.10566970000001,5,1,OPERATIONAL,barber_shop,,,,False,,men-only,2026-10-09
ChIJo9_JVW8TXz4R4Q7MNnNW1kw,Distinguished Gents Hairdressing Salon,Jabal Ali First - Al Muntazah - Dubai - United Arab Emirates,25.0296432,55.1067621,4.8,42,OPERATIONAL,barber_shop,,,,False,,men-only,2026-10-09
ChIJ79opllUTXz4RpHddFZ0jXEo,Hair Colosseum dubai,Dubai Festival Plaza - Sheikh Zayed Rd - jebel ali - Dubai - United Arab Emirates,25.029446,55.108157,4.7,67,OPERATIONAL,beauty_salon,very_expensive,200,600,False,,,2026-10-09
ChIJD6rBpakTXz4Rq8pmAsXRtqo,Dapper Man Gents Salon,"The Nook 1 , Shop No 3 - opposite to Festival Palza Festival Plaza - ميناء جبل علي - دبي - United Arab Emirates",25.0249962,55.103851399999996,4.6,36,OPERATIONAL,barber_shop,,,,False,,men-only,2026-10-09
ChIJUxn7445tXz4RgwzYh91mupM,𝑬𝒂𝒔𝒚 𝑪𝒖𝒕 𝑮𝒆𝒏𝒕𝒔 𝑺𝒂𝒍𝒐𝒏 (صالون ايزي كت),Al Asayel St - Jabal Ali First - Dubai - United Arab Emirates,25.0317913,55.1392795,4.9,201,OPERATIONAL,barber_shop,moderate,120,160,False,,men-only,2026-10-09
ChIJW4wwOd9tXz4RyYU_5slz5Lg,Over The Moon Beauty Salon,Furjan West Azizi Samia Building - Al Asayel St - Jabal Ali First - Al Furjan - Dubai - United Arab Emirates,25.02604,55.1390855,4.8,394,OPERATIONAL,beauty_salon,expensive,1,600,False,,,2026-10-09
ChIJvaDnjb1tXz4Rx0XkYIh7BK8,Ikeda Beauty Salon,Samia by Azizi - Shop 2 - Jabal Ali First - Al Furjan - Dubai - United Arab Emirates,25.025565999999998,55.1391049,4.9,186,OPERATIONAL,beauty_salon,very_expensive,100,600,False,,,2026-10-09
ChIJ0SctRSVtXz4RCZyZRHoRUgU,Mi Amor Beauty salon,MASAKIN - Jabal Ali First - Al Furjan - Dubai - United Arab Emirates,25.030182699999997,55.1487725,3.9,51,OPERATIONAL,beauty_salon,,,,False,,,2026-10-09
ChIJj6Nn01BtXz4RSsZtVJivlDk,Color and Curls Beauty Salon,24JR+J39 - Al Asayel St - Jabal Ali First - Al Furjan - Dubai - United Arab Emirates,25.0318929,55.1403639,4.6,81,CLOSED_TEMPORARILY,beauty_salon,,,,False,,not-operational,2026-10-09
ChIJjS8UM2ttXz4RSe-TfnRm-Vo,Budz and Broz Barbershop,Equiti Arcade - Al Asayel St - Jabal Ali First - Al Furjan - Dubai - United Arab Emirates,25.033240000000003,55.139829299999995,5,117,OPERATIONAL,barber_shop,moderate,120,200,False,,men-only,2026-10-09
ChIJrXTK_UsTXz4Rwr1zZ-YrGQY,Royal Life Gents Saloon,Jabal Ali Industrial First - Dubai - United Arab Emirates,25.0081429,55.1370967,3.7,23,OPERATIONAL,hair_salon,,,,False,,men-only,2026-10-09
ChIJvyAnXABtXz4RAPIlDUMQsnk,𝙶𝙾𝙻𝙳 𝚂𝙸𝙶𝙽𝙰𝚃𝚄𝚁𝙴 𝙶𝙴𝙽𝚃𝚂 𝚂𝙰𝙸𝙾𝙽,Jabal Ali First - Al Furjan - Dubai - United Arab Emirates,25.030190899999997,55.1401082,5,233,OPERATIONAL,hair_salon,moderate,1,150,False,,,2026-10-09
ChIJPWvkYH1tXz4RXf0Zcca1LwE,Cloud For Beauty Salon,Shop 3 The Fern Heights Building - شارع الأصايل - جبل علي الأولى - Al Furjan - دبي - United Arab Emirates,25.0329749,55.1410219,4.4,174,OPERATIONAL,beauty_salon,moderate,100,400,False,,,2026-10-09
ChIJAeijg9VtXz4RkqzvvJjYBkY,AL Nasr Al Zahabe Gents Saloon,Furjan D591 - جبل علي الأولى - Al Furjan - دبي - United Arab Emirates,25.0262787,55.1567437,4.1,38,CLOSED_TEMPORARILY,barber_shop,,,,False,,not-operational,2026-10-09
ChIJL0WozWRtXz4RrIU7_16-yO0,Volume Lashes Dubai,"Building 256, Street 12 - جبل علي الأولى - ديسكفري جاردنز - دبي - United Arab Emirates",25.027721,55.1577942,4.9,53,OPERATIONAL,beauty_salon,,,,False,,,2026-10-09
ChIJ11Vs8WNtXz4RfNkV0GBBdH8,White Feather Beauty Salon,"G-5, Mayfair Building, Opposite Choithram, Dubai Investment Park - 1 - مجمع دبي للاستثمار الأول - قرية المجتمع الخضراء - دبي - United Arab Emirates",25.007028500000004,55.166366499999995,3.8,68,OPERATIONAL,beauty_salon,,,,False,,,2026-10-09
ChIJjZb8wDttXz4RWGyn4NaYWZA,Super Trim Gents Salon,25G3+623 - Jabal Ali First - Al Furjan - Dubai - United Arab Emirates,25.025515199999997,55.152550500000004,3.3,47,OPERATIONAL,barber_shop,inexpensive,40,60,False,,men-only,2026-10-09
ChIJT6kYH2htXz4RW92VdF6PAbk,HBG - Salon,Dubai Investments Park 1 Park 'n Shop Plaza Shop 2 - مجمع دبي للاستثمار الأول - قرية المجتمع الخضراء - دبي - United Arab Emirates,25.0119892,55.160223099999996,3,45,CLOSED_TEMPORARILY,beauty_salon,,,,False,,not-operational,2026-10-09
ChIJwZsVA5xtXz4RU5FQwpuKqAs,丝享美发 美容沙龙,2566+6Q - Dubai Investment Park First - Green Community Village - Dubai - United Arab Emirates,25.0105783,55.1618896,,,OPERATIONAL,hair_salon,,,,False,,,2026-10-09
ChIJLR4ydBRtXz4R4D643joO_Ig,AAINA SIGNATURE SHIMMERS SALON,pearlz by danube - metro station - جبل علي الأولى - Al Furjan - دبي - United Arab Emirates,25.0278168,55.1552027,3.7,3,OPERATIONAL,hair_salon,,,,False,,,2026-10-09
ChIJdZsnCQBtXz4RCEYBcA_KEJo,Style Fade Fusion Gents' Salon - Al Furjan Metro Station,Metro Station - Shop No.40.1 - 2 1st Floor - inside Al Furjan - Jabal Ali First - Al Furjan - Dubai - United Arab Emirates,25.0305277,55.152090799999996,4.5,43,OPERATIONAL,barber_shop,inexpensive,20,40,False,,men-only,2026-10-09
ChIJJ423AiGqsAkRciWCRv5Wri4,Bianco JGE Ladies Salon,Me'aisem First - Jumeirah Golf Estates - Dubai - United Arab Emirates,25.020921299999998,55.19986,4.9,88,OPERATIONAL,beauty_salon,,,,False,,,2026-10-09
ChIJhZfuV5ptXz4RsdSXse_2x6s,Bianco Club Uomo Gents Salon JGE,Me'aisem First - Jumeirah Golf Estates - Dubai - United Arab Emirates,25.0209969,55.1997795,5,42,OPERATIONAL,barber_shop,,,,False,,men-only,2026-10-09
ChIJiwe0qHBrXz4RjEMJraSg8cI,Natural Touch Beauty Salon – Top Rated Ladies Salon in Discovery Gardens,Discovery Gardens Building 17 Shop 04 - جبل علي الأولى - ديسكفري جاردنز - دبي - United Arab Emirates,25.0506201,55.133343499999995,4.8,783,OPERATIONAL,beauty_salon,moderate,100,400,False,,,2026-10-09
ChIJ_2Xf27QTXz4RSa7kPJNZYyw,Beardo Barber Shop,19 - جبل علي الأولى - الحدائق - دبي - United Arab Emirates,25.0492252,55.132255799999996,3.8,275,OPERATIONAL,barber_shop,inexpensive,1,40,False,,men-only,2026-10-09
ChIJX60WmAcTXz4RtBaDubm2ofY,Mirrors beauty Lounge | Batutta Mall,"Ibn battuta Mall, Metro link area - شارع الشيخ زايد - جبل علي الأولى - دبي - United Arab Emirates",25.045487599999998,55.1191998,4.4,1127,OPERATIONAL,beauty_salon,expensive,100,500,False,,,2026-10-09
ChIJxVt4blkTXz4Rd2u_R0AqBVs,MUKTA BEAUTY SALOON ( Discovery Gardens),"Discovery Garden, Street No.1, Zen Cluster, Building No. 2 and - Back-side of Hari Prasad Restaurant OR Viva Supermarket - Shop No. 7 - جبل علي الأولى - ديسكفري جاردنز - دبي - United Arab Emirates",25.0493913,55.129601,4.7,291,OPERATIONAL,beauty_salon,moderate,100,300,False,,,2026-10-09
ChIJwflAdUUTXz4RiHzn2Z3_AUc,Cutting Edge,IBN Battuta Mall - LF-17 - 18 19 Metrolink - Jabal Ali First - Dubai - United Arab Emirates,25.045817,55.11881820000001,4.2,1242,OPERATIONAL,hair_salon,,,,False,,,2026-10-09
ChIJh2140HwTXz4RdZGKPmUiksc,BELLISSIMA SALON - DISCOVERY GARDENS,"Shop No 4, Building No 3 Street 1 - جبل علي الأولى - ديسكفري جاردنز - دبي - United Arab Emirates",25.048609799999998,55.128798599999996,4.9,643,OPERATIONAL,beauty_salon,,,,False,,,2026-10-09
ChIJsX2ULTcTXz4Ray8sUgO2C54,Facelook Gents & Kids Saloon,Building # 1 - Street 1 Gardens Blvd - Jabal Ali First - Discovery Gardens - Dubai - United Arab Emirates,25.049270699999997,55.1286834,4.7,441,OPERATIONAL,barber_shop,,,,False,,men-only,2026-10-09
ChIJA4eEszITXz4R_c5Bzq41Yyc,Budget Gents Salon - discovery gardens building 10,24XJ+52R - Jabal Ali First - Discovery Gardens - Dubai - United Arab Emirates,25.0479938,55.130021500000005,3.5,351,OPERATIONAL,barber_shop,,,,False,,men-only,2026-10-09
ChIJYUxH-DMTXz4RqEL2nKYTxfk,Haji Sahab Mens Saloon,Dubai - Jabal Ali First - Discovery Gardens - Dubai - United Arab Emirates,25.049694199999998,55.132698,4.1,406,OPERATIONAL,barber_shop,,,,False,,men-only,2026-10-09
ChIJX_9QjgETXz4RZzrm3k2RwPg,Gardens gents salon,Discovery gardens street 1 zen 3 building 5 shop no.2 - 24XJ+W5R - جبل علي الأولى - ديسكفري جاردنز - دبي - United Arab Emirates,25.049918299999998,55.1304643,4.4,114,OPERATIONAL,barber_shop,,,,False,,men-only,2026-10-09
ChIJv7ArzDYTXz4Rcbrjg4tuQeE,Koki Ladies Salon,"Shop No.4, Building No.5, STREET 1 A, Zen 3 Cluster - Discovery Garden - Jabal Ali First - Discovery Gardens - Dubai - United Arab Emirates",25.0497069,55.130254199999996,4.6,365,OPERATIONAL,beauty_salon,,,,False,,,2026-10-09
ChIJMQ0u7TMTXz4Re8cy8Oo9iww,Atlantic Gents Salon,"Street No. 1, Zen Cluster - 15 - جبل علي الأولى - ديسكفري جاردنز - دبي - United Arab Emirates",25.049497,55.133421000000006,4.1,344,OPERATIONAL,hair_salon,,,,False,,men-only,2026-10-09
ChIJKXf9lDsTXz4RGJL2ZSbeTKc,Super Trim Gents Salon,24WC+7VH - Jabal Ali First - Dubai - United Arab Emirates,25.0456884,55.1222263,4,134,OPERATIONAL,barber_shop,,,,False,,men-only,2026-10-09
ChIJwzcsWjETXz4Rcq0I1AlEGM8,"ODD Gents Salon (Black & Brown), Building 13, Discovery Gardens.",24XJ+7RP - Jabal Ali First - Discovery Gardens - Dubai - United Arab Emirates,25.048201,55.132080800000004,3.8,281,OPERATIONAL,hair_salon,,,,False,,men-only,2026-10-09
ChIJl5NnLDETXz4RkmOuqobecKE,Zaina Secrets Beauty Salon,"Discovery Gardens, Street 1, Zen Bldg 4, Shop 7 - جبل علي الأولى - ديسكفري جاردنز - دبي - United Arab Emirates",25.0490192,55.129722799999996,4.5,52,OPERATIONAL,beauty_salon,expensive,100,500,False,,,2026-10-09
ChIJR1aAkdMTXz4R55lUHZycgHE,Empire Gents Salon,الحي الانجليزي اكس 23 محل - Jabal Ali First - Dubai International City - Dubai - United Arab Emirates,25.0457139,55.1313325,3.2,5,OPERATIONAL,barber_shop,,,,False,,men-only,2026-10-09
ChIJ8cPzL7dpXz4Rwk48Q8lvzKw,Marami Gents and Kids Salon LLC,"Zen 3, Discovery Gardens Building - Aشارع ١ - Jabal Ali First - Discovery Gardens - Dubai - United Arab Emirates",25.048630799999998,55.128738399999996,4.4,146,OPERATIONAL,beauty_salon,,,,False,,men-only,2026-10-09
ChIJD-AMzTATXz4RdArMURJdaRk,Nikkis Beauty Salon,"Street 1 D591, Zen 1, Building 3, Shop 6 - Discovery Gardens, Ph: 04-4324084 - جبل علي الأولى - ديسكفري جاردنز - دبي - United Arab Emirates",25.048761,55.128754,4.5,368,OPERATIONAL,beauty_salon,moderate,100,300,False,,,2026-10-09
ChIJLZ4RLTcTXz4Rkp_H-CHCd1o,Beauty Avenue Ladies Salon,"Shop No 8, Building Zen 1 Street 1 - جبل علي الأولى - ديسكفري جاردنز - دبي - United Arab Emirates",25.0491337,55.1287059,4.8,324,OPERATIONAL,beauty_salon,,,,False,,,2026-10-09
ChIJT8sO8IETXz4RvHgp8L42WD4,Blush On Ladies Salon,"Shop 7, Building 5 - جبل علي الأولى - ديسكفري جاردنز - دبي - United Arab Emirates",25.049632799999998,55.130399999999995,4.4,117,OPERATIONAL,beauty_salon,,,,False,,,2026-10-09
ChIJUfzV6ChtXz4RQmFktynJTiY,Tito Brothers gents salon,number 7 - Discovery Gardens Street 8 - Jabal Ali First - Discovery Gardens - Dubai - United Arab Emirates,25.0349507,55.1469102,4.8,1430,OPERATIONAL,hair_salon,,,,False,,men-only,2026-10-09
ChIJZbBg6ihtXz4RzkyQMCZHSWo,Beauty Corner Salon,Dubai - Jabal Ali First - Discovery Gardens - Dubai - United Arab Emirates,25.0346067,55.1470493,4.1,226,OPERATIONAL,beauty_salon,expensive,1,500,False,,,2026-10-09
ChIJYZl0YiVtXz4RYypPDeNp3Pg,Atlantic Gents Salon. Al Furjan,24JX+3G7 - Jabal Ali First - Al Furjan - Dubai - United Arab Emirates,25.0301665,55.1488039,4,53,OPERATIONAL,hair_salon,,,,False,,men-only,2026-10-09
ChIJqS5ZYQBtXz4RstnfFQFsirs,HECTIC GENTS BEAUTY SALON,"DANUBE GLAMZ TOWER 2, SHOP no-G08 - JEBALALI FIRST - جبل علي الأولى - Al Furjan - دبي - United Arab Emirates",25.032763499999998,55.1412695,4.8,97,OPERATIONAL,beauty_salon,,,,False,,men-only,2026-10-09
ChIJM-19L-cVXz4REIhLIFnnVr8,Muse Nail Studio,"Up the stairs at Five Guys - Plaza Level, Rimal 2 - shop P49 The Walk - دبي مارينا - مساكن شاطئ جميرا - دبي - United Arab Emirates",25.0775183,55.1339459,4.9,626,OPERATIONAL,beauty_salon,very_expensive,200,700,False,,,2026-10-09
ChIJhdRRgeVrXz4RuC0c19eOEis,The Salon Dubai | Yin Yang Dubai Marina,"Suha Hotel Apartments, PL Floor, Sadaf 3 Behind Movenpick Hotel - Sadaf 3 - شارع الملك سلمان بن عبدالعزيز آل سعود - دبي مارينا - مساكن شاطئ جميرا - دبي - United Arab Emirates",25.0798101,55.1374541,4.7,627,OPERATIONAL,beauty_salon,moderate,100,400,False,,,2026-10-09
ChIJPxviM1VrXz4R0KxbSC9YcNc,Chill Serenity,2nd floor Intercontinental - King Salman Bin Abdulaziz Al Saud St - Dubai Marina - Dubai - United Arab Emirates,25.0787065,55.1378257,4.8,289,OPERATIONAL,beauty_salon,,,,False,,,2026-10-09
ChIJp991Ws8TXz4RVATWrbaOyC8,Imperial Beauty Ladies Salon,"Plaza Level, Amwaj Shop 32 - دبي مارينا - مساكن شاطئ جميرا - دبي - United Arab Emirates",25.0744391,55.131395,4.9,401,OPERATIONAL,beauty_salon,,,,False,,,2026-10-09
ChIJf1J_DqoUXz4RswdHKq_bF9g,1847 Grooming for Men JBR,Bahar Building - Ground Floor - The Walk - beside Emirates NBD - Dubai Marina - Jumeirah Beach Residence - Dubai - United Arab Emirates,25.0784084,55.134834,4.7,753,OPERATIONAL,barber_shop,,,,False,,men-only,2026-10-09
ChIJTaPX-sQVXz4R9FCZ1YjN5qc,Black Jack BarberShop Bluewater,9 Street - Dubai Marina - Bluewaters Island - Dubai - United Arab Emirates,25.0795501,55.1215413,4.6,186,OPERATIONAL,barber_shop,,,,False,,men-only,2026-10-09
ChIJIXoYDu0VXz4RQgMgF8eRDvI,Laloge Beauty Salon,"Banyan Tree - Bluewaters Resorts - Ground floor, B2-211 - دبي مارينا - جزيرة بلوواترز - دبي - United Arab Emirates",25.0796205,55.1224096,4,4,OPERATIONAL,beauty_salon,,,,False,,,2026-10-09
ChIJzwtZOSQVXz4RIDAOvN9ycHQ,Guapa Ladies Salon,Bluewaters Island - Building 9 - Dubai Marina - Bluewaters Island - Dubai - United Arab Emirates,25.079467299999997,55.1216045,4.6,154,OPERATIONAL,beauty_salon,,,,False,,,2026-10-09
ChIJubk9rT1rXz4R6_5l63yy2BY,Bekky Barber Beachfront,Shop 2 Beach Vista 1 Emaar Beachfront - دبي مارينا - دبي هاربر - دبي - United Arab Emirates,25.0980632,55.139739299999995,4.8,308,OPERATIONAL,barber_shop,,,,False,,men-only,2026-10-09
ChIJxw3DBjETXz4RrPkUIXBMD7A,Magic Touch Beauty Salon- Gardens,5 Ibn Battuta Street - Jabal Ali First - The Gardens - Dubai - United Arab Emirates,25.0469065,55.1297224,4.3,174,OPERATIONAL,beauty_salon,moderate,1,300,False,,,2026-10-09
ChIJeb6R7-VtXz4R2jyela2LY3M,mea Beauty Lounge,mea Beauty Lounge - 258V+23X The fairway mall - Unnamed Road - معيصم الأولى - ملاعب عقارات جميرا للغولف - دبي - United Arab Emirates,25.0150041,55.1926718,5,95,OPERATIONAL,beauty_salon,,,,False,,,2026-10-09
ChIJSaevdyVDXz4Rr54SlMnK6S4,Curve Beauty Salon,Al Sahab Tower 1 - Al Gharbi St - Dubai Marina - Dubai - United Arab Emirates,25.075763799999997,55.135480799999996,4.8,184,OPERATIONAL,beauty_salon,moderate,100,400,False,,,2026-10-09
ChIJQYK-GYAVXz4RqTJjGBLQWB0,Ruhee Beauty Concierge - Home Service Salon,Beach Walk - King Salman Bin Abdulaziz Al Saud St - Dubai Marina - Jumeirah Beach Residence - Dubai - United Arab Emirates,25.076378899999998,55.133531,4.9,1062,OPERATIONAL,beauty_salon,very_expensive,200,500,False,,,2026-10-09
ChIJu-ch-ThtXz4R5JwTE1GI3w8,Your Vibe Beauty Salon,"Marina, Silverene Tower - Dubai Marina - Dubai - United Arab Emirates",25.075270999999997,55.1378421,4.9,232,OPERATIONAL,beauty_salon,very_expensive,200,800,False,,,2026-10-09
ChIJg_m-X3MTXz4RlUVHkObT4Ow,Tip Top Hair Beauty Salon | Marina Byblos Hotel,Marina Byblos Hotel - Al Hubob St - Dubai Marina - Dubai - United Arab Emirates,25.071075,55.1349758,4.6,62,OPERATIONAL,beauty_salon,expensive,1,600,False,,,2026-10-09
ChIJCx0fu7kTXz4RIIq2xQCEQ1o,Angel Wings Beauty Salon,Amwaj Rotana Hotel - Level 1 Al Sayorah St - Dubai Marina - Jumeirah Beach Residence - Dubai - United Arab Emirates,25.073579,55.130432899999995,5,64,OPERATIONAL,beauty_salon,,,,False,,,2026-10-09
ChIJSY86HQATXz4R-BYQRQIpg-8,Maison De Beaute,"Waterfront Level, Marina QuaysWestTower - King Salman Bin Abdulaziz Al Saud St - Dubai Marina - Dubai - United Arab Emirates",25.0764587,55.136857,4.9,213,OPERATIONAL,beauty_salon,expensive,200,400,False,,,2026-10-09
ChIJDYokjKoUXz4RWa3CUoZHhrs,Mehr Mah Beauty Salon,"Bahar, Plaza Level - JBR - The Walk - Dubai Marina - Jumeirah Beach Residence - Dubai - United Arab Emirates",25.0779399,55.134561999999995,4.5,61,OPERATIONAL,beauty_salon,,,,False,,,2026-10-09
ChIJId_FDZtoXj4RtLMGvvUMFc0,HAIRWAVES by Charbel,"Corniche Rd W, Khalidiya Palace Rayhaan Hotel by ROTANA - F849+FM6 - Al Bateen - W32 - Abu Dhabi - United Arab Emirates",24.4561507,54.319131,4.9,298,OPERATIONAL,hair_salon,,,,False,,,2026-10-09
ChIJfZhovYdlXj4RhiiooGvSt7s,SONG BEAUTY LADIES CENTER - L.L.C - S.P.C,https://maps.app.goo.gl/CKJukoC6L3X1NZpPA?g_st=iwb - Al Kasir - Kasser Al Amwaj - Abu Dhabi - United Arab Emirates,24.4755576,54.318466799999996,4.8,106,OPERATIONAL,hair_care,,,,False,,,2026-10-09
ChIJlzw3w65lXj4Ra_gfwVcqf08,Barbershop,9 Zayed The First St - Al Bateen - W32 - Abu Dhabi - United Arab Emirates,24.456422500000002,54.319051099999996,4,11,OPERATIONAL,barber_shop,,,,False,,men-only,2026-10-09
ChIJM38BGwBlXj4RXvM9xafewTw,Pedi:Mani:Cure Studio by Bastien Gonzalez,Emirates Palace Mandarin Oriental - Al Ras Al Akhdar - Abu Dhabi - United Arab Emirates,24.4612381,54.318019299999996,5,2,OPERATIONAL,nail_salon,,,,False,,,2026-10-09
ChIJEZYBfONlXj4Repu-sBuoCjA,Figaro Gentleman Salon,Khālidīyah palace hotel - Corniche St - Al Bateen - W32 - Abu Dhabi - United Arab Emirates,24.456106199999997,54.319266199999994,4.9,31,OPERATIONAL,barber_shop,,,,False,,men-only,2026-10-09
ChIJLS4JHzJlXj4Re7mAZg_Yj7o,"Acqua di Parma Barbiere at Emirates Palace Mandarin Oriental, Abu Dhabi","The Spa at Mandarin Oriental, Emirates Palace - West Corniche Road - Al Ras Al Akhdar - Abu Dhabi - United Arab Emirates",24.4614816,54.3149254,5,3,OPERATIONAL,barber_shop,,,,False,,men-only,2026-10-09
ChIJZcEVYZZlXj4RZsxMZvDkpEA,Perfect Cut Salon Emirates Palace,W Corniche Rd - Al Ras Al Akhdar - Abu Dhabi - United Arab Emirates,24.4628132,54.318403499999995,5,14,OPERATIONAL,barber_shop,,,,False,,men-only,2026-10-09
ChIJNUZcwFxlXj4R1UGyZkyy7vk,Ken Salon,F8JC+3C - King Salman Bin Abdulaziz Al Saud St - Al Kasir - Kasser Al Amwaj - Abu Dhabi - United Arab Emirates,24.4801875,54.3210625,4.8,215,OPERATIONAL,beauty_salon,,,,False,,,2026-10-09
ChIJ4x5Z0rllXj4RX0TozoUVNCM,Tips and Toes,W Corniche Rd - Al Kasir - Kasser Al Amwaj - Abu Dhabi - United Arab Emirates,24.4755257,54.3219625,4.5,419,OPERATIONAL,beauty_salon,,,,False,,,2026-10-09
ChIJFfNierllXj4RDVGYf-Htf5k,Aziz Salon Marina Mall Branch,Marina Mall - Al Kasir - Kasser Al Amwaj - Abu Dhabi - United Arab Emirates,24.4753683,54.3215539,4.5,75,OPERATIONAL,barber_shop,,,,False,,men-only,2026-10-09
ChIJG9_Mj9BlXj4R1L6EBYgkeyE,Man of cave - Marina mall branch,street - Al Kasir - Kasser Al Amwaj - Abu Dhabi - United Arab Emirates,24.4749707,54.3220273,4.7,76,OPERATIONAL,barber_shop,moderate,40,120,False,,men-only,2026-10-09
ChIJxftp17llXj4RR6iKQLzAZSE,Sweet Cut Kids Saloon,Marina Mall - Al Kasir - Al Marina - Abu Dhabi - United Arab Emirates,24.476063399999997,54.3215028,4.4,12,OPERATIONAL,hair_salon,,,,False,,,2026-10-09
ChIJk2y5S1hlXj4RaU-V3GxHYZ4,Benefit Cosmetics,Corniche Road - F8GC+87W - Breakwater Rd - Al Kasir - Kasser Al Amwaj - Abu Dhabi - United Arab Emirates,24.4758665,54.3207042,,,OPERATIONAL,beauty_salon,,,,False,,,2026-10-09
ChIJE41fxbllXj4RaqLEAd7ULzA,Nail Lounge Salon LLC,551 شارع الكورنيش - Al Kasir - Kasser Al Amwaj - Abu Dhabi - United Arab Emirates,24.475568,54.32143800000001,4.1,11,OPERATIONAL,beauty_salon,,,,False,,,2026-10-09
ChIJhUJoI2hlXj4RWMgLSf9uN1o,Benefit Cosmetics Brow Bar,Sephora Marina Mall - Corniche - الكاسر - كاسر الامواج - أبو ظبي - United Arab Emirates,24.4765849,54.3221712,5,142,OPERATIONAL,beauty_salon,,,,False,,,2026-10-09
ChIJ4x5Z0rllXj4RLtJ5OoBzSig,Kids Land Salon,West Corniche Road - Al Kasir - Kasser Al Amwaj - Abu Dhabi - United Arab Emirates,24.475884999999998,54.321940999999995,4.5,60,OPERATIONAL,hair_salon,moderate,1,100,False,,,2026-10-09
ChIJH3UftbtlXj4R_Gp1GDNG7Dg,Marina Spa,F8F9+364 - Al Kasir - Kasser Al Amwaj - Abu Dhabi - United Arab Emirates,24.472649099999998,54.318080300000005,3.8,9,OPERATIONAL,beauty_salon,,,,False,,,2026-10-09
ChIJ4x5Z0rllXj4R_-VAv4ifxYU,Jose Eber,West Corniche Road - Al Kasir - Kasser Al Amwaj - Abu Dhabi - United Arab Emirates,24.475884999999998,54.321940999999995,1,2,OPERATIONAL,hair_salon,,,,False,,,2026-10-09
ChIJp33FCABlXj4RN9nLMKjXZeE,Viken barbershop,F8JC+CJP - Al Kasir - Al Marina - Abu Dhabi - United Arab Emirates,24.4802305,54.321069300000005,5,2,OPERATIONAL,barber_shop,,,,False,,men-only,2026-10-09
ChIJ4x5Z0rllXj4RjjjlVYEGEbY,Shampoo Beauty Salon,West Corniche Road - Al Kasir - Kasser Al Amwaj - Abu Dhabi - United Arab Emirates,24.475884999999998,54.321940999999995,,,OPERATIONAL,beauty_salon,,,,False,,,2026-10-09
ChIJbefoOABlXj4R17KuY77z_5E,Massage Korean Luxury Top Tier,F8MC+3F - Al Kasir - Kasser Al Amwaj - Abu Dhabi - United Arab Emirates,24.4826775,54.3211726,,,OPERATIONAL,beauty_salon,,,,False,,,2026-10-09
ChIJq6ZwLwBlXj4R5_xaVc_AL5M,Massage Japan Luxury - Komorebi Oasis,F8J9+FX7 - Al Kasir - Kasser Al Amwaj - Abu Dhabi - United Arab Emirates,24.480856199999998,54.320175799999994,5,4,OPERATIONAL,beauty_salon,,,,False,,,2026-10-09
ChIJ4x5Z0rllXj4Req_RsypIwio,Estilo Nails Garden,West Corniche Road - Al Kasir - Kasser Al Amwaj - Abu Dhabi - United Arab Emirates,24.475884999999998,54.321940999999995,2,1,OPERATIONAL,beauty_salon,,,,False,,,2026-10-09
ChIJQ-xRY6NFXj4Ru-FAiCzJdaQ,Twiink Beauty Studio - Ladies Beauty Salon,"Al Muneera Beach Plaza Level B, Unit B1-11 - الرَّاحَة - شاطئ الراحة غرب 2 - أبو ظبي - United Arab Emirates",24.4520067,54.604555999999995,4.3,132,OPERATIONAL,beauty_salon,,,,False,,,2026-10-09
ChIJG3DOXn5FXj4RkqKwGnqKheI,SECTION BARBER SHOP,FJ63+4Q6 - Yas Island - YS2 - Abu Dhabi - United Arab Emirates,24.460216799999998,54.605004199999996,5,113,OPERATIONAL,barber_shop,moderate,80,200,False,,men-only,2026-10-09
ChIJmckIai1FXj4RDJdfcplz-70,Beautyspot Salons,Street - Yas Island - YS2 - Abu Dhabi - United Arab Emirates,24.459359,54.600923400000006,4.5,32,OPERATIONAL,hair_salon,,,,False,,,2026-10-09
ChIJbWf7-eFFXj4R3ua_ke0oiTc,"Azure Beauty Salon, Crowne Plaza",Yas Island - Yas Plaza - Abu Dhabi - United Arab Emirates,24.4655203,54.597456799999996,4.2,25,OPERATIONAL,beauty_salon,,,,False,,,2026-10-09
ChIJlbPth9ndjWwRRkf1fcPzukU,Massage Korean home service AT,FH8X+53V - Yas Island - Yas Plaza - Abu Dhabi - United Arab Emirates,24.4654375,54.5976875,2,1,OPERATIONAL,beauty_salon,,,,False,,,2026-10-09
ChIJK1krJPdFXj4RQVCLQY9UeGY,IVY Beauty & Bubbles at Yas Plaza Marina,Yas Plaza Marina - Marina Hotel - Ground Floor - inside Yas Plaza - جزيرة ياس - ياس بلازا - أبو ظبي - United Arab Emirates,24.4656996,54.5993205,5,12,OPERATIONAL,hair_salon,,,,False,,,2026-10-09
ChIJ2TEfXYhnXj4RGxHrc6Ex7DY,Taiwan Massage & Wellness Abu Dhabi,F9J8+G2R - Yas Island - YS2 - Abu Dhabi - United Arab Emirates,24.458287199999997,54.601228400000004,5,8,OPERATIONAL,beauty_salon,,,,False,,,2026-10-09
ChIJ1zogncRFXj4RGTxRt0F_muc,Saal Gents Salon,Yas Island- YS1 - Abu Dhabi - United Arab Emirates شارع الاحتراف - W hotel 2nd floor - Yas Island - YS1 - Abu Dhabi - United Arab Emirates,24.467493599999997,54.6056722,,,OPERATIONAL,hair_salon,,,,False,,men-only,2026-10-09
ChIJURfcOI9FXj4RQMm5phqBgY8,Bedashing Beauty Lounge West Yas,West Yas Plaza - جزيرة ياس - ياس جنوب 3 04 - أبو ظبي - United Arab Emirates,24.493492399999997,54.586836899999994,4.6,733,OPERATIONAL,beauty_salon,very_expensive,100,700,True,westyas,,2026-10-09
ChIJ4UkIgGJFXj4Rqq_4olKf64c,White Angel Centre,15 Ibn Seena St - Yas Island - YS3 04 - Abu Dhabi - United Arab Emirates,24.493464000000003,54.5866737,4.6,193,OPERATIONAL,hair_salon,moderate,50,150,False,,,2026-10-09
ChIJFZhIAO5DXj4RzlYwDOcq5NA,KF Makeup & Hair Styling (Home Service),Bld No 5 - near yas mall - Yas Island - YS3 04 - Abu Dhabi - United Arab Emirates,24.493738999999998,54.586594,5,332,OPERATIONAL,beauty_salon,,,,False,,,2026-10-09
ChIJiwt7755FXj4RPvQbVWgLmug,Chaps and Co - Yas Mall,Yas Island - ياس غرب - Abu Dhabi - United Arab Emirates,24.487173,54.6095707,4.9,1824,OPERATIONAL,barber_shop,moderate,100,200,False,,men-only,2026-10-09
ChIJX56uiH1FXj4R0q65jZPBHjU,Tips and Toes Yas Mall,Yas Mall - Lower ground floor - Yas Island - YS1 - Abu Dhabi - United Arab Emirates,24.489139899999998,54.610155299999995,4.2,1034,OPERATIONAL,beauty_salon,moderate,100,400,False,,,2026-10-09
ChIJAdgYhN5PXj4RaWe6WoDcrrc,Beauty Lab Salon,Waters edge Building 13 shop 14 - جزيرة ياس - ياس جنوب 1 - أبو ظبي - United Arab Emirates,24.4810208,54.618110099999996,4.4,126,OPERATIONAL,beauty_salon,,,,False,,,2026-10-09
ChIJsXh-qCRFXj4RPD1S74hayKA,Très Chic Beauty Lounge,AL DAR Staff Housing - Block B 2 Al Athari St - Yas Island - YS6 - Abu Dhabi - United Arab Emirates,24.496552899999998,54.5991874,4.8,185,OPERATIONAL,beauty_salon,moderate,100,400,False,,,2026-10-09
ChIJNe0TlU1PXj4Refjm7kiQahI,Mizu Beauty Lounge,Yas Acres Golf & Country Club - Yas Island - Yas North - Abu Dhabi - United Arab Emirates,24.4971301,54.6134801,4.8,138,OPERATIONAL,beauty_salon,very_expensive,200,600,False,,,2026-10-09
ChIJnbUMv8FFXj4RNd5I0EaxNd0,IVY Beauty & Bubbles at The WB Abu Dhabi,Curio Collection by Hilton - 1st Floor - Yas Island - YS4 - Abu Dhabi - United Arab Emirates,24.4885217,54.5976449,4.8,172,OPERATIONAL,hair_salon,,,,False,,,2026-10-09
ChIJldsuf4dPXj4RP-dmBlvAypc,The Loft Fifth Avenue Beauty Lounge - Yas Mall,Yas Mall - Yas Island - YS1 - Abu Dhabi - United Arab Emirates,24.4895031,54.608194399999995,4.6,538,OPERATIONAL,beauty_salon,,,,False,,,2026-10-09
ChIJLySq1BxFXj4Rgiy9C0CqB30,Little Scissors Kids Salon | صالون ليتل سيزر لأطفال,Yas Mall - Yas Island - YS1 - Abu Dhabi - United Arab Emirates,24.4873673,54.6068852,4.3,187,OPERATIONAL,barber_shop,moderate,60,140,False,,men-only,2026-10-09
ChIJiRA2fSNFXj4RMWrYFpOYLvQ,Scarlet Rose Salon,درب ياس الترفيهي - Yas Island - YN3 - Abu Dhabi - United Arab Emirates,24.501072399999998,54.599037300000006,4.8,96,OPERATIONAL,beauty_salon,,,,False,,,2026-10-09
ChIJUa8OzOlFXj4Rwz13Z_Ot4xk,Nails Style Beauty Centre,level 1 - Yas Island - YS1 - Abu Dhabi - United Arab Emirates,24.4888344,54.608671099999995,3.7,145,OPERATIONAL,beauty_salon,expensive,1,500,False,,,2026-10-09
ChIJ1TbI3AhFXj4RIei31htfz6w,Mantis Best Barbershop In Yas island,Yas Island - Ansam project - Abu Dhabi - United Arab Emirates,24.4854803,54.5983229,5,219,OPERATIONAL,hair_salon,moderate,50,150,False,,men-only,2026-10-09
ChIJHxjtWBlFXj4RDcKTU8utwso,Ghanj Salon,6 Al Ijzal St - Yas Island - YN3 - Abu Dhabi - United Arab Emirates,24.500763799999998,54.596682699999995,4.8,6,OPERATIONAL,beauty_salon,,,,False,,,2026-10-09
ChIJV7_PcodPXj4R8nKrhDuUXr0,Figaro Salon,Abu Dhabi - Yas Island - YS1 - Abu Dhabi - United Arab Emirates,24.489413100000004,54.61083,2.6,42,OPERATIONAL,barber_shop,,,,False,,men-only,2026-10-09
ChIJY-LwW8FPXj4RHcAe6m2TIAc,KAI Barbershop,Yas Acres Golf & Country Club - Yas Island - Yas North - Abu Dhabi - United Arab Emirates,24.4970583,54.6140966,5,42,OPERATIONAL,barber_shop,moderate,100,140,False,,men-only,2026-10-09
ChIJp2E7W4FFXj4RVXcau-Qgt3E,Toma gents salon barbershop,FJR5+927 - Street - Yas Island - YS1 - Abu Dhabi - United Arab Emirates,24.4909152,54.6075453,3.8,11,OPERATIONAL,barber_shop,,,,False,,men-only,2026-10-09
ChIJo0AcVmRFXj4RX_BMC8Yz8Rc,Taif Beauty salon,yas - Yas Island - YS1 - Abu Dhabi - United Arab Emirates,24.4886917,54.6087542,4.7,3,OPERATIONAL,beauty_salon,,,,False,,,2026-10-09
ChIJeQR6m39FXj4R_lb3bZ30fCg,Benefit Cosmetics Brow Bar,Sephora Yas Mall - Yas Island - Yas West - Abu Dhabi - United Arab Emirates,24.488958500000003,54.6085518,4.9,201,OPERATIONAL,beauty_salon,,,,False,,,2026-10-09
ChIJ3-uGn0Iz26cR1MLoPgqPDNw,The Serenity Spa Clinic and Massage,FHMX+XQC - Yas Island - Ansam project - Abu Dhabi - United Arab Emirates,24.4849224,54.5994253,4.4,5,OPERATIONAL,beauty_salon,,,,False,,,2026-10-09
ChIJB0itbYNFXj4RSJ3-1CYpOfo,Sama Lashes,FJQ5+MFC yas mall - Yas Island - YS1 - Abu Dhabi - United Arab Emirates,24.4891994,54.608647,,,OPERATIONAL,beauty_salon,,,,False,,,2026-10-09
ChIJs8VLrXFFXj4RAgma1lPZzZw,Nails Style Beauty Centre - Yas Mall,Yas Island - YS4 - Abu Dhabi - United Arab Emirates,24.4918232,54.6031932,3.5,11,OPERATIONAL,beauty_salon,,,,False,,,2026-10-09
ChIJ8ZtA3AhPXj4R9bv4hORDLjI,Bedashing Beauty Lounge Noya Plaza,"FJXG+R5 Noya Plaza, East Yas - G 22 - Yas Island - Al Dar Labour Village - Abu Dhabi - United Arab Emirates",24.4995625,54.6254375,4.7,215,OPERATIONAL,beauty_salon,very_expensive,100,700,True,noya-plaza,,2026-10-09
ChIJM6sPxgNPXj4R_ref6Sq0awM,Stache & Co. Barbershop Yas Island,Washio DryCleaners Noya - Yas Island - YN7 - Abu Dhabi - United Arab Emirates,24.4996729,54.625130399999996,5,348,OPERATIONAL,barber_shop,moderate,80,200,False,,men-only,2026-10-09
ChIJpW0S0i1PXj4RiVXKCgECV18,Urban Cuts Barbershop (Water's Edge),Ad Durar St - Yas Island - YS1 - Abu Dhabi - United Arab Emirates,24.480774399999998,54.619123699999996,4.3,112,OPERATIONAL,barber_shop,,,,False,,men-only,2026-10-09
ChIJ8fI0retFXj4RHYpXd_y6rjI,Men's Salon,GH4X+3JW - Yas Island - Yas IslandYas North - Abu Dhabi - United Arab Emirates,24.5052386,54.5990788,3.7,6,OPERATIONAL,barber_shop,,,,False,,men-only,2026-10-09
ChIJw8rScR1FXj4RqBQrVfnEKSg,GUMAMELA Ladies Beauty Salon,26 Al Ihsa-a Street - Yas Island - YN3 - Abu Dhabi - United Arab Emirates,24.5106236,54.6014634,4.6,10,OPERATIONAL,beauty_salon,,,,False,,,2026-10-09
ChIJLYUyWwBFXj4RxXKbkbm8eJ0,AM GENTS STYLE SALON BARBER SHOP,GH3R+4GP - Street - Yas Island - YN1 - Abu Dhabi - United Arab Emirates,24.502847799999998,54.5913152,5,1,OPERATIONAL,barber_shop,,,,False,,men-only,2026-10-09
ChIJ356381xFXj4RleluuqcjXKw,La bella vita ladies salon,GJ32+G83 - Yas Island - YN3 - Abu Dhabi - United Arab Emirates,24.5037551,54.6007948,4,13,OPERATIONAL,beauty_salon,,,,False,,,2026-10-09
ChIJzytGPQBFXj4ROm4eylf7Kho,Yaber alahbabi,11 Al Ahfad St - Yas Island - YN3 - Abu Dhabi - United Arab Emirates,24.5020772,54.5962314,,,OPERATIONAL,nail_salon,,,,False,,,2026-10-09
ChIJO454ZwBPXj4RZFsKq4kIvPw,Bedashing,26 شارع أّبها - Yas Island - Al Dar Labour Village - Abu Dhabi - United Arab Emirates,24.499920200000002,54.6247094,5,5,OPERATIONAL,beauty_salon,,,,True,,,2026-10-09
ChIJRWuhMwBPXj4RqffH0G0Jbv8,LUXURY CUT GENTS SALON AL BAHYA,17 Al Ghawwas St - Al Bahyah - Al Bahyah Old - Abu Dhabi - United Arab Emirates,24.5150618,54.6615043,4.9,12,OPERATIONAL,barber_shop,,,,False,,men-only,2026-10-09
ChIJW3C9ewBPXj4REgscJwT0eTs,Noor Al mehar ladies salon,An Nahham St - Al Bahyah - Al Bahyah Old - Abu Dhabi - United Arab Emirates,24.5151725,54.6604464,3.9,30,OPERATIONAL,beauty_salon,,,,False,,,2026-10-09
ChIJzQ8rNUhOXj4RGlCfY1LYDIc,صالون الندود الباهية,Unnamed Road - Al Bahyah - Al Bahyah Old - Abu Dhabi - United Arab Emirates,24.515299300000002,54.6616277,4.3,13,OPERATIONAL,beauty_salon,,,,False,,,2026-10-09
ChIJc2TrBABPXj4RuGMwJyG_aN4,Al bahiya,GM75+9WR - Al Bahyah - Al Bahyah Farms 1 - Abu Dhabi - United Arab Emirates,24.5134889,54.659768199999995,,,OPERATIONAL,beauty_salon,,,,False,,,2026-10-09
ChIJWUO80Z9PXj4ReoD9XBjFuPM,Awtar Beauty Center - Deerfields Mall,99 - Deerfields mall - Level 3 شارع الرُّبان - الباهية - الباهية القديمة - أبو ظبي - United Arab Emirates,24.5234268,54.6708353,4.7,254,OPERATIONAL,beauty_salon,moderate,100,300,False,,,2026-10-09
ChIJOwZ5HvpPXj4R1dm89uAMbmw,Kanaan Gents Salon - New Shahama | صالون كنعان للرجال - الشهامة الجديدة,"8, شارع سعيد بن معضد المشغوني, الشهامة, بجوار سياف مارين لمعدات الصيد البحرية - 23819 - Al Shahama - New Shahamah - Abu Dhabi - United Arab Emirates",24.524181900000002,54.6766356,4.4,40,OPERATIONAL,barber_shop,inexpensive,20,40,False,,men-only,2026-10-09
ChIJmRjN-BVOXj4R0jl2Ub30-EQ,Silver Palm Gents Saloon صالون النخلة الفضية للرجال,58 Ash Shahamah St - Al Shahama - New Shahamah - Abu Dhabi - United Arab Emirates,24.5247468,54.6752845,4.1,55,OPERATIONAL,hair_salon,,,,False,,men-only,2026-10-09
ChIJfxUbmz5OXj4Rh_bZxj75WL4,Baseline Ladies Salon,"Al Bahya, Deerfields Mall, Ground Floor - 13B - الباهية - الباهية القديمة - أبو ظبي - United Arab Emirates",24.523667999999997,54.671374,4.2,245,OPERATIONAL,beauty_salon,,,,False,,,2026-10-09
ChIJfySZEadpXj4RQFGCOlwRwOg,Signature touch salon n spa Deerfields Mall,"24.52291168315027, 54.67036553914339 - الباهية - الباهية القديمة - أبو ظبي - United Arab Emirates",24.5227964,54.6703383,4.5,24,OPERATIONAL,beauty_salon,,,,False,,,2026-10-09
ChIJ4cPXvj5OXj4RIoKGWul8NkQ,City Cut Salon,"4th Floor, Deerfields Mall - Al Rubban St - Al Bahyah - Al Bahyah Old - Abu Dhabi - United Arab Emirates",24.522935399999998,54.6709008,2.7,39,OPERATIONAL,barber_shop,,,,False,,men-only,2026-10-09
ChIJjcOwsDZPXj4R50xq_foFlg0,Beauty world ladies saloon,BLDG 92 1st Floor - الشهامة - الشهامة الجديدة - أبو ظبي - United Arab Emirates,24.5248945,54.68354240000001,3.3,4,OPERATIONAL,barber_shop,,,,False,,men-only,2026-10-09
ChIJp323AgBPXj4RrofDoXgnPcg,Deneiz Parlour,GMFM+XC3 - Al Shahama - New Shahamah - Abu Dhabi - United Arab Emirates,24.5248945,54.68354240000001,5,1,OPERATIONAL,beauty_salon,,,,False,,,2026-10-09
ChIJD4CyS3NOXj4RscRpJQ6SRmc,صالون كلاسيك مون للسيدات,Abu Dhabi - Al Shahama - New Shahamah - Abu Dhabi - United Arab Emirates,24.523961099999998,54.6906177,3.9,7,OPERATIONAL,beauty_salon,,,,False,,,2026-10-09
ChIJd4DLeFpPXj4RfCwYjK8HG7o,Saloon BE CooL,Deerfelields mall - Al Bahyah - Al Bahyah Old - Abu Dhabi - United Arab Emirates,24.5230312,54.6711156,2.2,11,OPERATIONAL,hair_salon,,,,False,,,2026-10-09
ChIJC93_CFtPXj4RtRRasm558HI,الشهامة,GMFH+VJH - Al Shahama - New Shahamah - Abu Dhabi - United Arab Emirates,24.5246927,54.6791221,,,OPERATIONAL,barber_shop,,,,False,,men-only,2026-10-09
ChIJCZNgIwBPXj4RBXDQ6gQyJZc,LITTLE DIVA SALON,Al Bahyah - Al Bahyah Old - Abu Dhabi - United Arab Emirates,24.5238451,54.67121590000001,3.9,16,OPERATIONAL,beauty_salon,,,,False,,,2026-10-09
ChIJc5eJyw9PXj4RDgrlRR3Rk74,Delma Star Gent's Salon,GMFM+XC3 - Al Shahama - New Shahamah - Abu Dhabi - United Arab Emirates,24.5248945,54.6835423,3,1,OPERATIONAL,hair_salon,,,,False,,men-only,2026-10-09
ChIJaXHwagBPXj4ROBPmGf6lerw,ANY Gents Saloon صالون ايه ان واي للحلاقة الرجالية,Al Souq St - Al Shahama - New Shahamah - Abu Dhabi - United Arab Emirates,24.5235912,54.690673999999994,5,2,OPERATIONAL,barber_shop,,,,False,,men-only,2026-10-09
ChIJwcs9NwBPXj4RaWGlbIqBAgo,Magfraq road new shahama,GMFM+XC3 - Al Shahama - New Shahamah - Abu Dhabi - United Arab Emirates,24.5248945,54.68354240000001,,,OPERATIONAL,barber_shop,,,,False,,men-only,2026-10-09
ChIJUcq4CQBPXj4RrP8bmXN55UI,LOCO,GMFR+M72 - Al Shahama - New Shahamah - Abu Dhabi - United Arab Emirates,24.5241334,54.690646799999996,5,1,OPERATIONAL,beauty_salon,,,,False,,,2026-10-09
ChIJa-JXp4dRXj4RwYg3Nwqibmo,صالون فياجو - Viaggio Beauty Salon,17 Al Munjizeen St - Al Bahyah - Al Bahyah New - Abu Dhabi - United Arab Emirates,24.5438373,54.630502299999996,3.8,88,OPERATIONAL,beauty_salon,,,,False,,,2026-10-09
ChIJnUcr7jxQXj4RIu0t3kTCWXU,White Way Gents Spa & Salon,"Sop No.3,Building Number 1, New Al Bahia - Neaer MASOOMAH Super market - Al Bahyah - Al Bahyah New - Abu Dhabi - United Arab Emirates",24.542088399999997,54.635257300000006,3.9,17,OPERATIONAL,beauty_salon,,,,False,,men-only,2026-10-09
ChIJE0GrCgBRXj4RiBIo4otUPg8,BALGHAILAM GENTS SALON,ʹUjaij St - Al Bahyah - Al Bahyah New - Abu Dhabi - United Arab Emirates,24.5424705,54.6354148,5,1,OPERATIONAL,beauty_salon,,,,False,,men-only,2026-10-09
ChIJbSN1CLFPXj4Rl9x9Aro5dag,Solange Beauty Ladies Salon,مقابل ديرفيلدز مول - Al Shahama - New Shahamah - Abu Dhabi - United Arab Emirates,24.5312962,54.6803093,4,194,OPERATIONAL,beauty_salon,moderate,1,300,False,,,2026-10-09
ChIJhTfJMztRXj4RxFVl3wqJQak,Tli Beauty Lounge L.L.C صالون تلي بيوتي لاونج الشهامة,Al Mu'ayid Street - شارع التَّوَاصُل - الباهية - مزارع الباهية 2 - أبو ظبي - United Arab Emirates,24.543929,54.675675899999995,4.5,164,OPERATIONAL,beauty_salon,,,,False,,,2026-10-09
ChIJh9wAonFPXj4R6P2_rlevv90,Bedashing Beauty Lounge,"Abu Dhabi - Al Shahama Road Deerfields Mall, Shop No 419B - الباهية - الباهية القديمة - أبو ظبي - United Arab Emirates",24.5243742,54.671896499999995,4.6,757,OPERATIONAL,beauty_salon,moderate,100,400,True,shahama,,2026-10-09
ChIJRcFIcQBPXj4R_ffjuPKPC3w,Groomly Salon & Spa,Abu Dhabi - Al Shahama - New Shahamah - Abu Dhabi - United Arab Emirates,24.534065299999998,54.6825372,4.8,94,OPERATIONAL,hair_salon,moderate,1,150,False,,,2026-10-09
ChIJodvNZoBPXj4R0o6ZUSO8Fhk,GAREEN ROSE GENTS SALONصالون وردہ الخضراء للرجال,103 Al Taghroudah St - Al Shahama - New Shahamah - Abu Dhabi - United Arab Emirates,24.531499999999998,54.6807306,4.1,8,OPERATIONAL,barber_shop,,,,False,,men-only,2026-10-09
ChIJhYpQ4nFPXj4RoMadOCtwZC0,Al jaza jents salon,Al Bahyah - Al Shahamah Old - Abu Dhabi - United Arab Emirates,24.536208,54.6773447,3.6,41,OPERATIONAL,barber_shop,,,,False,,men-only,2026-10-09
ChIJ6xBtUQBPXj4RBIivJTZdPiE,انثيميز سبا لاونج anthemeis spa lounge,137 At Taghroudah St - Al Shahama - New Shahamah - Abu Dhabi - United Arab Emirates,24.534001999999997,54.682663,4.3,24,OPERATIONAL,beauty_salon,,,,False,,,2026-10-09
ChIJFbcipNZPXj4RDzs7kJAKif8,No More Lice Abu Dhabi,"4th FLOOR, DEERFIELDS MALL - شارع أبوظبي - الشهامة - الباهية - الباهية القديمة - أبو ظبي - United Arab Emirates",24.5247451,54.671875,3.9,65,OPERATIONAL,hair_salon,,,,False,,,2026-10-09
ChIJm4-13dJPXj4RGhVhaDMey88,مركز غزلان ميكب لتجميل السيدات,Abu Dhabi - Al Shahama - New Shahamah - Abu Dhabi - United Arab Emirates,24.5338712,54.682395199999995,4,8,OPERATIONAL,beauty_salon,,,,False,,,2026-10-09
ChIJx_f-QxpOXj4R9JWj10tCAU0,صالون على كيفك,Al Shahama - New Shahamah - Abu Dhabi - United Arab Emirates,24.533931499999998,54.6825968,4.1,30,OPERATIONAL,barber_shop,,,,False,,men-only,2026-10-09
ChIJtcOjwlZPXj4RzHRLm0qD3cg,CHAMUELA LADIES BEAUTY CENTER (مركز شامويلا لتجميل السيدات),Building 128 - Al Shahama - Abu Dhabi Rd - Al Shahama - New Shahamah - Abu Dhabi - United Arab Emirates,24.5332614,54.6817856,3.5,15,OPERATIONAL,beauty_salon,,,,False,,,2026-10-09
ChIJ1WikRHVPXj4RF_7GOFa5_eQ,Eeyfir gents salon spa,Eyfir gents salon spa and morrocon bath - 18building mafrag road - Al Shahama - New Shahamah - Abu Dhabi - United Arab Emirates,24.5316962,54.6796635,,,OPERATIONAL,beauty_salon,,,,False,,men-only,2026-10-09
ChIJAQMQu4BPXj4RgzlYD-d7xlE,مصبغة الصدف الأوتوماتيكية,GMHR+4H7 - Shk. Maktoum Bin Rashid Rd - Al Shahama - New Shahamah - Abu Dhabi - United Arab Emirates,24.5277857,54.691411599999995,4.2,25,OPERATIONAL,beauty_salon,,,,False,,,2026-10-09
ChIJPaBozw5OXj4RFHmj9O7KVNQ,Aroosal Fareej Ladies Saloon New Shahama,GMJR+HH4 - Al Shahama - New Shahamah - Abu Dhabi - United Arab Emirates,24.531396899999997,54.6914595,3.5,55,OPERATIONAL,beauty_salon,,,,False,,,2026-10-09
ChIJUayCUE5PXj4Rg1xfk-miDhw,صالون AR7,76 Badʹ Khalifa St - Al Shahama - New Shahamah - Abu Dhabi - United Arab Emirates,24.531959999999998,54.691607999999995,5,37,OPERATIONAL,hair_salon,,,,False,,,2026-10-09
ChIJ0buKpw5OXj4R8Q_RMWwMbHU,صالون لوسو زون,GMJR+FH9 - Al Shahama - New Shahamah - Abu Dhabi - United Arab Emirates,24.5311739,54.6914932,3.7,83,OPERATIONAL,beauty_salon,,,,False,,,2026-10-09
ChIJr3cA2epPXj4RcS6qJB4IjtA,Catchy Beauty & Henna Center مركز كاتشي للحنا و التجميل,"Mezannie floor No M3, Buildin No - 54 Badʹ Khalifa St - Al Shahama - New Shahamah - Abu Dhabi - United Arab Emirates",24.5293667,54.6912367,4.3,50,OPERATIONAL,beauty_salon,,,,False,,,2026-10-09
ChIJf3cbfzdPXj4RMbH1w9jcBl8,Circle Beauty and Spa,Al Shahama - New Shahamah - Abu Dhabi - United Arab Emirates,24.5383027,54.692425099999994,4.2,99,OPERATIONAL,beauty_salon,moderate,1,200,False,,,2026-10-09
ChIJ80o6kQxOXj4R3GhiXR5zl-E,صالون اخلاص شهامه,GMGR+99R - Al Shahama - New Shahamah - Abu Dhabi - United Arab Emirates,24.5259999,54.690877099999994,3.8,32,OPERATIONAL,beauty_salon,,,,False,,,2026-10-09
ChIJc7DZPwlnXj4RDLTM5fIWTaY,Loody Beauty Station,131 Al Souq St - Al Shahama - New Shahamah - Abu Dhabi - United Arab Emirates,24.5381976,54.6924061,4.3,49,OPERATIONAL,beauty_salon,,,,False,,,2026-10-09
ChIJdyozSdZPXj4RgQ2V8T_lFFs,Al GHARAYEN SALON FOR MEN,Al Rahbah - New Shahamah - Abu Dhabi - United Arab Emirates,24.529618000000003,54.691479699999995,4.5,12,OPERATIONAL,barber_shop,,,,False,,men-only,2026-10-09
ChIJ-WMhQYxPXj4RV48sW_jXqOo,lulu al khaleej ladies beauty salon (صالون لولو الخليج لتجميل السيدات),building number 70 - Nahhat street - Al Shahama - New Shahamah - Abu Dhabi - United Arab Emirates,24.5313014,54.6915105,4.8,25,OPERATIONAL,beauty_salon,,,,False,,,2026-10-09
ChIJqRwwWXtPXj4RIFw8lRVEroE,PARK LANE SALOON,Al Souq St - Al Shahama - New Shahamah - Abu Dhabi - United Arab Emirates,24.537131499999997,54.6924354,4.7,48,OPERATIONAL,beauty_salon,moderate,1,200,False,,,2026-10-09
ChIJq55P8zdPXj4RgpexpFVFk9Q,Miss Galaxy Beauty Center,GMHR+RGM - Al Shahama - New Shahamah - Abu Dhabi - United Arab Emirates,24.5295848,54.6912957,4.2,21,OPERATIONAL,beauty_salon,,,,False,,,2026-10-09
ChIJFbhrTABPXj4RGr41seI0ToA,ORYX MOBILES&COMPUTERS,67 Al Souq St - Al Shahama - New Shahamah - Abu Dhabi - United Arab Emirates,24.5311266,54.691658999999994,4.7,45,OPERATIONAL,hair_salon,,,,False,,,2026-10-09
ChIJMV0z8chPXj4R3Ks5UvWdfLM,صالون الرملة للرجال,بيالة شاي - Al Shahama - New Shahamah - Abu Dhabi - United Arab Emirates,24.5312579,54.6916521,4.6,43,OPERATIONAL,hair_salon,moderate,1,100,False,,,2026-10-09
ChIJ05JPFVNPXj4Rs8Z2F_7JQ6E,صالون بيت الحنه و الدلكه للسيدات,Badʹ Khalifa St - Al Shahama - New Shahamah - Abu Dhabi - United Arab Emirates,24.5272369,54.690989699999996,4,12,OPERATIONAL,beauty_salon,,,,False,,,2026-10-09
ChIJT9NsAn5RXj4RuzwRYokHpTk,Beauty Mark Ladies Saloon صالون بيوتي مارك للسيدات,Building 56 floor Street 1 - Al Shahama - New Shahamah - Abu Dhabi - United Arab Emirates,24.529516599999997,54.691296699999995,4.2,17,OPERATIONAL,barber_shop,,,,False,,men-only,2026-10-09
ChIJM1SyHyZPXj4RtWsMZyZOCOw,صالون ستايلو شيفنج للرجال - staylo shaving salon,GMQR+VW7 - Al Shahama - New Shahamah - Abu Dhabi - United Arab Emirates,24.5396871,54.6923427,4.4,23,OPERATIONAL,barber_shop,,,,False,,men-only,2026-10-09
ChIJ7x4o8xdRXj4RL8VExl8E4AM,Ambiance Men Spa Salon,Al Shahama - Abu Dhabi Rd - Al Shahama - Al Shahamah Old - Abu Dhabi - United Arab Emirates,24.5534958,54.6941304,4,183,OPERATIONAL,barber_shop,,,,False,,men-only,2026-10-09
ChIJh3jdGflRXj4R_LgciVZOQ6U,Kanaan Gents Saloon & SPA (Al Shahamah Old),خلف جمعيه - Al Bahyah - Al Shahamah Old - Abu Dhabi - United Arab Emirates,24.552180399999997,54.693846699999995,4.3,404,OPERATIONAL,barber_shop,,,,False,,men-only,2026-10-09
ChIJO5rnYmBRXj4R1pXDgiZmjbw,صالون الاخوات الشهامة,HM5V+QRW - Unnamed Road - Al Bahyah - Al Shahamah New - Abu Dhabi - United Arab Emirates,24.559488299999998,54.694580599999995,3.6,82,OPERATIONAL,beauty_salon,,,,False,,,2026-10-09
ChIJA_bkfvdRXj4RIn9092gR8BA,مركز الجمال المخملي للتجميل,Sheikh Maktoum Road (E 11 Road - الباهية - الشهامة الجديدة - أبو ظبي - United Arab Emirates,24.556306000000003,54.694333,4.2,77,OPERATIONAL,beauty_salon,,,,False,,,2026-10-09
ChIJPXGOCltRXj4RDXOA3lqDsEY,لمسة كريستال صالون وسبا للرجال lmsat crystal salon&spa for gents,11 Al Rusoum St - البَاهيةالشهامة القديمة - Al Shahamah New - Abu Dhabi - United Arab Emirates,24.5527591,54.693943000000004,4.2,44,OPERATIONAL,hair_salon,,,,False,,men-only,2026-10-09
ChIJt5VoqPdRXj4R15pqzNESzv8,صالون بيبي ستايل - Baby Style Saloon,HM5V+7RG - Al Bahyah - Al Shahamah New - Abu Dhabi - United Arab Emirates,24.5581881,54.6945651,4.3,51,OPERATIONAL,hair_salon,,,,False,,,2026-10-09
ChIJibicqPdRXj4R8213z11_N4Y,Ruby Salon - Al Shahamah Abu Dhabi,Al Rusoum St - Al Bahyah - Al Shahamah Old - Abu Dhabi - United Arab Emirates,24.5581376,54.694598799999994,3.8,34,OPERATIONAL,beauty_salon,,,,False,,,2026-10-09
ChIJ1zUsWro4Xj4RPiP1sG2UhqM,صالون ميار للسيدات,opposite of moza bint buti school - Al Bahyah - Al Shahamah Old - Abu Dhabi - United Arab Emirates,24.5568284,54.6786021,4.4,39,OPERATIONAL,beauty_salon,,,,False,,,2026-10-09
ChIJGZx6RABRXj4RKcPXqTWlMuo,حلاق الشهامه,5 شارع فاروق - Al Bahyah - Al Shahamah Old - Abu Dhabi - United Arab Emirates,24.5440682,54.680710299999994,3.5,4,OPERATIONAL,hair_salon,,,,False,,,2026-10-09
ChIJBcezDOBRXj4ReyZ1UMIFj00,صالون بيوتي بوينت للسيدات beauty point lady salon,50 Al Mirsal St - Al Bahyah - Al Shahamah Old - Abu Dhabi - United Arab Emirates,24.5506757,54.677982,4.2,18,OPERATIONAL,beauty_salon,,,,False,,,2026-10-09
ChIJab-JA4RRXj4RbxVemc2x5kk,صالون دولشي فيتا للسيدات-Dolce Vita Saloon,Al Bahyah - Al Shahamah Old - Abu Dhabi - United Arab Emirates,24.5595294,54.6945951,3.3,4,OPERATIONAL,beauty_salon,,,,False,,,2026-10-09
ChIJGwNrcf5RXj4RNkZJAUqOqVg,Dawood Salon,Abu Dhabi - Al Bahyah - Al Shahamah New - Abu Dhabi - United Arab Emirates,24.5581377,54.694516199999995,4.4,11,OPERATIONAL,barber_shop,,,,False,,men-only,2026-10-09
ChIJrYm0AZxRXj4Rfeoznvd6OTA,صالون اهل الشهامه,HM2V+RGG - Al Bahyah - Al Shahamah New - Abu Dhabi - United Arab Emirates,24.5520529,54.6938429,3.7,7,OPERATIONAL,barber_shop,,,,False,,men-only,2026-10-09
ChIJs95Du2JRXj4Rr5S4SaI-Uh8,Sapple Gents Saloon & Spa,Nearly by antar restaurant - building No 38 - Al Bahyah - Al Shahamah Old - Abu Dhabi - United Arab Emirates,24.556156599999998,54.6944344,5,6,OPERATIONAL,hair_salon,,,,False,,men-only,2026-10-09
ChIJCfv3ErtRXj4RCJFiBgEm7ag,Rumoush Ladies Saloon,HM5V+RRX - Al Bahyah - Al Shahamah New - Abu Dhabi - United Arab Emirates,24.559611999999998,54.6946034,4,6,OPERATIONAL,beauty_salon,,,,False,,,2026-10-09
ChIJEeyE1utRXj4Rmf076_DLJhM,Crown Salon,Unnamed Road - HM4H+QFV - Al Bahyah - Al Shahamah Old - Abu Dhabi - United Arab Emirates,24.556988999999998,54.678679499999994,3.3,9,OPERATIONAL,barber_shop,,,,False,,men-only,2026-10-09
ChIJ9y4Lf_dRXj4RVvYaiAJHG7Y,Saloon Sas صالون ساس,HM4V+GQC - Al Bahyah - Al Shahamah New - Abu Dhabi - United Arab Emirates,24.5563027,54.6943954,4.1,10,OPERATIONAL,barber_shop,,,,False,,men-only,2026-10-09
ChIJGfBccfhRXj4RMJcyNEHawUY,Al Ghantoot Saloon,Al Rusoum St - Al Bahyah - Al Shahamah New - Abu Dhabi - United Arab Emirates,24.5586333,54.694626,4.4,5,OPERATIONAL,barber_shop,,,,False,,men-only,2026-10-09
ChIJ6a7GXQBRXj4RY6VaPDEnhe8,صالون الشهامة لرجال,5 Al Tatalu' St - Al Bahyah - Al Shahamah Old - Abu Dhabi - United Arab Emirates,24.557034599999998,54.67864720000001,1.7,6,OPERATIONAL,hair_salon,,,,False,,,2026-10-09
ChIJPz1dPzVRXj4RKKiV5j-5NB4,صالون البسمة الدائمة,HM4V+2JG - Al Bahyah - Al Shahamah New - Abu Dhabi - United Arab Emirates,24.555052399999997,54.6940861,4.4,5,OPERATIONAL,beauty_salon,,,,False,,,2026-10-09
ChIJnfDaxUdRXj4R16_ZdWxgUZ4,For You Barber صالون فور يو (حلاق),"Al Rahba, Al Mubdi’een Street - شارع المبدعين - الرحبة - الرحبة القديمة - أبو ظبي - United Arab Emirates",24.5755946,54.694119199999996,5,1,OPERATIONAL,barber_shop,,,,False,,men-only,2026-10-09
ChIJq3Kph4hRXj4RVG7Nl_liT3U,Salon Antar LLC,Abu Dhabi - Al Rahbah - Old Rahba - Abu Dhabi - United Arab Emirates,24.5761671,54.694092399999995,4,9,CLOSED_TEMPORARILY,barber_shop,,,,False,,not-operational,2026-10-09
ChIJ3ziKcCpTXj4RwqXtq8cgUOg,Peony Beauty Center,VILLA NO.26 NEAR TO AL RAAI RESTAURANT - إ11 - الرحبة - الرحبة K - أبو ظبي - United Arab Emirates,24.6204945,54.7165228,,,OPERATIONAL,beauty_salon,,,,False,,,2026-10-09
ChIJN3D6p8dPXj4R3yBQqwyBw3M,Wave & Glow Beauty Salon,Badʹ Khalifa St - Al Shahama - New Shahamah - Abu Dhabi - United Arab Emirates,24.5299882,54.6913762,5,11,OPERATIONAL,beauty_salon,very_expensive,200,800,False,,,2026-10-09
ChIJMRP7IAFPXj4RSz1qPAw9NhI,La Biche Beauty Salon,"Deerfields Mall - 2nd Floor, Shop No. 437 - 99 Al Rubban St - Al Bahyah - Al Bahyah Old - Abu Dhabi - United Arab Emirates",24.5233131,54.6705214,4.6,173,OPERATIONAL,beauty_salon,expensive,100,500,False,,,2026-10-09
ChIJ0eiMDgBPXj4RbtWaL1szmjY,Liora Beauty Ladies Salon and Spa,Shehab 2 - building Floor M Tawi Nassas St - Al Shahama - New Shahamah - Abu Dhabi - United Arab Emirates,24.5301106,54.679426799999995,4.4,140,OPERATIONAL,beauty_salon,expensive,100,500,False,,,2026-10-09
ChIJ_3PpKfdFXj4RMHet52RdlMM,Edelweiss Beauty Centre,Abu Dhabi - Al Rahah - RBW2 - Abu Dhabi - United Arab Emirates,24.452109900000004,54.604428299999995,4.7,100,OPERATIONAL,beauty_salon,moderate,100,200,False,,,2026-10-09
ChIJrzaR6p5PXj4RhUr3DeYN2qM,Nadhra Alzukhiya Ladies Salon صالون نظرة الذكية للسيدات,Al Shahama - New Shahamah - Abu Dhabi - United Arab Emirates,24.528855999999998,54.6912004,4.5,29,OPERATIONAL,beauty_salon,,,,False,,,2026-10-09
ChIJUQwY39BPXj4RsxvhH-xf4yg,Ckkr Ladies Beauty Salon & Spa - صالون سي كي كي آر للسيدات والسبا,Al Shahama - Abu Dhabi Rd - near Sama Al Sham Medical Centre - Al Shahama - New Shahamah - Abu Dhabi - United Arab Emirates,24.528845699999998,54.691276599999995,4.5,35,OPERATIONAL,beauty_salon,,,,False,,,2026-10-09
ChIJX0fF9NNFXj4RnoPe9u8IN-0,Saal Style Beauty Salon,W - 2 Yas Marina Circuit - Yas Island - YS1 - Abu Dhabi - United Arab Emirates,24.467035,54.6053224,4.8,118,OPERATIONAL,beauty_salon,very_expensive,400,1000,False,,,2026-10-09
ChIJPz3IZ6lnXz4RRa0y4wCs_Sg,Mastery Salon | Barber Shop,"Souq, Block C - Warsan First - Dubai International City - Dubai - United Arab Emirates",25.1564355,55.399801599999996,4.8,289,OPERATIONAL,barber_shop,,,,False,,men-only,2026-10-09
ChIJHZTtagBnXz4R-T_iYrv9Y-4,未来设计造型沙龙,国际城空中别墅D栋二楼 - Warsan First - Dubai International City - Dubai - United Arab Emirates,25.158076899999998,55.3967033,2.8,9,OPERATIONAL,hair_salon,,,,False,,,2026-10-09
ChIJ39L9PCBnXz4Ruj0HEMZVO9Y,致美 Forever Shine Ladies Beauty Salon,Al Manama St - Warsan First - Dubai International City - Dubai - United Arab Emirates,25.1570963,55.398725199999994,4.4,42,OPERATIONAL,nail_salon,,,,False,,,2026-10-09
ChIJwRk_qm1DXz4RNPf8_w03wfU,7seven 美容美发,International city Warsan Village block B - ورسان الأولى - مدينة دبي العالمية - دبي - United Arab Emirates,25.1561314,55.40038320000001,4.3,9,OPERATIONAL,beauty_salon,,,,False,,,2026-10-09
ChIJHTBo8hhjXz4RNKZH-1GNkGI,Stripes Gents Saloon,Wasl 611 - Warsan Third - Warsan 3 - Dubai - United Arab Emirates,25.147637399999997,55.457364999999996,3.8,6,OPERATIONAL,barber_shop,,,,False,,men-only,2026-10-09
ChIJ3fEZOAxjXz4RIqY8t3dl6P8,ZIYARAH LADIES SALON - AL WARSAN,"WASL 611, AL - SHOP NO:4 - Warsan Third - Warsan 3 - Dubai - United Arab Emirates",25.1476006,55.457416599999995,5,5,OPERATIONAL,beauty_salon,,,,False,,,2026-10-09
ChIJhw_xEt0qL4gR6Bishu08MI8,Namys Beauty Lounge Dubai Best Salon For Ladies,England Y16 Shop 3 - ورسان الأولى - مدينة دبي العالمية - دبي - United Arab Emirates,25.171655299999998,55.4022863,4.9,484,OPERATIONAL,beauty_salon,moderate,1,300,False,,,2026-10-09
ChIJ8Uc3ZS5hXz4RVamF1VJU_yA,Namys Beauty Lounge Dubai Best Salon for Ladies,V- 12 - Shop No. 10 - Warsan First - Russia Cluster - Dubai - United Arab Emirates,25.1703373,55.40281100000001,4.8,1632,OPERATIONAL,beauty_salon,moderate,100,400,False,,,2026-10-09
ChIJJ439b6ZhXz4RzF67d_6CY9k,V13,Russia V13 - Warsan First - Russia Cluster - Dubai - United Arab Emirates,25.1720716,55.404371000000005,3.9,10,CLOSED_TEMPORARILY,barber_shop,,,,False,,not-operational,2026-10-09
ChIJ-wp_nklhXz4ROIsEvxv9B7I,Levant Gents Saloon,"Shop 18, CBD-29 - Al Dana Center Building - 42 A Street - Warsan First - Dubai International City - Dubai - United Arab Emirates",25.167909899999998,55.4094473,4.8,273,OPERATIONAL,beauty_salon,,,,False,,men-only,2026-10-09
ChIJ2wrcY99hXz4REOoLVtiJjGQ,Beautiful Vanity Ladies Salon,"International City, CBD D-05 - ورسان الأولى - مدينة دبي العالمية - دبي - United Arab Emirates",25.1661836,55.404586800000004,4.5,139,OPERATIONAL,beauty_salon,,,,False,,,2026-10-09
ChIJma0vJABhXz4RXbG7V7lLQBU,Almushrif Salon,5CJ4+5JW - Al Warqa 1 - Al Warqa - Dubai - United Arab Emirates,25.180499800000003,55.406579400000005,4.1,9,OPERATIONAL,barber_shop,,,,False,,men-only,2026-10-09
ChIJmbrs0SNhXz4RjWt44UckSIw,发舞台美发店,迪拜国际城中国区C09 S16 - ورسان الأولى - مدينة دبي العالمية - دبي - United Arab Emirates,25.168150900000004,55.4123083,3.8,29,OPERATIONAL,hair_salon,,,,False,,,2026-10-09
ChIJLbYRUTVhXz4RNhPFDAH3VdQ,She's Ladies Beauty Salon,V10 shop 22 - Warsan First - Russia Cluster - Dubai - United Arab Emirates,25.169256200000003,55.4037704,4.5,354,OPERATIONAL,beauty_salon,,,,False,,,2026-10-09
ChIJUUwCFC5hXz4RH0DCVGoB1ZI,ALGHOUL SALOON,V17 - Warsan First - Dubai International City - Dubai - United Arab Emirates,25.169388899999998,55.406119499999996,4.6,159,OPERATIONAL,barber_shop,,,,False,,men-only,2026-10-09
ChIJHe8MiipjXz4Rjkr46x8C5ys,Super Quality Gents Saloon LLC,Al - ورسان الثالثة - ورسان 3 - دبي - United Arab Emirates,25.1628544,55.4702334,4,9,OPERATIONAL,hair_salon,,,,False,,men-only,2026-10-09
ChIJC_qVUOhjXz4RYVaBUlzbsok,Bab Al Khair,Unnamed Road - 5F59+PH4 - ورسان الثالثة - ورسان 3 - دبي - United Arab Emirates,25.1592504,55.468964899999996,5,2,OPERATIONAL,hair_salon,,,,False,,,2026-10-09
ChIJF7iiZgBjXz4R3N42R0BK600,Al awir warehouse,5F59+G6C - Warsan Third - Warsan 3 - Dubai - United Arab Emirates,25.1588116,55.4680137,,,OPERATIONAL,beauty_salon,,,,False,,,2026-10-09
ChIJQYj5E3uJ9T4Rv7zB_xyoA9Q,Fred Barber,5GHW+G3C - Al Awir First - Dubai - United Arab Emirates,25.1788216,55.545135699999996,3.5,6,OPERATIONAL,barber_shop,,,,False,,men-only,2026-10-09
ChIJWyGpE3uJ9T4Rvke0DIm6mvU,Al Shabak Hairdressing Saloon,5GHW+G2R - Al Awir First - Dubai - United Arab Emirates,25.178871899999997,55.545028599999995,5,1,OPERATIONAL,hair_salon,,,,False,,,2026-10-09
ChIJ8UZeSAOJ9T4R0BkHDxJa0co,Al sadara gents salon,5GGW+GcF - Al Awir Second - Dubai - United Arab Emirates,25.1763078,55.546200799999994,4.2,26,OPERATIONAL,hair_salon,,,,False,,men-only,2026-10-09
ChIJYQxpyvWJ9T4Rr1y_OU33YbY,صالون صقر العوير للرجال SAGR AL AWIR GENETS SALOON,5GGW+C28 - Al Awir Second - Dubai - United Arab Emirates,25.1760311,55.545084599999996,4.3,8,OPERATIONAL,hair_salon,,,,False,,,2026-10-09
ChIJPb-wh7iJ9T4R1X7nwjvnu6Y,صالون راس الخور للرجال,5GGR+QVC - Al Awir First - Dubai - United Arab Emirates,25.176994399999998,55.5420728,1,1,OPERATIONAL,hair_salon,,,,False,,,2026-10-09
ChIJg9cKmnqJ9T4RKmuF-eGfZrc,Al Remsh Gents Salon,5GGW+92Q Al Awir - Road - العوير الثانية - دبي - United Arab Emirates,25.1759919,55.5451219,5,2,OPERATIONAL,hair_salon,,,,False,,men-only,2026-10-09
ChIJWyGpE3uJ9T4RA7N8iSDaXMg,Omar Mohd Hair Cutting Saloon,5GHW+G2R - Al Awir First - Dubai - United Arab Emirates,25.178871899999997,55.545028599999995,,,OPERATIONAL,hair_salon,,,,False,,,2026-10-09
ChIJt0PRI9VnXz4R6cLfcZ2CQqA,مركز حلا الشام للتجميل - ند الحمر - Hala Al Sham Beauty Center - Nad Al Hamar branch,Avenue - Nadd Al Hamar - Dubai - United Arab Emirates,25.1890103,55.384144799999994,4.7,1868,OPERATIONAL,beauty_salon,expensive,100,500,False,,,2026-10-09
ChIJ96MBJCJnXz4R3fmAVRU8dkc,Beautify Me Ladies Salon & Spa,"9th St - Block E - Shop E08, Nadd Al Hamar Avenues, Nadd Al Hamar - Deira - ند الحمر - دبي - United Arab Emirates",25.1890447,55.382507499999996,4.4,205,OPERATIONAL,beauty_salon,very_expensive,300,700,False,,,2026-10-09
ChIJNVRR1jxnXz4RgUheGZafAng,Beauty Room Salon & Spa,Nal - 24B St - Nadd Al Hamar - Dubai - United Arab Emirates,25.195234,55.38343,4.8,694,OPERATIONAL,beauty_salon,moderate,100,300,False,,,2026-10-09
ChIJbZ9sKCJnXz4R5etfw8-hPrk,Rachana Beauty Salon,Unnamed Road - 55 شارع - ٩ - ند الحمر - دبي - United Arab Emirates,25.1893459,55.3827304,3.4,128,OPERATIONAL,beauty_salon,,,,False,,,2026-10-09
ChIJaU06UbJnXz4RjymQpMEOrlI,AB Allure Beauty Lounge,"Nad Alhamar Madina Avenue, street 9 Shop A3 - ند الحمر - دبي - United Arab Emirates",25.189263999999998,55.383721599999994,4.3,87,OPERATIONAL,beauty_salon,moderate,100,400,False,,,2026-10-09
ChIJN9GXfiFnXz4RB1h1C-0HwyU,Miss Caramel Beauty Center And Spa NadAlhammar,Shop #B02 - Building - 9th St - Nadd Al Hamar - Dubai - United Arab Emirates,25.1891013,55.383766699999995,3.9,81,OPERATIONAL,beauty_salon,,,,False,,,2026-10-09
ChIJCQ-j-rVnXz4RAc55X4uk7MQ,Companion Beauty Salon SPA ｜Nad Hamar Avenue,Avenue - near Main Road - Nadd Al Hamar - Dubai - United Arab Emirates,25.1892119,55.383076700000004,4.5,157,OPERATIONAL,beauty_salon,,,,False,,,2026-10-09
ChIJZcp6qrNnXz4RgjHeyT2fs80,Art of Scissors,SHOP NUMBER 21 - Nadd Al Hamar - Dubai - United Arab Emirates,25.1885774,55.384492099999996,4.6,23,OPERATIONAL,hair_salon,,,,False,,,2026-10-09
ChIJD7RMJyJnXz4R-2RiGsWUzhU,Lessoeurs Nail Bar,Avenue - 9th St - Nadd Al Hamar - Dubai - United Arab Emirates,25.1890246,55.383145899999995,4.2,84,OPERATIONAL,nail_salon,,,,False,,,2026-10-09
ChIJieL6pPBnXz4RlHCXGysyqXM,Lilies beauty salon,1 - ند الحمر - دبي - United Arab Emirates,25.1884855,55.384056699999995,4.2,24,OPERATIONAL,beauty_salon,,,,False,,,2026-10-09
ChIJvxMxZSFnXz4RiTSzwFVH8BA,Barber and painting,59QM+HMW - Nadd Al Hamar - Dubai - United Arab Emirates,25.188994599999997,55.3842165,3.9,79,OPERATIONAL,barber_shop,,,,False,,men-only,2026-10-09
ChIJVZxgDwBnXz4R4UwUSaQtENs,صالون بلاك دايموند,9 - Nadd Al Hamar - Dubai - United Arab Emirates,25.188533999999997,55.383661800000006,4.9,10,OPERATIONAL,hair_salon,,,,False,,,2026-10-09
ChIJxbo1zKhtXz4RlJIfAV8ap3A,Le Glamour Lounge,9 - ند الحمر - دبي - United Arab Emirates,25.188378699999998,55.38600160000001,4.7,28,OPERATIONAL,beauty_salon,,,,False,,,2026-10-09
ChIJJU9r0RtnXz4RGZOtYOOVTrU,HB lanova beauty salon,avenues - Nadd Al Hamar - Dubai - United Arab Emirates,25.189239099999998,55.3832088,4.6,29,CLOSED_TEMPORARILY,beauty_salon,,,,False,,not-operational,2026-10-09
ChIJxYEVxhZhXz4RiyCA3bE9lMY,Danya ladies saloon,A RESIDENCE - 13 St - Al Warqa 1 - Al Warqa - Dubai - United Arab Emirates,25.1841908,55.405376399999994,3.4,216,OPERATIONAL,beauty_salon,moderate,1,200,False,,,2026-10-09
ChIJS7h9niphXz4Rj-MRTZZ5FhM,Beauty Room Salon & Spa,"Al Mashroom Building, Opp. Shaklan Supermarket - Al Warqa 1 - Al Warqa - Dubai - United Arab Emirates",25.189629,55.4044835,4.8,1587,OPERATIONAL,beauty_salon,expensive,100,500,False,,,2026-10-09
ChIJ3RuWcyxnXz4RCLO-jnWZGz0,Yasmine Beauty Salon صالون ياسمين,Al Warqa 1 - Al Warqa - Dubai - United Arab Emirates,25.1938556,55.3989506,4.4,181,OPERATIONAL,beauty_salon,,,,False,,,2026-10-09
ChIJlxFOJwNnXz4Rdciy2easauQ,Barber Society - Gents Salon Al Warqa,Al Warqa 1 - Al Warqa - Dubai - United Arab Emirates,25.1922738,55.4014191,4.9,597,OPERATIONAL,barber_shop,moderate,60,160,False,,men-only,2026-10-09
ChIJIWnOw6xnXz4RUEkZG9Bb87M,Beauty Room Salon & Spa,59RV+32 Mall - Union Coop - Nadd Al Hamar - Dubai - United Arab Emirates,25.1909501,55.392663299999995,4.8,978,OPERATIONAL,beauty_salon,moderate,1,400,False,,,2026-10-09
ChIJBWihZ5hhXz4Rk1OOUIhnlzI,Vida saloon al warqa branch,Al Warqa 1 - Al Warqa - Dubai - United Arab Emirates,25.1842002,55.4049924,4.6,218,OPERATIONAL,barber_shop,moderate,40,120,False,,men-only,2026-10-09
ChIJPbDoe05hXz4RP77AYns8EZM,Miss caramel beauty Center & Spa Alwarqa 1,Al Warqa 1 - Al Warqa - Dubai - United Arab Emirates,25.187969199999998,55.4068908,4.3,89,OPERATIONAL,beauty_salon,moderate,100,300,False,,,2026-10-09
ChIJU90E1hVhXz4RKbhXBXGvb2w,Reaction beauty salon ريأكشن بيوتي صالون,Al Warqa 1 - Al Warqa'a 1 - Dubai - United Arab Emirates,25.1923183,55.4075557,4.9,517,OPERATIONAL,beauty_salon,very_expensive,100,700,False,,,2026-10-09
ChIJczawgrJnXz4Rpen1TutFZ64,Bladez Gents Salon صالون رجالي بليدس,Nad Al hamar Al Tilal 19 Shop No. 1 - ند الحمر - دبي - United Arab Emirates,25.1914953,55.3953996,4.9,432,OPERATIONAL,barber_shop,moderate,40,120,False,,men-only,2026-10-09
ChIJt3cMOVxnXz4RP30_Opmu9B4,Razors Spa & Gents Salon,Hassani Building 23 - Shop 6 - Nadd Al Hamar - Dubai - United Arab Emirates,25.187669999999997,55.395376299999995,4.8,299,OPERATIONAL,barber_shop,,,,False,,men-only,2026-10-09
ChIJzyOoiNVnXz4R3-OlizbH3yE,Ray Avenue Ladies Salon,https://goo.gl/maps/MMxqYcv7gXkRsFwP6 - ند الحمر - دبي - United Arab Emirates,25.188525799999997,55.3954699,4.8,136,OPERATIONAL,beauty_salon,very_expensive,100,600,False,,,2026-10-09
ChIJmQ-EaQtnXz4RIGPcrAzL2rU,City Style barber shop & Spa nad Alhammar صالون سيتي ستايل للرجال ند الحمر,Sheikh Mohammed Bin Zayed Rd - Nadd Al Hamar - Dubai - United Arab Emirates,25.1923794,55.3957256,4.8,151,OPERATIONAL,barber_shop,,,,False,,men-only,2026-10-09
ChIJXxhsHtVgXz4RPqhOOKX78gI,Podium Ladies Salon,Abdul Qadir Building - Al Warqa 1 - Al Warqa - Dubai - United Arab Emirates,25.1927623,55.404398199999996,4,130,OPERATIONAL,beauty_salon,,,,False,,,2026-10-09
ChIJX8JEWtRgXz4R8lwfLlrHRww,Sandhya Beauty Salon Al Warqaa,Algeria St - behind Mass Supermarket Building - Al Warqa 1 - Al Warqa - Dubai - United Arab Emirates,25.1932679,55.4061233,4.5,252,OPERATIONAL,beauty_salon,moderate,1,300,False,,,2026-10-09
ChIJdzmwx7pnXz4RXA3uhbGjBDs,AK Barber Shop,"Al Warqa'a, Charity Tower 2 - Al Warqa 1 - Al Warqa - Dubai - United Arab Emirates",25.192564599999997,55.3991768,4.8,189,OPERATIONAL,barber_shop,inexpensive,20,80,False,,men-only,2026-10-09
ChIJ7zgCB8NnXz4R4REjrhwLy9Y,Moe’s Lounge - AlWarqa,Al Warqa 1 - Al Warqa - Dubai - United Arab Emirates,25.194879099999998,55.4018596,4.8,132,OPERATIONAL,barber_shop,,,,False,,men-only,2026-10-09
ChIJAYtbRnBhXz4R_1Hf8c6DSYQ,"Ashtamudi Ladies Beauty Salon Al Warqa - Best Salon and Beauty Parlour in Al Warqa, Dubai",Sheikh Turkey Building - Shop No.1 - behind Aster Clinic - Al Warqa 1 - Al Warqa - Dubai - United Arab Emirates,25.1911781,55.40538910000001,4.9,651,OPERATIONAL,beauty_salon,expensive,100,500,False,,,2026-10-09
ChIJWeMuTpJcXz4Rp0jl14Nu0n0,Rihana Ethiopian Hair Salon,Unnamed road - Al Warqa 1 - Al Warqa - Dubai - United Arab Emirates,25.1888192,55.4050765,4,81,OPERATIONAL,hair_salon,,,,False,,,2026-10-09
ChIJ6aC-giphXz4RYJgEINdIGNk,omran saloon,Al Warqa 1 - Al Warqa - Dubai - United Arab Emirates,25.1898219,55.405013,4,35,OPERATIONAL,beauty_salon,,,,False,,,2026-10-09
ChIJJygT_P1gXz4RggrF7atrAkg,Grand Flora Beauty Salon & Spa - Al Warqa,Al Warqa 4 - Al Warqa - Dubai - United Arab Emirates,25.1999858,55.4413324,4.3,567,OPERATIONAL,beauty_salon,very_expensive,100,700,False,,,2026-10-09
ChIJL_QEkTpcXz4R7As6m_Q-BoE,صالون حلا الشام,الورقاء ٣ - الورقاءالورقاء ٣ - دبي - United Arab Emirates,25.184196399999998,55.4183163,4.7,690,OPERATIONAL,beauty_salon,expensive,100,500,False,,,2026-10-09
ChIJ0UDwxztcXz4R_WI_BKhMQMo,Hala Alsham Ladies Salone,Mall - Tripoli St - Al Warqa 4 - Al Warqa - Dubai - United Arab Emirates,25.1984197,55.442307199999995,4.7,777,OPERATIONAL,beauty_salon,moderate,100,400,False,,,2026-10-09
ChIJ7zNRkgFhXz4R-0gn-lWqmpg,Sakura Beauty Spa,Warqa Mall - Tripoli St - Al Warqa 4 - Al Warqa - Dubai - United Arab Emirates,25.1983909,55.442489599999995,4.4,487,OPERATIONAL,beauty_salon,moderate,1,300,False,,,2026-10-09
ChIJ8T1hzpZcXz4RN0Yw4opznAo,Buthaina Henna And Beauty Saloon,Tripoli St - Al Warqa 4 - Al Warqa - Dubai - United Arab Emirates,25.1984669,55.4425757,3.2,79,OPERATIONAL,beauty_salon,moderate,100,300,False,,,2026-10-09
ChIJaQ9wZeNhXz4RR0dWJH5iQnE,Karmela Beauty Lounge,Warqa Mall - Al Warqa 4 - Al Warqa - Dubai - United Arab Emirates,25.1984419,55.442321799999995,4.9,234,OPERATIONAL,beauty_salon,moderate,100,300,False,,,2026-10-09
ChIJBVlvld5hXz4R8RRdNUHPRws,Cavali Star Gents Salon,505 Tripoli St - Al Warqa 3 - Al Warqa - Dubai - United Arab Emirates,25.2064913,55.4262387,4.4,95,OPERATIONAL,barber_shop,,,,False,,men-only,2026-10-09
ChIJKTplkgFhXz4RKJKTH19RgTg,Joud Gents Salon,5CXR+9WH - Al Warqa 4 - Al Warqa - Dubai - United Arab Emirates,25.1984431,55.4423464,4.3,75,OPERATIONAL,beauty_salon,,,,False,,men-only,2026-10-09
ChIJHWsZFt5hXz4RpOwEA-S8SI0,Vivant Beauty Salon,Al Warqa 3 - Al Warqa - Dubai - United Arab Emirates,25.2065931,55.4256494,4.8,45,OPERATIONAL,beauty_salon,,,,False,,,2026-10-09
ChIJRRqnottgXz4RrzDx1wDnLig,Reem Al Warqa Salon,108 Algeria St - Al Warqa 3 - Al Warqa - Dubai - United Arab Emirates,25.200717599999997,55.418416699999995,3.6,45,OPERATIONAL,beauty_salon,,,,False,,,2026-10-09
ChIJmRWH5F9hXz4RhGk4MRZLPUc,Versilia Beauty Lounge,5CXR+9X8 - Al Warqa 4 - Al Warqa - Dubai - United Arab Emirates,25.198421,55.442451999999996,3.4,8,OPERATIONAL,beauty_salon,,,,False,,,2026-10-09
ChIJfTwzbnZhXz4Rv7WDTz5Yo3I,control saloon,5CRQ+P7Q - Al Warqa 4 - Al Warqa - Dubai - United Arab Emirates,25.1918316,55.438223699999995,3.5,12,OPERATIONAL,barber_shop,,,,False,,men-only,2026-10-09
ChIJBYKhA-FgXz4Rw5K1DKy9FGg,Saloon Rashid Al shaer,5CXH+J6C - Al Warqa 3 - Al Warqa - Dubai - United Arab Emirates,25.1990511,55.428029,3.5,21,OPERATIONAL,barber_shop,,,,False,,men-only,2026-10-09
ChIJJYCKAQJhXz4R_B1ph0DqykA,Bait al wasl,5CXR+PJ2 - Al Warqa 4 - Al Warqa - Dubai - United Arab Emirates,25.1992537,55.441526499999995,3.3,8,OPERATIONAL,barber_shop,,,,False,,men-only,2026-10-09
ChIJI3TXQyJhXz4RYXUbQh-w0BU,صالون سماء الورقاء للرجال,Al Warqa 3 - Al Warqa - Dubai - United Arab Emirates,25.1879621,55.4234156,3.9,15,OPERATIONAL,beauty_salon,,,,False,,,2026-10-09
ChIJJUS1xjphXz4R7SfAMZyI8r4,OTANA Beauty Center By NAJI - Al Warqa Branch 2,Mall - Tripoli St - Al Warqa 4 - Al Warqa - Dubai - United Arab Emirates,25.198482799999997,55.442300499999995,4.1,14,OPERATIONAL,beauty_salon,,,,False,,,2026-10-09
ChIJq6qqqiZhXz4Rr4q81wQyQq8,Fereya Beauty Salon,5CQ9+CQ9 - Unnamed Road - Al Warqa 3 - Al Warqa - Dubai - United Arab Emirates,25.1885455,55.419475299999995,,,OPERATIONAL,beauty_salon,,,,False,,,2026-10-09
ChIJqYLy1kRtXz4RnWuhFR4bkr0,NASAMAT WARD LADIES SALON,11 Street - Al Warqa 3 - Al Warqa - Dubai - United Arab Emirates,25.1798272,55.4217629,4.5,6,OPERATIONAL,beauty_salon,,,,False,,,2026-10-09
ChIJc3UIaHJhXz4Rxtd3mbWdd3s,The Gentleman Club - Gents Salon,City Mall - I Forma Gym - First Floor - Al Warqa 3 - Al Warqa - Dubai - United Arab Emirates,25.2066363,55.4260704,,,OPERATIONAL,barber_shop,,,,False,,men-only,2026-10-09
ChIJTU9oCzGL9T4RyZWe4xzPce4,Bab Al Fanan Gents salon,Awaid Saleh Hasan shop 4 Alaweer - near enoc petrol station - al Aweer1 - 1 Dubai - دبي - United Arab Emirates,25.185838699999998,55.542337100000005,5,6,OPERATIONAL,hair_salon,,,,False,,men-only,2026-10-09
ChIJMXT5aJ2L9T4RcIWNTPBaagI,Ruby Radiance Beauty Salon & Home Services,Al Amardi St - Al Awir First - Dubai - United Arab Emirates,25.1859708,55.542387999999995,4.9,21,OPERATIONAL,beauty_salon,,,,False,,,2026-10-09
ChIJ50DICttnXz4Ra3KfHgO3HZU,Naina Ladies Salon,"Shop No. 6, Rashidiya Building - 44th St - near Rashidiya Market - الراشدية - دبي - United Arab Emirates",25.2260436,55.394755,4.1,59,OPERATIONAL,beauty_salon,,,,False,,,2026-10-09
ChIJBe1rz-NnXz4RRpnNnrUsgCw,New dapper gents salon,15c St - Al Rashidiya - Dubai - United Arab Emirates,25.218828199999997,55.3933669,4.9,34,OPERATIONAL,hair_care,,,,False,,men-only,2026-10-09
ChIJgy_72bZhXz4R2Ai3UayDt7c,Tru Beauty Lounge - Park Centre Mirdif,Park Centre - Mirdif - Dubai - United Arab Emirates,25.217784599999998,55.418608199999994,4.9,2316,OPERATIONAL,beauty_salon,moderate,100,300,False,,,2026-10-09
ChIJtcmijnhhXz4R6Mvnk0xrhr4,Furless Permanent Mirdif,Park Centre - 1st floor - 41 26B St - Mirdif - Dubai - United Arab Emirates,25.217596099999998,55.4190275,4.8,535,OPERATIONAL,beauty_salon,,,,False,,,2026-10-09
ChIJ3WcHYKJgXz4R-qKbDTrZVog,Elyazia Beauty Center,Street 15 Villa 57B - مردف - دبي - United Arab Emirates,25.216998999999998,55.421274999999994,4.3,160,OPERATIONAL,beauty_salon,moderate,100,200,False,,,2026-10-09
ChIJ21D7NpJgXz4RJKj65bT3oq4,Hair Fusion Salon - Mirdif,31 24B St - Mirdif - Dubai - United Arab Emirates,25.2244413,55.4175902,4.7,246,OPERATIONAL,barber_shop,moderate,40,120,False,,men-only,2026-10-09
ChIJScplBrRgXz4RLPW3nEWNtuQ,Sisters Beauty Lounge Hair Salon - City Centre Mirdif,"Car Park Entrance C, City Centre - Level 1 - Mirdif - Dubai - United Arab Emirates",25.2173354,55.4084903,4.6,1149,OPERATIONAL,beauty_salon,,,,False,,,2026-10-09
ChIJtyzp7HJhXz4RowToyT-R7fE,Ward Saloon Men | Barber Shop,6CF8+VRH - 37th St - Mirdif - Dubai - United Arab Emirates,25.224695699999998,55.4171379,4.7,201,OPERATIONAL,barber_shop,moderate,40,80,False,,men-only,2026-10-09
ChIJiylkaSdhXz4RE0nwVI4OR2Q,Adore Beauty Lounge,Sports Society Mall - Shop 214 - 1st Floor - Mirdif - Dubai - United Arab Emirates,25.2217949,55.408204700000006,4.7,679,OPERATIONAL,beauty_salon,very_expensive,200,600,False,,,2026-10-09
ChIJA74ot6RgXz4RClsSDg2I2OE,M&A Beauty Center,44a 24B St - Mirdif - Dubai - United Arab Emirates,25.225008499999998,55.4183982,4,130,OPERATIONAL,beauty_salon,,,,False,,,2026-10-09
ChIJ0bA1eb1gXz4R7D1KslapuS0,Silkor‎ Mirdif Branch,"ground floor, Uptown Mirdif Mall - Algeria St - Mirdif - Dubai - United Arab Emirates",25.223965699999997,55.425036899999995,4.5,440,OPERATIONAL,medical_clinic,,,,False,,not-a-salon,2026-10-09
ChIJEc1fmAVhXz4R7ZoJpS7G1kI,X Hair Lounge Gents Barber,Sheikh Mohammed Bin Zayed Rd Mirdif City center - مردف - دبي - United Arab Emirates,25.2178082,55.4085149,4.8,825,OPERATIONAL,barber_shop,moderate,60,140,False,,men-only,2026-10-09
ChIJB-XJL7lgXz4RX1cd1Xw_Rqw,Pisa Haircutting mirdif branch,41 26B St - Mirdif - Dubai - United Arab Emirates,25.2174276,55.418931,3.8,42,OPERATIONAL,barber_shop,,,,False,,men-only,2026-10-09
ChIJi3Oh9EhhXz4RrFHQy8FnM9w,Al Rafika Ladies Salon,"First Floor, Park Centre - Mirdif - Dubai - United Arab Emirates",25.2178488,55.4186507,4.6,119,OPERATIONAL,hair_salon,,,,False,,,2026-10-09
ChIJScplBrRgXz4RB0mU3HAemF8,1847 Grooming for Men City Centre Mirdif,"1st Floor, City Centre Mirdif Sheikh Mohammed Bin Zayed Road (E311 Road - Entrance C - 1st Floor - South Walk - beside Sisters Beauty Lounge - مردف - دبي - United Arab Emirates",25.2143759,55.406828,4.7,1101,OPERATIONAL,barber_shop,,,,False,,men-only,2026-10-09
ChIJe-0wLMthXz4R0j9s_Y0a9FU,Juice Salon Mirdif,City Centre 1st Floor - Entrance B - شارع الشيخ محمد بن زايد - مردف - دبي - United Arab Emirates,25.2166134,55.4075474,4.7,1559,OPERATIONAL,beauty_salon,very_expensive,200,600,False,,,2026-10-09
ChIJRQHEp-tgXz4RjPFNhFYZlVc,"The Loft Fifth Avenue Beauty Lounge- Shorooq, Mirdif",1a Shorooq Dr - Mirdif - Shorooq - Dubai - United Arab Emirates,25.214153099999997,55.428535999999994,4.6,333,OPERATIONAL,beauty_salon,very_expensive,200,600,False,,,2026-10-09
ChIJQQ2WSlxhXz4R9tsVXUmEjcM,Hala Dirawi Microblading Center,6C99+352 - Mirdif - Dubai - United Arab Emirates,25.2176875,55.4179375,4.8,173,OPERATIONAL,beautician,,,,False,,,2026-10-09
ChIJfWjzrZVhXz4R2gOQ46Ams9o,Glo Beauty Spa & Salon,Sport Society - First Floor - Mirdif - Dubai - United Arab Emirates,25.2221013,55.4077318,4.5,145,OPERATIONAL,beauty_salon,,,,False,,,2026-10-09
ChIJMRLGEU1hXz4RPj3LAt32oCo,Cabello Lounge,Uptown Mirdiff - Shop No - R23 Algeria St - Mirdif - Dubai - United Arab Emirates,25.224141,55.4238389,4.5,52,OPERATIONAL,hair_salon,,,,False,,,2026-10-09
ChIJq8ya9SdhXz4RQsK6_4hgzls,R N J Ladies Salon,Mirdif Hills Avenue - Shop # 31 78th St - Mirdif - Dubai - United Arab Emirates,25.2234028,55.441418399999996,4.9,819,OPERATIONAL,beauty_salon,moderate,100,400,False,,,2026-10-09
ChIJQ3rnkVBhXz4RtgefhpUOauM,Glow365 beauty Mirdif hills avenue,78th St - Mirdif - Dubai - United Arab Emirates,25.221738799999997,55.4413299,4.6,547,OPERATIONAL,beauty_salon,very_expensive,100,600,False,,,2026-10-09
ChIJ-0U6Z-dhXz4RXRJa0Mc3Hhc,82 House of Beauty,Mirdif Hills Avenue - 78th St - Mirdif - Dubai - United Arab Emirates,25.222708899999997,55.4411555,4.7,352,OPERATIONAL,beauty_salon,moderate,100,300,False,,,2026-10-09
ChIJoxAi2QxhXz4RW8iaxk-7jo0,TOT Ladies Beauty Salon,Mirdif - Dubai - United Arab Emirates,25.2227054,55.4349311,4.7,91,OPERATIONAL,nail_salon,,,,False,,,2026-10-09
ChIJUXfUeL1gXz4RwoJm7PLsBFU,Truelase Beauty Clinic,Mirdif Hills Avenue - مردف - دبي - United Arab Emirates,25.222282399999997,55.4410209,4.8,273,OPERATIONAL,medical_clinic,,,,False,,not-a-salon,2026-10-09
ChIJOxA3apJgXz4RS1_ETpmpCzQ,Glamour Beauty & Nail Spa Mirdif,47th St - Mirdif - Dubai - United Arab Emirates,25.2220648,55.4347692,4.7,403,OPERATIONAL,beauty_salon,moderate,1,300,False,,,2026-10-09
ChIJ15PLWpJgXz4R5U6x1jNpKmA,Casa Bonita Beauty Salon & Spa صالون و سبا كازا بونيتا,Al Barajeel Oasis Complex - Mirdif - Dubai - United Arab Emirates,25.2214955,55.434779799999994,4.4,392,OPERATIONAL,beauty_salon,moderate,100,400,False,,,2026-10-09
ChIJ_abEMABhXz4RRelD1y93jCE,DIZZCUTS GENTS SALON,27 53rd St - Mirdif - Dubai - United Arab Emirates,25.2227778,55.4352222,4.5,23,OPERATIONAL,barber_shop,,,,False,,men-only,2026-10-09
ChIJIV5u57lhXz4RTiAAlQApPLA,Oza beauty center,19 78th St - Mirdif - Dubai - United Arab Emirates,25.2211,55.441050999999995,4.1,68,OPERATIONAL,beauty_salon,,,,False,,,2026-10-09
ChIJe4NvOM1hXz4RdnEMSsUt6bM,New Gentleman Salon,Mirdif Hills Avenue - opposite Millennium Place Hotel - Mirdif - Dubai - United Arab Emirates,25.2219833,55.441138099999996,4.9,262,OPERATIONAL,barber_shop,,,,False,,men-only,2026-10-09
ChIJR9fyi3vROAMRFfcKvuznzWg,Love Your Lashes Beauty Salon,Tulip - Mirdif - Dubai - United Arab Emirates,25.221356999999998,55.4405497,4.4,83,OPERATIONAL,beauty_salon,,,,False,,,2026-10-09
ChIJqfI6UwBhXz4Rgz5rxfz7C-4,THE 1888,53rd St - near West Zone Supermarket - Mirdif - Dubai - United Arab Emirates,25.2224053,55.4354611,4.8,21,OPERATIONAL,barber_shop,,,,False,,men-only,2026-10-09
ChIJLUj9BKRDXz4R70ZHMj4xsww,HI STYLE GENTS SALON L.L.C,tulip building - Block C 78th St - Mirdif - Dubai - United Arab Emirates,25.221106499999998,55.441204299999995,4.9,73,OPERATIONAL,hair_salon,,,,False,,men-only,2026-10-09
ChIJH9ZIB7lhXz4RtUlOidRSoKA,Bab Al Rayyan Gents Salon,بنايه توليب - 78th St - Mirdif - Dubai - United Arab Emirates,25.221140899999998,55.4407412,4.8,83,OPERATIONAL,barber_shop,,,,False,,men-only,2026-10-09
ChIJbWKo8dthXz4Ryldl6yieAe4,Lucky lashes beauty salon,Mirdif - Dubai - United Arab Emirates,25.2214526,55.440432699999995,3.9,32,OPERATIONAL,beauty_salon,moderate,200,300,False,,,2026-10-09
ChIJC-JsJAthXz4R_9QZZP2u5bg,QUEEN IMAGE LADIES SALON,tulip building - 78th St - Mirdif - Dubai - United Arab Emirates,25.221254599999998,55.4406652,5,13,OPERATIONAL,beauty_salon,,,,False,,,2026-10-09
ChIJkZWwGlphXz4RSyv2Ojl-cWs,Princess Place Ladies Beauty Salon,Villa - 4 47th St - Mirdif - Dubai - United Arab Emirates,25.2194658,55.437636399999995,4.2,45,OPERATIONAL,beauty_salon,moderate,100,300,False,,,2026-10-09
ChIJBTAVWr1gXz4R2Rm3lu_LsZY,HMC,6CFP+254 - Mirdif - Dubai - United Arab Emirates,25.222502600000002,55.435457,3.3,50,OPERATIONAL,beauty_salon,,,,False,,,2026-10-09
ChIJC2gDordhXz4RzmnMLViVp0A,Capitano Gents Salon,6CFP+53C - 53rd St - Mirdif - Dubai - United Arab Emirates,25.222946399999998,55.4351755,4.8,16,OPERATIONAL,barber_shop,,,,False,,men-only,2026-10-09
ChIJK2Od559hXz4RbGXCEq7mPzw,BHB La Vie Beauty Centre,93 79D St - Mirdif - Dubai - United Arab Emirates,25.2291422,55.44197380000001,3.4,18,OPERATIONAL,beauty_salon,,,,False,,,2026-10-09
ChIJcfewuS9gXz4RcRZViAtkjlw,Jarnas Salon,6F9J+HQ4 - Wadi Alamardi - Dubai - United Arab Emirates,25.218887799999997,55.481954599999995,5,1,OPERATIONAL,barber_shop,,,,False,,men-only,2026-10-09
ChIJG5-BSABhXz4RtZEDLw83pXo,حلاق شاجي,6F9J+HQ9 - Wadi Alamardi - Dubai - United Arab Emirates,25.2189019,55.481976599999996,4,2,OPERATIONAL,barber_shop,,,,False,,men-only,2026-10-09
ChIJE5wE9G5hXz4R5DUllyFOL_k,Silvio Mobile Salon Al Khawaneej,Al Khawaneej St - Al Khawaneej 1 - Al Khawaneej - Dubai - United Arab Emirates,25.227916900000004,55.4717899,5,1,OPERATIONAL,barber_shop,,,,False,,men-only,2026-10-09
ChIJIx1uJwCL9T4Rparz3amzlaU,Blooming beauty lounge,6G84+P2 - Wadi Alamardi - Dubai - United Arab Emirates,25.21686,55.505024,3.8,102,OPERATIONAL,beauty_salon,very_expensive,100,700,False,,,2026-10-09
ChIJt-lnnICL9T4R5OpyCNwdKBM,Lady Orchid Beauty Salon,Al Amardi St - Al Khawaneej 2 - Al Khawaneej - Dubai - United Arab Emirates,25.223592,55.505079599999995,4.6,28,OPERATIONAL,beauty_salon,,,,False,,,2026-10-09
ChIJrypNhHCL9T4ROEU5h69vX4Y,Art of scissors - Al Khawaneej,Wadi Alamardi - Dubai - United Arab Emirates,25.2174455,55.5046349,4.5,24,OPERATIONAL,barber_shop,,,,False,,men-only,2026-10-09
ChIJL3cSHo-K9T4RIvisoLfNQWM,Hayer Tayir Saloon,6GF4+834 - Al Khawaneej 2 - Al Khawaneej - Dubai - United Arab Emirates,25.223256799999998,55.505218199999995,3.7,3,OPERATIONAL,barber_shop,,,,False,,men-only,2026-10-09
ChIJN7YWsNmL9T4RSm1tJtJ9-RM,Side fade Barber,beside High Joint - Al Khawaneej 2 - Al Khawaneej - Dubai - United Arab Emirates,25.2237035,55.5049755,5,10,OPERATIONAL,barber_shop,,,,False,,men-only,2026-10-09
ChIJm2K3UQCL9T4RZO09b43jCew,Al Fida Corner Gent Saloon حلاق ركن الفداء للرجال,130 Al Khawaneej St - Al Khawaneej 2 - Al Khawaneej - Dubai - United Arab Emirates,25.223260999999997,55.505116,1,1,OPERATIONAL,hair_salon,,,,False,,men-only,2026-10-09
ChIJcWXppeaL9T4RkYMKVmmU4M8,Golden scissor gents SALOON,6GC3+HRG - Al Khawaneej 2 - Al Khawaneej - Dubai - United Arab Emirates,25.221512699999998,55.5045254,3,1,OPERATIONAL,barber_shop,,,,False,,men-only,2026-10-09
ChIJNUPycfSL9T4Rv_B-P0U6L24,Al Haiman Gents Saloon,6GC3+MR9 - Al Khawaneej 2 - Al Khawaneej - Dubai - United Arab Emirates,25.2216615,55.5046052,,,OPERATIONAL,hair_salon,,,,False,,men-only,2026-10-09
ChIJxRAUCc6L9T4RAvNNsWsN2Qg,Fida Muhammad Gents,6GF3+FX - C2 Khawaneej Round About - opp. Al Khawaneej - Al Khawaneej 2 - Al Khawaneej - Dubai - United Arab Emirates,25.2236875,55.5049375,3.4,5,OPERATIONAL,barber_shop,,,,False,,men-only,2026-10-09
ChIJFZgOFACL9T4RttmMllcOFtE,AL MAAZAB GENTS SALOON,6GF3+9QM - Al Khawaneej 2 - Al Khawaneej - Dubai - United Arab Emirates,25.2234646,55.504427500000006,4,1,OPERATIONAL,barber_shop,,,,False,,men-only,2026-10-09
ChIJM8vsG02L9T4RGJmqmF_ZC2c,Cutbox gents salon,Al Amardi St - Wadi Alamardi - Dubai - United Arab Emirates,25.2167176,55.5048849,4.7,26,OPERATIONAL,barber_shop,,,,False,,men-only,2026-10-09
ChIJVQh_dACL9T4RYg07-HwgtQ8,New omran saloon,2 Al Khawaneej St - Al Khawaneej 2 - Al Khawaneej - Dubai - United Arab Emirates,25.222166299999998,55.505579499999996,,,OPERATIONAL,hair_salon,,,,False,,,2026-10-09
ChIJRaaavpCK9T4RKaxC1vajs10,Wadi Al Khawanej Gents Saloon,Al Khawaneej 2 - Al Khawaneej - Dubai - United Arab Emirates,25.2304998,55.5036409,,,OPERATIONAL,barber_shop,,,,False,,men-only,2026-10-09
ChIJ8VFklKZdXz4RpWBVJ8NC4bc,Jo Malone,69X7+25G - Airport Rd - Dubai Int'l Airport - Dubai - United Arab Emirates,25.247553699999997,55.3629505,,,OPERATIONAL,beauty_salon,,,,False,,,2026-10-09
ChIJRZwdLpZdXz4RHHEUXyKEIfs,Aesop,69VF+44G - Airport Rd - Dubai Int'l Airport - Dubai - United Arab Emirates,25.2428021,55.372830199999996,,,OPERATIONAL,beauty_salon,,,,False,,,2026-10-09
ChIJCb4Nk6ZdXz4RSM9yg0NxgjE,Kiehl's,69X7+35C - Airport Rd - Dubai Int'l Airport - Dubai - United Arab Emirates,25.2476831,55.3628819,,,OPERATIONAL,beauty_salon,,,,False,,,2026-10-09
ChIJ1RFJ6QddXz4RhG3ONUD8zNQ,Perfumes & Cosmetics,Terminal 3 Airport Rd - Dubai Int'l Airport - Dubai - United Arab Emirates,25.2506223,55.3575309,,,OPERATIONAL,beauty_salon,,,,False,,,2026-10-09
ChIJBTzrgYZDXz4R4k3BNQwPjhs,Lash and Brow station,Madinat Badr - Muhaisnah First - Muhaisnah 1 - Dubai - United Arab Emirates,25.2371616,55.4140393,4.3,434,OPERATIONAL,beauty_salon,moderate,100,400,False,,,2026-10-09
ChIJXZYxUuhDXz4Ryj9adQUkUic,Arez Beauty Center ( أريز بيوتي سنتر ),"Muhaisnah 01, Madinat Badr city Building Qamar 3, Shop 31 - محيصنة الأولى - محيصنة - دبي - United Arab Emirates",25.236919999999998,55.4125246,4.6,362,OPERATIONAL,beauty_salon,,,,False,,,2026-10-09
ChIJkctWpShfXz4RLWbT4WUpWM8,Art of Scissors,6CP7+R8 Qamar 3 building - Muhaisnah First - MuhaisnahMuhaisnah 1 - Dubai - United Arab Emirates,25.237001499999998,55.413243599999994,4.3,38,OPERATIONAL,barber_shop,,,,False,,men-only,2026-10-09
ChIJqxrlxd5dXz4Rczmmr0avRmw,Samayel Saloon,793X+XHM - 254 Al Nahda St - Al Twar Third - Al Twar 3 - Dubai - United Arab Emirates,25.254935699999997,55.399073599999994,4.5,11,OPERATIONAL,hair_salon,,,,False,,,2026-10-09
ChIJg3KJ-dtdXz4RWh5XMgAtnno,Venus ladies saloon,Emirates cooperative Society - Al Twar Third - Al Twar 3 - Dubai - United Arab Emirates,25.2553152,55.397527200000006,4.5,42,OPERATIONAL,beauty_salon,,,,False,,,2026-10-09
ChIJLfzG8JNdXz4RyeIK6wIB0_w,Control Barber Shop,2 11A St - Al Twar Third - Al Twar - Dubai - United Arab Emirates,25.248495499999997,55.3905775,4,15,OPERATIONAL,barber_shop,,,,False,,men-only,2026-10-09
ChIJw-2HJgBdXz4R6d_3Tpbdw_Q,Shabab Al Twar,69VX+4M مسجد بن كتيت - 3B St - Al Twar Third - Al Twar 3 - Dubai - United Arab Emirates,25.242759099999997,55.3991464,5,2,OPERATIONAL,barber_shop,,,,False,,men-only,2026-10-09
ChIJe76kU-ZdXz4RT2k_0tz5DAE,Al Mezher Hairdressing Saloon,69WV+GJH - Al Twar Third - Al Twar - Dubai - United Arab Emirates,25.2463178,55.3941198,3.4,10,OPERATIONAL,barber_shop,,,,False,,men-only,2026-10-09
ChIJix9zelZnXz4R2HgBU3EZ_xY,Pisa Haircutting,69GW+H4F - Al Rashidiya - Dubai - United Arab Emirates,25.226431299999998,55.3952926,2.7,12,OPERATIONAL,barber_shop,,,,False,,men-only,2026-10-09
ChIJ4dmgO-9hXz4Rs5WytTfD5r4,Nail Studio Mirdif,999c Al Khawaneej St - Mirdif - Dubai - United Arab Emirates,25.232888,55.4321906,4.4,177,OPERATIONAL,nail_salon,moderate,100,250,False,,,2026-10-09
ChIJSW1zuyBhXz4RqFo3pM3UzRw,ORLA Beauty Salon,83rd St - Mirdif - Dubai - United Arab Emirates,25.230898699999997,55.4244694,4.4,510,OPERATIONAL,beauty_salon,,,,False,,,2026-10-09
ChIJ13X3hjxhXz4RmyOc4SN8FVc,"Perfect Skin Center , Dr beauty clinic",Mirdif avenue mall 1st floor - مردف - دبي - United Arab Emirates,25.2328601,55.432141400000006,4.8,706,OPERATIONAL,beauty_salon,,,,False,,,2026-10-09
ChIJDxOvcpRgXz4RsFCBEBUSAiI,Urban Cutz,Mirdif golden gate - 40 71st St - Mirdif - Dubai - United Arab Emirates,25.2286824,55.4321353,4.5,171,OPERATIONAL,barber_shop,,,,False,,men-only,2026-10-09
ChIJT4n6R0phXz4RPwat6Axi93g,Brow and Beauty Mirdif,Mirdif Avenue Mall - Mirdif - Dubai - United Arab Emirates,25.2327093,55.43201140000001,4.6,210,OPERATIONAL,beauty_salon,,,,False,,,2026-10-09
ChIJJym1WZlgXz4RDU-v4mRhckE,Bedashing Beauty Lounge - Mirdif 35,"Mirdif 35, Level 2, unit L2-10, dubai - مردف - دبي - United Arab Emirates",25.2322986,55.4329599,4.5,818,OPERATIONAL,beauty_salon,moderate,100,300,True,mirdif-35,,2026-10-09
ChIJE1CVe7ZhXz4RPi3-mmioJNc,Blank beauty lounge,6CMJ+5X6 - Mirdif - Dubai - United Arab Emirates,25.232907899999997,55.432385399999994,3.9,245,OPERATIONAL,beauty_salon,moderate,100,400,False,,,2026-10-09
ChIJK9kctAhfXz4R0qVrxwldtHw,Al Raqi Gents Saloon,Dubai - Al Mizhar First - Al Mizhar - Dubai - United Arab Emirates,25.2489438,55.4391798,4.5,104,OPERATIONAL,barber_shop,,,,False,,men-only,2026-10-09
ChIJyxgqYEBhXz4RAZNvYw_LX3E,Amro Ladies Salon,Mirdiff 35 - مردف - دبي - United Arab Emirates,25.232351599999998,55.4330206,4,286,OPERATIONAL,beauty_salon,expensive,200,400,False,,,2026-10-09
ChIJjQm_aR5eXz4RBuSMIYXLnQE,Salon Afrina Beauty & Henna - Etihad Mall,"Level 1, Etihad Mall, Al Khawaneej Road - محيصنة الأولى - محيصنة - دبي - United Arab Emirates",25.237202999999997,55.420766,4.7,1333,OPERATIONAL,beauty_salon,expensive,100,500,False,,,2026-10-09
ChIJcSTLPuBhXz4RdV6E3PdOMGA,Tash Beauty Lounge,Mirdif - Street 27 - مردف - دبي - United Arab Emirates,25.2328148,55.4321719,4.6,318,OPERATIONAL,beauty_salon,moderate,100,400,False,,,2026-10-09
ChIJNaFSzPJhXz4ReVV0OP6vyd0,Ponytail Style Spa & Beauty Center,The 77 Hub - 1st Floor - Mirdif - Dubai - United Arab Emirates,25.230949700000004,55.424465999999995,4.8,385,OPERATIONAL,beauty_salon,very_expensive,200,800,False,,,2026-10-09
ChIJ8Yc6IgBhXz4Rdx4fS5Ow0SQ,ULTA BEAUTY CENTER,"Al Khawaneej centre, B03 - Al Mizhar First - Al Mizhar - Dubai - United Arab Emirates",25.2350323,55.4312031,4.5,131,OPERATIONAL,beauty_salon,moderate,1,300,False,,,2026-10-09
ChIJ1-pvN-thXz4RI-0BHIqTbmg,Barber Bro's,999 Al Khawaneej St - Mirdif - Dubai - United Arab Emirates,25.2323049,55.4327088,4.6,123,OPERATIONAL,barber_shop,,,,False,,men-only,2026-10-09
ChIJa0rqaZJgXz4Re1XxxSHj5Ms,SEI BELLA BEAUTY CENTER,91D - AL OWAIS BUILDING - 91D St - near AVENUE MALL - مردف - دبي - United Arab Emirates,25.2332781,55.427752899999994,4.8,252,OPERATIONAL,beauty_salon,moderate,1,300,False,,,2026-10-09
ChIJkWpwh_BhXz4R4dJNEDAXwmU,Roots Lab Beauty Salon,Mirdif Avenue Mall - 27 78th St - Mirdif - Dubai - United Arab Emirates,25.2328574,55.432141800000004,4.5,135,OPERATIONAL,beauty_salon,expensive,200,400,False,,,2026-10-09
ChIJXf3q1wRqXz4RSrgwabJZY7Y,Maison de Joelle Mirdif,Avenue by YA - Al Khawaneej St - Mirdif - Dubai - United Arab Emirates,25.2325053,55.434502900000005,4.2,121,OPERATIONAL,beauty_salon,,,,False,,,2026-10-09
ChIJUX2qSwBhXz4RptuSK0u82tI,Flourish Beauty Lounge & Spa,Al Mizhar First - Al Mizhar - Dubai - United Arab Emirates,25.234657199999997,55.4309985,4.8,99,OPERATIONAL,beauty_salon,,,,False,,,2026-10-09
ChIJYch0DJpgXz4RNOdsjPZt4I8,Oasis Beauty Center,6CHJ+9GW - Street # 58 - Mirdif - Dubai - United Arab Emirates,25.228499199999998,55.431312999999996,3.9,61,OPERATIONAL,beauty_salon,,,,False,,,2026-10-09
ChIJlwYu_B1hXz4RZTOwsrvsdO0,Queen Code - Beauty Salon - Mirdiff - Services from Just @129AED,2nd floor - 35 60C St - Mirdif - Dubai - United Arab Emirates,25.232336300000004,55.432881099999996,4.8,139,OPERATIONAL,beauty_salon,very_expensive,100,600,False,,,2026-10-09
ChIJ1WFkRoJfXz4RhRGLtbve9hM,Grand Flora Beauty Salon & Spa,West Zone Mall - Al Mizhar First - Al Mizhar - Dubai - United Arab Emirates,25.2442568,55.452292099999994,4.6,1362,OPERATIONAL,beauty_salon,expensive,100,500,False,,,2026-10-09
ChIJa1olWx9hXz4Rez4OqrBJ3ZE,MIA BELLA BEAUTY LOUNGE,Khawaneej 1 - Al Khawaneej St - Al Khawaneej 1 - Al Khawaneej - Dubai - United Arab Emirates,25.2328546,55.4738562,4.4,848,OPERATIONAL,beauty_salon,expensive,200,400,False,,,2026-10-09
ChIJDzrOsR9hXz4RZCecBRz5ng8,Luxuriate Gents Salon,"Shop M-D05, Al Khawaneej Walk Mall, Last Exit - الخوانيج 1 - الخوانيج - دبي - United Arab Emirates",25.232748899999997,55.4740973,4.7,229,OPERATIONAL,barber_shop,,,,False,,men-only,2026-10-09
ChIJGe2UN9FfXz4R2KOaY8GQ-6w,Grand Flora Beauty Salon & Spa - Aswaaq Mall Mizhar,Al Khortoom Street - First Floor - المزهر الأولى - المزهر - دبي - United Arab Emirates,25.249999799999998,55.4534296,4.4,490,OPERATIONAL,beauty_salon,expensive,100,500,False,,,2026-10-09
ChIJ1RlQ3NhfXz4RTTVMzAWIQ8Y,حلاق قحطه,13 27th St - Al Mizhar Second - Al Mizhar - Dubai - United Arab Emirates,25.2487274,55.46259860000001,4.1,27,OPERATIONAL,barber_shop,,,,False,,men-only,2026-10-09
ChIJPUgcS-NhXz4RMdpvyJgsz80,Mona Beauty Center Al Khawaneej Branch,Al Khawaneej St - Al Khawaneej 1 - Al Khawaneej - Dubai - United Arab Emirates,25.2330859,55.4732261,4.3,330,OPERATIONAL,beauty_salon,,,,False,,,2026-10-09
ChIJg-RE1tVfXz4R4JjHu0TKkNc,Unique Style Men Saloon and Spa,66 35c St - Al Mizhar First - Al Mizhar - Dubai - United Arab Emirates,25.246102099999998,55.4525772,4,64,OPERATIONAL,barber_shop,,,,False,,men-only,2026-10-09
ChIJseo9qXJgXz4R99jVdXEyzg8,Mr Barber Saloon حلاق مستر باربر,Dubai - Al Mizhar Second - Al Mizhar - Dubai - United Arab Emirates,25.2391233,55.462962,4.2,16,OPERATIONAL,beauty_salon,,,,False,,men-only,2026-10-09
ChIJVZa8oM1fXz4RleKF7gZelj4,Thfayer Beauty Salon صالون ضفاير للتجميل,Al Mizhar First - Al Mizhar - Dubai - United Arab Emirates,25.2459287,55.4526366,4.1,163,OPERATIONAL,beauty_salon,moderate,1,300,False,,,2026-10-09
ChIJB2HySNFfXz4RVxVmUCLpO5I,KATAKET SALON | صالون كتاكيت,Aswaaq Mizhar Community Center - Al - Khartoum St - المزهر الأولى - المزهر - دبي - United Arab Emirates,25.2500248,55.453799499999995,4.2,44,OPERATIONAL,barber_shop,inexpensive,20,80,False,,men-only,2026-10-09
ChIJA8qCehhhXz4RbJTncUr18vo,The Hair Lab Gents salon,39 42B St - Al Mizhar First - Al Mizhar - Dubai - United Arab Emirates,25.24061,55.449070799999994,4.4,14,OPERATIONAL,hair_salon,,,,False,,men-only,2026-10-09
ChIJ77HGTtFfXz4RZ3-RjNU7U_g,AFG Gents Salon,6FX3+VG3 - Al Mizhar First - Al Mizhar - Dubai - United Arab Emirates,25.249638299999997,55.4537987,4.1,19,OPERATIONAL,barber_shop,,,,False,,men-only,2026-10-09
ChIJ--xYYlphXz4RrN1kgPkBnUY,First step gents saloon,6FV7+VJF - Al Mizhar Second - Al Mizhar - Dubai - United Arab Emirates,25.244696899999997,55.464054,4,4,OPERATIONAL,barber_shop,,,,False,,men-only,2026-10-09
ChIJG6HcUQBhXz4RDi05nRiQPjw,ALFASLL AL FADHI GENTS SALOQN,6FJ6+V4R - ٢ - Al Mizhar Second - Al Mizhar - Dubai - United Arab Emirates,25.232052,55.460251,5,2,OPERATIONAL,barber_shop,,,,False,,men-only,2026-10-09
ChIJYf7krX9gXz4RGvBGpDymdfI,Miami Saloon,Omar Bin Abdulaziz Mosque - Al Mizhar First - Al Mizhar - Dubai - United Arab Emirates,25.240777599999998,55.449291099999996,4.3,3,OPERATIONAL,hair_salon,,,,False,,,2026-10-09
ChIJPWi4MdJhXz4Rn165efHK74E,Thfayer Beauty Salon,Mall - Khartoum St - Al Mizhar Second - Al Mizhar - Dubai - United Arab Emirates,25.2354151,55.4518144,3,2,OPERATIONAL,beauty_salon,,,,False,,,2026-10-09
ChIJ2zNzQQBhXz4R6uXnJOzljl8,First step gents saloon 2,10 7A St - Al Mizhar Second - Al Mizhar - Dubai - United Arab Emirates,25.234980800000002,55.4546524,3.5,4,OPERATIONAL,barber_shop,,,,False,,men-only,2026-10-09
ChIJJeVLTB9hXz4RH-4bfiFsE3U,Nails,Al Mizhar Second - Al Mizhar - Dubai - United Arab Emirates,25.2434087,55.4618489,5,1,OPERATIONAL,nail_salon,,,,False,,,2026-10-09
ChIJOeV_SABhXz4RCf-BqDcwoOM,صالون الخطوة الاولى للرجال,6FM3+XVR - Al Mizhar Second - Al Mizhar - Dubai - United Arab Emirates,25.234987,55.4546536,5,1,OPERATIONAL,hair_salon,,,,False,,,2026-10-09
ChIJ5-zAICZhXz4RJ2hQ1mdyWJM,Maison Jazz,villa 50 25C St - Al Mizhar Second - Al Mizhar - Dubai - United Arab Emirates,25.2409896,55.4500343,,,OPERATIONAL,beauty_salon,,,,False,,,2026-10-09
ChIJHQ_tfwhgXz4RiqrDJrtpQtc,Dakakeen center khawaneej 1 dubai U.A.E,6FXJ+G4H - Al Khawaneej 1 - Al Khawaneej - Dubai - United Arab Emirates,25.248800100000004,55.480345199999995,4.7,42,OPERATIONAL,barber_shop,,,,False,,men-only,2026-10-09
ChIJX9rSfAhgXz4REP2-OpVO6sI,86 Beauty Lounge,Aweer - Khawaneej Rd - الخوانيج 1 - الخوانيج - دبي - United Arab Emirates,25.2487522,55.4797065,4.5,650,OPERATIONAL,beauty_salon,moderate,1,300,False,,,2026-10-09
ChIJ4RqlWxf19T4Rphvbkle7XWY,الكشخة للحلاقة,Warehouses Land - Al Khawaneej - Sharjah - United Arab Emirates,25.252157099999998,55.4924785,4.2,64,OPERATIONAL,barber_shop,,,,False,,men-only,2026-10-09
ChIJUTLJmUBhXz4ReE1-QwVa5zQ,صالون بدع زايد Bede Zayed Salon,6FXJ+G45 - Al Khawaneej 1 - Al Khawaneej - Dubai - United Arab Emirates,25.248770399999998,55.480368299999995,3.8,44,OPERATIONAL,beauty_salon,,,,False,,,2026-10-09
ChIJzx0mxxpgXz4Rv7UsettDOiY,صالون الماس الذهبي للرجال,28 Street - Al Khawaneej 1 - Al Khawaneej - Dubai - United Arab Emirates,25.2404112,55.4820326,3.6,13,OPERATIONAL,barber_shop,,,,False,,men-only,2026-10-09
ChIJZ9IaGQCL9T4RCDDyHsFbgso,RollyGentsSalon,6GV3+R4H - Al Khawaneej 1 - Al Khawaneej - Dubai - United Arab Emirates,25.2446213,55.5028412,4.7,3,OPERATIONAL,barber_shop,,,,False,,men-only,2026-10-09
ChIJu2wbdABhXz4R703fn6o__tE,Mani,6FXP+29V - Al Khawaneej 1 - Al Khawaneej - Dubai - United Arab Emirates,25.2476207,55.4859363,,,OPERATIONAL,beauty_salon,,,,False,,,2026-10-09
ChIJqSi8VgBhXz4RRSNr9lEqRRE,Meelas 1,138 17 Street - Al Khawaneej 1 - Al Khawaneej - Dubai - United Arab Emirates,25.234527399999997,55.4795904,,,OPERATIONAL,beauty_salon,,,,False,,,2026-10-09
ChIJKVJksb6L9T4Rj8-UUEITQYY,1989 beauty center,Al Khawaneej 2 - Al Khawaneej - Dubai - United Arab Emirates,25.240497599999998,55.5341187,4.6,631,OPERATIONAL,beauty_salon,moderate,100,400,False,,,2026-10-09
ChIJq4mrwTaL9T4R_fHgr6kgEKE,GIA Salon صالون جيا,182 - الخوانيج 2 - الخوانيج - دبي - United Arab Emirates,25.245086999999998,55.525147999999994,4.7,97,OPERATIONAL,beauty_salon,moderate,100,200,False,,,2026-10-09
ChIJRVFcEICL9T4R4YDx1KhzjDU,Saloon Maryam Ali,Al Khawaneej 2 - Al Khawaneej - Dubai - United Arab Emirates,25.2402838,55.5332376,4.1,34,OPERATIONAL,hair_salon,,,,False,,,2026-10-09
ChIJAVhorQaL9T4Roz2_fr17K74,Vida Gents Salon - Al Khawaneej,Al Khawaneej 2 - Al Khawaneej - Dubai - United Arab Emirates,25.2393739,55.5335505,4.5,73,OPERATIONAL,barber_shop,moderate,60,120,False,,men-only,2026-10-09
ChIJwe8HIACL9T4RflKmSxuisB8,A One Specialist Gents Saloon Al Khawaneej 2,6GRM+69V - Al Khawaneej 2 - Al Khawaneej - Dubai - United Arab Emirates,25.2405285,55.5335008,4.5,25,OPERATIONAL,barber_shop,,,,False,,men-only,2026-10-09
ChIJ10YA6zRdXz4RYFVmTR_FCkc,Mirrors Beauty Lounge- Al Bustan Centre,"Al Bustan Centre & Residence Al Nahda Road, Qusais, 20107 - القصيص - دبي - United Arab Emirates",25.274804099999997,55.3673228,4.4,803,OPERATIONAL,beauty_salon,very_expensive,200,500,False,,,2026-10-09
ChIJlzwURSxdXz4RUcqrhz8CyaU,Croppers Gents & Kids Salon - Qusais [Branch],Shop #4 - Building - Masaken Wasl - القصيص - دبي - United Arab Emirates,25.275713999999997,55.3656322,4.3,258,OPERATIONAL,barber_shop,,,,False,,men-only,2026-10-09
ChIJiencRA9dXz4Rj9VKMog1XHE,Malak beauty center,Dubai - Hor Al Anz East - Deira - Dubai - United Arab Emirates,25.2785042,55.34954390000001,4.3,19,OPERATIONAL,beauty_salon,,,,False,,,2026-10-09
ChIJ_d1QA5ZdXz4RaOJErnOSNEs,Anhar Alhanayen Beauty center,"Shop #12, AB Plaza 1 - Deira - Hor Al Anz East - Deira - Dubai - United Arab Emirates",25.278319999999997,55.3497681,3.8,20,OPERATIONAL,beauty_salon,moderate,1,200,False,,,2026-10-09
ChIJJw0fUqpdXz4Rp5zGUOHHvO4,Al saada Hairdressing,61 19 E St - Al Twar First - Al Twar - Dubai - United Arab Emirates,25.2672445,55.376529899999994,4.5,59,OPERATIONAL,hair_salon,,,,False,,,2026-10-09
ChIJjW3qyTdcXz4ReawLpDKzfZQ,Blush N Curls Ladies Salon & Spa - Al Qusais - Best Beauty Salon In Qusais - Dubai,Damascus Street - near Dubai Grand Hotel - Al Qusais - Dubai - United Arab Emirates,25.2729989,55.381138799999995,4.4,897,OPERATIONAL,beauty_salon,very_expensive,100,700,False,,,2026-10-09
ChIJHczgbTdcXz4RtMBSE8265p4,Shammasi Ladies Salon,Near Grand Hotel - Shop No.5 - Damascus Street - Al Twar Fifth - Al Twar 5 - Dubai - United Arab Emirates,25.276622399999997,55.384353999999995,4.7,817,OPERATIONAL,beauty_salon,moderate,1,300,False,,,2026-10-09
ChIJixkr1gpdXz4RsyFhhsO1plQ,Neat Heads Lice Treatment,2 Damascus Street - Al Qusais Ind. Second - Al Qusais Industrial Area - Dubai - United Arab Emirates,25.278537,55.3860898,4.9,129,OPERATIONAL,hair_salon,,,,False,,,2026-10-09
ChIJg8NAHpRdXz4R674YLWLRFA4,Naturals Salon,"Shop No 3B, Abdullah Al Fahed 3 Building - AI Qusais - شارع دمشق - next to Al Ayman Phones LLC - Al Qusais Ind. Second - Industrial Area 2 - دبي - United Arab Emirates",25.277794399999998,55.385450999999996,4.9,463,OPERATIONAL,beauty_salon,expensive,100,500,False,,,2026-10-09
ChIJ7QZKOa1dXz4R0SulC-Xxoig,Al Shaikha Saloon,"Near DAFZA Metro, Naseer Lootah Building - 31B 1st St - Al Twar First - Al Twar 1 - Dubai - United Arab Emirates",25.267562899999998,55.3768389,4.8,490,OPERATIONAL,beauty_salon,,,,False,,,2026-10-09
ChIJJ6PYQUlcXz4RW0XzFv8oBNQ,World Kids Saloon,1 32 A St - Al Qusais - Dubai - United Arab Emirates,25.2712994,55.3763369,4.1,189,OPERATIONAL,barber_shop,,,,False,,men-only,2026-10-09
ChIJTwgtSTVcXz4RIjgKUHZYlKg,B Saigon Beauty Centre - Ladies Salon in Al Qusais,"Shop #15 ,Block B - Building, Manazel Deira - behind Fortune Plaza Hotel - Al Twar Fifth - الطوار الخامسة - دبي - United Arab Emirates",25.2672988,55.3817987,4.2,120,OPERATIONAL,beauty_salon,moderate,100,300,False,,,2026-10-09
ChIJXSqs9lBdXz4RC058Z_zY8K0,ZOUL BARBERS,19 E St - Al Twar First - Al Twar - Dubai - United Arab Emirates,25.2675512,55.375843700000004,4.6,11,OPERATIONAL,barber_shop,,,,False,,men-only,2026-10-09
ChIJZc5bnktcXz4RchtiK-npzcM,Tariq Marzooq Saloon,116 Al Nahda St - Al Twar First - Al Twar - Dubai - United Arab Emirates,25.2671675,55.3766955,4.6,24,OPERATIONAL,beauty_salon,,,,False,,,2026-10-09
ChIJm7X5E6XXoaERWIIXJ-zV3SM,Touch & Care Ladies Salon,Al Tawer 1 Shop 063A Nasser Lootah Building Block A - Al Twar First - الطوار - دبي - United Arab Emirates,25.267213700000003,55.376660699999995,4.7,115,OPERATIONAL,beauty_salon,,,,False,,,2026-10-09
ChIJw6Y4HQBdXz4R-G6_K02pC74,AL MAQAS AL RAQI GENTS SALOON,"Oman house Near DAZFA Metro station, Oman House Building Shop No.3 - القصيص - دبي - United Arab Emirates",25.269007799999997,55.377423199999996,4.1,15,OPERATIONAL,hair_salon,,,,False,,men-only,2026-10-09
ChIJV27GvdJdXz4RIkSfEiyRxJs,Classic Look Beauty Salon,City Avenue Apartments - Damascus Street - Al Twar Fifth - Al Twar 5 - Dubai - United Arab Emirates,25.2736207,55.3822556,4.5,160,OPERATIONAL,beauty_salon,moderate,1,400,False,,,2026-10-09
ChIJq0ACEfpdXz4RMbs8kR3Vrrg,Dar Al Imran Salon,Damascus Street - Al Twar Fifth - Al Twar 5 - Dubai - United Arab Emirates,25.2738029,55.3823911,4.6,58,OPERATIONAL,barber_shop,,,,False,,men-only,2026-10-09
ChIJlUgUk0pcXz4R8WgkFFJ94do,Zavier Ladies Salon Al Qusais 2,Al Nahda St - Al Twar Fifth - Al Twar 5 - Dubai - United Arab Emirates,25.2676563,55.3793489,4.6,207,OPERATIONAL,beauty_salon,,,,False,,,2026-10-09
ChIJi6JYazFdXz4R82JZL0Bui88,Al Jehad Hair Saloon,799J+M45 - Al Twar Fifth - اﻟﻘﺼﻴﺺ - دبي - United Arab Emirates,25.2691455,55.3803519,3.1,12,OPERATIONAL,hair_salon,,,,False,,,2026-10-09
ChIJbZdnMgBdXz4RzWgw9k2uD4w,Eleven Eleven Beauty Salon - Al Twar,Square Building - near DAFZA Metro Station - Al Twar First - Al Twar 1 - Dubai - United Arab Emirates,25.2688165,55.3753048,4.7,179,OPERATIONAL,beauty_salon,very_expensive,200,500,False,,,2026-10-09
ChIJw4jhDPFdXz4Rdud3WGW9t24,Sl jawharath saloon,799G+5FQ - Al Twar First - Al Twar - Dubai - United Arab Emirates,25.2679674,55.3762416,4.8,18,OPERATIONAL,barber_shop,,,,False,,men-only,2026-10-09
ChIJx6noTPxdXz4Rsoc2S84MjV8,HAIR DRIVE Gents Salon,799G+3H3 - 52nd St - Al Twar First - Al Twar - Dubai - United Arab Emirates,25.2675639,55.376363100000006,4.8,43,OPERATIONAL,beauty_salon,moderate,1,100,False,,men-only,2026-10-09
ChIJkZ8VmBJdXz4RzBql3DA8hH8,صالون نجمة زكيه للتجميل najmat zakiya beauty salon,"بناية ناصر لوتاه محل ٥١, Naseer Lootah Building - shop 51 - Al Twar First - Al Twar 1 - Dubai - United Arab Emirates",25.2679884,55.3769196,4.8,21,OPERATIONAL,beauty_salon,,,,False,,,2026-10-09
ChIJlQiBr1FfXz4RQq23b-iYqm8,Kingsman Gents Salon,32 22 St - Muhaisanah Second - Muhaisanah 2 - Dubai - United Arab Emirates,25.2699821,55.431015200000004,3.3,10,OPERATIONAL,hair_salon,,,,False,,men-only,2026-10-09
ChIJQVqxawBfXz4RDxYDNHm3xPM,Dar Alebdaa Gents Salon,26 18th St - Muhaisanah Second - Muhaisanah 2 - Dubai - United Arab Emirates,25.2639493,55.423726099999996,4.7,7,OPERATIONAL,barber_shop,,,,False,,men-only,2026-10-09
ChIJ-wMEfMpfXz4RJmiVk6qHRQM,AL RAEES GENTS SALON - صالون الرئيس للرجال,13d - محيصنة الثالثة - محيصنة ٣ - دبي - United Arab Emirates,25.2718976,55.4086248,4.3,24,OPERATIONAL,barber_shop,,,,False,,men-only,2026-10-09
ChIJH9tANktfXz4R8gA5d4tzc9U,Noor Alardh Gents Salon,37th St - Muhaisanah Second - Muhaisanah 2 - Dubai - United Arab Emirates,25.274828199999998,55.4291574,4.2,10,OPERATIONAL,hair_salon,,,,False,,men-only,2026-10-09
ChIJQWRlq1VfXz4Rrvt8XMP-HFo,Gents saloon -5 AED,5 9 St - Muhaisanah Second - MuhaisnahMuhaisanah 2 - Dubai - United Arab Emirates,25.263766099999998,55.416469899999996,4.5,11,OPERATIONAL,barber_shop,,,,False,,men-only,2026-10-09
ChIJaQti0qBfXz4RXyCAIwZSd-c,YAZ GENTS SALOON,Shop no 3 - opp. Dubai Taxi Corporation Office Palm Hypermarket Building - Muhaisanah Fourth - Muhaisnah 4 - Dubai - United Arab Emirates,25.2790948,55.413497199999995,4.1,210,OPERATIONAL,barber_shop,,,,False,,men-only,2026-10-09
ChIJIVqj-qdfXz4Re7RFM7L2SdU,shams al zain gents saloon,sonapur - Muhaisanah Second - Muhaisanah 2 - Dubai - United Arab Emirates,25.2750566,55.423729699999996,4.5,8,OPERATIONAL,beauty_salon,,,,False,,men-only,2026-10-09
ChIJGdSfMQBfXz4RMTLlWSebPD8,مانجو سوبر ماركت,7 23 St - Muhaisanah Second - Muhaisanah 2 - Dubai - United Arab Emirates,25.2669174,55.427243399999995,3.5,6,OPERATIONAL,barber_shop,,,,False,,men-only,2026-10-09
ChIJ3aPlCT5fXz4RFA99x1_IoFY,Idrees Azeem Gents Salon,"Al Qusais, Bus Station 8 - 2 - محيصنةمحيصنة ٢ - محيصنة الثانية - محيصنة - دبي - United Arab Emirates",25.264937300000003,55.433509,4.2,6,OPERATIONAL,barber_shop,,,,False,,men-only,2026-10-09
ChIJfWXQWwBfXz4Rc6jPT9hEyZM,Ahgyd,7C7F+F9Q - 1 15a St - Muhaisanah Second - Muhaisanah 2 - Dubai - United Arab Emirates,25.263512499999997,55.4236058,5,1,OPERATIONAL,barber_shop,,,,False,,men-only,2026-10-09
ChIJw6flWi5fXz4Ru5lxfNLXAXs,AL FARS GENTS SALON,5 29a St - Muhaisanah Second - Muhaisanah 2 - Dubai - United Arab Emirates,25.268691999999998,55.4309027,3.8,5,OPERATIONAL,beauty_salon,,,,False,,men-only,2026-10-09
ChIJ2Ykyi7tfXz4R2cFimca7ndo,NOOR AL MUHAISNAH GENT'S SALOON,Muhaisanah Second - Muhaisnah 2 - Dubai - United Arab Emirates,25.268441199999998,55.4339569,4.4,14,OPERATIONAL,hair_salon,,,,False,,men-only,2026-10-09
ChIJ_-uGYwBfXz4RPF-dMFnnBKI,Al FARS GENTS SALON BRANCH,34 18th St - Muhaisanah Second - Muhaisnah - Dubai - United Arab Emirates,25.264849899999998,55.4245528,3.5,8,OPERATIONAL,barber_shop,,,,False,,men-only,2026-10-09
ChIJK8Cosv9fXz4RDq5dhCtirn8,ALPHIN GENTS SALON,7CGF+5GV - Muhaisanah Second - Muhaisanah 2 - Dubai - United Arab Emirates,25.2750192,55.4241421,3.3,7,OPERATIONAL,barber_shop,,,,False,,men-only,2026-10-09
ChIJ23QBHwBfXz4RlcTyj4cj-KU,Bab Al Sahel Gents Saloon صالون باب الساحل للرجال,18 17 St - Muhaisanah Second - Muhaisanah 2 - Dubai - United Arab Emirates,25.2617577,55.428563399999994,1,2,OPERATIONAL,hair_salon,,,,False,,men-only,2026-10-09
ChIJ2eQpKC1fXz4RH_ILhIzZbN0,BARIZ SALON LLC,Al Muhaisnah Star Building - 74th Street - opposite Dubai taxi company - Muhaisanah Fourth - Muhaisnah - Dubai - United Arab Emirates,25.279142099999998,55.4132387,5,15,OPERATIONAL,beauty_salon,,,,False,,,2026-10-09
ChIJd4L88NNfXz4Ro8zB2shOMUE,Al Shabab Gents Saloon - Al Qussais,Al QusaisAl - 3 23 St - Al Twar Fourth - Al Twar 4 - Dubai - United Arab Emirates,25.2604562,55.4035223,4.6,18,OPERATIONAL,beauty_salon,,,,False,,men-only,2026-10-09
ChIJAc1VP_VfXz4RaWB02ulApwU,Jafar hassan hairdressing,11 23 St - Muhaisanah Second - Muhaisanah 2 - Dubai - United Arab Emirates,25.266348999999998,55.42773,4,4,OPERATIONAL,hair_salon,,,,False,,,2026-10-09
ChIJxw33cJhfXz4RW7VZmSRTjZU,Different gents salon,7C87+6V4 - Muhaisanah Second - Muhaisanah 2 - Dubai - United Arab Emirates,25.2655239,55.414718699999995,4.6,5,OPERATIONAL,hair_salon,,,,False,,men-only,2026-10-09
ChIJw8M7dwBfXz4RaVa_fnwYnEM,Haji gul,7CCJ+7F2 - Muhaisanah Second - Muhaisanah 2 - Dubai - United Arab Emirates,25.270678300000004,55.4310267,,,OPERATIONAL,nail_salon,,,,False,,,2026-10-09
ChIJGUcXX8JfXz4RcQe9f3mFNQU,Super Star gent’s salon,7C3Q+G96 - 39 14B St - Al Mizhar First - Al Mizhar - Dubai - United Arab Emirates,25.253977900000002,55.4386529,4.2,23,OPERATIONAL,barber_shop,,,,False,,men-only,2026-10-09
ChIJdfIcjBRfXz4RE9PY4K_JLQg,kamal hossain gents salon(1),106 Algeria St - Muhaisanah Second - Muhaisanah 2 - Dubai - United Arab Emirates,25.2704915,55.4373413,4.5,4,OPERATIONAL,hair_salon,,,,False,,men-only,2026-10-09
ChIJGbX62aJfXz4RXT5sTY7a0Rs,Alumdha gents salon,7C9P+M7X - Muhaisanah Second - Muhaisanah 2 - Dubai - United Arab Emirates,25.2702055,55.4357665,3.8,5,OPERATIONAL,hair_salon,,,,False,,men-only,2026-10-09
ChIJNw2QmS1eXz4RNrfgcY81Qgc,Blue Diamond Salon for Men - صالون بلو دايموند للرجل,69 24D St - Al Mizhar First - Al Mizhar - Dubai - United Arab Emirates,25.250963499999997,55.4438275,4.5,11,OPERATIONAL,barber_shop,,,,False,,men-only,2026-10-09
ChIJSavaasVpXz4RpkpuUijc-lA,Bella Diva Ladies Salon,Oud Al Muteena - Dubai - United Arab Emirates,25.2613074,55.441219399999994,4.4,34,OPERATIONAL,beauty_salon,,,,False,,,2026-10-09
ChIJ7SaAwL9fXz4Ry5ygsTXccn0,صالون الاعيان للرجال,مسجد آمنة بنت عبيد - 46 57B St - Al Mizhar First - Al Mizhar - Dubai - United Arab Emirates,25.255045,55.4490659,3.8,4,OPERATIONAL,hair_salon,,,,False,,,2026-10-09
ChIJp1Ekb5lfXz4RbWUtaqdmc6E,NOOR AL SAFA GENTS SALON,39 street - Muhaisanah Second - Muhaisanah 2 - Dubai - United Arab Emirates,25.2721841,55.4330006,4,5,OPERATIONAL,hair_salon,,,,False,,men-only,2026-10-09
ChIJwxgIBdNfXz4R2RZ3llHfwbE,Golden Scissors Salon Br. Al Mizhar 1,Al MizharAl - Al Mizhar First - Al Mizhar - Dubai - United Arab Emirates,25.2492086,55.446745099999994,4.3,6,OPERATIONAL,hair_salon,,,,False,,,2026-10-09
ChIJIVYaXIBfXz4RxWYrAHRah6E,حلاق باب الخوانيج,01 - Al Mizhar Third - Dubai - United Arab Emirates,25.261035,55.458762799999995,2.7,6,OPERATIONAL,hair_salon,,,,False,,,2026-10-09
ChIJNS1I9LFfXz4RFklMqibvKbQ,E-Live Beauty Salon,arabmall 5 policest - Oud Al Muteena - Dubai - United Arab Emirates,25.2740543,55.452905099999995,3.9,15,OPERATIONAL,beauty_salon,,,,False,,,2026-10-09
ChIJW0AKHgBfXz4RtLYw1saIKCI,صالون دار الملكه للتجميل,7FF3+P48 - Oud Al Muteena - Dubai - United Arab Emirates,25.2742291,55.452809200000004,2.5,11,OPERATIONAL,beauty_salon,,,,False,,,2026-10-09
ChIJ64AEyEVeXz4Rd8F0MZ2VQ_k,First Look Gents Saloon,7C8M+CHV - Muhaisanah Second - Muhaisanah 2 - Dubai - United Arab Emirates,25.2661224,55.433931699999995,4.1,12,OPERATIONAL,barber_shop,,,,False,,men-only,2026-10-09
ChIJwYQlciFfXz4Rj_JWgd9vpI4,FAYZAN AL MEDNAH GENTS SALOON,"Muhaisnah 2, Grand City Mall 2 - محيصنة الثانية - محيصنة ٢ - دبي - United Arab Emirates",25.2622417,55.430965699999994,3.8,10,OPERATIONAL,barber_shop,,,,False,,men-only,2026-10-09
ChIJAzM30NlfXz4Rzj9tpFoCwyc,Z A A Saloon,Emirates Co-op Society - 2 - Al Mizhar Fourth - Dubai - United Arab Emirates,25.2620601,55.4411145,3.8,11,OPERATIONAL,barber_shop,,,,False,,men-only,2026-10-09
ChIJuaD9pfxfXz4RB2c_aUWT3jo,Shabab Al Khawaneej Saloon,Unnamed Road - 7F4J+HF6 - الخوانيج 1 - الخوانيج - دبي - United Arab Emirates,25.256404500000002,55.481127,4.1,35,OPERATIONAL,barber_shop,,,,False,,men-only,2026-10-09
ChIJebG7ezRfXz4R9Hw61_VcUQ8,Lune Beauty Lounge,75 - الخوانيج 1 - الخوانيج - دبي - United Arab Emirates,25.263012999999997,55.4797497,4.5,12,OPERATIONAL,beauty_salon,,,,False,,,2026-10-09
ChIJ4Soq2PpfXz4RRmLrirgM8aE,Pretty Cut Saloon,Dubai - Al Khawaneej 1 - Al Khawaneej - Dubai - United Arab Emirates,25.2594706,55.481148399999995,5,2,OPERATIONAL,hair_salon,,,,False,,,2026-10-09
ChIJM5RgXhBfXz4REaa4gZmtkrs,Kasaq Al Fajar,77 - الخوانيج 1 - الخوانيج - دبي - United Arab Emirates,25.255977899999998,55.4726995,,,OPERATIONAL,beauty_salon,,,,False,,,2026-10-09
ChIJ615qGgBfXz4R45miC4x7HaE,Gents saloon,331 222 Rd - Al Mizhar Second - Dubai - United Arab Emirates,25.2564866,55.4691945,5,1,OPERATIONAL,barber_shop,,,,False,,men-only,2026-10-09
ChIJ950lVZNfXz4RWyXyB1HJlmQ,N X T Gents Salon,Makani Al Mizhar - Area 266 - المزهر الثالثة - دبي - United Arab Emirates,25.2633062,55.4634982,5,43,OPERATIONAL,beauty_salon,moderate,1,100,False,,men-only,2026-10-09
ChIJXegPKwBdXz4RBK8FobLCP-Q,Sun Beauty Salon Dubai,144 Al Wuheida St - Hor Al Anz East - Deira - Dubai - United Arab Emirates,25.281632899999998,55.3543403,4.4,105,OPERATIONAL,beauty_salon,,,,False,,,2026-10-09
ChIJW-tc6VNdXz4RGT7nKEofhR0,Barber Society - Gents Salon Al Qusais,1 Shop - 13 Baghdad Street - near Lallumma’s Restaurant - Al Qusais - Dubai - United Arab Emirates,25.2836455,55.3732864,4.8,219,OPERATIONAL,barber_shop,moderate,40,140,False,,men-only,2026-10-09
ChIJDcrq3ABdXz4RMSRDg1NXe3w,"Ashtamudi Ladies Beauty Salon Al-Qusais, Best Salon and Beauty Parlour in Al-Qusais, Dubai",Obaidulla Building - S - 23 Damascus Street - Al Qusais - Al Qusais Industrial Area - Dubai - United Arab Emirates,25.285489899999998,55.3893092,4.8,2025,OPERATIONAL,beauty_salon,expensive,100,500,False,,,2026-10-09
ChIJp1bBDyZcXz4R-_1hE0ra_Ow,"Companion Beauty Salon & SPA | Madina Mall, 2nd Floor (Head Office)",Madina Mall - 2nd Floor - Al Qusaise - Muhaisnah - Dubai - United Arab Emirates,25.282008400000002,55.39817,4.4,614,OPERATIONAL,beauty_salon,moderate,100,400,False,,,2026-10-09
ChIJN_DWUZNdXz4R768kyy6GpEU,Aura Global Beauty Lounge,Obaidullah Building - 11B Street - Al Qusais Ind. First - Al Qusais Industrial Area - Dubai - United Arab Emirates,25.2865328,55.3905793,4.6,549,OPERATIONAL,beauty_salon,moderate,1,400,False,,,2026-10-09
ChIJB_FBOgBdXz4Rzv1HuzwXmRU,Roses Dew Beauty Lounge Salon - Madina Mall,79JX+Q5F Inside Madina Mall - 2nd Floor - Muhaisanah Fourth - Muhaisnah 4 - Dubai - United Arab Emirates,25.281998299999998,55.398274799999996,4.7,453,OPERATIONAL,beauty_salon,very_expensive,100,600,False,,,2026-10-09
ChIJv1x4_URdXz4RjKMFG3dGylc,Royal Sea spa,Beirut street - MIR 5 BUILDING - BERUIT ST - Al Qusais Ind. Fifth - القصيص الصناعية الخامسة - دبي - United Arab Emirates,25.289698299999998,55.4027804,4,18,OPERATIONAL,beauty_salon,,,,False,,,2026-10-09
ChIJwa_PajZcXz4RLar0UQTyHbg,Sinora Beauty Salon,Time Onyx Hotel Apartment Building - Shop # 12 - Al Qusais Ind. Fifth - Dubai - United Arab Emirates,25.289246799999997,55.4022807,4.8,1012,OPERATIONAL,beauty_salon,,,,False,,,2026-10-09
ChIJvSVdQHFdXz4RondKdvbKvkE,Rituals Beauty Salon | Al Qusais,"Shop G-01, Al Saud Building - Same building as Al Madina mini mart - شارع بيروت - Al Qusais - القصيص الصناعية الرابعة - دبي - United Arab Emirates",25.291396199999998,55.403165699999995,4.9,259,OPERATIONAL,beauty_salon,expensive,100,500,False,,,2026-10-09
ChIJcalR9YLDj0gRx59Jmhk6tIs,Ayzal Fathima Beauty Salon,"Shop3, Sajaya 20 - Amman St - Al Qusais Industrial Area - Dubai - Al Qusais Ind. Fifth - 3.8 - دبي - United Arab Emirates",25.284708799999997,55.408106399999994,4.8,770,OPERATIONAL,beauty_salon,moderate,1,300,False,,,2026-10-09
ChIJwdN7uJFdXz4Rk9QxkgRLN18,The Barber Corner Gents Salon _Qusais,Dmithan Suwidan Saeed Hilal - Damascus Street - اﻟﻘﺼﻴﺺ - Al Qusais Ind. Second - Dubai - United Arab Emirates,25.2906469,55.394206499999996,4.9,241,OPERATIONAL,barber_shop,,,,False,,men-only,2026-10-09
ChIJ4YSlr31fXz4R3O5UIlKb4X4,New Kerala Ayurvedic Center,7CR3+FMR شارع بيروت - 29105° N - 25 55.40418° E - Al Qusais Ind. Fifth - Al Qusais Industrial Area - Dubai - United Arab Emirates,25.2911397,55.4042676,2.4,5,OPERATIONAL,beauty_salon,,,,False,,,2026-10-09
ChIJiyJWuF1dXz4RgjDsXbMvvtw,Splash Beauty Salon,79VV+4HX Binghatti Royale - Amman St - Al Qusais Ind. Third - Al Qusais Industrial Area - Dubai - United Arab Emirates,25.292643899999998,55.394228299999995,4.2,94,OPERATIONAL,beauty_salon,,,,False,,,2026-10-09
ChIJz9CTbIIBjkQRosDOC6oKDdU,Pink Lotus Beauty Salon | Al Qusais,Shop 4 & 5 Damascus Street - opposite al kabayel - Al Qusais Ind. Second - bullding 17 - Dubai - United Arab Emirates,25.287426099999998,55.391873999999994,4.1,29,OPERATIONAL,beauty_salon,,,,False,,,2026-10-09
ChIJYVP9wiZcXz4Ryr1f5m2No8Q,Bodour Beauty Salon صالون بدور للتجميل,Fatma Building - Beirut St - Muhaisanah Fourth - Muhaisnah 4 - Dubai - United Arab Emirates,25.2852468,55.399494999999995,3.7,205,OPERATIONAL,beauty_salon,,,,False,,,2026-10-09
ChIJXRVawDxcXz4R7xjC64iV7Oc,Spectrum ladies salon,emirates building 6 abcd block - Al Qusais Ind. Third - Al Qusais Industrial Area - Dubai - United Arab Emirates,25.292992899999998,55.3937609,4,71,OPERATIONAL,beauty_salon,,,,False,,,2026-10-09
ChIJLY85Mz1cXz4Ry6IMj7ARBzk,"Silver Eagle Hair & Beauty Salon - Al Qusais, Dubai",Damascus Street - Al Qusais Ind. First - Dubai - United Arab Emirates,25.2882744,55.3917865,4.6,280,OPERATIONAL,beauty_salon,,,,False,,,2026-10-09
ChIJC8jV6SJdXz4RkwByOeIfyYQ,McKingstown at Al Qusais,"Mohammad Abdullah Bindemaithan - Building, Building Number: 11, Shop Number: 4 - 2 Damascus Street - Al Qusais Ind. Second - Al Qusais Industrial Area - Dubai - United Arab Emirates",25.286455999999998,55.391273399999996,4.8,307,OPERATIONAL,barber_shop,,,,False,,men-only,2026-10-09
ChIJBY8QZO1dXz4RlWFrnhQk88E,صالون بيت الوصل,3 Damascus Street - Al Qusais Ind. First - Al Qusais Industrial Area - Dubai - United Arab Emirates,25.2843773,55.389082699999996,,,OPERATIONAL,barber_shop,,,,False,,men-only,2026-10-09
ChIJfVBYIIxdXz4RQU4gjM-NNE8,"Sky Horizone Hair Fixing Centre - Qusais, Dubai","Shop No. 1, Azzam Obaid Saeed Humaid AI Helli Building, Opposite Kalyan Silk, Damascus Road - 4 AI - Al Qusais Ind. Second - القصيص الصناعية الثانية - دبي - United Arab Emirates",25.2871722,55.3917486,4.9,104,OPERATIONAL,medical_clinic,,,,False,,not-a-salon,2026-10-09
ChIJn2Buu9JfXz4RgaDjCvjXS1E,BAHAR AL ALWAN Hairdressing Saloon,7CV8+655 - Industrial Area 10 - Industrial Area - Sharjah - United Arab Emirates,25.292339,55.415499999999994,4.1,35,OPERATIONAL,beauty_salon,,,,False,,,2026-10-09
ChIJqyNpJwBfXz4RNQr3xzPqHNY,حلاق الشارقة,7CWC+42G - 10 Street - Industrial Area 10 - Industrial Area - Sharjah - United Arab Emirates,25.2953129,55.4200832,5,1,OPERATIONAL,barber_shop,,,,False,,men-only,2026-10-09
ChIJkW4sqLRfXz4RwH28p3EKsyw,Zaaya Beauty Salon Qusais,"Nesto Building, Wasl village mall - Al Qusais Ind. Fifth - Dubai - United Arab Emirates",25.2894389,55.4087964,4.9,77,OPERATIONAL,beauty_salon,moderate,1,300,False,,,2026-10-09
ChIJhSJ5XYNeXz4RFLQxzanhjeI,Trendz Beauty Salon,"Hessa Building Suit No 110 , 42nd - شارع عمان - محيصنة الرابعة - محيصنة - دبي - United Arab Emirates",25.282005599999998,55.407240599999994,4.5,309,OPERATIONAL,beauty_salon,moderate,100,300,False,,,2026-10-09
ChIJD4pbyIReXz4RJeR0Ol7UuzQ,Style Station Ladies Beauty Saloon,"Amman Street, Opposite LULU Village, Next to Excellence Driving School ,Muhaisnah 4, Al Qusais Ind. 5, Gafoorkas Thattukada Restaurant & Karachi Darbar Restaurant Bldg, 2nd floor, 204 - Al Qusais Ind. Fifth - القصيص منطقة صناعية - دبي - United Arab Emirates",25.283674299999998,55.4101298,4.4,112,OPERATIONAL,beauty_salon,,,,False,,,2026-10-09
ChIJ50TTpI1nXz4RaqSoKFjAEW8,Pretty Pink Ladies Salon,Wasl Tower - 410th St - Nadd Al Hamar - Dubai - United Arab Emirates,25.192985399999998,55.395280199999995,4.7,145,OPERATIONAL,beauty_salon,moderate,100,300,False,,,2026-10-09
ChIJdY8I9MVfXz4RPFIynt2hNSg,Shamina Akther Ladies Salon,7CJ4+6X3 - Muhaisanah Fourth - Muhaisnah 4 - Dubai - United Arab Emirates,25.280396999999997,55.4072328,4.4,75,OPERATIONAL,beauty_salon,,,,False,,,2026-10-09
ChIJ1-SAD6JdXz4RlsbZOakKkJU,Envi Style Ladies Salon,"Flat no.105, 1st floor - Sajaya 2 - building شارع النهدة - القصيص - دبي - United Arab Emirates",25.2766548,55.373887599999996,4.3,45,OPERATIONAL,beauty_salon,,,,False,,,2026-10-09
ChIJEQpiSHJdXz4R-g6pex1DozA,Babita beauty centre,Hay Al Nahda - Sharjah - United Arab Emirates,25.303176999999998,55.3841773,4.7,104,OPERATIONAL,beauty_salon,,,,False,,,2026-10-09
ChIJffs70exhXz4RZT7sYRh88us,AYESHA MEHWISH BEAUTY SALON,near by bab al hara cafe - Warsan First - Dubai International City - Dubai - United Arab Emirates,25.1703978,55.4046754,4.4,85,OPERATIONAL,beauty_salon,,,,False,,,2026-10-09
ChIJB01DrkthXz4Ra6_U9r6optU,SILKY TOUCH LADIES SALOON,"CBD 13, Aldana II - Warsan First - Dubai International City - Dubai - United Arab Emirates",25.1668031,55.406399099999994,4.3,112,OPERATIONAL,beauty_salon,moderate,1,400,False,,,2026-10-09
ChIJQcOkZ25dXz4R30pInhh9IXA,Style n Smile Beauty Salon,"Al Fahad - Building, Shop 4 Damascus Street - Al Qusais - Al Qusais Ind. Second - Dubai - United Arab Emirates",25.2841438,55.389638999999995,4.8,52,OPERATIONAL,beauty_salon,moderate,1,300,False,,,2026-10-09
ChIJwYA23ClBXj4RkU9X5h67Dvk,Premier Punjabi Gents Salon LLC,8FWV+JHJ - 96 Ar Rahmah 4 St - Musaffah - M37 - Abu Dhabi - United Arab Emirates,24.346534199999997,54.4940008,4,7,OPERATIONAL,hair_salon,,,,False,,men-only,2026-10-09
ChIJZz3MPr9BXj4R5TYznJFVQvk,Pacific Gents Saloon Musaffah 40,8FXR+7P5 - شارع ١١ - Musaffah - M40 - Abu Dhabi - United Arab Emirates,24.3481377,54.491851499999996,4.7,6,OPERATIONAL,hair_salon,,,,False,,men-only,2026-10-09
ChIJl2TZx5ZAXj4RC7EmKTvL6Hs,Fine Star PUNJABI Salon,Musaffah - M36 - Abu Dhabi - United Arab Emirates,24.341799899999998,54.495089,4.3,28,OPERATIONAL,hair_salon,,,,False,,,2026-10-09
ChIJLcQwMndBXj4Rf8pDjMDKuAk,Shortcut Gents Saloon,8FVV+XPF - شارع ١٦ - MusaffahICAD I - M36 - Abu Dhabi - United Arab Emirates,24.3449387,54.494287899999996,4.8,6,OPERATIONAL,barber_shop,,,,False,,men-only,2026-10-09
ChIJg8SZQktBXj4RXgtcHqyP1Xs,S R K Punjabi Saloon,building 53 - Musaffah - m36 - Abu Dhabi - United Arab Emirates,24.3416073,54.4950878,4.3,4,OPERATIONAL,barber_shop,,,,False,,men-only,2026-10-09
ChIJwUReR6VBXj4RgOT-FASkJd4,Never Fold Gent Saloon,Al Hasheemah 3 St - Musaffah - Musaffah Industrial - Abu Dhabi - United Arab Emirates,24.3468588,54.497031799999995,4.5,53,OPERATIONAL,beauty_salon,,,,False,,men-only,2026-10-09
ChIJA34HWS1BXj4RF-llU6km1aM,Musaffa royal saloon,9G22+6FF - 13th Street - Musaffah - M37 - Abu Dhabi - United Arab Emirates,24.350569399999998,54.501157299999996,4.3,9,OPERATIONAL,beauty_salon,,,,False,,,2026-10-09
ChIJYVDYbQZBXj4RL4-pFMetxd0,Mallus saloon,Musaffa 36 - near lulu staff city - مدينة أبوظبى الصناعية - مصفح 36 - أبو ظبي - United Arab Emirates,24.3415397,54.4977337,3.7,13,OPERATIONAL,beauty_salon,,,,False,,,2026-10-09
ChIJLX5UpYhBXj4RbD_16AYNI0U,Fineart Hair Saloon,8FVW+MVJ - Musaffah - M36 - Abu Dhabi - United Arab Emirates,24.344212499999998,54.497140599999994,5,6,OPERATIONAL,hair_salon,,,,False,,,2026-10-09
ChIJa-TVHwBBXj4Re0Kbv9shiQ8,Blue Desert Gents saloon L.L.C Abudhabi,Musaffa37 Al jazeem street 2 - مصفح - مصفح 37 - أبو ظبي - United Arab Emirates,24.3518065,54.5004121,4.8,17,OPERATIONAL,hair_salon,,,,False,,men-only,2026-10-09
ChIJ_a4PXABBXj4RatV0_YrIrdg,صالون دكسم للرجال,8GW3+H6J - Musaffah - M33 - Abu Dhabi - United Arab Emirates,24.3415414,54.497563,5,4,OPERATIONAL,barber_shop,,,,False,,men-only,2026-10-09
ChIJHUJjt4VBXj4Rri2SeVpBo-g,Hair salon,Mustafa m 37 - مصفح - مصفح 37 - أبو ظبي - United Arab Emirates,24.3539371,54.5007184,5,2,OPERATIONAL,hair_salon,,,,False,,,2026-10-09
ChIJtcJvK9lBXj4Rx8OIYr8cAgU,sweet angel,9F5H+5V2 - شارع ٩ - Musaffah - Industrial - Abu Dhabi - United Arab Emirates,24.3578776,54.4796542,1.5,2,OPERATIONAL,beauty_salon,,,,False,,,2026-10-09
ChIJPa5RGspBXj4RrWWx0PL0gBo,Choice Gents Saloon,9F5Q+X32 - Musaffah - M17 - Abu Dhabi - United Arab Emirates,24.3598842,54.4876289,5,2,OPERATIONAL,barber_shop,,,,False,,men-only,2026-10-09
ChIJ3e--eQBBXj4RR_eTcdSgqAQ,Top Chair Gents Saloon,9F4R+32X - Musaffah - M39 - Abu Dhabi - United Arab Emirates,24.3552401,54.4900987,1,1,OPERATIONAL,barber_shop,,,,False,,men-only,2026-10-09
ChIJk0bzSwFBXj4Rq8c2Qj2baWE,The Passenger Birds Gents Saloon,9F7M+88M - Musaffah - M17 - Abu Dhabi - United Arab Emirates,24.3633322,54.483303,4.5,17,OPERATIONAL,hair_salon,,,,False,,men-only,2026-10-09
ChIJkzzLPgBJXj4RcXXkbzhtPw0,Sarenlty. Day,9JCM+XGX - Al Tarheeb St - Shakhbout City - MSH10 - Abu Dhabi - United Arab Emirates,24.372477099999998,54.6338647,,,OPERATIONAL,barber_shop,,,,False,,men-only,2026-10-09
ChIJSUi7DHxBXj4RPWMFKml_oIg,Look alike gents Salon,82 Al Withaq 1 St - Musaffah - Musaffah Industrial - Abu Dhabi - United Arab Emirates,24.379748,54.47318130000001,,,OPERATIONAL,hair_salon,,,,False,,men-only,2026-10-09
ChIJs0ekz-dBXj4R1sr4gsZdxzU,Lavish Look Gents Salon,90 Al Withaq 1 St - Musaffah - Musaffah Industrial - Abu Dhabi - United Arab Emirates,24.3797443,54.4720071,3,1,OPERATIONAL,hair_salon,,,,False,,men-only,2026-10-09
ChIJvWRdzGpHXj4RVrdYzftLegk,Ruby Salon - Zayed Plaza (ADA Plaza) Zayed City Abu Dhabi,Tawi Al Qaymah St - Zayed City - MZ5 - Abu Dhabi - United Arab Emirates,24.3867849,54.6283792,3.9,71,OPERATIONAL,beauty_salon,moderate,1,100,False,,,2026-10-09
ChIJY2PJKEdlXz4RXvLNfkJEjIA,The Loft Fifth Avenue Beauty Lounge - Villanova,Villanova Community Mall - Emirates Rd - Wadi Al Safa 5 - Dubai - United Arab Emirates,25.0744538,55.367395599999995,4.8,642,OPERATIONAL,beauty_salon,,,,False,,,2026-10-09
ChIJsb7Sw7llXz4R_6pSaoQxGtM,Shave Cave Gents Salon Villa Nova,"Villanova Community Mall, Emirates Road - E611 - وادي الصفا 5 - دبي - United Arab Emirates",25.074664,55.3672293,4.7,170,OPERATIONAL,barber_shop,moderate,80,140,False,,men-only,2026-10-09
ChIJrdyGHIxlXz4RMXqOynIPONk,LIBERTY BEAUTY LOUNGE,Saleh Bin Lahej Building - Shop 9 Wadi Al Safa 3 - Majan - Dubai - United Arab Emirates,25.0903118,55.317465,4.9,203,OPERATIONAL,beauty_salon,moderate,100,300,False,,,2026-10-09
ChIJO3x-BcNlXz4RDWj_FHPmVI0,Health Avenue Plus Polyclinic,Wadi Al Safa 3 - Majan - Dubai - United Arab Emirates,25.0901751,55.3155502,4.5,160,OPERATIONAL,medical_clinic,,,,False,,not-a-salon,2026-10-09
ChIJcRT5AjxlXz4REVM-ZMw_o1U,Studio YNR - Hair Professionals,Wadi Al Safa 3 - Majan - Dubai - United Arab Emirates,25.093322,55.318233899999996,4.9,144,OPERATIONAL,hair_salon,,,,False,,,2026-10-09
ChIJ_Rz8ffBlXz4RixdA6P0BB6c,VOG Beauty Salon For Ladies | Majan Dubai,Wadi Al Safa 3 - Majan - Dubai - United Arab Emirates,25.0902164,55.3157031,4.8,299,OPERATIONAL,beauty_salon,moderate,100,300,False,,,2026-10-09
ChIJp45pIJFvXz4RhiV98_Ji_GE,HYPE SALON UAE - MAJAN,شارع الخليج - Wadi Al Safa 3 - Majan - Dubai - United Arab Emirates,25.0893764,55.313774099999996,4.7,126,OPERATIONAL,beauty_salon,,,,False,,,2026-10-09
ChIJfaxM8S9lXz4RHkoHvPfytro,OFFLINE MAGNIFY BEAUTY SALON,One Residences - Wadi Al Safa 3 - Majan - Dubai - United Arab Emirates,25.0943246,55.322350899999996,4.9,344,OPERATIONAL,beauty_salon,moderate,100,300,False,,,2026-10-09
ChIJCVBnVjVlXz4RiJmC7OHMlLI,The Perfect Blend Dubai Al Barari,Skyline 12 - Wadi Al Safa 3 - Majan - Dubai - United Arab Emirates,25.0968453,55.3167491,4.9,115,OPERATIONAL,hair_salon,,,,False,,,2026-10-09
ChIJa3-Hi7xDXz4R5zxxXCUv5_k,Olive Gents Salon - MAJAN,"Jaleel Holding Building, Ground Floor, Shop No. 3 - شارع الشيخ محمد بن زايد - وادي الصفا 3 - Majan - دبي - United Arab Emirates",25.092281699999997,55.319630499999995,4.7,349,OPERATIONAL,barber_shop,inexpensive,20,60,False,,men-only,2026-10-09
ChIJZ3LMMABlXz4RAcCGMSuoA0o,Black Seychell Gents Salon Majan,38V9+C6M Al Omran Building - Shop 2 - Wadi Al Safa 3 - Majan - Dubai - United Arab Emirates,25.0934946,55.318109899999996,4.9,107,OPERATIONAL,hair_salon,moderate,1,100,False,,men-only,2026-10-09
ChIJdUim7oBlXz4R9S6HG57onDI,The Nail Pavilion,Seventh Heaven Block B - وادي الصفا 3 - Al Barari - دبي - United Arab Emirates,25.0990695,55.3160588,4.1,84,OPERATIONAL,beauty_salon,,,,False,,,2026-10-09
ChIJ917dV-xlXz4Rcxop9ZP3vLY,Miss Keratin Beauty Salon,Midtown Central Majan Shopping Center - Shop 29 - First Floor - Wadi Al Safa 3 - Majan - Dubai - United Arab Emirates,25.0964028,55.3178006,4.9,121,OPERATIONAL,beauty_salon,very_expensive,200,800,False,,,2026-10-09
ChIJg3BMKyxlXz4RLY7pIE47vQE,23rd St Avenue Ladies Salon,38W9+252 Majan - Wadi Al Safa 3 - Al Barari - Dubai - United Arab Emirates,25.095025099999997,55.317758,5,100,OPERATIONAL,beauty_salon,moderate,100,200,False,,,2026-10-09
ChIJGVW19xFlXz4Rxst7Wj4xNkw,RAYZ GENTS SALON,Wadi Al Safa 3 - Majan - Dubai - United Arab Emirates,25.095561099999998,55.3154105,4.5,97,OPERATIONAL,barber_shop,,,,False,,men-only,2026-10-09
ChIJ2cCtcn5vXz4R6Sge05ksYkc,Way Out Beauty Salon,Dubai - Wadi Al Safa 3 - Majan - Dubai - United Arab Emirates,25.087160599999997,55.3129498,4,158,OPERATIONAL,beauty_salon,,,,False,,,2026-10-09
ChIJ781wpxJlXz4ReJSDfyUjkyw,THE HYPE LOUNGE GENTS SALON AND SPA,Majan Street - 38R8+7XR - وادي الصفا 3 - Majan - دبي - United Arab Emirates,25.0905997,55.317656,4.8,118,OPERATIONAL,barber_shop,,,,False,,men-only,2026-10-09
ChIJtc-oO7BlXz4RAenTObgmeIg,"BARARI KIM LADIES SALON Al Barari, Dubai | Free Parking Nails • Hair • Skincare • Massage",38W8+WX6 - Wadi Al Safa 3 - Majan - Dubai - United Arab Emirates,25.0971813,55.317190499999995,4.6,103,OPERATIONAL,beauty_salon,,,,False,,,2026-10-09
ChIJga7G1g5vXz4R6I32rUYs5Oo,Streaks Salon Majan,Mizin building - near Barari - Wadi Al Safa 3 - Majan - Dubai - United Arab Emirates,25.0950603,55.3140247,4.7,106,OPERATIONAL,beauty_salon,moderate,100,400,False,,,2026-10-09
ChIJk9hy0etvXz4RfbLQDjU4dEI,Kamal Wahba Gent’s Salon,Remal Mall - Wadi Al Safa 3 - Majan - Dubai - United Arab Emirates,25.087127,55.3131219,4.8,108,OPERATIONAL,barber_shop,moderate,40,100,False,,men-only,2026-10-09
ChIJWdLKyeplXz4RoXF6ZrJk178,Bedazzled Beauty Salon,Tulip Oasis 8 - Wadi Al Safa 3 - Majan - Dubai - United Arab Emirates,25.087445499999998,55.311442299999996,4.8,228,OPERATIONAL,beauty_salon,moderate,100,400,False,,,2026-10-09
ChIJVaSxGIVlXz4Rq7zUxW3-mPg,Al Barari Gents Salon 💈صالون البراري للرجال,"Majan Area, AL Rabia Tower -Majan- DubaiLand -UAE - Wadi Al Safa 3 - Al Barari - Dubai - United Arab Emirates",25.0940659,55.3241048,4.6,116,OPERATIONAL,barber_shop,moderate,20,100,False,,men-only,2026-10-09
ChIJ_zanGIVlXz4RHcGTjal0YLE,New Aroushi Beauty Salon,Aroushi Beauty Salon، AL Rabia Tower -Majan- DubaiLand -UAE - Wadi Al Safa 3 - Al Barari - Dubai - United Arab Emirates,25.095266499999997,55.325592799999995,4.4,41,OPERATIONAL,beauty_salon,,,,False,,,2026-10-09
ChIJZxlsCeFlXz4R2lA9VEOMdWE,Zig Zag Gents Salon,Falcon City Community Center - Wadi Al Safa 2 - Falconcity of Wonders - Dubai - United Arab Emirates,25.102023,55.3444332,4.6,52,OPERATIONAL,hair_salon,,,,False,,men-only,2026-10-09
ChIJgYMWJLxlXz4RMZ-B628d5Kw,Hosanna Beauty Salon,Falcon city of Wonders compound Shop R-03 - وادي الصفا 2 - فالكن سِتي أوف وندرز - دبي - United Arab Emirates,25.102169500000002,55.344384299999994,4.9,40,OPERATIONAL,beauty_salon,,,,False,,,2026-10-09
ChIJYfsLPAJlXz4Rx0rLrAOelm4,MSC Salon Al Barari,Wadi Al Safa 3 - Al Barari - Dubai - United Arab Emirates,25.0985858,55.3222922,4.9,77,OPERATIONAL,hair_salon,,,,False,,,2026-10-09
ChIJm9oqm41kXz4RR_VFWRZ8j3A,Las Meninas Beauty Salon & Spa,"Wadi Al Safa 5, Dubailand Residence Complex, Durar 1 Building - وادي الصفا 5 - دبي - United Arab Emirates",25.0912494,55.3842423,4.5,376,OPERATIONAL,beauty_salon,moderate,100,400,False,,,2026-10-09
ChIJ07r3PPhlXz4R-I79DdPzB74,Scintilla Women Salon,"Shop No 13,14, Turtle Avenue, Near Dubai land Residence Masjid Near Life Pharmacy, Skycourt Towers & The Villa - Turtle Avenue/ Dubai land - وادي الصفا 5 - دبي - United Arab Emirates",25.092526799999998,55.381212299999994,4.7,743,OPERATIONAL,beauty_salon,moderate,100,300,False,,,2026-10-09
ChIJ3zR9YHFlXz4R7dYOEJqCQk8,HIS AND HAIRS GENTS SALON,Shop No.2 | The Blue Building Near Empower Chiller Station Dubailand Residence Complex - | - Wadi Al Safa 5 - دبي - United Arab Emirates,25.0996004,55.3772987,4.8,217,OPERATIONAL,barber_shop,,,,False,,men-only,2026-10-09
ChIJi8QJNhhlXz4RaCc1mgbJZNQ,BarbBros Gents Salon Dubailand | Dubai,"Shop no.4 - Building, Solitaire Cascades - وادي الصفا 5 - دبي - United Arab Emirates",25.088461799999997,55.381849499999994,4.9,410,OPERATIONAL,barber_shop,inexpensive,20,80,False,,men-only,2026-10-09
ChIJWZALWPNkXz4RCGktGh7MECQ,Fabulicious Ladies Salon,Dubai - Wadi Al Safa 5 - Dubai - United Arab Emirates,25.095193500000004,55.3799656,4.6,224,OPERATIONAL,beauty_salon,moderate,1,400,False,,,2026-10-09
ChIJCSFxyI1kXz4RhK8kGl3WHrc,Lorita Beauty Center,"Block B, Skycourts Towers - وادي الصفا 5 - دبي - United Arab Emirates",25.092226200000002,55.3854088,4.6,362,OPERATIONAL,beauty_salon,expensive,100,500,False,,,2026-10-09
ChIJ-e3NTdxlXz4RdkYmO2UghBY,BarberZ Guild,Shop 1 Galah Residence 1 Dubai Residence Complex - وادي الصفا 5 - دبي - United Arab Emirates,25.0908025,55.381847699999994,4.6,219,OPERATIONAL,barber_shop,inexpensive,20,80,False,,men-only,2026-10-09
ChIJ7--8VP5lXz4R67Aw85vUJKU,FaceTime Men salon,39WJ+3C5 - Wadi Al Safa 5 - Dubai - United Arab Emirates,25.0951377,55.381200299999996,4.9,164,OPERATIONAL,barber_shop,inexpensive,20,60,False,,men-only,2026-10-09
ChIJy6BFbQ9lXz4RusDJhFlY-8I,OLIVE GENTS SALON,"Shop No:1, Al Awazi Residence, Next to Ajmal Sarah, Near Skycourts, Dubai Land - وادي الصفا 5 - دبي - United Arab Emirates",25.099042599999997,55.374634,4.6,626,OPERATIONAL,barber_shop,,,,False,,men-only,2026-10-09
ChIJiZv--UNlXz4RAS-NyEJ2YVQ,OLA Ladies Salon,"Ahmad Mohd Saif bin Shaffar, Building Dubailand Residence Complex - Shop No. 3 - Wadi Al Safa 5 - Dubai - United Arab Emirates",25.0988316,55.3779024,4.6,306,OPERATIONAL,beauty_salon,,,,False,,,2026-10-09
ChIJc1_0JGJlXz4RvF_0DH0U62g,Laura Beauty Salon,"Gate Residence 1, Dubai Land Dubai Land - Shop No 7 - Wadi Al Safa 5 - Dubai - United Arab Emirates",25.0938752,55.3844141,4.7,549,OPERATIONAL,beauty_salon,moderate,100,400,False,,,2026-10-09
ChIJY3kRIKhlXz4R_pWQqmSHv40,Sai Beauty Salon Liwan,wavez by Danube building - Wadi Al Safa 2 - Liwan - Dubai - United Arab Emirates,25.104445300000002,55.3734774,4.8,576,OPERATIONAL,beauty_salon,moderate,100,400,False,,,2026-10-09
ChIJVT51brdlXz4R82FpvmSZaEw,Luluat Hatan ladies salon,Al faris building tips and toes accomodation - Wadi Al Safa 5 - Dubai Land Residence Complex - Dubai - United Arab Emirates,25.0999052,55.376833,4.6,114,OPERATIONAL,beauty_salon,moderate,100,200,False,,,2026-10-09
ChIJh4ssLG5lXz4RbNnztII250w,Riband gents salon,dubai land complex - وادي الصفا 5 - دبي - United Arab Emirates,25.0941875,55.3840625,4.8,290,OPERATIONAL,barber_shop,,,,False,,men-only,2026-10-09
ChIJ_-UcGaVlXz4R0XUN_Bi-MzM,Budget Gents Saloon,Iliyaa Residences 3 - Building Shop#5 Al Ain - Dubai Rd - Nadd Hessa - Dubai Silicon Oasis - Dubai - United Arab Emirates,25.1073187,55.377917999999994,4.3,76,OPERATIONAL,hair_salon,,,,False,,men-only,2026-10-09
ChIJ-6pk77dlXz4R6LTw2zZbZ3w,Refinery Beauty Lounge,39R9+MMM - Centro Camino 12 - Wadi Al Safa 5 - The Villa - Dubai - United Arab Emirates,25.091706,55.3691786,4.4,119,OPERATIONAL,beauty_salon,,,,False,,,2026-10-09
ChIJcZG8GW9lXz4Rgse0jTGeKk4,Trend Setters Gents Salon Fze,Nadd Hessa - Dubai Silicon Oasis - Dubai - United Arab Emirates,25.1087207,55.3765846,4.5,317,OPERATIONAL,barber_shop,inexpensive,20,60,False,,men-only,2026-10-09
ChIJYxmVRj9lXz4RbRs5NRUqEUA,Figaro gents salon,Q1 Liwan Mall - Wadi Al Safa 2 - Liwan - Dubai - United Arab Emirates,25.107706099999998,55.371812299999995,4.1,63,OPERATIONAL,barber_shop,inexpensive,20,60,False,,men-only,2026-10-09
ChIJEUmGiNtlXz4R_hPdiBSMQvk,High Zone Salon,Al Habtoor Polo Resort - Ground Floor - 611 Emirates Rd - Wadi Al Safa 5 - Dubai - United Arab Emirates,25.0807093,55.368718099999995,4.8,128,OPERATIONAL,beauty_salon,,,,False,,,2026-10-09
ChIJR5cgRQBlXz4RP6wjQgZZSC0,BUDGET GENTS SALON - Liwan,494C+F86 - Wadi Al Safa 2 - Liwan - Dubai - United Arab Emirates,25.1064516,55.371295599999996,4.5,64,OPERATIONAL,beauty_salon,,,,False,,men-only,2026-10-09
ChIJPQT7VMFlXz4R-vM1YJcR0r0,Ladies salon and spa,39PP+F6R - Wadi Al Safa 5 - Dubai - United Arab Emirates,25.086325499999997,55.385518,4.2,146,OPERATIONAL,beauty_salon,,,,False,,,2026-10-09
ChIJWSYnkMRlXz4RCcbgTpRZDWk,"SNIP AND SHAVE GENTS SALON, DUBAI LAND RESIDENCE COMPLEX","Raja Building, Opposite Skycourt Tower B & C, Next to Mark & Save Superstore, Dubailand Residence Complex - Dubai Community - 648 7 Street - وادي الصفا 5 - Wadi Al Safa 5 - دبي - United Arab Emirates",25.0910521,55.386592199999996,4.5,69,OPERATIONAL,barber_shop,,,,False,,men-only,2026-10-09
ChIJiR6yLYNlXz4RcnsRKn2pJko,Soul Radiance,Raja Building - Shop 9&10 - behind Skycourts Towers - Wadi Al Safa 5 - Dubai Land Residence Complex - Dubai - United Arab Emirates,25.0911093,55.3865759,4.9,247,OPERATIONAL,beauty_salon,expensive,1,600,False,,,2026-10-09
ChIJuYu47o1kXz4RQAyUT16Q2tU,1981 Gents Salon,Skycourts Tower A - Wadi Al Safa 5 - Dubai - United Arab Emirates,25.0923685,55.385308200000004,3.8,111,OPERATIONAL,barber_shop,,,,False,,men-only,2026-10-09
ChIJ1yEvMwBlXz4Rv62FVlEHdgc,Abdullah Hussain Gents Saloon,39PM+WX7 - Wadi Al Safa 5 - Dubai - United Arab Emirates,25.0871514,55.3851106,3.7,10,OPERATIONAL,barber_shop,,,,False,,men-only,2026-10-09
ChIJywgCk5qPOUgR4NOYnBx_4Q8,Stay Seraphic,Wadi Al Safa 5 - Dubai Land Residence Complex - Dubai - United Arab Emirates,25.092303599999997,55.3830386,5,20,OPERATIONAL,beautician,,,,False,,,2026-10-09
ChIJ468G33BlXz4R_7giikUq5Co,Fusion Fade Men Salon,Dubai Land Gate Residence - 39VM+CVJ - وادي الصفا 5 - دبي - United Arab Emirates,25.0935946,55.3846309,3.8,69,OPERATIONAL,hair_salon,,,,False,,men-only,2026-10-09
ChIJx34ThFBlXz4RfBKKfRExHBo,Shavers gents salon Mark & Save br,Wadi Al Safa 5 - Dubai Land Residence Complex - Dubai - United Arab Emirates,25.0901382,55.3870977,3.7,12,OPERATIONAL,barber_shop,inexpensive,20,60,False,,men-only,2026-10-09
ChIJqbF3oddlXz4R8JAAkszwPKg,timeless allure beauty salon,Al Rowaiyah Second - Wadi Al Safa 5 - Dubai - United Arab Emirates,25.1035778,55.3857335,2.3,4,OPERATIONAL,beauty_salon,,,,False,,,2026-10-09
ChIJy9JKGPBlXz4RiRZO7zcHVbk,Radopees beauty hair and makeup,Skycourts Towers - Wadi Al Safa 5 - Dubai - United Arab Emirates,25.091803,55.385552999999994,5,2,OPERATIONAL,beautician,,,,False,,,2026-10-09
ChIJo5_Sy5VlXz4R3dERIYwva4s,Spectrum Beauty salon,Shop#2 al sondos building - ند حصه - واحة دبي للسيليكون - دبي - United Arab Emirates,25.1163019,55.3698365,3.4,205,OPERATIONAL,beauty_salon,moderate,100,300,False,,,2026-10-09
ChIJtZ86m4BlXz4RTr9jlCtPcoA,The Artist Gents Salon Dubai Silicon Oaisis- صالون ذا أرتيست للرجال,Al Ain - Dubai Rd - Nadd Hessa - Dubai Silicon Oasis - Dubai - United Arab Emirates,25.116377399999998,55.369834499999996,4.8,240,OPERATIONAL,hair_salon,,,,False,,men-only,2026-10-09
ChIJA2ldcoxlXz4RHSRfmmv-Odg,Oscar Cuts Gents Salon,Queue Point Liwan City - Wadi Al Safa 2 - Liwan - Dubai - United Arab Emirates,25.1138807,55.3647103,4.7,193,OPERATIONAL,barber_shop,,,,False,,men-only,2026-10-09
ChIJwfOXOuNlXz4Rhv9XhOocsEw,Liwan Ladies Salon,Wadi Al Safa 2 - Dubai Silicon Oasis - Dubai - United Arab Emirates,25.1136883,55.3645176,3.3,48,OPERATIONAL,beauty_salon,,,,False,,,2026-10-09
ChIJAdx8RQBlXz4RhObqedgirVY,Hair Avenue gents salon,AMAYA Mall - SHOP NUMBER-G 14 - WADI AL SAFFA-2 - Wadi Al Safa 2 - Liwan - Dubai - United Arab Emirates,25.114492,55.366343099999995,4.9,310,OPERATIONAL,barber_shop,moderate,40,80,False,,men-only,2026-10-09
ChIJNw6Op_1lXz4RiraAUs5U76E,Hair Repair Salon - Nad Al Sheba,Nad Al Sheba 4 - Nad Al Sheba - Dubai - United Arab Emirates,25.129521699999998,55.3632224,4,22,OPERATIONAL,hair_salon,,,,False,,,2026-10-09
ChIJu5224ellXz4RH_BRyODKo1Q,Al BARBIERE Gents Salon,Dubai - Nad Al Sheba 4 - Nad Al Sheba - Dubai - United Arab Emirates,25.129305,55.3631185,4.8,78,OPERATIONAL,barber_shop,,,,False,,men-only,2026-10-09
ChIJ3yjuxmdlXz4R_ScJ3uMequc,Blush & Brush Beauty,Unnamed Road - Nad Al Sheba 4 - Nad Al Sheba - Dubai - United Arab Emirates,25.1292895,55.3631682,3.6,82,CLOSED_TEMPORARILY,hair_salon,,,,False,,not-operational,2026-10-09
ChIJjSHYKmdlXz4R7199l-Nl7Pw,Miss Dolly’s Salon,The Clubhouse Meydan South villas - Wadi Al Safa 3 - Dubai - United Arab Emirates,25.124368999999998,55.3487879,4.5,2,OPERATIONAL,beauty_salon,,,,False,,,2026-10-09
ChIJT0MB79BlXz4R3Ue-of9OgY8,My Style by Jumana - Nad Al Sheba,Aswaaq Mall - Nad Al Sheba 4 - Nad Al Sheba - Dubai - United Arab Emirates,25.1293782,55.363405799999995,4.7,117,OPERATIONAL,beauty_salon,very_expensive,300,800,False,,,2026-10-09
ChIJC-2Th4xlXz4Rw5caWKJ5tYc,"House of Weaves - Specialists in Afro mens, women's and wider community hair extensions, weaves, wigs and braids.",Main Avenue - Wadi Al Safa 3 - Dubai - United Arab Emirates,25.124423999999998,55.348712199999994,,,OPERATIONAL,hair_salon,,,,False,,,2026-10-09
ChIJHf1YcR1lXz4R_GhOxTT3lJA,Khayal Al Laymun,Amaya Mall - Wadi Al Safa 2 - Liwan - Dubai - United Arab Emirates,25.114378499999997,55.366375299999994,4.2,32,OPERATIONAL,beauty_salon,moderate,1,400,False,,,2026-10-09
ChIJx6wkCWtlXz4RX7Ku5gat0DU,Esthetics Connection Beauty Lounge,MM Towers - Park Terrace Drive Way - Nadd Hessa - Dubai Silicon Oasis - Dubai - United Arab Emirates,25.1111115,55.3845204,4.7,167,OPERATIONAL,beauty_salon,very_expensive,200,500,False,,,2026-10-09
ChIJAemqn4tlXz4RluxuNtm2n_0,Eyelash Secret Ladies Salon - Silicon Oasis,Radisson Blu Residence - Nadd Hessa - Dubai Silicon Oasis - Dubai - United Arab Emirates,25.1243908,55.377755799999996,4.9,1113,OPERATIONAL,beauty_salon,moderate,100,400,False,,,2026-10-09
ChIJ--suGWRlXz4RxJXiRY8kj0s,Ombre Salon DSO,"Binghatti Sapphire Building Shop no, 1 and 2 - Nadd Hessa - Industrial Area - Dubai - United Arab Emirates",25.116368299999998,55.3724273,4.7,1473,OPERATIONAL,beauty_salon,very_expensive,100,600,False,,,2026-10-09
ChIJH3yBpCplXz4RZonQD1ayXQo,Queen Code Oasis -Beauty Salon & SPA - Services from Just @89AED,"Community Centre, Semmer Villas - Shop 1 - Nadd Hessa - Dubai Silicon Oasis - Dubai - United Arab Emirates",25.1139059,55.380985599999995,4.5,408,OPERATIONAL,beauty_salon,very_expensive,100,700,False,,,2026-10-09
ChIJT-CEh2hkXz4Rqi92Z6ZL_nw,Brown Sugar Hair Salon,"Shop R3, Park Terrace Tower - Park Terrace - ند حصه - واحة دبي للسيليكون - دبي - United Arab Emirates",25.1122746,55.3835774,4.6,168,OPERATIONAL,hair_salon,,,,False,,,2026-10-09
ChIJ57SKJG5kXz4ROxQxs202Ozk,Sakura Beauty Spa,Dubai - Nadd Hessa - Dubai Silicon Oasis - Dubai - United Arab Emirates,25.117509199999997,55.391403499999996,4.3,435,OPERATIONAL,beauty_salon,expensive,100,500,False,,,2026-10-09
ChIJ4yLyvpJlXz4R9mnI2Y4Podc,She style ladies salon,Silicon oasis Al Zarooni building - ند حصه - واحة دبي للسيليكون - دبي - United Arab Emirates,25.1237301,55.3727795,4.5,248,OPERATIONAL,beauty_salon,,,,False,,,2026-10-09
ChIJYSP59dJlXz4RJ7A7TYjjsFc,Shave Crave Gents Salon Dubai Silicon Oasis,49FX+587 Arabian Gate Tower - Nadd Hessa - Dubai Silicon Oasis - Dubai - United Arab Emirates,25.1229375,55.398312499999996,4.8,967,OPERATIONAL,barber_shop,moderate,40,100,False,,men-only,2026-10-09
ChIJ38JVwPRlXz4RMA0uZNO0buk,Bianco Spa (DSO),Cedre Shopping Centre shop 24&26 - Cedre Villas Community Centre - ند حصه - Cedre Villas - دبي - United Arab Emirates,25.1272415,55.39665720000001,4.7,651,OPERATIONAL,beauty_salon,very_expensive,200,600,False,,,2026-10-09
ChIJjX27NHNnXz4R5v3XFitDGFM,HEADZUP GENTS SALON (DSO),Binghatti Views - Nadd Hessa - Dubai Silicon Oasis - Dubai - United Arab Emirates,25.1228534,55.3761454,4.6,275,OPERATIONAL,barber_shop,,,,False,,men-only,2026-10-09
ChIJrQxExWhlXz4ROCa5WYFMqI8,Hatan salon dubai,Palace Tower 1 - Silicon oasis dubai - Dubai Silicon Oasis - Dubai - United Arab Emirates,25.116387699999997,55.389704599999995,4.1,148,OPERATIONAL,beauty_salon,,,,False,,,2026-10-09
ChIJUWxyKNFlXz4RVXAWN5T6lPs,Cutting Edge Ladies | Silicon Central,"Silicon Central Mall - D107, 1st Floor - Nadd Hessa - Dubai Silicon Oasis - Dubai - United Arab Emirates",25.110710599999997,55.375095099999996,4.2,708,OPERATIONAL,beauty_salon,expensive,1,500,False,,,2026-10-09
ChIJeTQvKHhlXz4R04ErP6tCLfE,Cutting Edge Gents | Silicon Central | Cutting Edge Salon Dubai | Hair Salon Silicon Central | Hairdresser in Silicon Central,D108 - Silicon Central Mall - 1st Floor - ند حصه - واحة دبي للسيليكون - دبي - United Arab Emirates,25.111972899999998,55.3761867,3.1,72,OPERATIONAL,barber_shop,,,,False,,men-only,2026-10-09
ChIJhdXRHKRlXz4RqVR2Jdq1YKw,Beauty Bay Salon & Spa,Dubai - Nadd Hessa - Dubai Silicon Oasis - Dubai - United Arab Emirates,25.1099337,55.3775714,4.4,172,OPERATIONAL,beauty_salon,moderate,1,200,False,,,2026-10-09
ChIJT35jK25kXz4RqiqOZ4KTtwk,Stella Beauty Salon,Silicon Gates - 1 Bldg 1st Floor - Nadd Hessa - Dubai Silicon Oasis - Dubai - United Arab Emirates,25.1163544,55.3913173,4.4,340,OPERATIONAL,beauty_salon,moderate,100,300,False,,,2026-10-09
ChIJGSdPiNllXz4RT60WmHo5EBo,ODD Gents Salon Silicon Oasis,497P+GMH - Nadd Hessa - Dubai Silicon Oasis - Dubai - United Arab Emirates,25.113815199999998,55.3867371,4.3,298,OPERATIONAL,barber_shop,,,,False,,men-only,2026-10-09
ChIJn-15vKhlXz4RjvDBtBNWL6c,MiniCuts Kids Salon ( Silicon Oasis),Loggia Plaza (Same area of Dunkin Donuts) - Shop 10 - ند حصه - واحة دبي للسيليكون - دبي - United Arab Emirates,25.1094744,55.380094199999995,4.9,528,OPERATIONAL,beauty_salon,moderate,1,100,False,,,2026-10-09
ChIJHcszTSRlXz4RJeLQGJrY92c,The Shave Shop Barber Shop DSO,Souq Extra Mall - ند حصه - واحة دبي للسيليكون - دبي - United Arab Emirates,25.1192098,55.3955433,4.4,252,OPERATIONAL,barber_shop,moderate,60,100,False,,men-only,2026-10-09
ChIJDdodtc9jXz4R3ti9_nqWpII,Maya Beauty Salon,The Myriad Dubai - Al Rowaiyah First - Academic City - Dubai - United Arab Emirates,25.128802099999998,55.419251599999996,5,244,OPERATIONAL,beauty_salon,moderate,100,300,False,,,2026-10-09
ChIJNZHv4yZlXz4R40GyJJb_xJE,ART ZONE AVENUE BEAUTY SALON,Q1 Mall Shop - 1 - near to silicon mosques - Nadd Hessa - Dubai Silicon Oasis - Dubai - United Arab Emirates,25.1244648,55.4026098,4.6,444,OPERATIONAL,beauty_salon,moderate,100,300,False,,,2026-10-09
ChIJm6_EBkBlXz4RQCuT4_8QHCA,Streaks Salon Dubai Silicon Oasis,IT PLAZA - Nadd Hessa - Dubai Silicon Oasis - Dubai - United Arab Emirates,25.1213351,55.398543700000005,4.6,440,OPERATIONAL,beauty_salon,expensive,1,500,False,,,2026-10-09
ChIJx3m1twljXz4RZ4gM8QmQaM0,A & D Gents Salon FZ-LLC,4CGG+J67 - Al Rowaiyah First - Academic City - Dubai - United Arab Emirates,25.1265686,55.425625399999994,4.2,46,OPERATIONAL,barber_shop,,,,False,,men-only,2026-10-09
ChIJvyBrL01jXz4RM_8deEniV0Q,BUDGET GENTS SALON Academic City,Heriot watt University Dubai Campus 1 - الرويه الأولى - المدينة الأكاديمية - دبي - United Arab Emirates,25.1287728,55.4187071,3.5,52,OPERATIONAL,barber_shop,,,,False,,men-only,2026-10-09
ChIJAZujnnVkXz4R16Kwh2C7EE0,Faberge Salon,DSO Mosque - Academic City Rd - Nadd Hessa - Dubai Silicon Oasis - Dubai - United Arab Emirates,25.1242567,55.401424600000006,4.2,270,OPERATIONAL,barber_shop,moderate,20,100,False,,men-only,2026-10-09
ChIJs5MZ2NTsNiYRRsUmv629P2E,Nayla Beauty Salon,IT PLAZA - Nadd Hessa - Dubai Silicon Oasis - Dubai - United Arab Emirates,25.1213351,55.398543700000005,4.3,116,OPERATIONAL,beauty_salon,moderate,100,300,False,,,2026-10-09
ChIJhxnrPQBjXz4RcUaVRViuFYQ,Vip hair replacement,4CG3+RWC - Nadd Hessa - Dubai Silicon Oasis - Dubai - United Arab Emirates,25.1270515,55.4047578,5,1,OPERATIONAL,beauty_salon,,,,False,,,2026-10-09
ChIJC4TfiutlXz4RhAKMGThmIBM,Highbrow Beauty Lounge,IT PLAZA - Nadd Hessa - Dubai Silicon Oasis - Dubai - United Arab Emirates,25.1213351,55.398543700000005,4.8,195,OPERATIONAL,beauty_salon,moderate,100,400,False,,,2026-10-09
ChIJj3k9GnRkXz4RAfRNtB7n_5Y,Blade Gents Salon,IT PLAZA - G33 - Nadd Hessa - Dubai Silicon Oasis - Dubai - United Arab Emirates,25.1214332,55.3982734,3.6,73,OPERATIONAL,hair_salon,,,,False,,men-only,2026-10-09
ChIJEX9_kdBlXz4RXGLOHFfUyyE,City Cuts Barber,4CF3+V2C - Nadd Hessa - Dubai Silicon Oasis - Dubai - United Arab Emirates,25.124698100000003,55.4025148,2.9,65,OPERATIONAL,beauty_salon,,,,False,,men-only,2026-10-09
ChIJNxr4EHRkXz4R7iULcHVrMCQ,Bab Al Areesh Gents & Kids Saloon,IT PLAZA - SHOP NO-32 - Nadd Hessa - Dubai Silicon Oasis - Dubai - United Arab Emirates,25.121448500000003,55.398261999999995,4.2,88,OPERATIONAL,beauty_salon,,,,False,,men-only,2026-10-09
ChIJeT1ymMxlXz4RZ3vObyKgSuo,Sparkles by Kidzerland,IT PLAZA - Nadd Hessa - Dubai Silicon Oasis - Dubai - United Arab Emirates,25.1213351,55.398543700000005,4.9,10,OPERATIONAL,hair_salon,,,,False,,,2026-10-09
ChIJG-TFEHRkXz4R54oyzb6EOa8,Barber Shop,49CX+J88 - Nadd Hessa - Dubai Silicon Oasis - Dubai - United Arab Emirates,25.121541099999998,55.3983235,3.6,7,OPERATIONAL,barber_shop,,,,False,,men-only,2026-10-09
ChIJL9GqvqxlXz4RBm_WM6JKV7A,Le Petit Salon,IT PLAZA - Nadd Hessa - Dubai Silicon Oasis - Dubai - United Arab Emirates,25.1213351,55.398543700000005,4.3,16,OPERATIONAL,beauty_salon,,,,False,,,2026-10-09
ChIJicxc2JFjXz4RytlMGIZXa_0,Better Gents Salon,4CF7+7J3 - Al Rowaiyah First - Academic City - Dubai - United Arab Emirates,25.1231378,55.414040299999996,3.5,20,CLOSED_TEMPORARILY,hair_salon,,,,False,,not-operational,2026-10-09
ChIJxanDWwBlXz4RTto-wgop4FM,Usman Hairstylist✂️,4CF3+V2C - Nadd Hessa - Dubai Silicon Oasis - Dubai - United Arab Emirates,25.124699,55.402512,,,OPERATIONAL,hair_salon,,,,False,,,2026-10-09
ChIJV8xH9xZnXz4Rzp-5IMdmyCY,Beauty Room Salon & Spa,Nad Al Sheba 2 - Nad Al Sheba - Dubai - United Arab Emirates,25.144464,55.3493819,4.8,1216,OPERATIONAL,beauty_salon,moderate,100,400,False,,,2026-10-09
ChIJQ0rUvPZnXz4RKQZx1N6r8ro,MIA BELLA BEAUTY LOUNGE,Avenue Mall - Nad Al Sheba 2 - Nad Al Sheba - Dubai - United Arab Emirates,25.144420399999998,55.3474954,4.5,639,OPERATIONAL,beauty_salon,moderate,100,400,False,,,2026-10-09
ChIJrwz-6ktnXz4RThRfJCdAdsM,The Beauty Society,Avenue Mall - 1st Floor - 153 Dubai Al Ain St - Nad Al Sheba 2 - Nad Al Sheba - Dubai - United Arab Emirates,25.144147,55.3472977,4.3,249,OPERATIONAL,beauty_salon,,,,False,,,2026-10-09
ChIJN6SBZU9nXz4R71BLpcLeAyc,Aqiq Salon (Nad Al Sheba - Avenue Mall) - Barbershop,999 Nad Al Hamar St - Nad Al Sheba 2 - Nad Al Sheba - Dubai - United Arab Emirates,25.1447218,55.347716999999996,4.5,58,OPERATIONAL,barber_shop,,,,False,,men-only,2026-10-09
ChIJZ_wIswtnXz4RdMnU_26j8yk,Manisha and Sunita Beauty Salon,Road - ند الحمر - Nad Al Sheba - Dubai - United Arab Emirates,25.144849699999998,55.348873299999994,4.5,90,OPERATIONAL,beauty_salon,expensive,1,500,False,,,2026-10-09
ChIJlVzMfA9nXz4RtnnhN6GcJ7s,Al Loaloa Gents Salon,999 Nad Al Hamar St - Nad Al Sheba 2 - Nad Al Sheba - Dubai - United Arab Emirates,25.144509799999998,55.3469924,4.1,40,OPERATIONAL,barber_shop,,,,False,,men-only,2026-10-09
ChIJLRC3h4VDXz4RqDuOWPkR1v0,Al najma Al saeada hairdressing,23 21 C St - Nad Al Sheba 4 - Nad Al Sheba - Dubai - United Arab Emirates,25.144489,55.355520899999995,5,3,OPERATIONAL,beauty_salon,,,,False,,,2026-10-09
ChIJ4cBBGFJnXz4R8o48-RHQbAo,Happy Star Gents Barber shop,49V4+Q54 - 58 Street - Nad Al Sheba 4 - Nad Al Sheba - Dubai - United Arab Emirates,25.1443984,55.3554561,3.7,3,OPERATIONAL,beauty_salon,,,,False,,men-only,2026-10-09
ChIJm2aTUgBnXz4Rx5xsRBbS8_4,Barber Azizi,48VX+C27 - Nad Al Sheba 2 - Nad Al Sheba - Dubai - United Arab Emirates,25.1435458,55.3475331,,,OPERATIONAL,barber_shop,,,,False,,men-only,2026-10-09
ChIJ2xuub2NnXz4RW-ld2i0rn5Y,Kids Hair Station Salon,"First Floor , The Arch Mall - Nad Al Sheba 3 - Nad Al Sheba - Dubai - United Arab Emirates",25.147649299999998,55.374359399999996,4.7,111,OPERATIONAL,hair_salon,,,,False,,,2026-10-09
ChIJByQWay9nXz4RdepbnyXyo_Q,LULU GLAM Beauty Salon,The Arch Mall - Nad Al Sheba 3 - Nad Al Sheba - Dubai - United Arab Emirates,25.147688199999997,55.374255,4.7,40,OPERATIONAL,beauty_salon,,,,False,,,2026-10-09
ChIJgY2AawBnXz4RvrQgAzAaYGc,Nadalsheiba4,59 - ند الشبا ٤ - ند الشبا - دبي - United Arab Emirates,25.1419991,55.35833950000001,4.5,2,OPERATIONAL,hair_salon,,,,False,,,2026-10-09
ChIJTT2yo6NnXz4RBhGGOMBUeRk,Bait Aljameel Saloon,59 - ند الشبا ٤ - ند الشبا - دبي - United Arab Emirates,25.1419912,55.358354,4.4,12,OPERATIONAL,barber_shop,,,,False,,men-only,2026-10-09
ChIJk4Y7RQBnXz4Rv-uYAdOYki8,MDB GETS SALON,Nad Al Sheba 3 - Nad Al Sheba - Dubai - United Arab Emirates,25.1476325,55.374269999999996,5,6,OPERATIONAL,barber_shop,,,,False,,men-only,2026-10-09
ChIJdcRBKP5jXz4RC5T5xeFTq0g,Silvio Gents Salon - Dubai,Al Manama St - Warsan Fourth - Dubai - United Arab Emirates,25.1485733,55.4063854,4.6,194,OPERATIONAL,hair_salon,,,,False,,men-only,2026-10-09
ChIJx--xod1nXz4R9pUr1Qw22GU,Ameera Beauty Salon,"49XQ+HQJ-INTERNATIONAL CITY PHASE 2 DUBAI UNITED ARAB EMIRATES Al Zarouni Building, International City Phase(2) - Dubai , Warsan 4 Shop No. 01 - ورسان الرابعة - دبي - United Arab Emirates",25.148937500000002,55.3894375,4.6,189,OPERATIONAL,beauty_salon,moderate,100,200,False,,,2026-10-09
ChIJ7ZZAxNBnXz4Rs26k5Hw2_iY,Blue Style Gents Salon,Farah Residency IC3 - R-22 9th Street - Warsan Fourth - Warsan 2 - Dubai - United Arab Emirates,25.1484334,55.401840199999995,4.6,204,OPERATIONAL,barber_shop,inexpensive,40,60,False,,men-only,2026-10-09
ChIJm3yfx45nXz4RxxTEuOpvYFk,Wadi Al Zaman Gents Salon,4 Warsan 1 St - Warsan Fourth - International City Phase(2) - Dubai - United Arab Emirates,25.148062799999998,55.401316900000005,3.8,12,OPERATIONAL,barber_shop,,,,False,,men-only,2026-10-09
ChIJ57yPnRBlXz4RRiimmiiLf5U,Ella Beauty Salon,Nadd Hessa - Dubai Silicon Oasis - Dubai - United Arab Emirates,25.1349956,55.387778499999996,4.7,100,OPERATIONAL,beauty_salon,,,,False,,,2026-10-09
ChIJy4AVMdZhXz4RWS2ku-D22NU,Style Studio Ladies Salon,Al Ayaan Building - Warsan Fourth - International City Phase(2) - Dubai - United Arab Emirates,25.150018,55.403092900000004,4.4,268,OPERATIONAL,beauty_salon,moderate,100,400,False,,,2026-10-09
ChIJh5GWp2phXz4RYMsbeBFFZxk,Pinky Pink Beauty Salon,Warsan Fourth - warsan 4 - Dubai - United Arab Emirates,25.148654999999998,55.403154,4.8,253,OPERATIONAL,beauty_salon,expensive,100,500,False,,,2026-10-09
ChIJXcte2qpmXz4R2Cl9eRp_ywU,HEADZUP GENTS SALON (Al Warsan 4) 4 صالون هيدز اب للرجال الورسان,Al Manama St - Warsan Fourth - Dubai - United Arab Emirates,25.1496562,55.4035186,4.5,217,OPERATIONAL,barber_shop,,,,False,,men-only,2026-10-09
ChIJFwwvH5lnXz4RKFA4GTwmeFU,صالون البيك للرجال AL Baik Gent’s Salon,Warsan Fourth - International City Phase(2) - Dubai - United Arab Emirates,25.1479166,55.3908844,4.7,148,OPERATIONAL,barber_shop,,,,False,,men-only,2026-10-09
ChIJITYll09hXz4RCd70Z5jx1Yw,ELGHOUL GENTS SALON,Warsan Fourth - International City Phase(2) - Dubai - United Arab Emirates,25.149490099999998,55.4043984,4.3,56,OPERATIONAL,hair_salon,,,,False,,men-only,2026-10-09
ChIJP3sM4hVnXz4Rw3xRWVI9XKU,Blended Queens Beauty Salon,AB Residence 2 - Warsan Fourth - International City Phase(2) - Dubai - United Arab Emirates,25.1497149,55.3892276,4.9,94,OPERATIONAL,beauty_salon,,,,False,,,2026-10-09
ChIJsy5y6KBjXz4RSrru6jitzcc,AZKA LADIES SALOON,warsan 4 building name rokane g24 - Warsan Fourth - International City Phase(2) - Dubai - United Arab Emirates,25.1469283,55.405530299999995,4.8,204,OPERATIONAL,beauty_salon,moderate,100,200,False,,,2026-10-09
ChIJJx4Kt59jXz4RDJTAWzsEIHg,Beauty and Beyond ladies salon (FREE pick and drop),Warsan Oasis 1 - Shop number 3 - Warsan Fourth - International City Phase(2) - Dubai - United Arab Emirates,25.144876999999997,55.40413110000001,4.7,109,OPERATIONAL,beauty_salon,moderate,1,300,False,,,2026-10-09
ChIJn-n337FnXz4R8vaArJBcByk,Heya Beauty Salon,International City Phase(2 Al Warsan Fourth Manama Road - شارع الشيخ محمد بن زايد - ورسان الرابعة - دبي - United Arab Emirates,25.1508237,55.38942240000001,4.6,66,OPERATIONAL,beauty_salon,,,,False,,,2026-10-09
ChIJjXFoE7VtXz4RFBbSH-kbGIY,Trim & Trimmers Gents salon - Best Barber shop in Warsan,S.P Residence - Shop no 05 - 4 Warsan 1 St - Warsan Fourth - International City Phase(2) - Dubai - United Arab Emirates,25.145231199999998,55.4001186,4.9,254,OPERATIONAL,barber_shop,moderate,1,100,False,,men-only,2026-10-09
ChIJ20vC4VVjXz4RzF9AEcs11WQ,Alwarsaan,4FV5+QGJ - Warsan Third - Warsan 2 - Dubai - United Arab Emirates,25.1444556,55.458751,,,OPERATIONAL,barber_shop,,,,False,,men-only,2026-10-09
ChIJdVgc7yVjXz4RQZy3bGoWbmg,salon 1991 حلاق,Alwarsaan - Warsan Third - Warsan 3 - Dubai - United Arab Emirates,25.1445588,55.4587358,4.3,6,OPERATIONAL,barber_shop,,,,False,,men-only,2026-10-09
ChIJLcgTs7NjXz4Ry-PUECaZQ_g,1991 Gents Saloon Shop No.22 Bird & Pets market Warsan 3 Dubai,1991 Gents Saloon Block A1 - Birds & Pets Market - Shop 22 - ورسان الثالثة - ورسان 3 - دبي - United Arab Emirates,25.1588548,55.463777,2,2,OPERATIONAL,barber_shop,,,,False,,men-only,2026-10-09
ChIJR6DuRulnXz4RsewBFpNYmzQ,Bedashing Beauty Lounge Nad Al Sheba,"5959+RVJ - Nad Al Sheba - Nad Al Sheba 3 - Dubai, Shop No. L2-048 - Mall - ند الشبا ٣ - ند الشبا - دبي - United Arab Emirates",25.1595625,55.3696875,4.6,631,OPERATIONAL,beauty_salon,expensive,100,500,True,nad-al-sheba,,2026-10-09
ChIJxSCQ0ltmXz4RBDXnZ2z93kY,Nad Alsheba Salon,17 23A St - Nad Al Sheba 2 - Nad Al Sheba - Dubai - United Arab Emirates,25.1625737,55.352440699999995,4,25,OPERATIONAL,beauty_salon,,,,False,,,2026-10-09
ChIJ9SIGTx1nXz4R9vV_pRHSeys,1847 Grooming for Men Nad Al Sheba Mall,5959+RVJ - Nad Al Sheba - Nad Al Sheba 3 - Nad Al Sheba - Dubai - United Arab Emirates,25.1601391,55.369347499999996,4.8,86,OPERATIONAL,barber_shop,,,,False,,men-only,2026-10-09
ChIJVbN9ohBnXz4R9WuLHAhSCpc,MOZAMEL MEN SALOON LLC,5994+V38 - ٢ - Ras Al Khor Ind. Second - Ras Al Khor Industrial Area 1 - Dubai - United Arab Emirates,25.1696061,55.35519600000001,2,1,OPERATIONAL,barber_shop,,,,False,,men-only,2026-10-09
ChIJ22tpJuhnXz4RpijOmmdUyq0,Hairworks Nad Al Sheba Mall,5959+RVJ - Nad Al Sheba 3 - Nad Al Sheba - Dubai - United Arab Emirates,25.1595625,55.3696875,4.9,173,OPERATIONAL,hair_salon,,,,False,,,2026-10-09
ChIJXTH26w5nXz4Rl4CiRKs9tt4,Pochinki - Dubai,59C6+23R - Ras Al Khor Ind. Second - Dubai - United Arab Emirates,25.1701053,55.3601369,,,OPERATIONAL,hair_salon,,,,False,,,2026-10-09
ChIJTwchewJnXz4R6ym6HAakiOk,ابار,5998+H4C - Ras Al Khor Ind. Second - Ras Al Khor Industrial Area 2 - Dubai - United Arab Emirates,25.168878499999998,55.3648744,,,OPERATIONAL,barber_shop,,,,False,,men-only,2026-10-09
ChIJy3fORUJnXz4RwM5s4UQH344,LOUNGE 34 - Nad Al Sheba Mall,5959+RVJ - Nad Al Sheba 3 - Nad Al Sheba - Dubai - United Arab Emirates,25.1595625,55.3696875,4.4,20,OPERATIONAL,barber_shop,,,,False,,men-only,2026-10-09
ChIJiw35AzdnXz4RVRJ6F9-ggkM,N.Bar Nail Spa & Salon Nad Al Sheba Mall,5959+RVJ Mall - Nad Al Sheba 3 - Nad Al Sheba - Dubai - United Arab Emirates,25.1595625,55.3696875,4.8,117,OPERATIONAL,beauty_salon,moderate,100,400,False,,,2026-10-09
ChIJuWItKrRmXz4Rv5r4d0Bt0l0,Ranis Beauty Saloon,Dubai - Warsan First - Dubai International City - Dubai - United Arab Emirates,25.164401299999998,55.3973626,4.1,266,OPERATIONAL,beauty_salon,,,,False,,,2026-10-09
ChIJ-cOVENZhXz4RHu_PvQSKXgc,Rosalina Beauty Saloon. LLC,France R22 SHOP 12 - ورسان الأولى - France Cluster - دبي - United Arab Emirates,25.1627746,55.3976039,4.2,181,OPERATIONAL,beauty_salon,,,,False,,,2026-10-09
ChIJs4jpcKxnXz4R-oJyGOwSU-c,Cades Beauty Salon,France R12 - shop 14 - Warsan First - France Cluster - Dubai - United Arab Emirates,25.16256,55.4003495,4.9,174,OPERATIONAL,beauty_salon,expensive,1,500,False,,,2026-10-09
ChIJxTKT9PZnXz4RTeQKr9lpxH8,Beloved Beauty Salon,"Shop 14 - Building R19, France cluster, International city - ورسان الأولى - مدينة دبي العالمية - دبي - United Arab Emirates",25.161525,55.3983621,4.8,309,OPERATIONAL,beauty_salon,moderate,1,200,False,,,2026-10-09
ChIJ8xbFgMpmXz4R6ZegOigreVs,Amigos Gents Salon,U1 Building - Warsan First - Dubai International City - Dubai - United Arab Emirates,25.1681757,55.4002239,4.4,66,OPERATIONAL,hair_salon,,,,False,,men-only,2026-10-09
ChIJ8dTAdbRmXz4RTquFKhxBuag,صالون الطربوش للرجال,France R04 - Unnamed Road - Warsan First - France Cluster - Dubai - United Arab Emirates,25.16191,55.399665399999996,4.5,111,OPERATIONAL,hair_salon,,,,False,,,2026-10-09
ChIJ6bz4Y7RmXz4RTHevcKdDWOE,Syriana Men Salon,"France R10, shop 8 - in front of Shaklan Market - ورسان الأولى - مدينة دبي العالمية - دبي - United Arab Emirates",25.1632312,55.399451899999995,4.6,93,OPERATIONAL,barber_shop,,,,False,,men-only,2026-10-09
ChIJoUdhgmFnXz4RVzMJYbIVrxo,QAMAR AL SHAM LADIES SALON by Gypsies,parking side - Shop 17 - Warsan First - Dubai International City - Dubai - United Arab Emirates,25.1631122,55.397969499999995,5,31,OPERATIONAL,beauty_salon,,,,False,,,2026-10-09
ChIJgyzBRgVnXz4RZhemhYppi_Q,Sweet Colo Salon指尖挽风美甲美睫皮肤管理,Shop No. 5 - France R11 - ورسان الأولى - مدينة دبي العالمية - دبي - United Arab Emirates,25.163122899999998,55.400104799999994,4.7,10,OPERATIONAL,beauty_salon,,,,False,,,2026-10-09
ChIJp_feZt5nXz4RP_rUCXp2u6A,New Al Mumtaz Gents Saloon (Branch),Warsan First - Spain Cluster - Dubai - United Arab Emirates,25.165583599999998,55.402826999999995,4.8,11,OPERATIONAL,barber_shop,,,,False,,men-only,2026-10-09
ChIJ7ZL6WrRmXz4RWJI163Dc7UQ,Feya Beauty Salon,"Shop NO.12, Building No. R-25, France cluster, International city - Warsan First - Dubai International City - Dubai - United Arab Emirates",25.1642114,55.399481699999995,4.5,240,OPERATIONAL,beauty_salon,moderate,1,200,False,,,2026-10-09
ChIJuzmZrS1nXz4RzjAWSyBIqvg,Umail Ladies Salon,5C62+J7M R14 Shop 7 - Warsan First - France Cluster - Dubai - United Arab Emirates,25.161580999999998,55.4006835,4.9,23,OPERATIONAL,beauty_salon,,,,False,,,2026-10-09
ChIJUeqh-bNmXz4R0G9XxI5cJPs,Queens Beauty Salon,Dubai - Warsan First - Dubai International City - Dubai - United Arab Emirates,25.1616608,55.3979109,4.6,67,OPERATIONAL,beauty_salon,,,,False,,,2026-10-09
ChIJr5kbdz9nXz4R9Ud2JSrDWEA,SkyAims Gents Salon,Spain T06 Shop no 15 - ورسان الأولى - مدينة دبي العالمية - دبي - United Arab Emirates,25.1635438,55.3970733,5,31,OPERATIONAL,beauty_salon,,,,False,,men-only,2026-10-09
ChIJ82nBnRhhXz4Rv1KPOxbejJk,กระหรี่ล่าสุด,K12 - Cable Net Trading LLC - Shop 22 - Warsan First - Greece - Dubai - United Arab Emirates,25.1567845,55.4112072,3.5,10,OPERATIONAL,beauty_salon,,,,False,,,2026-10-09
ChIJAch-r0hhXz4RqhO-RtZjmJU,首艺美发,Warsan First - China Cluster - Dubai - United Arab Emirates,25.1668578,55.413436399999995,4.2,72,OPERATIONAL,hair_salon,,,,False,,,2026-10-09
ChIJ-bwr_cBhXz4R_A7f-_yL6CE,Top Notch Ladies Salon,P16 Top Notch Ladies Salon - Warsan First - France Cluster - Dubai - United Arab Emirates,25.1600696,55.4046142,4.7,348,OPERATIONAL,beauty_salon,expensive,1,500,False,,,2026-10-09
ChIJk27KicFhXz4RQpyMtihuVLo,Nihals Hair and Beauty Salon in International City Dubai,France Cluster P06 SHOP NO-4 - ورسان الأولى - مدينة دبي العالمية - دبي - United Arab Emirates,25.1605037,55.4038487,4.9,173,OPERATIONAL,beauty_salon,moderate,1,200,False,,,2026-10-09
ChIJ2Z-uxVlhXz4RYxCu15KDbYE,0724 发型设计,"国际城中国区F10店铺S10 - shop10, Building F10 - ورسان الأولى - China Cluster - دبي - United Arab Emirates",25.1654618,55.414875300000006,4.3,26,OPERATIONAL,hair_salon,,,,False,,,2026-10-09
ChIJs_kSPk1hXz4Rk-e5KDEjQ90,Vida - Gents Salon / Barber Shop,Dubai - Warsan First - Dubai International City - Dubai - United Arab Emirates,25.160158400000004,55.4044403,4.6,286,OPERATIONAL,barber_shop,moderate,40,100,False,,men-only,2026-10-09
ChIJtcE4rb9hXz4RqM9jKkNVzZQ,造型,Warsan First - Dubai International City - Dubai - United Arab Emirates,25.1665766,55.4153356,3.4,36,OPERATIONAL,hair_salon,,,,False,,,2026-10-09
ChIJNbKDLy5nXz4R4ALhOumHVIk,Vanity Studio Gents Salon,Shop S 05 - Building P14 - ورسان الأولى - France Cluster - دبي - United Arab Emirates,25.1604752,55.4057933,4.9,8,OPERATIONAL,hair_salon,,,,False,,men-only,2026-10-09
ChIJWZLnfs1hXz4RvSXLvn0XhOk,东方名剪,"United Arab Emirates, Dubai, S16AE Dubai C08",25.1672963,55.412845,4.5,14,OPERATIONAL,barber_shop,,,,False,,men-only,2026-10-09
ChIJsZ2GenhhXz4RAfuxwSKOzrY,Style & Co.,Dubai - Warsan Second - Warsan 2 - Dubai - United Arab Emirates,25.167880999999998,55.446621,5,15,OPERATIONAL,barber_shop,,,,False,,men-only,2026-10-09
ChIJuTOTorhhXz4RpoQyb-Rpviw,Balinese Queen Home Relaxing,Al warsan - Warsan Second - Warisan - Dubai - United Arab Emirates,25.1633458,55.4416234,4.5,24,OPERATIONAL,beauty_salon,,,,False,,,2026-10-09
ChIJO6eU7Q9hXz4RiUGvjK3GsdU,Zap Luxyy ladies salon,Warsan Fourth - Warsan 2 - Dubai - United Arab Emirates,25.1633458,55.4416234,4.3,6,OPERATIONAL,beauty_salon,,,,False,,,2026-10-09
ChIJIb3B1-FmXz4RsJU71JnLPSo,Fine Cuts Men's Barbershop,309 Al Awir Rd - Ras Al Khor Ind. Third - Dubai - United Arab Emirates,25.182469299999998,55.377365399999995,4.7,363,OPERATIONAL,barber_shop,inexpensive,20,60,False,,men-only,2026-10-09
ChIJE_tab0VhXz4ReV_bHaTmvz8,Blush & Glow Beauty Salon,Dubai - Warsan First - Dubai International City - Dubai - United Arab Emirates,25.163332099999998,55.414504699999995,4.5,106,OPERATIONAL,beauty_salon,,,,False,,,2026-10-09
ChIJu-vSyFZlXz4RdtTYEsLN1DU,Lale Rose Ladies Salon,Ajmal Sarah Tower Wadi Al Safa 5 Dubai Land - Dubai Inside Ajmal Sarah Tower - وادي الصفا 5 - دبي - United Arab Emirates,25.098992499999998,55.373596899999995,4.8,95,OPERATIONAL,beauty_salon,,,,False,,,2026-10-09
ChIJQWSBZGthXz4Ro4fbXJE_78o,L👀K AT ME LADIES BEAUTY SALON,"Shop No. 0596, Block-E - ورسان الأولى - مدينة دبي العالمية - دبي - United Arab Emirates",25.159074699999998,55.3958977,4.9,109,OPERATIONAL,beauty_salon,,,,False,,,2026-10-09
ChIJ__uojk9hXz4RZ8Rn2DxoMWg,Beauty bunch ladies salon,"Ground Floor, Indigo Spectrum 1 - Shop 3 - Warsan First - Dubai International City - Dubai - United Arab Emirates",25.1674339,55.403353599999996,4.5,52,OPERATIONAL,beauty_salon,,,,False,,,2026-10-09
ChIJBZWky5LY9T4Ra3FheOzoZDw,صالون وجه القمر,Suhailah - Ras Al Khaimah - United Arab Emirates,25.6917296,55.967577299999995,4,38,OPERATIONAL,barber_shop,,,,False,,men-only,2026-10-09
ChIJ57BJWm_Z9T4Rbp1vPU5HrwQ,Sparkle beauty salon,Al Digdaga - Ras Al Khaimah - United Arab Emirates,25.6862404,55.967275699999995,4.1,66,OPERATIONAL,beauty_salon,moderate,100,300,False,,,2026-10-09
ChIJd9JDaNTZ9T4Rd6wxgb05ONE,نادي اوركيد للجمال واللياقة,Airport St - Al Digdaga - Ras Al Khaimah - United Arab Emirates,25.678657899999997,55.967862999999994,4.7,53,OPERATIONAL,beauty_salon,,,,False,,,2026-10-09
ChIJkbkF8ZLY9T4RDsAzXVQPo0Q,صالون الغاية للحلاقة,MXV8+CXR - Suhailah - Ras Al Khaimah - United Arab Emirates,25.6936215,55.9673964,4.2,17,OPERATIONAL,hair_salon,,,,False,,,2026-10-09
ChIJWZWh8efZ9T4ROxROYpHsfek,صالون موسى للحلاقه الرجاليه,MXP8+7HC - Al Digdaga - Ras Al Khaimah - United Arab Emirates,25.685680200000004,55.966388599999995,4.5,2,OPERATIONAL,barber_shop,,,,False,,men-only,2026-10-09
ChIJ4_1sBgDZ9T4RMf4B4UKLdcM,AL sanarah Gents Dresser,MXP8+CWV - Al Digdaga - Ras Al Khaimah - United Arab Emirates,25.686101999999998,55.967306900000004,5,1,OPERATIONAL,hair_salon,,,,False,,men-only,2026-10-09
ChIJjygd9e7Y9T4RYvwAPYok-bs,حلاق مرمر الجديد,MXM8+RGJ - Al Digdaga - Ras Al Khaimah - United Arab Emirates,25.6845867,55.9662557,4.4,5,OPERATIONAL,beauty_salon,,,,False,,,2026-10-09
ChIJp6V7iGLZ9T4RhOI172D6Zv4,Saloon wajh al qamar,Al Manama - Road - Suhailah - Ras Al Khaimah - United Arab Emirates,25.691724800000003,55.9675769,5,4,OPERATIONAL,beauty_salon,,,,False,,,2026-10-09
ChIJy_CRxb_Z9T4RKkhyQjHzyv4,AL WAQT GENTS SALOON,16 60C St - Al Digdaga - Ras Al Khaimah - United Arab Emirates,25.6781375,55.9684001,4,3,OPERATIONAL,hair_salon,,,,False,,men-only,2026-10-09
ChIJLyDTCO_Z9T4RHRYLMIlB19Y,AL EBTISAMAT BEAUTY &HENNA SALOON Ladies,Al Manama - Road - Suhailah - Ras Al Khaimah - United Arab Emirates,25.689749499999998,55.967148699999996,,,OPERATIONAL,beauty_salon,,,,False,,,2026-10-09
ChIJBfi_glfZ9T4RLrhEMDVJJQ0,Saloon ay yathrab,MXV9+42X - Suhailah - Ras Al Khaimah - United Arab Emirates,25.6928661,55.967600499999996,5,1,OPERATIONAL,hair_salon,,,,False,,,2026-10-09
ChIJV1SMos7Z9T4RfsKdFSbFm0E,MOUSA GENTS SALOON,MXQ8+VV6 - Suhailah - Ras Al Khaimah - United Arab Emirates,25.689652199999998,55.9671342,5,1,OPERATIONAL,beauty_salon,,,,False,,men-only,2026-10-09
ChIJsazmku_Y9T4RuwSJx6SWMzU,Saloon Al Mashhoor,MXJ9+Q4R - Al Digdaga - Ras Al Khaimah - United Arab Emirates,25.6819846,55.967775599999996,5,2,OPERATIONAL,barber_shop,,,,False,,men-only,2026-10-09
ChIJjTflok3Z9T4RmGJZSxOxnYI,صالون الحمرانية للحلاقه,MXJ8+X82 - Unnamed Road - Al Digdaga - Ras Al Khaimah - United Arab Emirates,25.6823841,55.965779999999995,,,OPERATIONAL,hair_salon,,,,False,,,2026-10-09
ChIJCdjeVe7Y9T4RBP1A9m0Fgso,صالون الشفاء للرجال,Al Digdaga - Ras Al Khaimah - United Arab Emirates,25.6837944,55.9665961,5,1,OPERATIONAL,barber_shop,,,,False,,men-only,2026-10-09
ChIJ-1F8Nu3Y9T4RgGJQ6woZe6s,AL LULU HAIR DRESSER,Suhailah - Ras Al Khaimah - United Arab Emirates,25.690987399999997,55.9675009,1,1,OPERATIONAL,barber_shop,,,,False,,men-only,2026-10-09
ChIJfxqNcwDZ9T4RfNsgOpQCEfM,UMM ERJ HAIR DRESSER,MX99+8R5 - Al Digdaga - Ras Al Khaimah - United Arab Emirates,25.6684198,55.969516,,,OPERATIONAL,barber_shop,,,,False,,men-only,2026-10-09
ChIJqZUVNezY9T4RMgY3cIFIxsg,Masar Hair Dresser,MXP8+VHR - Al Digdaga - Ras Al Khaimah - United Arab Emirates,25.6872287,55.9663983,5,2,OPERATIONAL,hair_salon,,,,False,,,2026-10-09
ChIJq2B6PO7Z9T4RL_X7rN2gpC4,Al Modafiq Gents Saloon,MXR8+5W8 - Al Manama - Ras Al Khaimah Rd - Suhailah - Ras Al Khaimah - United Arab Emirates,25.6904026,55.9673324,5,1,OPERATIONAL,hair_salon,,,,False,,men-only,2026-10-09
ChIJmy4uK-zY9T4RTlESwwP-5WU,صالون المشهور للحلاقة,MXP8+GG5 - Al Digdaga - Ras Al Khaimah - United Arab Emirates,25.6862508,55.966358899999996,4,4,OPERATIONAL,hair_salon,,,,False,,,2026-10-09
ChIJLb1EQgAL9j4RmzDQc669eEY,ANA SALON,123 Al Naham St - Al Jazeera Al Hamra - Ras Al Khaimah - United Arab Emirates,25.698192,55.7958557,4.6,53,OPERATIONAL,beauty_salon,,,,False,,,2026-10-09
ChIJE2KXVYkL9j4RUQMkgOQdPiM,Instyle Beauty Lounge,Villa No. 1 - 128 21C St - Al Jazeera Al Hamra - Ras Al Khaimah - United Arab Emirates,25.6951941,55.7988198,4,122,OPERATIONAL,beauty_salon,moderate,200,300,False,,,2026-10-09
ChIJ3f7IZNkL9j4RS7GfWWFpEcU,Instyle Gents Lounge,Sheikh Mohammed Bin Salem Road - MQWX+4H - إ11 - الجزيرة الحمراء - إمارة رأس الخيمة - United Arab Emirates,25.6952362,55.7989051,5,71,OPERATIONAL,barber_shop,moderate,40,100,False,,men-only,2026-10-09
ChIJG-i1oYYL9j4Rck04E-h-P9w,Lavender Henna and Beauty لافندر للحناء والتجميل,R.A. Residence - D - opposite Adnoc Petrol Station - Al Riffa - Ras Al Khaimah - United Arab Emirates,25.7053411,55.8151805,4.2,13,OPERATIONAL,beauty_salon,,,,False,,,2026-10-09
ChIJU4jgIf8K9j4RmeG-xrhvhUI,LAMASAT Hair Dresser Salon,PR43+PWW - Al Jazeera Al Hamra - Ras Al Khaimah - United Arab Emirates,25.706853,55.804828,3.9,8,OPERATIONAL,barber_shop,,,,False,,men-only,2026-10-09
ChIJ80OOpgwL9j4RHrl6FfT7JLQ,Al Samim Gents Saloon,Al Jazeera Al Hamra - Ras Al Khaimah - United Arab Emirates,25.7057856,55.8076277,4.6,10,OPERATIONAL,barber_shop,,,,False,,men-only,2026-10-09
ChIJq2x_MfEL9j4RZmieuYLdnS4,ALTEEN HAIRDRESSER,Sheikh Mohamed Bin Salem St - Al Jazeera Al Hamra - Ras Al Khaimah - United Arab Emirates,25.706909,55.8025819,5,15,OPERATIONAL,barber_shop,,,,False,,men-only,2026-10-09
ChIJ5VO3K8QL9j4RjMFXjTrrYC4,Al Amaan gents saloon,Niar sports club - Al Etihad rood - Al Jazeera Al Hamra - Ras Al Khaimah - United Arab Emirates,25.7069077,55.802009399999996,5,1,OPERATIONAL,hair_salon,,,,False,,men-only,2026-10-09
ChIJAVpSGP8K9j4RDxy9LCzckAY,Al JAWDAH gents salon Al Jazirah Al Hamra Ras Al-Khaimah,PR43+QRR - Al Jazeera Al Hamra - Ras Al Khaimah - United Arab Emirates,25.7069775,55.8045018,4.5,11,OPERATIONAL,beauty_salon,,,,False,,men-only,2026-10-09
ChIJOXIv-mEL9j4R_xQg36C4sQo,Al zaabi saloon,Al jaseerah - الجزيرة الحمراء - إمارة رأس الخيمة - United Arab Emirates,25.7069835,55.81218,4.7,19,OPERATIONAL,beauty_salon,,,,False,,,2026-10-09
ChIJH7inUeMK9j4RT1w6dN1d5Wk,Al Khalidiya Hair Dresser Saloon,Al Jazeera Al Hamra - Ras Al Khaimah - United Arab Emirates,25.708552599999997,55.8139493,4,14,OPERATIONAL,hair_salon,,,,False,,,2026-10-09
ChIJdZEn4BsL9j4RWv8VUlM4G7Y,Al Heera Hair cutting,PR46+MP9 - Al Jazeera Al Hamra - Ras Al Khaimah - United Arab Emirates,25.706667799999998,55.8118488,,,OPERATIONAL,barber_shop,,,,False,,men-only,2026-10-09
ChIJbe4PmKcL9j4RW0oTQB7TOec,NAJM AL REFAA SALOON,PR27+63C - Al Riffa - Ras Al Khaimah - United Arab Emirates,25.7005515,55.812630299999995,3,4,OPERATIONAL,barber_shop,,,,False,,men-only,2026-10-09
ChIJ32vNReMK9j4RboYlzrd6gHg,Sultan Al khateri gens saloon,Ras Al-Khaimah - Al Jazeera Al Hamra - Ras Al Khaimah - United Arab Emirates,25.7090089,55.814295599999994,5,1,OPERATIONAL,hair_salon,,,,False,,,2026-10-09
ChIJAQAAAFAK9j4RR9I6bv1hyC4,صالون علي سالم,near UAE exchange - الجزيرة الحمراء - إمارة رأس الخيمة - United Arab Emirates,25.7077541,55.812889,4,12,OPERATIONAL,barber_shop,,,,False,,men-only,2026-10-09
ChIJESuK2GoL9j4RaJErrHDLuvs,Al shaab Al Aneeq GENTS SALON branch 1,PR45+663 - Al Jazeera Al Hamra - Ras Al Khaimah - United Arab Emirates,25.7055047,55.807984,4.9,9,OPERATIONAL,barber_shop,,,,False,,men-only,2026-10-09
ChIJ7UYTMgsL9j4RAdNrTpkGBqg,حلاق روتان,Unnamed Road - PR44+M2W - الجزيرة الحمراء - رأس الخيمة - United Arab Emirates,25.7067268,55.805069499999995,4,4,OPERATIONAL,hair_salon,,,,False,,,2026-10-09
ChIJV_WVMQAL9j4RWojzSWAM6dY,3 tone pick up for rent,MQVW+FX3 - Al Jazeera Al Hamra - Ras Al Khaimah - United Arab Emirates,25.6936279,55.7974336,,,OPERATIONAL,barber_shop,,,,False,,men-only,2026-10-09
ChIJ6dBqcvsK9j4RtKwYGdHRoaU,Al Mulla Salon,PR46+CFW - Al Jazeera Al Hamra - Ras Al Khaimah - United Arab Emirates,25.706115099999998,55.8112144,4.4,20,OPERATIONAL,beauty_salon,,,,False,,,2026-10-09
ChIJI8_paPsK9j4RXUGuefBRE3k,Al Hamra Hairdresser,PR46+MP7 - Al Jazeera Al Hamra - Ras Al Khaimah - United Arab Emirates,25.706656,55.811786,5,2,OPERATIONAL,hair_salon,,,,False,,,2026-10-09
ChIJ77KyeWcL9j4RsNG4MI8ikzY,Glam and glow beauty saloon,PR38+VJJ - Al Riffa - Ras Al Khaimah - United Arab Emirates,25.7049785,55.8166224,4.4,33,OPERATIONAL,beauty_salon,,,,False,,,2026-10-09
ChIJmcFLC8IL9j4RLEwii5YoGAs,AK Barbershop (Mina Alarab),Mina Al Arab Rd - Al Jazeera Al Hamra - Ras Al Khaimah - United Arab Emirates,25.714481799999998,55.8357093,4.5,134,OPERATIONAL,barber_shop,,,,False,,men-only,2026-10-09
ChIJs13nvNkK9j4RBSlVRiJ7y1E,Ayana Beauty & Spa صالون أيانا للسيدات,Lagoon Building 4 - Al Riffa - Ras Al Khaimah - United Arab Emirates,25.714686900000004,55.833491699999996,4.9,529,OPERATIONAL,beauty_salon,moderate,200,300,False,,,2026-10-09
ChIJU-2CEocL9j4RHY1-lYMVnt0,She Beauty Lounge,Al refaa - Al Riffa - Ras Al Khaimah - United Arab Emirates,25.7124842,55.837789099999995,4.4,119,OPERATIONAL,beauty_salon,,,,False,,,2026-10-09
ChIJlyCvDtejn2gRbvh_PlTKoQY,Aloevera Ladies Beauty Salon,PR7M+MWV - Al Riffa - Ras Al Khaimah - United Arab Emirates,25.714812499999997,55.8341875,4.5,63,OPERATIONAL,beauty_salon,,,,False,,,2026-10-09
ChIJtcjPvqUL9j4R9jvaYbh9Fqg,Al Shabab Personal Men Care Center Branch 2 مركز الشباب للعنايه الشخصيه للرجال - فرع 2,Al Jazeera Al Hamra - Ras Al Khaimah - United Arab Emirates,25.7112265,55.8177655,4.7,27,OPERATIONAL,beauty_salon,,,,False,,men-only,2026-10-09
ChIJsfdbDwAL9j4RrLVRxX_ZMPc,Taj Al Zain Gents Saloon branch-2 صلون تاج الزين للرجال,3 47A St - Al Jazeera Al Hamra - Ras Al Khaimah - United Arab Emirates,25.7113683,55.8180195,3.9,8,OPERATIONAL,beauty_salon,,,,False,,men-only,2026-10-09
ChIJyclq2rYL9j4RydJt3eJEVIw,AL KEBAB HAIR DRESSER,PR58+X6M - Al Jazeera Al Hamra - Ras Al Khaimah - United Arab Emirates,25.709968699999997,55.8155351,5,2,OPERATIONAL,hair_salon,,,,False,,,2026-10-09
ChIJCT8OBQAL9j4RubOn5LP5brs,صالون لمسات للرجال,Bin Salem street - Al Jazeera Al Hamra - Ras Al Khaimah - United Arab Emirates,25.710546899999997,55.816288199999995,,,OPERATIONAL,hair_salon,,,,False,,,2026-10-09
ChIJY97wp-MK9j4Ric_osFzrMO4,Al Dakak Hairdressing Saloon,39 47A St - Al Jazeera Al Hamra - Ras Al Khaimah - United Arab Emirates,25.7103747,55.8160332,4,4,OPERATIONAL,hair_salon,,,,False,,,2026-10-09
ChIJ-2-QVOMK9j4RluQj9vtHwxI,صالون البلوشي للحلاقة,Al Jazeera Al Hamra - Ras Al Khaimah - United Arab Emirates,25.7081649,55.8135555,,,OPERATIONAL,barber_shop,,,,False,,men-only,2026-10-09
ChIJt50mCOMK9j4R33emLmvafvI,صالون اكسالنت للحلاقة الرجالية,Al Jazeera Al Hamra - Ras Al Khaimah - United Arab Emirates,25.7104217,55.8161925,,,OPERATIONAL,barber_shop,,,,False,,men-only,2026-10-09
ChIJjd9beT4L9j4RzACgwBev1Zw,Avenzo Gents Hair Dresser,Pearl Building - Shop 1 - 10 Al Ejlal St - Al Riffa - Ras Al Khaimah - United Arab Emirates,25.7055437,55.8149548,,,OPERATIONAL,hair_salon,,,,False,,men-only,2026-10-09
ChIJq1GaGOB19j4RMr9PuygWQhE,Simplice Beauty Lounge,Al Riffa - Shop - 4 - E11 Sheikh Mohamed Bin Salem St - Al Riffa - Ras Al Khaimah - United Arab Emirates,25.7152641,55.8545431,4.7,120,OPERATIONAL,beauty_salon,very_expensive,100,600,False,,,2026-10-09
ChIJ72LyEiV19j4RAl9jPTJwcZo,Shades beauty saloon,PV85+MV7 - Al Riffa - Ras Al Khaimah - United Arab Emirates,25.7166559,55.8596613,4.5,105,OPERATIONAL,beauty_salon,,,,False,,,2026-10-09
ChIJN71XLyJx9j4RFdHjXVAEPo8,Elegance Beauty Salon,Al Riffa - Ras Al Khaimah - United Arab Emirates,25.7140657,55.8492348,4.6,25,OPERATIONAL,beauty_salon,,,,False,,,2026-10-09
ChIJTYmw45t19j4RhU6ZuWASCyA,Elite spa (for men)إيليت سبا فرع الرفاعة,39 Al Ghafat Rd - Al Riffa - Ras Al Khaimah - United Arab Emirates,25.7163844,55.859059699999996,3.8,17,OPERATIONAL,beauty_salon,,,,False,,men-only,2026-10-09
ChIJnSZUg4Z19j4Rq0ghjP1th6E,Saloon Raghda صالون رغدة,PV83+38F - شارع الشيخ محمد بن سالم - Al Riffa - Ras Al Khaimah - United Arab Emirates,25.7151781,55.85331,2.4,5,OPERATIONAL,beauty_salon,,,,False,,,2026-10-09
ChIJS_CTm6V19j4RLWMcicDD3Mo,"Nazih Gents Salon, Al Riffa Branch",Sheikh Mohamed Bin Salem St - Al Riffa - Ras Al Khaimah - United Arab Emirates,25.7151353,55.854025099999994,5,20,OPERATIONAL,barber_shop,,,,False,,men-only,2026-10-09
ChIJW6tVWmt19j4RtbYqsCLEeFQ,Sy Beauty Lounge,الطريق - شارع الشيخ محمد بن سالم - Al Riffa - Ras Al Khaimah - United Arab Emirates,25.714624699999998,55.8523504,4.7,6,OPERATIONAL,beauty_salon,,,,False,,,2026-10-09
ChIJYZ5FVkB19j4RibA_nsmtkl4,Miss Lalla Beauty,شارع الشيخ محمد بن سالم - Al Riffa - Ras Al Khaimah - United Arab Emirates,25.714765399999997,55.852302800000004,4,2,OPERATIONAL,beauty_salon,,,,False,,,2026-10-09
ChIJYXPGRS519j4RSXMkKBBNJZs,Malek al fatayer mahashi,Al Riffa - Ras Al Khaimah - United Arab Emirates,25.7151495,55.854441699999995,4,4,OPERATIONAL,beauty_salon,,,,False,,,2026-10-09
ChIJX66-BA519j4R4fOv7U9tHvw,Hiedee Ladies Salon Al Rifaa,1054 Sheikh Mohamed Bin Salem St - Al Riffa - Ras Al Khaimah - United Arab Emirates,25.7147841,55.852299800000004,5,14,OPERATIONAL,hair_salon,,,,False,,,2026-10-09
ChIJ_xAiXz519j4RnZi6Ae-FwTk,RAGDAN BEAUTY SALON,Al Jazeera - Al Riffa - Ras Al Khaimah - United Arab Emirates,25.7146145,55.8517434,,,OPERATIONAL,beauty_salon,,,,False,,,2026-10-09
ChIJsU08aAB19j4RtQDt39fOEc4,NAJM AL SABAH HAIR DRESSER SALON,177 شارع الغزل - Al Riffa - Ras Al Khaimah - United Arab Emirates,25.711494599999998,55.8512548,5,1,OPERATIONAL,barber_shop,,,,False,,men-only,2026-10-09
ChIJNYygSpp19j4RxlJsueGbO0k,Hair and nail Rak,Sheikh Mohamed Bin Salem St - Al Riffa - Ras Al Khaimah - United Arab Emirates,25.7162816,55.858195699999996,4.9,63,OPERATIONAL,beauty_salon,,,,False,,,2026-10-09
ChIJs3W4wZp19j4RYBGzFuYY3U4,Perla Beauty Hair and Nail Salon,Sheikh Khalifa City - Al Dhait South - Ras Al Khaimah - United Arab Emirates,25.705632299999998,55.90266150000001,4.5,100,OPERATIONAL,beauty_salon,moderate,1,300,False,,,2026-10-09
ChIJsTXRkgR19j4RHPxNRRmwQrY,صالون أسود وأبيض للرجال,PV6V+CJJ - Unnamed Road - Sheikh Khalifa City - Ras Al Khaimah - United Arab Emirates,25.711078699999998,55.894009499999996,4.6,24,OPERATIONAL,hair_salon,,,,False,,,2026-10-09
ChIJheZAj6B19j4R4tcwUtGPuZs,صالون وايت بوبي للسيدات white poppy saloon,الظيت الجنوبي - بلوك 13 - إمارة رأس الخيمة - United Arab Emirates,25.6947531,55.8933502,3.4,17,OPERATIONAL,beauty_salon,,,,False,,,2026-10-09
ChIJI0rAUQB19j4R3V5Rd2kiZ3c,صالون تشارلي charlie saloon,251 Madhlool St - Sheikh Khalifa City - Ras Al Khaimah - United Arab Emirates,25.694972,55.8928992,3,6,OPERATIONAL,hair_salon,,,,False,,,2026-10-09
ChIJRzxZ-q519j4RPX8UmuqngbA,Al Mubasher Gents Salon,Unnamed Road - PV8X+2X7 - مدينة الشيخ خليفة - رأس الخيمة - United Arab Emirates,25.7150495,55.899915899999996,4.1,7,OPERATIONAL,hair_salon,,,,False,,men-only,2026-10-09
ChIJaYRaHfB19j4Rsjcm_-X2PSY,صالون الطباشير للرجال,PV7X+WR7 - Sheikh Khalifa City - Ras Al Khaimah - United Arab Emirates,25.7147935,55.899556999999994,5,4,OPERATIONAL,hair_salon,,,,False,,,2026-10-09
ChIJE7nyaQB19j4RqJqshGXbiQg,مها لو مانجحت قسم بالله بحرق مدرستكم الخايسه,689 Al Samil St - Sheikh Khalifa City - Ras Al Khaimah - United Arab Emirates,25.7063125,55.886669299999994,4.7,3,OPERATIONAL,beauty_salon,,,,False,,,2026-10-09
ChIJYU4PwtJ19j4RTzPR2Cu8EP0,Pause Ladies Spa Salon Rak Branch,73 Al Muhannad Rd - Al Dhait - الظيت الجنوبي - Ras Al Khaimah - United Arab Emirates,25.7169418,55.916218099999995,4.1,521,OPERATIONAL,beauty_salon,moderate,100,400,False,,,2026-10-09
ChIJhy_UfGXf9T4RDswvn_ONTPw,Arch Beauty Lounge,Al Tuous St - Sheikh Khalifa City - Ras Al Khaimah - United Arab Emirates,25.6950152,55.920482299999996,4.4,210,OPERATIONAL,beauty_salon,moderate,100,200,False,,,2026-10-09
ChIJh9Uohgnf9T4RRFW7J3EEXy4,Little leaders Kids Salon,Al Tuous St - Sheikh Khalifa City - Ras Al Khaimah - United Arab Emirates,25.6948762,55.920617799999995,4.6,89,OPERATIONAL,hair_salon,,,,False,,,2026-10-09
ChIJ4zBgllF19j4ROMTc9V0tA9g,Al worood beauty and henna saloon - Branch 1,PW7C+XP7 - Al Dhait - Ras Al Khaimah - United Arab Emirates,25.7149201,55.921790699999995,3.2,24,OPERATIONAL,beauty_salon,,,,False,,,2026-10-09
ChIJoxlJnod19j4RukFem8NejYY,AK Barbershop (Al Dhait),Al Rayat St - Al Dhait - Ras Al Khaimah - United Arab Emirates,25.7163698,55.9145085,4.1,55,OPERATIONAL,barber_shop,inexpensive,20,60,False,,men-only,2026-10-09
ChIJK58PZp_f9T4RvPEjATCdJ88,Contessa Beauty Lounge,Al Tuous St - Madinat Khalifa - Ras Al Khaimah - United Arab Emirates,25.6953238,55.9205105,4.6,76,OPERATIONAL,beauty_salon,,,,False,,,2026-10-09
ChIJkwiYO5h19j4RGE1uqJuX8W8,Al Asayel Beauty Lounge,Al Rayat St - Al Dhait - Ras Al Khaimah - United Arab Emirates,25.7167384,55.914609899999995,4.5,31,OPERATIONAL,beauty_salon,moderate,1,300,False,,,2026-10-09
ChIJf0SfN-l19j4Rk8zj7GHtikE,R Gents Salon صالون ار للرجال,شارع عوافي - Al Dhait - Ras Al Khaimah - United Arab Emirates,25.7160805,55.920598899999995,3.9,15,CLOSED_TEMPORARILY,barber_shop,,,,False,,not-operational,2026-10-09
ChIJ34LcJOl19j4RWD3u_2lfVo8,صالون نجم السماء للرجال,Ras Al-Khaimah - Al Dhait - Ras Al Khaimah - United Arab Emirates,25.716515299999998,55.9213077,5,5,OPERATIONAL,barber_shop,,,,False,,men-only,2026-10-09
ChIJq5oGzUl19j4R2vf9KrEfZNI,AL JADEED HAIR DRESSER SALON,Al Rayat St - Al Dhait - Ras Al Khaimah - United Arab Emirates,25.716151,55.9148778,1.8,5,OPERATIONAL,hair_salon,,,,False,,,2026-10-09
ChIJVSj-JOl19j4RY27gWz5B25g,Najm Alsama Gents Salon,PW8C+JH2 - Al Dhait - Ras Al Khaimah - United Arab Emirates,25.7165204,55.9213916,4.3,3,OPERATIONAL,hair_salon,,,,False,,men-only,2026-10-09
ChIJhcEpKyLZ9T4RQweMu6oOp1s,AR Gents Hair Dressing,INSIDE STREET - Al Dhait - Ras Al Khaimah - United Arab Emirates,25.7163288,55.921865399999994,5,2,OPERATIONAL,hair_salon,,,,False,,men-only,2026-10-09
ChIJPTAfSAB19j4RF9llV6r23lI,الجودة صالون,PW8F+C25 - Al Dhait - Ras Al Khaimah - United Arab Emirates,25.7159552,55.9226203,,,OPERATIONAL,barber_shop,,,,False,,men-only,2026-10-09
ChIJkQiGUwB19j4R1VVjtT9y8h0,صالون الدفة,PW8C+GFG - Al Dhait - Al Dhait South - Ras Al Khaimah - United Arab Emirates,25.716416799999998,55.921255599999995,,,OPERATIONAL,beauty_salon,,,,False,,,2026-10-09
ChIJhS6Ze8HZ9T4RJYg58wY-r2s,حلاق امير,MXX8+2JW - E18 - Suhailah - Ras Al Khaimah - United Arab Emirates,25.697616999999997,55.966570999999995,,,OPERATIONAL,beauty_salon,,,,False,,,2026-10-09
ChIJ1_mtLpLY9T4Re6ZSmFnH2iM,صالون مطر الرجالي,Suhailah - Ras Al Khaimah - United Arab Emirates,25.6961394,55.9668152,,,OPERATIONAL,barber_shop,,,,False,,men-only,2026-10-09
ChIJM-Lw8O3Z9T4R4LNhdyE5yuA,RAMDAN MEN HAIR DRESSINGصالون رمضان للحلاقة الرجالية,MXW7+P6W - Suhailah - Ras Al Khaimah - United Arab Emirates,25.696849999999998,55.963100499999996,5,1,OPERATIONAL,barber_shop,,,,False,,men-only,2026-10-09
ChIJzXQvtpbY9T4RcSc7RF5Z814,صالون عوافي للرجال,MXW7+P7Q - Suhailah - Ras Al Khaimah - United Arab Emirates,25.696847299999998,55.963220899999996,,,OPERATIONAL,barber_shop,,,,False,,men-only,2026-10-09
ChIJXwcmWpHY9T4RWJsXRoPrr1M,صالون يامال الشام للرجال,Suhailah - Ras Al Khaimah - United Arab Emirates,25.6963197,55.9644601,,,OPERATIONAL,barber_shop,,,,False,,men-only,2026-10-09
ChIJrcCICgDZ9T4RAzXER0D0H6U,حلاق النجمة,MXV8+GXM - Al Digdaga - Ras Al Khaimah - United Arab Emirates,25.6938326,55.9674097,5,2,OPERATIONAL,barber_shop,,,,False,,men-only,2026-10-09
ChIJ-XwJxDLZ9T4R11mAPnd-5xA,WAFI GENTS SALOON,Unnamed Road - PX5J+V5C - الحيل - رأس الخيمة - United Arab Emirates,25.709692099999998,55.9803752,5,5,OPERATIONAL,beauty_salon,,,,False,,men-only,2026-10-09
ChIJB73SbffZ9T4RphyvTZ7pUCE,Sameera Beauty Saloon,Street - Al Hail - Ras Al Khaimah - United Arab Emirates,25.713088199999998,55.9721994,4.5,10,OPERATIONAL,beauty_salon,,,,False,,,2026-10-09
ChIJc9JHtP7Z9T4R4LoaadXA_5U,حلاق ميزان,MXVQ+G5R - Al Fahlain - Ras Al Khaimah - United Arab Emirates,25.6938665,55.9878954,,,OPERATIONAL,beauty_salon,,,,False,,,2026-10-09
ChIJA_PXdYvZ9T4RthIvjYhL9Uk,BOFAREDIA GANTS SALOON,Al Fahleen Rd - Al Faslayn - Ras Al Khaimah - United Arab Emirates,25.6907827,55.9876239,4.8,6,OPERATIONAL,hair_salon,,,,False,,,2026-10-09
ChIJIXh0PgDZ9T4Rb8_eF9TIrcM,"Al Rafiq Hair Dresser, Al Fahlain",MXVQ+G7F - Al Fahlain - Ras Al Khaimah - United Arab Emirates,25.6938297,55.9881879,,,OPERATIONAL,hair_salon,,,,False,,,2026-10-09
ChIJod_5fILY9T4R6B4o95PwwRY,Noora Henna and Beuty Saloon,PX7C+6V8 - Al Hail - Ras Al Khaimah - United Arab Emirates,25.713037099999998,55.9722156,3.5,4,OPERATIONAL,beauty_salon,,,,False,,,2026-10-09
ChIJK7sGMwDZ9T4RDDiUky0clOM,RAK,PX7C+2M7 - Al Hail - Ras Al Khaimah - United Arab Emirates,25.7125809,55.9717309,,,OPERATIONAL,beauty_salon,,,,False,,,2026-10-09
ChIJ8xCtVNkL9j4RJLqUOuxQI-s,Hair Art Gents Salon صالون هير آرت للرجال,Lagoon Building 17 - Al Riffa - Ras Al Khaimah - United Arab Emirates,25.716762199999998,55.840401699999994,4.7,171,OPERATIONAL,hair_salon,,,,False,,men-only,2026-10-09
ChIJLbbExfXm56kRnco40ItPWEM,Artilla Beauty Lounge (InterContinental - Mina Al Arab),Hayat Island - Al Riffa - Ras Al Khaimah - United Arab Emirates,25.725896499999998,55.8471336,5,5,OPERATIONAL,hair_salon,,,,False,,,2026-10-09
ChIJRTOGOpp19j4RwLvZFhsRMX4,صالون جويا وورد Joya Ward Beauty Lounge,Sheikh Mohamed Bin Salem St - Sheikh Khalifa City - Ras Al Khaimah - United Arab Emirates,25.731375399999997,55.884267599999994,4.5,138,OPERATIONAL,beauty_salon,moderate,100,300,False,,,2026-10-09
ChIJR607LQB19j4RNX0vKsmk3H4,Etoile Beauty Lounge إيتوال بيوتي لاونج,Ras Al-Khaimah - Sheikh Khalifa City - Ras Al Khaimah - United Arab Emirates,25.724853399999997,55.87632,4.3,11,OPERATIONAL,beauty_salon,,,,False,,,2026-10-09
ChIJ_U0VIy119j4RDJZQtroMDaE,Al majarah gents & baby saloon,PV98+JFW - 32B Sreet - Sheikh Khalifa City - Ras Al Khaimah - United Arab Emirates,25.7193741,55.866080000000004,4.3,18,OPERATIONAL,beauty_salon,,,,False,,men-only,2026-10-09
ChIJB9zGLKB19j4RHdhZF7f6m8o,Shades Salon & SPA,Al Muhannad Rd - Al Dhait - Ras Al Khaimah - United Arab Emirates,25.720643900000002,55.915502,4.8,1369,OPERATIONAL,beauty_salon,moderate,100,300,False,,,2026-10-09
ChIJV5kPnuN19j4RSMkHoVUlpOo,Mirrors Beauty Salon - Ras Al Khaimah,Unnamed Road - الظيت - إمارة رأس الخيمة - United Arab Emirates,25.726818700000003,55.920645199999996,4.1,219,OPERATIONAL,beauty_salon,very_expensive,300,700,False,,,2026-10-09
ChIJWx6gaZ919j4RXUuTiLkUWlA,Coated Beauty Lounge,"9023904 The Corner - 25.7178674, 55 - Sheikh Khalifa City - Ras Al Khaimah - United Arab Emirates",25.717870500000004,55.902394699999995,4.4,242,OPERATIONAL,beauty_salon,expensive,100,500,False,,,2026-10-09
ChIJE-HwZ7B19j4RTFWNfWB_tCo,Shape of you AlDhait,al thaqafa street - Al Dhait - الظيت الجنوبي - Ras Al Khaimah - United Arab Emirates,25.741396700000003,55.900227199999996,4.6,553,OPERATIONAL,beauty_salon,,,,False,,,2026-10-09
ChIJV0hlsKt19j4Rl6RZGjT6wtg,Al Shabab Personal Care Center مركز الشباب للعناية الشخصية,Al Dhait - Ras Al Khaimah - United Arab Emirates,25.7312351,55.8947538,4.3,32,OPERATIONAL,beauty_salon,,,,False,,,2026-10-09
ChIJo-aKmr919j4Ro27ktj_ySCU,The House of Beauty,الظيت - الظيت الجنوبي - إمارة رأس الخيمة - United Arab Emirates,25.7205549,55.9130968,4.2,33,OPERATIONAL,beauty_salon,,,,False,,,2026-10-09
ChIJ4V556gF19j4R6lEAwgw6qMc,طوكيو للعناية الشخصية للرجال,169 Al Thaqafah St - Al Dhait - Al Dhait South - Ras Al Khaimah - United Arab Emirates,25.739547899999998,55.897650899999995,5,18,OPERATIONAL,barber_shop,,,,False,,men-only,2026-10-09
ChIJlxuxeq519j4R_C_1ELLTT50,N Beauty Salon- Best Beauty & Hair Salon in Ras Al Khaimah أفضل صالون تجميل وشعر في رأس الخيمة,My City Centre - Al Dhait - Ras Al Khaimah - United Arab Emirates,25.7285708,55.9195877,4.5,161,OPERATIONAL,beauty_salon,,,,False,,,2026-10-09
ChIJ23HGVlFx9j4RHXE9L1mXjU4,Tahra Salon,176 7A Street - Al Dhait - Ras Al Khaimah - United Arab Emirates,25.719667299999998,55.9152826,3.7,43,OPERATIONAL,beauty_salon,,,,False,,,2026-10-09
ChIJzx-V4_x19j4R5JNXs4gKGKc,Ruby Salon,Al Samil St - Sheikh Khalifa City - Ras Al Khaimah - United Arab Emirates,25.718216599999998,55.902366,3.3,14,OPERATIONAL,barber_shop,,,,False,,men-only,2026-10-09
ChIJAwQzO5x19j4RYfdCdBFhzkA,Taj Al Zain Gents Saloon صلون تاج الزين للرجال,PVRX+3PP - الظيت - الظيت الجنوبي - إمارة رأس الخيمة - United Arab Emirates,25.740212,55.8993221,4.1,25,OPERATIONAL,hair_salon,,,,False,,men-only,2026-10-09
ChIJ983n88J19j4RVKxtjNXtECw,AL KHAIMAH HENNA & BEAUTY SALOON,Al Dhait - Al Dhait South - Ras Al Khaimah - United Arab Emirates,25.719573699999998,55.915381000000004,4.7,12,OPERATIONAL,beauty_salon,,,,False,,,2026-10-09
ChIJA48D3iF19j4RgMICY3CYKaQ,حلاق,PVJV+HPW - الظيت - الظيت الجنوبي - إمارة رأس الخيمة - United Arab Emirates,25.7314409,55.8942753,5,3,OPERATIONAL,hair_salon,,,,False,,,2026-10-09
ChIJSdlJGj919j4RniyCy4YWAwM,سمول باربيرس للحلاقة الرجالية,شارع الاتحاد - Al Dhait - Ras Al Khaimah - United Arab Emirates,25.7288829,55.8986131,4.5,20,OPERATIONAL,hair_salon,,,,False,,,2026-10-09
ChIJGTmUdUV19j4Rtw8vJqPKVb8,Euphoria Beauty Salon,Al Samil St - Sheikh Khalifa City - Ras Al Khaimah - United Arab Emirates,25.718063599999997,55.9023383,4.3,25,OPERATIONAL,beauty_salon,,,,False,,,2026-10-09
ChIJaTs_yhZ19j4RZ-Pgn1AscAU,الورده حمراء صالون,PW98+V54 - Al Dhait - Ras Al Khaimah - United Arab Emirates,25.719645699999997,55.9154403,5,2,OPERATIONAL,beauty_salon,,,,False,,,2026-10-09
ChIJjRFVRgB19j4RThHv-usP734,حلاق القاضي | algadi Barber,145 شارع المهند - Al Dhait - Ras Al Khaimah - United Arab Emirates,25.7264381,55.9200826,3.6,9,OPERATIONAL,barber_shop,,,,False,,men-only,2026-10-09
ChIJKTwLEjd39j4RyM8fCwDuk4A,MAY Spa Lounge,PWQV+X2C - Sheikh Rashid Bin Saeed Al Maktoum Rd - Sheikh Saqr City - Ras Al Khaimah - United Arab Emirates,25.739949199999998,55.942522999999994,4.4,46,OPERATIONAL,beauty_salon,,,,False,,,2026-10-09
ChIJWawR7kF39j4RXz6o54tB2YY,salon ghaita,Sheikh Rashid Bin Saeed Al Maktoum Rd - Al Kharan - Al Dhait South - Ras Al Khaimah - United Arab Emirates,25.729777499999997,55.956426099999995,4.9,123,OPERATIONAL,barber_shop,,,,False,,men-only,2026-10-09
ChIJsTlX6p929j4RvSNgp5T0dK8,Jadayel beauty center,PWPR+528 - الظيت - الظيت الجنوبي - إمارة رأس الخيمة - United Arab Emirates,25.735422399999997,55.9400925,4.5,19,OPERATIONAL,beauty_salon,,,,False,,,2026-10-09
ChIJCTwlMxV29j4RaX2Apfftimc,Taiba Kids Saloon,Sheikh Rashid Bin Saeed Al Maktoum Rd - Al Kharan - Ras Al Khaimah - United Arab Emirates,25.7299978,55.95625390000001,4.2,49,OPERATIONAL,barber_shop,,,,False,,men-only,2026-10-09
ChIJM3m2CWt29j4RZlKhyBiOWvY,Al worood beauty and henna saloon,PXJ3+QQP - Sheikh Rashid Bin Saeed Al Maktoum Rd - Al Kharan - Ras Al Khaimah - United Arab Emirates,25.731950599999998,55.954448,4.2,11,OPERATIONAL,beauty_salon,,,,False,,,2026-10-09
ChIJZTFdsHt29j4RAX7MugE_05Y,Beauty district center,Sheikh Saqr City - Ras Al Khaimah - United Arab Emirates,25.7401081,55.943538499999995,4.1,18,OPERATIONAL,beauty_salon,,,,False,,,2026-10-09
ChIJNyvJUqF39j4RJijXXhkAsXw,Al Daith South,15 80D St - Al Dhait - Al Dhait South - Ras Al Khaimah - United Arab Emirates,25.735808300000002,55.940442399999995,4.5,2,OPERATIONAL,hair_salon,,,,False,,,2026-10-09
ChIJxyMRDQB39j4RHq9LwdyQWXI,Dhait North,37 Sheikh Rashid Bin Saeed Al Maktoum Rd - Al Dhait - Ras Al Khaimah - United Arab Emirates,25.7417891,55.936901,5,1,OPERATIONAL,barber_shop,,,,False,,men-only,2026-10-09
ChIJZxWastp39j4RrrOAaqrp3H4,صالون الدهريز للحلاقة,PWPR+936 - Unnamed Road - Al Dhait - Al Dhait South - Ras Al Khaimah - United Arab Emirates,25.7359018,55.940144499999995,1.7,3,OPERATIONAL,hair_salon,,,,False,,,2026-10-09
ChIJpSgXReN19j4Rb-Ur7hZpW0U,Al Satwa Gents Hair Saloon,Sheikh Rashid Bin Saeed Al Maktoum Rd - Sheikh Saqr City - Ras Al Khaimah - United Arab Emirates,25.7423287,55.935425699999996,,,OPERATIONAL,barber_shop,,,,False,,men-only,2026-10-09
ChIJz4_EZAB39j4R3Xsvujuxmc4,SALON ALFOUAH,PWPQ+7Q5 - Al Dhait - Ras Al Khaimah - United Arab Emirates,25.735646799999998,55.939475599999994,5,38,OPERATIONAL,hair_salon,,,,False,,,2026-10-09
ChIJC-Xu6Jt39j4RPCQhyf-FZHg,Ritchie Salon (Man) - صالون ريتشي للرجال,الخران - الظيت الجنوبي - إمارة رأس الخيمة - United Arab Emirates,25.7295276,55.956634799999996,4.5,6,OPERATIONAL,barber_shop,,,,False,,men-only,2026-10-09
ChIJvYXqlLV39j4R0XgAjdYJoLc,Al Hoot gents saloon,37 Sheikh Rashid Bin Saeed Al Maktoum Rd - Sheikh Saqr City - Ras Al Khaimah - United Arab Emirates,25.741783299999998,55.936934799999996,5,2,OPERATIONAL,hair_salon,,,,False,,men-only,2026-10-09
ChIJqbLkOfd19j4R0PEfECty93c,Al RAHA GENTS HAIR DRESSER,PWHJ+94F - الظيت - الظيت الجنوبي - إمارة رأس الخيمة - United Arab Emirates,25.7284334,55.930289699999996,,,OPERATIONAL,barber_shop,,,,False,,men-only,2026-10-09
ChIJ7w_i37t39j4RTP0vf8D4d1Q,AL HARAM GENTS SALOON,Rashid bin syed street - Al Dhait - Ras Al Khaimah - United Arab Emirates,25.735604499999997,55.9395116,5,11,OPERATIONAL,hair_salon,,,,False,,men-only,2026-10-09
ChIJmSrYw4B19j4ReS0jA2f8MQ4,Al Rawnaq Ladies Salon,PWRP+RFC - Al Dhait - Ras Al Khaimah - United Arab Emirates,25.7420512,55.9361487,5,2,OPERATIONAL,beauty_salon,,,,False,,,2026-10-09
ChIJ_YqF6tF39j4RRFOlplWtEAQ,Topic Beauty Salon,Sheikh Rashid Bin Saeed Al Maktoum Rd - Al Kharan - Ras Al Khaimah - United Arab Emirates,25.7247758,55.961557199999994,4.7,644,OPERATIONAL,beauty_salon,expensive,1,500,False,,,2026-10-09
ChIJzcsMWiR29j4Rc5PzTMCtRgU,Al Shabab Personal Men Care Center Branch 1,Sheikh Rashid Bin Saeed Al Maktoum St - near Al Mazroui Pharmacy - Al Kharan - Ras Al Khaimah - United Arab Emirates,25.719162299999997,55.965805499999995,4.2,127,OPERATIONAL,beauty_salon,,,,False,,men-only,2026-10-09
ChIJl8Kr47F39j4Rng3fa3wo1O8,Al Loaloah Al Baydaa Ladies Beauty Saloon صالون الؤلؤة البيضاء لتجميل السيدات,PXF7+6C9 - Al Kharan - Ras Al Khaimah - United Arab Emirates,25.723032,55.963597299999996,4.6,61,OPERATIONAL,beauty_salon,,,,False,,,2026-10-09
ChIJDfUwTQB39j4RFNtK8WCVirw,O2 Gents saloon,502 Sheikh Rashid Bin Saeed Al Maktoum Rd - Al Kharan - Ras Al Khaimah - United Arab Emirates,25.7223464,55.964131599999995,4,25,OPERATIONAL,barber_shop,,,,False,,men-only,2026-10-09
ChIJhQBsTyR29j4RFmcEFdY_CxI,صالون عابر سبيل,PX98+G9F - Sheikh Rashid Bin Saeed Al Maktoum Rd - Al Kharan - Ras Al Khaimah - United Arab Emirates,25.7188204,55.965911299999995,,,OPERATIONAL,barber_shop,,,,False,,men-only,2026-10-09
ChIJLQOxbtJ39j4RNK3Qh2SOuMU,Al adwa ladies saloon,410 Sheikh Rashid Bin Saeed Al Maktoum Rd - Al Kharan - Al Dhait South - Ras Al Khaimah - United Arab Emirates,25.7154593,55.96888380000001,3.3,7,OPERATIONAL,beauty_salon,,,,False,,,2026-10-09
ChIJewHRLIx39j4RHpQh1HB6dfk,saloon Al Waheed,PX9J+P4X - Al Kharan - Ras Al Khaimah - United Arab Emirates,25.719366400000002,55.980365600000006,,,OPERATIONAL,hair_salon,,,,False,,,2026-10-09
ChIJx8VwnDx29j4Rv6CT-9GoFx0,AL JALBOOT LAUNDRY,PXF7+89J - Al Kharan - Ras Al Khaimah - United Arab Emirates,25.723334899999998,55.96338180000001,3.9,7,OPERATIONAL,barber_shop,,,,False,,men-only,2026-10-09
ChIJKd0xPQB39j4RhxFt_RazxX8,صالون عمر للحلاقة الرجالية,PX98+4F8 - Al Kharan - Ras Al Khaimah - United Arab Emirates,25.7177837,55.9661968,5,3,OPERATIONAL,barber_shop,,,,False,,men-only,2026-10-09
ChIJwwPC9nt39j4R7QdVZeJPChQ,صالون شموخ - salon alshmook,Ras Al-Khaimah - Al Salihia - Ras Al Khaimah - United Arab Emirates,25.7225188,55.984481099999996,4,9,OPERATIONAL,beauty_salon,,,,False,,,2026-10-09
ChIJgSTkoiR29j4Rcn9lXlIym7g,Makki Gents saloon,Sheikh Rashid Bin Saeed Al Maktoum Rd - Al Kharan - Ras Al Khaimah - United Arab Emirates,25.7206732,55.964290399999996,4.1,11,OPERATIONAL,barber_shop,,,,False,,men-only,2026-10-09
ChIJhVcq1_F39j4R1IZvx4CTi88,AL ABEER SALOON,Al Kharan - Ras Al Khaimah - United Arab Emirates,25.713507,55.969711499999995,1,1,OPERATIONAL,hair_salon,,,,False,,,2026-10-09
ChIJzfDnroLY9T4Rds_HouzPEBs,حلاق بحرة الحديثة,Al Kharan - Ras Al Khaimah - United Arab Emirates,25.7124822,55.9697574,5,1,OPERATIONAL,barber_shop,,,,False,,men-only,2026-10-09
ChIJmzKkutV39j4RviEgIvV90Ug,Marhaba Hair Dresser Saloon,PXCM+XQW - Al Salihia - Ras Al Khaimah - United Arab Emirates,25.7224798,55.9844687,4.8,4,OPERATIONAL,beauty_salon,,,,False,,,2026-10-09
ChIJ9eB6VwB39j4RmdwMcYSB1r0,حلاق البروج,520 Sheikh Rashid Bin Saeed Al Maktoum Rd - Al Kharan - Al Dhait South - Ras Al Khaimah - United Arab Emirates,25.7197969,55.9647052,4.7,3,OPERATIONAL,barber_shop,,,,False,,men-only,2026-10-09
ChIJF2riysJ19j4Rz-IGoUaN4Xg,Djor Beauty Lounge,28B St - behind Center point South - Al Dhait - Ras Al Khaimah - United Arab Emirates,25.7428729,55.8997518,4.4,433,OPERATIONAL,beauty_salon,very_expensive,100,700,False,,,2026-10-09
ChIJ_xlise119j4RPwHaPUlPHLk,Beauty Icon ladies salon,Ithaid street - Al Dhait - Ras Al Khaimah - United Arab Emirates,25.7439562,55.8999573,4.6,588,OPERATIONAL,beauty_salon,very_expensive,100,600,False,,,2026-10-09
ChIJs9hlpFF09j4R9_vZcehtnPo,Trends Beauty Bar,Ras Al-Khaimah - Al Dhait - Ras Al Khaimah - United Arab Emirates,25.743049,55.900144399999995,4.4,388,OPERATIONAL,beauty_salon,moderate,100,400,False,,,2026-10-09
ChIJC9kG5jB19j4R4B37BfGhlfE,Anat Salon & Spa RAK,Al Ittihad Street - Al Dhait - Ras Al Khaimah - United Arab Emirates,25.7360877,55.8922521,4.8,157,OPERATIONAL,beauty_salon,moderate,100,400,False,,,2026-10-09
ChIJY2HJGQJ19j4RdCq6WyUdEyA,Dhabia Beauty Lounge,Al litthad - Ras Al Khaimah - United Arab Emirates,25.743122099999997,55.899397,4.6,202,OPERATIONAL,beauty_salon,moderate,100,400,False,,,2026-10-09
ChIJpdzNnFp19j4RMomGtHfA25Y,Tierra beauty lounge,Al Dhait - Ras Al Khaimah - United Arab Emirates,25.7422029,55.899891399999994,4.3,212,OPERATIONAL,beauty_salon,moderate,100,400,False,,,2026-10-09
ChIJDzY92B919j4Rv_y8Wd98RFU,OKO BEAUTY CENTER,3C St - Al Dhait - Ras Al Khaimah - United Arab Emirates,25.74203,55.900137699999995,4.3,85,OPERATIONAL,beauty_salon,expensive,1,500,False,,,2026-10-09
ChIJCWI_a5p19j4RBnvg0eL4-wE,Avelora beauty lounge,28A St - Al Dhait - Ras Al Khaimah - United Arab Emirates,25.742097299999998,55.8996906,4.7,254,OPERATIONAL,beauty_salon,expensive,100,500,False,,,2026-10-09
ChIJH-yfWJt19j4R0GDJMiWTCfM,Beauty touch ladies care salon,Al Dhait - Ras Al Khaimah - United Arab Emirates,25.743608599999998,55.8996432,4,59,OPERATIONAL,beauty_salon,expensive,1,600,False,,,2026-10-09
ChIJ1UO62UV09j4ROx5CK2Bb2UE,Royal Ruby Salon - Al Dhait,QW25+544 Bait almandi restaurant - Al Dhait - Neir - Ras Al Khaimah - United Arab Emirates,25.7503877,55.9078312,3.7,104,OPERATIONAL,hair_salon,,,,False,,,2026-10-09
ChIJnTcndAB19j4R8xQQBR0ysD4,Trimz men personal care,Ras Al-Khaimah - Al Dhait - Ras Al Khaimah - United Arab Emirates,25.736808399999997,55.893009199999995,4.7,13,OPERATIONAL,barber_shop,moderate,40,80,False,,men-only,2026-10-09
ChIJYdbBaCt39j4R-cef-6jNbEQ,صالون الغواص للرجال,Sheikh Rashid Bin Saeed Al Maktoum Rd - Al Dhait - Al Dhait South - Ras Al Khaimah - United Arab Emirates,25.749204,55.9075606,4.6,57,OPERATIONAL,barber_shop,,,,False,,men-only,2026-10-09
ChIJ59x_uOh19j4RhzuGy-wtHi0,Fatima beauty center,PWW2+FVP - Unnamed Road - Al Dhait - Al Dhait South - Ras Al Khaimah - United Arab Emirates,25.7462019,55.902214099999995,4,3,OPERATIONAL,beauty_salon,,,,False,,,2026-10-09
ChIJPamKiwt19j4RTIK-2dFElH0,Al anood beauty and henna saloon,PVQX+RFP - Al Dhait - Ras Al Khaimah - United Arab Emirates,25.739591599999997,55.898699799999996,,,OPERATIONAL,beauty_salon,,,,False,,,2026-10-09
ChIJN2OEIAB19j4RYjh44RbbxCU,Professor 1991 Men’s Personal Care Center,PVRW+394 - Al Dhait - Al Dhait South - Ras Al Khaimah - United Arab Emirates,25.7401419,55.895874299999996,4.2,11,OPERATIONAL,barber_shop,,,,False,,men-only,2026-10-09
ChIJJT0sCFR09j4RzD1s4o5HipI,New Look Gents Salon,PVQW+RQJ - Al Dhait - Ras Al Khaimah - United Arab Emirates,25.739593,55.896890899999995,4,14,OPERATIONAL,beauty_salon,,,,False,,men-only,2026-10-09
ChIJ-7eh11V19j4Rff8uCxJlaEA,صالون الرحاب للرجال,PVPV+V27 - Unnamed Road - Al Dhait - Al Dhait South - Ras Al Khaimah - United Arab Emirates,25.7371646,55.892553799999995,3,4,OPERATIONAL,barber_shop,,,,False,,men-only,2026-10-09
ChIJSU1oGll19j4RCktPt_Pr5o0,Bedashing Beauty Lounge RAK,Villa 66 Sheikh Rashid Bin Saeed Al Maktoum Rd - Al Dhaith - Ras Al Khaimah - United Arab Emirates,25.751541,55.919871699999995,4.5,772,OPERATIONAL,beauty_salon,,,,True,ras-al-khaimah,,2026-10-09
ChIJ0YKeuLt19j4RdlHvfjWrcMk,Riviera Palace ريفييرا بالاس,Khuzam Rd - Sheikh Saqr City - Ras Al Khaimah - United Arab Emirates,25.7658539,55.926035199999994,3.9,49,OPERATIONAL,beauty_salon,,,,False,,,2026-10-09
ChIJf4Eu6yx09j4R2nRrgIbrI_Q,Shades Saloon & Spa,"Villa No 5, Sheikh Rashid Bin Saeed Al Makhtoum Street - Al Dhait - Ras Al Khaimah - United Arab Emirates",25.745075999999997,55.928869999999996,4.4,211,OPERATIONAL,beauty_salon,moderate,100,300,False,,,2026-10-09
ChIJxfTqAzx19j4R4tJV5Cx2qnQ,Braem Kids Salon,مقابل النعيم مول بجوارالحريري للهواتف - Al Dhait - الظيت الجنوبي - Ras Al Khaimah - United Arab Emirates,25.748107899999997,55.922754299999994,4.5,40,OPERATIONAL,barber_shop,,,,False,,men-only,2026-10-09
ChIJpeBZSRh09j4RU-bAqHawmL0,AWJ Beauty Center,58 13E St - Sheikh Saqr City - Ras Al Khaimah - United Arab Emirates,25.7660002,55.926412799999994,4.2,49,OPERATIONAL,beauty_salon,,,,False,,,2026-10-09
ChIJhe_CqTB09j4R73prPQmuQBU,Tips and Lips Beauty lounge,Ras Al-Khaimah - Sheikh Saqr City - Ras Al Khaimah - United Arab Emirates,25.751521999999998,55.919596999999996,3.3,60,OPERATIONAL,beauty_salon,,,,False,,,2026-10-09
ChIJAxD-sJJ19j4Rixpby7A29rw,Diamond Beauty Lounge,Sheikh Rashid Emirates Club Building - Sheikh Saqr City - Ras Al Khaimah - United Arab Emirates,25.746989799999998,55.928567799999996,4.2,72,OPERATIONAL,beauty_salon,,,,False,,,2026-10-09
ChIJU_PnVd519j4RsgSZcVNX7tQ,مركز شيخة الزين,QW8G+CQH - خزام - الظيت الشمالي - إمارة رأس الخيمة - United Arab Emirates,25.765991399999997,55.9269688,3.8,8,OPERATIONAL,beauty_salon,,,,False,,,2026-10-09
ChIJ503kUDZ19j4RM3M9avnwbtI,صالون جوتام للتجميل Gautam beauty salon,8 Al Murowat St - Khuzam - Ras Al Khaimah - United Arab Emirates,25.7651005,55.9272377,4,22,OPERATIONAL,beauty_salon,,,,False,,,2026-10-09
ChIJVbvGVR909j4RlLooncN9YTA,Artist Faten Stayle مركز فاتن ستايل للتجميل,Khuzam - Ras Al Khaimah - United Arab Emirates,25.765072399999998,55.9305519,4.4,39,OPERATIONAL,hair_salon,,,,False,,,2026-10-09
ChIJl6cp9toinY4RXWO5ksa8U6E,FLORA BEAUTY LOUNGE,69 22E St - Sheikh Saqr City - Al Dhait North - Ras Al Khaimah - United Arab Emirates,25.7656784,55.9252901,4.3,32,OPERATIONAL,beauty_salon,,,,False,,,2026-10-09
ChIJs9fYRBh09j4RtcwB_AsSovc,Al Aseel beauty and henna center,Ras Al-Khaimah - Sheikh Saqr City - Ras Al Khaimah - United Arab Emirates,25.7656235,55.9267465,4,31,OPERATIONAL,beauty_salon,,,,False,,,2026-10-09
ChIJWaRuwjJ19j4RqDcPBPK0lB4,صالون سندس للسيدات,QW8G+CQH - مدينة الشيخ صقر - الظيت الشمالي - إمارة رأس الخيمة - United Arab Emirates,25.765974399999998,55.9267301,3,8,OPERATIONAL,beauty_salon,,,,False,,,2026-10-09
ChIJp_z4RnF19j4RYLoYChZAJb0,Infinity Beauty Saloon,QW5F+FMC - Unnamed Road - Sheikh Saqr City - Ras Al Khaimah - United Arab Emirates,25.7586965,55.924155999999996,5,2,OPERATIONAL,beauty_salon,,,,False,,,2026-10-09
ChIJY6eErj519j4RjyNUh-WP70s,Gorgy ladies saloon,Sheikh Rashid Bin Saeed Al Maktoum Rd - opposite Al Naeem City Centre - Al Dhait - Al Dhait South - Ras Al Khaimah - United Arab Emirates,25.748990499999998,55.9219471,4,4,OPERATIONAL,beauty_salon,,,,False,,,2026-10-09
ChIJ0aaPVuR19j4REOfOP8mAOs0,Al Zumored Beauty & Henna center,شارع خزام - 30 Al Murowat St - Khuzam - Ras Al Khaimah - United Arab Emirates,25.7622628,55.9269183,4.3,6,CLOSED_TEMPORARILY,beauty_salon,,,,False,,not-operational,2026-10-09
ChIJfXlEpj919j4Rob1dVQCIr4k,Classy Salon,Al Surour St - خزام - Ras Al Khaimah - United Arab Emirates,25.764888499999998,55.9229855,3.7,31,OPERATIONAL,beauty_salon,moderate,1,400,False,,,2026-10-09
ChIJCfq-VLB19j4RgGOXLI4tvf8,Joutam ladis beauty center ، جو تايم للتجميل,13 - 11 3 St - Khuzam - Ras Al Khaimah - United Arab Emirates,25.7642912,55.9272035,5,2,OPERATIONAL,beauty_salon,,,,False,,,2026-10-09
ChIJk9OIa1139j4RFswsdSR7nJ0,Al NJAH SALON,Infront Of Municipalitie Garage - Al Qussaidat - Ras Al Khaimah - United Arab Emirates,25.761451299999997,55.965447,,,OPERATIONAL,beauty_salon,,,,False,,,2026-10-09
ChIJj6aJ8e129j4Rym2bOtiwopk,صالون نخلة مراكش,QX77+77J - Khuzam St - Al Qussaidat - Ras Al Khaimah - United Arab Emirates,25.7632023,55.963153999999996,4.5,2,OPERATIONAL,barber_shop,,,,False,,men-only,2026-10-09
ChIJx6V7vvF29j4R66khUe7jWHE,The New Ma'aroof Saloon,Al Qussaidat - Ras Al Khaimah - United Arab Emirates,25.7620515,55.9652422,5,3,OPERATIONAL,barber_shop,,,,False,,men-only,2026-10-09
ChIJGWtpLfF29j4RJZ9AF4hYdBY,صالون الكاشخ للحلاقة,Al Qussaidat - Ras Al Khaimah - United Arab Emirates,25.7587087,55.965854099999994,4,2,OPERATIONAL,barber_shop,,,,False,,men-only,2026-10-09
ChIJ0Qh_PAB39j4RKEWX0zI8joc,Gold health beautiful eyelashes Manicure,QX74+8G2 - Al Qurum - Ras Al Khaimah - United Arab Emirates,25.763253499999998,55.95627700000001,,,OPERATIONAL,nail_salon,,,,False,,,2026-10-09
ChIJi9Z48O129j4RoeWtiWsC1Gc,Al Ajeeb Saloon,QX77+767 - شارع خزام - Al Qussaidat - Ras Al Khaimah - United Arab Emirates,25.763166299999998,55.9630474,3.7,6,OPERATIONAL,hair_salon,,,,False,,,2026-10-09
ChIJdxRuemN39j4RvnNsHf_4jvw,صالون ديدي,QX4C+2M2 - Al Felyyah - Ras Al Khaimah - United Arab Emirates,25.755058299999998,55.9716392,,,OPERATIONAL,hair_salon,,,,False,,,2026-10-09
ChIJC2PpNhh39j4RjXwV4qOFObo,Rashalkaima,QX4J+G6G - Al Qussaidat - Ras Al Khaimah - United Arab Emirates,25.7563049,55.9805875,,,OPERATIONAL,hair_salon,,,,False,,,2026-10-09
ChIJ39zfUAB39j4RccI-wSv96zs,نون ارتست,QX7V+XMV - Al Qussaidat - Ras Al Khaimah - United Arab Emirates,25.764977899999998,55.9941749,,,OPERATIONAL,beauty_salon,,,,False,,,2026-10-09
ChIJUUvBpPB39j4R5TJTKKHd6h4,Robel Gents Hair Dresser,Al Felyyah - Ras Al Khaimah - United Arab Emirates,25.7519493,55.9756133,,,OPERATIONAL,hair_salon,,,,False,,men-only,2026-10-09
ChIJpY32Uyt19j4RY7oZGJI8DI4,Solo gents center,Sheikh Mohamed Bin Salem St - Dahan - Ras Al Khaimah - United Arab Emirates,25.7745706,55.92637,4,113,OPERATIONAL,beauty_salon,,,,False,,men-only,2026-10-09
ChIJG2Lepxp09j4RJ1CbbU2AyFI,"Al Barjeel Beauty Center for Men, صالون البارجيل للعناية بالرجال",بجانب كيك الطيبن - شارع الشيخ محمد بن سالم - Dahan - Ras Al Khaimah - United Arab Emirates,25.773007099999997,55.9247621,4.7,86,OPERATIONAL,beauty_salon,moderate,1,300,False,,men-only,2026-10-09
ChIJ0_k2qhp09j4RW5NJQknfBxw,مركز لامود للتجميل La Mode Beauty Center LLC,352 شارع الشيخ محمد بن سالم - Dahan - Ras Al Khaimah - United Arab Emirates,25.7735633,55.9248695,4.1,46,OPERATIONAL,beauty_salon,,,,False,,,2026-10-09
ChIJVyWFbBB09j4R21zGehZSyYY,AlNobalaa Saloon,محطة بترول ايبكو - Sheikh Mohamed Bin Salem St - مقابل الحويلات للأكترونيات ، قبل - دفن الخور - Ras Al Khaimah - United Arab Emirates,25.7720275,55.9236949,4.2,36,OPERATIONAL,barber_shop,,,,False,,men-only,2026-10-09
ChIJ5bmn-n1x9j4RJYq34_ZOmJE,Al Baron Gents Salon,QWFG+J93 - Mohomed ben Salem street - Dahan - Ras Al Khaimah - United Arab Emirates,25.7740136,55.925725199999995,4.4,15,OPERATIONAL,hair_salon,,,,False,,men-only,2026-10-09
ChIJ2fG7TAV09j4RdcFCv89ZYM8,Red Flower Saloon,QWFG+H9G - Dahan - Ras Al Khaimah - United Arab Emirates,25.773946,55.925959,5,6,OPERATIONAL,beauty_salon,,,,False,,,2026-10-09
ChIJJyZh06Z19j4RIV1N1SXTy_E,Rival Personal Ladies Care Center,QWFG+VG2 - Dahan - Ras Al Khaimah - United Arab Emirates,25.774625600000004,55.926277199999994,,,OPERATIONAL,beauty_salon,,,,False,,,2026-10-09
ChIJo60juBp09j4RxprB1ROh4jw,Marahab Hairdressing Saloon,QWFG+89H - Dahan - Ras Al Khaimah - United Arab Emirates,25.7733241,55.9259791,,,OPERATIONAL,hair_salon,,,,False,,,2026-10-09
ChIJ_VKb3Ch39j4R6d2giog1bGI,مريومة بيوتي لاونج,Khuzam Rd - Khuzam - Ras Al Khaimah - United Arab Emirates,25.7673307,55.934252699999995,4.1,127,OPERATIONAL,beauty_salon,,,,False,,,2026-10-09
ChIJ0XhC7Tx19j4RJfHwMVadbfU,majesty Men Care Center,70 Khuzam St - Khuzam - Ras Al Khaimah - United Arab Emirates,25.767405399999998,55.9344975,4.9,189,OPERATIONAL,barber_shop,,,,False,,men-only,2026-10-09
ChIJDflo59R19j4RvHUqihK1aOo,Amna Darbeen Beauty Centre,Khuzam - Ras Al Khaimah - United Arab Emirates,25.767286,55.931768999999996,4.7,74,OPERATIONAL,beauty_salon,very_expensive,400,700,False,,,2026-10-09
ChIJ44Tsrqx29j4Ra0Ys2jTiaTI,Rachna Beauty and Henna Saloon,QWQR+5QM - Dahan - Ras Al Khaimah - United Arab Emirates,25.7879447,55.941928399999995,3.7,61,OPERATIONAL,beauty_salon,,,,False,,,2026-10-09
ChIJTW1MpB139j4Riq0jm1uZytQ,Al Ahlam beauty & henna center,Road - Khuzam - Ras Al Khaimah - United Arab Emirates,25.7646217,55.941584899999995,3.9,65,OPERATIONAL,beauty_salon,,,,False,,,2026-10-09
ChIJ0eIdE_d39j4RyGNSjZj8i9k,Skinove beauty spa سكينوفا صالون,16 10E St - Khuzam - Ras Al Khaimah - United Arab Emirates,25.764883599999997,55.9375548,3.9,69,OPERATIONAL,beauty_salon,,,,False,,,2026-10-09
ChIJ1_Yaz8V19j4RjORr66opjvI,صالون هادي,شارع الشيخ محمد بن سالم - Dahan - Ras Al Khaimah - United Arab Emirates,25.781225,55.9355729,4.8,119,OPERATIONAL,hair_salon,,,,False,,,2026-10-09
ChIJg2woDqB29j4R9KROo6EzNAg,Al Sabah Beauty Center,QW8J+WH5 - Road - Khuzam - Ras Al Khaimah - United Arab Emirates,25.767270099999998,55.9314765,3.7,52,OPERATIONAL,beauty_salon,,,,False,,,2026-10-09
ChIJQ9US2Bh09j4R7Awgp8AxwQA,Silkor Ras Al Khaimah Branch - مركز سيلكور رأس الخيمة,Silkor Villa 14 Main Road - خزام - إمارة رأس الخيمة - United Arab Emirates,25.7670888,55.9295804,4.4,143,OPERATIONAL,medical_clinic,,,,False,,not-a-salon,2026-10-09
ChIJyyBNc7p39j4R6XKw3DIFChg,صالون اسود للرجال,Corniche Al Qawasim St - Dafan Ras Al Khaimah - Ras Al Khaimah - United Arab Emirates,25.7849605,55.9448462,4.7,102,OPERATIONAL,hair_salon,,,,False,,,2026-10-09
ChIJ_____xh09j4RK-q74h5hN1U,صالون لمسة أترو للسيدات | Lamsat Atro Ladies Saloon,Khuzam St - Khuzam - Ras Al Khaimah - United Arab Emirates,25.7666951,55.936025300000004,4.1,36,OPERATIONAL,beauty_salon,,,,False,,,2026-10-09
ChIJ_36f_R909j4R9vtMKujX6EU,Butterfly Beauty Centre,QW8P+MCC - Khuzam - Ras Al Khaimah - United Arab Emirates,25.7666903,55.93602250000001,4.4,70,OPERATIONAL,beauty_salon,,,,False,,,2026-10-09
ChIJkRiQzEt39j4ROD_kh5eaqDE,صالون جولي للتجميل والحمام المغربي JULE SALON,QWQV+3FX - Dafan Ras Al Khaimah - Ras Al Khaimah - United Arab Emirates,25.7877349,55.9437236,4.6,41,OPERATIONAL,beauty_salon,,,,False,,,2026-10-09
ChIJsR__Fqp19j4RXj5K03YMFTY,Joker style men careجوكر ستايل للعنايه الشخصية للرجال,Sheikh Mohamed Bin Salem St - Dahan - Ras Al Khaimah - United Arab Emirates,25.7755281,55.928098500000004,4.8,36,OPERATIONAL,hair_salon,,,,False,,men-only,2026-10-09
ChIJ-cn0BqR19j4Ra4YIlXAEJWc,999 beauty center.Rak,al ittihad road - Sidrow - Ras Al Khaimah - United Arab Emirates,25.7800262,55.9346653,4.3,72,OPERATIONAL,beauty_salon,,,,False,,,2026-10-09
ChIJX9_SLZ929j4RF2lNn7GYw8I,صالون H2o,QW8R+6C9 - Khuzam - Ras Al Khaimah - United Arab Emirates,25.765545,55.9411114,3.9,32,OPERATIONAL,nail_salon,,,,False,,,2026-10-09
ChIJ6-au5ql29j4RyME91--x10o,Al Ghadeer Beauty Saloon,QWJP+9FH - Dafan Ras Al Khaimah - Ras Al Khaimah - United Arab Emirates,25.7809428,55.9362332,3.9,52,OPERATIONAL,beauty_salon,,,,False,,,2026-10-09
ChIJlQ7d-YR39j4RuCGAM8_ZCVc,S11 beauty salon,Khuzam St - near chocolala - Al Qussaidat - Ras Al Khaimah - United Arab Emirates,25.7730788,55.9674601,4.2,370,OPERATIONAL,beauty_salon,moderate,1,300,False,,,2026-10-09
ChIJg7Wq7r539j4RoqgL5sivgTI,Alhaiba Gents Saloon - صالون الهيبة للرجال,Khuzam St - Al Juwais - Ras Al-Khaimah - United Arab Emirates,25.7744029,55.9626744,4.6,137,OPERATIONAL,barber_shop,inexpensive,20,60,False,,men-only,2026-10-09
ChIJobu8YR939j4Rm9qaP1NzWNU,Royal Ruby Saloon,QXHM+HPX - Seih Al Araibi - Ras Al Khaimah - United Arab Emirates,25.778982799999998,55.9843565,3.8,169,OPERATIONAL,hair_salon,,,,False,,,2026-10-09
ChIJfdg_rdp39j4RK5wCXEExLQs,1847 Grooming for Men Manar Mall,Manar Mall - Ground Floor - شارع المنتصر - دفان النخيل - إمارة رأس الخيمة - United Arab Emirates,25.7841745,55.9650143,4.8,206,OPERATIONAL,barber_shop,,,,False,,men-only,2026-10-09
ChIJx6A95Rp39j4Rv3ZZ3rQ0rq4,صالون ميار للعناية الشخصية للرجال - Mayar Salon,40 10Aشارع - Al Juwais - Ras Al Khaimah - United Arab Emirates,25.781796200000002,55.968041799999995,4.8,125,OPERATIONAL,hair_salon,,,,False,,,2026-10-09
ChIJR3BMohp39j4RjHx5bKn1gBw,Deem beauty saloon ladies,BACK SIDE AL SAFEER SUPERMARKET - 16 Al Noud St - Al Araibi - Ras Al Khaimah - United Arab Emirates,25.7878315,55.972739499999996,3.9,28,OPERATIONAL,beauty_salon,,,,False,,,2026-10-09
ChIJLaekmCtx9j4RzgvdzjBP9JE,صالون شنب للعنايه بالرجال Shanap salon men care center,Ras Al-Khaimah - Al Qussaidat - Ras Al Khaimah - United Arab Emirates,25.7717428,55.9665609,4.6,326,OPERATIONAL,beauty_salon,expensive,1,500,False,,men-only,2026-10-09
ChIJsa02ABJ39j4RloTerA2WaPI,House of Style,Sultan Al Kabeer Rd - Al Araibi - Ras Al Khaimah - United Arab Emirates,25.771907499999998,55.981844499999994,4.6,92,OPERATIONAL,beauty_salon,,,,False,,,2026-10-09
ChIJ43mKAul29j4RwMfroDxOpn4,مركز شام للتجميل والحناء,QXC8+GH3 - Al Qussaidat - Ras Al Khaimah - United Arab Emirates,25.771259999999998,55.966416699999996,3.5,98,OPERATIONAL,beauty_salon,,,,False,,,2026-10-09
ChIJz_7UrqZ39j4RnttNaxsMM6Y,salon XO,Al Muntasir Rd - مقابل سنتر بوينت - Al Nakheel - Ras Al Khaimah - United Arab Emirates,25.789439899999998,55.9687375,4.8,122,OPERATIONAL,hair_salon,,,,False,,,2026-10-09
ChIJp7CHiiN19j4RBnLbTR2fsBk,Fleur de Luna ladies beauty,خزام - إمارة رأس الخيمة - United Arab Emirates,25.774375199999998,55.9641199,4.4,16,OPERATIONAL,beauty_salon,,,,False,,,2026-10-09
ChIJF5mBC5N39j4RjTJLNUgD4_A,Rimal gents salon,Al Juwais - Ras Al Khaimah - United Arab Emirates,25.7744362,55.964936599999994,4.3,33,OPERATIONAL,hair_salon,,,,False,,men-only,2026-10-09
ChIJtRdSFsF39j4RYxHiIWycibg,Almaqas alranan salon,Sheikh Kayed Bin Muhammad St - Al Araibi - Ras Al Khaimah - United Arab Emirates,25.786185399999997,55.971497199999995,4.6,44,OPERATIONAL,barber_shop,,,,False,,men-only,2026-10-09
ChIJ770NLph39j4R3PDuJoRS7r8,Yazan royal salon,Al Muntasir Rd - Al Juwais - Ras Al Khaimah - United Arab Emirates,25.781578999999997,55.9674264,5,3,OPERATIONAL,beauty_salon,,,,False,,,2026-10-09
ChIJjR0s4nd39j4Rlk8irdnWO-Q,H&S Ladies Saloon,QXHM+8MP - Sultan Al Kabeer Rd - Seih Al Araibi - Ras Al Khaimah - United Arab Emirates,25.7783385,55.984200699999995,4.7,30,OPERATIONAL,beauty_salon,,,,False,,,2026-10-09
ChIJT1cY1bh39j4Rm-k5idpvlmk,Bio essence salon & spa,Seih Al Araibi - Ras Al Khaimah - United Arab Emirates,25.778514899999998,55.98408980000001,4.2,54,OPERATIONAL,beauty_salon,,,,False,,,2026-10-09
ChIJm986utF29j4Re3j2-FzN4iU,صالون مرور للسيدات,Al Araibi - Ras Al Khaimah - United Arab Emirates,25.789321599999997,55.9710647,4.4,8,OPERATIONAL,hair_salon,,,,False,,,2026-10-09
ChIJ0zRH367Z9T4RrRyGzqVJu_A,Glam Garden Beauty and Henna Saloon,101/140 - Sheikh Saqr Bin Mohammad Al Qasimi Rd - Al Juwais - Ras Al Khaimah - United Arab Emirates,25.783082399999998,55.968145799999995,4.4,21,OPERATIONAL,beauty_salon,,,,False,,,2026-10-09
ChIJ4czgrtrZ9T4RTTApGRiMzEI,N Beauty Salon,QXM8+F8G Manar Mall - Dafan Al Nakheel - Ras Al Khaimah - United Arab Emirates,25.7836914,55.965813499999996,4.1,208,OPERATIONAL,beauty_salon,,,,False,,,2026-10-09
ChIJh3fQCNl29j4RaoHcGNN337o,Tedallal Gents Saloon Branch 1,Al Araibi - Ras Al Khaimah - United Arab Emirates,25.7845423,55.97709390000001,4,65,OPERATIONAL,beauty_salon,,,,False,,men-only,2026-10-09
ChIJdbhNVG539j4ROD_YdP1QkT4,Al Falahi Salon,Q2H6+783 - Al Burairat - Ras Al Khaimah - United Arab Emirates,25.778128799999998,56.0107836,4.2,11,OPERATIONAL,hair_salon,,,,False,,,2026-10-09
ChIJlXn4CW539j4RY9DJ_FPbJag,صالون الدفه للرجال,Seih Al Araibi - Ras Al Khaimah - United Arab Emirates,25.7759862,56.008292,,,OPERATIONAL,barber_shop,,,,False,,men-only,2026-10-09
ChIJy1DuNml39j4RgqXO3I9vasg,Al Shaab Saloon,Q2J5+9X4 - Al Burairat - Ras Al Khaimah - United Arab Emirates,25.7808936,56.0099479,3,1,OPERATIONAL,hair_salon,,,,False,,,2026-10-09
ChIJreioUql39j4RNf7oAwJMsC4,saloon Baher Al Madina,QXPW+JMC - Sheikh Saqr Bin Khalid Rd - Seih Al Araibi - Ras Al Khaimah - United Arab Emirates,25.786561900000002,55.9966454,,,OPERATIONAL,barber_shop,,,,False,,men-only,2026-10-09
ChIJu8miHQBx9j4R18_qW90A_Ng,فتحيانو للحلاقه الرجاليه,Dahan - Ras Al Khaimah - United Arab Emirates,25.7883858,55.9362159,5,6,OPERATIONAL,hair_salon,,,,False,,,2026-10-09
ChIJhSC6XVVx9j4R01PCUF_wKEs,Al Abraj Salon,QWQP+8FM - Dahan - Ras Al Khaimah - United Arab Emirates,25.788330499999997,55.936180199999995,1,1,OPERATIONAL,hair_salon,,,,False,,,2026-10-09
ChIJK98C3wBx9j4RLhaWGIi-PY4,صالون الحبشه,Unnamed Road - RX47+G97 - المعيريض - رأس الخيمة - United Arab Emirates,25.8062766,55.9634066,3.6,51,OPERATIONAL,beauty_salon,,,,False,,,2026-10-09
ChIJkzMv2d1x9j4RN4f6Ug5pFW8,صالون روش لتجميل السيدات ROSH BEAUTY SALON,مقابل اكسبو - Al Maireed - Ras Al Khaimah - United Arab Emirates,25.7981794,55.9685068,4.9,286,OPERATIONAL,beauty_salon,moderate,100,300,False,,,2026-10-09
ChIJG6YnAi9x9j4RwRvhwDvkhWw,Concorde Ladies Saloon,Al Mamourah - Ras Al Khaimah - United Arab Emirates,25.8046139,55.972393499999995,3.9,46,OPERATIONAL,beauty_salon,,,,False,,,2026-10-09
ChIJvc6MiO9x9j4RDufptShpW8U,صالون الانسة للتجميل,شارع الجزعه - Al Nakheel - Ras Al Khaimah - United Arab Emirates,25.7987337,55.9686922,3,16,OPERATIONAL,beauty_salon,,,,False,,,2026-10-09
ChIJQZme4R9x9j4ROIs37UgUTQ8,Al Dalal Henna & Beauty,Al Maireed - Ras Al Khaimah - United Arab Emirates,25.8027497,55.96091500000001,3.4,21,OPERATIONAL,beauty_salon,,,,False,,,2026-10-09
ChIJvZ2pT7dx9j4Rgbkg0JGfiZg,Al Ameera Beauty Parlor,RX2F+79C - Al Nakheel - Ras Al Khaimah - United Arab Emirates,25.7993228,55.9706027,4.5,94,OPERATIONAL,beauty_salon,,,,False,,,2026-10-09
ChIJxZ1QcgB39j4RVMe3Uxgie2I,Smitha's Roses Dew Ladies Beauty Lounge Ras Al Khaima,746 Al Muntasir Rd - Al Nakheel - Ras Al Khaimah - United Arab Emirates,25.796331199999997,55.9723852,4.7,367,OPERATIONAL,beauty_salon,expensive,1,600,False,,,2026-10-09
ChIJ3UClc3Bx9j4RYiev0DEeqgc,𝐇𝐈𝐉𝐀𝐁𝐈 Ladies Beauty Salon | Ras Al Khaimah | ‎صالون للسيدات | رأس الخيمة,opposite EMIRATES ISLAMIC BANK - Al Nakheel - Ras Al Khaimah - United Arab Emirates,25.792724999999997,55.970962899999996,4.8,117,OPERATIONAL,beauty_salon,moderate,100,300,False,,,2026-10-09
ChIJBWWp4n9x9j4RYkgLCe3nL5k,صالون شنب للعنايه بالرجال فرع 1 shanap salon men care branch 1,بنايه اكسبو - Al Maireed - Ras Al Khaimah - United Arab Emirates,25.798703999999997,55.9684166,4.9,130,OPERATIONAL,hair_salon,moderate,50,150,False,,men-only,2026-10-09
ChIJkQti4TF09j4RFJSePACfXkg,N Beauty Salon - Best Beauty salon in Ras Al Khaimah أفضل صالون تجميل في رأس الخيمة,A Naeem Mall - Al Nakheel - Ras Al Khaimah - United Arab Emirates,25.7920081,55.967981699999996,4.1,117,OPERATIONAL,beauty_salon,,,,False,,,2026-10-09
ChIJASlOrAtx9j4RePX-FnPG5NY,مركز عنايه الرجال صالون حلاقة القبطان,Corniche Al Qawasim St - Dafan Ras Al Khaimah - Ras Al Khaimah - United Arab Emirates,25.7912294,55.951175199999994,4.9,32,OPERATIONAL,hair_salon,,,,False,,,2026-10-09
ChIJR5oFRQBx9j4Rl5xHQHeRxWI,صالون دعاء,RX46+GCM - Al Maireed - Ras Al Khaimah - United Arab Emirates,25.806349899999997,55.961047699999995,3.3,7,OPERATIONAL,beauty_salon,,,,False,,,2026-10-09
ChIJzdljpTlx9j4Rt01g4bfdaXw,The House of Beauty,Al Maireed - Ras Al Khaimah - United Arab Emirates,25.806297700000002,55.9616301,3.9,26,OPERATIONAL,beauty_salon,,,,False,,,2026-10-09
ChIJ14BOlU1x9j4RkNJSv8D0PsI,صالون بلاد الشام للحلاقة,QWVX+M8P - شارع الشيخ محمد بن سالم - Old Town - Ras Al Khaimah - United Arab Emirates,25.7942095,55.9483331,4.5,35,OPERATIONAL,beauty_salon,,,,False,,,2026-10-09
ChIJs-MT6Sxx9j4RSkw4gcYJ540,Sherils ladies beauty saloon,Al Muntasir Rd - Al Nakheel - Ras Al Khaimah - United Arab Emirates,25.798150399999997,55.9732497,3.9,86,OPERATIONAL,beauty_salon,,,,False,,,2026-10-09
ChIJ47Tsr-5x9j4RcDik6ZtC4Xk,Moustache Secret Men's Care Saloon,Al Nakheel - Ras Al Khaimah - United Arab Emirates,25.800382000000003,55.9757148,2.8,31,OPERATIONAL,hair_salon,,,,False,,men-only,2026-10-09
ChIJRR19CNN29j4RYNx_8yF30m0,Bombay Hair Dressing Saloon,شارع - Al Nakheel - Ras Al Khaimah - United Arab Emirates,25.793389299999998,55.975072999999995,5,1095,OPERATIONAL,hair_salon,,,,False,,,2026-10-09
ChIJ4UGeudlw9j4R3NOfjJHZWUo,Shahmae Ladies Beauty Saloon,Ras Al-Khaimah - Al Sell - Ras Al Khaimah - United Arab Emirates,25.811738,55.984066999999996,4.3,49,OPERATIONAL,beauty_salon,,,,False,,,2026-10-09
ChIJDd0S7yhx9j4RoPwwtVtav6Y,Toyour Al Janah Kids Saloon,RX4G+FP3 - Al Mamourah - Ras Al Khaimah - United Arab Emirates,25.8061322,55.9767862,4.4,90,OPERATIONAL,hair_salon,,,,False,,,2026-10-09
ChIJk7kmeSx39j4R8cNzBdi4BxI,Al Aqsor Saloon,QXWP+WFR - Al Hudeeba - Ras Al Khaimah - United Arab Emirates,25.797363999999998,55.9861306,3.6,12,OPERATIONAL,hair_salon,,,,False,,,2026-10-09
ChIJ0UTsJtN29j4RhcdBr38azXQ,Enjaz Gents Salon,Nakheel street - near jumbo electronics - النخيل - إمارة رأس الخيمة - United Arab Emirates,25.795836599999998,55.972406799999995,4.6,258,OPERATIONAL,beauty_salon,moderate,1,100,False,,men-only,2026-10-09
ChIJ65ELiJRx9j4Rs4PhcaHgf9c,Jaseena Hair Dressing Saloon,RX4F+437 - Al Mamourah - Ras Al Khaimah - United Arab Emirates,25.80528,55.972679,4.9,12,OPERATIONAL,hair_salon,,,,False,,,2026-10-09
ChIJS3n5bi1x9j4R22a7NrxdIb0,صالون ملوك الإبداع للرجال,Al Nakheel - Ras Al Khaimah - United Arab Emirates,25.7978636,55.970210599999994,4.2,16,OPERATIONAL,barber_shop,,,,False,,men-only,2026-10-09
ChIJw5so3FRx9j4RrrwsCan1hHI,الصالون السوداني ايمن الحلاق,RX4C+8QR - Unnamed Road - Al Mamourah - Ras Al Khaimah - United Arab Emirates,25.8058506,55.9718952,4.5,32,OPERATIONAL,barber_shop,,,,False,,men-only,2026-10-09
ChIJUbqeBIZ39j4ReSbLliG5EPc,Al Ajyal Gents Saloon,QXXP+8FJ - Al Hudeeba - Ras Al Khaimah - United Arab Emirates,25.7983348,55.9861541,5,6,OPERATIONAL,barber_shop,,,,False,,men-only,2026-10-09
ChIJS-9OpSdx9j4R0gWm9x3EA3w,AL AMANI BEAUTY & HENNA SALON,Ras Al-Khaimah - Al Mamourah - Ras Al Khaimah - United Arab Emirates,25.8106601,55.978389,3.8,29,OPERATIONAL,beauty_salon,,,,False,,,2026-10-09
ChIJpTN-YCZ39j4R_cexjh0A3Hs,Thara Lady Salon,QXPM+RR4 - Seih Al Araibi - Ras Al Khaimah - United Arab Emirates,25.7870198,55.984584999999996,4,30,OPERATIONAL,beauty_salon,,,,False,,,2026-10-09
ChIJo7na_HF39j4Rg83DEsaUBjQ,Al Basil Men Hair Dressing & Styling,Sheikh Zayed the First St - Al Araibi - Ras Al Khaimah - United Arab Emirates,25.792268,55.973023100000006,3.7,3,OPERATIONAL,hair_salon,,,,False,,men-only,2026-10-09
ChIJc60OCQ9x9j4RJsaIYsVkj4k,GOOD LOOK SALOON GENTS,behind Jumbo Building - Al Nakheel - Ras Al Khaimah - United Arab Emirates,25.7956737,55.9727683,5,11,OPERATIONAL,hair_salon,,,,False,,men-only,2026-10-09
ChIJvTqu3W939j4R4uGSGVgS2UM,KHAN GENTS HAIR DRESSER | (Free Wifi) Luxurious Men's Salon with Low Affordable Prices | Opposite to Kerala Hyper Market @RAK,Nakheel - near Kerala Hyper market oppt to Gulf Mobile - Al Hudeeba - Ras Al Khaimah - United Arab Emirates,25.7954334,55.9743998,5,4,OPERATIONAL,hair_salon,,,,False,,men-only,2026-10-09
ChIJfSN-PwBx9j4RVPMMcYuPBr8,Al Hadaf Roundabout,189 Sheikh Salem Bin Sultan St - Al Sell - Ras Al Khaimah - United Arab Emirates,25.812853,55.9814304,,,OPERATIONAL,hair_care,,,,False,,,2026-10-09
ChIJ31xUlj9x9j4RiNMCJsZs_Pw,Rovan Woman Massage Saloon صالون روفان للمساج النسائي,16B St - Al Mamourah - Ras Al Khaimah - United Arab Emirates,25.8083133,55.972411699999995,4.8,13,OPERATIONAL,beauty_salon,moderate,100,300,False,,,2026-10-09
ChIJVaLyZQBx9j4RRpSJxijv4fU,Al resalah gents salon,سوبر ماركت الهدف - شارع الجولان شارع - Julfar - Ras Al Khaimah - United Arab Emirates,25.8131002,55.981966899999996,5,2,OPERATIONAL,hair_salon,,,,False,,men-only,2026-10-09
ChIJHymEgtqJWgkRWkzvoGF1kl4,AlMarifa Ladies Beauty Saloon,Al Mamourah Rd - Al Nakheel - Ras Al Khaimah - United Arab Emirates,25.8031594,55.966599599999995,4.7,135,OPERATIONAL,beauty_salon,moderate,1,300,False,,,2026-10-09
ChIJz8gsySVx9j4RcrdKOIHe-YU,Shahna Ladies Saloon,RX5F+VH5 - Al Mamourah - Ras Al Khaimah - United Arab Emirates,25.8096449,55.9739807,4.9,14,OPERATIONAL,beauty_salon,,,,False,,,2026-10-09
ChIJe7clgPx19j4R2bfO4qvUbJ0,Bellezza Beauty Saloon,street - Sheikh Rashid Bin Saeed Al Maktoum Rd - beside Naeem City Center - Al Dhait - Ras Al Khaimah - United Arab Emirates,25.7494011,55.923808300000005,5,44,OPERATIONAL,beauty_salon,moderate,100,300,False,,,2026-10-09
ChIJGZ4yYLp19j4RKZX9V_K5xac,Lavida loka beauty henna saloon,27B St - Sheikh Saqr City - Ras Al Khaimah - United Arab Emirates,25.7491187,55.924335799999994,3.5,4,OPERATIONAL,beauty_salon,,,,False,,,2026-10-09
ChIJMS475VN39j4Rk7cZptXOG6Y,Allura beauty lounge,Sheikh Sheikh Abdulla Bin Mohamed St - Al Juwais - Ras Al Khaimah - United Arab Emirates,25.765626899999997,55.9747475,5,1,OPERATIONAL,beauty_salon,,,,False,,,2026-10-09
ChIJtXZmuml39j4RnJKHfZQ5gaQ,"Luxury Bridal Makeup,Glam Makeup,Hairdo,Henna Artist+Makeup,Hairdo,Henna Classes in UAE,worldwide.(Face to face/Online)",Al - Al Araibi - Ras Al Khaimah - United Arab Emirates,25.7842645,55.9782727,4.9,106,OPERATIONAL,makeup_artist,,,,False,,not-a-salon,2026-10-09
ChIJKQYUPn939j4RSdpv9YIlDIM,Djor Beauty Lounge – Seih Al Araibi ديجور بيوتي لاونج – سيح العريبي,Sultan Al Kabeer Rd - Seih Al Araibi - Ras Al Khaimah - United Arab Emirates,25.7838469,55.986531799999995,4.2,23,OPERATIONAL,beauty_salon,moderate,100,300,False,,,2026-10-09
ChIJQ4H9gJZ39j4RC7_P9C10fKg,U Beauty Salon @Rakmall,Khuzam St - First floor - inside Rak Mall - القرم - إمارة رأس الخيمة - United Arab Emirates,25.7721613,55.9586277,4.9,25,OPERATIONAL,beauty_salon,moderate,100,300,False,,,2026-10-09
ChIJrd6TJM119j4RDjaVe6-tpj4,Riviera Beauty Center - صالون ريفيرا للتجميل,Khuzam Rd - 22E شارع - مدينة الشيخ صقر - إمارة رأس الخيمة - United Arab Emirates,25.7658637,55.925679499999994,4.4,66,OPERATIONAL,beauty_salon,expensive,100,500,False,,,2026-10-09
ChIJDfljeVevUoIRRIxCIuktjo8,Jasmine Beauty Lounge,"Julphar Avenue - Ground Floor, Julphar Towers - طريق الحصن - دفان النخيل - إمارة رأس الخيمة - United Arab Emirates",25.7915209,55.958787699999995,4.5,74,OPERATIONAL,beauty_salon,moderate,1,200,False,,,2026-10-09
ChIJdQ5lNCt39j4RXu2b4iVESr4,AL RAJ HENNA & BEAUTY,"Opp Manar Mall, Behind Life Pharmacy Al Qaisar Building M Floor - 03 - Khaimah - الجويس - إمارة رأس الخيمة - United Arab Emirates",25.7831014,55.9679295,4.7,15,OPERATIONAL,beauty_salon,,,,False,,,2026-10-09
ChIJZ8kvqGt39j4RHNSqQhJgnec,Rafy Beauty Salon,Hilton Garden Inn - Bin Daher St - Al Nakheel - Ras Al Khaimah - United Arab Emirates,25.7942311,55.9677292,4.8,36,OPERATIONAL,beauty_salon,,,,False,,,2026-10-09
ChIJfyDEzObvVWERtwgCTK7Zz_c,Al Nazish ladies saloon,16 15A St - Dafan Ras Al Khaimah - Ras Al Khaimah - United Arab Emirates,25.775541399999998,55.9364705,4.9,32,OPERATIONAL,beauty_salon,moderate,1,200,False,,,2026-10-09
ChIJt7PRRaDZ9T4ROd7L5UcHcIc,Lulu salon,Expo street - Al Nakheel - Ras Al Khaimah - United Arab Emirates,25.7982765,55.968298499999996,5,4,OPERATIONAL,beauty_salon,,,,False,,,2026-10-09
ChIJh4YBJHp39j4RIWlnX50cqOI,Pink rose beauty salon,Near Lamp Roundabout - Khuzam Rd - Al Qussaidat - Ras Al Khaimah - United Arab Emirates,25.7648926,55.967762699999994,5,4,OPERATIONAL,beauty_salon,,,,False,,,2026-10-09
ChIJuZTaitd19j4R0OA6dvwbfhM,Adolat Beauty Lounge,Khuzam - Ras Al Khaimah - United Arab Emirates,25.7650961,55.9268262,4.8,62,OPERATIONAL,beauty_salon,very_expensive,100,600,False,,,2026-10-09
ChIJ-WGSwwB39j4R9s-C7O9nehI,Meraki Ladies salon,Al Muntasir Rd - Al Araibi - Ras Al Khaimah - United Arab Emirates,25.7904853,55.9701611,3.8,35,OPERATIONAL,beauty_salon,,,,False,,,2026-10-09
ChIJJQX5QYJDXz4RKLmA_ANvKpE,THREE SISTERS HAIR SALON,1 21C St - Al Qussaidat - Ras Al Khaimah - United Arab Emirates,25.768337199999998,55.9678611,5,23,OPERATIONAL,hair_salon,,,,False,,,2026-10-09
ChIJe7WnoUd39j4RsbYD1rVkYgU,alamirat ladies beauty,Al Azal St - Al Qussaidat - Ras Al Khaimah - United Arab Emirates,25.771063599999998,55.961997399999994,3.4,5,OPERATIONAL,beauty_salon,,,,False,,,2026-10-09
ChIJi9RbHshx9j4R7blD_5-RCpo,Rinze Henna & Ladies Beauty Saloon,Al Nakheel - Ras Al Khaimah - United Arab Emirates,25.800266999999998,55.975651299999996,2.9,8,OPERATIONAL,beauty_salon,,,,False,,,2026-10-09
ChIJfaKKX8P39T4ROGKNBsqA3tw,Lubna henna,Al Bateel St - Al Nakheel - Ras Al Khaimah - United Arab Emirates,25.792292,55.9692462,4.1,16,OPERATIONAL,beauty_salon,,,,False,,,2026-10-09
ChIJzz1GtVt19j4R8aD570gnDv4,Mini Ladies Salon,behind Safeer Market - Al Nakheel - Ras Al Khaimah - United Arab Emirates,25.787816700000004,55.9728249,3.6,5,OPERATIONAL,beauty_salon,,,,False,,,2026-10-09
ChIJvwnMPgBx9j4RGVNow1FUv48,Malika ladies salon,8 41A St - Al Maireed - Ras Al Khaimah - United Arab Emirates,25.7916135,55.968307599999996,4.5,22,OPERATIONAL,beauty_salon,,,,False,,,2026-10-09
ChIJdVbkuzh39j4R-PVHQUBcLZg,Al Reeem Ladies Beauty,Dahan - Ras Al Khaimah - United Arab Emirates,25.7885174,55.9419854,5,8,OPERATIONAL,beauty_salon,,,,False,,,2026-10-09
ChIJ6fKQegJ19j4RwHQ91x7T0fc,Nadia Beauty Salon,23 Al Nahdah St - Dafan Ras Al Khaimah - Ras Al Khaimah - United Arab Emirates,25.7788874,55.935786099999994,4.3,12,OPERATIONAL,beauty_salon,,,,False,,,2026-10-09
ChIJQRT3IABRXj4RhK_Znr1OILM,SK beauty studio,Al Bahyah - Al Bahyah New - Abu Dhabi - United Arab Emirates,24.54363,54.623605999999995,5,26,OPERATIONAL,nail_salon,,,,False,,,2026-10-09
ChIJU3X7ls9RXj4Rke24DysvvHE,Al Ayan Gents Saloon,57 Al Sawatir St - Al Bahyah - Al Bahyah New - Abu Dhabi - United Arab Emirates,24.5728483,54.6453662,4.5,4,OPERATIONAL,hair_salon,,,,False,,men-only,2026-10-09
ChIJLZ7I6nxRXj4ReqZp1dsEOPo,AlGassat Salon Branch,street - Al Bahyah - Al Bahyah New - Abu Dhabi - United Arab Emirates,24.5583213,54.6423371,5,3,OPERATIONAL,barber_shop,,,,False,,men-only,2026-10-09
ChIJfQ53JABRXj4RgDRN15RvRbg,DHABT GENTS SALON,HJ4R+FF6 - Al Bahyah - Al Bahyah New - Abu Dhabi - United Arab Emirates,24.5561717,54.6411547,3.3,9,OPERATIONAL,barber_shop,,,,False,,men-only,2026-10-09
ChIJp231VgBRXj4RvZb4Nbd9oig,Star of Al Bahiya gents,HJ5V+C22 - Al Bahyah - Al Bahyah New - Abu Dhabi - United Arab Emirates,24.5585249,54.642521699999996,5,2,OPERATIONAL,beauty_salon,,,,False,,men-only,2026-10-09
ChIJo5v5bgBRXj4ROKbJqN9K2UM,Saloon for men,HJ7V+GQ3 - 147 ʹUjaij St - Al Bahyah - Al Bahyah New - Abu Dhabi - United Arab Emirates,24.5638383,54.64450780000001,,,OPERATIONAL,barber_shop,,,,False,,men-only,2026-10-09
ChIJi2-5U-JQXj4RmwTYBRtggI0,صالون الاوروبي للتجميل,Abu Dhabi - Al Sader - Al Sader A - Abu Dhabi - United Arab Emirates,24.588673,54.6507875,3.6,93,OPERATIONAL,beauty_salon,,,,False,,,2026-10-09
ChIJHfc_FDxQXj4RuBgBPhy5gyQ,Lulu albahiya beauty center,unnamed road - الصدر - الصدر A - أبو ظبي - United Arab Emirates,24.5889019,54.650861,3.8,101,CLOSED_TEMPORARILY,beauty_salon,,,,False,,not-operational,2026-10-09
ChIJq5ONTeJQXj4RPygnsSHohfo,صالون اللؤلؤة للسيدات,HMQ2+H88 - Al Sader - Al Sader A - Abu Dhabi - United Arab Emirates,24.588923599999998,54.6508139,4.3,3,OPERATIONAL,beauty_salon,,,,False,,,2026-10-09
ChIJu4bD1_tRXj4ROPAfbx-56ZQ,Aroosal fareej ladies salon (be)Bahiya,HMQ2+FC6 Souq - ʹUjaij St - Al Sader - Al Sader A - Abu Dhabi - United Arab Emirates,24.5886505,54.6510229,3.3,4,OPERATIONAL,beauty_salon,,,,False,,,2026-10-09
ChIJc_5igYhRXj4RffnMtilTDoM,Be Queen Beauty & Care Center,HMGV+HMP - Al Rahbah - Old Rahba - Abu Dhabi - United Arab Emirates,24.576472799999998,54.6942015,3.6,59,OPERATIONAL,beauty_salon,,,,False,,,2026-10-09
ChIJHRHEdABTXj4RHV8GDF6GJnc,aroosal fareej ladies saloon rahaba,JM5X+M8C - Al Rahbah - Old Rahba - Abu Dhabi - United Arab Emirates,24.6091759,54.698267799999996,,,OPERATIONAL,beauty_salon,,,,False,,,2026-10-09
ChIJI4ZEPwBRXj4RyPm1v5wem9w,الرحبه,146 Al Maʹali St - Al Rahba - Old Rahba - Abu Dhabi - United Arab Emirates,24.6001367,54.6967272,,,OPERATIONAL,barber_shop,,,,False,,men-only,2026-10-09
ChIJD0W-SABRXj4RrzbXBZFrWOc,الرحبهh خدمات منزليه,JM4W+8QP - Al Rahbah - Old Rahba - Abu Dhabi - United Arab Emirates,24.6058457,54.696948199999994,,,OPERATIONAL,beauty_salon,,,,False,,,2026-10-09
ChIJEZ20muRTXj4RUyA9gbLP178,Nglowzone beauty center salon,Al Rahba - Al rahba - Abu Dhabi - United Arab Emirates,24.6091759,54.698267799999996,,,OPERATIONAL,beautician,,,,False,,,2026-10-09
ChIJBQXo1vNTXj4RfIVs7TUa2XQ,Al Ajban Gents Saloon,Abu Dhabi - Al Samhah - Rahbah L - Abu Dhabi - United Arab Emirates,24.6262437,54.7140247,3.4,28,OPERATIONAL,barber_shop,,,,False,,men-only,2026-10-09
ChIJhUGNSspTXj4RiOO6P3BKeXY,Green Paris Salon & Spa,no Market - 2.5 - near of al azban briz - Al Rahba - Rahbah L - Abu Dhabi - United Arab Emirates,24.6263923,54.7138436,3.5,4,OPERATIONAL,hair_salon,,,,False,,,2026-10-09
ChIJI9np3xpTXj4Rh6CHYzuIc0I,AL Aqaba Gents Salon,JPG7+886 - Al Samhah - Rahbah L - Abu Dhabi - United Arab Emirates,24.625785999999998,54.7132753,4,4,OPERATIONAL,barber_shop,,,,False,,men-only,2026-10-09
ChIJs_wHQANTXj4RCRquXjajuJ4,Al Ajaweed Gents Salon & Spa,L market - Wadi Hili St - Al Rahba - Rahbah L - Abu Dhabi - United Arab Emirates,24.6264926,54.7136952,,,OPERATIONAL,beauty_salon,,,,False,,men-only,2026-10-09
ChIJNZTIVQA_Xj4R_cemmvLQiKY,White Cut Saloon - وايت كت صالون,7F3H+QQ - Abu Dhabi Industrial City - ICAD V - Abu Dhabi - United Arab Emirates,24.2568128,54.475559,5,6,OPERATIONAL,barber_shop,,,,False,,men-only,2026-10-09
ChIJ7UcHfQA3Xj4R62hNLli-kxI,Hamdan,9M2P+V5 - Al Shamkhah - SH28 - Abu Dhabi - United Arab Emirates,24.351948999999998,54.685313,,,OPERATIONAL,beauty_salon,,,,False,,,2026-10-09
ChIJDwJ1_qo1Xj4Ryf1W99mZ24k,Chic & Belle Ladies Salon & Tailor,14 Al Karam St - Al Shamkhah - SH20 - Abu Dhabi - United Arab Emirates,24.3693541,54.701181999999996,4.5,52,OPERATIONAL,beauty_salon,moderate,1,300,False,,,2026-10-09
ChIJN_IABwA1Xj4R44U4ZKasTRk,صالون سيدات ذا مييز,293 Bilddikhan Street - Al Shamkhah - SH20 - Abu Dhabi - United Arab Emirates,24.370341999999997,54.7023215,4.3,3,OPERATIONAL,beauty_salon,,,,False,,,2026-10-09
ChIJi71ebABdXj4RxZxHjJ8O_p0,Massage Repucblic Sing Abudhabi Relax,322 4th St - Al Saadiyat Island - SDN2 - Abu Dhabi - United Arab Emirates,24.5447584,54.4434792,,,OPERATIONAL,beauty_salon,,,,False,,,2026-10-09
ChIJAScy5uNdXj4R1MmlyF0ZGRA,1847 Grooming for Men Saadiyat Beach Club,Saadiyat Beach Club - جزيرة السعديات - السعديات شمال 3 - أبو ظبي - United Arab Emirates,24.558039299999997,54.4497484,4.8,569,OPERATIONAL,barber_shop,,,,False,,men-only,2026-10-09
ChIJX78DV_BFXj4RN5nviRuPI5Q,Toni and Guy,Jumeirah Saadiyat Island Hotel - جزيرة السعديات - السعديات شمال 3 - أبو ظبي - United Arab Emirates,24.5605802,54.452076899999994,4.1,47,OPERATIONAL,hair_salon,,,,False,,,2026-10-09
ChIJ332nEJ9dXj4RYkL1dRzw7x8,academy ladies hairdressing salon,Al Saadiyat Island - SDN3 - Abu Dhabi - United Arab Emirates,24.560236,54.452202,,,OPERATIONAL,hair_salon,,,,False,,,2026-10-09
ChIJnWNRuh9pXj4R93AxarN6zlI,Estetica Salon,Sunrise residence 4 - Al Saadiyat Island - SDN7 - Abu Dhabi - United Arab Emirates,24.563505499999998,54.460262699999994,4.5,59,OPERATIONAL,hair_salon,,,,False,,,2026-10-09
ChIJ74u6ERZdXj4R_UOyeBtrBRw,nails the modern manicure studio - Qaryat Al Hidd Saadiyat,جزيرة السعديات - Hidd Al Saadiyat - أبو ظبي - United Arab Emirates,24.563568,54.460049,4.9,405,OPERATIONAL,nail_salon,,,,False,,,2026-10-09
ChIJEQDnOQBdXj4RANnNr0KE6H0,Trim and Latte Hairdressing and Styling,HF76+72C Sunrise Residences 4 - Al Saadiyat Island - Hidd Al Saadiyat - Abu Dhabi - United Arab Emirates,24.5635111,54.460431899999996,5,215,OPERATIONAL,beauty_salon,moderate,100,300,False,,,2026-10-09
ChIJQ-vjMIdfXj4Rv__UgWAIaN4,Bembi Beauty & Spa,HF85+J6G - جزيرة السعديات - Hidd Al Saadiyat - أبو ظبي - United Arab Emirates,24.565273800000003,54.458061900000004,5,30,OPERATIONAL,beauty_salon,very_expensive,300,500,False,,,2026-10-09
ChIJ7fwQtL9dXz4RKCl2rhxjae4,Trimmers Gents Salon - Al Nahda (Al Buhaira Towers),892J+4C Al Buhaira Building - Hay Al Nahda - Al Qusais Industrial Area - Sharjah - United Arab Emirates,25.300673399999997,55.3803847,3.7,279,OPERATIONAL,barber_shop,,,,False,,men-only,2026-10-09
ChIJR0xwLfJdXz4Rhz-hnaHA3hM,Simply Beauty Salon & Spa - Al Nahda (Al Buhaira Bldg.),"Bldg. (New Quick Supermarket, Al Buhaira Towers - Al Nahda St - near Sahara Center - Hay Al Nahda - Al Qusais Industrial Area - Sharjah - United Arab Emirates",25.3007225,55.380520999999995,4.8,313,OPERATIONAL,beauty_salon,,,,False,,,2026-10-09
ChIJdz0P-rZbXz4R5zKInR1hMp0,صالون ليتشي للرجال Litchi gents salon,Al Qimah Residential Tower 1 - ١ Al Taawun St - مقابل اكسبو الشارقة، طابق الميزانين، برج القمة ١، مكتب - Al Khan - Sharjah - United Arab Emirates,25.3102472,55.3729363,4.4,65,OPERATIONAL,hair_salon,,,,False,,men-only,2026-10-09
ChIJuXi5rexbXz4Rrge5NnADxho,Anisaty Ladies Salon,Building - 30 St - Al Majaz 3 - Al Majaz - Sharjah - United Arab Emirates,25.3226937,55.3812177,4.4,647,OPERATIONAL,beauty_salon,moderate,100,400,False,,,2026-10-09
ChIJZ6RAxWdbXz4Rce9GlE7dkpQ,Nado Salon,near al khan - Al Khan - Sharjah - United Arab Emirates,25.314706299999997,55.380200099999996,4.5,683,OPERATIONAL,beauty_salon,very_expensive,100,600,False,,,2026-10-09
ChIJvRWeHqpbXz4RiMrOejcWbCE,صالون و مركز الاحلام السعيدة للتجميل,"Shop 3, Saleh Mubarak Building - Al Khan St - Al Majaz 2 - المجازالمجاز ٢ - Sharjah - United Arab Emirates",25.3187508,55.380300299999995,4.3,7,OPERATIONAL,beauty_salon,,,,False,,,2026-10-09
ChIJn30VYoxbXz4R_gsaNv_-ekA,Durrat Aljamal Beauty Center,Al Khan - Sharjah - United Arab Emirates,25.3123822,55.378523099999995,4.4,340,OPERATIONAL,beauty_salon,expensive,1,600,False,,,2026-10-09
ChIJPTY1fY1bXz4RruCL5HJixwk,Corners Ladies Saloon,898H+XGG - Al Khan - Sharjah - United Arab Emirates,25.3174432,55.3788367,4,4,OPERATIONAL,hair_salon,,,,False,,,2026-10-09
ChIJs89_YOtbXz4RT9GlncZkBYY,Jazz Gents Salon & Spa 💈🏪💈 جاز صالون و سبا للرجال,Al jazeera 1 - Abdulsalam Arif Street - Al Majaz 2 - Al Majaz - Sharjah - United Arab Emirates,25.3180804,55.381078099999996,4.8,974,OPERATIONAL,hair_salon,,,,False,,men-only,2026-10-09
ChIJ08PJWvtdXz4RldfPk4H69kw,Smitha's Roses Dew Beauty Lounge Al Nahda,Hay Al Nahda - Al Qusais Industrial Area - Sharjah - United Arab Emirates,25.3026235,55.384294499999996,4.5,682,OPERATIONAL,beauty_salon,expensive,1,500,False,,,2026-10-09
ChIJyxheYgtcXz4RUgQieXaDAS8,Groomers Gents Salon (Main Branch),Next to Baqer Mohebi Supermarket - Hay Al Nahda - Sharjah - United Arab Emirates,25.303102799999998,55.3826473,4.9,1554,OPERATIONAL,beauty_salon,moderate,1,200,False,,men-only,2026-10-09
ChIJdT8teVxbXz4RJ2fuKA5UsqM,Pearls Beauty Ladies Salon,Buhaira Towers - Shop No:4 - 4 St - Al Majaz 2 - Al Majaz - Sharjah - United Arab Emirates,25.320659,55.3822806,4.6,113,OPERATIONAL,beauty_salon,,,,False,,,2026-10-09
ChIJycEuVYpbXz4RfOHtje7DNCc,PINK NAILS SALON,Al tawoun - Al Khan - Sharjah - United Arab Emirates,25.3109684,55.3751015,4.2,152,OPERATIONAL,beauty_salon,,,,False,,,2026-10-09
ChIJ47iEwIxbXz4Rl8Wlyq2E9nQ,Raghad Beauty Center,Al Taawun St - Al Khan - Sharjah - United Arab Emirates,25.3138428,55.3795589,4.6,501,OPERATIONAL,beauty_salon,,,,False,,,2026-10-09
ChIJk74f1blbXz4RwJjKkNklL5E,Lebanon Bride Beauty Center,Al Taawun St - Al Khan - Sharjah - United Arab Emirates,25.312759099999997,55.3765279,4.4,75,OPERATIONAL,beauty_salon,,,,False,,,2026-10-09
ChIJnyC2IkRbXz4Rp1rFmPTmj0o,صالون مروى للسيدات,Style Tower - SHOP 9 Al Taawun St - Al Khan - Sharjah - United Arab Emirates,25.3185009,55.3758633,4.5,241,OPERATIONAL,beauty_salon,moderate,100,300,False,,,2026-10-09
ChIJrwRvedFbXz4Rc5FLvTEtUuo,Dima Bassam Ladies Salon,"Al Majaz 3, Al - Tower, Qasba Plaza - ضاحيةالمجاز - المجاز - إمارة الشارقةّ - United Arab Emirates",25.323958299999997,55.378415399999994,4.5,166,OPERATIONAL,beauty_salon,moderate,1,200,False,,,2026-10-09
ChIJn0H48zpfXz4RjSyn5XhZVSk,Bahar Al Tamayoz Saloon,8C39+9PG - Industrial Area 10 - Industrial Area - Sharjah - United Arab Emirates,25.303445399999998,55.4193175,3.8,5,OPERATIONAL,hair_salon,,,,False,,,2026-10-09
ChIJJ1SRzkxZXz4RNl8UYadaCgo,Salmeen Hairdressing Salon,Sharjah - Industrial Areas - Industrial Area - Sharjah - United Arab Emirates,25.3179674,55.4176298,4.3,32,OPERATIONAL,hair_salon,,,,False,,,2026-10-09
ChIJX_unnZtfXz4RdR6kFg5F_o0,Mohammed Aman Hairdressing Salon,8C2F+238 - Industrial Area 10 - Industrial Area - Sharjah - United Arab Emirates,25.3000479,55.4227061,5,1,OPERATIONAL,hair_salon,,,,False,,,2026-10-09
ChIJx7yEa-NfXz4RCNOpS-2GGXo,Samnan Hairdressing Saloon,23 Third Industrial St - Industrial Area 6 - Industrial Area - Sharjah - United Arab Emirates,25.3161316,55.422796399999996,3.8,11,OPERATIONAL,barber_shop,,,,False,,men-only,2026-10-09
ChIJcwORLQBfXz4RQb2f4bkp5Fo,Muhammad Umar Gents Saloon,Industrial Area 3 - Industrial Area - Sharjah - United Arab Emirates,25.3069465,55.4171775,5,3,OPERATIONAL,barber_shop,,,,False,,men-only,2026-10-09
ChIJ4Sn_XwBfXz4Ro8a1JY5ShrA,Zahid Jani Salon (BR 1),Industrial Area 3 - Industrial Area - Sharjah - United Arab Emirates,25.3064952,55.416491799999996,4.9,19,OPERATIONAL,barber_shop,,,,False,,men-only,2026-10-09
ChIJi5GCrsBfXz4RaU0hKAtli1s,صالون عبدالرحمن إدريس للحلاقة,6 Third Industrial St - Industrial Area 6 - Industrial Area - Sharjah - United Arab Emirates,25.3159243,55.4209671,5,1,OPERATIONAL,barber_shop,,,,False,,men-only,2026-10-09
ChIJKU4QlStfXz4RvJdogQAAvSs,AL SALAMA TYER & TYER REPERING SHOP,8C37+37W - Industrial Area 3 - Industrial Area - Sharjah - United Arab Emirates,25.3030568,55.413629199999995,5,3,OPERATIONAL,barber_shop,,,,False,,men-only,2026-10-09
ChIJSdbN6HpfXz4Ro-1U_AxhPFM,AL SAHRA AL THAHABIAH GENTS SALOON,Sharjah Industrail Area - 6 - Oppsite Rukn Al Falah Hypermarket - near Royal Mart Supermarket - الصناعيات - المنطقة الصناعية - الشارقة - United Arab Emirates,25.3167823,55.417486499999995,5,2,OPERATIONAL,barber_shop,,,,False,,men-only,2026-10-09
ChIJu7JZ0yVfXz4RbFSPi2GjBbU,Rukn AlMizan Hairdressing Saloon,Industrial Area 3 - Industrial Area - Sharjah - United Arab Emirates,25.307962399999997,55.4100359,4,4,OPERATIONAL,hair_salon,,,,False,,,2026-10-09
ChIJMYgx9WBfXz4Rq3q8ZM465AM,Madar Al Qamar Saloon,Industrial Area 6 - Industrial Area - Sharjah - United Arab Emirates,25.3175268,55.418276600000006,4,4,OPERATIONAL,barber_shop,,,,False,,men-only,2026-10-09
ChIJH_lNeABfXz4RJYyNWJZ_muk,تربار مجتبی جوهری,8C8F+Q7V - Industrial Area 6 - Industrial Area - Sharjah - United Arab Emirates,25.3170596,55.4229026,5,1,OPERATIONAL,barber_shop,,,,False,,men-only,2026-10-09
ChIJI9ndD6hdXz4RvODFgGjQRnE,Bangladeshi Salon,2 - الصناعيات - المنطقة الصناعية - دبي - United Arab Emirates,25.3130232,55.401534500000004,5,3,OPERATIONAL,barber_shop,,,,False,,men-only,2026-10-09
ChIJI3ew5ExZXz4RoLVH8STHE5g,Al Malmas Hairdressing Saloon,8C98+WR4 - Industrial Areas - Industrial Area - Sharjah - United Arab Emirates,25.319764199999998,55.41708,3.5,2,OPERATIONAL,hair_salon,,,,False,,,2026-10-09
ChIJc7kKXA5fXz4RVAl5bZOFYiI,Zahrat Al Madaien Salon,23 Third Industrial St - Industrial Area 6 - Industrial Area - Sharjah - United Arab Emirates,25.3156355,55.4210395,5,1,OPERATIONAL,barber_shop,,,,False,,men-only,2026-10-09
ChIJgXPDNkxZXz4RSPM9_OWYZEk,HAZAA Hairdressing Salon,8CC7+4XG - Industrial Area 6 - Industrial Area - Sharjah - United Arab Emirates,25.3204055,55.41487610000001,4.2,9,OPERATIONAL,barber_shop,,,,False,,men-only,2026-10-09
ChIJQRdRm_lfXz4RfPMa8yL3ygs,Al Muhtarif hairdressing Saloonصالون المحترف للحلاقه,8C64+7GX - Industrial Area 2 - Industrial Area - Sharjah - United Arab Emirates,25.3107993,55.4064177,5,2,OPERATIONAL,barber_shop,,,,False,,men-only,2026-10-09
ChIJRbcrOb5bXz4ROQ5MUVqO5s8,Mariot Beauty Salon & Centre,Al Majed Towers Al Majaz 3 065560400 - 065560700 - ضاحيةالمجاز - المجاز - إمارة الشارقةّ - United Arab Emirates,25.3283843,55.376817499999994,4.4,750,OPERATIONAL,beauty_salon,,,,False,,,2026-10-09
ChIJ7bnsLcRbXz4RYcjrc01kHII,"Nazih Gents Salon, Buhaira Corniche Branch",Corniche St - Al Majaz District - Al Majaz - Sharjah - United Arab Emirates,25.3375012,55.38682300000001,4.6,199,OPERATIONAL,barber_shop,,,,False,,men-only,2026-10-09
ChIJAaQ1IMRbXz4RK_3rfAj3Ac0,Lamasat Beirutiah - Al Khan مركز لمسات بيروتية - الخان,Al Khan - Sharjah - United Arab Emirates,25.3281968,55.369332899999996,4.9,514,OPERATIONAL,beauty_salon,moderate,100,200,False,,,2026-10-09
ChIJi5pos8VbXz4RES8hmlV1PZM,Al Hanouf Salon for Ladies,89QQ+767 - Al Majaz District - Al Majaz - Sharjah - United Arab Emirates,25.338171499999998,55.3880389,3.8,109,OPERATIONAL,beauty_salon,,,,False,,,2026-10-09
ChIJ9XHpCpVbXz4RkKx9b0BfIPM,Maysa Beauty Center,شارع الصافية - Al Majaz District - Al Majaz - Sharjah - United Arab Emirates,25.335919,55.3740435,4.8,42,OPERATIONAL,beauty_salon,,,,False,,,2026-10-09
ChIJz41LB5ZbXz4RyKTgvu44dd4,Saray Beauty Centre,Red Castle Hotel Near Starbucks - Al Meena St - Al Layah - Sharjah - United Arab Emirates,25.347095099999997,55.368601,4.6,587,OPERATIONAL,beauty_salon,moderate,100,400,False,,,2026-10-09
ChIJR7cOhsRbXz4RaeMjaS6xFCI,Aimy Ladies Saloon,89PQ+HM3 - Al Majaz District - Al Majaz - Sharjah - United Arab Emirates,25.3363874,55.3891692,4.7,69,OPERATIONAL,beauty_salon,,,,False,,,2026-10-09
ChIJ7wM9QWpbXz4RkVp9PvUt3KQ,Al Jamal Al Sheyaka Beauty Salon,Buhira - شارع الكورنيش - المجاز 3 - المجاز - الشارقة - United Arab Emirates,25.328724899999997,55.3759185,4.7,165,OPERATIONAL,beauty_salon,moderate,100,300,False,,,2026-10-09
ChIJRxw80MVbXz4R1eX93m9X-lc,Limar Medical Centre,"Al MajazAl, Al Shamsi Building - Corniche St - Al Majaz 1 - Al Majaz - Sharjah - United Arab Emirates",25.338540599999998,55.386531299999994,4.8,359,OPERATIONAL,medical_clinic,,,,False,,not-a-salon,2026-10-09
ChIJ6ypyYcRbXz4R6G77jOb52UQ,Alhaiba Gents Salon.at home,Corniche St - Al Majaz District - Al Majaz - Sharjah - United Arab Emirates,25.33663,55.389020099999996,4.6,102,OPERATIONAL,beauty_salon,,,,False,,men-only,2026-10-09
ChIJzZuQ1a1bXz4RPIzhlJS5DaI,صالون عقد الياسمين للسيدات,86a S108 - Al MajazAl - المجاز 3 - الشارقة - United Arab Emirates,25.327895899999998,55.375282,4.6,104,OPERATIONAL,beauty_salon,,,,False,,,2026-10-09
ChIJ-fa1VZRbXz4RhPDZYZhwtBU,Turquoise Beauty Center,89GH+4M6 برج سراب - خلف محلات باتشى للشكولا بشارع - Corniche St - Al Majaz 3 - Al Majaz - Sharjah - United Arab Emirates,25.325591499999998,55.3791483,4.5,193,OPERATIONAL,beauty_salon,,,,False,,,2026-10-09
ChIJQz3enzZbXz4RWn_MBRC_HiE,Lamasat Raqiah Gents Salon صالون لمسات راقية للرجال,Al Safia St - Al Majaz 3 - Al Majaz - Sharjah - United Arab Emirates,25.3362388,55.374304699999996,5,43,OPERATIONAL,hair_salon,,,,False,,men-only,2026-10-09
ChIJLfkMwjFbXz4R8WhtmxeEus0,Al Ibhar beauty salon,535 Al Khalidia St - Al Majaz District - Al Majaz - Sharjah - United Arab Emirates,25.335261499999998,55.372872099999995,4.6,61,OPERATIONAL,beauty_salon,,,,False,,,2026-10-09
ChIJaZVR4APfLYoRDs8nQwNkq7A,"Cutting Edge Ladies Salon I Mega Mall, Sharjah | Ladies Beauty Salon In Sharjah | Cutting Edge Ladies Hairdresser",Istiqlal Street - بو دانيج - near Immigration Office - بودانق - حي القاسمية - إمارة الشارقةّ - United Arab Emirates,25.3451181,55.398596899999994,4.1,199,OPERATIONAL,hair_salon,moderate,50,250,False,,,2026-10-09
ChIJJ2k3u89bXz4RWR969Xe4Pl4,BRONX GENTS SALOON,89VQ+5VX - Al Nad - Hay Al Qasimiah - Sharjah - United Arab Emirates,25.3429997,55.3897431,3.9,20,OPERATIONAL,hair_salon,,,,False,,men-only,2026-10-09
ChIJXXgtvxxbXz4Rlqv7kZXur5o,Roses Dew Ladies salon - Al Qasimia,89RV+QMC Al Bustan Hotel Back Side - Al Nad - Hay Al Qasimiah - Sharjah - United Arab Emirates,25.3419375,55.3941875,4.7,506,OPERATIONAL,beauty_salon,expensive,1,500,False,,,2026-10-09
ChIJYTEDHthbXz4RnoCtk0BM6cw,Al Gheroub Ladies Salon- Al Qasimiah,Sharjah - Bu Danig - Hay Al Qasimiah - Sharjah - United Arab Emirates,25.3442363,55.401860299999996,4.9,1104,OPERATIONAL,beauty_salon,moderate,1,400,False,,,2026-10-09
ChIJiarrbNJbXz4ROcMKETPWAx4,Qemat Al Fakhamah Ladies Saloon,89XR+FXP - Al Mahatta - Hay Al Qasimiah - Sharjah - United Arab Emirates,25.348718899999998,55.3924388,3.6,12,OPERATIONAL,beauty_salon,,,,False,,,2026-10-09
ChIJiyMMy9BbXz4ReIW8bqdQNoc,Aladdin Qasr Kids Saloon,Near Salama Islamic Arab Insurance - Al Estiqlal St - Bu Danig - Hay Al Qasimiah - Sharjah - United Arab Emirates,25.344356899999998,55.397148699999995,3.8,133,OPERATIONAL,hair_salon,,,,False,,,2026-10-09
ChIJV9M0kd5bXz4Rn6916v7u5T0,Telal Liwa Hairdressing Salon for Men,Aws Bin Thabet Street - Bu Shaghara - Hay Al Qasimiah - Sharjah - United Arab Emirates,25.336509000000003,55.3984987,4.5,302,OPERATIONAL,barber_shop,,,,False,,men-only,2026-10-09
ChIJP_C8v9pbXz4RnnmAdu9SxYo,VALENCIA LADIES SALON LLC,Corner Bilal Bin Rabah St - Al Nad - Hay Al Qasimiah - Sharjah - United Arab Emirates,25.340733699999998,55.3930213,4.8,168,OPERATIONAL,beauty_salon,moderate,1,200,False,,,2026-10-09
ChIJ0UiETNhbXz4RDViHG_j-l-M,Al Bahir Ladies Salon,"Al Ghazal Building King Abdul Aziz Street, Bu Daniq - behind Mega Mall - بوشغارة - حي القاسمية - الشارقة - United Arab Emirates",25.3423645,55.4003399,4.6,212,OPERATIONAL,beauty_salon,,,,False,,,2026-10-09
ChIJYT6ACepbXz4RbA8joNTo0qs,Simply Beauty Salon & Spa - King Faisal,"Bahwan Tower, King Faisal Rd, Jumbo (Sony) 1 - بوشغارة - حي القاسمية - الشارقة - United Arab Emirates",25.3336975,55.392458299999994,4.7,490,OPERATIONAL,beauty_salon,moderate,100,300,False,,,2026-10-09
ChIJ8c8GkDRbXz4R8J0sEh84QHI,صالون التاج الرمادي gray crown salon,89MQ+7XF - Al Majaz 1 - Al Majaz - Sharjah - United Arab Emirates,25.333187499999998,55.389921900000004,4.8,107,OPERATIONAL,hair_salon,,,,False,,,2026-10-09
ChIJRZm6tGdZXz4RMtNnX-1S6SE,Al Kawakib Hairdressing Salon,Al Ghubaiba - Industrial Area - Sharjah - United Arab Emirates,25.3391944,55.4123388,4.6,67,OPERATIONAL,beauty_salon,,,,False,,,2026-10-09
ChIJE_g_RNtbXz4RmLZkUFQJWdE,Trimmers Gents Salon - Abu Shagara,Bu Shaghara - Hay Al Qasimiah - Sharjah - United Arab Emirates,25.337667,55.393115699999996,3.8,151,OPERATIONAL,barber_shop,,,,False,,men-only,2026-10-09
ChIJIyAbliNbXz4ReAGBa_WDMPI,TFS Beauty Center,King Abdul Aziz St - Al Nad - Hay Al Qasimiah - Sharjah - United Arab Emirates,25.345318,55.391487299999994,4.8,335,OPERATIONAL,beauty_salon,moderate,1,300,False,,,2026-10-09
ChIJqwY2WgZZXz4RXO74XpixDso,Trimmers Gents Salon - Qasimia,القاسمية - Ground Floor Luluwa Building - Al Nad - Hay Al Qasimiah - Sharjah - United Arab Emirates,25.341581299999998,55.3917055,3.7,115,OPERATIONAL,barber_shop,,,,False,,men-only,2026-10-09
ChIJn2BI9j1ZXz4Rj41HaqibPz0,صالون نجوم الإبداع للسيدات,Sheikh Rashid Bin Saqr Al Qasimi St - Al Ghubaiba - Halwan - Sharjah - United Arab Emirates,25.3424039,55.4181757,5,62,OPERATIONAL,beauty_salon,,,,False,,,2026-10-09
ChIJm1Jy7EJbXz4ReZ-r8qu-8CE,الغزال الفضي صالون Al ghazal fidhi salon,7 St - Al Qulai'aah - Sharjah - United Arab Emirates,25.374659299999998,55.397711199999996,4.5,249,OPERATIONAL,beauty_salon,moderate,1,200,False,,,2026-10-09
ChIJpaLl1klaXz4RJ7NpssMgXGI,Al Mansour Ladies Saloon,al muntazah street - Al Mareija - Hay Al Gharb - Sharjah - United Arab Emirates,25.3563252,55.3805078,4.1,233,OPERATIONAL,beauty_salon,expensive,1,500,False,,,2026-10-09
ChIJP44SUjdaXz4R3hGkTSCFd3g,Moon Henna & Beauty Salon,Al Shuwaiheen - Hay Al Gharb - Sharjah - United Arab Emirates,25.3592855,55.387141199999995,4.5,935,OPERATIONAL,beauty_salon,moderate,1,400,False,,,2026-10-09
ChIJDUGzwT9bXz4RmNUWNM5W5sQ,Miss World Beauty Salon | Al Nabba | Sharjah,Street 30 - behind Dubai Islamic Bank - Al Naba'a - Al Sharq - Sharjah - United Arab Emirates,25.3622274,55.396712699999995,4.8,483,OPERATIONAL,beauty_salon,moderate,1,200,False,,,2026-10-09
ChIJ48Dh9ZlbXz4R2IDVA9xe6i0,Danya Ladies Saloon,Sharjah - Al Shuwaiheen - Hay Al Gharb - Sharjah - United Arab Emirates,25.3591958,55.3872498,3.6,163,OPERATIONAL,beauty_salon,moderate,1,200,False,,,2026-10-09
ChIJYzCocDRaXz4RBKZ-V2N0F1s,Smitha’s Roses Dew Ladies Saloon Rolla Sharjah,Al Arouba St - Um Altarafa - Hay Al Gharb - Sharjah - United Arab Emirates,25.3536155,55.3859667,4.2,725,OPERATIONAL,beauty_salon,expensive,1,600,False,,,2026-10-09
ChIJrWEmmMdbXz4R0FBHg-AJos4,Muhammad Omran Hairdressing Salon,27 St - Al Majarra - Sharjah - United Arab Emirates,25.3666108,55.3928601,4.2,66,OPERATIONAL,barber_shop,,,,False,,men-only,2026-10-09
ChIJ-SbnyvRbXz4RfQjq13pbrGw,Al Inekas Ladies Salon - Branch 1,Gala Super Market - Shop No. 2 & 3 - Al Mahatta - Hay Al Gharb - Sharjah - United Arab Emirates,25.3528594,55.3866118,4.8,559,OPERATIONAL,beauty_salon,moderate,1,300,False,,,2026-10-09
ChIJMwmv3TBaXz4Ro_5dgsBLnMg,Al Marasim Ladies Salon shj,"Al Shuwein building , Rolla Bank Street, Behind Al Wafa Center - Al Shuwaiheen - Hay Al Gharb - Sharjah - United Arab Emirates",25.359255700000002,55.387292099999996,3.7,73,OPERATIONAL,beauty_salon,,,,False,,,2026-10-09
ChIJn6Dkq_RbXz4RNdYbbtOpCtg,Dimples Beauty salon,Shop No 10 - Glory Tower - near Radisson BLU - حي الشرق - إمارة الشارقةّ - United Arab Emirates,25.3691046,55.3958854,4.9,442,OPERATIONAL,beauty_salon,very_expensive,300,500,False,,,2026-10-09
ChIJV_POqilbXz4RYRMNVUjbg0k,Aisha Beauty Salon,996P+2V9 - Al Shuwaiheen - Hay Al Gharb - Sharjah - United Arab Emirates,25.3600182,55.387223399999996,4.1,25,OPERATIONAL,beauty_salon,,,,False,,,2026-10-09
ChIJk4IBfABbXz4RIqM58AAppEY,Al Enaiah Al Naema Ladies Saloon (Beauty Salon),"Al Israa Building - Shop # 1&2, G Floor - Al Arouba St - near Lucky Super Market - Al Shuwaiheen - Hay Al Gharb - Sharjah - United Arab Emirates",25.360011,55.387842799999994,4.4,116,OPERATIONAL,beauty_salon,moderate,1,300,False,,,2026-10-09
ChIJVY46pyVaXz4RzVkT4CG1nZI,Lotus Ladies Saloon,Sharjah - Al Naba'a - Sharjah - United Arab Emirates,25.3648486,55.3948682,4.6,265,OPERATIONAL,beauty_salon,,,,False,,,2026-10-09
ChIJQw_O1f5bXz4R8QDEW1W2DMQ,صالون البيت الانيق للرجال Al Bait Al Aneeq Gents salon,997V+2H7 - Al Naba'a - Sharjah - United Arab Emirates,25.3625454,55.3939242,2.5,4,OPERATIONAL,beauty_salon,,,,False,,men-only,2026-10-09
ChIJV-X779NbXz4RXLgsfd2Qdtk,Al Harir Ladies Saloon,89XW+HPQ - 39 Sheikh Saqr Bin Khalid Al Qasimi St - Al Mahatta - Hay Al Qasimiah - Sharjah - United Arab Emirates,25.349019,55.396794199999995,4.4,58,OPERATIONAL,beauty_salon,,,,False,,,2026-10-09
ChIJS2tOxdNbXz4RdU_0twitk8U,Sahil Al Bahr Ladies Salon,19 St - Al Mahatta - Hay Al Qasimiah - Sharjah - United Arab Emirates,25.348285,55.3953862,4.1,128,OPERATIONAL,beauty_salon,moderate,1,200,False,,,2026-10-09
ChIJC-LiLblbXz4RwUJ71FrEeuk,Saja saloon,"back said, Rolla mall, emirates post office - Al Ghuwair - Hay Al Gharb - Sharjah - United Arab Emirates",25.3598338,55.391684399999995,4.5,16,OPERATIONAL,hair_salon,,,,False,,,2026-10-09
ChIJV6VTbM9bXz4RWiNkOtSA3e4,Qanat al suwiss hairdressing saloon,89XV+77V - Al Mahatta - Hay Al Qasimiah - Sharjah - United Arab Emirates,25.348239399999997,55.3931672,4.5,14,OPERATIONAL,hair_salon,,,,False,,,2026-10-09
ChIJv2v-ZM1bXz4RoJXkKBGxPLY,Sarina Ladies Salon,Al Mahatta - Hay Al Qasimiah - Sharjah - United Arab Emirates,25.3502419,55.3912298,4.3,19,OPERATIONAL,beauty_salon,,,,False,,,2026-10-09
ChIJJV4cI5lZXz4R0JupBLe8pLU,المجمع الطبي البريطاني British Medical Complex - Sharjah,Villa 103 - Sheikh Mohammed Bin Saqr Al Qasimi St - Al Jazzat - Al Riqa Suburb - Sharjah - United Arab Emirates,25.365940499999997,55.4213574,4.5,739,OPERATIONAL,medical_clinic,,,,False,,not-a-salon,2026-10-09
ChIJxwcPV5VZXz4R2bv268leaCc,Shatha Beauty Centre,شارع الشيخ محمد بن صقر القاسمي ضاحية الرقة الجزّات فيلا 208 - الجزات - ضاحية الرقة - الشارقة - United Arab Emirates,25.363868099999998,55.4206959,4.9,885,OPERATIONAL,beauty_salon,,,,False,,,2026-10-09
ChIJ986svptZXz4Rh8-DejpYy2U,مركز سونا للتجميل sona Beauty Centre,9C89+944 - Al Mansoora - Sharjah - United Arab Emirates,25.3658862,55.4178271,3.8,106,OPERATIONAL,beauty_salon,,,,False,,,2026-10-09
ChIJaYl9CpVZXz4Rerjtulc7fLw,Leen Beauty Center,Unnamed Road - اليرموك - حلوان - الشارقة - United Arab Emirates,25.3540413,55.4083362,4.7,128,OPERATIONAL,beauty_salon,,,,False,,,2026-10-09
ChIJoW2158pZXz4R681YZDFGm_0,Salon Najmat Alfurat Beauty/صالون نجمة الفرات للتجميل,9C6F+5GG - 252 Sheikh Mohammed Bin Saqr Al Qasimi St - Al Jazzat - Al Riqa Suburb - Sharjah - United Arab Emirates,25.3604375,55.4238125,4.5,180,OPERATIONAL,beauty_salon,expensive,100,500,False,,,2026-10-09
ChIJuasNK4lZXz4RIrgLLmvKOPA,Shammasi Ladies Salon,Sharjah - Al Nasiriyah - Sharjah - United Arab Emirates,25.369631700000003,55.4083185,4.6,271,OPERATIONAL,beauty_salon,,,,False,,,2026-10-09
ChIJ-f6tkZpZXz4RyxQJE89NlAI,Litchi ladies salon al hazanah branch,Al Hazzana - Al Riqa Suburb - Sharjah - United Arab Emirates,25.3681768,55.415794399999996,3.9,157,OPERATIONAL,beauty_salon,moderate,100,400,False,,,2026-10-09
ChIJqyowzS1ZXz4RYeSkHpS17Wc,Azalea Beauty Center,villa C1 Sheikh Muhammad Bin Sultan Al Qasimi St - Al Ghafiya - Al Riqa Suburb - Sharjah - United Arab Emirates,25.366199899999998,55.433809700000005,4.7,54,OPERATIONAL,beauty_salon,,,,False,,,2026-10-09
ChIJ75D0obxZXz4RN3Un_ES4TYo,Ruby Al Yagoot Gents Saloon,9CFJ+G3W - Al Ghafiya - Al Riqa Suburb - Sharjah - United Arab Emirates,25.373855499999998,55.430214,4.1,132,OPERATIONAL,barber_shop,,,,False,,men-only,2026-10-09
ChIJR2ozSM5bXz4RulJTF9Db8wo,صالون وليلي للسيدات / الجزات Walili Ladies Salon,Sheikh Majed Bin Saqr Al Qasimi St - Al Jazzat - Al Riqa Suburb - Sharjah - United Arab Emirates,25.362819,55.432653099999996,4.4,74,OPERATIONAL,beauty_salon,,,,False,,,2026-10-09
ChIJzeiDwopZXz4RsBN-yI7LOjs,Vine Beauty Center,9CC6+6QP - Sheikh Mohammed Bin Saqr Al Qasimi St - opp. Kuwait Hospital - Hay Al Sharq - Sharjah - United Arab Emirates,25.370541100000004,55.411942499999995,4.7,154,OPERATIONAL,beauty_salon,moderate,100,200,False,,,2026-10-09
ChIJFcUSgcBZXz4RN5ZvDWcYex0,Al Jenah Hair fixing center,S124 - Al Yarmook - Hay Al Qasimiah - Sharjah - United Arab Emirates,25.3537465,55.4081574,4.4,52,OPERATIONAL,hair_care,,,,False,,,2026-10-09
ChIJw72UwopZXz4RMQ7WbiegsPY,Larimar Ladies Saloon,Al Shaab Village - 1st Floor - S130 Al Hazanah - Al Hazzana - Al Riqa Suburb - Sharjah - United Arab Emirates,25.372017,55.4261572,4.6,407,OPERATIONAL,beauty_salon,moderate,1,400,False,,,2026-10-09
ChIJP2KJdA5ZXz4RX6JaSIhLcvQ,Uptown Barbershop - SHJ,"Shop #19, The Grand Avenue - الناصرية - الشارقة - United Arab Emirates",25.364725999999997,55.406199199999996,4.3,34,OPERATIONAL,barber_shop,,,,False,,men-only,2026-10-09
ChIJa05eCtdbXz4RDd1zazjwkJ0,Thannela Beauty salon,"The Grand avenue, The grand avenue - shop number 4 - building C shop number 4 - Al Nasiriyah - Sharjah - United Arab Emirates",25.364456999999998,55.4078345,4.6,26,OPERATIONAL,beauty_salon,,,,False,,,2026-10-09
ChIJZdM2KYhZXz4RXkWhN4nwSH4,AL SAYEDA AL JAMEELA LADIES SALOON,"Nasserya Plaza bl , befor Zulekha Hospital, 4951 - Al Nasiriyah - Sharjah - United Arab Emirates",25.3678131,55.403232499999994,4.4,90,OPERATIONAL,beauty_salon,,,,False,,,2026-10-09
ChIJOTjnnYlZXz4RXtTkz9y19OU,Zahrat Al Narjas Beauty Saloon,9CC4+57M - Al Nasiriyah - Sharjah - United Arab Emirates,25.3704501,55.4056765,4.8,66,OPERATIONAL,beauty_salon,,,,False,,,2026-10-09
ChIJT7HlRwtZXz4R48RUdHYu8Gg,Naseema Banu Ladies Salon,Street 7 - Al Jazzat - Al Qulaya 1 - Sharjah - United Arab Emirates,25.3702661,55.4285924,4.2,12,OPERATIONAL,beauty_salon,,,,False,,,2026-10-09
ChIJ37qvhKpZXz4Rq2v_8cBjicM,مركز العناية الملكية للتجميل,35790440357408 - 25 - 55.40460933713251 - Maysaloon - Sharjah - United Arab Emirates,25.357992499999998,55.4047475,4.8,76,OPERATIONAL,beauty_salon,,,,False,,,2026-10-09
ChIJPe3wOXEWO6wRWtfbUrbbtiU,Shangrilla Lady Beauty Salon,Al jaffliya - Al Ghafiya - Al Riqa Suburb - Dubai - United Arab Emirates,25.3668636,55.434027300000004,5,16,OPERATIONAL,beauty_salon,,,,False,,,2026-10-09
ChIJTxqY0ShZXz4Rt2N2fcRxMbE,BATOOL SHAIKHA BEAUTY CENTER مركز بتول شيخة للتجميل,Villa Num 2232 - Al Wafa St - Al Azra - Al Riqa Suburb - Sharjah - United Arab Emirates,25.3741015,55.4447921,5,6,OPERATIONAL,beauty_salon,,,,False,,,2026-10-09
ChIJ6QF8vV5ZXz4RZu_pIFWZ5ts,Houmsl,1555 - الغافية - ضاحية الرقة - الشارقة - United Arab Emirates,25.3762145,55.4425579,,,OPERATIONAL,hair_salon,,,,False,,,2026-10-09
ChIJxX4-UQBbXz4Rp3Ky8M4DsI4,صالون قصة فراشة للتجميل | Qessat Frashah Beauty Salon,Ajman st Road - 3 2 Street - Al Muwaihat 3 - Ajman - United Arab Emirates,25.366281299999997,55.4836652,4.6,10,OPERATIONAL,beauty_salon,,,,False,,,2026-10-09
ChIJNYmooNVZXz4Rhy3UyumrJfQ,Al Helaqa Al Raqia Gents Saloon,Gharnatah St - Al Muwaihat 3 - Ajman - United Arab Emirates,25.3692152,55.4861059,5,2,OPERATIONAL,hair_salon,,,,False,,men-only,2026-10-09
ChIJvR09lg739T4RJQ96HvWISvk,Hair Cutting Amro Saloon صالون عمرو الحلاقة,Al Muwaihat 3 - Ajman - United Arab Emirates,25.369861999999998,55.4984195,4.6,25,OPERATIONAL,barber_shop,,,,False,,men-only,2026-10-09
ChIJ-8vV4r_39T4RSyDcBH0b2DU,THE H GLOW BEAUTY CENTER AJMAN,المويهات ٣ - شارع - Al Tallah 2 - Ajman - United Arab Emirates,25.3697731,55.498506199999994,4.8,56,OPERATIONAL,beauty_salon,,,,False,,,2026-10-09
ChIJ_7J1y39bXz4RKGtK3CqxZjs,صالون الاناقه المثالية,Al Qulai'aah - Sharjah - United Arab Emirates,25.375579199999997,55.3977851,4.5,482,OPERATIONAL,beauty_salon,moderate,1,200,False,,,2026-10-09
ChIJEXoPxHlbXz4R1B_h_-YgHSs,Awtar Beauty Center – Sharjah Corniche,Al Raha Walk by Damas - Shop No. 1 - 420 Al Muntazah St - Al Fisht - Alheera Suburb - Sharjah - United Arab Emirates,25.3856349,55.408249399999995,4.7,371,OPERATIONAL,beauty_salon,very_expensive,100,600,False,,,2026-10-09
ChIJU_FE7oxZXz4RAFCCz9C5dmM,"Litchi Ladies Salon Sharqan Branch, صالون ليتشي لسيدات فرع شرقان",Al Mirgab St - Sharqan - Alheera Suburb - Sharjah - United Arab Emirates,25.376142599999998,55.410162799999995,3.7,241,OPERATIONAL,beauty_salon,,,,False,,,2026-10-09
ChIJ90NFrO9ZXz4Ro0ad3uwU7CM,Al Amakin Ladies Salon,950 S103 - Al Rifaah - Alheera Suburb - Sharjah - United Arab Emirates,25.3873887,55.4163758,4.1,179,OPERATIONAL,beauty_salon,,,,False,,,2026-10-09
ChIJcx7T2uhZXz4RGfBUwq64G7c,Damas Beauty Center - Al Mirqab,Al Sharq St - Al Mirgab - Alheera Suburb - Sharjah - United Arab Emirates,25.388673700000002,55.420353,3.9,295,OPERATIONAL,beauty_salon,moderate,100,300,False,,,2026-10-09
ChIJR7vuOwBbXz4R1tzdKQr_6oY,صالون قصر الفخامة الرجال,99GX+63F - Al Qulai'aah - Sharjah - United Arab Emirates,25.3755671,55.397670399999996,4.6,98,OPERATIONAL,barber_shop,,,,False,,men-only,2026-10-09
ChIJQZrjjTRbXz4Rm3L3nXV8IIo,Al jamal al satee beauty center,Al Hakam Bin Al-Nahas - Bu Tena - Sharjah - United Arab Emirates,25.3741816,55.400586499999996,4.6,20,OPERATIONAL,beauty_salon,,,,False,,,2026-10-09
ChIJSbg1VAaf9T4RGmfbFN7wT8E,مياه صالون الحلاقة,محمد بن صقر بن سلطان القاسمي Butina - s 128 S128 - Bu Tena - Sharjah - United Arab Emirates,25.375479,55.403907,4.7,28,OPERATIONAL,hair_salon,,,,False,,,2026-10-09
ChIJ7TZzRBlaXz4RcgV9TeolJZE,Orchid Beauty Boutique,Al corniche street - Al Seef - Sharjah - United Arab Emirates,25.3770784,55.395451699999995,4.2,123,OPERATIONAL,beauty_salon,moderate,100,400,False,,,2026-10-09
ChIJAfrlr5RZXz4RMAo3ivugxKA,Golden Gulf Hairdressing Saloon,99FX+7R4 - Hay Al Sharq - Sharjah - United Arab Emirates,25.3731749,55.3996001,4.9,497,OPERATIONAL,hair_salon,,,,False,,,2026-10-09
ChIJa5ovS-5bXz4RTwihM_mvNts,Al Roman Ladies Saloon 💕,Sultan Bin Saqr - Sheikh Mohammed Bin Saqr Al Qasimi St - Al Qulai'aah - Qulaya'ah - Sharjah - United Arab Emirates,25.3727052,55.3962608,3.9,35,OPERATIONAL,beautician,,,,False,,,2026-10-09
ChIJFcKxeSBaXz4R8WST9RkRqfM,Margarita Ladies Salon,Bu Tena - Sharjah - United Arab Emirates,25.3736177,55.4026848,4.5,65,OPERATIONAL,beauty_salon,moderate,1,200,False,,,2026-10-09
ChIJv6xVZQBZXz4RIrGysNq_T4s,"Alkuhal Al Aswad Ladies Saloon -Home Service Salon Offering Luxury Makeup, Hair and Beauty Services",Al butina - near nesto - Bu Tena - Sharjah - United Arab Emirates,25.3742503,55.4032525,4.2,51,OPERATIONAL,beauty_salon,,,,False,,,2026-10-09
ChIJyQxxvi5bXz4RAjUySCPJHgc,AL WANEES LADIES SALON,Street 35 Near city plaza supermarket Next to Rukn al buteena cafeteria Masheal building Butina - بوطينة - الشارقة - United Arab Emirates,25.372121999999997,55.4020386,4.5,120,OPERATIONAL,beauty_salon,,,,False,,,2026-10-09
ChIJYXYK551bXz4RGQQcFmdySCQ,ALFENAA GENTS SALON,Al Qulayaa Building - 23 Street - Al Qulai'aah - Sharjah - United Arab Emirates,25.375664,55.4005022,4.5,95,OPERATIONAL,beauty_salon,,,,False,,men-only,2026-10-09
ChIJf_PphZtbXz4RjBpx0sC7A9g,صالون كابي ايشوع للرجال,near Salem Bin Ali Alowais Square - Al Qulai'aah - الشرقQulaya'ah - Sharjah - United Arab Emirates,25.376541099999997,55.401472399999996,4.3,60,OPERATIONAL,hair_salon,,,,False,,,2026-10-09
ChIJobgZYsBbXz4RD8F7C3bhS5Q,حلاق حديقة الرولة للرجال,99CW+QXX - Hay Al Sharq - Sharjah - United Arab Emirates,25.3719264,55.3975286,4.8,5,OPERATIONAL,barber_shop,,,,False,,men-only,2026-10-09
ChIJnyOydrFbXz4R4JYajH31_E8,Seven Day Ladies Salon,99FX+XX - Al Qulai'aah - Sharjah - United Arab Emirates,25.375143899999998,55.400076299999995,4.7,13,OPERATIONAL,beauty_salon,moderate,1,300,False,,,2026-10-09
ChIJJwEiz8VZXz4R-TD9OQFw3n8,Hava Gents Salon,ring road - Nuaimiya St - 3 Al Nuaimia - Ajman - United Arab Emirates,25.3898761,55.4339823,4.5,705,OPERATIONAL,barber_shop,moderate,20,140,False,,men-only,2026-10-09
ChIJdexM-WZZXz4RfObPQL0FcN0,Hava Gents Salon Sheikh Khalifa Street,Sheikh Khalifa Bin Zayed St - مقابل باسكن روبنز - 3 Al Nuaimia - Ajman - United Arab Emirates,25.3922135,55.4342562,4.9,428,OPERATIONAL,barber_shop,moderate,40,140,False,,men-only,2026-10-09
ChIJ9d5Zv2FZXz4RekweShNhSmg,صالون الأميرة للتجميل,ابراج سيتي تاور - ٣ Sheikh Khalifa Bin Zayed St - 3 Al Nuaimia - Ajman - United Arab Emirates,25.391385,55.4407157,3.7,215,OPERATIONAL,beauty_salon,,,,False,,,2026-10-09
ChIJLVd7CQBZXz4Rj9ZsIGlpVPM,صالون سهام مرجانة,38 شارع بلال بن رباح - Al Rashidiya 2 - Ajman - United Arab Emirates,25.3954546,55.4467767,3.7,77,OPERATIONAL,beauty_salon,,,,False,,,2026-10-09
ChIJSSutuPtZXz4R-q3irtOKbPA,Al Amirat Beauty Center مركز الأميرات للتجميل,King Faisal St - opposite to Al Suwaidi Mosque - 2 Al Nuaimia - Ajman - United Arab Emirates,25.3895722,55.4513088,4.1,42,OPERATIONAL,beauty_salon,,,,False,,,2026-10-09
ChIJvbf3rn5ZXz4RZFbJpsObRYI,Hala Ladies Beauty Center - مركز هالة النسائي للتجميل,sheikh khalifa bin zayed - بناية اندلس 2 - 2 Andalus - Al Rashidiya 3 - Ajman - United Arab Emirates,25.3928117,55.4358673,4.3,32,CLOSED_TEMPORARILY,beauty_salon,,,,False,,not-operational,2026-10-09
ChIJ8VfD6ZBZXz4RNVGSTqpfcOs,صالون لوزة - Salon Loza,شارع الكويت - 2 Al Nuaimia - Ajman - United Arab Emirates,25.386774,55.451198,4.6,103,OPERATIONAL,beauty_salon,,,,False,,,2026-10-09
ChIJYeE_PiJZXz4RCcoYmz6qM2Y,Alamira salon,Unnamed Road - 9CRR+FMH - النعيمية 3 - عجمان - United Arab Emirates,25.391193599999998,55.4417237,4.4,264,OPERATIONAL,beauty_salon,very_expensive,100,600,False,,,2026-10-09
ChIJVRkFqyZZXz4RGBjdLB_RFYE,Big Boss Salon Branch 1,Al Rabiya Plaza 5 - Shop 15 - Al Rashidiya 2 - Ajman - United Arab Emirates,25.3912192,55.450637099999994,4.8,134,OPERATIONAL,barber_shop,inexpensive,20,80,False,,men-only,2026-10-09
ChIJX8NLochZXz4RXUX6OY43kvg,Dammas Ladies Saloon,شارع معاذ - 3 Al Nuaimia - Ajman - United Arab Emirates,25.3887312,55.436316999999995,4.1,147,OPERATIONAL,beauty_salon,expensive,1,500,False,,,2026-10-09
ChIJtb-vyZ5ZXz4RzPsraGvzSWA,AMWAJ ALBHAR SALOON,Sheikh Khalifa Bin Zayed St - near Al-Usra apartment - 2 Al Nuaimia - Ajman - United Arab Emirates,25.389288,55.4497126,4.8,132,OPERATIONAL,hair_salon,,,,False,,,2026-10-09
ChIJW_NaZkBZXz4R1VfoLdoEFYY,Blue İSTANBUL,9CRP+PPF Ajman bank - Sheikh Khalifa Bin Zayed St - 3 Al Nuaimia - Ajman - United Arab Emirates,25.3918884,55.4368791,4.1,24,OPERATIONAL,barber_shop,,,,False,,men-only,2026-10-09
ChIJ7TxI2rlZXz4RM1Hpx4Ft7PU,JustNails Beauty Saloon,Sky tower - Shop No. 1 Sheikh Khalifa St - 2 Al Nuaimia - Sharjah - United Arab Emirates,25.3898913,55.4513895,3.9,168,OPERATIONAL,beauty_salon,moderate,1,400,False,,,2026-10-09
ChIJvVQNgkdZXz4RiBLilDU3GFQ,Majorelle Beauty Centre مركز ماجوريل للتجميل,Ajman - Al Rashidiya 3 - Ajman - United Arab Emirates,25.3928792,55.4356741,4.1,150,OPERATIONAL,beauty_salon,,,,False,,,2026-10-09
ChIJfXDq6tJZXz4RroiQCyrUtYU,Taksim Hairdressing Salon,Ajman - 3 Al Nuaimia - Ajman - United Arab Emirates,25.392427599999998,55.432875499999994,4.3,50,OPERATIONAL,hair_salon,,,,False,,,2026-10-09
ChIJR0AlBQD39T4Rhkdrrc8ZkOw,صالون قيثاره للتجميل ذ م م qethara beaty centre,Ajman - Al Rashidiya 1 - Ajman - United Arab Emirates,25.3925377,55.467955599999996,4.3,31,OPERATIONAL,beauty_salon,,,,False,,,2026-10-09
ChIJL5UnvElYXz4RfTOyREySQFY,KANDAKA BEAUTY CENTER,15 شارع الاتحاد - 2 Al Nuaimia - Ajman - United Arab Emirates,25.388979,55.454477700000005,4.5,915,OPERATIONAL,beauty_salon,moderate,100,400,False,,,2026-10-09
ChIJEStQPTdYXz4RCxyE-4Vssvo,Yoko Beauty Salon,rashidiya `Ajman - 110 شارع الاتحاد - Ajman - United Arab Emirates,25.3929235,55.4544314,3.9,608,OPERATIONAL,beauty_salon,expensive,1,600,False,,,2026-10-09
ChIJ1xgX5lpZXz4Ru0C_B5RsoLM,رندا عماد للتجميل,شارع الكويت - Al Nuaimia 1 - Ajman - United Arab Emirates,25.3847447,55.461111599999995,3.5,142,OPERATIONAL,beautician,,,,False,,,2026-10-09
ChIJ67LsO0FYXz4RBvj2_FZqISQ,Turkey Gents Saloon,Ajman - Al Nuaimia 1 - Ajman - United Arab Emirates,25.3887328,55.4646787,4.5,163,OPERATIONAL,barber_shop,,,,False,,men-only,2026-10-09
ChIJ7XCRQQpZXz4Rs8WBvUGdS0c,Masrawy salon,9FV7+59P - Unnamed Road - Al Rashidiya 1 - Ajman - United Arab Emirates,25.3929723,55.463461499999994,4.3,56,OPERATIONAL,hair_salon,,,,False,,,2026-10-09
ChIJKy56GZ5ZXz4RFWV5nEbeJrw,Mahrah Salon,Horizon Towers - 403 - D - Al Rashidiya 1 - Ajman - United Arab Emirates,25.394123699999998,55.454295599999995,4.3,18,OPERATIONAL,beauty_salon,,,,False,,,2026-10-09
ChIJnzecHPZZXz4RpOlbna9cNEE,Hafsa beauty saloon,Al Rashidiya 1 - Ajman - United Arab Emirates,25.3949291,55.4576086,4.7,775,OPERATIONAL,beauty_salon,expensive,1,600,False,,,2026-10-09
ChIJT-SLNgBZXz4R69tuLE6Vwjw,صالون اللؤلؤة الملكية / Alluluah Almalakih Salon,Ajman Pearl Tower A3 - شارع النسيم - Al Rashidiya 1 - Ajman - United Arab Emirates,25.392846199999997,55.4679691,4.4,82,OPERATIONAL,beauty_salon,,,,False,,,2026-10-09
ChIJiVzmMwBZXz4R_b78-VDu4QA,ميكاب ارتيست,Ajman Pearl Tower A5 - شارع النسيم - Al Rashidiya 1 - Ajman - United Arab Emirates,25.393113399999997,55.4684975,4.5,10,OPERATIONAL,beauty_salon,,,,False,,,2026-10-09
ChIJzwEk5KtZXz4RJni9xzjlfDQ,Hadz Saloon - صالون هادز,St - Al Mohari - Al Nuaimia 1 - Ajman - United Arab Emirates,25.3871622,55.466452200000006,4.8,58,OPERATIONAL,beauty_salon,,,,False,,,2026-10-09
ChIJs-_OiLBZXz4RX-HvbwLDPcA,Shatha Ladies Salon (ഷതാ ലേഡീസ് സലൂൺ),"Near Naumiyah Tower, Beside Al Wasl Bakery - Waha street - النعيمية 1 - عجمان - United Arab Emirates",25.388624699999998,55.458871099999996,4.6,687,OPERATIONAL,beauty_salon,moderate,1,400,False,,,2026-10-09
ChIJcWEsIQBZXz4RNJAxpndkJZM,صالون وقت الجمال,9FQ4+FG4 - Al Nuaimia 1 - Ajman - United Arab Emirates,25.3886026,55.456379999999996,5,2,OPERATIONAL,beauty_salon,,,,False,,,2026-10-09
ChIJiRfmYABZXz4Rh_ar-xSmE2Q,Wave Beauty Lounge,Free Zone - Al Rashidiya 1 - Ajman - United Arab Emirates,25.3959311,55.456727,4.7,195,OPERATIONAL,beauty_salon,moderate,100,200,False,,,2026-10-09
ChIJE4chTClZXz4R7vURiYtbRHI,AL ALMAAS SALOONصالون الالماس,"Ajman Pearl Towers A5, Shop 14 - Al Rashidiya 1 - عجمان - United Arab Emirates",25.393469099999997,55.4685735,4.4,48,OPERATIONAL,beauty_salon,,,,False,,,2026-10-09
ChIJQQmx7Y1ZXz4RAv79CtVvwsw,Shagaf salon شغف صالون,شارع النسيم - Al Rashidiya 1 - Ajman - United Arab Emirates,25.3932099,55.4680801,3.6,58,OPERATIONAL,beauty_salon,,,,False,,,2026-10-09
ChIJcwLLYwD39T4RoKWnNtXG0lg,Abaya round about,9GV3+7R8 - Al Rawda 3 - Ajman - United Arab Emirates,25.393515999999998,55.50548680000001,4.1,22,OPERATIONAL,beauty_salon,,,,False,,,2026-10-09
ChIJqf_R9cP39T4RsR0sWdnNUnc,Gardinia Beauty Saloon صالون جاردينيا للتجميل,Ajman - Al Rawda 2 - Ajman - United Arab Emirates,25.3983703,55.5070201,4.1,204,OPERATIONAL,beauty_salon,moderate,1,300,False,,,2026-10-09
ChIJT1y__EJZXz4RVzIdpFE9o-E,SKINEO SPA AND SALON (Women Only),Amr Ibn El Aas St - Al Jerf 2 - Ajman - United Arab Emirates,25.3952176,55.4835159,4.4,202,OPERATIONAL,beauty_salon,moderate,1,300,False,,,2026-10-09
ChIJFzyI1Sv39T4RO0leKO8-hKE,Ahla Kashkha Saloon Henna and Beauty - صالون احلى كشخه للحناء والتجميل,Al Rawda 3 - Ajman - United Arab Emirates,25.397090799999997,55.5028862,3.7,47,OPERATIONAL,beauty_salon,,,,False,,,2026-10-09
ChIJAWggAsX39T4Ru6TQSSwpb7s,Shahad beauty salon,Al Rawda 3 - Ajman - United Arab Emirates,25.397316,55.5038687,3.9,70,OPERATIONAL,beauty_salon,moderate,1,100,False,,,2026-10-09
ChIJRTYMoov39T4RYfX-BjBZ0ac,صالون اليدايل للسيدات/ Saloon Al yadayel,شارع دمشق - Al Rawda 3 - Ajman - United Arab Emirates,25.3928597,55.499894399999995,4.3,111,OPERATIONAL,beauty_salon,moderate,1,400,False,,,2026-10-09
ChIJz7ujP4v39T4Rhn6dsxA6MTE,Al Lulua Al Sawda Beauty Saloon,Al Salam St - Al Rawda 3 - Ajman - United Arab Emirates,25.386224,55.4956226,4.4,39,OPERATIONAL,beauty_salon,,,,False,,,2026-10-09
ChIJCe6hM0z39T4RqZVswPL1wpY,Mowaihat Saloon,197 Munah St - Ajman Industrial 1 - Ajman - United Arab Emirates,25.3882791,55.4946403,4.8,5,OPERATIONAL,barber_shop,,,,False,,men-only,2026-10-09
ChIJkQSW5IxZXz4RFLHiTT3q9O4,Banat al habeeba saloon,Al Rashidiya 2 - Ajman - United Arab Emirates,25.3966924,55.451090199999996,4.8,85,OPERATIONAL,beauty_salon,moderate,1,200,False,,,2026-10-09
ChIJdVZ55alZXz4RfuUPGLwiJu4,AL AKHWAH AL MUHTARIFUN,9FW2+V8C - Al Rashidiya 2 - Ajman - United Arab Emirates,25.397195999999997,55.4507651,5,4,OPERATIONAL,hair_salon,,,,False,,,2026-10-09
ChIJjQeGbHFZXz4RS-TkjEZdVnQ,Sahar sayed henna and beauty center,Sheikh Rashid Bin Saeed Al Maktoum St - Al Rashidiya 1 - Ajman - United Arab Emirates,25.3988408,55.4515008,4.4,43,OPERATIONAL,beauty_salon,moderate,1,200,False,,,2026-10-09
ChIJt0BsyWhZXz4R_P_sbFzWuRU,Jithas Beauty Center Ajman,"Orient Tower - Shop No 4, A1 Block - ليوارة 2 - Ajman - United Arab Emirates",25.404736399999997,55.4517342,4.7,72,OPERATIONAL,beauty_salon,moderate,100,300,False,,,2026-10-09
ChIJPxximpBzhC0R3or17RmeePk,SOLO,AL JURF - 2 شارع الحسن البصري - Al Jerf 2 - Ajman - United Arab Emirates,25.406365899999997,55.4841324,4.8,1488,OPERATIONAL,beauty_salon,very_expensive,100,600,False,,,2026-10-09
ChIJ49iZf-j39T4Ry4EpI9uazlY,Superstar Gents Salon,Al Jerf 2 - Ajman - United Arab Emirates,25.403541,55.497136,4.7,845,OPERATIONAL,barber_shop,moderate,20,120,False,,men-only,2026-10-09
ChIJAet_lFRXXz4RReAJbaM8_Jc,Hair And Nail Beauty Salon,Al Ittihad St - Al Jerf 2 - Ajman - United Arab Emirates,25.4130002,55.4849746,4.7,2775,OPERATIONAL,beauty_salon,expensive,100,500,False,,,2026-10-09
ChIJeRN84GH39T4RtMUvpJ4_iwk,مركز الأميرة للتجميل والرشاقة,162 شارع الشيخ راشد بن عبد العزيز - Al Jerf 2 - Ajman - United Arab Emirates,25.405611900000004,55.494000199999995,4.1,444,OPERATIONAL,beauty_salon,moderate,100,300,False,,,2026-10-09
ChIJzcgAmabQh24REhVY-iYCuI0,Rare Beauty Lounge,Al Ittihad St - Safia - Ajman - United Arab Emirates,25.4180198,55.4874097,4.7,409,OPERATIONAL,beauty_salon,expensive,100,500,False,,,2026-10-09
ChIJSYh6HVX59T4RDE0VlE1HdnM,Empty Beauty,Sh Rashid Bin Abdulaziz St - Al Jerf 2 - Ajman - United Arab Emirates,25.402803,55.4955496,4.4,208,OPERATIONAL,beauty_salon,moderate,100,300,False,,,2026-10-09
ChIJwSEyLuH39T4R7qfTAiwRqxo,Royal Ruby Salon - Al Jarf Ajman,Ajman - Al Jerf 2 - Ajman - United Arab Emirates,25.4038443,55.4965171,3.8,209,OPERATIONAL,beauty_salon,moderate,1,100,False,,,2026-10-09
ChIJL-iPGABZXz4R6OqqfW4gthE,Kaschieca Parlor Ladies Beauty Center,9FWF+P7 - Meshairef - Ajman - United Arab Emirates,25.3969365,55.473120599999994,4.7,134,OPERATIONAL,beauty_salon,moderate,100,300,False,,,2026-10-09
ChIJp3LDugxXXz4RXggNdqmleQ8,Lily spa for beauty and fitness llc,Villa #4 - Al Jurf 2 Askan Holding - 35th St - Al Jerf 2 - Ajman - United Arab Emirates,25.4083243,55.4909174,4.6,115,OPERATIONAL,beauty_salon,,,,False,,,2026-10-09
ChIJLT8BhnZZXz4R12Ig81DTM54,Anti Ajmal Beauty Saloon صالون أنتي اجمل,al jurf 2 Alshahba Building A Shop No 5 - الجرف 2 - عجمان - United Arab Emirates,25.3992678,55.485521399999996,4.5,128,OPERATIONAL,beauty_salon,moderate,100,400,False,,,2026-10-09
ChIJa32N9BRYXz4RiVJ4tpp8Sa0,Antaliya Salon Musherif صالون انطاليا مشيرف,9FWF+P8W - Meshairef - Ajman - United Arab Emirates,25.3968144,55.473470299999995,4.3,259,OPERATIONAL,hair_salon,moderate,1,100,False,,,2026-10-09
ChIJV3GaHwBZXz4R8UypONMy3oY,Blooming beauty lounge ( Al Safia ),Al Ittihad Street - Al Safia St - الصفيا - عجمان - United Arab Emirates,25.4180142,55.4874052,4.6,85,OPERATIONAL,beauty_salon,moderate,100,200,False,,,2026-10-09
ChIJRVh9rwFZXz4RtZYO2SOYym4,Kbscas,Unnamed Road - الجرف 2 - عجمان - United Arab Emirates,25.3963477,55.488461199999996,4.4,77,OPERATIONAL,beauty_salon,,,,False,,,2026-10-09
ChIJ7Ru9OKhZXz4R_2ZlVuOUK5Q,Henaa Al Ahmar Saloon ajman,Safia - Ajman - United Arab Emirates,25.4097823,55.4761519,4.4,87,OPERATIONAL,beauty_salon,,,,False,,,2026-10-09
ChIJvZsbsPBZXz4RF0zr2wUmZwk,Rose Gold Beauty Center / صالون روز جولد للتجميل,73 شارع الحسن البصري - Al Jerf 2 - Ajman - United Arab Emirates,25.4127183,55.488318299999996,4.7,134,OPERATIONAL,beauty_salon,,,,False,,,2026-10-09
ChIJka39-Y5ZXz4ReNFxwZDGgEQ,Meraki M O Saloon صالون ميراكي ام او,Mushairef Souq - Shop number 15 - near to Hashem Supermarket and Lavish for perfumes - Safia - Ajman - United Arab Emirates,25.4112549,55.4758698,4.7,146,OPERATIONAL,beauty_salon,moderate,100,300,False,,,2026-10-09
ChIJ7Vocftr39T4REpOVurs1msw,F&A beauty Center and SPA,Al Yasmin compound Villa number 19 - Al Jurf 2 Askan Holding - الجرف 2 - عجمان - United Arab Emirates,25.4008945,55.482015399999995,3.8,34,OPERATIONAL,beauty_salon,,,,False,,,2026-10-09
ChIJDSstAwP49T4R1zt48M5uB8Q,Creation beauty lounge / branch,136 St - Al Jerf 1 - Ajman - United Arab Emirates,25.4252438,55.500485700000006,4.3,320,OPERATIONAL,beauty_salon,expensive,1,600,False,,,2026-10-09
ChIJPWrE45j59T4ReGfuKnpkUSA,Rit Spa Center,CGG2+858 - Al Jerf 1 - Ajman - United Arab Emirates,25.425739999999998,55.500347399999995,4.7,35,OPERATIONAL,beauty_salon,,,,False,,,2026-10-09
ChIJd-pg93759T4RCWp3RzgGkzM,Amir Kashmiri saloon,"Fatma Alharmodi - Masjid, Jurf 1 - الجرف 1 - عجمان - United Arab Emirates",25.4249579,55.5019048,4.1,9,OPERATIONAL,barber_shop,,,,False,,men-only,2026-10-09
ChIJK-YtHgBXXz4RsAF8A7W3T68,مساج,Al Ittihad Street - CFCR+85W city center to - umm Gawan road - Al Zorah - Ajman - United Arab Emirates,25.4208572,55.490446999999996,5,1,OPERATIONAL,barber_shop,,,,False,,men-only,2026-10-09
ChIJIbCvHe359T4RPdyYvfzllkY,Miracle ladies saloon (Branch 3) Jurf,Al Ittihad St - Al Zorah - Ajman - United Arab Emirates,25.424839499999997,55.496693400000005,,,OPERATIONAL,beauty_salon,,,,False,,,2026-10-09
ChIJR7WbKJj59T4R-xHXvMAiK5A,Hair Avenue Salon,Al Ittihad St - Al Zorah - Ajman - United Arab Emirates,25.424839499999997,55.496693400000005,,,OPERATIONAL,hair_salon,,,,False,,,2026-10-09
ChIJMTOHD0xbXz4RAqvPF8yQn4U,Like beauty salon,8CV2+X6R - Bu Danig - Hay Al Qasimiah - Sharjah - United Arab Emirates,25.3449399,55.400499599999996,5,130,OPERATIONAL,beauty_salon,,,,False,,,2026-10-09
ChIJD6fZRjxbXz4R8PFdhqG5L80,Beauty HUB Ladies Salon Sharjah,"N - 2 1 St - behind Megamall, Al Dhahyah building - Shop - Bu Danig - Hay Al Qasimiah - Sharjah - United Arab Emirates",25.343728499999997,55.399345499999995,4.9,111,OPERATIONAL,beauty_salon,very_expensive,100,600,False,,,2026-10-09
ChIJyQXY3HxbXz4REx41PJ2W1vE,Simply Beauty Salon & Spa - Mega Mall,Weydan Bldg. Megamall - Area Sharjah - Bu Danig - Hay Al Qasimiah - Sharjah - United Arab Emirates,25.3447103,55.3993603,4.7,384,OPERATIONAL,beauty_salon,,,,False,,,2026-10-09
ChIJvzuwZABbXz4RuWO1kpE_4Ak,Magic Drop Beauty Salon,Magic Drop Ladies Salon - 3 Malik Bin Numaylah St - Bu Shaghara - Hay Al Qasimiah - Sharjah - United Arab Emirates,25.3413076,55.398185299999994,4.9,39,OPERATIONAL,beauty_salon,moderate,1,200,False,,,2026-10-09
ChIJzQF4bB1bXz4RpI6cRxHI5nI,Donna Beauty Saloon by Jean,Bu Danig - Hay Al Qasimiah - Sharjah - United Arab Emirates,25.345215099999997,55.4007783,4.7,63,OPERATIONAL,beauty_salon,moderate,1,300,False,,,2026-10-09
ChIJg_MknXgfJyoRy6tIRBNiArU,soft velvet beauty salon,Bu Tena - Sharjah - United Arab Emirates,25.374632,55.405194099999996,4.4,28,OPERATIONAL,beauty_salon,moderate,1,200,False,,,2026-10-09
ChIJJfoB5ihaXz4RAdIy49SXLhc,Shahinaz Ladies Salon,996X+XJ2 - Maysaloon - Sharjah - United Arab Emirates,25.3623964,55.3990225,4.1,10,OPERATIONAL,beauty_salon,,,,False,,,2026-10-09
ChIJoSgNIH9ZXz4REHdAnbBsVjk,Bareq Al Lulu ladies salon,Al Nasiriyah - Sharjah - United Arab Emirates,25.369124499999998,55.4048996,5,4,OPERATIONAL,beauty_salon,,,,False,,,2026-10-09
ChIJz85EZydaXz4RJQJhoMNq4ug,Zehour Miami Ladies Saloon,"Ubaid Khalifa,Al Haraan Building N0284, Shop # 4 - بوطينة - الشارقة - United Arab Emirates",25.369884499999998,55.4023583,4.4,135,OPERATIONAL,beauty_salon,,,,False,,,2026-10-09
ChIJPbM6zFZdXz4RDJBCVFKMByI,Silver queen ladies slaon,Bu Tena - Sharjah - United Arab Emirates,25.369759799999997,55.4038452,4.5,55,OPERATIONAL,beauty_salon,expensive,100,500,False,,,2026-10-09
ChIJx-6puWpbXz4Rad7ir9VgT1M,Al Noor Ladies Salon,Bu Shaghara - Hay Al Qasimiah - Sharjah - United Arab Emirates,25.3381193,55.3985713,4.9,32,OPERATIONAL,beauty_salon,expensive,1,600,False,,,2026-10-09
ChIJjaVz42JbXz4RNvhd3hueGfI,Nihayat Ladies Salon,Shop number 16 - Al Sharq St - Bu Tena - Sharjah - United Arab Emirates,25.3741691,55.4003121,4.7,30,OPERATIONAL,beauty_salon,,,,False,,,2026-10-09
ChIJGUjA8sBbXz4RcWn8quVYyCU,Silver wing corner ladies salon,Zayd bin AL khata street - Bu Danig - Hay Al Qasimiah - Sharjah - United Arab Emirates,25.3433834,55.401869899999994,4.9,98,OPERATIONAL,beauty_salon,moderate,1,400,False,,,2026-10-09
ChIJ2efh7wdbXz4RbEZZkTtThE4,Layali Aljamal Ladies Beauty Salon,Al Manakh - Hay Al Qasimiah - Sharjah - United Arab Emirates,25.351200499999997,55.3993615,4.5,21,OPERATIONAL,beauty_salon,,,,False,,,2026-10-09
ChIJyfV0haxbXz4RnCV6ZLuXNio,Najmat Al sharq ladies salon,32 51 St - near nesto supermarket - Al Naba'a - Al Nabba - Sharjah - United Arab Emirates,25.365231299999998,55.3994084,4.9,77,OPERATIONAL,beauty_salon,moderate,1,200,False,,,2026-10-09
ChIJqb9O_W5c2gMRvDz6nOkJR2w,Ain Al Maha Ladies Salon,9C75+P6H - Al Nasiriyah - Sharjah - United Arab Emirates,25.364313,55.408063,4.5,111,OPERATIONAL,beauty_salon,,,,False,,,2026-10-09
ChIJC7k9f5ldXz4RPk2vWFoF9fY,Styles and Smiles Beauty Centre Branch 1,SHOP NO. 3 Hani Towers 1 - SHOP NO.3 Hani Towers - opposite Quick Supermarket - حي النهدة - الشارقة - United Arab Emirates,25.308082199999998,55.378374099999995,4.6,144,OPERATIONAL,beauty_salon,,,,False,,,2026-10-09
ChIJr00kxEpdXz4Rgq-DRBauz2s,Manhattan Ladies Salon,"Shop No 3, N Building, Next to Sahara Center, Sharjah - Al Nahda St - Hay Al Nahda - Al Nahda - Sharjah - United Arab Emirates",25.298707,55.3771997,4.8,179,OPERATIONAL,beauty_salon,,,,False,,,2026-10-09
ChIJnf6qmkNbXz4R4pN69J94viw,Ameerat Qartaj صالون أميرة قرطاج للسيدات,New Rashid Building - 55 New Al Taawun Rd - Al Khan - Sharjah - United Arab Emirates,25.3115561,55.3767808,4.9,166,OPERATIONAL,beauty_salon,,,,False,,,2026-10-09
ChIJQ-Sg4_FbXz4R4pG4uZs6YSc,Spring Beauty,Salamah Bin Salamah St - Bu Shaghara - Hay Al Qasimiah - Sharjah - United Arab Emirates,25.333086800000004,55.395454099999995,4.7,137,OPERATIONAL,beauty_salon,,,,False,,,2026-10-09
ChIJ7RXPmtJeLYQRmizt9cos7O8,Beautiful Hands Ladies Salon,Shop No.3 - Al Nahda St - Hay Al Nahda - Al Qusais Industrial Area - Sharjah - United Arab Emirates,25.3025949,55.384275499999994,4.5,579,OPERATIONAL,beauty_salon,moderate,1,300,False,,,2026-10-09
ChIJq8kSmNNbXz4RL_LJTsHVDtg,Seven Sisters Beauty Center,Al Fardan Centre Sharjah - Corniche St - Al Majaz 3 - Al Majaz - Sharjah - United Arab Emirates,25.3240932,55.3819987,5,41,OPERATIONAL,beauty_salon,very_expensive,100,600,False,,,2026-10-09
ChIJF-RyVmFbXz4RHnGD6nKK3Jg,Beauty Experience Ladies Salon,"Al, Kaluti Building - Jamal Abdul Naser St - Al Majaz 2 - Al Majaz - Sharjah - United Arab Emirates",25.328570199999998,55.3926387,4.9,315,OPERATIONAL,beauty_salon,expensive,1,600,False,,,2026-10-09
ChIJH_Mr0G5bXz4R-tIcjT72Sh0,Cuts and Coiffure Beauty Salon,"Al, Tariq Tower - Block A29 Entifadah Rd - Al Majaz 2 - Al Majaz - Sharjah - United Arab Emirates",25.3237965,55.384051899999996,4.9,364,OPERATIONAL,beauty_salon,moderate,1,200,False,,,2026-10-09
ChIJNyzOPgBdXz4R4lh3gegv41E,AL SHEROUQ AND AL GOROOB SALON LLC SP,"back side of ansar Mall, sharjah Baker 3 building - 11th St - Hay Al Nahda - Al Nahda - Dubai - United Arab Emirates",25.3019405,55.3686234,4.9,178,OPERATIONAL,beauty_salon,moderate,1,200,False,,,2026-10-09
ChIJc3J4_cNbXz4RYoGh1sA6AwQ,Dhiya Al Shams Ladies Salon,Jamal Abdul Naser St - Al Majaz 2 - Al Majaz - Sharjah - United Arab Emirates,25.3203082,55.3866773,4.9,57,OPERATIONAL,beauty_salon,moderate,1,400,False,,,2026-10-09
ChIJYw23IFVdXz4R1YG0xaNXTQs,Najmat Al Nahar Ladies Salon,"Shop 1, Al Amir Tower - 62 Bukhara St - Hay Al Nahda - Sharjah - United Arab Emirates",25.3028989,55.381996300000004,4.7,75,OPERATIONAL,beauty_salon,,,,False,,,2026-10-09
ChIJF26oxi5bXz4Rk2Dh4DaAOTg,صالون اللمسة السحرية للسيدات,Al Khan - Sharjah - United Arab Emirates,25.3133175,55.3767126,4.5,65,OPERATIONAL,beauty_salon,,,,False,,,2026-10-09
ChIJOX2PeINbXz4RfLHFcmI1w1A,Shams Alkhaleej beauty Saloon,الجديد.. بناية ملك البحيرة للتأمين - خلف Al Taawun St - Al Khan - Sharjah - United Arab Emirates,25.312467899999998,55.37770390000001,4.5,38,OPERATIONAL,beauty_salon,,,,False,,,2026-10-09
ChIJl2FrU-FbXz4RfXnTc-r-4K4,ELEGANT GIRL LADIES SALON,897G+RH8 - Al Taawun St - near Pullman Sharjah Afamia Market Building - Al Khan - Sharjah - United Arab Emirates,25.314771999999998,55.376158399999994,4.7,40,OPERATIONAL,beauty_salon,,,,False,,,2026-10-09
ChIJSa9_qo1bXz4RTGi5MlQjSB4,Bint Al Fareej Ladies Salon,Sharjah - Al Khan - Sharjah - United Arab Emirates,25.314731199999997,55.3780648,4.8,232,OPERATIONAL,beauty_salon,,,,False,,,2026-10-09
ChIJVRNV1hFbXz4RT9kIMCioIDo,Maya Ladies Salon,89MG+862 - Al Majaz District - Al Majaz - Sharjah - United Arab Emirates,25.3332515,55.3755005,4.8,58,OPERATIONAL,beauty_salon,moderate,100,200,False,,,2026-10-09
ChIJ1YzEeO5bXz4Rkyz5LdzfJnQ,Bafan Ladies Salon,Jamal Abdul Naser St - Al Majaz 2 - Al Majaz - Sharjah - United Arab Emirates,25.321909299999998,55.3861534,4.9,191,OPERATIONAL,beauty_salon,,,,False,,,2026-10-09
ChIJuYYL8I9bXz4Rdb12ESVXano,Simply Beauty Salon & Spa - Al Taawun (Style Tower),Shop No. 7 - Style Tower - شارع التعاون - opp. Aryana Hotel - الخان - إمارة الشارقةّ - United Arab Emirates,25.318245599999997,55.3761513,4.6,163,OPERATIONAL,beauty_salon,,,,False,,,2026-10-09
ChIJE6hXn5RbXz4RSToY_lMOmh4,Simply Beauty Salon & Spa - Al Qasba,Al Noor Tower - behind Buhaira Police Station - Al Majaz District - Al Qasba - Sharjah - United Arab Emirates,25.3231018,55.3793417,4.5,281,OPERATIONAL,beauty_salon,moderate,1,300,False,,,2026-10-09
ChIJUwiwGnVbXz4ROzHB8Swit1Q,Etir Al Nada Beauty Salon,Sharjah Al Qasimia-Al Nad Al Ateeq 2 Tower - الند - حي القاسمية - الشارقة - United Arab Emirates,25.3430146,55.3918414,4.5,15,OPERATIONAL,beauty_salon,,,,False,,,2026-10-09
ChIJc2-xoI5bXz4R5vgEnulKudU,Naseem Alhayat Beauty Salon,Al Mahatta - Hay Al Qasimiah - Sharjah - United Arab Emirates,25.3473319,55.392955099999995,5,34,OPERATIONAL,beauty_salon,,,,False,,,2026-10-09
ChIJlbqjAQBbXz4RRhXI9jsm3SM,Blue sapphire beauty salon,Q 1 4-Raseen Sheraton staff building Al Hay Al Sharq Sharjah-Qulayaha -UAE 28 street Al Sharq Sharjah-Qulayaha - شرقان - ضاحية الحيرة - الشارقة - United Arab Emirates,25.3803381,55.4052959,4.8,10,OPERATIONAL,beauty_salon,,,,False,,,2026-10-09
ChIJdXPujc1dXz4Rj1x0SjK1IIg,Unique Star Beauty Salon,893M+485 - Al Nahda St - Hay Al Nahda - Sharjah - United Arab Emirates,25.3029922,55.383553199999994,4.6,84,OPERATIONAL,beauty_salon,,,,False,,,2026-10-09
ChIJJwUGVW1dXz4RlYf-uX5fLgk,AL AZWA LADIES BEAUTY SALON,"Damascus Road, Kassco Tower - Al Qusais Ind. Third - Al Qusais - دبي - United Arab Emirates",25.2957884,55.3957209,4.9,88,OPERATIONAL,beauty_salon,,,,False,,,2026-10-09
ChIJS9EuhtpbXz4RztygiCyvDg0,Simply Beauty Salon & Spa - Al Majaz,DAFCO Bldg - Jamal Abdul Naser St - near EMAX - Al Majaz 2 - Al Majaz - Sharjah - United Arab Emirates,25.3259007,55.3919328,4.7,130,OPERATIONAL,beauty_salon,,,,False,,,2026-10-09
ChIJp24GDDRbXz4RqJddGzPL0oI,Al Inekas Ladies Salon,AL MIDFA BLDG - Shop no 4 - Al Mahatta - Hay Al Qasimiah - Sharjah - United Arab Emirates,25.347151999999998,55.391424099999995,4.9,253,OPERATIONAL,beauty_salon,very_expensive,100,600,False,,,2026-10-09
ChIJNaNQfPVbXz4RlTYhj_9vSJk,INDIANA BEAUTY CENTER Ladies Salon,opp. Aster Clinic - Bu Shaghara - Hay Al Qasimiah - Sharjah - United Arab Emirates,25.3375682,55.3949703,4.8,142,OPERATIONAL,beauty_salon,,,,False,,,2026-10-09
ChIJx6lYvW1bXz4Rsnm0bar5T2E,Tariq Abushagara Ladies Salon,Near SHJ Co -operative - Bu Shaghara - Hay Al Qasimiah - Sharjah - United Arab Emirates,25.3323856,55.395238,4.5,116,OPERATIONAL,beauty_salon,,,,False,,,2026-10-09
ChIJDfzONxar_g8RuaapL3ooHwQ,Bliss Ladies Salon Mussalla Sharjah,Muhrez Bin Amer St - near Grand Mall - Al Mussalla - Hay Al Gharb - Sharjah - United Arab Emirates,25.3546433,55.3957665,4.9,65,OPERATIONAL,beauty_salon,expensive,1,500,False,,,2026-10-09
ChIJPVtgot5bXz4RYhWAEkEaEYc,Wahat Liwa Ladies Salon,89PX+M4R - 21 39th St - Bu Shaghara - Hay Al Qasimiah - Sharjah - United Arab Emirates,25.336786099999998,55.3977806,4.8,247,OPERATIONAL,beauty_salon,,,,False,,,2026-10-09
ChIJt1djftBbXz4RGz-b6H-RHN8,"Chitra Singh ladies salon ( Branch 1, Sharjah)",Abdul Kareem Rasasi Building - Shop No 1 - behind King Abdul Aziz Street - Bu Shaghara - Hay Al Qasimiah - Sharjah - United Arab Emirates,25.3402612,55.3962764,4.4,177,OPERATIONAL,beauty_salon,expensive,100,500,False,,,2026-10-09
ChIJCdmCsDpaXz4RHJFx8WCWvc8,Al Lulu Al Azraq Beauty Center,Al Sharq St - Al Majarra - Al Nabba - Sharjah - United Arab Emirates,25.3628987,55.391147399999994,4.7,336,OPERATIONAL,beauty_salon,moderate,1,200,False,,,2026-10-09
ChIJubGQyZZbXz4RzX5FFKAmhHw,Jabal Al Safa Ladies Salon,3 Al Khan St - Al Majaz District - Al Majaz - Sharjah - United Arab Emirates,25.333444,55.3723329,4.7,32,OPERATIONAL,beauty_salon,,,,False,,,2026-10-09
ChIJVWixxsVbXz4RPtbf6zHzEAQ,Ahlan Ladies Salon,Al Shehab Bldg (Talal Market - G Floor - King Faisal St - behind Lulu Hypermarket - Al Majaz 1 - Al Majaz - Sharjah - United Arab Emirates,25.338976,55.3874247,4.2,254,OPERATIONAL,beauty_salon,,,,False,,,2026-10-09
